Ticker,Event_Session,Accession,Abnormal_Event_Return_1D,Test_Year,Model,y_true,y_pred,y_prob
TSLA,2023-01-03,0001564590-23-000002,-0.1156626029715772,2023,CAT A - COMPACT MARKET,0,1,0.6065173812588319
AMZN,2023-01-04,0001193125-23-000849,-0.0126874047892023,2023,CAT A - COMPACT MARKET,0,0,0.3479135914894926
AMZN,2023-01-09,0001193125-23-003621,0.0083966123432253,2023,CAT A - COMPACT MARKET,1,0,0.33874290164483845
NFLX,2023-01-10,0001065280-23-000033,0.0307841637685732,2023,CAT A - COMPACT MARKET,1,0,0.4763460200787641
AMD,2023-01-12,0000002488-23-000003,0.0197908777240125,2023,CAT A - COMPACT MARKET,1,0,0.34084437317702587
MSFT,2023-01-18,0001193125-23-009934,-0.0058892943858197,2023,CAT A - COMPACT MARKET,0,0,0.4243676284790802
ADBE,2023-01-20,0001193125-23-010953,0.0130674405656026,2023,CAT A - COMPACT MARKET,1,1,0.5493385985398835
GOOGL,2023-01-20,0001193125-23-011424,0.0260450407183294,2023,CAT A - COMPACT MARKET,1,0,0.2634194940351413
NFLX,2023-01-20,0001065280-23-000034,0.0572489103058366,2023,CAT A - COMPACT MARKET,1,0,0.44582418508830185
GOOGL,2023-01-25,0001652044-23-000005,-0.0231642351820809,2023,CAT A - COMPACT MARKET,0,0,0.49634770752089563
MSFT,2023-01-25,0001193125-23-014230,-0.0036885384161526,2023,CAT A - COMPACT MARKET,0,0,0.4788894413109088
TSLA,2023-01-26,0001564590-23-000799,0.0901749716638331,2023,CAT A - COMPACT MARKET,1,0,0.39256136814707576
ADBE,2023-01-27,0000796343-23-000011,0.0034129275728016,2023,CAT A - COMPACT MARKET,1,0,0.2573694833270801
INTC,2023-01-27,0000050863-23-000005,-0.0740952725446291,2023,CAT A - COMPACT MARKET,0,0,0.3706952572477189
AMD,2023-02-01,0000002488-23-000007,0.1048972177127625,2023,CAT A - COMPACT MARKET,1,0,0.391140611599906
META,2023-02-02,0001326801-23-000008,0.1969340821892096,2023,CAT A - COMPACT MARKET,1,1,0.5229750719995818
META,2023-02-02,0001326801-23-000015,0.1969340821892096,2023,CAT A - COMPACT MARKET,1,1,0.5229750719995818
AAPL,2023-02-03,0000320193-23-000005,0.0421720294528882,2023,CAT A - COMPACT MARKET,1,0,0.4668982090174966
AMZN,2023-02-03,0001018724-23-000002,-0.0665428705929577,2023,CAT A - COMPACT MARKET,0,0,0.3787239288902444
GOOGL,2023-02-03,0001652044-23-000013,-0.0097015759028906,2023,CAT A - COMPACT MARKET,0,0,0.3857671888981126
QCOM,2023-02-03,0000804328-23-000005,0.0116624683230065,2023,CAT A - COMPACT MARKET,1,0,0.38176823508590646
INTC,2023-02-13,0001193125-23-032608,0.010962445107721,2023,CAT A - COMPACT MARKET,1,0,0.448882834175292
META,2023-02-14,0001326801-23-000019,-0.0071100853121055,2023,CAT A - COMPACT MARKET,0,0,0.4953769102286319
META,2023-02-16,0001326801-23-000023,-0.0078785764048915,2023,CAT A - COMPACT MARKET,0,1,0.5714929889193092
AMD,2023-02-22,0000002488-23-000040,-0.0028323607186724,2023,CAT A - COMPACT MARKET,0,1,0.5849457310780936
NVDA,2023-02-23,0001045810-23-000014,0.1314801638817893,2023,CAT A - COMPACT MARKET,1,0,0.4069111187245013
NFLX,2023-02-27,0001065280-23-000062,0.0113788143841266,2023,CAT A - COMPACT MARKET,1,0,0.48224444002516675
AVGO,2023-03-03,0001730168-23-000004,0.0363046420744643,2023,CAT A - COMPACT MARKET,1,0,0.465495430761182
NVDA,2023-03-09,0001045810-23-000039,-0.0134834368810579,2023,CAT A - COMPACT MARKET,0,0,0.46595567195679716
QCOM,2023-03-10,0000804328-23-000014,-0.0032739796234806,2023,CAT A - COMPACT MARKET,0,1,0.5299241128153812
AAPL,2023-03-13,0001140361-23-011192,0.0058497848101484,2023,CAT A - COMPACT MARKET,1,1,0.5537887502128989
META,2023-03-14,0001326801-23-000035,0.0495468949337063,2023,CAT A - COMPACT MARKET,1,0,0.3831745390080551
ADBE,2023-03-16,0000796343-23-000044,0.0326303491875359,2023,CAT A - COMPACT MARKET,1,1,0.5510062912164524
TSLA,2023-04-03,0001564590-23-005126,-0.0587382824851233,2023,CAT A - COMPACT MARKET,0,1,0.512085911362874
TSLA,2023-04-06,0001564590-23-005462,-0.0092216578915419,2023,CAT A - COMPACT MARKET,0,1,0.6294142717071158
AVGO,2023-04-10,0001730168-23-000052,0.0081945591011061,2023,CAT A - COMPACT MARKET,1,0,0.4802508721264406
META,2023-04-11,0001326801-23-000038,0.0022272286868032,2023,CAT A - COMPACT MARKET,1,1,0.5671688373807103
AMZN,2023-04-13,0001104659-23-044715,0.0271314504206705,2023,CAT A - COMPACT MARKET,1,0,0.4383290386238712
NFLX,2023-04-19,0001065280-23-000119,-0.0312345843673167,2023,CAT A - COMPACT MARKET,0,0,0.39280196337552353
TSLA,2023-04-20,0001564590-23-005959,-0.08983375261356,2023,CAT A - COMPACT MARKET,0,1,0.5793374576702547
GOOGL,2023-04-21,0001652044-23-000034,9.63314963853268e-05,2023,CAT A - COMPACT MARKET,1,1,0.5169175800575377
GOOGL,2023-04-24,0001193125-23-110657,0.0073969750384568,2023,CAT A - COMPACT MARKET,1,1,0.5910854868930866
ADBE,2023-04-25,0000796343-23-000084,-0.0016745500728818,2023,CAT A - COMPACT MARKET,0,1,0.660158300745092
GOOGL,2023-04-26,0001652044-23-000041,-0.0074129552430888,2023,CAT A - COMPACT MARKET,0,1,0.5099603128646737
MSFT,2023-04-26,0001193125-23-115280,0.0663699987899579,2023,CAT A - COMPACT MARKET,1,0,0.41162926694140684
META,2023-04-27,0001326801-23-000063,0.1120642725793501,2023,CAT A - COMPACT MARKET,1,0,0.4124544604086545
AMZN,2023-04-28,0001018724-23-000006,-0.0466911150938218,2023,CAT A - COMPACT MARKET,0,0,0.27619042566496355
INTC,2023-04-28,0000050863-23-000027,0.0332887485186346,2023,CAT A - COMPACT MARKET,1,0,0.2802492771723309
AMD,2023-05-03,0000002488-23-000074,-0.085659162288213,2023,CAT A - COMPACT MARKET,0,0,0.39594892938915754
META,2023-05-04,0001193125-23-134410,-0.0112784218944868,2023,CAT A - COMPACT MARKET,0,1,0.6767335033463461
QCOM,2023-05-04,0000804328-23-000022,-0.0518632055105057,2023,CAT A - COMPACT MARKET,0,0,0.49235524896201166
AAPL,2023-05-05,0000320193-23-000063,0.0256723276771388,2023,CAT A - COMPACT MARKET,1,1,0.5972811574536332
AAPL,2023-05-11,0001140361-23-023909,-0.0021653136587604,2023,CAT A - COMPACT MARKET,0,0,0.43165395644692295
INTC,2023-05-17,0000050863-23-000057,-0.0240824677252745,2023,CAT A - COMPACT MARKET,0,0,0.4571331006392116
AVGO,2023-05-23,0001730168-23-000054,0.024660942351777,2023,CAT A - COMPACT MARKET,1,1,0.6547756140138282
TSLA,2023-05-23,0001564590-23-007379,-0.0037370829792082,2023,CAT A - COMPACT MARKET,0,0,0.4310433120172824
AMD,2023-05-24,0001193125-23-151810,0.0065168573208831,2023,CAT A - COMPACT MARKET,1,1,0.5242129966267645
NVDA,2023-05-25,0001045810-23-000087,0.2193635503028916,2023,CAT A - COMPACT MARKET,1,1,0.5214352592769356
AMZN,2023-05-30,0001104659-23-065457,0.0083699568125639,2023,CAT A - COMPACT MARKET,1,0,0.3438606982398714
AVGO,2023-06-02,0001730168-23-000062,0.0204136700299908,2023,CAT A - COMPACT MARKET,1,1,0.7082774716342657
META,2023-06-02,0001326801-23-000083,-0.0074994779699797,2023,CAT A - COMPACT MARKET,0,0,0.3772618842527341
NFLX,2023-06-07,0001065280-23-000173,0.0181674905771941,2023,CAT A - COMPACT MARKET,1,1,0.5286429811901674
GOOGL,2023-06-09,0001193125-23-163590,-0.0030856693114207,2023,CAT A - COMPACT MARKET,0,1,0.603439002157618
ADBE,2023-06-16,0000796343-23-000133,0.0149912025111474,2023,CAT A - COMPACT MARKET,1,0,0.4190180590762979
NVDA,2023-06-28,0001045810-23-000146,-0.0200762783650921,2023,CAT A - COMPACT MARKET,0,0,0.40585845413839616
TSLA,2023-07-03,0000950170-23-031241,0.0665989378084803,2023,CAT A - COMPACT MARKET,1,0,0.41052662478503027
MSFT,2023-07-05,0001193125-23-181341,0.0005002136380145,2023,CAT A - COMPACT MARKET,1,0,0.41378122630355585
AMD,2023-07-11,0000002488-23-000123,-0.0248384473724802,2023,CAT A - COMPACT MARKET,0,0,0.4323177395334515
NFLX,2023-07-20,0001065280-23-000197,-0.0610580448617663,2023,CAT A - COMPACT MARKET,0,0,0.49978107207698586
TSLA,2023-07-20,0000950170-23-033544,-0.0743183759627788,2023,CAT A - COMPACT MARKET,0,1,0.712108220053388
TSLA,2023-07-21,0000950170-23-033695,-0.0079554487266981,2023,CAT A - COMPACT MARKET,0,0,0.40293908791971483
QCOM,2023-07-24,0000804328-23-000033,-0.0065684564186472,2023,CAT A - COMPACT MARKET,0,0,0.34650385969423053
NVDA,2023-07-25,0001045810-23-000164,0.0171394492326342,2023,CAT A - COMPACT MARKET,1,0,0.4638334646082342
GOOGL,2023-07-26,0001652044-23-000067,0.061096015137146,2023,CAT A - COMPACT MARKET,1,1,0.528603325214346
MSFT,2023-07-26,0000950170-23-034400,-0.034310995180814,2023,CAT A - COMPACT MARKET,0,0,0.4650215366431459
META,2023-07-27,0001326801-23-000089,0.0463939054796148,2023,CAT A - COMPACT MARKET,1,0,0.2925851576707228
INTC,2023-07-28,0000050863-23-000068,0.0477766020221386,2023,CAT A - COMPACT MARKET,1,0,0.3686950860708999
AMD,2023-08-02,0000002488-23-000135,-0.0482088825118669,2023,CAT A - COMPACT MARKET,0,0,0.38701303433285494
QCOM,2023-08-03,0000804328-23-000042,-0.0801642054340697,2023,CAT A - COMPACT MARKET,0,1,0.5103391988095909
AAPL,2023-08-04,0000320193-23-000075,-0.0433382558458399,2023,CAT A - COMPACT MARKET,0,1,0.5605536578329607
AMZN,2023-08-04,0001018724-23-000010,0.0873752416345134,2023,CAT A - COMPACT MARKET,1,0,0.37983824267745747
TSLA,2023-08-07,0000950170-23-038779,-0.0179603650497207,2023,CAT A - COMPACT MARKET,0,0,0.4180162565493364
INTC,2023-08-16,0000050863-23-000078,-0.0250740547547553,2023,CAT A - COMPACT MARKET,0,0,0.4382329444951407
AVGO,2023-08-17,0001140361-23-040084,0.0038521796142713,2023,CAT A - COMPACT MARKET,1,0,0.4944481373389006
NVDA,2023-08-24,0001045810-23-000171,0.0223732421715135,2023,CAT A - COMPACT MARKET,1,0,0.424898997416957
AVGO,2023-09-01,0001730168-23-000074,-0.0535203111534513,2023,CAT A - COMPACT MARKET,0,0,0.48062351811431236
NFLX,2023-09-11,0001065280-23-000236,-0.0060013129046143,2023,CAT A - COMPACT MARKET,0,0,0.30791985221757523
AMZN,2023-09-14,0001018724-23-000014,-0.0090747963121458,2023,CAT A - COMPACT MARKET,0,0,0.27935927168715224
ADBE,2023-09-15,0000796343-23-000198,-0.0250204595175781,2023,CAT A - COMPACT MARKET,0,0,0.4503931683984323
TSLA,2023-10-02,0000950170-23-050938,-0.0028302059470439,2023,CAT A - COMPACT MARKET,0,1,0.5300009544937722
INTC,2023-10-06,0000050863-23-000092,-0.0083966624973763,2023,CAT A - COMPACT MARKET,0,0,0.47097428502284894
MSFT,2023-10-12,0001193125-23-254151,-0.0003152475164538,2023,CAT A - COMPACT MARKET,0,0,0.29919761714193904
MSFT,2023-10-13,0001193125-23-255762,0.0022123145096651,2023,CAT A - COMPACT MARKET,1,0,0.37806810761750803
MSFT,2023-10-17,0001104659-23-109428,0.0015315253507084,2023,CAT A - COMPACT MARKET,1,0,0.3335314199928205
NVDA,2023-10-18,0001045810-23-000217,-0.0265289918074216,2023,CAT A - COMPACT MARKET,0,0,0.36498279478356266
AVGO,2023-10-19,0001140361-23-048712,-0.0122885249909284,2023,CAT A - COMPACT MARKET,0,0,0.3158772084302786
NFLX,2023-10-19,0001065280-23-000272,0.1699043433400879,2023,CAT A - COMPACT MARKET,1,0,0.36835639562641803
TSLA,2023-10-19,0001628280-23-034588,-0.0836463982176319,2023,CAT A - COMPACT MARKET,0,1,0.5081144866408283
NVDA,2023-10-24,0001045810-23-000221,0.006281248925126,2023,CAT A - COMPACT MARKET,1,0,0.28797289186308855
GOOGL,2023-10-25,0001652044-23-000088,-0.070618261885621,2023,CAT A - COMPACT MARKET,0,1,0.5099276633832502
MSFT,2023-10-25,0000950170-23-054848,0.055153730341209,2023,CAT A - COMPACT MARKET,1,0,0.4107270618478235
META,2023-10-26,0001326801-23-000100,-0.0182578560401341,2023,CAT A - COMPACT MARKET,0,0,0.40442884072055735
ADBE,2023-10-27,0000796343-23-000226,-0.0167792996541474,2023,CAT A - COMPACT MARKET,0,0,0.3730504977066721
AMZN,2023-10-27,0001018724-23-000016,0.0635268378150237,2023,CAT A - COMPACT MARKET,1,0,0.34381586166708134
INTC,2023-10-27,0000050863-23-000100,0.0880648094491469,2023,CAT A - COMPACT MARKET,1,0,0.30739995861807523
MSFT,2023-10-30,0001193125-23-265616,0.0114751896937888,2023,CAT A - COMPACT MARKET,1,0,0.4236449373469306
AVGO,2023-10-31,0001140361-23-050217,-0.0046394395064106,2023,CAT A - COMPACT MARKET,0,0,0.4780562967386222
INTC,2023-10-31,0000050863-23-000109,0.0179130431748688,2023,CAT A - COMPACT MARKET,1,0,0.47804568078064497
AMD,2023-11-01,0000002488-23-000192,0.0794959817223699,2023,CAT A - COMPACT MARKET,1,0,0.3128898331683274
AMZN,2023-11-02,0001104659-23-113444,-0.0103428661391129,2023,CAT A - COMPACT MARKET,0,0,0.4331188144393817
QCOM,2023-11-02,0000804328-23-000054,0.0401928938023197,2023,CAT A - COMPACT MARKET,1,0,0.3689592836056339
AAPL,2023-11-03,0000320193-23-000104,-0.0169300922444676,2023,CAT A - COMPACT MARKET,0,0,0.48963058280289207
MSFT,2023-11-07,0001193125-23-271376,0.0017668223933562,2023,CAT A - COMPACT MARKET,1,0,0.4132767412588861
AVGO,2023-11-22,0001140361-23-054354,-0.0134692814063422,2023,CAT A - COMPACT MARKET,0,0,0.46983363814485485
NVDA,2023-11-22,0001045810-23-000225,-0.0286805579623652,2023,CAT A - COMPACT MARKET,0,0,0.4457815602659511
INTC,2023-12-06,0000050863-23-000128,-0.0097217310167144,2023,CAT A - COMPACT MARKET,0,0,0.4716212622036048
AVGO,2023-12-08,0001730168-23-000093,0.0194411386338015,2023,CAT A - COMPACT MARKET,1,0,0.44262915565866195
MSFT,2023-12-11,0001193125-23-291720,-0.0163716652239583,2023,CAT A - COMPACT MARKET,0,0,0.45390563575674464
NFLX,2023-12-11,0001065280-23-000334,0.004967198493097,2023,CAT A - COMPACT MARKET,1,0,0.41365645274910945
ADBE,2023-12-14,0000796343-23-000252,-0.0626003414615968,2023,CAT A - COMPACT MARKET,0,0,0.4710292114918136
ADBE,2023-12-18,0000796343-23-000254,0.0184159094865186,2023,CAT A - COMPACT MARKET,1,0,0.4266476429545728
TSLA,2023-01-03,0001564590-23-000002,-0.1156626029715772,2023,CAT B - COMPACT + SEC,0,1,0.5721357122422117
AMZN,2023-01-04,0001193125-23-000849,-0.0126874047892023,2023,CAT B - COMPACT + SEC,0,0,0.35283983119304835
AMZN,2023-01-09,0001193125-23-003621,0.0083966123432253,2023,CAT B - COMPACT + SEC,1,0,0.37319635994354816
NFLX,2023-01-10,0001065280-23-000033,0.0307841637685732,2023,CAT B - COMPACT + SEC,1,0,0.4599316667812603
AMD,2023-01-12,0000002488-23-000003,0.0197908777240125,2023,CAT B - COMPACT + SEC,1,0,0.3631053008940338
MSFT,2023-01-18,0001193125-23-009934,-0.0058892943858197,2023,CAT B - COMPACT + SEC,0,0,0.47785386233613897
ADBE,2023-01-20,0001193125-23-010953,0.0130674405656026,2023,CAT B - COMPACT + SEC,1,1,0.5382442427331855
GOOGL,2023-01-20,0001193125-23-011424,0.0260450407183294,2023,CAT B - COMPACT + SEC,1,0,0.30753391404649116
NFLX,2023-01-20,0001065280-23-000034,0.0572489103058366,2023,CAT B - COMPACT + SEC,1,0,0.4457968875469538
GOOGL,2023-01-25,0001652044-23-000005,-0.0231642351820809,2023,CAT B - COMPACT + SEC,0,0,0.42660919551598825
MSFT,2023-01-25,0001193125-23-014230,-0.0036885384161526,2023,CAT B - COMPACT + SEC,0,0,0.40406303783055736
TSLA,2023-01-26,0001564590-23-000799,0.0901749716638331,2023,CAT B - COMPACT + SEC,1,0,0.4615386107327493
ADBE,2023-01-27,0000796343-23-000011,0.0034129275728016,2023,CAT B - COMPACT + SEC,1,0,0.2443339112313302
INTC,2023-01-27,0000050863-23-000005,-0.0740952725446291,2023,CAT B - COMPACT + SEC,0,0,0.39248740535752946
AMD,2023-02-01,0000002488-23-000007,0.1048972177127625,2023,CAT B - COMPACT + SEC,1,0,0.3705982246885914
META,2023-02-02,0001326801-23-000008,0.1969340821892096,2023,CAT B - COMPACT + SEC,1,0,0.48093915001730847
META,2023-02-02,0001326801-23-000015,0.1969340821892096,2023,CAT B - COMPACT + SEC,1,0,0.4599845182840988
AAPL,2023-02-03,0000320193-23-000005,0.0421720294528882,2023,CAT B - COMPACT + SEC,1,0,0.4341356125196051
AMZN,2023-02-03,0001018724-23-000002,-0.0665428705929577,2023,CAT B - COMPACT + SEC,0,0,0.33887552404146937
GOOGL,2023-02-03,0001652044-23-000013,-0.0097015759028906,2023,CAT B - COMPACT + SEC,0,0,0.418452130392711
QCOM,2023-02-03,0000804328-23-000005,0.0116624683230065,2023,CAT B - COMPACT + SEC,1,0,0.46483899007244045
INTC,2023-02-13,0001193125-23-032608,0.010962445107721,2023,CAT B - COMPACT + SEC,1,0,0.3602209095439698
META,2023-02-14,0001326801-23-000019,-0.0071100853121055,2023,CAT B - COMPACT + SEC,0,0,0.4989068440837975
META,2023-02-16,0001326801-23-000023,-0.0078785764048915,2023,CAT B - COMPACT + SEC,0,1,0.603562163379261
AMD,2023-02-22,0000002488-23-000040,-0.0028323607186724,2023,CAT B - COMPACT + SEC,0,1,0.5243591478303735
NVDA,2023-02-23,0001045810-23-000014,0.1314801638817893,2023,CAT B - COMPACT + SEC,1,0,0.38788366469804086
NFLX,2023-02-27,0001065280-23-000062,0.0113788143841266,2023,CAT B - COMPACT + SEC,1,1,0.5122231539517936
AVGO,2023-03-03,0001730168-23-000004,0.0363046420744643,2023,CAT B - COMPACT + SEC,1,0,0.47549406804722627
NVDA,2023-03-09,0001045810-23-000039,-0.0134834368810579,2023,CAT B - COMPACT + SEC,0,1,0.5000165626861041
QCOM,2023-03-10,0000804328-23-000014,-0.0032739796234806,2023,CAT B - COMPACT + SEC,0,1,0.530173693290022
AAPL,2023-03-13,0001140361-23-011192,0.0058497848101484,2023,CAT B - COMPACT + SEC,1,1,0.5723012998891731
META,2023-03-14,0001326801-23-000035,0.0495468949337063,2023,CAT B - COMPACT + SEC,1,0,0.46326387073642417
ADBE,2023-03-16,0000796343-23-000044,0.0326303491875359,2023,CAT B - COMPACT + SEC,1,1,0.5480699609037685
TSLA,2023-04-03,0001564590-23-005126,-0.0587382824851233,2023,CAT B - COMPACT + SEC,0,0,0.4994279334907229
TSLA,2023-04-06,0001564590-23-005462,-0.0092216578915419,2023,CAT B - COMPACT + SEC,0,1,0.6522219593081998
AVGO,2023-04-10,0001730168-23-000052,0.0081945591011061,2023,CAT B - COMPACT + SEC,1,0,0.4369468360177997
META,2023-04-11,0001326801-23-000038,0.0022272286868032,2023,CAT B - COMPACT + SEC,1,1,0.5618171193427777
AMZN,2023-04-13,0001104659-23-044715,0.0271314504206705,2023,CAT B - COMPACT + SEC,1,0,0.47428901670417406
NFLX,2023-04-19,0001065280-23-000119,-0.0312345843673167,2023,CAT B - COMPACT + SEC,0,0,0.43245177781753635
TSLA,2023-04-20,0001564590-23-005959,-0.08983375261356,2023,CAT B - COMPACT + SEC,0,1,0.5720889620666023
GOOGL,2023-04-21,0001652044-23-000034,9.63314963853268e-05,2023,CAT B - COMPACT + SEC,1,1,0.5114232591759832
GOOGL,2023-04-24,0001193125-23-110657,0.0073969750384568,2023,CAT B - COMPACT + SEC,1,1,0.5221695074379692
ADBE,2023-04-25,0000796343-23-000084,-0.0016745500728818,2023,CAT B - COMPACT + SEC,0,1,0.5354757089547088
GOOGL,2023-04-26,0001652044-23-000041,-0.0074129552430888,2023,CAT B - COMPACT + SEC,0,0,0.4946706268452587
MSFT,2023-04-26,0001193125-23-115280,0.0663699987899579,2023,CAT B - COMPACT + SEC,1,0,0.4281128046456255
META,2023-04-27,0001326801-23-000063,0.1120642725793501,2023,CAT B - COMPACT + SEC,1,0,0.4640202901448788
AMZN,2023-04-28,0001018724-23-000006,-0.0466911150938218,2023,CAT B - COMPACT + SEC,0,0,0.3072437026837427
INTC,2023-04-28,0000050863-23-000027,0.0332887485186346,2023,CAT B - COMPACT + SEC,1,0,0.31861647108832963
AMD,2023-05-03,0000002488-23-000074,-0.085659162288213,2023,CAT B - COMPACT + SEC,0,0,0.426531138157088
META,2023-05-04,0001193125-23-134410,-0.0112784218944868,2023,CAT B - COMPACT + SEC,0,1,0.6837238288658322
QCOM,2023-05-04,0000804328-23-000022,-0.0518632055105057,2023,CAT B - COMPACT + SEC,0,0,0.48115238414226635
AAPL,2023-05-05,0000320193-23-000063,0.0256723276771388,2023,CAT B - COMPACT + SEC,1,1,0.5659003081945311
AAPL,2023-05-11,0001140361-23-023909,-0.0021653136587604,2023,CAT B - COMPACT + SEC,0,0,0.40124315691466705
INTC,2023-05-17,0000050863-23-000057,-0.0240824677252745,2023,CAT B - COMPACT + SEC,0,0,0.42842393076370106
AVGO,2023-05-23,0001730168-23-000054,0.024660942351777,2023,CAT B - COMPACT + SEC,1,1,0.630652011660075
TSLA,2023-05-23,0001564590-23-007379,-0.0037370829792082,2023,CAT B - COMPACT + SEC,0,0,0.4293107917347693
AMD,2023-05-24,0001193125-23-151810,0.0065168573208831,2023,CAT B - COMPACT + SEC,1,0,0.474787665330768
NVDA,2023-05-25,0001045810-23-000087,0.2193635503028916,2023,CAT B - COMPACT + SEC,1,1,0.5626672139859311
AMZN,2023-05-30,0001104659-23-065457,0.0083699568125639,2023,CAT B - COMPACT + SEC,1,0,0.263409100238898
AVGO,2023-06-02,0001730168-23-000062,0.0204136700299908,2023,CAT B - COMPACT + SEC,1,1,0.765665053171675
META,2023-06-02,0001326801-23-000083,-0.0074994779699797,2023,CAT B - COMPACT + SEC,0,0,0.3506064559890009
NFLX,2023-06-07,0001065280-23-000173,0.0181674905771941,2023,CAT B - COMPACT + SEC,1,1,0.5359082684358777
GOOGL,2023-06-09,0001193125-23-163590,-0.0030856693114207,2023,CAT B - COMPACT + SEC,0,1,0.5771236554166115
ADBE,2023-06-16,0000796343-23-000133,0.0149912025111474,2023,CAT B - COMPACT + SEC,1,0,0.38039048664235603
NVDA,2023-06-28,0001045810-23-000146,-0.0200762783650921,2023,CAT B - COMPACT + SEC,0,0,0.362112812843212
TSLA,2023-07-03,0000950170-23-031241,0.0665989378084803,2023,CAT B - COMPACT + SEC,1,0,0.48503217858680775
MSFT,2023-07-05,0001193125-23-181341,0.0005002136380145,2023,CAT B - COMPACT + SEC,1,1,0.5117406806061078
AMD,2023-07-11,0000002488-23-000123,-0.0248384473724802,2023,CAT B - COMPACT + SEC,0,0,0.4111002738309333
NFLX,2023-07-20,0001065280-23-000197,-0.0610580448617663,2023,CAT B - COMPACT + SEC,0,0,0.4988611612883399
TSLA,2023-07-20,0000950170-23-033544,-0.0743183759627788,2023,CAT B - COMPACT + SEC,0,1,0.7611664776425935
TSLA,2023-07-21,0000950170-23-033695,-0.0079554487266981,2023,CAT B - COMPACT + SEC,0,0,0.46336891501222693
QCOM,2023-07-24,0000804328-23-000033,-0.0065684564186472,2023,CAT B - COMPACT + SEC,0,0,0.4154697665428992
NVDA,2023-07-25,0001045810-23-000164,0.0171394492326342,2023,CAT B - COMPACT + SEC,1,0,0.4804406080491175
GOOGL,2023-07-26,0001652044-23-000067,0.061096015137146,2023,CAT B - COMPACT + SEC,1,1,0.5122354513388921
MSFT,2023-07-26,0000950170-23-034400,-0.034310995180814,2023,CAT B - COMPACT + SEC,0,1,0.5299176446623584
META,2023-07-27,0001326801-23-000089,0.0463939054796148,2023,CAT B - COMPACT + SEC,1,0,0.29287169328698864
INTC,2023-07-28,0000050863-23-000068,0.0477766020221386,2023,CAT B - COMPACT + SEC,1,0,0.3927436310599284
AMD,2023-08-02,0000002488-23-000135,-0.0482088825118669,2023,CAT B - COMPACT + SEC,0,0,0.39828310899888775
QCOM,2023-08-03,0000804328-23-000042,-0.0801642054340697,2023,CAT B - COMPACT + SEC,0,0,0.4520761179272636
AAPL,2023-08-04,0000320193-23-000075,-0.0433382558458399,2023,CAT B - COMPACT + SEC,0,1,0.5742096385141436
AMZN,2023-08-04,0001018724-23-000010,0.0873752416345134,2023,CAT B - COMPACT + SEC,1,0,0.45115627513813955
TSLA,2023-08-07,0000950170-23-038779,-0.0179603650497207,2023,CAT B - COMPACT + SEC,0,0,0.37047341233609055
INTC,2023-08-16,0000050863-23-000078,-0.0250740547547553,2023,CAT B - COMPACT + SEC,0,0,0.4371916144484855
AVGO,2023-08-17,0001140361-23-040084,0.0038521796142713,2023,CAT B - COMPACT + SEC,1,0,0.47445889821026527
NVDA,2023-08-24,0001045810-23-000171,0.0223732421715135,2023,CAT B - COMPACT + SEC,1,0,0.4561540057662512
AVGO,2023-09-01,0001730168-23-000074,-0.0535203111534513,2023,CAT B - COMPACT + SEC,0,0,0.46705603123429995
NFLX,2023-09-11,0001065280-23-000236,-0.0060013129046143,2023,CAT B - COMPACT + SEC,0,0,0.30457981435066395
AMZN,2023-09-14,0001018724-23-000014,-0.0090747963121458,2023,CAT B - COMPACT + SEC,0,0,0.2552965019561887
ADBE,2023-09-15,0000796343-23-000198,-0.0250204595175781,2023,CAT B - COMPACT + SEC,0,1,0.5021726487268343
TSLA,2023-10-02,0000950170-23-050938,-0.0028302059470439,2023,CAT B - COMPACT + SEC,0,1,0.5464879792805204
INTC,2023-10-06,0000050863-23-000092,-0.0083966624973763,2023,CAT B - COMPACT + SEC,0,1,0.5303649665271106
MSFT,2023-10-12,0001193125-23-254151,-0.0003152475164538,2023,CAT B - COMPACT + SEC,0,0,0.3192473705287325
MSFT,2023-10-13,0001193125-23-255762,0.0022123145096651,2023,CAT B - COMPACT + SEC,1,0,0.39622623659483974
MSFT,2023-10-17,0001104659-23-109428,0.0015315253507084,2023,CAT B - COMPACT + SEC,1,0,0.3314395087978022
NVDA,2023-10-18,0001045810-23-000217,-0.0265289918074216,2023,CAT B - COMPACT + SEC,0,0,0.3775716203071959
AVGO,2023-10-19,0001140361-23-048712,-0.0122885249909284,2023,CAT B - COMPACT + SEC,0,0,0.2983304989050857
NFLX,2023-10-19,0001065280-23-000272,0.1699043433400879,2023,CAT B - COMPACT + SEC,1,0,0.3899691355940704
TSLA,2023-10-19,0001628280-23-034588,-0.0836463982176319,2023,CAT B - COMPACT + SEC,0,0,0.48591824981683956
NVDA,2023-10-24,0001045810-23-000221,0.006281248925126,2023,CAT B - COMPACT + SEC,1,0,0.34513403622777417
GOOGL,2023-10-25,0001652044-23-000088,-0.070618261885621,2023,CAT B - COMPACT + SEC,0,0,0.48132532420580276
MSFT,2023-10-25,0000950170-23-054848,0.055153730341209,2023,CAT B - COMPACT + SEC,1,0,0.4521102415166806
META,2023-10-26,0001326801-23-000100,-0.0182578560401341,2023,CAT B - COMPACT + SEC,0,0,0.4222251674181245
ADBE,2023-10-27,0000796343-23-000226,-0.0167792996541474,2023,CAT B - COMPACT + SEC,0,0,0.3633919683231076
AMZN,2023-10-27,0001018724-23-000016,0.0635268378150237,2023,CAT B - COMPACT + SEC,1,0,0.3364876185225862
INTC,2023-10-27,0000050863-23-000100,0.0880648094491469,2023,CAT B - COMPACT + SEC,1,0,0.3178101267314824
MSFT,2023-10-30,0001193125-23-265616,0.0114751896937888,2023,CAT B - COMPACT + SEC,1,0,0.46410053344384955
AVGO,2023-10-31,0001140361-23-050217,-0.0046394395064106,2023,CAT B - COMPACT + SEC,0,0,0.49351604340384414
INTC,2023-10-31,0000050863-23-000109,0.0179130431748688,2023,CAT B - COMPACT + SEC,1,1,0.5172423320860511
AMD,2023-11-01,0000002488-23-000192,0.0794959817223699,2023,CAT B - COMPACT + SEC,1,0,0.3533653363279613
AMZN,2023-11-02,0001104659-23-113444,-0.0103428661391129,2023,CAT B - COMPACT + SEC,0,0,0.4248230662243835
QCOM,2023-11-02,0000804328-23-000054,0.0401928938023197,2023,CAT B - COMPACT + SEC,1,0,0.42764453790677703
AAPL,2023-11-03,0000320193-23-000104,-0.0169300922444676,2023,CAT B - COMPACT + SEC,0,0,0.48555937177239755
MSFT,2023-11-07,0001193125-23-271376,0.0017668223933562,2023,CAT B - COMPACT + SEC,1,1,0.5023067152214662
AVGO,2023-11-22,0001140361-23-054354,-0.0134692814063422,2023,CAT B - COMPACT + SEC,0,0,0.4604735566233724
NVDA,2023-11-22,0001045810-23-000225,-0.0286805579623652,2023,CAT B - COMPACT + SEC,0,0,0.3795625626819849
INTC,2023-12-06,0000050863-23-000128,-0.0097217310167144,2023,CAT B - COMPACT + SEC,0,1,0.5700692439889865
AVGO,2023-12-08,0001730168-23-000093,0.0194411386338015,2023,CAT B - COMPACT + SEC,1,0,0.47625692672858405
MSFT,2023-12-11,0001193125-23-291720,-0.0163716652239583,2023,CAT B - COMPACT + SEC,0,0,0.3803024968150106
NFLX,2023-12-11,0001065280-23-000334,0.004967198493097,2023,CAT B - COMPACT + SEC,1,0,0.3676570763494531
ADBE,2023-12-14,0000796343-23-000252,-0.0626003414615968,2023,CAT B - COMPACT + SEC,0,0,0.49647773590350813
ADBE,2023-12-18,0000796343-23-000254,0.0184159094865186,2023,CAT B - COMPACT + SEC,1,0,0.4775132650134966
TSLA,2023-01-03,0001564590-23-000002,-0.1156626029715772,2023,CAT C - COMPACT + SEC + FINBERT,0,1,0.5243816259409078
AMZN,2023-01-04,0001193125-23-000849,-0.0126874047892023,2023,CAT C - COMPACT + SEC + FINBERT,0,0,0.3958063581822644
AMZN,2023-01-09,0001193125-23-003621,0.0083966123432253,2023,CAT C - COMPACT + SEC + FINBERT,1,0,0.3943840980027532
NFLX,2023-01-10,0001065280-23-000033,0.0307841637685732,2023,CAT C - COMPACT + SEC + FINBERT,1,0,0.45671867206469324
AMD,2023-01-12,0000002488-23-000003,0.0197908777240125,2023,CAT C - COMPACT + SEC + FINBERT,1,0,0.3625034485067148
MSFT,2023-01-18,0001193125-23-009934,-0.0058892943858197,2023,CAT C - COMPACT + SEC + FINBERT,0,0,0.44081984734524193
ADBE,2023-01-20,0001193125-23-010953,0.0130674405656026,2023,CAT C - COMPACT + SEC + FINBERT,1,1,0.5932322459729128
GOOGL,2023-01-20,0001193125-23-011424,0.0260450407183294,2023,CAT C - COMPACT + SEC + FINBERT,1,0,0.32416542556831046
NFLX,2023-01-20,0001065280-23-000034,0.0572489103058366,2023,CAT C - COMPACT + SEC + FINBERT,1,1,0.5132081258100145
GOOGL,2023-01-25,0001652044-23-000005,-0.0231642351820809,2023,CAT C - COMPACT + SEC + FINBERT,0,0,0.44518306811929353
MSFT,2023-01-25,0001193125-23-014230,-0.0036885384161526,2023,CAT C - COMPACT + SEC + FINBERT,0,0,0.4444685530101545
TSLA,2023-01-26,0001564590-23-000799,0.0901749716638331,2023,CAT C - COMPACT + SEC + FINBERT,1,0,0.4029132143409166
ADBE,2023-01-27,0000796343-23-000011,0.0034129275728016,2023,CAT C - COMPACT + SEC + FINBERT,1,0,0.2629571540847184
INTC,2023-01-27,0000050863-23-000005,-0.0740952725446291,2023,CAT C - COMPACT + SEC + FINBERT,0,0,0.36475173451854725
AMD,2023-02-01,0000002488-23-000007,0.1048972177127625,2023,CAT C - COMPACT + SEC + FINBERT,1,0,0.3645291613676224
META,2023-02-02,0001326801-23-000008,0.1969340821892096,2023,CAT C - COMPACT + SEC + FINBERT,1,0,0.44545789903943
META,2023-02-02,0001326801-23-000015,0.1969340821892096,2023,CAT C - COMPACT + SEC + FINBERT,1,1,0.5055393513129544
AAPL,2023-02-03,0000320193-23-000005,0.0421720294528882,2023,CAT C - COMPACT + SEC + FINBERT,1,1,0.6151089015506414
AMZN,2023-02-03,0001018724-23-000002,-0.0665428705929577,2023,CAT C - COMPACT + SEC + FINBERT,0,0,0.41641511733394865
GOOGL,2023-02-03,0001652044-23-000013,-0.0097015759028906,2023,CAT C - COMPACT + SEC + FINBERT,0,0,0.39878778016070254
QCOM,2023-02-03,0000804328-23-000005,0.0116624683230065,2023,CAT C - COMPACT + SEC + FINBERT,1,0,0.45237627045880185
INTC,2023-02-13,0001193125-23-032608,0.010962445107721,2023,CAT C - COMPACT + SEC + FINBERT,1,0,0.3957399615281824
META,2023-02-14,0001326801-23-000019,-0.0071100853121055,2023,CAT C - COMPACT + SEC + FINBERT,0,0,0.47647526107171106
META,2023-02-16,0001326801-23-000023,-0.0078785764048915,2023,CAT C - COMPACT + SEC + FINBERT,0,1,0.5760692684980375
AMD,2023-02-22,0000002488-23-000040,-0.0028323607186724,2023,CAT C - COMPACT + SEC + FINBERT,0,1,0.5835332354711231
NVDA,2023-02-23,0001045810-23-000014,0.1314801638817893,2023,CAT C - COMPACT + SEC + FINBERT,1,0,0.4160987324581095
NFLX,2023-02-27,0001065280-23-000062,0.0113788143841266,2023,CAT C - COMPACT + SEC + FINBERT,1,1,0.517745372827449
AVGO,2023-03-03,0001730168-23-000004,0.0363046420744643,2023,CAT C - COMPACT + SEC + FINBERT,1,1,0.5247292700790597
NVDA,2023-03-09,0001045810-23-000039,-0.0134834368810579,2023,CAT C - COMPACT + SEC + FINBERT,0,0,0.4659848134907148
QCOM,2023-03-10,0000804328-23-000014,-0.0032739796234806,2023,CAT C - COMPACT + SEC + FINBERT,0,1,0.5131039455780582
AAPL,2023-03-13,0001140361-23-011192,0.0058497848101484,2023,CAT C - COMPACT + SEC + FINBERT,1,1,0.5835588329136804
META,2023-03-14,0001326801-23-000035,0.0495468949337063,2023,CAT C - COMPACT + SEC + FINBERT,1,0,0.3786744070109553
ADBE,2023-03-16,0000796343-23-000044,0.0326303491875359,2023,CAT C - COMPACT + SEC + FINBERT,1,0,0.47573842771349334
TSLA,2023-04-03,0001564590-23-005126,-0.0587382824851233,2023,CAT C - COMPACT + SEC + FINBERT,0,0,0.47313055013825356
TSLA,2023-04-06,0001564590-23-005462,-0.0092216578915419,2023,CAT C - COMPACT + SEC + FINBERT,0,1,0.6544569588558649
AVGO,2023-04-10,0001730168-23-000052,0.0081945591011061,2023,CAT C - COMPACT + SEC + FINBERT,1,0,0.4667610699139749
META,2023-04-11,0001326801-23-000038,0.0022272286868032,2023,CAT C - COMPACT + SEC + FINBERT,1,1,0.5266496176132707
AMZN,2023-04-13,0001104659-23-044715,0.0271314504206705,2023,CAT C - COMPACT + SEC + FINBERT,1,0,0.3490452977331024
NFLX,2023-04-19,0001065280-23-000119,-0.0312345843673167,2023,CAT C - COMPACT + SEC + FINBERT,0,0,0.3826987981010536
TSLA,2023-04-20,0001564590-23-005959,-0.08983375261356,2023,CAT C - COMPACT + SEC + FINBERT,0,1,0.6159729939706634
GOOGL,2023-04-21,0001652044-23-000034,9.63314963853268e-05,2023,CAT C - COMPACT + SEC + FINBERT,1,1,0.5382744221462714
GOOGL,2023-04-24,0001193125-23-110657,0.0073969750384568,2023,CAT C - COMPACT + SEC + FINBERT,1,0,0.4960256618796162
ADBE,2023-04-25,0000796343-23-000084,-0.0016745500728818,2023,CAT C - COMPACT + SEC + FINBERT,0,1,0.5603927812123962
GOOGL,2023-04-26,0001652044-23-000041,-0.0074129552430888,2023,CAT C - COMPACT + SEC + FINBERT,0,1,0.5749333289971346
MSFT,2023-04-26,0001193125-23-115280,0.0663699987899579,2023,CAT C - COMPACT + SEC + FINBERT,1,0,0.45625056564284594
META,2023-04-27,0001326801-23-000063,0.1120642725793501,2023,CAT C - COMPACT + SEC + FINBERT,1,0,0.49215844707419737
AMZN,2023-04-28,0001018724-23-000006,-0.0466911150938218,2023,CAT C - COMPACT + SEC + FINBERT,0,0,0.26280446371167476
INTC,2023-04-28,0000050863-23-000027,0.0332887485186346,2023,CAT C - COMPACT + SEC + FINBERT,1,0,0.32435398284288497
AMD,2023-05-03,0000002488-23-000074,-0.085659162288213,2023,CAT C - COMPACT + SEC + FINBERT,0,0,0.4676788785781048
META,2023-05-04,0001193125-23-134410,-0.0112784218944868,2023,CAT C - COMPACT + SEC + FINBERT,0,1,0.6614000127504417
QCOM,2023-05-04,0000804328-23-000022,-0.0518632055105057,2023,CAT C - COMPACT + SEC + FINBERT,0,0,0.4739243311218936
AAPL,2023-05-05,0000320193-23-000063,0.0256723276771388,2023,CAT C - COMPACT + SEC + FINBERT,1,1,0.6687875696902934
AAPL,2023-05-11,0001140361-23-023909,-0.0021653136587604,2023,CAT C - COMPACT + SEC + FINBERT,0,0,0.4221512336837896
INTC,2023-05-17,0000050863-23-000057,-0.0240824677252745,2023,CAT C - COMPACT + SEC + FINBERT,0,0,0.47720386273707044
AVGO,2023-05-23,0001730168-23-000054,0.024660942351777,2023,CAT C - COMPACT + SEC + FINBERT,1,1,0.6023106067851879
TSLA,2023-05-23,0001564590-23-007379,-0.0037370829792082,2023,CAT C - COMPACT + SEC + FINBERT,0,0,0.3905112041813945
AMD,2023-05-24,0001193125-23-151810,0.0065168573208831,2023,CAT C - COMPACT + SEC + FINBERT,1,0,0.49406476479499006
NVDA,2023-05-25,0001045810-23-000087,0.2193635503028916,2023,CAT C - COMPACT + SEC + FINBERT,1,0,0.4063366831521346
AMZN,2023-05-30,0001104659-23-065457,0.0083699568125639,2023,CAT C - COMPACT + SEC + FINBERT,1,0,0.3359211472700257
AVGO,2023-06-02,0001730168-23-000062,0.0204136700299908,2023,CAT C - COMPACT + SEC + FINBERT,1,1,0.7056755574168004
META,2023-06-02,0001326801-23-000083,-0.0074994779699797,2023,CAT C - COMPACT + SEC + FINBERT,0,0,0.3757204568824004
NFLX,2023-06-07,0001065280-23-000173,0.0181674905771941,2023,CAT C - COMPACT + SEC + FINBERT,1,1,0.505467999093116
GOOGL,2023-06-09,0001193125-23-163590,-0.0030856693114207,2023,CAT C - COMPACT + SEC + FINBERT,0,1,0.5329097739023688
ADBE,2023-06-16,0000796343-23-000133,0.0149912025111474,2023,CAT C - COMPACT + SEC + FINBERT,1,0,0.38847374453888234
NVDA,2023-06-28,0001045810-23-000146,-0.0200762783650921,2023,CAT C - COMPACT + SEC + FINBERT,0,0,0.4101615953301782
TSLA,2023-07-03,0000950170-23-031241,0.0665989378084803,2023,CAT C - COMPACT + SEC + FINBERT,1,0,0.43669226876155487
MSFT,2023-07-05,0001193125-23-181341,0.0005002136380145,2023,CAT C - COMPACT + SEC + FINBERT,1,1,0.5011530487903817
AMD,2023-07-11,0000002488-23-000123,-0.0248384473724802,2023,CAT C - COMPACT + SEC + FINBERT,0,0,0.4510453722863774
NFLX,2023-07-20,0001065280-23-000197,-0.0610580448617663,2023,CAT C - COMPACT + SEC + FINBERT,0,0,0.45678172100940007
TSLA,2023-07-20,0000950170-23-033544,-0.0743183759627788,2023,CAT C - COMPACT + SEC + FINBERT,0,1,0.708642283180796
TSLA,2023-07-21,0000950170-23-033695,-0.0079554487266981,2023,CAT C - COMPACT + SEC + FINBERT,0,0,0.4820488370577138
QCOM,2023-07-24,0000804328-23-000033,-0.0065684564186472,2023,CAT C - COMPACT + SEC + FINBERT,0,0,0.4242536518173165
NVDA,2023-07-25,0001045810-23-000164,0.0171394492326342,2023,CAT C - COMPACT + SEC + FINBERT,1,0,0.46772235994718486
GOOGL,2023-07-26,0001652044-23-000067,0.061096015137146,2023,CAT C - COMPACT + SEC + FINBERT,1,0,0.46892931306413976
MSFT,2023-07-26,0000950170-23-034400,-0.034310995180814,2023,CAT C - COMPACT + SEC + FINBERT,0,1,0.5027286293519726
META,2023-07-27,0001326801-23-000089,0.0463939054796148,2023,CAT C - COMPACT + SEC + FINBERT,1,0,0.3412853833336384
INTC,2023-07-28,0000050863-23-000068,0.0477766020221386,2023,CAT C - COMPACT + SEC + FINBERT,1,0,0.3951679644351289
AMD,2023-08-02,0000002488-23-000135,-0.0482088825118669,2023,CAT C - COMPACT + SEC + FINBERT,0,0,0.3790528472926109
QCOM,2023-08-03,0000804328-23-000042,-0.0801642054340697,2023,CAT C - COMPACT + SEC + FINBERT,0,1,0.5007579715330516
AAPL,2023-08-04,0000320193-23-000075,-0.0433382558458399,2023,CAT C - COMPACT + SEC + FINBERT,0,1,0.6850614227739054
AMZN,2023-08-04,0001018724-23-000010,0.0873752416345134,2023,CAT C - COMPACT + SEC + FINBERT,1,0,0.44483240718167016
TSLA,2023-08-07,0000950170-23-038779,-0.0179603650497207,2023,CAT C - COMPACT + SEC + FINBERT,0,0,0.4275480319258763
INTC,2023-08-16,0000050863-23-000078,-0.0250740547547553,2023,CAT C - COMPACT + SEC + FINBERT,0,1,0.5681541937643194
AVGO,2023-08-17,0001140361-23-040084,0.0038521796142713,2023,CAT C - COMPACT + SEC + FINBERT,1,0,0.4688594204731089
NVDA,2023-08-24,0001045810-23-000171,0.0223732421715135,2023,CAT C - COMPACT + SEC + FINBERT,1,0,0.4225680403107558
AVGO,2023-09-01,0001730168-23-000074,-0.0535203111534513,2023,CAT C - COMPACT + SEC + FINBERT,0,1,0.5022270614573324
NFLX,2023-09-11,0001065280-23-000236,-0.0060013129046143,2023,CAT C - COMPACT + SEC + FINBERT,0,0,0.3454202683798055
AMZN,2023-09-14,0001018724-23-000014,-0.0090747963121458,2023,CAT C - COMPACT + SEC + FINBERT,0,0,0.24527943101164906
ADBE,2023-09-15,0000796343-23-000198,-0.0250204595175781,2023,CAT C - COMPACT + SEC + FINBERT,0,1,0.5333868426854476
TSLA,2023-10-02,0000950170-23-050938,-0.0028302059470439,2023,CAT C - COMPACT + SEC + FINBERT,0,0,0.49062546054602996
INTC,2023-10-06,0000050863-23-000092,-0.0083966624973763,2023,CAT C - COMPACT + SEC + FINBERT,0,0,0.34861117524782426
MSFT,2023-10-12,0001193125-23-254151,-0.0003152475164538,2023,CAT C - COMPACT + SEC + FINBERT,0,0,0.35223349114463115
MSFT,2023-10-13,0001193125-23-255762,0.0022123145096651,2023,CAT C - COMPACT + SEC + FINBERT,1,0,0.38306719173224885
MSFT,2023-10-17,0001104659-23-109428,0.0015315253507084,2023,CAT C - COMPACT + SEC + FINBERT,1,0,0.3101231200156646
NVDA,2023-10-18,0001045810-23-000217,-0.0265289918074216,2023,CAT C - COMPACT + SEC + FINBERT,0,0,0.40710765174711466
AVGO,2023-10-19,0001140361-23-048712,-0.0122885249909284,2023,CAT C - COMPACT + SEC + FINBERT,0,0,0.3323854970929381
NFLX,2023-10-19,0001065280-23-000272,0.1699043433400879,2023,CAT C - COMPACT + SEC + FINBERT,1,0,0.3939673539732251
TSLA,2023-10-19,0001628280-23-034588,-0.0836463982176319,2023,CAT C - COMPACT + SEC + FINBERT,0,0,0.43707059946979954
NVDA,2023-10-24,0001045810-23-000221,0.006281248925126,2023,CAT C - COMPACT + SEC + FINBERT,1,0,0.3574267871124518
GOOGL,2023-10-25,0001652044-23-000088,-0.070618261885621,2023,CAT C - COMPACT + SEC + FINBERT,0,0,0.496458693439527
MSFT,2023-10-25,0000950170-23-054848,0.055153730341209,2023,CAT C - COMPACT + SEC + FINBERT,1,0,0.4563730055390563
META,2023-10-26,0001326801-23-000100,-0.0182578560401341,2023,CAT C - COMPACT + SEC + FINBERT,0,0,0.4314367025792548
ADBE,2023-10-27,0000796343-23-000226,-0.0167792996541474,2023,CAT C - COMPACT + SEC + FINBERT,0,0,0.3801922163189333
AMZN,2023-10-27,0001018724-23-000016,0.0635268378150237,2023,CAT C - COMPACT + SEC + FINBERT,1,0,0.384184123149216
INTC,2023-10-27,0000050863-23-000100,0.0880648094491469,2023,CAT C - COMPACT + SEC + FINBERT,1,0,0.34344657249729366
MSFT,2023-10-30,0001193125-23-265616,0.0114751896937888,2023,CAT C - COMPACT + SEC + FINBERT,1,0,0.43369017750149846
AVGO,2023-10-31,0001140361-23-050217,-0.0046394395064106,2023,CAT C - COMPACT + SEC + FINBERT,0,1,0.5054757206238536
INTC,2023-10-31,0000050863-23-000109,0.0179130431748688,2023,CAT C - COMPACT + SEC + FINBERT,1,1,0.5323501663365033
AMD,2023-11-01,0000002488-23-000192,0.0794959817223699,2023,CAT C - COMPACT + SEC + FINBERT,1,0,0.2956508122244703
AMZN,2023-11-02,0001104659-23-113444,-0.0103428661391129,2023,CAT C - COMPACT + SEC + FINBERT,0,0,0.4055025025731896
QCOM,2023-11-02,0000804328-23-000054,0.0401928938023197,2023,CAT C - COMPACT + SEC + FINBERT,1,0,0.38273881457098374
AAPL,2023-11-03,0000320193-23-000104,-0.0169300922444676,2023,CAT C - COMPACT + SEC + FINBERT,0,1,0.6720280890826164
MSFT,2023-11-07,0001193125-23-271376,0.0017668223933562,2023,CAT C - COMPACT + SEC + FINBERT,1,1,0.5174119814264486
AVGO,2023-11-22,0001140361-23-054354,-0.0134692814063422,2023,CAT C - COMPACT + SEC + FINBERT,0,0,0.4136733072266874
NVDA,2023-11-22,0001045810-23-000225,-0.0286805579623652,2023,CAT C - COMPACT + SEC + FINBERT,0,0,0.31923389445924016
INTC,2023-12-06,0000050863-23-000128,-0.0097217310167144,2023,CAT C - COMPACT + SEC + FINBERT,0,1,0.5177014468632571
AVGO,2023-12-08,0001730168-23-000093,0.0194411386338015,2023,CAT C - COMPACT + SEC + FINBERT,1,0,0.47405674777989676
MSFT,2023-12-11,0001193125-23-291720,-0.0163716652239583,2023,CAT C - COMPACT + SEC + FINBERT,0,0,0.38605709457032666
NFLX,2023-12-11,0001065280-23-000334,0.004967198493097,2023,CAT C - COMPACT + SEC + FINBERT,1,0,0.40795165654176707
ADBE,2023-12-14,0000796343-23-000252,-0.0626003414615968,2023,CAT C - COMPACT + SEC + FINBERT,0,0,0.4298767793811179
ADBE,2023-12-18,0000796343-23-000254,0.0184159094865186,2023,CAT C - COMPACT + SEC + FINBERT,1,0,0.4092189484942217
TSLA,2024-01-03,0000950170-24-000282,-0.029552132706404,2024,CAT A - COMPACT MARKET,0,0,0.48413354972230616
INTC,2024-01-04,0000050863-24-000003,0.0013208657416328,2024,CAT A - COMPACT MARKET,1,0,0.41939592685234206
META,2024-01-18,0001326801-24-000003,0.0068714394556175,2024,CAT A - COMPACT MARKET,1,0,0.4926241440120556
MSFT,2024-01-22,0001193125-24-011295,-0.0067238746445128,2024,CAT A - COMPACT MARKET,0,1,0.5564587755028535
NFLX,2024-01-24,0001065280-24-000029,0.1014825443873539,2024,CAT A - COMPACT MARKET,1,0,0.358098404655604
QCOM,2024-01-24,0000804328-24-000005,0.0001185483007555,2024,CAT A - COMPACT MARKET,1,1,0.6201964955352214
TSLA,2024-01-25,0000950170-24-007073,-0.1224740376745285,2024,CAT A - COMPACT MARKET,0,0,0.47961050968760727
INTC,2024-01-26,0000050863-24-000008,-0.1131140495018067,2024,CAT A - COMPACT MARKET,0,0,0.4912865563609736
ADBE,2024-01-29,0000796343-24-000024,0.0163098936742871,2024,CAT A - COMPACT MARKET,1,0,0.4481926014712731
AMD,2024-01-31,0000002488-24-000009,-0.0058118234245958,2024,CAT A - COMPACT MARKET,0,0,0.4728636946561207
GOOGL,2024-01-31,0001652044-24-000014,-0.0554170885607413,2024,CAT A - COMPACT MARKET,0,0,0.4559963449461996
MSFT,2024-01-31,0000950170-24-008809,-0.00736009170046,2024,CAT A - COMPACT MARKET,0,1,0.5525696919084669
QCOM,2024-02-01,0000804328-24-000015,-0.0616038187076641,2024,CAT A - COMPACT MARKET,0,0,0.4701092313175436
AAPL,2024-02-02,0000320193-24-000005,-0.0223059383692889,2024,CAT A - COMPACT MARKET,0,0,0.49742856810645675
AMZN,2024-02-02,0001018724-24-000006,0.0617658265277774,2024,CAT A - COMPACT MARKET,1,0,0.3941452767101893
META,2024-02-02,0001326801-24-000010,0.1862758363065153,2024,CAT A - COMPACT MARKET,1,0,0.4811851279383611
GOOGL,2024-02-09,0001652044-24-000032,0.0113345458828839,2024,CAT A - COMPACT MARKET,1,0,0.3952299869269265
AVGO,2024-02-12,0001140361-24-006724,-0.0104549920219344,2024,CAT A - COMPACT MARKET,0,1,0.6206833301004087
META,2024-02-15,0001326801-24-000019,0.019736042790619,2024,CAT A - COMPACT MARKET,1,1,0.5064063010285597
INTC,2024-02-20,0000050863-24-000033,0.030761207112588,2024,CAT A - COMPACT MARKET,1,0,0.4830559151295048
AMD,2024-02-21,0001628280-24-005593,-0.0044478577490031,2024,CAT A - COMPACT MARKET,0,0,0.36372847347595694
INTC,2024-02-22,0001193125-24-041435,-0.0405478899608676,2024,CAT A - COMPACT MARKET,0,0,0.37262461867157337
NVDA,2024-02-22,0001045810-24-000028,0.1347330165436682,2024,CAT A - COMPACT MARKET,1,0,0.45873581952620557
AAPL,2024-02-29,0001140361-24-010155,-0.0122624655956898,2024,CAT A - COMPACT MARKET,0,0,0.4614363101659628
AVGO,2024-03-08,0001730168-24-000012,-0.0554224960816073,2024,CAT A - COMPACT MARKET,0,0,0.4097746029875847
QCOM,2024-03-08,0000804328-24-000020,-0.0148729957619656,2024,CAT A - COMPACT MARKET,0,0,0.3072083626251621
INTC,2024-03-14,0000050863-24-000036,-0.0085821226346747,2024,CAT A - COMPACT MARKET,0,0,0.37992123153101515
ADBE,2024-03-15,0000796343-24-000057,-0.1248298560785117,2024,CAT A - COMPACT MARKET,0,0,0.4060865991128174
NVDA,2024-03-15,0001045810-24-000069,0.010670162639536,2024,CAT A - COMPACT MARKET,1,0,0.35336663867668083
INTC,2024-04-03,0000050863-24-000068,-0.0844015754415581,2024,CAT A - COMPACT MARKET,0,0,0.3885663586470395
TSLA,2024-04-03,0000950170-24-040274,0.0082580205460329,2024,CAT A - COMPACT MARKET,1,0,0.3780651576424076
ADBE,2024-04-05,0001193125-24-087244,-0.0158691774008384,2024,CAT A - COMPACT MARKET,0,0,0.4442329292276456
AMZN,2024-04-11,0001104659-24-045915,0.0007030203450197,2024,CAT A - COMPACT MARKET,1,0,0.4230928241446614
TSLA,2024-04-16,0000950170-24-044588,-0.0271550790003385,2024,CAT A - COMPACT MARKET,0,0,0.2763543148135003
NFLX,2024-04-19,0001065280-24-000127,-0.0702437021508806,2024,CAT A - COMPACT MARKET,0,0,0.4717391001386816
ADBE,2024-04-22,0000796343-24-000086,-0.0060351498461006,2024,CAT A - COMPACT MARKET,0,0,0.47216791952813436
AVGO,2024-04-24,0001730168-24-000055,0.0027202176051119,2024,CAT A - COMPACT MARKET,1,0,0.4153847315921818
TSLA,2024-04-24,0000950170-24-046895,0.1172234242258121,2024,CAT A - COMPACT MARKET,1,0,0.48378532598447255
META,2024-04-25,0001326801-24-000044,-0.1007828326512643,2024,CAT A - COMPACT MARKET,0,0,0.47944031918787516
GOOGL,2024-04-26,0001652044-24-000047,0.0868120410411665,2024,CAT A - COMPACT MARKET,1,0,0.37264189153712973
INTC,2024-04-26,0000050863-24-000074,-0.1074282063052449,2024,CAT A - COMPACT MARKET,0,0,0.4038323939006041
MSFT,2024-04-26,0000950170-24-048268,0.0028119746505765,2024,CAT A - COMPACT MARKET,1,0,0.3147664506960937
AMD,2024-05-01,0000002488-24-000054,-0.0818590805494118,2024,CAT A - COMPACT MARKET,0,0,0.4518329875704339
AMZN,2024-05-01,0001018724-24-000081,0.0300875949213443,2024,CAT A - COMPACT MARKET,1,0,0.3752610654136125
QCOM,2024-05-02,0000804328-24-000038,0.0846712442402795,2024,CAT A - COMPACT MARKET,1,0,0.4870229390010602
AAPL,2024-05-03,0000320193-24-000067,0.0397177621053623,2024,CAT A - COMPACT MARKET,1,0,0.376705953308372
AAPL,2024-05-06,0001140361-24-024352,-0.0200602379123682,2024,CAT A - COMPACT MARKET,0,0,0.21913710308028483
AMZN,2024-05-06,0001104659-24-057026,0.0024184940626126,2024,CAT A - COMPACT MARKET,1,0,0.4736638255155733
INTC,2024-05-08,0000050863-24-000086,-0.0215737571496704,2024,CAT A - COMPACT MARKET,0,0,0.41870994800976336
QCOM,2024-05-09,0000804328-24-000042,-0.0022370667146321,2024,CAT A - COMPACT MARKET,0,0,0.4190832780476651
INTC,2024-05-10,0000050863-24-000093,-0.0103340752317097,2024,CAT A - COMPACT MARKET,0,0,0.44869683221622325
AMD,2024-05-14,0000002488-24-000076,0.010836719386652,2024,CAT A - COMPACT MARKET,1,0,0.441634892427213
AMZN,2024-05-15,0001104659-24-061143,-0.0214035828102581,2024,CAT A - COMPACT MARKET,0,0,0.465972159483637
NVDA,2024-05-23,0001045810-24-000113,0.0976949075031965,2024,CAT A - COMPACT MARKET,1,0,0.470212959055825
AMZN,2024-05-28,0001104659-24-065117,0.0039677844666901,2024,CAT A - COMPACT MARKET,1,0,0.4579571586563952
META,2024-06-03,0001326801-24-000057,0.0174655926294444,2024,CAT A - COMPACT MARKET,1,0,0.3833584521375772
GOOGL,2024-06-05,0001193125-24-154725,-0.0108380197823509,2024,CAT A - COMPACT MARKET,0,0,0.4614088160736901
INTC,2024-06-05,0000050863-24-000103,0.0048153149112701,2024,CAT A - COMPACT MARKET,1,0,0.3471279870694729
GOOGL,2024-06-10,0001193125-24-157498,0.0002646731088924,2024,CAT A - COMPACT MARKET,1,0,0.42353692932420534
NFLX,2024-06-10,0001065280-24-000185,0.000684267661654,2024,CAT A - COMPACT MARKET,1,0,0.4535715916349236
NVDA,2024-06-10,0001045810-24-000144,0.0034221189710492,2024,CAT A - COMPACT MARKET,1,1,0.6013470449254068
AVGO,2024-06-13,0001730168-24-000077,0.1172670008910432,2024,CAT A - COMPACT MARKET,1,0,0.3625100891945971
ADBE,2024-06-14,0000796343-24-000140,0.1399336508244648,2024,CAT A - COMPACT MARKET,1,0,0.38110171947130334
GOOGL,2024-06-14,0001193125-24-160721,0.0041244145221528,2024,CAT A - COMPACT MARKET,1,0,0.44582394290908445
TSLA,2024-06-14,0001104659-24-071439,-0.0296236588388044,2024,CAT A - COMPACT MARKET,0,0,0.3992146334078291
INTC,2024-06-17,0000050863-24-000110,0.0051556659696221,2024,CAT A - COMPACT MARKET,1,0,0.3402473825628439
TSLA,2024-07-02,0001628280-24-030714,0.0914729351799721,2024,CAT A - COMPACT MARKET,1,0,0.3788227816052352
AMD,2024-07-03,0000002488-24-000109,-0.0108323175729508,2024,CAT A - COMPACT MARKET,0,0,0.3679384873679272
NVDA,2024-07-03,0001045810-24-000206,0.0373956300194346,2024,CAT A - COMPACT MARKET,1,1,0.5440554037864762
AVGO,2024-07-08,0001140361-24-032566,0.0226024920007321,2024,CAT A - COMPACT MARKET,1,0,0.47864094035224664
AVGO,2024-07-15,0001140361-24-033072,0.0052678472960536,2024,CAT A - COMPACT MARKET,1,0,0.4306438829240363
ADBE,2024-07-19,0000796343-24-000173,-0.0016419356270305,2024,CAT A - COMPACT MARKET,0,1,0.5145687424988424
NFLX,2024-07-19,0001065280-24-000199,-0.0062210738177783,2024,CAT A - COMPACT MARKET,0,0,0.36860660962935526
AMD,2024-07-23,0000002488-24-000115,-0.0084724169439157,2024,CAT A - COMPACT MARKET,0,1,0.5004017517985201
GOOGL,2024-07-24,0001652044-24-000076,-0.0145174608587789,2024,CAT A - COMPACT MARKET,0,0,0.48767561686582506
TSLA,2024-07-24,0001628280-24-032603,-0.0874757292119658,2024,CAT A - COMPACT MARKET,0,0,0.4093753791404417
AMD,2024-07-31,0000002488-24-000121,0.0140352718571412,2024,CAT A - COMPACT MARKET,1,0,0.4712107319988217
MSFT,2024-07-31,0000950170-24-087835,-0.0403995338996397,2024,CAT A - COMPACT MARKET,0,0,0.42120271095911455
META,2024-08-01,0001326801-24-000065,0.0724701323219204,2024,CAT A - COMPACT MARKET,1,1,0.5456527507143921
QCOM,2024-08-01,0000804328-24-000055,-0.0694510076775402,2024,CAT A - COMPACT MARKET,0,0,0.4620277500510005
AAPL,2024-08-02,0000320193-24-000080,0.0306044294935562,2024,CAT A - COMPACT MARKET,1,0,0.4595772881514224
AMZN,2024-08-02,0001018724-24-000128,-0.0641119895977478,2024,CAT A - COMPACT MARKET,0,0,0.48175745701985834
INTC,2024-08-02,0000050863-24-000122,-0.2368500510200635,2024,CAT A - COMPACT MARKET,0,0,0.3839259935183615
NFLX,2024-08-02,0001140361-24-035325,0.0057947539156958,2024,CAT A - COMPACT MARKET,1,0,0.4863691114640352
GOOGL,2024-08-06,0001652044-24-000085,-0.015583587491549,2024,CAT A - COMPACT MARKET,0,0,0.4770811543042701
ADBE,2024-08-09,0000796343-24-000192,0.0062065447942678,2024,CAT A - COMPACT MARKET,1,0,0.37377147750858125
META,2024-08-12,0001193125-24-197873,-0.0056686754199641,2024,CAT A - COMPACT MARKET,0,0,0.2882129313951401
QCOM,2024-08-12,0000804328-24-000061,-0.0118204769000732,2024,CAT A - COMPACT MARKET,0,0,0.48989889157592115
AMD,2024-08-19,0001193125-24-202457,0.032098258905727,2024,CAT A - COMPACT MARKET,1,0,0.43053062917166013
MSFT,2024-08-22,0001193125-24-204403,-0.0043980212421622,2024,CAT A - COMPACT MARKET,0,0,0.3934218144408205
INTC,2024-08-23,0000050863-24-000134,0.0110450938530819,2024,CAT A - COMPACT MARKET,1,0,0.44213911349277996
AAPL,2024-08-26,0001140361-24-038403,0.0112070905297206,2024,CAT A - COMPACT MARKET,1,1,0.5621933694056375
AAPL,2024-08-27,0001140361-24-038601,0.0007542657206189,2024,CAT A - COMPACT MARKET,1,1,0.6121859340099819
NVDA,2024-08-29,0001045810-24-000262,-0.0623846340010401,2024,CAT A - COMPACT MARKET,0,1,0.5103434068239727
AVGO,2024-09-06,0001730168-24-000095,-0.0767334877670407,2024,CAT A - COMPACT MARKET,0,0,0.47837745263395015
AAPL,2024-09-10,0001140361-24-040659,-0.0128632518967733,2024,CAT A - COMPACT MARKET,0,1,0.5934492279800949
META,2024-09-11,0001326801-24-000072,-0.0077688677103828,2024,CAT A - COMPACT MARKET,0,1,0.5026042581660938
ADBE,2024-09-13,0000796343-24-000200,-0.0891786499822013,2024,CAT A - COMPACT MARKET,0,0,0.4092636674531139
GOOGL,2024-09-24,0001652044-24-000097,-0.0021051469157118,2024,CAT A - COMPACT MARKET,0,0,0.41505150562869214
TSLA,2024-10-02,0001628280-24-041816,-0.0362940176219049,2024,CAT A - COMPACT MARKET,0,0,0.4873484578729861
AVGO,2024-10-03,0001193125-24-231159,0.0079543582968901,2024,CAT A - COMPACT MARKET,1,0,0.3812552423113886
QCOM,2024-10-10,0000804328-24-000064,-0.0088514143569888,2024,CAT A - COMPACT MARKET,0,0,0.36072138871914683
NFLX,2024-10-18,0001065280-24-000286,0.104315570955207,2024,CAT A - COMPACT MARKET,1,0,0.28012258509309385
TSLA,2024-10-24,0001628280-24-043432,0.2110815153980303,2024,CAT A - COMPACT MARKET,1,0,0.4837852038950776
AMD,2024-10-30,0000002488-24-000161,-0.0986077205311312,2024,CAT A - COMPACT MARKET,0,0,0.4205831609216404
GOOGL,2024-10-30,0001652044-24-000115,0.0357284587086796,2024,CAT A - COMPACT MARKET,1,0,0.368491784138434
META,2024-10-31,0001326801-24-000077,-0.0156832347344346,2024,CAT A - COMPACT MARKET,0,0,0.381374757972557
MSFT,2024-10-31,0000950170-24-118955,-0.0352849351641355,2024,CAT A - COMPACT MARKET,0,0,0.410121173883428
AAPL,2024-11-01,0000320193-24-000120,-0.0206786073841666,2024,CAT A - COMPACT MARKET,0,0,0.3650959812070081
AMZN,2024-11-01,0001018724-24-000158,0.0544572368232327,2024,CAT A - COMPACT MARKET,1,0,0.3677291287492325
INTC,2024-11-01,0000050863-24-000147,0.07066794518924,2024,CAT A - COMPACT MARKET,1,0,0.43840121792012454
QCOM,2024-11-07,0000804328-24-000074,-0.0162068240586866,2024,CAT A - COMPACT MARKET,0,0,0.3626636811000884
NVDA,2024-11-08,0001045810-24-000300,-0.009564725627819,2024,CAT A - COMPACT MARKET,0,0,0.4498102323630237
AMD,2024-11-19,0000002488-24-000172,-0.0035686693916257,2024,CAT A - COMPACT MARKET,0,1,0.5091401228341882
NVDA,2024-11-21,0001045810-24-000315,0.0017494321955247,2024,CAT A - COMPACT MARKET,1,0,0.48315811354512334
INTC,2024-11-29,0000050863-24-000169,0.0081264613034299,2024,CAT A - COMPACT MARKET,1,0,0.4378445324665787
INTC,2024-12-03,0000050863-24-000173,-0.0640776713102243,2024,CAT A - COMPACT MARKET,0,0,0.4317774700015613
MSFT,2024-12-04,0000950170-24-132722,0.0020620099052759,2024,CAT A - COMPACT MARKET,1,0,0.38570030841331704
INTC,2024-12-05,0000050863-24-000180,-0.0500523717299665,2024,CAT A - COMPACT MARKET,0,0,0.407786252658957
ADBE,2024-12-12,0000796343-24-000250,-0.1304726539184462,2024,CAT A - COMPACT MARKET,0,0,0.32155245815226313
MSFT,2024-12-12,0001193125-24-275524,0.0077233527532145,2024,CAT A - COMPACT MARKET,1,0,0.4223505763789145
AVGO,2024-12-13,0001730168-24-000125,0.2366717794511601,2024,CAT A - COMPACT MARKET,1,0,0.35023758112916853
QCOM,2024-12-13,0000804328-24-000079,-0.0058219456139634,2024,CAT A - COMPACT MARKET,0,1,0.522920505340857
TSLA,2024-01-03,0000950170-24-000282,-0.029552132706404,2024,CAT B - COMPACT + SEC,0,0,0.4345688573051601
INTC,2024-01-04,0000050863-24-000003,0.0013208657416328,2024,CAT B - COMPACT + SEC,1,0,0.4737676546853699
META,2024-01-18,0001326801-24-000003,0.0068714394556175,2024,CAT B - COMPACT + SEC,1,0,0.46106267518413735
MSFT,2024-01-22,0001193125-24-011295,-0.0067238746445128,2024,CAT B - COMPACT + SEC,0,1,0.6095164649613203
NFLX,2024-01-24,0001065280-24-000029,0.1014825443873539,2024,CAT B - COMPACT + SEC,1,0,0.42207642801236345
QCOM,2024-01-24,0000804328-24-000005,0.0001185483007555,2024,CAT B - COMPACT + SEC,1,1,0.5956107423122293
TSLA,2024-01-25,0000950170-24-007073,-0.1224740376745285,2024,CAT B - COMPACT + SEC,0,1,0.501796511446111
INTC,2024-01-26,0000050863-24-000008,-0.1131140495018067,2024,CAT B - COMPACT + SEC,0,0,0.4512620922540573
ADBE,2024-01-29,0000796343-24-000024,0.0163098936742871,2024,CAT B - COMPACT + SEC,1,0,0.47177204252857335
AMD,2024-01-31,0000002488-24-000009,-0.0058118234245958,2024,CAT B - COMPACT + SEC,0,0,0.4766289566672305
GOOGL,2024-01-31,0001652044-24-000014,-0.0554170885607413,2024,CAT B - COMPACT + SEC,0,0,0.46861452382866164
MSFT,2024-01-31,0000950170-24-008809,-0.00736009170046,2024,CAT B - COMPACT + SEC,0,0,0.46044845778508414
QCOM,2024-02-01,0000804328-24-000015,-0.0616038187076641,2024,CAT B - COMPACT + SEC,0,0,0.47492277918331577
AAPL,2024-02-02,0000320193-24-000005,-0.0223059383692889,2024,CAT B - COMPACT + SEC,0,0,0.47877779669738435
AMZN,2024-02-02,0001018724-24-000006,0.0617658265277774,2024,CAT B - COMPACT + SEC,1,0,0.3961646006516312
META,2024-02-02,0001326801-24-000010,0.1862758363065153,2024,CAT B - COMPACT + SEC,1,1,0.5079889522538906
GOOGL,2024-02-09,0001652044-24-000032,0.0113345458828839,2024,CAT B - COMPACT + SEC,1,0,0.432960173832958
AVGO,2024-02-12,0001140361-24-006724,-0.0104549920219344,2024,CAT B - COMPACT + SEC,0,1,0.597807281620605
META,2024-02-15,0001326801-24-000019,0.019736042790619,2024,CAT B - COMPACT + SEC,1,1,0.5336304934626699
INTC,2024-02-20,0000050863-24-000033,0.030761207112588,2024,CAT B - COMPACT + SEC,1,0,0.4219778692189601
AMD,2024-02-21,0001628280-24-005593,-0.0044478577490031,2024,CAT B - COMPACT + SEC,0,0,0.3375116724146304
INTC,2024-02-22,0001193125-24-041435,-0.0405478899608676,2024,CAT B - COMPACT + SEC,0,0,0.3495411033254085
NVDA,2024-02-22,0001045810-24-000028,0.1347330165436682,2024,CAT B - COMPACT + SEC,1,1,0.5215104675163441
AAPL,2024-02-29,0001140361-24-010155,-0.0122624655956898,2024,CAT B - COMPACT + SEC,0,0,0.38038932358369176
AVGO,2024-03-08,0001730168-24-000012,-0.0554224960816073,2024,CAT B - COMPACT + SEC,0,0,0.4095677015796328
QCOM,2024-03-08,0000804328-24-000020,-0.0148729957619656,2024,CAT B - COMPACT + SEC,0,0,0.3124796583003863
INTC,2024-03-14,0000050863-24-000036,-0.0085821226346747,2024,CAT B - COMPACT + SEC,0,0,0.40799325960270877
ADBE,2024-03-15,0000796343-24-000057,-0.1248298560785117,2024,CAT B - COMPACT + SEC,0,0,0.37563192580490834
NVDA,2024-03-15,0001045810-24-000069,0.010670162639536,2024,CAT B - COMPACT + SEC,1,0,0.44556511340603067
INTC,2024-04-03,0000050863-24-000068,-0.0844015754415581,2024,CAT B - COMPACT + SEC,0,0,0.345775807132036
TSLA,2024-04-03,0000950170-24-040274,0.0082580205460329,2024,CAT B - COMPACT + SEC,1,0,0.40202834590090536
ADBE,2024-04-05,0001193125-24-087244,-0.0158691774008384,2024,CAT B - COMPACT + SEC,0,0,0.4534171926182308
AMZN,2024-04-11,0001104659-24-045915,0.0007030203450197,2024,CAT B - COMPACT + SEC,1,0,0.48327099714109967
TSLA,2024-04-16,0000950170-24-044588,-0.0271550790003385,2024,CAT B - COMPACT + SEC,0,0,0.3388759180367014
NFLX,2024-04-19,0001065280-24-000127,-0.0702437021508806,2024,CAT B - COMPACT + SEC,0,0,0.44739850294927036
ADBE,2024-04-22,0000796343-24-000086,-0.0060351498461006,2024,CAT B - COMPACT + SEC,0,0,0.43018802232492004
AVGO,2024-04-24,0001730168-24-000055,0.0027202176051119,2024,CAT B - COMPACT + SEC,1,0,0.405963971361512
TSLA,2024-04-24,0000950170-24-046895,0.1172234242258121,2024,CAT B - COMPACT + SEC,1,1,0.5357347566389915
META,2024-04-25,0001326801-24-000044,-0.1007828326512643,2024,CAT B - COMPACT + SEC,0,1,0.5243289499238525
GOOGL,2024-04-26,0001652044-24-000047,0.0868120410411665,2024,CAT B - COMPACT + SEC,1,0,0.39764839098367194
INTC,2024-04-26,0000050863-24-000074,-0.1074282063052449,2024,CAT B - COMPACT + SEC,0,0,0.3745558236300084
MSFT,2024-04-26,0000950170-24-048268,0.0028119746505765,2024,CAT B - COMPACT + SEC,1,0,0.38900784045724124
AMD,2024-05-01,0000002488-24-000054,-0.0818590805494118,2024,CAT B - COMPACT + SEC,0,1,0.500684956060583
AMZN,2024-05-01,0001018724-24-000081,0.0300875949213443,2024,CAT B - COMPACT + SEC,1,0,0.3927836973437595
QCOM,2024-05-02,0000804328-24-000038,0.0846712442402795,2024,CAT B - COMPACT + SEC,1,0,0.4424568690627057
AAPL,2024-05-03,0000320193-24-000067,0.0397177621053623,2024,CAT B - COMPACT + SEC,1,0,0.3420427381127493
AAPL,2024-05-06,0001140361-24-024352,-0.0200602379123682,2024,CAT B - COMPACT + SEC,0,0,0.24863585596948692
AMZN,2024-05-06,0001104659-24-057026,0.0024184940626126,2024,CAT B - COMPACT + SEC,1,1,0.5326951878348769
INTC,2024-05-08,0000050863-24-000086,-0.0215737571496704,2024,CAT B - COMPACT + SEC,0,0,0.44007958265635577
QCOM,2024-05-09,0000804328-24-000042,-0.0022370667146321,2024,CAT B - COMPACT + SEC,0,1,0.5074285935205388
INTC,2024-05-10,0000050863-24-000093,-0.0103340752317097,2024,CAT B - COMPACT + SEC,0,0,0.389899548384576
AMD,2024-05-14,0000002488-24-000076,0.010836719386652,2024,CAT B - COMPACT + SEC,1,0,0.3676642260843803
AMZN,2024-05-15,0001104659-24-061143,-0.0214035828102581,2024,CAT B - COMPACT + SEC,0,0,0.42207367585830513
NVDA,2024-05-23,0001045810-24-000113,0.0976949075031965,2024,CAT B - COMPACT + SEC,1,0,0.4771674941160319
AMZN,2024-05-28,0001104659-24-065117,0.0039677844666901,2024,CAT B - COMPACT + SEC,1,0,0.4801041352432484
META,2024-06-03,0001326801-24-000057,0.0174655926294444,2024,CAT B - COMPACT + SEC,1,0,0.34005112749068767
GOOGL,2024-06-05,0001193125-24-154725,-0.0108380197823509,2024,CAT B - COMPACT + SEC,0,1,0.5164799542315673
INTC,2024-06-05,0000050863-24-000103,0.0048153149112701,2024,CAT B - COMPACT + SEC,1,0,0.329990219329053
GOOGL,2024-06-10,0001193125-24-157498,0.0002646731088924,2024,CAT B - COMPACT + SEC,1,0,0.4265099538905682
NFLX,2024-06-10,0001065280-24-000185,0.000684267661654,2024,CAT B - COMPACT + SEC,1,0,0.41344365515415743
NVDA,2024-06-10,0001045810-24-000144,0.0034221189710492,2024,CAT B - COMPACT + SEC,1,1,0.6169464310904331
AVGO,2024-06-13,0001730168-24-000077,0.1172670008910432,2024,CAT B - COMPACT + SEC,1,0,0.3173995601084354
ADBE,2024-06-14,0000796343-24-000140,0.1399336508244648,2024,CAT B - COMPACT + SEC,1,0,0.4023632034424193
GOOGL,2024-06-14,0001193125-24-160721,0.0041244145221528,2024,CAT B - COMPACT + SEC,1,0,0.44285646303930476
TSLA,2024-06-14,0001104659-24-071439,-0.0296236588388044,2024,CAT B - COMPACT + SEC,0,0,0.28655269013927664
INTC,2024-06-17,0000050863-24-000110,0.0051556659696221,2024,CAT B - COMPACT + SEC,1,0,0.39010849478766957
TSLA,2024-07-02,0001628280-24-030714,0.0914729351799721,2024,CAT B - COMPACT + SEC,1,0,0.2826208322172183
AMD,2024-07-03,0000002488-24-000109,-0.0108323175729508,2024,CAT B - COMPACT + SEC,0,0,0.35742982204625295
NVDA,2024-07-03,0001045810-24-000206,0.0373956300194346,2024,CAT B - COMPACT + SEC,1,0,0.4887868522455473
AVGO,2024-07-08,0001140361-24-032566,0.0226024920007321,2024,CAT B - COMPACT + SEC,1,0,0.42658438742757776
AVGO,2024-07-15,0001140361-24-033072,0.0052678472960536,2024,CAT B - COMPACT + SEC,1,0,0.4781815765449149
ADBE,2024-07-19,0000796343-24-000173,-0.0016419356270305,2024,CAT B - COMPACT + SEC,0,1,0.5740472065296744
NFLX,2024-07-19,0001065280-24-000199,-0.0062210738177783,2024,CAT B - COMPACT + SEC,0,0,0.4719328694014361
AMD,2024-07-23,0000002488-24-000115,-0.0084724169439157,2024,CAT B - COMPACT + SEC,0,0,0.48020205001316774
GOOGL,2024-07-24,0001652044-24-000076,-0.0145174608587789,2024,CAT B - COMPACT + SEC,0,0,0.48781056381488375
TSLA,2024-07-24,0001628280-24-032603,-0.0874757292119658,2024,CAT B - COMPACT + SEC,0,0,0.46720046208781135
AMD,2024-07-31,0000002488-24-000121,0.0140352718571412,2024,CAT B - COMPACT + SEC,1,0,0.45352044746545345
MSFT,2024-07-31,0000950170-24-087835,-0.0403995338996397,2024,CAT B - COMPACT + SEC,0,1,0.510143719864174
META,2024-08-01,0001326801-24-000065,0.0724701323219204,2024,CAT B - COMPACT + SEC,1,1,0.5415284656909914
QCOM,2024-08-01,0000804328-24-000055,-0.0694510076775402,2024,CAT B - COMPACT + SEC,0,0,0.4961022352879807
AAPL,2024-08-02,0000320193-24-000080,0.0306044294935562,2024,CAT B - COMPACT + SEC,1,1,0.5622003490331462
AMZN,2024-08-02,0001018724-24-000128,-0.0641119895977478,2024,CAT B - COMPACT + SEC,0,1,0.5404537153929481
INTC,2024-08-02,0000050863-24-000122,-0.2368500510200635,2024,CAT B - COMPACT + SEC,0,0,0.4525522994083722
NFLX,2024-08-02,0001140361-24-035325,0.0057947539156958,2024,CAT B - COMPACT + SEC,1,0,0.4409244353889001
GOOGL,2024-08-06,0001652044-24-000085,-0.015583587491549,2024,CAT B - COMPACT + SEC,0,0,0.3754879264959766
ADBE,2024-08-09,0000796343-24-000192,0.0062065447942678,2024,CAT B - COMPACT + SEC,1,0,0.3641658895664443
META,2024-08-12,0001193125-24-197873,-0.0056686754199641,2024,CAT B - COMPACT + SEC,0,0,0.35115112791185515
QCOM,2024-08-12,0000804328-24-000061,-0.0118204769000732,2024,CAT B - COMPACT + SEC,0,1,0.530553727944756
AMD,2024-08-19,0001193125-24-202457,0.032098258905727,2024,CAT B - COMPACT + SEC,1,0,0.42363145222112464
MSFT,2024-08-22,0001193125-24-204403,-0.0043980212421622,2024,CAT B - COMPACT + SEC,0,0,0.41426086431387715
INTC,2024-08-23,0000050863-24-000134,0.0110450938530819,2024,CAT B - COMPACT + SEC,1,0,0.42486174673330324
AAPL,2024-08-26,0001140361-24-038403,0.0112070905297206,2024,CAT B - COMPACT + SEC,1,1,0.5898614441691288
AAPL,2024-08-27,0001140361-24-038601,0.0007542657206189,2024,CAT B - COMPACT + SEC,1,1,0.6101078680162456
NVDA,2024-08-29,0001045810-24-000262,-0.0623846340010401,2024,CAT B - COMPACT + SEC,0,1,0.5523043718642382
AVGO,2024-09-06,0001730168-24-000095,-0.0767334877670407,2024,CAT B - COMPACT + SEC,0,1,0.526819693245502
AAPL,2024-09-10,0001140361-24-040659,-0.0128632518967733,2024,CAT B - COMPACT + SEC,0,1,0.5978867673966196
META,2024-09-11,0001326801-24-000072,-0.0077688677103828,2024,CAT B - COMPACT + SEC,0,1,0.560045587439407
ADBE,2024-09-13,0000796343-24-000200,-0.0891786499822013,2024,CAT B - COMPACT + SEC,0,0,0.44744559280791985
GOOGL,2024-09-24,0001652044-24-000097,-0.0021051469157118,2024,CAT B - COMPACT + SEC,0,0,0.3965205777330442
TSLA,2024-10-02,0001628280-24-041816,-0.0362940176219049,2024,CAT B - COMPACT + SEC,0,0,0.4492704263388369
AVGO,2024-10-03,0001193125-24-231159,0.0079543582968901,2024,CAT B - COMPACT + SEC,1,0,0.3944699756320816
QCOM,2024-10-10,0000804328-24-000064,-0.0088514143569888,2024,CAT B - COMPACT + SEC,0,0,0.3306499983592664
NFLX,2024-10-18,0001065280-24-000286,0.104315570955207,2024,CAT B - COMPACT + SEC,1,0,0.3641034566044471
TSLA,2024-10-24,0001628280-24-043432,0.2110815153980303,2024,CAT B - COMPACT + SEC,1,0,0.49194053865393894
AMD,2024-10-30,0000002488-24-000161,-0.0986077205311312,2024,CAT B - COMPACT + SEC,0,0,0.42029042110124865
GOOGL,2024-10-30,0001652044-24-000115,0.0357284587086796,2024,CAT B - COMPACT + SEC,1,0,0.34665177934309743
META,2024-10-31,0001326801-24-000077,-0.0156832347344346,2024,CAT B - COMPACT + SEC,0,0,0.4854038430885191
MSFT,2024-10-31,0000950170-24-118955,-0.0352849351641355,2024,CAT B - COMPACT + SEC,0,0,0.41216535144310107
AAPL,2024-11-01,0000320193-24-000120,-0.0206786073841666,2024,CAT B - COMPACT + SEC,0,0,0.4994934813251188
AMZN,2024-11-01,0001018724-24-000158,0.0544572368232327,2024,CAT B - COMPACT + SEC,1,0,0.4537643177827554
INTC,2024-11-01,0000050863-24-000147,0.07066794518924,2024,CAT B - COMPACT + SEC,1,0,0.47309167677012326
QCOM,2024-11-07,0000804328-24-000074,-0.0162068240586866,2024,CAT B - COMPACT + SEC,0,0,0.3969575420188183
NVDA,2024-11-08,0001045810-24-000300,-0.009564725627819,2024,CAT B - COMPACT + SEC,0,0,0.4529000686972223
AMD,2024-11-19,0000002488-24-000172,-0.0035686693916257,2024,CAT B - COMPACT + SEC,0,0,0.4525553558755636
NVDA,2024-11-21,0001045810-24-000315,0.0017494321955247,2024,CAT B - COMPACT + SEC,1,1,0.5097679112926449
INTC,2024-11-29,0000050863-24-000169,0.0081264613034299,2024,CAT B - COMPACT + SEC,1,0,0.4808109006635603
INTC,2024-12-03,0000050863-24-000173,-0.0640776713102243,2024,CAT B - COMPACT + SEC,0,0,0.47675702546908955
MSFT,2024-12-04,0000950170-24-132722,0.0020620099052759,2024,CAT B - COMPACT + SEC,1,0,0.35880290924223196
INTC,2024-12-05,0000050863-24-000180,-0.0500523717299665,2024,CAT B - COMPACT + SEC,0,0,0.4455307713981937
ADBE,2024-12-12,0000796343-24-000250,-0.1304726539184462,2024,CAT B - COMPACT + SEC,0,0,0.38315663216295015
MSFT,2024-12-12,0001193125-24-275524,0.0077233527532145,2024,CAT B - COMPACT + SEC,1,0,0.37722264809401934
AVGO,2024-12-13,0001730168-24-000125,0.2366717794511601,2024,CAT B - COMPACT + SEC,1,0,0.34304098598430866
QCOM,2024-12-13,0000804328-24-000079,-0.0058219456139634,2024,CAT B - COMPACT + SEC,0,0,0.3917022331799985
TSLA,2024-01-03,0000950170-24-000282,-0.029552132706404,2024,CAT C - COMPACT + SEC + FINBERT,0,1,0.6059643726961603
INTC,2024-01-04,0000050863-24-000003,0.0013208657416328,2024,CAT C - COMPACT + SEC + FINBERT,1,0,0.47220143832452843
META,2024-01-18,0001326801-24-000003,0.0068714394556175,2024,CAT C - COMPACT + SEC + FINBERT,1,0,0.441556103451098
MSFT,2024-01-22,0001193125-24-011295,-0.0067238746445128,2024,CAT C - COMPACT + SEC + FINBERT,0,1,0.5745501714335314
NFLX,2024-01-24,0001065280-24-000029,0.1014825443873539,2024,CAT C - COMPACT + SEC + FINBERT,1,0,0.3730169399614641
QCOM,2024-01-24,0000804328-24-000005,0.0001185483007555,2024,CAT C - COMPACT + SEC + FINBERT,1,1,0.5801524572096546
TSLA,2024-01-25,0000950170-24-007073,-0.1224740376745285,2024,CAT C - COMPACT + SEC + FINBERT,0,0,0.4750893965132167
INTC,2024-01-26,0000050863-24-000008,-0.1131140495018067,2024,CAT C - COMPACT + SEC + FINBERT,0,0,0.42552186367425787
ADBE,2024-01-29,0000796343-24-000024,0.0163098936742871,2024,CAT C - COMPACT + SEC + FINBERT,1,0,0.4748803871096248
AMD,2024-01-31,0000002488-24-000009,-0.0058118234245958,2024,CAT C - COMPACT + SEC + FINBERT,0,0,0.45913633023359257
GOOGL,2024-01-31,0001652044-24-000014,-0.0554170885607413,2024,CAT C - COMPACT + SEC + FINBERT,0,0,0.42999798859995175
MSFT,2024-01-31,0000950170-24-008809,-0.00736009170046,2024,CAT C - COMPACT + SEC + FINBERT,0,1,0.5920245832806832
QCOM,2024-02-01,0000804328-24-000015,-0.0616038187076641,2024,CAT C - COMPACT + SEC + FINBERT,0,0,0.4554006784780713
AAPL,2024-02-02,0000320193-24-000005,-0.0223059383692889,2024,CAT C - COMPACT + SEC + FINBERT,0,1,0.5573705936159222
AMZN,2024-02-02,0001018724-24-000006,0.0617658265277774,2024,CAT C - COMPACT + SEC + FINBERT,1,0,0.38570469479818775
META,2024-02-02,0001326801-24-000010,0.1862758363065153,2024,CAT C - COMPACT + SEC + FINBERT,1,1,0.501015143089474
GOOGL,2024-02-09,0001652044-24-000032,0.0113345458828839,2024,CAT C - COMPACT + SEC + FINBERT,1,0,0.45536284206149374
AVGO,2024-02-12,0001140361-24-006724,-0.0104549920219344,2024,CAT C - COMPACT + SEC + FINBERT,0,1,0.5625094898305315
META,2024-02-15,0001326801-24-000019,0.019736042790619,2024,CAT C - COMPACT + SEC + FINBERT,1,0,0.4944220956904203
INTC,2024-02-20,0000050863-24-000033,0.030761207112588,2024,CAT C - COMPACT + SEC + FINBERT,1,1,0.5074260770300415
AMD,2024-02-21,0001628280-24-005593,-0.0044478577490031,2024,CAT C - COMPACT + SEC + FINBERT,0,0,0.3493580013162518
INTC,2024-02-22,0001193125-24-041435,-0.0405478899608676,2024,CAT C - COMPACT + SEC + FINBERT,0,0,0.39323896482171067
NVDA,2024-02-22,0001045810-24-000028,0.1347330165436682,2024,CAT C - COMPACT + SEC + FINBERT,1,0,0.4609070799582568
AAPL,2024-02-29,0001140361-24-010155,-0.0122624655956898,2024,CAT C - COMPACT + SEC + FINBERT,0,0,0.3974306862433593
AVGO,2024-03-08,0001730168-24-000012,-0.0554224960816073,2024,CAT C - COMPACT + SEC + FINBERT,0,0,0.49871143905475296
QCOM,2024-03-08,0000804328-24-000020,-0.0148729957619656,2024,CAT C - COMPACT + SEC + FINBERT,0,0,0.31798800376863295
INTC,2024-03-14,0000050863-24-000036,-0.0085821226346747,2024,CAT C - COMPACT + SEC + FINBERT,0,0,0.3938217748891362
ADBE,2024-03-15,0000796343-24-000057,-0.1248298560785117,2024,CAT C - COMPACT + SEC + FINBERT,0,0,0.3963892034678638
NVDA,2024-03-15,0001045810-24-000069,0.010670162639536,2024,CAT C - COMPACT + SEC + FINBERT,1,0,0.3933881082129406
INTC,2024-04-03,0000050863-24-000068,-0.0844015754415581,2024,CAT C - COMPACT + SEC + FINBERT,0,0,0.3752239719326304
TSLA,2024-04-03,0000950170-24-040274,0.0082580205460329,2024,CAT C - COMPACT + SEC + FINBERT,1,0,0.42180135167153654
ADBE,2024-04-05,0001193125-24-087244,-0.0158691774008384,2024,CAT C - COMPACT + SEC + FINBERT,0,0,0.442312479284753
AMZN,2024-04-11,0001104659-24-045915,0.0007030203450197,2024,CAT C - COMPACT + SEC + FINBERT,1,1,0.5040527168173727
TSLA,2024-04-16,0000950170-24-044588,-0.0271550790003385,2024,CAT C - COMPACT + SEC + FINBERT,0,0,0.32449299126413295
NFLX,2024-04-19,0001065280-24-000127,-0.0702437021508806,2024,CAT C - COMPACT + SEC + FINBERT,0,0,0.41844001219582677
ADBE,2024-04-22,0000796343-24-000086,-0.0060351498461006,2024,CAT C - COMPACT + SEC + FINBERT,0,0,0.3713478877256318
AVGO,2024-04-24,0001730168-24-000055,0.0027202176051119,2024,CAT C - COMPACT + SEC + FINBERT,1,0,0.4336210775129156
TSLA,2024-04-24,0000950170-24-046895,0.1172234242258121,2024,CAT C - COMPACT + SEC + FINBERT,1,0,0.48824456737402083
META,2024-04-25,0001326801-24-000044,-0.1007828326512643,2024,CAT C - COMPACT + SEC + FINBERT,0,1,0.5152703498182434
GOOGL,2024-04-26,0001652044-24-000047,0.0868120410411665,2024,CAT C - COMPACT + SEC + FINBERT,1,0,0.44859258931436957
INTC,2024-04-26,0000050863-24-000074,-0.1074282063052449,2024,CAT C - COMPACT + SEC + FINBERT,0,0,0.4516195491189752
MSFT,2024-04-26,0000950170-24-048268,0.0028119746505765,2024,CAT C - COMPACT + SEC + FINBERT,1,0,0.4895702554980597
AMD,2024-05-01,0000002488-24-000054,-0.0818590805494118,2024,CAT C - COMPACT + SEC + FINBERT,0,0,0.4461602474833213
AMZN,2024-05-01,0001018724-24-000081,0.0300875949213443,2024,CAT C - COMPACT + SEC + FINBERT,1,0,0.4168047352550872
QCOM,2024-05-02,0000804328-24-000038,0.0846712442402795,2024,CAT C - COMPACT + SEC + FINBERT,1,0,0.45690711317936694
AAPL,2024-05-03,0000320193-24-000067,0.0397177621053623,2024,CAT C - COMPACT + SEC + FINBERT,1,0,0.3581159927887275
AAPL,2024-05-06,0001140361-24-024352,-0.0200602379123682,2024,CAT C - COMPACT + SEC + FINBERT,0,0,0.32493092367797766
AMZN,2024-05-06,0001104659-24-057026,0.0024184940626126,2024,CAT C - COMPACT + SEC + FINBERT,1,1,0.5439973596393141
INTC,2024-05-08,0000050863-24-000086,-0.0215737571496704,2024,CAT C - COMPACT + SEC + FINBERT,0,0,0.43094253481591444
QCOM,2024-05-09,0000804328-24-000042,-0.0022370667146321,2024,CAT C - COMPACT + SEC + FINBERT,0,0,0.43978567220627135
INTC,2024-05-10,0000050863-24-000093,-0.0103340752317097,2024,CAT C - COMPACT + SEC + FINBERT,0,0,0.42061203358707433
AMD,2024-05-14,0000002488-24-000076,0.010836719386652,2024,CAT C - COMPACT + SEC + FINBERT,1,0,0.3938460475256499
AMZN,2024-05-15,0001104659-24-061143,-0.0214035828102581,2024,CAT C - COMPACT + SEC + FINBERT,0,0,0.43741198113759405
NVDA,2024-05-23,0001045810-24-000113,0.0976949075031965,2024,CAT C - COMPACT + SEC + FINBERT,1,0,0.4042077511520513
AMZN,2024-05-28,0001104659-24-065117,0.0039677844666901,2024,CAT C - COMPACT + SEC + FINBERT,1,0,0.3465192773188852
META,2024-06-03,0001326801-24-000057,0.0174655926294444,2024,CAT C - COMPACT + SEC + FINBERT,1,0,0.3291576600569468
GOOGL,2024-06-05,0001193125-24-154725,-0.0108380197823509,2024,CAT C - COMPACT + SEC + FINBERT,0,0,0.4313814439201178
INTC,2024-06-05,0000050863-24-000103,0.0048153149112701,2024,CAT C - COMPACT + SEC + FINBERT,1,0,0.4685670224967638
GOOGL,2024-06-10,0001193125-24-157498,0.0002646731088924,2024,CAT C - COMPACT + SEC + FINBERT,1,0,0.4604949919814303
NFLX,2024-06-10,0001065280-24-000185,0.000684267661654,2024,CAT C - COMPACT + SEC + FINBERT,1,0,0.4705286309957773
NVDA,2024-06-10,0001045810-24-000144,0.0034221189710492,2024,CAT C - COMPACT + SEC + FINBERT,1,1,0.6459665667140625
AVGO,2024-06-13,0001730168-24-000077,0.1172670008910432,2024,CAT C - COMPACT + SEC + FINBERT,1,0,0.35423628448707745
ADBE,2024-06-14,0000796343-24-000140,0.1399336508244648,2024,CAT C - COMPACT + SEC + FINBERT,1,0,0.4422605822575841
GOOGL,2024-06-14,0001193125-24-160721,0.0041244145221528,2024,CAT C - COMPACT + SEC + FINBERT,1,0,0.4227182471272405
TSLA,2024-06-14,0001104659-24-071439,-0.0296236588388044,2024,CAT C - COMPACT + SEC + FINBERT,0,0,0.324419097175026
INTC,2024-06-17,0000050863-24-000110,0.0051556659696221,2024,CAT C - COMPACT + SEC + FINBERT,1,0,0.36978023120510123
TSLA,2024-07-02,0001628280-24-030714,0.0914729351799721,2024,CAT C - COMPACT + SEC + FINBERT,1,0,0.3821255254597694
AMD,2024-07-03,0000002488-24-000109,-0.0108323175729508,2024,CAT C - COMPACT + SEC + FINBERT,0,0,0.3786420102774965
NVDA,2024-07-03,0001045810-24-000206,0.0373956300194346,2024,CAT C - COMPACT + SEC + FINBERT,1,0,0.49779865165512627
AVGO,2024-07-08,0001140361-24-032566,0.0226024920007321,2024,CAT C - COMPACT + SEC + FINBERT,1,0,0.43858702087234536
AVGO,2024-07-15,0001140361-24-033072,0.0052678472960536,2024,CAT C - COMPACT + SEC + FINBERT,1,0,0.4569658096208903
ADBE,2024-07-19,0000796343-24-000173,-0.0016419356270305,2024,CAT C - COMPACT + SEC + FINBERT,0,1,0.5000327906865963
NFLX,2024-07-19,0001065280-24-000199,-0.0062210738177783,2024,CAT C - COMPACT + SEC + FINBERT,0,0,0.4846007649689597
AMD,2024-07-23,0000002488-24-000115,-0.0084724169439157,2024,CAT C - COMPACT + SEC + FINBERT,0,0,0.43220364823467255
GOOGL,2024-07-24,0001652044-24-000076,-0.0145174608587789,2024,CAT C - COMPACT + SEC + FINBERT,0,0,0.46062136449642316
TSLA,2024-07-24,0001628280-24-032603,-0.0874757292119658,2024,CAT C - COMPACT + SEC + FINBERT,0,0,0.4531222259231998
AMD,2024-07-31,0000002488-24-000121,0.0140352718571412,2024,CAT C - COMPACT + SEC + FINBERT,1,0,0.46884584704478005
MSFT,2024-07-31,0000950170-24-087835,-0.0403995338996397,2024,CAT C - COMPACT + SEC + FINBERT,0,1,0.5398901700782458
META,2024-08-01,0001326801-24-000065,0.0724701323219204,2024,CAT C - COMPACT + SEC + FINBERT,1,1,0.5241507672371061
QCOM,2024-08-01,0000804328-24-000055,-0.0694510076775402,2024,CAT C - COMPACT + SEC + FINBERT,0,0,0.47509571738667444
AAPL,2024-08-02,0000320193-24-000080,0.0306044294935562,2024,CAT C - COMPACT + SEC + FINBERT,1,0,0.44682439632139376
AMZN,2024-08-02,0001018724-24-000128,-0.0641119895977478,2024,CAT C - COMPACT + SEC + FINBERT,0,0,0.487095080892422
INTC,2024-08-02,0000050863-24-000122,-0.2368500510200635,2024,CAT C - COMPACT + SEC + FINBERT,0,0,0.49049981682474797
NFLX,2024-08-02,0001140361-24-035325,0.0057947539156958,2024,CAT C - COMPACT + SEC + FINBERT,1,0,0.4721284712848457
GOOGL,2024-08-06,0001652044-24-000085,-0.015583587491549,2024,CAT C - COMPACT + SEC + FINBERT,0,0,0.4155615829305228
ADBE,2024-08-09,0000796343-24-000192,0.0062065447942678,2024,CAT C - COMPACT + SEC + FINBERT,1,0,0.3551482583470216
META,2024-08-12,0001193125-24-197873,-0.0056686754199641,2024,CAT C - COMPACT + SEC + FINBERT,0,0,0.31957180901073984
QCOM,2024-08-12,0000804328-24-000061,-0.0118204769000732,2024,CAT C - COMPACT + SEC + FINBERT,0,1,0.5343959214184197
AMD,2024-08-19,0001193125-24-202457,0.032098258905727,2024,CAT C - COMPACT + SEC + FINBERT,1,0,0.4380282403736473
MSFT,2024-08-22,0001193125-24-204403,-0.0043980212421622,2024,CAT C - COMPACT + SEC + FINBERT,0,0,0.4131275455913012
INTC,2024-08-23,0000050863-24-000134,0.0110450938530819,2024,CAT C - COMPACT + SEC + FINBERT,1,0,0.4194469291217982
AAPL,2024-08-26,0001140361-24-038403,0.0112070905297206,2024,CAT C - COMPACT + SEC + FINBERT,1,1,0.5716448146395632
AAPL,2024-08-27,0001140361-24-038601,0.0007542657206189,2024,CAT C - COMPACT + SEC + FINBERT,1,1,0.6064685001734639
NVDA,2024-08-29,0001045810-24-000262,-0.0623846340010401,2024,CAT C - COMPACT + SEC + FINBERT,0,0,0.4596151467240547
AVGO,2024-09-06,0001730168-24-000095,-0.0767334877670407,2024,CAT C - COMPACT + SEC + FINBERT,0,0,0.49177767121343335
AAPL,2024-09-10,0001140361-24-040659,-0.0128632518967733,2024,CAT C - COMPACT + SEC + FINBERT,0,1,0.5604668900719325
META,2024-09-11,0001326801-24-000072,-0.0077688677103828,2024,CAT C - COMPACT + SEC + FINBERT,0,1,0.5143296803519172
ADBE,2024-09-13,0000796343-24-000200,-0.0891786499822013,2024,CAT C - COMPACT + SEC + FINBERT,0,0,0.39028834722262956
GOOGL,2024-09-24,0001652044-24-000097,-0.0021051469157118,2024,CAT C - COMPACT + SEC + FINBERT,0,0,0.4267641879676652
TSLA,2024-10-02,0001628280-24-041816,-0.0362940176219049,2024,CAT C - COMPACT + SEC + FINBERT,0,0,0.4771416024271704
AVGO,2024-10-03,0001193125-24-231159,0.0079543582968901,2024,CAT C - COMPACT + SEC + FINBERT,1,0,0.3419334530416907
QCOM,2024-10-10,0000804328-24-000064,-0.0088514143569888,2024,CAT C - COMPACT + SEC + FINBERT,0,0,0.3198276260321267
NFLX,2024-10-18,0001065280-24-000286,0.104315570955207,2024,CAT C - COMPACT + SEC + FINBERT,1,0,0.40909680464899645
TSLA,2024-10-24,0001628280-24-043432,0.2110815153980303,2024,CAT C - COMPACT + SEC + FINBERT,1,0,0.4733208458648007
AMD,2024-10-30,0000002488-24-000161,-0.0986077205311312,2024,CAT C - COMPACT + SEC + FINBERT,0,0,0.41817292629173924
GOOGL,2024-10-30,0001652044-24-000115,0.0357284587086796,2024,CAT C - COMPACT + SEC + FINBERT,1,0,0.42570170691809534
META,2024-10-31,0001326801-24-000077,-0.0156832347344346,2024,CAT C - COMPACT + SEC + FINBERT,0,0,0.45378093331211866
MSFT,2024-10-31,0000950170-24-118955,-0.0352849351641355,2024,CAT C - COMPACT + SEC + FINBERT,0,0,0.42184189938920674
AAPL,2024-11-01,0000320193-24-000120,-0.0206786073841666,2024,CAT C - COMPACT + SEC + FINBERT,0,0,0.4522345070927581
AMZN,2024-11-01,0001018724-24-000158,0.0544572368232327,2024,CAT C - COMPACT + SEC + FINBERT,1,0,0.4326858923078255
INTC,2024-11-01,0000050863-24-000147,0.07066794518924,2024,CAT C - COMPACT + SEC + FINBERT,1,0,0.44230863115874974
QCOM,2024-11-07,0000804328-24-000074,-0.0162068240586866,2024,CAT C - COMPACT + SEC + FINBERT,0,0,0.33346503905566527
NVDA,2024-11-08,0001045810-24-000300,-0.009564725627819,2024,CAT C - COMPACT + SEC + FINBERT,0,0,0.45846253063464876
AMD,2024-11-19,0000002488-24-000172,-0.0035686693916257,2024,CAT C - COMPACT + SEC + FINBERT,0,0,0.44075622291847705
NVDA,2024-11-21,0001045810-24-000315,0.0017494321955247,2024,CAT C - COMPACT + SEC + FINBERT,1,0,0.45928986762073304
INTC,2024-11-29,0000050863-24-000169,0.0081264613034299,2024,CAT C - COMPACT + SEC + FINBERT,1,0,0.49303002845021293
INTC,2024-12-03,0000050863-24-000173,-0.0640776713102243,2024,CAT C - COMPACT + SEC + FINBERT,0,0,0.39264578996981553
MSFT,2024-12-04,0000950170-24-132722,0.0020620099052759,2024,CAT C - COMPACT + SEC + FINBERT,1,0,0.3747101232026408
INTC,2024-12-05,0000050863-24-000180,-0.0500523717299665,2024,CAT C - COMPACT + SEC + FINBERT,0,0,0.4085724667448858
ADBE,2024-12-12,0000796343-24-000250,-0.1304726539184462,2024,CAT C - COMPACT + SEC + FINBERT,0,0,0.3526352222934737
MSFT,2024-12-12,0001193125-24-275524,0.0077233527532145,2024,CAT C - COMPACT + SEC + FINBERT,1,0,0.3874893305692664
AVGO,2024-12-13,0001730168-24-000125,0.2366717794511601,2024,CAT C - COMPACT + SEC + FINBERT,1,0,0.4027200233265683
QCOM,2024-12-13,0000804328-24-000079,-0.0058219456139634,2024,CAT C - COMPACT + SEC + FINBERT,0,0,0.4622496178372993
TSLA,2025-01-02,0001628280-25-000007,-0.05886014378365,2025,CAT A - COMPACT MARKET,0,0,0.4474176586665489
AAPL,2025-01-06,0001140361-25-000228,-0.0047542763313559,2025,CAT A - COMPACT MARKET,0,0,0.4922104078073984
META,2025-01-07,0001326801-25-000005,-0.0016890354040893,2025,CAT A - COMPACT MARKET,0,0,0.30710779955288287
AVGO,2025-01-13,0001193125-25-004476,0.0075827566715486,2025,CAT A - COMPACT MARKET,1,1,0.581616912492075
AVGO,2025-01-14,0001193125-25-005318,-0.0016694757783562,2025,CAT A - COMPACT MARKET,0,1,0.5048846695553225
ADBE,2025-01-21,0001193125-25-008409,0.0089492434486455,2025,CAT A - COMPACT MARKET,1,0,0.4467785660994888
NVDA,2025-01-21,0001045810-25-000007,0.0167911079756806,2025,CAT A - COMPACT MARKET,1,1,0.5384583835639503
NFLX,2025-01-22,0001065280-25-000033,0.0841579013756215,2025,CAT A - COMPACT MARKET,1,1,0.5409969884939156
MSFT,2025-01-23,0001193125-25-010492,-0.0009831174507721,2025,CAT A - COMPACT MARKET,0,0,0.35040742422041027
META,2025-01-30,0001326801-25-000014,0.0112736215606825,2025,CAT A - COMPACT MARKET,1,0,0.47672172436220334
MSFT,2025-01-30,0000950170-25-010484,-0.0660714994455886,2025,CAT A - COMPACT MARKET,0,0,0.46707883558874846
TSLA,2025-01-30,0001628280-25-002993,0.0244704911779372,2025,CAT A - COMPACT MARKET,1,1,0.533451693763101
AAPL,2025-01-31,0000320193-25-000007,-0.0052390147515748,2025,CAT A - COMPACT MARKET,0,1,0.5771720325732421
ADBE,2025-01-31,0000796343-25-000036,-0.0177172220699866,2025,CAT A - COMPACT MARKET,0,0,0.3444556375440277
INTC,2025-01-31,0000050863-25-000004,-0.0275323489546072,2025,CAT A - COMPACT MARKET,0,0,0.43502010161105575
AMD,2025-02-05,0000002488-25-000009,-0.0672156317243187,2025,CAT A - COMPACT MARKET,0,0,0.3531091976804409
GOOGL,2025-02-05,0001652044-25-000010,-0.0774615664851434,2025,CAT A - COMPACT MARKET,0,0,0.3721513798978057
QCOM,2025-02-06,0000804328-25-000010,-0.0424086946512257,2025,CAT A - COMPACT MARKET,0,0,0.3614439196815247
AMZN,2025-02-07,0001018724-25-000002,-0.0279175860380737,2025,CAT A - COMPACT MARKET,0,1,0.5152443903324013
META,2025-02-21,0001326801-25-000021,0.0045063857929992,2025,CAT A - COMPACT MARKET,1,1,0.5387104899395939
AMD,2025-02-25,0000002488-25-000026,-0.0257874407127393,2025,CAT A - COMPACT MARKET,0,0,0.43496155717051777
AAPL,2025-02-26,0001140361-25-005876,-0.0294557859935854,2025,CAT A - COMPACT MARKET,0,0,0.4294355894505155
NVDA,2025-02-27,0001045810-25-000021,-0.0570094103254051,2025,CAT A - COMPACT MARKET,0,0,0.42743221182132246
INTC,2025-03-03,0000050863-25-000024,-0.019836860760271,2025,CAT A - COMPACT MARKET,0,0,0.3985352869097051
AVGO,2025-03-07,0001730168-25-000009,0.0790772020043801,2025,CAT A - COMPACT MARKET,1,0,0.47254112847738117
NVDA,2025-03-10,0001045810-25-000039,-0.01191383511016,2025,CAT A - COMPACT MARKET,0,1,0.5254064884151044
AMD,2025-03-12,0001193125-25-052173,0.030368716856449,2025,CAT A - COMPACT MARKET,1,0,0.4690386267033597
ADBE,2025-03-13,0000796343-25-000052,-0.1205411963432797,2025,CAT A - COMPACT MARKET,0,0,0.49055908997168723
INTC,2025-03-17,0000050863-25-000036,0.0617075900886607,2025,CAT A - COMPACT MARKET,1,0,0.4130974763994685
GOOGL,2025-03-18,0001652044-25-000027,-0.0049868533512834,2025,CAT A - COMPACT MARKET,0,0,0.4720134433874243
QCOM,2025-03-21,0000804328-25-000018,-0.0104507625727504,2025,CAT A - COMPACT MARKET,0,0,0.46604382232683095
AMD,2025-03-25,0001193125-25-061366,0.0027255524888967,2025,CAT A - COMPACT MARKET,1,0,0.19518741262054906
INTC,2025-03-28,0000050863-25-000060,-0.0121988617232063,2025,CAT A - COMPACT MARKET,0,0,0.4827025446897507
AMD,2025-03-31,0001193125-25-067902,-0.0046076765526307,2025,CAT A - COMPACT MARKET,0,1,0.503737636417398
TSLA,2025-04-02,0001628280-25-016070,0.0459683875483936,2025,CAT A - COMPACT MARKET,1,0,0.3841524430777385
AMZN,2025-04-10,0001104659-25-033450,-0.0091684982251557,2025,CAT A - COMPACT MARKET,0,0,0.26707816891292924
INTC,2025-04-14,0001193125-25-079727,0.0220970611689994,2025,CAT A - COMPACT MARKET,1,1,0.5171259933090896
META,2025-04-14,0001326801-25-000027,-0.0290202980323543,2025,CAT A - COMPACT MARKET,0,1,0.5159139512528341
AMD,2025-04-16,0000002488-25-000039,-0.0433064565689217,2025,CAT A - COMPACT MARKET,0,1,0.5683987735279523
NVDA,2025-04-16,0001045810-25-000082,-0.0385630135262662,2025,CAT A - COMPACT MARKET,0,0,0.4561884130000184
GOOGL,2025-04-21,0001652044-25-000033,0.001658441613326,2025,CAT A - COMPACT MARKET,1,0,0.4428541703106682
INTC,2025-04-21,0000050863-25-000063,0.0199923705911453,2025,CAT A - COMPACT MARKET,1,1,0.501991140827335
NFLX,2025-04-21,0001065280-25-000175,0.0400391628791936,2025,CAT A - COMPACT MARKET,1,1,0.5097049220043212
AVGO,2025-04-23,0001730168-25-000037,0.020546316571693,2025,CAT A - COMPACT MARKET,1,0,0.44932889702566325
TSLA,2025-04-23,0001628280-25-018851,0.0309840231341191,2025,CAT A - COMPACT MARKET,1,0,0.44776671681695135
ADBE,2025-04-25,0001628280-25-019665,0.00772102769487,2025,CAT A - COMPACT MARKET,1,0,0.4218921404054872
GOOGL,2025-04-25,0001652044-25-000040,0.0056778680502369,2025,CAT A - COMPACT MARKET,1,1,0.5455832748516067
INTC,2025-04-25,0000050863-25-000070,-0.0781558716736774,2025,CAT A - COMPACT MARKET,0,1,0.5401986636996652
INTC,2025-04-30,0000050863-25-000079,-0.0116732534635292,2025,CAT A - COMPACT MARKET,0,0,0.4904837984591977
META,2025-05-01,0001326801-25-000050,0.0292160941986381,2025,CAT A - COMPACT MARKET,1,0,0.42237160288371584
MSFT,2025-05-01,0000950170-25-061032,0.0631927321655236,2025,CAT A - COMPACT MARKET,1,0,0.47062419250036686
QCOM,2025-05-01,0000804328-25-000029,-0.1023105592841709,2025,CAT A - COMPACT MARKET,0,0,0.40638944080415096
AAPL,2025-05-02,0000320193-25-000055,-0.0522054924249119,2025,CAT A - COMPACT MARKET,0,0,0.42163991424856273
AMZN,2025-05-02,0001018724-25-000034,-0.016000458315075,2025,CAT A - COMPACT MARKET,0,0,0.45563546890682766
GOOGL,2025-05-02,0001193125-25-110020,0.0020812471971012,2025,CAT A - COMPACT MARKET,1,0,0.46900036325508343
AMD,2025-05-07,0000002488-25-000045,0.0137175882183342,2025,CAT A - COMPACT MARKET,1,0,0.405273231247312
GOOGL,2025-05-07,0001193125-25-113864,-0.0765227155851061,2025,CAT A - COMPACT MARKET,0,1,0.5386821764274056
INTC,2025-05-12,0000050863-25-000084,-0.0052593287332221,2025,CAT A - COMPACT MARKET,0,0,0.3679311896557239
AAPL,2025-05-13,0001140361-25-018400,-0.0050885492194789,2025,CAT A - COMPACT MARKET,0,0,0.4309537089473258
QCOM,2025-05-14,0000804328-25-000034,0.0048435657776624,2025,CAT A - COMPACT MARKET,1,0,0.39223363386705945
TSLA,2025-05-16,0001628280-25-026148,0.0165331773278589,2025,CAT A - COMPACT MARKET,1,1,0.6488552307857307
AMD,2025-05-19,0000002488-25-000064,-0.0216979027634007,2025,CAT A - COMPACT MARKET,0,1,0.6351467606923922
AMD,2025-05-19,0001193125-25-122121,-0.0216979027634007,2025,CAT A - COMPACT MARKET,0,1,0.6351467606923922
TSLA,2025-05-19,0001104659-25-050072,-0.0235029893233719,2025,CAT A - COMPACT MARKET,0,1,0.576942501961278
AMZN,2025-05-23,0001104659-25-052014,-0.0011282096288659,2025,CAT A - COMPACT MARKET,0,0,0.47459063607051927
QCOM,2025-05-23,0001104659-25-051981,-0.004242458635643,2025,CAT A - COMPACT MARKET,0,1,0.5253653577920454
NVDA,2025-05-29,0001045810-25-000115,0.0305242737867583,2025,CAT A - COMPACT MARKET,1,0,0.43619715062776926
META,2025-06-02,0001326801-25-000090,0.028256530076506,2025,CAT A - COMPACT MARKET,1,0,0.44486106110655543
AVGO,2025-06-06,0001730168-25-000061,-0.0597888443301509,2025,CAT A - COMPACT MARKET,0,0,0.4707567247317179
NFLX,2025-06-09,0001065280-25-000286,-0.015173567476475,2025,CAT A - COMPACT MARKET,0,1,0.6197912834238564
QCOM,2025-06-10,0001104659-25-057814,0.0173228355659522,2025,CAT A - COMPACT MARKET,1,0,0.32733538473331636
ADBE,2025-06-13,0000796343-25-000064,-0.040626518735037,2025,CAT A - COMPACT MARKET,0,1,0.5261870283523529
GOOGL,2025-06-13,0001193125-25-139948,0.0066923385153199,2025,CAT A - COMPACT MARKET,1,0,0.39206316950831827
NFLX,2025-06-25,0001065280-25-000287,-0.0055742702774185,2025,CAT A - COMPACT MARKET,0,1,0.5900682758612045
NVDA,2025-07-01,0001045810-25-000179,-0.0212558369759616,2025,CAT A - COMPACT MARKET,0,1,0.5408328434241676
MSFT,2025-07-02,0001193125-25-154103,-0.0089164590656711,2025,CAT A - COMPACT MARKET,0,1,0.6812419679316462
TSLA,2025-07-02,0001628280-25-033842,0.0427169045964572,2025,CAT A - COMPACT MARKET,1,0,0.4935757060566498
AMD,2025-07-03,0000002488-25-000099,-0.0142437493103435,2025,CAT A - COMPACT MARKET,0,1,0.5755936871261094
AAPL,2025-07-09,0001140361-25-025275,-0.0016983069028726,2025,CAT A - COMPACT MARKET,0,0,0.413801574021299
TSLA,2025-07-10,0001628280-25-034692,0.0487210294752877,2025,CAT A - COMPACT MARKET,1,1,0.5331480206096697
AVGO,2025-07-14,0001193125-25-158202,0.0008198519980098,2025,CAT A - COMPACT MARKET,1,1,0.5662699479776111
NFLX,2025-07-18,0001065280-25-000322,-0.0499976506831232,2025,CAT A - COMPACT MARKET,0,1,0.6089975818361321
GOOGL,2025-07-21,0001193125-25-161225,0.0220499551378408,2025,CAT A - COMPACT MARKET,1,1,0.50130214636106
GOOGL,2025-07-24,0001652044-25-000056,0.0080698239913239,2025,CAT A - COMPACT MARKET,1,1,0.5262594832579541
TSLA,2025-07-24,0001628280-25-035738,-0.0840986247796242,2025,CAT A - COMPACT MARKET,0,1,0.510435251285071
INTC,2025-07-25,0000050863-25-000107,-0.0876920500617223,2025,CAT A - COMPACT MARKET,0,0,0.30242161971782705
AAPL,2025-07-28,0001140361-25-027340,-0.0023301113794165,2025,CAT A - COMPACT MARKET,0,1,0.5495211311205784
META,2025-07-31,0001628280-25-036719,0.117826296679073,2025,CAT A - COMPACT MARKET,1,0,0.4219323257017353
MSFT,2025-07-31,0000950170-25-100226,0.0447738533112154,2025,CAT A - COMPACT MARKET,1,1,0.6465739553612485
QCOM,2025-07-31,0000804328-25-000044,-0.0720301967840085,2025,CAT A - COMPACT MARKET,0,0,0.3402315724214259
AAPL,2025-08-01,0000320193-25-000071,-0.0053046623012307,2025,CAT A - COMPACT MARKET,0,1,0.5210550684018878
AMZN,2025-08-01,0001018724-25-000084,-0.0629972838598512,2025,CAT A - COMPACT MARKET,0,0,0.49106048427781457
TSLA,2025-08-04,0001104659-25-073263,0.0034564045452589,2025,CAT A - COMPACT MARKET,1,1,0.506436994804813
AMD,2025-08-06,0000002488-25-000106,-0.0767793645794883,2025,CAT A - COMPACT MARKET,0,1,0.5214467945598061
NVDA,2025-08-06,0001045810-25-000197,-0.0060761692887618,2025,CAT A - COMPACT MARKET,0,1,0.5736783313650817
INTC,2025-08-15,0000050863-25-000123,0.0337351462987751,2025,CAT A - COMPACT MARKET,1,0,0.2671506105480495
INTC,2025-08-22,0000050863-25-000126,0.0398916783123206,2025,CAT A - COMPACT MARKET,1,0,0.45605606818055455
INTC,2025-08-25,0000050863-25-000129,-0.0071959885373535,2025,CAT A - COMPACT MARKET,0,0,0.35292172723279736
AMD,2025-08-26,0000002488-25-000147,0.0159407664814916,2025,CAT A - COMPACT MARKET,1,1,0.5058809445148676
QCOM,2025-08-26,0000804328-25-000049,0.0135658664098605,2025,CAT A - COMPACT MARKET,1,0,0.47636822917683225
NVDA,2025-08-28,0001045810-25-000207,-0.0141343127791589,2025,CAT A - COMPACT MARKET,0,1,0.5127328213751511
INTC,2025-09-02,0000050863-25-000135,0.0026306361602177,2025,CAT A - COMPACT MARKET,1,1,0.5428983534481805
QCOM,2025-09-03,0000804328-25-000054,-0.0173144997282927,2025,CAT A - COMPACT MARKET,0,0,0.4669753961650005
GOOGL,2025-09-04,0001652044-25-000067,-0.0019413096759779,2025,CAT A - COMPACT MARKET,0,0,0.29051873317250365
AVGO,2025-09-05,0001730168-25-000094,0.0926114077971371,2025,CAT A - COMPACT MARKET,1,1,0.5484442643402209
GOOGL,2025-09-08,0001652044-25-000074,-0.008072545922159,2025,CAT A - COMPACT MARKET,0,1,0.5690416344092402
INTC,2025-09-08,0000050863-25-000147,-0.0052864773859351,2025,CAT A - COMPACT MARKET,0,1,0.5178751262425615
TSLA,2025-09-08,0001104659-25-087862,-0.0175334866626433,2025,CAT A - COMPACT MARKET,0,0,0.38209725619595797
INTC,2025-09-09,0000050863-25-000149,-0.0044669492947324,2025,CAT A - COMPACT MARKET,0,1,0.532001067852515
AVGO,2025-09-10,0001193125-25-199281,0.0973944507010884,2025,CAT A - COMPACT MARKET,1,1,0.6531950603319037
AVGO,2025-09-11,0001193125-25-200108,-0.0327165698047944,2025,CAT A - COMPACT MARKET,0,0,0.4207472193141873
ADBE,2025-09-12,0000796343-25-000102,-0.0078118643336309,2025,CAT A - COMPACT MARKET,0,0,0.3623248092429858
INTC,2025-09-15,0000050863-25-000153,0.0200976390034777,2025,CAT A - COMPACT MARKET,1,1,0.5449487561312263
INTC,2025-09-19,0000050863-25-000155,-0.0391540449480576,2025,CAT A - COMPACT MARKET,0,0,0.44959500281900483
AVGO,2025-09-30,0001193125-25-223202,0.003390818422353,2025,CAT A - COMPACT MARKET,1,1,0.5024214972626767
INTC,2025-09-30,0000050863-25-000159,-0.0297113012730684,2025,CAT A - COMPACT MARKET,0,1,0.7207687754334677
MSFT,2025-10-01,0001193125-25-225125,-0.0013989545791359,2025,CAT A - COMPACT MARKET,0,0,0.48904870468591305
TSLA,2025-10-02,0001628280-25-043530,-0.0551710441225548,2025,CAT A - COMPACT MARKET,0,1,0.6108257455874838
AMD,2025-10-06,0001193125-25-230895,0.229570120988193,2025,CAT A - COMPACT MARKET,1,0,0.29850267752310505
NFLX,2025-10-22,0001065280-25-000404,-0.0910467302021142,2025,CAT A - COMPACT MARKET,0,0,0.3306621687805018
TSLA,2025-10-23,0001628280-25-045861,0.0143968924225061,2025,CAT A - COMPACT MARKET,1,1,0.553417006908729
INTC,2025-10-24,0000050863-25-000169,-0.0075336534220806,2025,CAT A - COMPACT MARKET,0,0,0.44544984905493606
AMD,2025-10-27,0001193125-25-250803,0.0088791200291153,2025,CAT A - COMPACT MARKET,1,0,0.4677673177748969
GOOGL,2025-10-30,0001652044-25-000087,0.0404553257695274,2025,CAT A - COMPACT MARKET,1,1,0.530785326539685
META,2025-10-30,0001628280-25-047114,-0.0980590832120631,2025,CAT A - COMPACT MARKET,0,0,0.39240585494919006
MSFT,2025-10-30,0001193125-25-256310,-0.0138684677156911,2025,CAT A - COMPACT MARKET,0,1,0.5311617532827934
AAPL,2025-10-31,0000320193-25-000077,-0.0086189929971478,2025,CAT A - COMPACT MARKET,0,0,0.4823893865888436
AMZN,2025-10-31,0001018724-25-000121,0.091021090689308,2025,CAT A - COMPACT MARKET,1,0,0.4797047832001265
NFLX,2025-10-31,0001065280-25-000407,0.0225958143803028,2025,CAT A - COMPACT MARKET,1,1,0.5574144506438277
META,2025-11-04,0001193125-25-262593,0.0040052461336197,2025,CAT A - COMPACT MARKET,1,0,0.2577248965586139
AMD,2025-11-05,0000002488-25-000163,0.018607060458321,2025,CAT A - COMPACT MARKET,1,0,0.4836795030739421
NFLX,2025-11-05,0001065280-25-000408,-0.0014756161842595,2025,CAT A - COMPACT MARKET,0,1,0.5341935454619248
QCOM,2025-11-06,0000804328-25-000084,-0.0176514743796617,2025,CAT A - COMPACT MARKET,0,0,0.4196002107641826
GOOGL,2025-11-07,0001193125-25-269979,-0.0176349022429217,2025,CAT A - COMPACT MARKET,0,0,0.47435649013867737
TSLA,2025-11-10,0001104659-25-108507,0.0144516595534354,2025,CAT A - COMPACT MARKET,1,0,0.4189700174948119
INTC,2025-11-13,0000050863-25-000194,-0.0318404771007635,2025,CAT A - COMPACT MARKET,0,0,0.4781829289122548
NFLX,2025-11-17,0001065280-25-000450,0.0002054042438982,2025,CAT A - COMPACT MARKET,1,0,0.31723795165294105
NVDA,2025-11-20,0001045810-25-000228,-0.0078530969650368,2025,CAT A - COMPACT MARKET,0,1,0.5020133584446613
AMZN,2025-11-21,0001104659-25-114647,0.0088361750757295,2025,CAT A - COMPACT MARKET,1,0,0.31778044432806674
NFLX,2025-12-05,0001193125-25-308651,-0.0329477561125077,2025,CAT A - COMPACT MARKET,0,0,0.4394924458231701
AAPL,2025-12-08,0001140361-25-044561,-0.0012738305670579,2025,CAT A - COMPACT MARKET,0,1,0.5380252496004905
MSFT,2025-12-09,0001193125-25-311196,0.0008032673129765,2025,CAT A - COMPACT MARKET,1,0,0.4709818841895789
ADBE,2025-12-11,0000796343-25-000135,0.0245091460598039,2025,CAT A - COMPACT MARKET,1,0,0.4358575950765862
QCOM,2025-12-11,0000804328-25-000096,-0.0019244707519939,2025,CAT A - COMPACT MARKET,0,0,0.3162056414979
AVGO,2025-12-12,0001730168-25-000116,-0.0951618269193697,2025,CAT A - COMPACT MARKET,0,1,0.5051687906811929
META,2025-12-15,0001628280-25-056768,0.0109305638451026,2025,CAT A - COMPACT MARKET,1,0,0.41360916393941005
AMD,2025-12-16,0000002488-25-000182,0.0056778767854142,2025,CAT A - COMPACT MARKET,1,0,0.467594976526303
QCOM,2025-12-17,0000804328-25-000098,-0.0029255981515337,2025,CAT A - COMPACT MARKET,0,1,0.5152467332587987
META,2025-12-22,0001628280-25-058337,-0.0006494060583752,2025,CAT A - COMPACT MARKET,0,0,0.3827387275614953
NFLX,2025-12-22,0001193125-25-327462,-0.0170828254997952,2025,CAT A - COMPACT MARKET,0,1,0.5076904192247667
INTC,2025-12-29,0000050863-25-000204,0.0181003383428818,2025,CAT A - COMPACT MARKET,1,0,0.4937700289949794
TSLA,2025-01-02,0001628280-25-000007,-0.05886014378365,2025,CAT B - COMPACT + SEC,0,0,0.4672277666934759
AAPL,2025-01-06,0001140361-25-000228,-0.0047542763313559,2025,CAT B - COMPACT + SEC,0,0,0.45262823743384767
META,2025-01-07,0001326801-25-000005,-0.0016890354040893,2025,CAT B - COMPACT + SEC,0,0,0.2949633170077733
AVGO,2025-01-13,0001193125-25-004476,0.0075827566715486,2025,CAT B - COMPACT + SEC,1,1,0.5431694608718561
AVGO,2025-01-14,0001193125-25-005318,-0.0016694757783562,2025,CAT B - COMPACT + SEC,0,0,0.4508541163677372
ADBE,2025-01-21,0001193125-25-008409,0.0089492434486455,2025,CAT B - COMPACT + SEC,1,1,0.5147640315055975
NVDA,2025-01-21,0001045810-25-000007,0.0167911079756806,2025,CAT B - COMPACT + SEC,1,0,0.46771961087883956
NFLX,2025-01-22,0001065280-25-000033,0.0841579013756215,2025,CAT B - COMPACT + SEC,1,1,0.5195257519629479
MSFT,2025-01-23,0001193125-25-010492,-0.0009831174507721,2025,CAT B - COMPACT + SEC,0,0,0.322322070652692
META,2025-01-30,0001326801-25-000014,0.0112736215606825,2025,CAT B - COMPACT + SEC,1,1,0.5242736576097715
MSFT,2025-01-30,0000950170-25-010484,-0.0660714994455886,2025,CAT B - COMPACT + SEC,0,0,0.4994253483757713
TSLA,2025-01-30,0001628280-25-002993,0.0244704911779372,2025,CAT B - COMPACT + SEC,1,1,0.5350304486851073
AAPL,2025-01-31,0000320193-25-000007,-0.0052390147515748,2025,CAT B - COMPACT + SEC,0,1,0.6884577681827951
ADBE,2025-01-31,0000796343-25-000036,-0.0177172220699866,2025,CAT B - COMPACT + SEC,0,0,0.3452424134290746
INTC,2025-01-31,0000050863-25-000004,-0.0275323489546072,2025,CAT B - COMPACT + SEC,0,0,0.4665903233942456
AMD,2025-02-05,0000002488-25-000009,-0.0672156317243187,2025,CAT B - COMPACT + SEC,0,0,0.2880559329114632
GOOGL,2025-02-05,0001652044-25-000010,-0.0774615664851434,2025,CAT B - COMPACT + SEC,0,0,0.38565182036840145
QCOM,2025-02-06,0000804328-25-000010,-0.0424086946512257,2025,CAT B - COMPACT + SEC,0,0,0.3758860061302842
AMZN,2025-02-07,0001018724-25-000002,-0.0279175860380737,2025,CAT B - COMPACT + SEC,0,1,0.508002726207879
META,2025-02-21,0001326801-25-000021,0.0045063857929992,2025,CAT B - COMPACT + SEC,1,1,0.5563349528838263
AMD,2025-02-25,0000002488-25-000026,-0.0257874407127393,2025,CAT B - COMPACT + SEC,0,0,0.40385656710729756
AAPL,2025-02-26,0001140361-25-005876,-0.0294557859935854,2025,CAT B - COMPACT + SEC,0,0,0.3934905859668555
NVDA,2025-02-27,0001045810-25-000021,-0.0570094103254051,2025,CAT B - COMPACT + SEC,0,0,0.4363101799689872
INTC,2025-03-03,0000050863-25-000024,-0.019836860760271,2025,CAT B - COMPACT + SEC,0,0,0.3489100095717704
AVGO,2025-03-07,0001730168-25-000009,0.0790772020043801,2025,CAT B - COMPACT + SEC,1,1,0.5540927168739654
NVDA,2025-03-10,0001045810-25-000039,-0.01191383511016,2025,CAT B - COMPACT + SEC,0,0,0.3689344344889713
AMD,2025-03-12,0001193125-25-052173,0.030368716856449,2025,CAT B - COMPACT + SEC,1,0,0.4495275712549263
ADBE,2025-03-13,0000796343-25-000052,-0.1205411963432797,2025,CAT B - COMPACT + SEC,0,0,0.4820047772862818
INTC,2025-03-17,0000050863-25-000036,0.0617075900886607,2025,CAT B - COMPACT + SEC,1,0,0.44182119502928496
GOOGL,2025-03-18,0001652044-25-000027,-0.0049868533512834,2025,CAT B - COMPACT + SEC,0,0,0.48274944603990816
QCOM,2025-03-21,0000804328-25-000018,-0.0104507625727504,2025,CAT B - COMPACT + SEC,0,0,0.48959406380666576
AMD,2025-03-25,0001193125-25-061366,0.0027255524888967,2025,CAT B - COMPACT + SEC,1,0,0.24022499121541319
INTC,2025-03-28,0000050863-25-000060,-0.0121988617232063,2025,CAT B - COMPACT + SEC,0,1,0.5118938516140225
AMD,2025-03-31,0001193125-25-067902,-0.0046076765526307,2025,CAT B - COMPACT + SEC,0,0,0.4845520892115322
TSLA,2025-04-02,0001628280-25-016070,0.0459683875483936,2025,CAT B - COMPACT + SEC,1,0,0.40251958326939474
AMZN,2025-04-10,0001104659-25-033450,-0.0091684982251557,2025,CAT B - COMPACT + SEC,0,0,0.2631472202973086
INTC,2025-04-14,0001193125-25-079727,0.0220970611689994,2025,CAT B - COMPACT + SEC,1,1,0.5818681959935146
META,2025-04-14,0001326801-25-000027,-0.0290202980323543,2025,CAT B - COMPACT + SEC,0,1,0.5752346117385506
AMD,2025-04-16,0000002488-25-000039,-0.0433064565689217,2025,CAT B - COMPACT + SEC,0,1,0.6857301319260486
NVDA,2025-04-16,0001045810-25-000082,-0.0385630135262662,2025,CAT B - COMPACT + SEC,0,0,0.4859886627190202
GOOGL,2025-04-21,0001652044-25-000033,0.001658441613326,2025,CAT B - COMPACT + SEC,1,0,0.444649768557496
INTC,2025-04-21,0000050863-25-000063,0.0199923705911453,2025,CAT B - COMPACT + SEC,1,1,0.5540853779645671
NFLX,2025-04-21,0001065280-25-000175,0.0400391628791936,2025,CAT B - COMPACT + SEC,1,0,0.48765167623269
AVGO,2025-04-23,0001730168-25-000037,0.020546316571693,2025,CAT B - COMPACT + SEC,1,0,0.49505548232586066
TSLA,2025-04-23,0001628280-25-018851,0.0309840231341191,2025,CAT B - COMPACT + SEC,1,0,0.45635570411545934
ADBE,2025-04-25,0001628280-25-019665,0.00772102769487,2025,CAT B - COMPACT + SEC,1,0,0.3758132984071049
GOOGL,2025-04-25,0001652044-25-000040,0.0056778680502369,2025,CAT B - COMPACT + SEC,1,0,0.39318113733064003
INTC,2025-04-25,0000050863-25-000070,-0.0781558716736774,2025,CAT B - COMPACT + SEC,0,0,0.4842298365564726
INTC,2025-04-30,0000050863-25-000079,-0.0116732534635292,2025,CAT B - COMPACT + SEC,0,0,0.44990612259562285
META,2025-05-01,0001326801-25-000050,0.0292160941986381,2025,CAT B - COMPACT + SEC,1,0,0.4534662334866538
MSFT,2025-05-01,0000950170-25-061032,0.0631927321655236,2025,CAT B - COMPACT + SEC,1,0,0.4499157181960344
QCOM,2025-05-01,0000804328-25-000029,-0.1023105592841709,2025,CAT B - COMPACT + SEC,0,0,0.4235113361853357
AAPL,2025-05-02,0000320193-25-000055,-0.0522054924249119,2025,CAT B - COMPACT + SEC,0,0,0.48259836055552024
AMZN,2025-05-02,0001018724-25-000034,-0.016000458315075,2025,CAT B - COMPACT + SEC,0,0,0.43877841637176906
GOOGL,2025-05-02,0001193125-25-110020,0.0020812471971012,2025,CAT B - COMPACT + SEC,1,0,0.4643160204812472
AMD,2025-05-07,0000002488-25-000045,0.0137175882183342,2025,CAT B - COMPACT + SEC,1,0,0.3824619001349415
GOOGL,2025-05-07,0001193125-25-113864,-0.0765227155851061,2025,CAT B - COMPACT + SEC,0,0,0.44918174314314446
INTC,2025-05-12,0000050863-25-000084,-0.0052593287332221,2025,CAT B - COMPACT + SEC,0,0,0.3551082652410414
AAPL,2025-05-13,0001140361-25-018400,-0.0050885492194789,2025,CAT B - COMPACT + SEC,0,0,0.4685772396972645
QCOM,2025-05-14,0000804328-25-000034,0.0048435657776624,2025,CAT B - COMPACT + SEC,1,0,0.42239434011302684
TSLA,2025-05-16,0001628280-25-026148,0.0165331773278589,2025,CAT B - COMPACT + SEC,1,1,0.6269749383002872
AMD,2025-05-19,0000002488-25-000064,-0.0216979027634007,2025,CAT B - COMPACT + SEC,0,1,0.5943119168349601
AMD,2025-05-19,0001193125-25-122121,-0.0216979027634007,2025,CAT B - COMPACT + SEC,0,1,0.5947439561477147
TSLA,2025-05-19,0001104659-25-050072,-0.0235029893233719,2025,CAT B - COMPACT + SEC,0,1,0.6824641252509767
AMZN,2025-05-23,0001104659-25-052014,-0.0011282096288659,2025,CAT B - COMPACT + SEC,0,0,0.4477765230653854
QCOM,2025-05-23,0001104659-25-051981,-0.004242458635643,2025,CAT B - COMPACT + SEC,0,1,0.5451907198349586
NVDA,2025-05-29,0001045810-25-000115,0.0305242737867583,2025,CAT B - COMPACT + SEC,1,0,0.4241990543696187
META,2025-06-02,0001326801-25-000090,0.028256530076506,2025,CAT B - COMPACT + SEC,1,0,0.3975096286467382
AVGO,2025-06-06,0001730168-25-000061,-0.0597888443301509,2025,CAT B - COMPACT + SEC,0,1,0.5196026454224754
NFLX,2025-06-09,0001065280-25-000286,-0.015173567476475,2025,CAT B - COMPACT + SEC,0,1,0.6083680749311713
QCOM,2025-06-10,0001104659-25-057814,0.0173228355659522,2025,CAT B - COMPACT + SEC,1,0,0.33983494573211975
ADBE,2025-06-13,0000796343-25-000064,-0.040626518735037,2025,CAT B - COMPACT + SEC,0,0,0.4586392434746643
GOOGL,2025-06-13,0001193125-25-139948,0.0066923385153199,2025,CAT B - COMPACT + SEC,1,0,0.4322442641696047
NFLX,2025-06-25,0001065280-25-000287,-0.0055742702774185,2025,CAT B - COMPACT + SEC,0,1,0.595439813432972
NVDA,2025-07-01,0001045810-25-000179,-0.0212558369759616,2025,CAT B - COMPACT + SEC,0,1,0.5702312573179926
MSFT,2025-07-02,0001193125-25-154103,-0.0089164590656711,2025,CAT B - COMPACT + SEC,0,1,0.6820867473130591
TSLA,2025-07-02,0001628280-25-033842,0.0427169045964572,2025,CAT B - COMPACT + SEC,1,1,0.581366215655431
AMD,2025-07-03,0000002488-25-000099,-0.0142437493103435,2025,CAT B - COMPACT + SEC,0,1,0.5229083148570424
AAPL,2025-07-09,0001140361-25-025275,-0.0016983069028726,2025,CAT B - COMPACT + SEC,0,0,0.4244693667382522
TSLA,2025-07-10,0001628280-25-034692,0.0487210294752877,2025,CAT B - COMPACT + SEC,1,0,0.48373718522585946
AVGO,2025-07-14,0001193125-25-158202,0.0008198519980098,2025,CAT B - COMPACT + SEC,1,1,0.5770630320222333
NFLX,2025-07-18,0001065280-25-000322,-0.0499976506831232,2025,CAT B - COMPACT + SEC,0,1,0.5733414993969193
GOOGL,2025-07-21,0001193125-25-161225,0.0220499551378408,2025,CAT B - COMPACT + SEC,1,0,0.43179725621957077
GOOGL,2025-07-24,0001652044-25-000056,0.0080698239913239,2025,CAT B - COMPACT + SEC,1,1,0.5027271545928375
TSLA,2025-07-24,0001628280-25-035738,-0.0840986247796242,2025,CAT B - COMPACT + SEC,0,0,0.49689139199533455
INTC,2025-07-25,0000050863-25-000107,-0.0876920500617223,2025,CAT B - COMPACT + SEC,0,0,0.3523380481661248
AAPL,2025-07-28,0001140361-25-027340,-0.0023301113794165,2025,CAT B - COMPACT + SEC,0,0,0.4896442165543016
META,2025-07-31,0001628280-25-036719,0.117826296679073,2025,CAT B - COMPACT + SEC,1,0,0.4396218856730718
MSFT,2025-07-31,0000950170-25-100226,0.0447738533112154,2025,CAT B - COMPACT + SEC,1,1,0.5731741237895797
QCOM,2025-07-31,0000804328-25-000044,-0.0720301967840085,2025,CAT B - COMPACT + SEC,0,0,0.3909141639274764
AAPL,2025-08-01,0000320193-25-000071,-0.0053046623012307,2025,CAT B - COMPACT + SEC,0,1,0.5126390852576831
AMZN,2025-08-01,0001018724-25-000084,-0.0629972838598512,2025,CAT B - COMPACT + SEC,0,0,0.4729586400546654
TSLA,2025-08-04,0001104659-25-073263,0.0034564045452589,2025,CAT B - COMPACT + SEC,1,0,0.48531249603906557
AMD,2025-08-06,0000002488-25-000106,-0.0767793645794883,2025,CAT B - COMPACT + SEC,0,1,0.5455125866153716
NVDA,2025-08-06,0001045810-25-000197,-0.0060761692887618,2025,CAT B - COMPACT + SEC,0,1,0.518739643853767
INTC,2025-08-15,0000050863-25-000123,0.0337351462987751,2025,CAT B - COMPACT + SEC,1,0,0.2778413945146447
INTC,2025-08-22,0000050863-25-000126,0.0398916783123206,2025,CAT B - COMPACT + SEC,1,0,0.48762200124793736
INTC,2025-08-25,0000050863-25-000129,-0.0071959885373535,2025,CAT B - COMPACT + SEC,0,0,0.32096238140993044
AMD,2025-08-26,0000002488-25-000147,0.0159407664814916,2025,CAT B - COMPACT + SEC,1,0,0.4498174458591075
QCOM,2025-08-26,0000804328-25-000049,0.0135658664098605,2025,CAT B - COMPACT + SEC,1,0,0.47076176243079276
NVDA,2025-08-28,0001045810-25-000207,-0.0141343127791589,2025,CAT B - COMPACT + SEC,0,1,0.5254791652303846
INTC,2025-09-02,0000050863-25-000135,0.0026306361602177,2025,CAT B - COMPACT + SEC,1,1,0.5979233408769064
QCOM,2025-09-03,0000804328-25-000054,-0.0173144997282927,2025,CAT B - COMPACT + SEC,0,0,0.4867940391636373
GOOGL,2025-09-04,0001652044-25-000067,-0.0019413096759779,2025,CAT B - COMPACT + SEC,0,0,0.2570971537886513
AVGO,2025-09-05,0001730168-25-000094,0.0926114077971371,2025,CAT B - COMPACT + SEC,1,1,0.5195147679544658
GOOGL,2025-09-08,0001652044-25-000074,-0.008072545922159,2025,CAT B - COMPACT + SEC,0,1,0.6642416911382794
INTC,2025-09-08,0000050863-25-000147,-0.0052864773859351,2025,CAT B - COMPACT + SEC,0,1,0.5181632163991974
TSLA,2025-09-08,0001104659-25-087862,-0.0175334866626433,2025,CAT B - COMPACT + SEC,0,0,0.4177588512137542
INTC,2025-09-09,0000050863-25-000149,-0.0044669492947324,2025,CAT B - COMPACT + SEC,0,1,0.5466913376041641
AVGO,2025-09-10,0001193125-25-199281,0.0973944507010884,2025,CAT B - COMPACT + SEC,1,1,0.5948975774265127
AVGO,2025-09-11,0001193125-25-200108,-0.0327165698047944,2025,CAT B - COMPACT + SEC,0,0,0.40271957287899557
ADBE,2025-09-12,0000796343-25-000102,-0.0078118643336309,2025,CAT B - COMPACT + SEC,0,0,0.35558296375810844
INTC,2025-09-15,0000050863-25-000153,0.0200976390034777,2025,CAT B - COMPACT + SEC,1,0,0.41839996682441966
INTC,2025-09-19,0000050863-25-000155,-0.0391540449480576,2025,CAT B - COMPACT + SEC,0,0,0.3514395907448595
AVGO,2025-09-30,0001193125-25-223202,0.003390818422353,2025,CAT B - COMPACT + SEC,1,0,0.48790514520862344
INTC,2025-09-30,0000050863-25-000159,-0.0297113012730684,2025,CAT B - COMPACT + SEC,0,1,0.6647688591490214
MSFT,2025-10-01,0001193125-25-225125,-0.0013989545791359,2025,CAT B - COMPACT + SEC,0,0,0.4062599610183451
TSLA,2025-10-02,0001628280-25-043530,-0.0551710441225548,2025,CAT B - COMPACT + SEC,0,0,0.4789859024394304
AMD,2025-10-06,0001193125-25-230895,0.229570120988193,2025,CAT B - COMPACT + SEC,1,0,0.43423529619144396
NFLX,2025-10-22,0001065280-25-000404,-0.0910467302021142,2025,CAT B - COMPACT + SEC,0,0,0.34135484318722376
TSLA,2025-10-23,0001628280-25-045861,0.0143968924225061,2025,CAT B - COMPACT + SEC,1,1,0.515147438478145
INTC,2025-10-24,0000050863-25-000169,-0.0075336534220806,2025,CAT B - COMPACT + SEC,0,0,0.4378614801382781
AMD,2025-10-27,0001193125-25-250803,0.0088791200291153,2025,CAT B - COMPACT + SEC,1,0,0.4554971680388616
GOOGL,2025-10-30,0001652044-25-000087,0.0404553257695274,2025,CAT B - COMPACT + SEC,1,0,0.45203715529966776
META,2025-10-30,0001628280-25-047114,-0.0980590832120631,2025,CAT B - COMPACT + SEC,0,0,0.3838428545431386
MSFT,2025-10-30,0001193125-25-256310,-0.0138684677156911,2025,CAT B - COMPACT + SEC,0,1,0.5656043655652807
AAPL,2025-10-31,0000320193-25-000077,-0.0086189929971478,2025,CAT B - COMPACT + SEC,0,0,0.45772690114411796
AMZN,2025-10-31,0001018724-25-000121,0.091021090689308,2025,CAT B - COMPACT + SEC,1,0,0.4823354414480009
NFLX,2025-10-31,0001065280-25-000407,0.0225958143803028,2025,CAT B - COMPACT + SEC,1,1,0.6386563037263377
META,2025-11-04,0001193125-25-262593,0.0040052461336197,2025,CAT B - COMPACT + SEC,1,0,0.3236776669059766
AMD,2025-11-05,0000002488-25-000163,0.018607060458321,2025,CAT B - COMPACT + SEC,1,1,0.5227084253714204
NFLX,2025-11-05,0001065280-25-000408,-0.0014756161842595,2025,CAT B - COMPACT + SEC,0,1,0.5435356930223785
QCOM,2025-11-06,0000804328-25-000084,-0.0176514743796617,2025,CAT B - COMPACT + SEC,0,0,0.37597445450969263
GOOGL,2025-11-07,0001193125-25-269979,-0.0176349022429217,2025,CAT B - COMPACT + SEC,0,0,0.4979041817096557
TSLA,2025-11-10,0001104659-25-108507,0.0144516595534354,2025,CAT B - COMPACT + SEC,1,0,0.40483164009984657
INTC,2025-11-13,0000050863-25-000194,-0.0318404771007635,2025,CAT B - COMPACT + SEC,0,0,0.4205148969541428
NFLX,2025-11-17,0001065280-25-000450,0.0002054042438982,2025,CAT B - COMPACT + SEC,1,0,0.42599042211057025
NVDA,2025-11-20,0001045810-25-000228,-0.0078530969650368,2025,CAT B - COMPACT + SEC,0,0,0.4929767947109924
AMZN,2025-11-21,0001104659-25-114647,0.0088361750757295,2025,CAT B - COMPACT + SEC,1,0,0.3131402856560291
NFLX,2025-12-05,0001193125-25-308651,-0.0329477561125077,2025,CAT B - COMPACT + SEC,0,1,0.5172187121638712
AAPL,2025-12-08,0001140361-25-044561,-0.0012738305670579,2025,CAT B - COMPACT + SEC,0,1,0.5777224940039869
MSFT,2025-12-09,0001193125-25-311196,0.0008032673129765,2025,CAT B - COMPACT + SEC,1,0,0.42267074054705744
ADBE,2025-12-11,0000796343-25-000135,0.0245091460598039,2025,CAT B - COMPACT + SEC,1,0,0.4555424500400048
QCOM,2025-12-11,0000804328-25-000096,-0.0019244707519939,2025,CAT B - COMPACT + SEC,0,0,0.41148350700539893
AVGO,2025-12-12,0001730168-25-000116,-0.0951618269193697,2025,CAT B - COMPACT + SEC,0,0,0.48792865505109023
META,2025-12-15,0001628280-25-056768,0.0109305638451026,2025,CAT B - COMPACT + SEC,1,0,0.45142878382661256
AMD,2025-12-16,0000002488-25-000182,0.0056778767854142,2025,CAT B - COMPACT + SEC,1,0,0.4275348891469532
QCOM,2025-12-17,0000804328-25-000098,-0.0029255981515337,2025,CAT B - COMPACT + SEC,0,1,0.508797054784986
META,2025-12-22,0001628280-25-058337,-0.0006494060583752,2025,CAT B - COMPACT + SEC,0,0,0.35709249625364925
NFLX,2025-12-22,0001193125-25-327462,-0.0170828254997952,2025,CAT B - COMPACT + SEC,0,1,0.5177847944973973
INTC,2025-12-29,0000050863-25-000204,0.0181003383428818,2025,CAT B - COMPACT + SEC,1,1,0.5714248563338958
TSLA,2025-01-02,0001628280-25-000007,-0.05886014378365,2025,CAT C - COMPACT + SEC + FINBERT,0,0,0.4654536036814715
AAPL,2025-01-06,0001140361-25-000228,-0.0047542763313559,2025,CAT C - COMPACT + SEC + FINBERT,0,0,0.48133632461253073
META,2025-01-07,0001326801-25-000005,-0.0016890354040893,2025,CAT C - COMPACT + SEC + FINBERT,0,0,0.3249942409995747
AVGO,2025-01-13,0001193125-25-004476,0.0075827566715486,2025,CAT C - COMPACT + SEC + FINBERT,1,1,0.5419837962423131
AVGO,2025-01-14,0001193125-25-005318,-0.0016694757783562,2025,CAT C - COMPACT + SEC + FINBERT,0,0,0.45474426814405594
ADBE,2025-01-21,0001193125-25-008409,0.0089492434486455,2025,CAT C - COMPACT + SEC + FINBERT,1,0,0.46980310872560627
NVDA,2025-01-21,0001045810-25-000007,0.0167911079756806,2025,CAT C - COMPACT + SEC + FINBERT,1,0,0.4854502309173987
NFLX,2025-01-22,0001065280-25-000033,0.0841579013756215,2025,CAT C - COMPACT + SEC + FINBERT,1,0,0.4808601023135573
MSFT,2025-01-23,0001193125-25-010492,-0.0009831174507721,2025,CAT C - COMPACT + SEC + FINBERT,0,0,0.332755167411951
META,2025-01-30,0001326801-25-000014,0.0112736215606825,2025,CAT C - COMPACT + SEC + FINBERT,1,1,0.5052720595683498
MSFT,2025-01-30,0000950170-25-010484,-0.0660714994455886,2025,CAT C - COMPACT + SEC + FINBERT,0,1,0.5202937660394408
TSLA,2025-01-30,0001628280-25-002993,0.0244704911779372,2025,CAT C - COMPACT + SEC + FINBERT,1,1,0.5468446476415305
AAPL,2025-01-31,0000320193-25-000007,-0.0052390147515748,2025,CAT C - COMPACT + SEC + FINBERT,0,1,0.533909520815323
ADBE,2025-01-31,0000796343-25-000036,-0.0177172220699866,2025,CAT C - COMPACT + SEC + FINBERT,0,0,0.3459510506968383
INTC,2025-01-31,0000050863-25-000004,-0.0275323489546072,2025,CAT C - COMPACT + SEC + FINBERT,0,1,0.5002822752634495
AMD,2025-02-05,0000002488-25-000009,-0.0672156317243187,2025,CAT C - COMPACT + SEC + FINBERT,0,0,0.3111857803123951
GOOGL,2025-02-05,0001652044-25-000010,-0.0774615664851434,2025,CAT C - COMPACT + SEC + FINBERT,0,0,0.41562247475137304
QCOM,2025-02-06,0000804328-25-000010,-0.0424086946512257,2025,CAT C - COMPACT + SEC + FINBERT,0,0,0.3592186056202897
AMZN,2025-02-07,0001018724-25-000002,-0.0279175860380737,2025,CAT C - COMPACT + SEC + FINBERT,0,1,0.5450600217705716
META,2025-02-21,0001326801-25-000021,0.0045063857929992,2025,CAT C - COMPACT + SEC + FINBERT,1,1,0.5377982954037016
AMD,2025-02-25,0000002488-25-000026,-0.0257874407127393,2025,CAT C - COMPACT + SEC + FINBERT,0,0,0.3965469555297048
AAPL,2025-02-26,0001140361-25-005876,-0.0294557859935854,2025,CAT C - COMPACT + SEC + FINBERT,0,0,0.4118827452694876
NVDA,2025-02-27,0001045810-25-000021,-0.0570094103254051,2025,CAT C - COMPACT + SEC + FINBERT,0,1,0.5058009162723377
INTC,2025-03-03,0000050863-25-000024,-0.019836860760271,2025,CAT C - COMPACT + SEC + FINBERT,0,0,0.36897421575862804
AVGO,2025-03-07,0001730168-25-000009,0.0790772020043801,2025,CAT C - COMPACT + SEC + FINBERT,1,1,0.5404872698406886
NVDA,2025-03-10,0001045810-25-000039,-0.01191383511016,2025,CAT C - COMPACT + SEC + FINBERT,0,0,0.396614673681299
AMD,2025-03-12,0001193125-25-052173,0.030368716856449,2025,CAT C - COMPACT + SEC + FINBERT,1,0,0.4594138833183795
ADBE,2025-03-13,0000796343-25-000052,-0.1205411963432797,2025,CAT C - COMPACT + SEC + FINBERT,0,0,0.44233053744292933
INTC,2025-03-17,0000050863-25-000036,0.0617075900886607,2025,CAT C - COMPACT + SEC + FINBERT,1,1,0.5446867908765021
GOOGL,2025-03-18,0001652044-25-000027,-0.0049868533512834,2025,CAT C - COMPACT + SEC + FINBERT,0,0,0.46166574341427247
QCOM,2025-03-21,0000804328-25-000018,-0.0104507625727504,2025,CAT C - COMPACT + SEC + FINBERT,0,0,0.4862175891931226
AMD,2025-03-25,0001193125-25-061366,0.0027255524888967,2025,CAT C - COMPACT + SEC + FINBERT,1,0,0.29028974768371585
INTC,2025-03-28,0000050863-25-000060,-0.0121988617232063,2025,CAT C - COMPACT + SEC + FINBERT,0,1,0.5084720151661897
AMD,2025-03-31,0001193125-25-067902,-0.0046076765526307,2025,CAT C - COMPACT + SEC + FINBERT,0,1,0.5016571028965687
TSLA,2025-04-02,0001628280-25-016070,0.0459683875483936,2025,CAT C - COMPACT + SEC + FINBERT,1,1,0.5233703445574114
AMZN,2025-04-10,0001104659-25-033450,-0.0091684982251557,2025,CAT C - COMPACT + SEC + FINBERT,0,0,0.2712626351847065
INTC,2025-04-14,0001193125-25-079727,0.0220970611689994,2025,CAT C - COMPACT + SEC + FINBERT,1,1,0.5011463206477349
META,2025-04-14,0001326801-25-000027,-0.0290202980323543,2025,CAT C - COMPACT + SEC + FINBERT,0,0,0.4934163196113517
AMD,2025-04-16,0000002488-25-000039,-0.0433064565689217,2025,CAT C - COMPACT + SEC + FINBERT,0,1,0.5319095923782883
NVDA,2025-04-16,0001045810-25-000082,-0.0385630135262662,2025,CAT C - COMPACT + SEC + FINBERT,0,0,0.4199027961679478
GOOGL,2025-04-21,0001652044-25-000033,0.001658441613326,2025,CAT C - COMPACT + SEC + FINBERT,1,0,0.4582117687144756
INTC,2025-04-21,0000050863-25-000063,0.0199923705911453,2025,CAT C - COMPACT + SEC + FINBERT,1,1,0.528820757080474
NFLX,2025-04-21,0001065280-25-000175,0.0400391628791936,2025,CAT C - COMPACT + SEC + FINBERT,1,0,0.44538084192602057
AVGO,2025-04-23,0001730168-25-000037,0.020546316571693,2025,CAT C - COMPACT + SEC + FINBERT,1,0,0.431217565075327
TSLA,2025-04-23,0001628280-25-018851,0.0309840231341191,2025,CAT C - COMPACT + SEC + FINBERT,1,0,0.47864703801853853
ADBE,2025-04-25,0001628280-25-019665,0.00772102769487,2025,CAT C - COMPACT + SEC + FINBERT,1,0,0.3337828372633684
GOOGL,2025-04-25,0001652044-25-000040,0.0056778680502369,2025,CAT C - COMPACT + SEC + FINBERT,1,0,0.43249737558089996
INTC,2025-04-25,0000050863-25-000070,-0.0781558716736774,2025,CAT C - COMPACT + SEC + FINBERT,0,0,0.4310216049929281
INTC,2025-04-30,0000050863-25-000079,-0.0116732534635292,2025,CAT C - COMPACT + SEC + FINBERT,0,0,0.41622490877192775
META,2025-05-01,0001326801-25-000050,0.0292160941986381,2025,CAT C - COMPACT + SEC + FINBERT,1,0,0.4799801734499735
MSFT,2025-05-01,0000950170-25-061032,0.0631927321655236,2025,CAT C - COMPACT + SEC + FINBERT,1,1,0.511026209053496
QCOM,2025-05-01,0000804328-25-000029,-0.1023105592841709,2025,CAT C - COMPACT + SEC + FINBERT,0,0,0.4252522273022369
AAPL,2025-05-02,0000320193-25-000055,-0.0522054924249119,2025,CAT C - COMPACT + SEC + FINBERT,0,1,0.5562117544330828
AMZN,2025-05-02,0001018724-25-000034,-0.016000458315075,2025,CAT C - COMPACT + SEC + FINBERT,0,0,0.4406314040479801
GOOGL,2025-05-02,0001193125-25-110020,0.0020812471971012,2025,CAT C - COMPACT + SEC + FINBERT,1,0,0.4305457878054263
AMD,2025-05-07,0000002488-25-000045,0.0137175882183342,2025,CAT C - COMPACT + SEC + FINBERT,1,0,0.4244549794046142
GOOGL,2025-05-07,0001193125-25-113864,-0.0765227155851061,2025,CAT C - COMPACT + SEC + FINBERT,0,0,0.433511721790103
INTC,2025-05-12,0000050863-25-000084,-0.0052593287332221,2025,CAT C - COMPACT + SEC + FINBERT,0,0,0.3486669495304996
AAPL,2025-05-13,0001140361-25-018400,-0.0050885492194789,2025,CAT C - COMPACT + SEC + FINBERT,0,0,0.4084177414699492
QCOM,2025-05-14,0000804328-25-000034,0.0048435657776624,2025,CAT C - COMPACT + SEC + FINBERT,1,0,0.46322417286781126
TSLA,2025-05-16,0001628280-25-026148,0.0165331773278589,2025,CAT C - COMPACT + SEC + FINBERT,1,1,0.5894957849398714
AMD,2025-05-19,0000002488-25-000064,-0.0216979027634007,2025,CAT C - COMPACT + SEC + FINBERT,0,1,0.5565104357006907
AMD,2025-05-19,0001193125-25-122121,-0.0216979027634007,2025,CAT C - COMPACT + SEC + FINBERT,0,1,0.5305772902419551
TSLA,2025-05-19,0001104659-25-050072,-0.0235029893233719,2025,CAT C - COMPACT + SEC + FINBERT,0,1,0.6749323872217431
AMZN,2025-05-23,0001104659-25-052014,-0.0011282096288659,2025,CAT C - COMPACT + SEC + FINBERT,0,0,0.4304579733301811
QCOM,2025-05-23,0001104659-25-051981,-0.004242458635643,2025,CAT C - COMPACT + SEC + FINBERT,0,1,0.5701721730055052
NVDA,2025-05-29,0001045810-25-000115,0.0305242737867583,2025,CAT C - COMPACT + SEC + FINBERT,1,0,0.45413098765346616
META,2025-06-02,0001326801-25-000090,0.028256530076506,2025,CAT C - COMPACT + SEC + FINBERT,1,0,0.38506311704895524
AVGO,2025-06-06,0001730168-25-000061,-0.0597888443301509,2025,CAT C - COMPACT + SEC + FINBERT,0,0,0.4903201372298318
NFLX,2025-06-09,0001065280-25-000286,-0.015173567476475,2025,CAT C - COMPACT + SEC + FINBERT,0,1,0.6644977067105928
QCOM,2025-06-10,0001104659-25-057814,0.0173228355659522,2025,CAT C - COMPACT + SEC + FINBERT,1,0,0.32851492038811986
ADBE,2025-06-13,0000796343-25-000064,-0.040626518735037,2025,CAT C - COMPACT + SEC + FINBERT,0,0,0.47753587351270665
GOOGL,2025-06-13,0001193125-25-139948,0.0066923385153199,2025,CAT C - COMPACT + SEC + FINBERT,1,0,0.40777141410454065
NFLX,2025-06-25,0001065280-25-000287,-0.0055742702774185,2025,CAT C - COMPACT + SEC + FINBERT,0,1,0.5508228997354263
NVDA,2025-07-01,0001045810-25-000179,-0.0212558369759616,2025,CAT C - COMPACT + SEC + FINBERT,0,1,0.5769914776718564
MSFT,2025-07-02,0001193125-25-154103,-0.0089164590656711,2025,CAT C - COMPACT + SEC + FINBERT,0,1,0.7591780938971586
TSLA,2025-07-02,0001628280-25-033842,0.0427169045964572,2025,CAT C - COMPACT + SEC + FINBERT,1,1,0.5436244738990073
AMD,2025-07-03,0000002488-25-000099,-0.0142437493103435,2025,CAT C - COMPACT + SEC + FINBERT,0,1,0.5568045581090271
AAPL,2025-07-09,0001140361-25-025275,-0.0016983069028726,2025,CAT C - COMPACT + SEC + FINBERT,0,0,0.37492713072862677
TSLA,2025-07-10,0001628280-25-034692,0.0487210294752877,2025,CAT C - COMPACT + SEC + FINBERT,1,0,0.49508455902914367
AVGO,2025-07-14,0001193125-25-158202,0.0008198519980098,2025,CAT C - COMPACT + SEC + FINBERT,1,1,0.547034877548023
NFLX,2025-07-18,0001065280-25-000322,-0.0499976506831232,2025,CAT C - COMPACT + SEC + FINBERT,0,1,0.55362542397185
GOOGL,2025-07-21,0001193125-25-161225,0.0220499551378408,2025,CAT C - COMPACT + SEC + FINBERT,1,0,0.45388286260288874
GOOGL,2025-07-24,0001652044-25-000056,0.0080698239913239,2025,CAT C - COMPACT + SEC + FINBERT,1,0,0.4806184429119069
TSLA,2025-07-24,0001628280-25-035738,-0.0840986247796242,2025,CAT C - COMPACT + SEC + FINBERT,0,0,0.4978499965356962
INTC,2025-07-25,0000050863-25-000107,-0.0876920500617223,2025,CAT C - COMPACT + SEC + FINBERT,0,0,0.3336194699736418
AAPL,2025-07-28,0001140361-25-027340,-0.0023301113794165,2025,CAT C - COMPACT + SEC + FINBERT,0,0,0.4850639607111659
META,2025-07-31,0001628280-25-036719,0.117826296679073,2025,CAT C - COMPACT + SEC + FINBERT,1,0,0.4955643574174697
MSFT,2025-07-31,0000950170-25-100226,0.0447738533112154,2025,CAT C - COMPACT + SEC + FINBERT,1,1,0.5843589742378122
QCOM,2025-07-31,0000804328-25-000044,-0.0720301967840085,2025,CAT C - COMPACT + SEC + FINBERT,0,0,0.3608918125664285
AAPL,2025-08-01,0000320193-25-000071,-0.0053046623012307,2025,CAT C - COMPACT + SEC + FINBERT,0,1,0.5786633026148764
AMZN,2025-08-01,0001018724-25-000084,-0.0629972838598512,2025,CAT C - COMPACT + SEC + FINBERT,0,1,0.5901904528423185
TSLA,2025-08-04,0001104659-25-073263,0.0034564045452589,2025,CAT C - COMPACT + SEC + FINBERT,1,0,0.4176773334507633
AMD,2025-08-06,0000002488-25-000106,-0.0767793645794883,2025,CAT C - COMPACT + SEC + FINBERT,0,1,0.5169972308306525
NVDA,2025-08-06,0001045810-25-000197,-0.0060761692887618,2025,CAT C - COMPACT + SEC + FINBERT,0,1,0.5426733171185188
INTC,2025-08-15,0000050863-25-000123,0.0337351462987751,2025,CAT C - COMPACT + SEC + FINBERT,1,0,0.2949018563154576
INTC,2025-08-22,0000050863-25-000126,0.0398916783123206,2025,CAT C - COMPACT + SEC + FINBERT,1,0,0.44919968652523184
INTC,2025-08-25,0000050863-25-000129,-0.0071959885373535,2025,CAT C - COMPACT + SEC + FINBERT,0,0,0.45187945335611723
AMD,2025-08-26,0000002488-25-000147,0.0159407664814916,2025,CAT C - COMPACT + SEC + FINBERT,1,0,0.47288502680173816
QCOM,2025-08-26,0000804328-25-000049,0.0135658664098605,2025,CAT C - COMPACT + SEC + FINBERT,1,0,0.4908439155912329
NVDA,2025-08-28,0001045810-25-000207,-0.0141343127791589,2025,CAT C - COMPACT + SEC + FINBERT,0,1,0.507615591556422
INTC,2025-09-02,0000050863-25-000135,0.0026306361602177,2025,CAT C - COMPACT + SEC + FINBERT,1,1,0.6107082075076063
QCOM,2025-09-03,0000804328-25-000054,-0.0173144997282927,2025,CAT C - COMPACT + SEC + FINBERT,0,0,0.46360359011577174
GOOGL,2025-09-04,0001652044-25-000067,-0.0019413096759779,2025,CAT C - COMPACT + SEC + FINBERT,0,0,0.39879346694774664
AVGO,2025-09-05,0001730168-25-000094,0.0926114077971371,2025,CAT C - COMPACT + SEC + FINBERT,1,1,0.5030165218886671
GOOGL,2025-09-08,0001652044-25-000074,-0.008072545922159,2025,CAT C - COMPACT + SEC + FINBERT,0,1,0.6159357549631472
INTC,2025-09-08,0000050863-25-000147,-0.0052864773859351,2025,CAT C - COMPACT + SEC + FINBERT,0,1,0.5494717202380585
TSLA,2025-09-08,0001104659-25-087862,-0.0175334866626433,2025,CAT C - COMPACT + SEC + FINBERT,0,0,0.3762590799611391
INTC,2025-09-09,0000050863-25-000149,-0.0044669492947324,2025,CAT C - COMPACT + SEC + FINBERT,0,0,0.4981280225762127
AVGO,2025-09-10,0001193125-25-199281,0.0973944507010884,2025,CAT C - COMPACT + SEC + FINBERT,1,1,0.536818814475018
AVGO,2025-09-11,0001193125-25-200108,-0.0327165698047944,2025,CAT C - COMPACT + SEC + FINBERT,0,0,0.38719555287549773
ADBE,2025-09-12,0000796343-25-000102,-0.0078118643336309,2025,CAT C - COMPACT + SEC + FINBERT,0,0,0.38960036403979836
INTC,2025-09-15,0000050863-25-000153,0.0200976390034777,2025,CAT C - COMPACT + SEC + FINBERT,1,0,0.4626916815721987
INTC,2025-09-19,0000050863-25-000155,-0.0391540449480576,2025,CAT C - COMPACT + SEC + FINBERT,0,0,0.3664074466758773
AVGO,2025-09-30,0001193125-25-223202,0.003390818422353,2025,CAT C - COMPACT + SEC + FINBERT,1,0,0.49048088253502703
INTC,2025-09-30,0000050863-25-000159,-0.0297113012730684,2025,CAT C - COMPACT + SEC + FINBERT,0,1,0.6751518780348013
MSFT,2025-10-01,0001193125-25-225125,-0.0013989545791359,2025,CAT C - COMPACT + SEC + FINBERT,0,0,0.4269755093796944
TSLA,2025-10-02,0001628280-25-043530,-0.0551710441225548,2025,CAT C - COMPACT + SEC + FINBERT,0,1,0.5632479879223027
AMD,2025-10-06,0001193125-25-230895,0.229570120988193,2025,CAT C - COMPACT + SEC + FINBERT,1,0,0.41536639519230356
NFLX,2025-10-22,0001065280-25-000404,-0.0910467302021142,2025,CAT C - COMPACT + SEC + FINBERT,0,0,0.36103687967550907
TSLA,2025-10-23,0001628280-25-045861,0.0143968924225061,2025,CAT C - COMPACT + SEC + FINBERT,1,1,0.5671142234772389
INTC,2025-10-24,0000050863-25-000169,-0.0075336534220806,2025,CAT C - COMPACT + SEC + FINBERT,0,0,0.43830119892977815
AMD,2025-10-27,0001193125-25-250803,0.0088791200291153,2025,CAT C - COMPACT + SEC + FINBERT,1,0,0.4422151796860216
GOOGL,2025-10-30,0001652044-25-000087,0.0404553257695274,2025,CAT C - COMPACT + SEC + FINBERT,1,0,0.4557872429922428
META,2025-10-30,0001628280-25-047114,-0.0980590832120631,2025,CAT C - COMPACT + SEC + FINBERT,0,0,0.4514408611670899
MSFT,2025-10-30,0001193125-25-256310,-0.0138684677156911,2025,CAT C - COMPACT + SEC + FINBERT,0,0,0.4938205502141221
AAPL,2025-10-31,0000320193-25-000077,-0.0086189929971478,2025,CAT C - COMPACT + SEC + FINBERT,0,1,0.5325181509445925
AMZN,2025-10-31,0001018724-25-000121,0.091021090689308,2025,CAT C - COMPACT + SEC + FINBERT,1,1,0.5226877152777862
NFLX,2025-10-31,0001065280-25-000407,0.0225958143803028,2025,CAT C - COMPACT + SEC + FINBERT,1,1,0.5591165321379281
META,2025-11-04,0001193125-25-262593,0.0040052461336197,2025,CAT C - COMPACT + SEC + FINBERT,1,0,0.2845239028411219
AMD,2025-11-05,0000002488-25-000163,0.018607060458321,2025,CAT C - COMPACT + SEC + FINBERT,1,0,0.488126968598394
NFLX,2025-11-05,0001065280-25-000408,-0.0014756161842595,2025,CAT C - COMPACT + SEC + FINBERT,0,0,0.4608801539047241
QCOM,2025-11-06,0000804328-25-000084,-0.0176514743796617,2025,CAT C - COMPACT + SEC + FINBERT,0,0,0.4000075894225534
GOOGL,2025-11-07,0001193125-25-269979,-0.0176349022429217,2025,CAT C - COMPACT + SEC + FINBERT,0,1,0.5895943002887826
TSLA,2025-11-10,0001104659-25-108507,0.0144516595534354,2025,CAT C - COMPACT + SEC + FINBERT,1,0,0.3585995369127871
INTC,2025-11-13,0000050863-25-000194,-0.0318404771007635,2025,CAT C - COMPACT + SEC + FINBERT,0,0,0.438690660471512
NFLX,2025-11-17,0001065280-25-000450,0.0002054042438982,2025,CAT C - COMPACT + SEC + FINBERT,1,0,0.4699175234325891
NVDA,2025-11-20,0001045810-25-000228,-0.0078530969650368,2025,CAT C - COMPACT + SEC + FINBERT,0,0,0.4964095748675259
AMZN,2025-11-21,0001104659-25-114647,0.0088361750757295,2025,CAT C - COMPACT + SEC + FINBERT,1,0,0.3702444302711652
NFLX,2025-12-05,0001193125-25-308651,-0.0329477561125077,2025,CAT C - COMPACT + SEC + FINBERT,0,0,0.46679157470112514
AAPL,2025-12-08,0001140361-25-044561,-0.0012738305670579,2025,CAT C - COMPACT + SEC + FINBERT,0,1,0.5698265918145655
MSFT,2025-12-09,0001193125-25-311196,0.0008032673129765,2025,CAT C - COMPACT + SEC + FINBERT,1,0,0.3985892324478577
ADBE,2025-12-11,0000796343-25-000135,0.0245091460598039,2025,CAT C - COMPACT + SEC + FINBERT,1,0,0.4170490313834876
QCOM,2025-12-11,0000804328-25-000096,-0.0019244707519939,2025,CAT C - COMPACT + SEC + FINBERT,0,0,0.4065643866683875
AVGO,2025-12-12,0001730168-25-000116,-0.0951618269193697,2025,CAT C - COMPACT + SEC + FINBERT,0,1,0.518427315926294
META,2025-12-15,0001628280-25-056768,0.0109305638451026,2025,CAT C - COMPACT + SEC + FINBERT,1,0,0.49513277906104364
AMD,2025-12-16,0000002488-25-000182,0.0056778767854142,2025,CAT C - COMPACT + SEC + FINBERT,1,0,0.4793681843190123
QCOM,2025-12-17,0000804328-25-000098,-0.0029255981515337,2025,CAT C - COMPACT + SEC + FINBERT,0,1,0.543008328926358
META,2025-12-22,0001628280-25-058337,-0.0006494060583752,2025,CAT C - COMPACT + SEC + FINBERT,0,0,0.34500492203383537
NFLX,2025-12-22,0001193125-25-327462,-0.0170828254997952,2025,CAT C - COMPACT + SEC + FINBERT,0,0,0.4764290666278677
INTC,2025-12-29,0000050863-25-000204,0.0181003383428818,2025,CAT C - COMPACT + SEC + FINBERT,1,1,0.5489779809287119
TSLA,2026-01-02,0001628280-26-000016,-0.0239678642381994,2026,CAT A - COMPACT MARKET,0,1,0.6905348861664653
AAPL,2026-01-05,0001140361-26-000199,-0.0217800458753627,2026,CAT A - COMPACT MARKET,0,1,0.5383196759641563
AVGO,2026-01-14,0001193125-26-011731,-0.0308274202273529,2026,CAT A - COMPACT MARKET,0,0,0.40526256492056656
META,2026-01-20,0001628280-26-002429,-0.0047584991112157,2026,CAT A - COMPACT MARKET,0,0,0.48637922226073693
NFLX,2026-01-20,0001193125-26-015951,0.0128380428459016,2026,CAT A - COMPACT MARKET,1,0,0.4180985227265142
QCOM,2026-01-20,0000804328-26-000008,-0.0123119600924475,2026,CAT A - COMPACT MARKET,0,1,0.5070423354698945
AMD,2026-01-21,0000002488-26-000002,0.0635771921622683,2026,CAT A - COMPACT MARKET,1,0,0.34155208953649346
NFLX,2026-01-21,0001065280-26-000033,-0.0352924053531309,2026,CAT A - COMPACT MARKET,0,0,0.3305556867925356
INTC,2026-01-23,0000050863-26-000009,-0.1734446087334877,2026,CAT A - COMPACT MARKET,0,0,0.3272432149204515
INTC,2026-01-26,0000050863-26-000031,-0.0616443526820043,2026,CAT A - COMPACT MARKET,0,0,0.3903837164549079
NVDA,2026-01-26,0001045810-26-000003,-0.0107942800846292,2026,CAT A - COMPACT MARKET,0,0,0.4154132588771111
ADBE,2026-01-28,0000796343-26-000019,0.0039509326542428,2026,CAT A - COMPACT MARKET,1,1,0.5110757659137634
META,2026-01-29,0001628280-26-003832,0.1100332626111563,2026,CAT A - COMPACT MARKET,1,0,0.4562313932834874
MSFT,2026-01-29,0001193125-26-027198,-0.0939462485029963,2026,CAT A - COMPACT MARKET,0,1,0.5082861647272788
TSLA,2026-01-29,0001628280-26-003837,-0.0285486205114363,2026,CAT A - COMPACT MARKET,0,0,0.46129960156016503
AAPL,2026-01-30,0000320193-26-000005,0.0166570985837904,2026,CAT A - COMPACT MARKET,1,0,0.4395582621007107
AMD,2026-02-04,0000002488-26-000014,-0.1556753126058757,2026,CAT A - COMPACT MARKET,0,0,0.47249846181081656
GOOGL,2026-02-05,0001652044-26-000012,0.0090205072317608,2026,CAT A - COMPACT MARKET,1,0,0.46616563170420267
QCOM,2026-02-05,0000804328-26-000016,-0.0701637211062347,2026,CAT A - COMPACT MARKET,0,0,0.42853524252769243
AMZN,2026-02-06,0001018724-26-000002,-0.0766860142220456,2026,CAT A - COMPACT MARKET,0,0,0.48714996961630147
GOOGL,2026-02-17,0001193125-26-051423,-0.0110726566318904,2026,CAT A - COMPACT MARKET,0,1,0.5209222106217309
AMD,2026-02-18,0000002488-26-000029,-0.0220428400711223,2026,CAT A - COMPACT MARKET,0,1,0.5917918787253883
AMD,2026-02-24,0000002488-26-000045,0.0769491952441228,2026,CAT A - COMPACT MARKET,1,1,0.6411828177855973
AAPL,2026-02-25,0001140361-26-006577,-0.0068133729662351,2026,CAT A - COMPACT MARKET,0,0,0.34592700809480104
NVDA,2026-02-26,0001045810-26-000019,-0.042496617762763,2026,CAT A - COMPACT MARKET,0,0,0.4255844061216207
AMZN,2026-02-27,0001104659-26-021050,0.0132045115816146,2026,CAT A - COMPACT MARKET,1,1,0.5686858864022228
AVGO,2026-03-03,0001193125-26-085656,-0.0049143356508332,2026,CAT A - COMPACT MARKET,0,0,0.470376486636614
INTC,2026-03-04,0000050863-26-000044,0.0422975261028819,2026,CAT A - COMPACT MARKET,1,1,0.5669508576952187
AVGO,2026-03-05,0001730168-26-000011,0.0510080549581203,2026,CAT A - COMPACT MARKET,1,0,0.46124548999231324
GOOGL,2026-03-09,0001652044-26-000026,0.0136296578488566,2026,CAT A - COMPACT MARKET,1,1,0.6248535071556747
NVDA,2026-03-09,0001045810-26-000024,0.0138065906068347,2026,CAT A - COMPACT MARKET,1,1,0.5449395428825478
ADBE,2026-03-13,0000796343-26-000048,-0.0699124470795066,2026,CAT A - COMPACT MARKET,0,0,0.4773226113248417
AMZN,2026-03-16,0001104659-26-027729,0.0083809647767647,2026,CAT A - COMPACT MARKET,1,1,0.5205064624563883
AMZN,2026-03-17,0001104659-26-028556,0.0114605156306819,2026,CAT A - COMPACT MARKET,1,0,0.40516837780466153
QCOM,2026-03-20,0000804328-26-000041,0.0079698096776174,2026,CAT A - COMPACT MARKET,1,0,0.3465413891873256
TSLA,2026-04-02,0001628280-26-022956,-0.0553616328176903,2026,CAT A - COMPACT MARKET,0,0,0.43716540781160235
AVGO,2026-04-06,0001193125-26-140574,-0.0063988681204529,2026,CAT A - COMPACT MARKET,0,0,0.4738560678548912
GOOGL,2026-04-06,0001652044-26-000031,0.0082504348362495,2026,CAT A - COMPACT MARKET,1,0,0.4904820208600701
INTC,2026-04-06,0000050863-26-000069,0.0019222474605418,2026,CAT A - COMPACT MARKET,1,0,0.3581920098337172
AVGO,2026-04-07,0001193125-26-144028,0.0619912664480655,2026,CAT A - COMPACT MARKET,1,1,0.5112903084828776
AMZN,2026-04-09,0001104659-26-041034,0.0492804640933421,2026,CAT A - COMPACT MARKET,1,0,0.3868027411018985
INTC,2026-04-09,0000050863-26-000072,0.0402242748034202,2026,CAT A - COMPACT MARKET,1,0,0.48037462106177864
GOOGL,2026-04-13,0001652044-26-000034,0.0024868969699596,2026,CAT A - COMPACT MARKET,1,0,0.441386647304361
AMZN,2026-04-14,0001104659-26-042880,0.0199021520163233,2026,CAT A - COMPACT MARKET,1,1,0.556082048222385
META,2026-04-15,0001628280-26-025108,-0.0002783824166061,2026,CAT A - COMPACT MARKET,0,0,0.4106250738266902
NFLX,2026-04-17,0001065280-26-000137,-0.110310240572915,2026,CAT A - COMPACT MARKET,0,0,0.43773665492720853
AAPL,2026-04-21,0001140361-26-015711,-0.0213933529678685,2026,CAT A - COMPACT MARKET,0,0,0.38821232621991314
ADBE,2026-04-22,0000796343-26-000101,0.0187092090498186,2026,CAT A - COMPACT MARKET,1,0,0.46765405818068567
AVGO,2026-04-22,0001730168-26-000039,0.0341930534958387,2026,CAT A - COMPACT MARKET,1,1,0.537688720517313
NFLX,2026-04-23,0001065280-26-000139,0.0011281946640834,2026,CAT A - COMPACT MARKET,1,1,0.6308227023017239
TSLA,2026-04-23,0001628280-26-026551,-0.0299535199415285,2026,CAT A - COMPACT MARKET,0,1,0.5392351573627093
INTC,2026-04-24,0000050863-26-000077,0.2168713502986243,2026,CAT A - COMPACT MARKET,1,0,0.45128062233757904
INTC,2026-04-27,0000050863-26-000083,0.0291553468152547,2026,CAT A - COMPACT MARKET,1,0,0.21265507893394378
NVDA,2026-04-28,0001045810-26-000026,-0.0058242896842328,2026,CAT A - COMPACT MARKET,0,0,0.4410255671762912
AMZN,2026-04-30,0001018724-26-000012,-0.0016468727883254,2026,CAT A - COMPACT MARKET,0,0,0.383700391515018
GOOGL,2026-04-30,0001652044-26-000043,0.0902907529038123,2026,CAT A - COMPACT MARKET,1,0,0.45932008011784015
META,2026-04-30,0001628280-26-028364,-0.0948266554954643,2026,CAT A - COMPACT MARKET,0,0,0.42670592240595645
MSFT,2026-04-30,0001193125-26-191457,-0.0486231754824486,2026,CAT A - COMPACT MARKET,0,0,0.44181430766362245
QCOM,2026-04-30,0000804328-26-000060,0.1418276564768905,2026,CAT A - COMPACT MARKET,1,0,0.3675362266853016
AAPL,2026-05-01,0000320193-26-000011,0.022793892307859,2026,CAT A - COMPACT MARKET,1,0,0.423249023668166
INTC,2026-05-01,0001193125-26-197845,0.0448034171687428,2026,CAT A - COMPACT MARKET,1,0,0.42180243960011965
META,2026-05-05,0001193125-26-204128,-0.0219024667890024,2026,CAT A - COMPACT MARKET,0,1,0.5752816106234843
AMD,2026-05-06,0000002488-26-000072,0.1653710025525319,2026,CAT A - COMPACT MARKET,1,1,0.5241094910384206
NVDA,2026-05-11,0001045810-26-000028,0.0168061992095833,2026,CAT A - COMPACT MARKET,1,0,0.4481070411628536
GOOGL,2026-05-12,0001193125-26-216986,0.0051624834241175,2026,CAT A - COMPACT MARKET,1,1,0.5036866447731979
MSFT,2026-05-15,0001193125-26-224155,0.0455934480664714,2026,CAT A - COMPACT MARKET,1,0,0.46578429468065763
AMD,2026-05-18,0001193125-26-226746,-0.0030308987230113,2026,CAT A - COMPACT MARKET,0,1,0.6785655315633504
INTC,2026-05-18,0000050863-26-000118,-0.0012138983150062,2026,CAT A - COMPACT MARKET,0,1,0.606105300380613
NVDA,2026-05-21,0001045810-26-000051,-0.0196275026130384,2026,CAT A - COMPACT MARKET,0,0,0.44618925821056094
GOOGL,2026-05-22,0001193125-26-234488,-0.0163388825753002,2026,CAT A - COMPACT MARKET,0,1,0.5087439414132401
AMZN,2026-05-26,0001104659-26-065717,-0.0216227139416436,2026,CAT A - COMPACT MARKET,0,1,0.60260154092913
META,2026-06-01,0001628280-26-039193,-0.0566556308874622,2026,CAT A - COMPACT MARKET,0,0,0.42006126586800013
AVGO,2026-06-04,0001730168-26-000051,-0.1210312398743514,2026,CAT A - COMPACT MARKET,0,0,0.44633808040793155
GOOGL,2026-06-05,0001193125-26-257724,0.0381672421712767,2026,CAT A - COMPACT MARKET,1,0,0.48408962285565293
GOOGL,2026-06-08,0001193125-26-259830,-0.0291912288708725,2026,CAT A - COMPACT MARKET,0,1,0.532078687197979
GOOGL,2026-06-08,0001652044-26-000059,-0.0291912288708725,2026,CAT A - COMPACT MARKET,0,1,0.532078687197979
NFLX,2026-06-08,0001065280-26-000189,-0.0100182503504155,2026,CAT A - COMPACT MARKET,0,0,0.4764219867255939
AMZN,2026-06-10,0001104659-26-072140,-0.0053726134400394,2026,CAT A - COMPACT MARKET,0,0,0.4316630875407289
AVGO,2026-06-11,0001193125-26-266777,0.0024240754021118,2026,CAT A - COMPACT MARKET,1,1,0.5088619404637157
ADBE,2026-06-12,0000796343-26-000109,-0.0734349532560182,2026,CAT A - COMPACT MARKET,0,0,0.4351049743977171
GOOGL,2026-06-12,0001193125-26-267578,-0.0005460497805231,2026,CAT A - COMPACT MARKET,0,1,0.5125879171158862
AMZN,2026-06-15,0001104659-26-073562,-9.957228603751922e-05,2026,CAT A - COMPACT MARKET,0,1,0.5201008732594545
AVGO,2026-06-18,0001193125-26-275077,0.0218931329896958,2026,CAT A - COMPACT MARKET,1,1,0.5441441527042595
NVDA,2026-06-22,0001193125-26-275783,-0.0071724054817254,2026,CAT A - COMPACT MARKET,0,0,0.45933802753124336
QCOM,2026-06-24,0001104659-26-077071,-0.0286743834556753,2026,CAT A - COMPACT MARKET,0,1,0.5626420550019805
NVDA,2026-07-01,0001045810-26-000056,0.0027055922428425,2026,CAT A - COMPACT MARKET,1,1,0.5067977282499672
AMD,2026-07-02,0000002488-26-000115,-0.0253003437574649,2026,CAT A - COMPACT MARKET,0,1,0.5915619227317293
NVDA,2026-07-02,0001045810-26-000060,0.003415464384313,2026,CAT A - COMPACT MARKET,1,1,0.6374320453989498
TSLA,2026-07-02,0001628280-26-046717,-0.0575543818261817,2026,CAT A - COMPACT MARKET,0,1,0.5322777809217185
AVGO,2026-07-06,0001193125-26-295589,0.0229725241748379,2026,CAT A - COMPACT MARKET,1,1,0.5452847997665089
AMZN,2026-07-10,0001104659-26-082293,-0.0099646140288109,2026,CAT A - COMPACT MARKET,0,0,0.3618696096016017
NFLX,2026-07-17,0001065280-26-000211,-0.057599892179291,2026,CAT A - COMPACT MARKET,0,0,0.4015791373339069
ADBE,2026-07-20,0000796343-26-000120,-0.011629367377381,2026,CAT A - COMPACT MARKET,0,0,0.3751993139725144
GOOGL,2026-07-23,0001652044-26-000066,-0.0523428238232774,2026,CAT A - COMPACT MARKET,0,1,0.5064525337973593
NFLX,2026-07-23,0001193125-26-312575,0.0242366010624127,2026,CAT A - COMPACT MARKET,1,0,0.43837177698023827
TSLA,2026-07-23,0001628280-26-049213,-0.1262533558961757,2026,CAT A - COMPACT MARKET,0,1,0.5443999037265091
INTC,2026-07-24,0000050863-26-000155,-0.0677472957838671,2026,CAT A - COMPACT MARKET,0,0,0.4997654338058683
META,2026-07-30,0001628280-26-050596,-0.1125151041907142,2026,CAT A - COMPACT MARKET,0,0,0.48386300589571496
MSFT,2026-07-30,0001193125-26-323632,0.1220932058569126,2026,CAT A - COMPACT MARKET,1,0,0.32817298742968903
QCOM,2026-07-30,0000804328-26-000085,-0.0591817061233279,2026,CAT A - COMPACT MARKET,0,1,0.5712626764360029
AAPL,2026-07-31,0000320193-26-000018,-0.0800340895161154,2026,CAT A - COMPACT MARKET,0,0,0.48488043983341383
AMZN,2026-07-31,0001018724-26-000024,0.1467103826662883,2026,CAT A - COMPACT MARKET,1,0,0.43685811718911816
NFLX,2026-07-31,0001065280-26-000214,-0.0264490259696927,2026,CAT A - COMPACT MARKET,0,0,0.4262716726442295
QCOM,2026-08-03,0001104659-26-089234,0.0092690762540241,2026,CAT A - COMPACT MARKET,1,1,0.5601420419338838
AMD,2026-08-05,0000002488-26-000121,-0.0613935964812326,2026,CAT A - COMPACT MARKET,0,0,0.39907657798079677
GOOGL,2026-08-11,0001193125-26-342390,-0.0350184491059453,2026,CAT A - COMPACT MARKET,0,0,0.483922057814408
INTC,2026-08-13,0001193125-26-346806,0.0241947255920518,2026,CAT A - COMPACT MARKET,1,0,0.3283048695663777
TSLA,2026-01-02,0001628280-26-000016,-0.0239678642381994,2026,CAT B - COMPACT + SEC,0,1,0.6826804027677498
AAPL,2026-01-05,0001140361-26-000199,-0.0217800458753627,2026,CAT B - COMPACT + SEC,0,0,0.4527844461261678
AVGO,2026-01-14,0001193125-26-011731,-0.0308274202273529,2026,CAT B - COMPACT + SEC,0,0,0.4681453837704117
META,2026-01-20,0001628280-26-002429,-0.0047584991112157,2026,CAT B - COMPACT + SEC,0,0,0.4717850944575318
NFLX,2026-01-20,0001193125-26-015951,0.0128380428459016,2026,CAT B - COMPACT + SEC,1,0,0.4497441302076644
QCOM,2026-01-20,0000804328-26-000008,-0.0123119600924475,2026,CAT B - COMPACT + SEC,0,0,0.47941371124086807
AMD,2026-01-21,0000002488-26-000002,0.0635771921622683,2026,CAT B - COMPACT + SEC,1,0,0.3000995100118192
NFLX,2026-01-21,0001065280-26-000033,-0.0352924053531309,2026,CAT B - COMPACT + SEC,0,0,0.3928811611318698
INTC,2026-01-23,0000050863-26-000009,-0.1734446087334877,2026,CAT B - COMPACT + SEC,0,0,0.3716937598930304
INTC,2026-01-26,0000050863-26-000031,-0.0616443526820043,2026,CAT B - COMPACT + SEC,0,0,0.4056395692873894
NVDA,2026-01-26,0001045810-26-000003,-0.0107942800846292,2026,CAT B - COMPACT + SEC,0,0,0.4403498405319212
ADBE,2026-01-28,0000796343-26-000019,0.0039509326542428,2026,CAT B - COMPACT + SEC,1,0,0.47072281822285106
META,2026-01-29,0001628280-26-003832,0.1100332626111563,2026,CAT B - COMPACT + SEC,1,0,0.4801661558935762
MSFT,2026-01-29,0001193125-26-027198,-0.0939462485029963,2026,CAT B - COMPACT + SEC,0,0,0.47027667174931265
TSLA,2026-01-29,0001628280-26-003837,-0.0285486205114363,2026,CAT B - COMPACT + SEC,0,0,0.4693897323338896
AAPL,2026-01-30,0000320193-26-000005,0.0166570985837904,2026,CAT B - COMPACT + SEC,1,0,0.422246165674325
AMD,2026-02-04,0000002488-26-000014,-0.1556753126058757,2026,CAT B - COMPACT + SEC,0,0,0.4480894891427668
GOOGL,2026-02-05,0001652044-26-000012,0.0090205072317608,2026,CAT B - COMPACT + SEC,1,0,0.4279824469372359
QCOM,2026-02-05,0000804328-26-000016,-0.0701637211062347,2026,CAT B - COMPACT + SEC,0,0,0.4601560287671153
AMZN,2026-02-06,0001018724-26-000002,-0.0766860142220456,2026,CAT B - COMPACT + SEC,0,1,0.5089872948023856
GOOGL,2026-02-17,0001193125-26-051423,-0.0110726566318904,2026,CAT B - COMPACT + SEC,0,1,0.5868966579354579
AMD,2026-02-18,0000002488-26-000029,-0.0220428400711223,2026,CAT B - COMPACT + SEC,0,1,0.5265834613974314
AMD,2026-02-24,0000002488-26-000045,0.0769491952441228,2026,CAT B - COMPACT + SEC,1,1,0.6232209480983936
AAPL,2026-02-25,0001140361-26-006577,-0.0068133729662351,2026,CAT B - COMPACT + SEC,0,0,0.328732252441672
NVDA,2026-02-26,0001045810-26-000019,-0.042496617762763,2026,CAT B - COMPACT + SEC,0,0,0.4182886349175967
AMZN,2026-02-27,0001104659-26-021050,0.0132045115816146,2026,CAT B - COMPACT + SEC,1,0,0.49403230840499224
AVGO,2026-03-03,0001193125-26-085656,-0.0049143356508332,2026,CAT B - COMPACT + SEC,0,0,0.44499698174837415
INTC,2026-03-04,0000050863-26-000044,0.0422975261028819,2026,CAT B - COMPACT + SEC,1,1,0.5875869095749903
AVGO,2026-03-05,0001730168-26-000011,0.0510080549581203,2026,CAT B - COMPACT + SEC,1,0,0.48918755179018253
GOOGL,2026-03-09,0001652044-26-000026,0.0136296578488566,2026,CAT B - COMPACT + SEC,1,1,0.5914829854797871
NVDA,2026-03-09,0001045810-26-000024,0.0138065906068347,2026,CAT B - COMPACT + SEC,1,0,0.4853983082241037
ADBE,2026-03-13,0000796343-26-000048,-0.0699124470795066,2026,CAT B - COMPACT + SEC,0,0,0.4528005687413312
AMZN,2026-03-16,0001104659-26-027729,0.0083809647767647,2026,CAT B - COMPACT + SEC,1,1,0.5195470208451831
AMZN,2026-03-17,0001104659-26-028556,0.0114605156306819,2026,CAT B - COMPACT + SEC,1,0,0.42027529620887827
QCOM,2026-03-20,0000804328-26-000041,0.0079698096776174,2026,CAT B - COMPACT + SEC,1,0,0.3757359486422034
TSLA,2026-04-02,0001628280-26-022956,-0.0553616328176903,2026,CAT B - COMPACT + SEC,0,0,0.4368913126763769
AVGO,2026-04-06,0001193125-26-140574,-0.0063988681204529,2026,CAT B - COMPACT + SEC,0,0,0.45664070537138546
GOOGL,2026-04-06,0001652044-26-000031,0.0082504348362495,2026,CAT B - COMPACT + SEC,1,0,0.4846424518071791
INTC,2026-04-06,0000050863-26-000069,0.0019222474605418,2026,CAT B - COMPACT + SEC,1,0,0.32892427639002336
AVGO,2026-04-07,0001193125-26-144028,0.0619912664480655,2026,CAT B - COMPACT + SEC,1,0,0.485440078164586
AMZN,2026-04-09,0001104659-26-041034,0.0492804640933421,2026,CAT B - COMPACT + SEC,1,0,0.3843634417648812
INTC,2026-04-09,0000050863-26-000072,0.0402242748034202,2026,CAT B - COMPACT + SEC,1,0,0.41094833953749205
GOOGL,2026-04-13,0001652044-26-000034,0.0024868969699596,2026,CAT B - COMPACT + SEC,1,1,0.5374305516943879
AMZN,2026-04-14,0001104659-26-042880,0.0199021520163233,2026,CAT B - COMPACT + SEC,1,1,0.5353831838554634
META,2026-04-15,0001628280-26-025108,-0.0002783824166061,2026,CAT B - COMPACT + SEC,0,0,0.3563129575355877
NFLX,2026-04-17,0001065280-26-000137,-0.110310240572915,2026,CAT B - COMPACT + SEC,0,0,0.43077730794543173
AAPL,2026-04-21,0001140361-26-015711,-0.0213933529678685,2026,CAT B - COMPACT + SEC,0,0,0.4080879932745658
ADBE,2026-04-22,0000796343-26-000101,0.0187092090498186,2026,CAT B - COMPACT + SEC,1,0,0.46632675185039313
AVGO,2026-04-22,0001730168-26-000039,0.0341930534958387,2026,CAT B - COMPACT + SEC,1,1,0.5611434590666629
NFLX,2026-04-23,0001065280-26-000139,0.0011281946640834,2026,CAT B - COMPACT + SEC,1,1,0.6108883324447775
TSLA,2026-04-23,0001628280-26-026551,-0.0299535199415285,2026,CAT B - COMPACT + SEC,0,1,0.5266444566249919
INTC,2026-04-24,0000050863-26-000077,0.2168713502986243,2026,CAT B - COMPACT + SEC,1,0,0.43878533173116957
INTC,2026-04-27,0000050863-26-000083,0.0291553468152547,2026,CAT B - COMPACT + SEC,1,0,0.22996140689841882
NVDA,2026-04-28,0001045810-26-000026,-0.0058242896842328,2026,CAT B - COMPACT + SEC,0,0,0.40267060489803014
AMZN,2026-04-30,0001018724-26-000012,-0.0016468727883254,2026,CAT B - COMPACT + SEC,0,0,0.3822560708983582
GOOGL,2026-04-30,0001652044-26-000043,0.0902907529038123,2026,CAT B - COMPACT + SEC,1,0,0.42924923197457177
META,2026-04-30,0001628280-26-028364,-0.0948266554954643,2026,CAT B - COMPACT + SEC,0,0,0.42828105126041655
MSFT,2026-04-30,0001193125-26-191457,-0.0486231754824486,2026,CAT B - COMPACT + SEC,0,1,0.5133351278957291
QCOM,2026-04-30,0000804328-26-000060,0.1418276564768905,2026,CAT B - COMPACT + SEC,1,0,0.36435642428893283
AAPL,2026-05-01,0000320193-26-000011,0.022793892307859,2026,CAT B - COMPACT + SEC,1,0,0.4032860076461769
INTC,2026-05-01,0001193125-26-197845,0.0448034171687428,2026,CAT B - COMPACT + SEC,1,0,0.48282091559898765
META,2026-05-05,0001193125-26-204128,-0.0219024667890024,2026,CAT B - COMPACT + SEC,0,1,0.6280849017521963
AMD,2026-05-06,0000002488-26-000072,0.1653710025525319,2026,CAT B - COMPACT + SEC,1,1,0.5168531687112032
NVDA,2026-05-11,0001045810-26-000028,0.0168061992095833,2026,CAT B - COMPACT + SEC,1,0,0.4469441124553148
GOOGL,2026-05-12,0001193125-26-216986,0.0051624834241175,2026,CAT B - COMPACT + SEC,1,1,0.5558326923710414
MSFT,2026-05-15,0001193125-26-224155,0.0455934480664714,2026,CAT B - COMPACT + SEC,1,0,0.41610410720210156
AMD,2026-05-18,0001193125-26-226746,-0.0030308987230113,2026,CAT B - COMPACT + SEC,0,1,0.6611064079116012
INTC,2026-05-18,0000050863-26-000118,-0.0012138983150062,2026,CAT B - COMPACT + SEC,0,1,0.5493927946556472
NVDA,2026-05-21,0001045810-26-000051,-0.0196275026130384,2026,CAT B - COMPACT + SEC,0,0,0.47975887071568235
GOOGL,2026-05-22,0001193125-26-234488,-0.0163388825753002,2026,CAT B - COMPACT + SEC,0,1,0.530306525607503
AMZN,2026-05-26,0001104659-26-065717,-0.0216227139416436,2026,CAT B - COMPACT + SEC,0,1,0.6435052940908496
META,2026-06-01,0001628280-26-039193,-0.0566556308874622,2026,CAT B - COMPACT + SEC,0,0,0.4016436741907039
AVGO,2026-06-04,0001730168-26-000051,-0.1210312398743514,2026,CAT B - COMPACT + SEC,0,0,0.4849667687648932
GOOGL,2026-06-05,0001193125-26-257724,0.0381672421712767,2026,CAT B - COMPACT + SEC,1,1,0.5230351057369338
GOOGL,2026-06-08,0001193125-26-259830,-0.0291912288708725,2026,CAT B - COMPACT + SEC,0,1,0.5979516918761238
GOOGL,2026-06-08,0001652044-26-000059,-0.0291912288708725,2026,CAT B - COMPACT + SEC,0,0,0.4732920143958293
NFLX,2026-06-08,0001065280-26-000189,-0.0100182503504155,2026,CAT B - COMPACT + SEC,0,0,0.40126690903277734
AMZN,2026-06-10,0001104659-26-072140,-0.0053726134400394,2026,CAT B - COMPACT + SEC,0,0,0.416694712349494
AVGO,2026-06-11,0001193125-26-266777,0.0024240754021118,2026,CAT B - COMPACT + SEC,1,1,0.5374075933195124
ADBE,2026-06-12,0000796343-26-000109,-0.0734349532560182,2026,CAT B - COMPACT + SEC,0,0,0.4551311839504541
GOOGL,2026-06-12,0001193125-26-267578,-0.0005460497805231,2026,CAT B - COMPACT + SEC,0,0,0.41996618849935025
AMZN,2026-06-15,0001104659-26-073562,-9.957228603751922e-05,2026,CAT B - COMPACT + SEC,0,1,0.5001455263505712
AVGO,2026-06-18,0001193125-26-275077,0.0218931329896958,2026,CAT B - COMPACT + SEC,1,1,0.5430123953934889
NVDA,2026-06-22,0001193125-26-275783,-0.0071724054817254,2026,CAT B - COMPACT + SEC,0,1,0.546187679205699
QCOM,2026-06-24,0001104659-26-077071,-0.0286743834556753,2026,CAT B - COMPACT + SEC,0,1,0.5765469987822993
NVDA,2026-07-01,0001045810-26-000056,0.0027055922428425,2026,CAT B - COMPACT + SEC,1,1,0.5226602038361557
AMD,2026-07-02,0000002488-26-000115,-0.0253003437574649,2026,CAT B - COMPACT + SEC,0,1,0.564619904166931
NVDA,2026-07-02,0001045810-26-000060,0.003415464384313,2026,CAT B - COMPACT + SEC,1,1,0.5903054201193444
TSLA,2026-07-02,0001628280-26-046717,-0.0575543818261817,2026,CAT B - COMPACT + SEC,0,1,0.5359197945732561
AVGO,2026-07-06,0001193125-26-295589,0.0229725241748379,2026,CAT B - COMPACT + SEC,1,1,0.5252687139770084
AMZN,2026-07-10,0001104659-26-082293,-0.0099646140288109,2026,CAT B - COMPACT + SEC,0,0,0.390328819297793
NFLX,2026-07-17,0001065280-26-000211,-0.057599892179291,2026,CAT B - COMPACT + SEC,0,0,0.36308181329253253
ADBE,2026-07-20,0000796343-26-000120,-0.011629367377381,2026,CAT B - COMPACT + SEC,0,0,0.3391852233759923
GOOGL,2026-07-23,0001652044-26-000066,-0.0523428238232774,2026,CAT B - COMPACT + SEC,0,1,0.523022325459653
NFLX,2026-07-23,0001193125-26-312575,0.0242366010624127,2026,CAT B - COMPACT + SEC,1,0,0.46409297642832315
TSLA,2026-07-23,0001628280-26-049213,-0.1262533558961757,2026,CAT B - COMPACT + SEC,0,1,0.5512345075651146
INTC,2026-07-24,0000050863-26-000155,-0.0677472957838671,2026,CAT B - COMPACT + SEC,0,1,0.5254715410703089
META,2026-07-30,0001628280-26-050596,-0.1125151041907142,2026,CAT B - COMPACT + SEC,0,0,0.49195339365869234
MSFT,2026-07-30,0001193125-26-323632,0.1220932058569126,2026,CAT B - COMPACT + SEC,1,0,0.3900246887452757
QCOM,2026-07-30,0000804328-26-000085,-0.0591817061233279,2026,CAT B - COMPACT + SEC,0,1,0.6014985294389381
AAPL,2026-07-31,0000320193-26-000018,-0.0800340895161154,2026,CAT B - COMPACT + SEC,0,0,0.4542832654777566
AMZN,2026-07-31,0001018724-26-000024,0.1467103826662883,2026,CAT B - COMPACT + SEC,1,0,0.3675455270146137
NFLX,2026-07-31,0001065280-26-000214,-0.0264490259696927,2026,CAT B - COMPACT + SEC,0,0,0.4374870197604585
QCOM,2026-08-03,0001104659-26-089234,0.0092690762540241,2026,CAT B - COMPACT + SEC,1,1,0.5965991384703384
AMD,2026-08-05,0000002488-26-000121,-0.0613935964812326,2026,CAT B - COMPACT + SEC,0,0,0.44088195784943235
GOOGL,2026-08-11,0001193125-26-342390,-0.0350184491059453,2026,CAT B - COMPACT + SEC,0,1,0.5866688113166999
INTC,2026-08-13,0001193125-26-346806,0.0241947255920518,2026,CAT B - COMPACT + SEC,1,0,0.3348113328310146
TSLA,2026-01-02,0001628280-26-000016,-0.0239678642381994,2026,CAT C - COMPACT + SEC + FINBERT,0,1,0.598844598092354
AAPL,2026-01-05,0001140361-26-000199,-0.0217800458753627,2026,CAT C - COMPACT + SEC + FINBERT,0,0,0.44671948697227826
AVGO,2026-01-14,0001193125-26-011731,-0.0308274202273529,2026,CAT C - COMPACT + SEC + FINBERT,0,0,0.4396851558727193
META,2026-01-20,0001628280-26-002429,-0.0047584991112157,2026,CAT C - COMPACT + SEC + FINBERT,0,0,0.4640444621580034
NFLX,2026-01-20,0001193125-26-015951,0.0128380428459016,2026,CAT C - COMPACT + SEC + FINBERT,1,0,0.4778839566839419
QCOM,2026-01-20,0000804328-26-000008,-0.0123119600924475,2026,CAT C - COMPACT + SEC + FINBERT,0,0,0.45493494698991027
AMD,2026-01-21,0000002488-26-000002,0.0635771921622683,2026,CAT C - COMPACT + SEC + FINBERT,1,0,0.31727109726766806
NFLX,2026-01-21,0001065280-26-000033,-0.0352924053531309,2026,CAT C - COMPACT + SEC + FINBERT,0,1,0.5198645377561512
INTC,2026-01-23,0000050863-26-000009,-0.1734446087334877,2026,CAT C - COMPACT + SEC + FINBERT,0,0,0.3334729937859186
INTC,2026-01-26,0000050863-26-000031,-0.0616443526820043,2026,CAT C - COMPACT + SEC + FINBERT,0,0,0.44537397938899637
NVDA,2026-01-26,0001045810-26-000003,-0.0107942800846292,2026,CAT C - COMPACT + SEC + FINBERT,0,0,0.4543341026468874
ADBE,2026-01-28,0000796343-26-000019,0.0039509326542428,2026,CAT C - COMPACT + SEC + FINBERT,1,0,0.4468595756274588
META,2026-01-29,0001628280-26-003832,0.1100332626111563,2026,CAT C - COMPACT + SEC + FINBERT,1,0,0.4756504077752178
MSFT,2026-01-29,0001193125-26-027198,-0.0939462485029963,2026,CAT C - COMPACT + SEC + FINBERT,0,0,0.47554522575028246
TSLA,2026-01-29,0001628280-26-003837,-0.0285486205114363,2026,CAT C - COMPACT + SEC + FINBERT,0,0,0.48777314644784103
AAPL,2026-01-30,0000320193-26-000005,0.0166570985837904,2026,CAT C - COMPACT + SEC + FINBERT,1,0,0.38786164035039294
AMD,2026-02-04,0000002488-26-000014,-0.1556753126058757,2026,CAT C - COMPACT + SEC + FINBERT,0,0,0.4449261412287087
GOOGL,2026-02-05,0001652044-26-000012,0.0090205072317608,2026,CAT C - COMPACT + SEC + FINBERT,1,1,0.5083538557681254
QCOM,2026-02-05,0000804328-26-000016,-0.0701637211062347,2026,CAT C - COMPACT + SEC + FINBERT,0,0,0.4711919685765766
AMZN,2026-02-06,0001018724-26-000002,-0.0766860142220456,2026,CAT C - COMPACT + SEC + FINBERT,0,1,0.5204571572243263
GOOGL,2026-02-17,0001193125-26-051423,-0.0110726566318904,2026,CAT C - COMPACT + SEC + FINBERT,0,1,0.5794230582061632
AMD,2026-02-18,0000002488-26-000029,-0.0220428400711223,2026,CAT C - COMPACT + SEC + FINBERT,0,0,0.4534021475149879
AMD,2026-02-24,0000002488-26-000045,0.0769491952441228,2026,CAT C - COMPACT + SEC + FINBERT,1,1,0.5984988300911507
AAPL,2026-02-25,0001140361-26-006577,-0.0068133729662351,2026,CAT C - COMPACT + SEC + FINBERT,0,0,0.3244628602917407
NVDA,2026-02-26,0001045810-26-000019,-0.042496617762763,2026,CAT C - COMPACT + SEC + FINBERT,0,0,0.4036661749214175
AMZN,2026-02-27,0001104659-26-021050,0.0132045115816146,2026,CAT C - COMPACT + SEC + FINBERT,1,1,0.5725252579742464
AVGO,2026-03-03,0001193125-26-085656,-0.0049143356508332,2026,CAT C - COMPACT + SEC + FINBERT,0,0,0.4381054601280834
INTC,2026-03-04,0000050863-26-000044,0.0422975261028819,2026,CAT C - COMPACT + SEC + FINBERT,1,1,0.5147312781755367
AVGO,2026-03-05,0001730168-26-000011,0.0510080549581203,2026,CAT C - COMPACT + SEC + FINBERT,1,1,0.5148997192527852
GOOGL,2026-03-09,0001652044-26-000026,0.0136296578488566,2026,CAT C - COMPACT + SEC + FINBERT,1,1,0.5317830947012044
NVDA,2026-03-09,0001045810-26-000024,0.0138065906068347,2026,CAT C - COMPACT + SEC + FINBERT,1,1,0.5273840920782655
ADBE,2026-03-13,0000796343-26-000048,-0.0699124470795066,2026,CAT C - COMPACT + SEC + FINBERT,0,0,0.46813831192451794
AMZN,2026-03-16,0001104659-26-027729,0.0083809647767647,2026,CAT C - COMPACT + SEC + FINBERT,1,1,0.5095317519709264
AMZN,2026-03-17,0001104659-26-028556,0.0114605156306819,2026,CAT C - COMPACT + SEC + FINBERT,1,0,0.45000519778358444
QCOM,2026-03-20,0000804328-26-000041,0.0079698096776174,2026,CAT C - COMPACT + SEC + FINBERT,1,0,0.36264738923935824
TSLA,2026-04-02,0001628280-26-022956,-0.0553616328176903,2026,CAT C - COMPACT + SEC + FINBERT,0,0,0.4415572962717826
AVGO,2026-04-06,0001193125-26-140574,-0.0063988681204529,2026,CAT C - COMPACT + SEC + FINBERT,0,0,0.4451056658462669
GOOGL,2026-04-06,0001652044-26-000031,0.0082504348362495,2026,CAT C - COMPACT + SEC + FINBERT,1,0,0.4819498308739064
INTC,2026-04-06,0000050863-26-000069,0.0019222474605418,2026,CAT C - COMPACT + SEC + FINBERT,1,0,0.38798187595389927
AVGO,2026-04-07,0001193125-26-144028,0.0619912664480655,2026,CAT C - COMPACT + SEC + FINBERT,1,0,0.49508625928259103
AMZN,2026-04-09,0001104659-26-041034,0.0492804640933421,2026,CAT C - COMPACT + SEC + FINBERT,1,0,0.37304875909558444
INTC,2026-04-09,0000050863-26-000072,0.0402242748034202,2026,CAT C - COMPACT + SEC + FINBERT,1,0,0.35494430866405924
GOOGL,2026-04-13,0001652044-26-000034,0.0024868969699596,2026,CAT C - COMPACT + SEC + FINBERT,1,0,0.4684123327087858
AMZN,2026-04-14,0001104659-26-042880,0.0199021520163233,2026,CAT C - COMPACT + SEC + FINBERT,1,0,0.48768615013801553
META,2026-04-15,0001628280-26-025108,-0.0002783824166061,2026,CAT C - COMPACT + SEC + FINBERT,0,0,0.3685712843967055
NFLX,2026-04-17,0001065280-26-000137,-0.110310240572915,2026,CAT C - COMPACT + SEC + FINBERT,0,0,0.4457193169106129
AAPL,2026-04-21,0001140361-26-015711,-0.0213933529678685,2026,CAT C - COMPACT + SEC + FINBERT,0,0,0.4026821588163974
ADBE,2026-04-22,0000796343-26-000101,0.0187092090498186,2026,CAT C - COMPACT + SEC + FINBERT,1,0,0.4184435382419541
AVGO,2026-04-22,0001730168-26-000039,0.0341930534958387,2026,CAT C - COMPACT + SEC + FINBERT,1,0,0.4862456752487521
NFLX,2026-04-23,0001065280-26-000139,0.0011281946640834,2026,CAT C - COMPACT + SEC + FINBERT,1,1,0.6602951446664777
TSLA,2026-04-23,0001628280-26-026551,-0.0299535199415285,2026,CAT C - COMPACT + SEC + FINBERT,0,1,0.5026010702583216
INTC,2026-04-24,0000050863-26-000077,0.2168713502986243,2026,CAT C - COMPACT + SEC + FINBERT,1,0,0.35413218725543627
INTC,2026-04-27,0000050863-26-000083,0.0291553468152547,2026,CAT C - COMPACT + SEC + FINBERT,1,0,0.2738472394310483
NVDA,2026-04-28,0001045810-26-000026,-0.0058242896842328,2026,CAT C - COMPACT + SEC + FINBERT,0,0,0.3267618366807304
AMZN,2026-04-30,0001018724-26-000012,-0.0016468727883254,2026,CAT C - COMPACT + SEC + FINBERT,0,0,0.4031318406284664
GOOGL,2026-04-30,0001652044-26-000043,0.0902907529038123,2026,CAT C - COMPACT + SEC + FINBERT,1,0,0.43052392628841696
META,2026-04-30,0001628280-26-028364,-0.0948266554954643,2026,CAT C - COMPACT + SEC + FINBERT,0,0,0.4463921596756094
MSFT,2026-04-30,0001193125-26-191457,-0.0486231754824486,2026,CAT C - COMPACT + SEC + FINBERT,0,0,0.4777373234720324
QCOM,2026-04-30,0000804328-26-000060,0.1418276564768905,2026,CAT C - COMPACT + SEC + FINBERT,1,0,0.3202225983794907
AAPL,2026-05-01,0000320193-26-000011,0.022793892307859,2026,CAT C - COMPACT + SEC + FINBERT,1,0,0.4055835396155997
INTC,2026-05-01,0001193125-26-197845,0.0448034171687428,2026,CAT C - COMPACT + SEC + FINBERT,1,0,0.43002395748494926
META,2026-05-05,0001193125-26-204128,-0.0219024667890024,2026,CAT C - COMPACT + SEC + FINBERT,0,1,0.561038560207899
AMD,2026-05-06,0000002488-26-000072,0.1653710025525319,2026,CAT C - COMPACT + SEC + FINBERT,1,0,0.492210227289866
NVDA,2026-05-11,0001045810-26-000028,0.0168061992095833,2026,CAT C - COMPACT + SEC + FINBERT,1,0,0.4676663632900597
GOOGL,2026-05-12,0001193125-26-216986,0.0051624834241175,2026,CAT C - COMPACT + SEC + FINBERT,1,1,0.5081504711974286
MSFT,2026-05-15,0001193125-26-224155,0.0455934480664714,2026,CAT C - COMPACT + SEC + FINBERT,1,0,0.48377531380126315
AMD,2026-05-18,0001193125-26-226746,-0.0030308987230113,2026,CAT C - COMPACT + SEC + FINBERT,0,1,0.602460389838746
INTC,2026-05-18,0000050863-26-000118,-0.0012138983150062,2026,CAT C - COMPACT + SEC + FINBERT,0,1,0.5989419017210693
NVDA,2026-05-21,0001045810-26-000051,-0.0196275026130384,2026,CAT C - COMPACT + SEC + FINBERT,0,0,0.4723204550868888
GOOGL,2026-05-22,0001193125-26-234488,-0.0163388825753002,2026,CAT C - COMPACT + SEC + FINBERT,0,1,0.5001511679814172
AMZN,2026-05-26,0001104659-26-065717,-0.0216227139416436,2026,CAT C - COMPACT + SEC + FINBERT,0,1,0.5825745141044988
META,2026-06-01,0001628280-26-039193,-0.0566556308874622,2026,CAT C - COMPACT + SEC + FINBERT,0,0,0.42164645666686373
AVGO,2026-06-04,0001730168-26-000051,-0.1210312398743514,2026,CAT C - COMPACT + SEC + FINBERT,0,0,0.4742839093635217
GOOGL,2026-06-05,0001193125-26-257724,0.0381672421712767,2026,CAT C - COMPACT + SEC + FINBERT,1,1,0.5225729818950854
GOOGL,2026-06-08,0001193125-26-259830,-0.0291912288708725,2026,CAT C - COMPACT + SEC + FINBERT,0,1,0.5821993778659168
GOOGL,2026-06-08,0001652044-26-000059,-0.0291912288708725,2026,CAT C - COMPACT + SEC + FINBERT,0,0,0.4426209962516775
NFLX,2026-06-08,0001065280-26-000189,-0.0100182503504155,2026,CAT C - COMPACT + SEC + FINBERT,0,0,0.47616545838468305
AMZN,2026-06-10,0001104659-26-072140,-0.0053726134400394,2026,CAT C - COMPACT + SEC + FINBERT,0,0,0.47612125687050705
AVGO,2026-06-11,0001193125-26-266777,0.0024240754021118,2026,CAT C - COMPACT + SEC + FINBERT,1,1,0.5689634065074857
ADBE,2026-06-12,0000796343-26-000109,-0.0734349532560182,2026,CAT C - COMPACT + SEC + FINBERT,0,0,0.410995924565898
GOOGL,2026-06-12,0001193125-26-267578,-0.0005460497805231,2026,CAT C - COMPACT + SEC + FINBERT,0,0,0.3720006922210233
AMZN,2026-06-15,0001104659-26-073562,-9.957228603751922e-05,2026,CAT C - COMPACT + SEC + FINBERT,0,0,0.4543963245171711
AVGO,2026-06-18,0001193125-26-275077,0.0218931329896958,2026,CAT C - COMPACT + SEC + FINBERT,1,1,0.5801772247373698
NVDA,2026-06-22,0001193125-26-275783,-0.0071724054817254,2026,CAT C - COMPACT + SEC + FINBERT,0,1,0.5577535319792956
QCOM,2026-06-24,0001104659-26-077071,-0.0286743834556753,2026,CAT C - COMPACT + SEC + FINBERT,0,1,0.5771014890988696
NVDA,2026-07-01,0001045810-26-000056,0.0027055922428425,2026,CAT C - COMPACT + SEC + FINBERT,1,0,0.49862257071841865
AMD,2026-07-02,0000002488-26-000115,-0.0253003437574649,2026,CAT C - COMPACT + SEC + FINBERT,0,1,0.5406851768953094
NVDA,2026-07-02,0001045810-26-000060,0.003415464384313,2026,CAT C - COMPACT + SEC + FINBERT,1,1,0.5261828171163067
TSLA,2026-07-02,0001628280-26-046717,-0.0575543818261817,2026,CAT C - COMPACT + SEC + FINBERT,0,1,0.5172088883997741
AVGO,2026-07-06,0001193125-26-295589,0.0229725241748379,2026,CAT C - COMPACT + SEC + FINBERT,1,1,0.5514199403826936
AMZN,2026-07-10,0001104659-26-082293,-0.0099646140288109,2026,CAT C - COMPACT + SEC + FINBERT,0,0,0.3939500746650989
NFLX,2026-07-17,0001065280-26-000211,-0.057599892179291,2026,CAT C - COMPACT + SEC + FINBERT,0,0,0.37285061168233796
ADBE,2026-07-20,0000796343-26-000120,-0.011629367377381,2026,CAT C - COMPACT + SEC + FINBERT,0,0,0.34529723697166353
GOOGL,2026-07-23,0001652044-26-000066,-0.0523428238232774,2026,CAT C - COMPACT + SEC + FINBERT,0,1,0.5484258776989458
NFLX,2026-07-23,0001193125-26-312575,0.0242366010624127,2026,CAT C - COMPACT + SEC + FINBERT,1,0,0.41301431164818436
TSLA,2026-07-23,0001628280-26-049213,-0.1262533558961757,2026,CAT C - COMPACT + SEC + FINBERT,0,1,0.5485176615443746
INTC,2026-07-24,0000050863-26-000155,-0.0677472957838671,2026,CAT C - COMPACT + SEC + FINBERT,0,0,0.45863105166289586
META,2026-07-30,0001628280-26-050596,-0.1125151041907142,2026,CAT C - COMPACT + SEC + FINBERT,0,1,0.5099554835893648
MSFT,2026-07-30,0001193125-26-323632,0.1220932058569126,2026,CAT C - COMPACT + SEC + FINBERT,1,0,0.3993335523670993
QCOM,2026-07-30,0000804328-26-000085,-0.0591817061233279,2026,CAT C - COMPACT + SEC + FINBERT,0,1,0.502204071719353
AAPL,2026-07-31,0000320193-26-000018,-0.0800340895161154,2026,CAT C - COMPACT + SEC + FINBERT,0,0,0.49268756817442694
AMZN,2026-07-31,0001018724-26-000024,0.1467103826662883,2026,CAT C - COMPACT + SEC + FINBERT,1,0,0.3620722111641484
NFLX,2026-07-31,0001065280-26-000214,-0.0264490259696927,2026,CAT C - COMPACT + SEC + FINBERT,0,0,0.38569090323504285
QCOM,2026-08-03,0001104659-26-089234,0.0092690762540241,2026,CAT C - COMPACT + SEC + FINBERT,1,1,0.5461287423569194
AMD,2026-08-05,0000002488-26-000121,-0.0613935964812326,2026,CAT C - COMPACT + SEC + FINBERT,0,0,0.432086735979056
GOOGL,2026-08-11,0001193125-26-342390,-0.0350184491059453,2026,CAT C - COMPACT + SEC + FINBERT,0,0,0.47142295166336695
INTC,2026-08-13,0001193125-26-346806,0.0241947255920518,2026,CAT C - COMPACT + SEC + FINBERT,1,0,0.323753540474139
