Ticker,Event_Session,Accession,Abnormal_Event_Return_1D,Test_Year,Model,y_true,y_pred,y_prob
TSLA,2023-01-03,0001564590-23-000002,-0.1156624860226348,2023,TREE A - COMPACT MARKET,0,0,0.4482758620689655
AMZN,2023-01-04,0001193125-23-000849,-0.0126876408399162,2023,TREE A - COMPACT MARKET,0,0,0.4482758620689655
AMZN,2023-01-09,0001193125-23-003621,0.0083963791381691,2023,TREE A - COMPACT MARKET,1,0,0.4482758620689655
NFLX,2023-01-10,0001065280-23-000033,0.0307843939834469,2023,TREE A - COMPACT MARKET,1,0,0.4482758620689655
AMD,2023-01-12,0000002488-23-000003,0.019791102730847,2023,TREE A - COMPACT MARKET,1,0,0.4482758620689655
MSFT,2023-01-18,0001193125-23-009934,-0.0058891649917989,2023,TREE A - COMPACT MARKET,0,0,0.4482758620689655
ADBE,2023-01-20,0001193125-23-010953,0.0130675568418314,2023,TREE A - COMPACT MARKET,1,1,1.0
GOOGL,2023-01-20,0001193125-23-011424,0.026045161412773,2023,TREE A - COMPACT MARKET,1,0,0.0
NFLX,2023-01-20,0001065280-23-000034,0.0572490265820655,2023,TREE A - COMPACT MARKET,1,1,1.0
GOOGL,2023-01-25,0001652044-23-000005,-0.0231644469233743,2023,TREE A - COMPACT MARKET,0,1,0.7
MSFT,2023-01-25,0001193125-23-014230,-0.003688560046954,2023,TREE A - COMPACT MARKET,0,0,0.4482758620689655
TSLA,2023-01-26,0001564590-23-000799,0.0901750820045785,2023,TREE A - COMPACT MARKET,1,0,0.3076923076923077
ADBE,2023-01-27,0000796343-23-000011,0.0034130337334414,2023,TREE A - COMPACT MARKET,1,0,0.37037037037037035
INTC,2023-01-27,0000050863-23-000005,-0.0740950349112492,2023,TREE A - COMPACT MARKET,0,0,0.4482758620689655
AMD,2023-02-01,0000002488-23-000007,0.1048972199729882,2023,TREE A - COMPACT MARKET,1,0,0.4482758620689655
META,2023-02-02,0001326801-23-000008,0.1969341805130866,2023,TREE A - COMPACT MARKET,1,1,0.8333333333333334
META,2023-02-02,0001326801-23-000015,0.1969341805130866,2023,TREE A - COMPACT MARKET,1,1,0.8333333333333334
AAPL,2023-02-03,0000320193-23-000005,0.0421727178443979,2023,TREE A - COMPACT MARKET,1,1,0.7
AMZN,2023-02-03,0001018724-23-000002,-0.0665420767107707,2023,TREE A - COMPACT MARKET,0,1,0.7
GOOGL,2023-02-03,0001652044-23-000013,-0.0097006411015775,2023,TREE A - COMPACT MARKET,0,1,0.7
QCOM,2023-02-03,0000804328-23-000005,0.0116632618341803,2023,TREE A - COMPACT MARKET,1,1,0.7
INTC,2023-02-13,0001193125-23-032608,0.0109625490155056,2023,TREE A - COMPACT MARKET,1,0,0.4482758620689655
META,2023-02-14,0001326801-23-000019,-0.0071106667692597,2023,TREE A - COMPACT MARKET,0,0,0.4482758620689655
META,2023-02-16,0001326801-23-000023,-0.0078781083747686,2023,TREE A - COMPACT MARKET,0,0,0.4482758620689655
AMD,2023-02-22,0000002488-23-000040,-0.002832042904912,2023,TREE A - COMPACT MARKET,0,1,0.7619047619047619
NVDA,2023-02-23,0001045810-23-000014,0.1314796732369261,2023,TREE A - COMPACT MARKET,1,0,0.4482758620689655
NFLX,2023-02-27,0001065280-23-000062,0.0113790277894145,2023,TREE A - COMPACT MARKET,1,1,0.7619047619047619
AVGO,2023-03-03,0001730168-23-000004,0.036304244985005,2023,TREE A - COMPACT MARKET,1,0,0.4482758620689655
NVDA,2023-03-09,0001045810-23-000039,-0.0134832812365488,2023,TREE A - COMPACT MARKET,0,0,0.4482758620689655
QCOM,2023-03-10,0000804328-23-000014,-0.0032742910351497,2023,TREE A - COMPACT MARKET,0,0,0.4307692307692308
AAPL,2023-03-13,0001140361-23-011192,0.0058495767557158,2023,TREE A - COMPACT MARKET,1,1,0.7619047619047619
META,2023-03-14,0001326801-23-000035,0.0495466482966606,2023,TREE A - COMPACT MARKET,1,0,0.4482758620689655
ADBE,2023-03-16,0000796343-23-000044,0.0326300284227003,2023,TREE A - COMPACT MARKET,1,0,0.4482758620689655
TSLA,2023-04-03,0001564590-23-005126,-0.0587379920681228,2023,TREE A - COMPACT MARKET,0,0,0.4482758620689655
TSLA,2023-04-06,0001564590-23-005462,-0.0092216572279802,2023,TREE A - COMPACT MARKET,0,1,1.0
AVGO,2023-04-10,0001730168-23-000052,0.0081949810147982,2023,TREE A - COMPACT MARKET,1,0,0.4482758620689655
META,2023-04-11,0001326801-23-000038,0.0022265981036951,2023,TREE A - COMPACT MARKET,1,0,0.4482758620689655
AMZN,2023-04-13,0001104659-23-044715,0.0271315497467332,2023,TREE A - COMPACT MARKET,1,1,1.0
NFLX,2023-04-19,0001065280-23-000119,-0.0312345844131969,2023,TREE A - COMPACT MARKET,0,0,0.4482758620689655
TSLA,2023-04-20,0001564590-23-005959,-0.0898338509164068,2023,TREE A - COMPACT MARKET,0,0,0.4482758620689655
GOOGL,2023-04-21,0001652044-23-000034,9.635682347419738e-05,2023,TREE A - COMPACT MARKET,1,1,1.0
GOOGL,2023-04-24,0001193125-23-110657,0.0073971460599369,2023,TREE A - COMPACT MARKET,1,0,0.4482758620689655
ADBE,2023-04-25,0000796343-23-000084,-0.0016747468953407,2023,TREE A - COMPACT MARKET,0,0,0.4482758620689655
GOOGL,2023-04-26,0001652044-23-000041,-0.0074125529130505,2023,TREE A - COMPACT MARKET,0,0,0.4307692307692308
MSFT,2023-04-26,0001193125-23-115280,0.0663702873324159,2023,TREE A - COMPACT MARKET,1,0,0.4307692307692308
META,2023-04-27,0001326801-23-000063,0.1120639737781477,2023,TREE A - COMPACT MARKET,1,0,0.4482758620689655
AMZN,2023-04-28,0001018724-23-000006,-0.0466911150938218,2023,TREE A - COMPACT MARKET,0,0,0.37037037037037035
INTC,2023-04-28,0000050863-23-000027,0.0332888165939835,2023,TREE A - COMPACT MARKET,1,0,0.4482758620689655
AMD,2023-05-03,0000002488-23-000074,-0.0856594537141515,2023,TREE A - COMPACT MARKET,0,1,1.0
META,2023-05-04,0001193125-23-134410,-0.0112782936674858,2023,TREE A - COMPACT MARKET,0,0,0.4482758620689655
QCOM,2023-05-04,0000804328-23-000022,-0.0518631415817621,2023,TREE A - COMPACT MARKET,0,0,0.13333333333333333
AAPL,2023-05-05,0000320193-23-000063,0.0256724402288117,2023,TREE A - COMPACT MARKET,1,0,0.13333333333333333
AAPL,2023-05-11,0001140361-23-023909,-0.0021652177173392,2023,TREE A - COMPACT MARKET,0,0,0.4482758620689655
INTC,2023-05-17,0000050863-23-000057,-0.0240821783586867,2023,TREE A - COMPACT MARKET,0,0,0.13333333333333333
AVGO,2023-05-23,0001730168-23-000054,0.0246609698157997,2023,TREE A - COMPACT MARKET,1,0,0.37037037037037035
TSLA,2023-05-23,0001564590-23-007379,-0.0037371727338172,2023,TREE A - COMPACT MARKET,0,0,0.37037037037037035
AMD,2023-05-24,0001193125-23-151810,0.0065167645276903,2023,TREE A - COMPACT MARKET,1,0,0.37037037037037035
NVDA,2023-05-25,0001045810-23-000087,0.2193636281413169,2023,TREE A - COMPACT MARKET,1,0,0.4482758620689655
AMZN,2023-05-30,0001104659-23-065457,0.0083696886722113,2023,TREE A - COMPACT MARKET,1,0,0.37037037037037035
AVGO,2023-06-02,0001730168-23-000062,0.0204133015688046,2023,TREE A - COMPACT MARKET,1,0,0.37037037037037035
META,2023-06-02,0001326801-23-000083,-0.0074997429598375,2023,TREE A - COMPACT MARKET,0,0,0.37037037037037035
NFLX,2023-06-07,0001065280-23-000173,0.01816757671609,2023,TREE A - COMPACT MARKET,1,0,0.37037037037037035
GOOGL,2023-06-09,0001193125-23-163590,-0.0030860725402626,2023,TREE A - COMPACT MARKET,0,0,0.4482758620689655
ADBE,2023-06-16,0000796343-23-000133,0.014990951110978,2023,TREE A - COMPACT MARKET,1,0,0.37037037037037035
NVDA,2023-06-28,0001045810-23-000146,-0.0200767039267372,2023,TREE A - COMPACT MARKET,0,0,0.4482758620689655
TSLA,2023-07-03,0000950170-23-031241,0.0665986854549824,2023,TREE A - COMPACT MARKET,1,0,0.4482758620689655
MSFT,2023-07-05,0001193125-23-181341,0.0005004739878785,2023,TREE A - COMPACT MARKET,1,0,0.4482758620689655
AMD,2023-07-11,0000002488-23-000123,-0.0248385321263878,2023,TREE A - COMPACT MARKET,0,0,0.4482758620689655
NFLX,2023-07-20,0001065280-23-000197,-0.061057964347201,2023,TREE A - COMPACT MARKET,0,1,0.8333333333333334
TSLA,2023-07-20,0000950170-23-033544,-0.0743182954482134,2023,TREE A - COMPACT MARKET,0,1,0.8333333333333334
TSLA,2023-07-21,0000950170-23-033695,-0.0079554484795124,2023,TREE A - COMPACT MARKET,0,0,0.4307692307692308
QCOM,2023-07-24,0000804328-23-000033,-0.0065684745719806,2023,TREE A - COMPACT MARKET,0,0,0.4482758620689655
NVDA,2023-07-25,0001045810-23-000164,0.0171394451344162,2023,TREE A - COMPACT MARKET,1,0,0.4482758620689655
GOOGL,2023-07-26,0001652044-23-000067,0.0610958891728896,2023,TREE A - COMPACT MARKET,1,0,0.4482758620689655
MSFT,2023-07-26,0000950170-23-034400,-0.034310902649988,2023,TREE A - COMPACT MARKET,0,0,0.4482758620689655
META,2023-07-27,0001326801-23-000089,0.0463935093631231,2023,TREE A - COMPACT MARKET,1,0,0.4482758620689655
INTC,2023-07-28,0000050863-23-000068,0.0477765658727746,2023,TREE A - COMPACT MARKET,1,0,0.4482758620689655
AMD,2023-08-02,0000002488-23-000135,-0.0482088842918932,2023,TREE A - COMPACT MARKET,0,0,0.4482758620689655
QCOM,2023-08-03,0000804328-23-000042,-0.0801639818534351,2023,TREE A - COMPACT MARKET,0,1,0.7619047619047619
AAPL,2023-08-04,0000320193-23-000075,-0.0433382634719031,2023,TREE A - COMPACT MARKET,0,0,0.13333333333333333
AMZN,2023-08-04,0001018724-23-000010,0.0873750758850028,2023,TREE A - COMPACT MARKET,1,0,0.4482758620689655
TSLA,2023-08-07,0000950170-23-038779,-0.0179601974231734,2023,TREE A - COMPACT MARKET,0,0,0.13333333333333333
INTC,2023-08-16,0000050863-23-000078,-0.0250739480828992,2023,TREE A - COMPACT MARKET,0,1,1.0
AVGO,2023-08-17,0001140361-23-040084,0.0038521879863934,2023,TREE A - COMPACT MARKET,1,1,0.75
NVDA,2023-08-24,0001045810-23-000171,0.0223730774420519,2023,TREE A - COMPACT MARKET,1,0,0.4482758620689655
AVGO,2023-09-01,0001730168-23-000074,-0.0535204835952857,2023,TREE A - COMPACT MARKET,0,0,0.4482758620689655
NFLX,2023-09-11,0001065280-23-000236,-0.0060012285836754,2023,TREE A - COMPACT MARKET,0,0,0.4482758620689655
AMZN,2023-09-14,0001018724-23-000014,-0.0090747963121458,2023,TREE A - COMPACT MARKET,0,0,0.0
ADBE,2023-09-15,0000796343-23-000198,-0.02502054182054,2023,TREE A - COMPACT MARKET,0,0,0.4482758620689655
TSLA,2023-10-02,0000950170-23-050938,-0.002830292489464,2023,TREE A - COMPACT MARKET,0,0,0.4482758620689655
INTC,2023-10-06,0000050863-23-000092,-0.0083964910635536,2023,TREE A - COMPACT MARKET,0,0,0.4482758620689655
MSFT,2023-10-12,0001193125-23-254151,-0.0003152479384481,2023,TREE A - COMPACT MARKET,0,0,0.3076923076923077
MSFT,2023-10-13,0001193125-23-255762,0.00221233460412,2023,TREE A - COMPACT MARKET,1,0,0.3076923076923077
MSFT,2023-10-17,0001104659-23-109428,0.0015318703273898,2023,TREE A - COMPACT MARKET,1,0,0.3076923076923077
NVDA,2023-10-18,0001045810-23-000217,-0.026529242653115,2023,TREE A - COMPACT MARKET,0,0,0.13333333333333333
AVGO,2023-10-19,0001140361-23-048712,-0.0122884466989438,2023,TREE A - COMPACT MARKET,0,0,0.0
NFLX,2023-10-19,0001065280-23-000272,0.1699046838528121,2023,TREE A - COMPACT MARKET,1,0,0.4307692307692308
TSLA,2023-10-19,0001628280-23-034588,-0.0836460577049078,2023,TREE A - COMPACT MARKET,0,0,0.4307692307692308
NVDA,2023-10-24,0001045810-23-000221,0.0062813387042774,2023,TREE A - COMPACT MARKET,1,0,0.4482758620689655
GOOGL,2023-10-25,0001652044-23-000088,-0.0706179909738787,2023,TREE A - COMPACT MARKET,0,0,0.4482758620689655
MSFT,2023-10-25,0000950170-23-054848,0.055153711915042,2023,TREE A - COMPACT MARKET,1,0,0.4482758620689655
META,2023-10-26,0001326801-23-000100,-0.0182579428540037,2023,TREE A - COMPACT MARKET,0,0,0.4307692307692308
ADBE,2023-10-27,0000796343-23-000226,-0.0167791192109428,2023,TREE A - COMPACT MARKET,0,0,0.4307692307692308
AMZN,2023-10-27,0001018724-23-000016,0.0635270182582283,2023,TREE A - COMPACT MARKET,1,0,0.4307692307692308
INTC,2023-10-27,0000050863-23-000100,0.0880646751163118,2023,TREE A - COMPACT MARKET,1,0,0.4307692307692308
MSFT,2023-10-30,0001193125-23-265616,0.0114748285087669,2023,TREE A - COMPACT MARKET,1,0,0.4482758620689655
AVGO,2023-10-31,0001140361-23-050217,-0.0046394434065792,2023,TREE A - COMPACT MARKET,0,0,0.4482758620689655
INTC,2023-10-31,0000050863-23-000109,0.0179131352807329,2023,TREE A - COMPACT MARKET,1,0,0.4482758620689655
AMD,2023-11-01,0000002488-23-000192,0.0794961599914265,2023,TREE A - COMPACT MARKET,1,0,0.4482758620689655
AMZN,2023-11-02,0001104659-23-113444,-0.0103430414359735,2023,TREE A - COMPACT MARKET,0,0,0.37037037037037035
QCOM,2023-11-02,0000804328-23-000054,0.0401928728476417,2023,TREE A - COMPACT MARKET,1,0,0.4482758620689655
AAPL,2023-11-03,0000320193-23-000104,-0.0169300059307896,2023,TREE A - COMPACT MARKET,0,0,0.4482758620689655
MSFT,2023-11-07,0001193125-23-271376,0.0017667309806421,2023,TREE A - COMPACT MARKET,1,1,0.7
AVGO,2023-11-22,0001140361-23-054354,-0.0134692814063422,2023,TREE A - COMPACT MARKET,0,0,0.37037037037037035
NVDA,2023-11-22,0001045810-23-000225,-0.0286805560808804,2023,TREE A - COMPACT MARKET,0,0,0.37037037037037035
INTC,2023-12-06,0000050863-23-000128,-0.0097218902060801,2023,TREE A - COMPACT MARKET,0,0,0.4482758620689655
AVGO,2023-12-08,0001730168-23-000093,0.0194412139707647,2023,TREE A - COMPACT MARKET,1,0,0.4482758620689655
MSFT,2023-12-11,0001193125-23-291720,-0.0163715839149479,2023,TREE A - COMPACT MARKET,0,0,0.4482758620689655
NFLX,2023-12-11,0001065280-23-000334,0.0049671978177439,2023,TREE A - COMPACT MARKET,1,0,0.4482758620689655
ADBE,2023-12-14,0000796343-23-000252,-0.0626001880030415,2023,TREE A - COMPACT MARKET,0,0,0.13333333333333333
ADBE,2023-12-18,0000796343-23-000254,0.0184155250957505,2023,TREE A - COMPACT MARKET,1,0,0.4482758620689655
TSLA,2023-01-03,0001564590-23-000002,-0.1156624860226348,2023,TREE B - COMPACT + SEC,0,0,0.4482758620689655
AMZN,2023-01-04,0001193125-23-000849,-0.0126876408399162,2023,TREE B - COMPACT + SEC,0,0,0.4482758620689655
AMZN,2023-01-09,0001193125-23-003621,0.0083963791381691,2023,TREE B - COMPACT + SEC,1,0,0.4482758620689655
NFLX,2023-01-10,0001065280-23-000033,0.0307843939834469,2023,TREE B - COMPACT + SEC,1,0,0.4482758620689655
AMD,2023-01-12,0000002488-23-000003,0.019791102730847,2023,TREE B - COMPACT + SEC,1,0,0.4482758620689655
MSFT,2023-01-18,0001193125-23-009934,-0.0058891649917989,2023,TREE B - COMPACT + SEC,0,0,0.4482758620689655
ADBE,2023-01-20,0001193125-23-010953,0.0130675568418314,2023,TREE B - COMPACT + SEC,1,1,0.75
GOOGL,2023-01-20,0001193125-23-011424,0.026045161412773,2023,TREE B - COMPACT + SEC,1,0,0.0
NFLX,2023-01-20,0001065280-23-000034,0.0572490265820655,2023,TREE B - COMPACT + SEC,1,1,1.0
GOOGL,2023-01-25,0001652044-23-000005,-0.0231644469233743,2023,TREE B - COMPACT + SEC,0,1,0.7
MSFT,2023-01-25,0001193125-23-014230,-0.003688560046954,2023,TREE B - COMPACT + SEC,0,0,0.4482758620689655
TSLA,2023-01-26,0001564590-23-000799,0.0901750820045785,2023,TREE B - COMPACT + SEC,1,0,0.0
ADBE,2023-01-27,0000796343-23-000011,0.0034130337334414,2023,TREE B - COMPACT + SEC,1,0,0.37037037037037035
INTC,2023-01-27,0000050863-23-000005,-0.0740950349112492,2023,TREE B - COMPACT + SEC,0,0,0.4482758620689655
AMD,2023-02-01,0000002488-23-000007,0.1048972199729882,2023,TREE B - COMPACT + SEC,1,0,0.4482758620689655
META,2023-02-02,0001326801-23-000008,0.1969341805130866,2023,TREE B - COMPACT + SEC,1,1,0.8333333333333334
META,2023-02-02,0001326801-23-000015,0.1969341805130866,2023,TREE B - COMPACT + SEC,1,1,0.8333333333333334
AAPL,2023-02-03,0000320193-23-000005,0.0421727178443979,2023,TREE B - COMPACT + SEC,1,1,0.7
AMZN,2023-02-03,0001018724-23-000002,-0.0665420767107707,2023,TREE B - COMPACT + SEC,0,1,0.7
GOOGL,2023-02-03,0001652044-23-000013,-0.0097006411015775,2023,TREE B - COMPACT + SEC,0,1,0.7
QCOM,2023-02-03,0000804328-23-000005,0.0116632618341803,2023,TREE B - COMPACT + SEC,1,1,0.7
INTC,2023-02-13,0001193125-23-032608,0.0109625490155056,2023,TREE B - COMPACT + SEC,1,0,0.4482758620689655
META,2023-02-14,0001326801-23-000019,-0.0071106667692597,2023,TREE B - COMPACT + SEC,0,0,0.4482758620689655
META,2023-02-16,0001326801-23-000023,-0.0078781083747686,2023,TREE B - COMPACT + SEC,0,0,0.4482758620689655
AMD,2023-02-22,0000002488-23-000040,-0.002832042904912,2023,TREE B - COMPACT + SEC,0,1,0.7619047619047619
NVDA,2023-02-23,0001045810-23-000014,0.1314796732369261,2023,TREE B - COMPACT + SEC,1,0,0.4482758620689655
NFLX,2023-02-27,0001065280-23-000062,0.0113790277894145,2023,TREE B - COMPACT + SEC,1,1,0.7619047619047619
AVGO,2023-03-03,0001730168-23-000004,0.036304244985005,2023,TREE B - COMPACT + SEC,1,0,0.4482758620689655
NVDA,2023-03-09,0001045810-23-000039,-0.0134832812365488,2023,TREE B - COMPACT + SEC,0,0,0.4482758620689655
QCOM,2023-03-10,0000804328-23-000014,-0.0032742910351497,2023,TREE B - COMPACT + SEC,0,0,0.4307692307692308
AAPL,2023-03-13,0001140361-23-011192,0.0058495767557158,2023,TREE B - COMPACT + SEC,1,1,0.7619047619047619
META,2023-03-14,0001326801-23-000035,0.0495466482966606,2023,TREE B - COMPACT + SEC,1,0,0.4482758620689655
ADBE,2023-03-16,0000796343-23-000044,0.0326300284227003,2023,TREE B - COMPACT + SEC,1,0,0.4482758620689655
TSLA,2023-04-03,0001564590-23-005126,-0.0587379920681228,2023,TREE B - COMPACT + SEC,0,0,0.4482758620689655
TSLA,2023-04-06,0001564590-23-005462,-0.0092216572279802,2023,TREE B - COMPACT + SEC,0,1,1.0
AVGO,2023-04-10,0001730168-23-000052,0.0081949810147982,2023,TREE B - COMPACT + SEC,1,0,0.4482758620689655
META,2023-04-11,0001326801-23-000038,0.0022265981036951,2023,TREE B - COMPACT + SEC,1,0,0.4482758620689655
AMZN,2023-04-13,0001104659-23-044715,0.0271315497467332,2023,TREE B - COMPACT + SEC,1,1,1.0
NFLX,2023-04-19,0001065280-23-000119,-0.0312345844131969,2023,TREE B - COMPACT + SEC,0,0,0.4482758620689655
TSLA,2023-04-20,0001564590-23-005959,-0.0898338509164068,2023,TREE B - COMPACT + SEC,0,0,0.4482758620689655
GOOGL,2023-04-21,0001652044-23-000034,9.635682347419738e-05,2023,TREE B - COMPACT + SEC,1,1,0.75
GOOGL,2023-04-24,0001193125-23-110657,0.0073971460599369,2023,TREE B - COMPACT + SEC,1,0,0.4482758620689655
ADBE,2023-04-25,0000796343-23-000084,-0.0016747468953407,2023,TREE B - COMPACT + SEC,0,0,0.4482758620689655
GOOGL,2023-04-26,0001652044-23-000041,-0.0074125529130505,2023,TREE B - COMPACT + SEC,0,0,0.4307692307692308
MSFT,2023-04-26,0001193125-23-115280,0.0663702873324159,2023,TREE B - COMPACT + SEC,1,0,0.4307692307692308
META,2023-04-27,0001326801-23-000063,0.1120639737781477,2023,TREE B - COMPACT + SEC,1,0,0.4482758620689655
AMZN,2023-04-28,0001018724-23-000006,-0.0466911150938218,2023,TREE B - COMPACT + SEC,0,0,0.37037037037037035
INTC,2023-04-28,0000050863-23-000027,0.0332888165939835,2023,TREE B - COMPACT + SEC,1,0,0.4482758620689655
AMD,2023-05-03,0000002488-23-000074,-0.0856594537141515,2023,TREE B - COMPACT + SEC,0,1,0.75
META,2023-05-04,0001193125-23-134410,-0.0112782936674858,2023,TREE B - COMPACT + SEC,0,0,0.4482758620689655
QCOM,2023-05-04,0000804328-23-000022,-0.0518631415817621,2023,TREE B - COMPACT + SEC,0,0,0.13333333333333333
AAPL,2023-05-05,0000320193-23-000063,0.0256724402288117,2023,TREE B - COMPACT + SEC,1,0,0.13333333333333333
AAPL,2023-05-11,0001140361-23-023909,-0.0021652177173392,2023,TREE B - COMPACT + SEC,0,0,0.4482758620689655
INTC,2023-05-17,0000050863-23-000057,-0.0240821783586867,2023,TREE B - COMPACT + SEC,0,0,0.13333333333333333
AVGO,2023-05-23,0001730168-23-000054,0.0246609698157997,2023,TREE B - COMPACT + SEC,1,0,0.37037037037037035
TSLA,2023-05-23,0001564590-23-007379,-0.0037371727338172,2023,TREE B - COMPACT + SEC,0,0,0.37037037037037035
AMD,2023-05-24,0001193125-23-151810,0.0065167645276903,2023,TREE B - COMPACT + SEC,1,0,0.37037037037037035
NVDA,2023-05-25,0001045810-23-000087,0.2193636281413169,2023,TREE B - COMPACT + SEC,1,0,0.4482758620689655
AMZN,2023-05-30,0001104659-23-065457,0.0083696886722113,2023,TREE B - COMPACT + SEC,1,0,0.37037037037037035
AVGO,2023-06-02,0001730168-23-000062,0.0204133015688046,2023,TREE B - COMPACT + SEC,1,0,0.37037037037037035
META,2023-06-02,0001326801-23-000083,-0.0074997429598375,2023,TREE B - COMPACT + SEC,0,0,0.37037037037037035
NFLX,2023-06-07,0001065280-23-000173,0.01816757671609,2023,TREE B - COMPACT + SEC,1,0,0.37037037037037035
GOOGL,2023-06-09,0001193125-23-163590,-0.0030860725402626,2023,TREE B - COMPACT + SEC,0,0,0.4482758620689655
ADBE,2023-06-16,0000796343-23-000133,0.014990951110978,2023,TREE B - COMPACT + SEC,1,0,0.37037037037037035
NVDA,2023-06-28,0001045810-23-000146,-0.0200767039267372,2023,TREE B - COMPACT + SEC,0,0,0.4482758620689655
TSLA,2023-07-03,0000950170-23-031241,0.0665986854549824,2023,TREE B - COMPACT + SEC,1,0,0.4482758620689655
MSFT,2023-07-05,0001193125-23-181341,0.0005004739878785,2023,TREE B - COMPACT + SEC,1,0,0.4482758620689655
AMD,2023-07-11,0000002488-23-000123,-0.0248385321263878,2023,TREE B - COMPACT + SEC,0,0,0.4482758620689655
NFLX,2023-07-20,0001065280-23-000197,-0.061057964347201,2023,TREE B - COMPACT + SEC,0,1,0.8333333333333334
TSLA,2023-07-20,0000950170-23-033544,-0.0743182954482134,2023,TREE B - COMPACT + SEC,0,1,0.8333333333333334
TSLA,2023-07-21,0000950170-23-033695,-0.0079554484795124,2023,TREE B - COMPACT + SEC,0,0,0.4307692307692308
QCOM,2023-07-24,0000804328-23-000033,-0.0065684745719806,2023,TREE B - COMPACT + SEC,0,0,0.4482758620689655
NVDA,2023-07-25,0001045810-23-000164,0.0171394451344162,2023,TREE B - COMPACT + SEC,1,0,0.4482758620689655
GOOGL,2023-07-26,0001652044-23-000067,0.0610958891728896,2023,TREE B - COMPACT + SEC,1,0,0.4482758620689655
MSFT,2023-07-26,0000950170-23-034400,-0.034310902649988,2023,TREE B - COMPACT + SEC,0,0,0.4482758620689655
META,2023-07-27,0001326801-23-000089,0.0463935093631231,2023,TREE B - COMPACT + SEC,1,0,0.4482758620689655
INTC,2023-07-28,0000050863-23-000068,0.0477765658727746,2023,TREE B - COMPACT + SEC,1,0,0.4482758620689655
AMD,2023-08-02,0000002488-23-000135,-0.0482088842918932,2023,TREE B - COMPACT + SEC,0,0,0.4482758620689655
QCOM,2023-08-03,0000804328-23-000042,-0.0801639818534351,2023,TREE B - COMPACT + SEC,0,1,0.7619047619047619
AAPL,2023-08-04,0000320193-23-000075,-0.0433382634719031,2023,TREE B - COMPACT + SEC,0,0,0.13333333333333333
AMZN,2023-08-04,0001018724-23-000010,0.0873750758850028,2023,TREE B - COMPACT + SEC,1,0,0.4482758620689655
TSLA,2023-08-07,0000950170-23-038779,-0.0179601974231734,2023,TREE B - COMPACT + SEC,0,0,0.13333333333333333
INTC,2023-08-16,0000050863-23-000078,-0.0250739480828992,2023,TREE B - COMPACT + SEC,0,1,1.0
AVGO,2023-08-17,0001140361-23-040084,0.0038521879863934,2023,TREE B - COMPACT + SEC,1,1,1.0
NVDA,2023-08-24,0001045810-23-000171,0.0223730774420519,2023,TREE B - COMPACT + SEC,1,0,0.4482758620689655
AVGO,2023-09-01,0001730168-23-000074,-0.0535204835952857,2023,TREE B - COMPACT + SEC,0,0,0.4482758620689655
NFLX,2023-09-11,0001065280-23-000236,-0.0060012285836754,2023,TREE B - COMPACT + SEC,0,0,0.4482758620689655
AMZN,2023-09-14,0001018724-23-000014,-0.0090747963121458,2023,TREE B - COMPACT + SEC,0,0,0.0
ADBE,2023-09-15,0000796343-23-000198,-0.02502054182054,2023,TREE B - COMPACT + SEC,0,0,0.4482758620689655
TSLA,2023-10-02,0000950170-23-050938,-0.002830292489464,2023,TREE B - COMPACT + SEC,0,0,0.4482758620689655
INTC,2023-10-06,0000050863-23-000092,-0.0083964910635536,2023,TREE B - COMPACT + SEC,0,0,0.4482758620689655
MSFT,2023-10-12,0001193125-23-254151,-0.0003152479384481,2023,TREE B - COMPACT + SEC,0,0,0.0
MSFT,2023-10-13,0001193125-23-255762,0.00221233460412,2023,TREE B - COMPACT + SEC,1,0,0.0
MSFT,2023-10-17,0001104659-23-109428,0.0015318703273898,2023,TREE B - COMPACT + SEC,1,0,0.0
NVDA,2023-10-18,0001045810-23-000217,-0.026529242653115,2023,TREE B - COMPACT + SEC,0,0,0.13333333333333333
AVGO,2023-10-19,0001140361-23-048712,-0.0122884466989438,2023,TREE B - COMPACT + SEC,0,0,0.0
NFLX,2023-10-19,0001065280-23-000272,0.1699046838528121,2023,TREE B - COMPACT + SEC,1,0,0.4307692307692308
TSLA,2023-10-19,0001628280-23-034588,-0.0836460577049078,2023,TREE B - COMPACT + SEC,0,0,0.4307692307692308
NVDA,2023-10-24,0001045810-23-000221,0.0062813387042774,2023,TREE B - COMPACT + SEC,1,0,0.4482758620689655
GOOGL,2023-10-25,0001652044-23-000088,-0.0706179909738787,2023,TREE B - COMPACT + SEC,0,0,0.4482758620689655
MSFT,2023-10-25,0000950170-23-054848,0.055153711915042,2023,TREE B - COMPACT + SEC,1,0,0.4482758620689655
META,2023-10-26,0001326801-23-000100,-0.0182579428540037,2023,TREE B - COMPACT + SEC,0,0,0.4307692307692308
ADBE,2023-10-27,0000796343-23-000226,-0.0167791192109428,2023,TREE B - COMPACT + SEC,0,0,0.4307692307692308
AMZN,2023-10-27,0001018724-23-000016,0.0635270182582283,2023,TREE B - COMPACT + SEC,1,0,0.4307692307692308
INTC,2023-10-27,0000050863-23-000100,0.0880646751163118,2023,TREE B - COMPACT + SEC,1,0,0.4307692307692308
MSFT,2023-10-30,0001193125-23-265616,0.0114748285087669,2023,TREE B - COMPACT + SEC,1,0,0.4482758620689655
AVGO,2023-10-31,0001140361-23-050217,-0.0046394434065792,2023,TREE B - COMPACT + SEC,0,0,0.4482758620689655
INTC,2023-10-31,0000050863-23-000109,0.0179131352807329,2023,TREE B - COMPACT + SEC,1,0,0.4482758620689655
AMD,2023-11-01,0000002488-23-000192,0.0794961599914265,2023,TREE B - COMPACT + SEC,1,0,0.4482758620689655
AMZN,2023-11-02,0001104659-23-113444,-0.0103430414359735,2023,TREE B - COMPACT + SEC,0,0,0.37037037037037035
QCOM,2023-11-02,0000804328-23-000054,0.0401928728476417,2023,TREE B - COMPACT + SEC,1,0,0.4482758620689655
AAPL,2023-11-03,0000320193-23-000104,-0.0169300059307896,2023,TREE B - COMPACT + SEC,0,0,0.4482758620689655
MSFT,2023-11-07,0001193125-23-271376,0.0017667309806421,2023,TREE B - COMPACT + SEC,1,1,0.7
AVGO,2023-11-22,0001140361-23-054354,-0.0134692814063422,2023,TREE B - COMPACT + SEC,0,0,0.37037037037037035
NVDA,2023-11-22,0001045810-23-000225,-0.0286805560808804,2023,TREE B - COMPACT + SEC,0,0,0.37037037037037035
INTC,2023-12-06,0000050863-23-000128,-0.0097218902060801,2023,TREE B - COMPACT + SEC,0,0,0.4482758620689655
AVGO,2023-12-08,0001730168-23-000093,0.0194412139707647,2023,TREE B - COMPACT + SEC,1,0,0.4482758620689655
MSFT,2023-12-11,0001193125-23-291720,-0.0163715839149479,2023,TREE B - COMPACT + SEC,0,0,0.4482758620689655
NFLX,2023-12-11,0001065280-23-000334,0.0049671978177439,2023,TREE B - COMPACT + SEC,1,0,0.4482758620689655
ADBE,2023-12-14,0000796343-23-000252,-0.0626001880030415,2023,TREE B - COMPACT + SEC,0,0,0.13333333333333333
ADBE,2023-12-18,0000796343-23-000254,0.0184155250957505,2023,TREE B - COMPACT + SEC,1,0,0.4482758620689655
TSLA,2023-01-03,0001564590-23-000002,-0.1156624860226348,2023,TREE C - COMPACT + SEC + FINBERT,0,0,0.452991452991453
AMZN,2023-01-04,0001193125-23-000849,-0.0126876408399162,2023,TREE C - COMPACT + SEC + FINBERT,0,0,0.452991452991453
AMZN,2023-01-09,0001193125-23-003621,0.0083963791381691,2023,TREE C - COMPACT + SEC + FINBERT,1,0,0.452991452991453
NFLX,2023-01-10,0001065280-23-000033,0.0307843939834469,2023,TREE C - COMPACT + SEC + FINBERT,1,0,0.452991452991453
AMD,2023-01-12,0000002488-23-000003,0.019791102730847,2023,TREE C - COMPACT + SEC + FINBERT,1,0,0.452991452991453
MSFT,2023-01-18,0001193125-23-009934,-0.0058891649917989,2023,TREE C - COMPACT + SEC + FINBERT,0,0,0.125
ADBE,2023-01-20,0001193125-23-010953,0.0130675568418314,2023,TREE C - COMPACT + SEC + FINBERT,1,1,0.75
GOOGL,2023-01-20,0001193125-23-011424,0.026045161412773,2023,TREE C - COMPACT + SEC + FINBERT,1,0,0.0
NFLX,2023-01-20,0001065280-23-000034,0.0572490265820655,2023,TREE C - COMPACT + SEC + FINBERT,1,1,1.0
GOOGL,2023-01-25,0001652044-23-000005,-0.0231644469233743,2023,TREE C - COMPACT + SEC + FINBERT,0,1,0.7
MSFT,2023-01-25,0001193125-23-014230,-0.003688560046954,2023,TREE C - COMPACT + SEC + FINBERT,0,0,0.452991452991453
TSLA,2023-01-26,0001564590-23-000799,0.0901750820045785,2023,TREE C - COMPACT + SEC + FINBERT,1,0,0.3076923076923077
ADBE,2023-01-27,0000796343-23-000011,0.0034130337334414,2023,TREE C - COMPACT + SEC + FINBERT,1,0,0.37037037037037035
INTC,2023-01-27,0000050863-23-000005,-0.0740950349112492,2023,TREE C - COMPACT + SEC + FINBERT,0,0,0.452991452991453
AMD,2023-02-01,0000002488-23-000007,0.1048972199729882,2023,TREE C - COMPACT + SEC + FINBERT,1,0,0.452991452991453
META,2023-02-02,0001326801-23-000008,0.1969341805130866,2023,TREE C - COMPACT + SEC + FINBERT,1,0,0.452991452991453
META,2023-02-02,0001326801-23-000015,0.1969341805130866,2023,TREE C - COMPACT + SEC + FINBERT,1,0,0.452991452991453
AAPL,2023-02-03,0000320193-23-000005,0.0421727178443979,2023,TREE C - COMPACT + SEC + FINBERT,1,1,0.7
AMZN,2023-02-03,0001018724-23-000002,-0.0665420767107707,2023,TREE C - COMPACT + SEC + FINBERT,0,1,0.7
GOOGL,2023-02-03,0001652044-23-000013,-0.0097006411015775,2023,TREE C - COMPACT + SEC + FINBERT,0,1,0.7
QCOM,2023-02-03,0000804328-23-000005,0.0116632618341803,2023,TREE C - COMPACT + SEC + FINBERT,1,1,0.7
INTC,2023-02-13,0001193125-23-032608,0.0109625490155056,2023,TREE C - COMPACT + SEC + FINBERT,1,0,0.452991452991453
META,2023-02-14,0001326801-23-000019,-0.0071106667692597,2023,TREE C - COMPACT + SEC + FINBERT,0,0,0.452991452991453
META,2023-02-16,0001326801-23-000023,-0.0078781083747686,2023,TREE C - COMPACT + SEC + FINBERT,0,0,0.452991452991453
AMD,2023-02-22,0000002488-23-000040,-0.002832042904912,2023,TREE C - COMPACT + SEC + FINBERT,0,1,0.5641025641025641
NVDA,2023-02-23,0001045810-23-000014,0.1314796732369261,2023,TREE C - COMPACT + SEC + FINBERT,1,0,0.452991452991453
NFLX,2023-02-27,0001065280-23-000062,0.0113790277894145,2023,TREE C - COMPACT + SEC + FINBERT,1,1,0.5641025641025641
AVGO,2023-03-03,0001730168-23-000004,0.036304244985005,2023,TREE C - COMPACT + SEC + FINBERT,1,0,0.452991452991453
NVDA,2023-03-09,0001045810-23-000039,-0.0134832812365488,2023,TREE C - COMPACT + SEC + FINBERT,0,0,0.452991452991453
QCOM,2023-03-10,0000804328-23-000014,-0.0032742910351497,2023,TREE C - COMPACT + SEC + FINBERT,0,1,0.5641025641025641
AAPL,2023-03-13,0001140361-23-011192,0.0058495767557158,2023,TREE C - COMPACT + SEC + FINBERT,1,1,0.5641025641025641
META,2023-03-14,0001326801-23-000035,0.0495466482966606,2023,TREE C - COMPACT + SEC + FINBERT,1,1,0.8888888888888888
ADBE,2023-03-16,0000796343-23-000044,0.0326300284227003,2023,TREE C - COMPACT + SEC + FINBERT,1,0,0.452991452991453
TSLA,2023-04-03,0001564590-23-005126,-0.0587379920681228,2023,TREE C - COMPACT + SEC + FINBERT,0,0,0.452991452991453
TSLA,2023-04-06,0001564590-23-005462,-0.0092216572279802,2023,TREE C - COMPACT + SEC + FINBERT,0,1,1.0
AVGO,2023-04-10,0001730168-23-000052,0.0081949810147982,2023,TREE C - COMPACT + SEC + FINBERT,1,0,0.452991452991453
META,2023-04-11,0001326801-23-000038,0.0022265981036951,2023,TREE C - COMPACT + SEC + FINBERT,1,0,0.452991452991453
AMZN,2023-04-13,0001104659-23-044715,0.0271315497467332,2023,TREE C - COMPACT + SEC + FINBERT,1,1,1.0
NFLX,2023-04-19,0001065280-23-000119,-0.0312345844131969,2023,TREE C - COMPACT + SEC + FINBERT,0,0,0.452991452991453
TSLA,2023-04-20,0001564590-23-005959,-0.0898338509164068,2023,TREE C - COMPACT + SEC + FINBERT,0,0,0.452991452991453
GOOGL,2023-04-21,0001652044-23-000034,9.635682347419738e-05,2023,TREE C - COMPACT + SEC + FINBERT,1,1,0.75
GOOGL,2023-04-24,0001193125-23-110657,0.0073971460599369,2023,TREE C - COMPACT + SEC + FINBERT,1,0,0.452991452991453
ADBE,2023-04-25,0000796343-23-000084,-0.0016747468953407,2023,TREE C - COMPACT + SEC + FINBERT,0,0,0.452991452991453
GOOGL,2023-04-26,0001652044-23-000041,-0.0074125529130505,2023,TREE C - COMPACT + SEC + FINBERT,0,1,0.5641025641025641
MSFT,2023-04-26,0001193125-23-115280,0.0663702873324159,2023,TREE C - COMPACT + SEC + FINBERT,1,0,0.0
META,2023-04-27,0001326801-23-000063,0.1120639737781477,2023,TREE C - COMPACT + SEC + FINBERT,1,0,0.452991452991453
AMZN,2023-04-28,0001018724-23-000006,-0.0466911150938218,2023,TREE C - COMPACT + SEC + FINBERT,0,0,0.37037037037037035
INTC,2023-04-28,0000050863-23-000027,0.0332888165939835,2023,TREE C - COMPACT + SEC + FINBERT,1,0,0.452991452991453
AMD,2023-05-03,0000002488-23-000074,-0.0856594537141515,2023,TREE C - COMPACT + SEC + FINBERT,0,1,0.75
META,2023-05-04,0001193125-23-134410,-0.0112782936674858,2023,TREE C - COMPACT + SEC + FINBERT,0,0,0.452991452991453
QCOM,2023-05-04,0000804328-23-000022,-0.0518631415817621,2023,TREE C - COMPACT + SEC + FINBERT,0,0,0.452991452991453
AAPL,2023-05-05,0000320193-23-000063,0.0256724402288117,2023,TREE C - COMPACT + SEC + FINBERT,1,1,0.8888888888888888
AAPL,2023-05-11,0001140361-23-023909,-0.0021652177173392,2023,TREE C - COMPACT + SEC + FINBERT,0,0,0.452991452991453
INTC,2023-05-17,0000050863-23-000057,-0.0240821783586867,2023,TREE C - COMPACT + SEC + FINBERT,0,0,0.452991452991453
AVGO,2023-05-23,0001730168-23-000054,0.0246609698157997,2023,TREE C - COMPACT + SEC + FINBERT,1,0,0.37037037037037035
TSLA,2023-05-23,0001564590-23-007379,-0.0037371727338172,2023,TREE C - COMPACT + SEC + FINBERT,0,0,0.37037037037037035
AMD,2023-05-24,0001193125-23-151810,0.0065167645276903,2023,TREE C - COMPACT + SEC + FINBERT,1,0,0.37037037037037035
NVDA,2023-05-25,0001045810-23-000087,0.2193636281413169,2023,TREE C - COMPACT + SEC + FINBERT,1,0,0.452991452991453
AMZN,2023-05-30,0001104659-23-065457,0.0083696886722113,2023,TREE C - COMPACT + SEC + FINBERT,1,0,0.37037037037037035
AVGO,2023-06-02,0001730168-23-000062,0.0204133015688046,2023,TREE C - COMPACT + SEC + FINBERT,1,0,0.37037037037037035
META,2023-06-02,0001326801-23-000083,-0.0074997429598375,2023,TREE C - COMPACT + SEC + FINBERT,0,0,0.37037037037037035
NFLX,2023-06-07,0001065280-23-000173,0.01816757671609,2023,TREE C - COMPACT + SEC + FINBERT,1,0,0.37037037037037035
GOOGL,2023-06-09,0001193125-23-163590,-0.0030860725402626,2023,TREE C - COMPACT + SEC + FINBERT,0,0,0.452991452991453
ADBE,2023-06-16,0000796343-23-000133,0.014990951110978,2023,TREE C - COMPACT + SEC + FINBERT,1,0,0.37037037037037035
NVDA,2023-06-28,0001045810-23-000146,-0.0200767039267372,2023,TREE C - COMPACT + SEC + FINBERT,0,0,0.452991452991453
TSLA,2023-07-03,0000950170-23-031241,0.0665986854549824,2023,TREE C - COMPACT + SEC + FINBERT,1,0,0.452991452991453
MSFT,2023-07-05,0001193125-23-181341,0.0005004739878785,2023,TREE C - COMPACT + SEC + FINBERT,1,0,0.452991452991453
AMD,2023-07-11,0000002488-23-000123,-0.0248385321263878,2023,TREE C - COMPACT + SEC + FINBERT,0,0,0.452991452991453
NFLX,2023-07-20,0001065280-23-000197,-0.061057964347201,2023,TREE C - COMPACT + SEC + FINBERT,0,0,0.452991452991453
TSLA,2023-07-20,0000950170-23-033544,-0.0743182954482134,2023,TREE C - COMPACT + SEC + FINBERT,0,0,0.452991452991453
TSLA,2023-07-21,0000950170-23-033695,-0.0079554484795124,2023,TREE C - COMPACT + SEC + FINBERT,0,1,0.5641025641025641
QCOM,2023-07-24,0000804328-23-000033,-0.0065684745719806,2023,TREE C - COMPACT + SEC + FINBERT,0,0,0.452991452991453
NVDA,2023-07-25,0001045810-23-000164,0.0171394451344162,2023,TREE C - COMPACT + SEC + FINBERT,1,0,0.452991452991453
GOOGL,2023-07-26,0001652044-23-000067,0.0610958891728896,2023,TREE C - COMPACT + SEC + FINBERT,1,0,0.452991452991453
MSFT,2023-07-26,0000950170-23-034400,-0.034310902649988,2023,TREE C - COMPACT + SEC + FINBERT,0,1,0.8888888888888888
META,2023-07-27,0001326801-23-000089,0.0463935093631231,2023,TREE C - COMPACT + SEC + FINBERT,1,0,0.452991452991453
INTC,2023-07-28,0000050863-23-000068,0.0477765658727746,2023,TREE C - COMPACT + SEC + FINBERT,1,0,0.452991452991453
AMD,2023-08-02,0000002488-23-000135,-0.0482088842918932,2023,TREE C - COMPACT + SEC + FINBERT,0,0,0.452991452991453
QCOM,2023-08-03,0000804328-23-000042,-0.0801639818534351,2023,TREE C - COMPACT + SEC + FINBERT,0,1,0.5641025641025641
AAPL,2023-08-04,0000320193-23-000075,-0.0433382634719031,2023,TREE C - COMPACT + SEC + FINBERT,0,1,0.8888888888888888
AMZN,2023-08-04,0001018724-23-000010,0.0873750758850028,2023,TREE C - COMPACT + SEC + FINBERT,1,0,0.452991452991453
TSLA,2023-08-07,0000950170-23-038779,-0.0179601974231734,2023,TREE C - COMPACT + SEC + FINBERT,0,0,0.452991452991453
INTC,2023-08-16,0000050863-23-000078,-0.0250739480828992,2023,TREE C - COMPACT + SEC + FINBERT,0,1,1.0
AVGO,2023-08-17,0001140361-23-040084,0.0038521879863934,2023,TREE C - COMPACT + SEC + FINBERT,1,1,1.0
NVDA,2023-08-24,0001045810-23-000171,0.0223730774420519,2023,TREE C - COMPACT + SEC + FINBERT,1,0,0.125
AVGO,2023-09-01,0001730168-23-000074,-0.0535204835952857,2023,TREE C - COMPACT + SEC + FINBERT,0,0,0.452991452991453
NFLX,2023-09-11,0001065280-23-000236,-0.0060012285836754,2023,TREE C - COMPACT + SEC + FINBERT,0,0,0.452991452991453
AMZN,2023-09-14,0001018724-23-000014,-0.0090747963121458,2023,TREE C - COMPACT + SEC + FINBERT,0,0,0.0
ADBE,2023-09-15,0000796343-23-000198,-0.02502054182054,2023,TREE C - COMPACT + SEC + FINBERT,0,0,0.452991452991453
TSLA,2023-10-02,0000950170-23-050938,-0.002830292489464,2023,TREE C - COMPACT + SEC + FINBERT,0,0,0.452991452991453
INTC,2023-10-06,0000050863-23-000092,-0.0083964910635536,2023,TREE C - COMPACT + SEC + FINBERT,0,0,0.125
MSFT,2023-10-12,0001193125-23-254151,-0.0003152479384481,2023,TREE C - COMPACT + SEC + FINBERT,0,0,0.3076923076923077
MSFT,2023-10-13,0001193125-23-255762,0.00221233460412,2023,TREE C - COMPACT + SEC + FINBERT,1,0,0.3076923076923077
MSFT,2023-10-17,0001104659-23-109428,0.0015318703273898,2023,TREE C - COMPACT + SEC + FINBERT,1,0,0.3076923076923077
NVDA,2023-10-18,0001045810-23-000217,-0.026529242653115,2023,TREE C - COMPACT + SEC + FINBERT,0,0,0.452991452991453
AVGO,2023-10-19,0001140361-23-048712,-0.0122884466989438,2023,TREE C - COMPACT + SEC + FINBERT,0,0,0.125
NFLX,2023-10-19,0001065280-23-000272,0.1699046838528121,2023,TREE C - COMPACT + SEC + FINBERT,1,0,0.0
TSLA,2023-10-19,0001628280-23-034588,-0.0836460577049078,2023,TREE C - COMPACT + SEC + FINBERT,0,0,0.0
NVDA,2023-10-24,0001045810-23-000221,0.0062813387042774,2023,TREE C - COMPACT + SEC + FINBERT,1,0,0.452991452991453
GOOGL,2023-10-25,0001652044-23-000088,-0.0706179909738787,2023,TREE C - COMPACT + SEC + FINBERT,0,0,0.452991452991453
MSFT,2023-10-25,0000950170-23-054848,0.055153711915042,2023,TREE C - COMPACT + SEC + FINBERT,1,1,0.8888888888888888
META,2023-10-26,0001326801-23-000100,-0.0182579428540037,2023,TREE C - COMPACT + SEC + FINBERT,0,1,0.5641025641025641
ADBE,2023-10-27,0000796343-23-000226,-0.0167791192109428,2023,TREE C - COMPACT + SEC + FINBERT,0,1,0.5641025641025641
AMZN,2023-10-27,0001018724-23-000016,0.0635270182582283,2023,TREE C - COMPACT + SEC + FINBERT,1,0,0.0
INTC,2023-10-27,0000050863-23-000100,0.0880646751163118,2023,TREE C - COMPACT + SEC + FINBERT,1,1,0.5641025641025641
MSFT,2023-10-30,0001193125-23-265616,0.0114748285087669,2023,TREE C - COMPACT + SEC + FINBERT,1,0,0.452991452991453
AVGO,2023-10-31,0001140361-23-050217,-0.0046394434065792,2023,TREE C - COMPACT + SEC + FINBERT,0,0,0.452991452991453
INTC,2023-10-31,0000050863-23-000109,0.0179131352807329,2023,TREE C - COMPACT + SEC + FINBERT,1,0,0.452991452991453
AMD,2023-11-01,0000002488-23-000192,0.0794961599914265,2023,TREE C - COMPACT + SEC + FINBERT,1,0,0.452991452991453
AMZN,2023-11-02,0001104659-23-113444,-0.0103430414359735,2023,TREE C - COMPACT + SEC + FINBERT,0,0,0.37037037037037035
QCOM,2023-11-02,0000804328-23-000054,0.0401928728476417,2023,TREE C - COMPACT + SEC + FINBERT,1,0,0.452991452991453
AAPL,2023-11-03,0000320193-23-000104,-0.0169300059307896,2023,TREE C - COMPACT + SEC + FINBERT,0,1,0.8888888888888888
MSFT,2023-11-07,0001193125-23-271376,0.0017667309806421,2023,TREE C - COMPACT + SEC + FINBERT,1,1,0.7
AVGO,2023-11-22,0001140361-23-054354,-0.0134692814063422,2023,TREE C - COMPACT + SEC + FINBERT,0,0,0.37037037037037035
NVDA,2023-11-22,0001045810-23-000225,-0.0286805560808804,2023,TREE C - COMPACT + SEC + FINBERT,0,0,0.37037037037037035
INTC,2023-12-06,0000050863-23-000128,-0.0097218902060801,2023,TREE C - COMPACT + SEC + FINBERT,0,0,0.452991452991453
AVGO,2023-12-08,0001730168-23-000093,0.0194412139707647,2023,TREE C - COMPACT + SEC + FINBERT,1,0,0.452991452991453
MSFT,2023-12-11,0001193125-23-291720,-0.0163715839149479,2023,TREE C - COMPACT + SEC + FINBERT,0,0,0.452991452991453
NFLX,2023-12-11,0001065280-23-000334,0.0049671978177439,2023,TREE C - COMPACT + SEC + FINBERT,1,0,0.452991452991453
ADBE,2023-12-14,0000796343-23-000252,-0.0626001880030415,2023,TREE C - COMPACT + SEC + FINBERT,0,0,0.452991452991453
ADBE,2023-12-18,0000796343-23-000254,0.0184155250957505,2023,TREE C - COMPACT + SEC + FINBERT,1,0,0.452991452991453
TSLA,2024-01-03,0000950170-24-000282,-0.0295523615445163,2024,TREE A - COMPACT MARKET,0,0,0.49363057324840764
INTC,2024-01-04,0000050863-24-000003,0.0013208611358523,2024,TREE A - COMPACT MARKET,1,0,0.49363057324840764
META,2024-01-18,0001326801-24-000003,0.0068716760055087,2024,TREE A - COMPACT MARKET,1,1,0.5714285714285714
MSFT,2024-01-22,0001193125-24-011295,-0.0067240263536275,2024,TREE A - COMPACT MARKET,0,1,0.625
NFLX,2024-01-24,0001065280-24-000029,0.1014825439820832,2024,TREE A - COMPACT MARKET,1,0,0.49363057324840764
QCOM,2024-01-24,0000804328-24-000005,0.0001184438030557,2024,TREE A - COMPACT MARKET,1,1,1.0
TSLA,2024-01-25,0000950170-24-007073,-0.1224741103919198,2024,TREE A - COMPACT MARKET,0,0,0.49363057324840764
INTC,2024-01-26,0000050863-24-000008,-0.11311396767197,2024,TREE A - COMPACT MARKET,0,0,0.49363057324840764
ADBE,2024-01-29,0000796343-24-000024,0.0163098929269993,2024,TREE A - COMPACT MARKET,1,1,0.5714285714285714
AMD,2024-01-31,0000002488-24-000009,-0.0058118248488935,2024,TREE A - COMPACT MARKET,0,0,0.49363057324840764
GOOGL,2024-01-31,0001652044-24-000014,-0.0554170976082305,2024,TREE A - COMPACT MARKET,0,1,0.7777777777777778
MSFT,2024-01-31,0000950170-24-008809,-0.0073599426113252,2024,TREE A - COMPACT MARKET,0,1,0.7777777777777778
QCOM,2024-02-01,0000804328-24-000015,-0.0616038178342546,2024,TREE A - COMPACT MARKET,0,0,0.49363057324840764
AAPL,2024-02-02,0000320193-24-000005,-0.0223056256506791,2024,TREE A - COMPACT MARKET,0,0,0.49363057324840764
AMZN,2024-02-02,0001018724-24-000006,0.0617659743841729,2024,TREE A - COMPACT MARKET,1,0,0.49363057324840764
META,2024-02-02,0001326801-24-000010,0.1862757343741432,2024,TREE A - COMPACT MARKET,1,0,0.49363057324840764
GOOGL,2024-02-09,0001652044-24-000032,0.0113344008513249,2024,TREE A - COMPACT MARKET,1,0,0.49363057324840764
AVGO,2024-02-12,0001140361-24-006724,-0.0104551341500487,2024,TREE A - COMPACT MARKET,0,1,1.0
META,2024-02-15,0001326801-24-000019,0.0197360446932637,2024,TREE A - COMPACT MARKET,1,1,1.0
INTC,2024-02-20,0000050863-24-000033,0.0307611358256039,2024,TREE A - COMPACT MARKET,1,0,0.49363057324840764
AMD,2024-02-21,0001628280-24-005593,-0.0044479301244626,2024,TREE A - COMPACT MARKET,0,0,0.49363057324840764
INTC,2024-02-22,0001193125-24-041435,-0.040547800162927,2024,TREE A - COMPACT MARKET,0,0,0.49363057324840764
NVDA,2024-02-22,0001045810-24-000028,0.1347332638011742,2024,TREE A - COMPACT MARKET,1,0,0.49363057324840764
AAPL,2024-02-29,0001140361-24-010155,-0.0122623659914666,2024,TREE A - COMPACT MARKET,0,0,0.49363057324840764
AVGO,2024-03-08,0001730168-24-000012,-0.0554224471998863,2024,TREE A - COMPACT MARKET,0,0,0.2191780821917808
QCOM,2024-03-08,0000804328-24-000020,-0.0148731793983257,2024,TREE A - COMPACT MARKET,0,0,0.1
INTC,2024-03-14,0000050863-24-000036,-0.0085821928844943,2024,TREE A - COMPACT MARKET,0,0,0.49363057324840764
ADBE,2024-03-15,0000796343-24-000057,-0.1248298569156682,2024,TREE A - COMPACT MARKET,0,0,0.2191780821917808
NVDA,2024-03-15,0001045810-24-000069,0.0106703355026588,2024,TREE A - COMPACT MARKET,1,0,0.49363057324840764
INTC,2024-04-03,0000050863-24-000068,-0.0844017438350074,2024,TREE A - COMPACT MARKET,0,0,0.2191780821917808
TSLA,2024-04-03,0000950170-24-040274,0.0082580203888873,2024,TREE A - COMPACT MARKET,1,0,0.22727272727272727
ADBE,2024-04-05,0001193125-24-087244,-0.0158691765647923,2024,TREE A - COMPACT MARKET,0,0,0.49363057324840764
AMZN,2024-04-11,0001104659-24-045915,0.0007029498870967,2024,TREE A - COMPACT MARKET,1,0,0.22727272727272727
TSLA,2024-04-16,0000950170-24-044588,-0.0271548640353915,2024,TREE A - COMPACT MARKET,0,0,0.49363057324840764
NFLX,2024-04-19,0001065280-24-000127,-0.0702437720797997,2024,TREE A - COMPACT MARKET,0,0,0.49363057324840764
ADBE,2024-04-22,0000796343-24-000086,-0.0060352250836583,2024,TREE A - COMPACT MARKET,0,0,0.49363057324840764
AVGO,2024-04-24,0001730168-24-000055,0.0027201450777365,2024,TREE A - COMPACT MARKET,1,0,0.49363057324840764
TSLA,2024-04-24,0000950170-24-046895,0.1172233513171765,2024,TREE A - COMPACT MARKET,1,0,0.49363057324840764
META,2024-04-25,0001326801-24-000044,-0.1007829608030361,2024,TREE A - COMPACT MARKET,0,0,0.49363057324840764
GOOGL,2024-04-26,0001652044-24-000047,0.0868120421641083,2024,TREE A - COMPACT MARKET,1,0,0.49363057324840764
INTC,2024-04-26,0000050863-24-000074,-0.1074282051823032,2024,TREE A - COMPACT MARKET,0,0,0.49363057324840764
MSFT,2024-04-26,0000950170-24-048268,0.0028120551619008,2024,TREE A - COMPACT MARKET,1,0,0.49363057324840764
AMD,2024-05-01,0000002488-24-000054,-0.0818590800234352,2024,TREE A - COMPACT MARKET,0,0,0.49363057324840764
AMZN,2024-05-01,0001018724-24-000081,0.0300875954473209,2024,TREE A - COMPACT MARKET,1,0,0.49363057324840764
QCOM,2024-05-02,0000804328-24-000038,0.0846713010941171,2024,TREE A - COMPACT MARKET,1,0,0.49363057324840764
AAPL,2024-05-03,0000320193-24-000067,0.0397179250576655,2024,TREE A - COMPACT MARKET,1,0,0.2191780821917808
AAPL,2024-05-06,0001140361-24-024352,-0.0200602371463446,2024,TREE A - COMPACT MARKET,0,0,0.2191780821917808
AMZN,2024-05-06,0001104659-24-057026,0.0024184940626126,2024,TREE A - COMPACT MARKET,1,1,0.5714285714285714
INTC,2024-05-08,0000050863-24-000086,-0.0215737571910907,2024,TREE A - COMPACT MARKET,0,0,0.49363057324840764
QCOM,2024-05-09,0000804328-24-000042,-0.0022370849261215,2024,TREE A - COMPACT MARKET,0,0,0.2191780821917808
INTC,2024-05-10,0000050863-24-000093,-0.0103340752317097,2024,TREE A - COMPACT MARKET,0,0,0.49363057324840764
AMD,2024-05-14,0000002488-24-000076,0.0108366496777008,2024,TREE A - COMPACT MARKET,1,0,0.49363057324840764
AMZN,2024-05-15,0001104659-24-061143,-0.0214035124642162,2024,TREE A - COMPACT MARKET,0,0,0.2191780821917808
NVDA,2024-05-23,0001045810-24-000113,0.0976949081129665,2024,TREE A - COMPACT MARKET,1,0,0.22727272727272727
AMZN,2024-05-28,0001104659-24-065117,0.0039677844666901,2024,TREE A - COMPACT MARKET,1,0,0.22727272727272727
META,2024-06-03,0001326801-24-000057,0.0174655233768301,2024,TREE A - COMPACT MARKET,1,0,0.22727272727272727
GOOGL,2024-06-05,0001193125-24-154725,-0.0108381991358403,2024,TREE A - COMPACT MARKET,0,0,0.22727272727272727
INTC,2024-06-05,0000050863-24-000103,0.0048153135408781,2024,TREE A - COMPACT MARKET,1,0,0.2191780821917808
GOOGL,2024-06-10,0001193125-24-157498,0.000264694362364,2024,TREE A - COMPACT MARKET,1,0,0.49363057324840764
NFLX,2024-06-10,0001065280-24-000185,0.0006842006766056,2024,TREE A - COMPACT MARKET,1,0,0.49363057324840764
NVDA,2024-06-10,0001045810-24-000144,0.0034223695035195,2024,TREE A - COMPACT MARKET,1,1,1.0
AVGO,2024-06-13,0001730168-24-000077,0.1172669500798657,2024,TREE A - COMPACT MARKET,1,0,0.2191780821917808
ADBE,2024-06-14,0000796343-24-000140,0.1399336504887722,2024,TREE A - COMPACT MARKET,1,1,1.0
GOOGL,2024-06-14,0001193125-24-160721,0.004124415003359,2024,TREE A - COMPACT MARKET,1,0,0.49363057324840764
TSLA,2024-06-14,0001104659-24-071439,-0.029623659174497,2024,TREE A - COMPACT MARKET,0,0,0.2191780821917808
INTC,2024-06-17,0000050863-24-000110,0.0051556007241069,2024,TREE A - COMPACT MARKET,1,0,0.2191780821917808
TSLA,2024-07-02,0001628280-24-030714,0.0914729991690703,2024,TREE A - COMPACT MARKET,1,0,0.1
AMD,2024-07-03,0000002488-24-000109,-0.0108323814250977,2024,TREE A - COMPACT MARKET,0,0,0.2191780821917808
NVDA,2024-07-03,0001045810-24-000206,0.0373955067193187,2024,TREE A - COMPACT MARKET,1,0,0.49363057324840764
AVGO,2024-07-08,0001140361-24-032566,0.0226025212638882,2024,TREE A - COMPACT MARKET,1,0,0.49363057324840764
AVGO,2024-07-15,0001140361-24-033072,0.0052678441045099,2024,TREE A - COMPACT MARKET,1,0,0.49363057324840764
ADBE,2024-07-19,0000796343-24-000173,-0.001641808140351,2024,TREE A - COMPACT MARKET,0,0,0.49363057324840764
NFLX,2024-07-19,0001065280-24-000199,-0.0062209463310989,2024,TREE A - COMPACT MARKET,0,0,0.49363057324840764
AMD,2024-07-23,0000002488-24-000115,-0.0084724167185586,2024,TREE A - COMPACT MARKET,0,0,0.49363057324840764
GOOGL,2024-07-24,0001652044-24-000076,-0.0145173459168354,2024,TREE A - COMPACT MARKET,0,0,0.49363057324840764
TSLA,2024-07-24,0001628280-24-032603,-0.0874758552348191,2024,TREE A - COMPACT MARKET,0,0,0.49363057324840764
AMD,2024-07-31,0000002488-24-000121,0.0140352718571412,2024,TREE A - COMPACT MARKET,1,0,0.49363057324840764
MSFT,2024-07-31,0000950170-24-087835,-0.0403994612618912,2024,TREE A - COMPACT MARKET,0,0,0.49363057324840764
META,2024-08-01,0001326801-24-000065,0.0724702601260065,2024,TREE A - COMPACT MARKET,1,0,0.49363057324840764
QCOM,2024-08-01,0000804328-24-000055,-0.0694507007604851,2024,TREE A - COMPACT MARKET,0,0,0.49363057324840764
AAPL,2024-08-02,0000320193-24-000080,0.0306042309299121,2024,TREE A - COMPACT MARKET,1,0,0.49363057324840764
AMZN,2024-08-02,0001018724-24-000128,-0.0641121876767938,2024,TREE A - COMPACT MARKET,0,0,0.49363057324840764
INTC,2024-08-02,0000050863-24-000122,-0.2368502490991094,2024,TREE A - COMPACT MARKET,0,0,0.49363057324840764
NFLX,2024-08-02,0001140361-24-035325,0.0057945558366498,2024,TREE A - COMPACT MARKET,1,0,0.49363057324840764
GOOGL,2024-08-06,0001652044-24-000085,-0.0155834658884495,2024,TREE A - COMPACT MARKET,0,0,0.49363057324840764
ADBE,2024-08-09,0000796343-24-000192,0.006206337965156,2024,TREE A - COMPACT MARKET,1,0,0.49363057324840764
META,2024-08-12,0001193125-24-197873,-0.0056686381894932,2024,TREE A - COMPACT MARKET,0,0,0.4057971014492754
QCOM,2024-08-12,0000804328-24-000061,-0.0118202036782681,2024,TREE A - COMPACT MARKET,0,0,0.49363057324840764
AMD,2024-08-19,0001193125-24-202457,0.0320981939885101,2024,TREE A - COMPACT MARKET,1,0,0.4057971014492754
MSFT,2024-08-22,0001193125-24-204403,-0.0043979583433071,2024,TREE A - COMPACT MARKET,0,0,0.4057971014492754
INTC,2024-08-23,0000050863-24-000134,0.0110450938530819,2024,TREE A - COMPACT MARKET,1,0,0.49363057324840764
AAPL,2024-08-26,0001140361-24-038403,0.0112071583591698,2024,TREE A - COMPACT MARKET,1,0,0.49363057324840764
AAPL,2024-08-27,0001140361-24-038601,0.0007542711733212,2024,TREE A - COMPACT MARKET,1,0,0.49363057324840764
NVDA,2024-08-29,0001045810-24-000262,-0.0623846340010401,2024,TREE A - COMPACT MARKET,0,0,0.2191780821917808
AVGO,2024-09-06,0001730168-24-000095,-0.0767332384895764,2024,TREE A - COMPACT MARKET,0,0,0.49363057324840764
AAPL,2024-09-10,0001140361-24-040659,-0.0128632516445373,2024,TREE A - COMPACT MARKET,0,0,0.49363057324840764
META,2024-09-11,0001326801-24-000072,-0.0077691247511657,2024,TREE A - COMPACT MARKET,0,0,0.49363057324840764
ADBE,2024-09-13,0000796343-24-000200,-0.0891786499822013,2024,TREE A - COMPACT MARKET,0,0,0.49363057324840764
GOOGL,2024-09-24,0001652044-24-000097,-0.0021050517793912,2024,TREE A - COMPACT MARKET,0,1,0.6666666666666666
TSLA,2024-10-02,0001628280-24-041816,-0.0362939534554686,2024,TREE A - COMPACT MARKET,0,0,0.2191780821917808
AVGO,2024-10-03,0001193125-24-231159,0.0079542399034105,2024,TREE A - COMPACT MARKET,1,0,0.2191780821917808
QCOM,2024-10-10,0000804328-24-000064,-0.0088514172834252,2024,TREE A - COMPACT MARKET,0,0,0.2191780821917808
NFLX,2024-10-18,0001065280-24-000286,0.1043156336409134,2024,TREE A - COMPACT MARKET,1,0,0.49363057324840764
TSLA,2024-10-24,0001628280-24-043432,0.2110815159093464,2024,TREE A - COMPACT MARKET,1,0,0.49363057324840764
AMD,2024-10-30,0000002488-24-000161,-0.0986077821001309,2024,TREE A - COMPACT MARKET,0,0,0.49363057324840764
GOOGL,2024-10-30,0001652044-24-000115,0.0357283996891425,2024,TREE A - COMPACT MARKET,1,1,0.6666666666666666
META,2024-10-31,0001326801-24-000077,-0.0156830042514072,2024,TREE A - COMPACT MARKET,0,0,0.49363057324840764
MSFT,2024-10-31,0000950170-24-118955,-0.0352847409838739,2024,TREE A - COMPACT MARKET,0,0,0.2191780821917808
AAPL,2024-11-01,0000320193-24-000120,-0.0206786714994927,2024,TREE A - COMPACT MARKET,0,0,0.49363057324840764
AMZN,2024-11-01,0001018724-24-000158,0.0544571727079066,2024,TREE A - COMPACT MARKET,1,0,0.49363057324840764
INTC,2024-11-01,0000050863-24-000147,0.0706678810739138,2024,TREE A - COMPACT MARKET,1,0,0.49363057324840764
QCOM,2024-11-07,0000804328-24-000074,-0.0162066399992345,2024,TREE A - COMPACT MARKET,0,0,0.2191780821917808
NVDA,2024-11-08,0001045810-24-000300,-0.009564605628046,2024,TREE A - COMPACT MARKET,0,0,0.2191780821917808
AMD,2024-11-19,0000002488-24-000172,-0.0035686689679286,2024,TREE A - COMPACT MARKET,0,0,0.49363057324840764
NVDA,2024-11-21,0001045810-24-000315,0.0017493274410433,2024,TREE A - COMPACT MARKET,1,0,0.49363057324840764
INTC,2024-11-29,0000050863-24-000169,0.0081263998252203,2024,TREE A - COMPACT MARKET,1,0,0.49363057324840764
INTC,2024-12-03,0000050863-24-000173,-0.0640773123765042,2024,TREE A - COMPACT MARKET,0,0,0.49363057324840764
MSFT,2024-12-04,0000950170-24-132722,0.0020617676099534,2024,TREE A - COMPACT MARKET,1,0,0.2191780821917808
INTC,2024-12-05,0000050863-24-000180,-0.050052136326123,2024,TREE A - COMPACT MARKET,0,0,0.49363057324840764
ADBE,2024-12-12,0000796343-24-000250,-0.1304728856136858,2024,TREE A - COMPACT MARKET,0,0,0.2191780821917808
MSFT,2024-12-12,0001193125-24-275524,0.0077231899631595,2024,TREE A - COMPACT MARKET,1,1,1.0
AVGO,2024-12-13,0001730168-24-000125,0.2366721755825886,2024,TREE A - COMPACT MARKET,1,0,0.2191780821917808
QCOM,2024-12-13,0000804328-24-000079,-0.0058216285687771,2024,TREE A - COMPACT MARKET,0,0,0.49363057324840764
TSLA,2024-01-03,0000950170-24-000282,-0.0295523615445163,2024,TREE B - COMPACT + SEC,0,0,0.49363057324840764
INTC,2024-01-04,0000050863-24-000003,0.0013208611358523,2024,TREE B - COMPACT + SEC,1,0,0.49363057324840764
META,2024-01-18,0001326801-24-000003,0.0068716760055087,2024,TREE B - COMPACT + SEC,1,1,0.5714285714285714
MSFT,2024-01-22,0001193125-24-011295,-0.0067240263536275,2024,TREE B - COMPACT + SEC,0,1,0.625
NFLX,2024-01-24,0001065280-24-000029,0.1014825439820832,2024,TREE B - COMPACT + SEC,1,0,0.49363057324840764
QCOM,2024-01-24,0000804328-24-000005,0.0001184438030557,2024,TREE B - COMPACT + SEC,1,1,1.0
TSLA,2024-01-25,0000950170-24-007073,-0.1224741103919198,2024,TREE B - COMPACT + SEC,0,0,0.49363057324840764
INTC,2024-01-26,0000050863-24-000008,-0.11311396767197,2024,TREE B - COMPACT + SEC,0,0,0.49363057324840764
ADBE,2024-01-29,0000796343-24-000024,0.0163098929269993,2024,TREE B - COMPACT + SEC,1,1,0.5714285714285714
AMD,2024-01-31,0000002488-24-000009,-0.0058118248488935,2024,TREE B - COMPACT + SEC,0,0,0.49363057324840764
GOOGL,2024-01-31,0001652044-24-000014,-0.0554170976082305,2024,TREE B - COMPACT + SEC,0,1,0.7777777777777778
MSFT,2024-01-31,0000950170-24-008809,-0.0073599426113252,2024,TREE B - COMPACT + SEC,0,1,0.7777777777777778
QCOM,2024-02-01,0000804328-24-000015,-0.0616038178342546,2024,TREE B - COMPACT + SEC,0,0,0.49363057324840764
AAPL,2024-02-02,0000320193-24-000005,-0.0223056256506791,2024,TREE B - COMPACT + SEC,0,0,0.49363057324840764
AMZN,2024-02-02,0001018724-24-000006,0.0617659743841729,2024,TREE B - COMPACT + SEC,1,0,0.49363057324840764
META,2024-02-02,0001326801-24-000010,0.1862757343741432,2024,TREE B - COMPACT + SEC,1,0,0.49363057324840764
GOOGL,2024-02-09,0001652044-24-000032,0.0113344008513249,2024,TREE B - COMPACT + SEC,1,0,0.49363057324840764
AVGO,2024-02-12,0001140361-24-006724,-0.0104551341500487,2024,TREE B - COMPACT + SEC,0,1,1.0
META,2024-02-15,0001326801-24-000019,0.0197360446932637,2024,TREE B - COMPACT + SEC,1,1,1.0
INTC,2024-02-20,0000050863-24-000033,0.0307611358256039,2024,TREE B - COMPACT + SEC,1,0,0.49363057324840764
AMD,2024-02-21,0001628280-24-005593,-0.0044479301244626,2024,TREE B - COMPACT + SEC,0,0,0.49363057324840764
INTC,2024-02-22,0001193125-24-041435,-0.040547800162927,2024,TREE B - COMPACT + SEC,0,0,0.49363057324840764
NVDA,2024-02-22,0001045810-24-000028,0.1347332638011742,2024,TREE B - COMPACT + SEC,1,0,0.49363057324840764
AAPL,2024-02-29,0001140361-24-010155,-0.0122623659914666,2024,TREE B - COMPACT + SEC,0,0,0.49363057324840764
AVGO,2024-03-08,0001730168-24-000012,-0.0554224471998863,2024,TREE B - COMPACT + SEC,0,0,0.2191780821917808
QCOM,2024-03-08,0000804328-24-000020,-0.0148731793983257,2024,TREE B - COMPACT + SEC,0,1,0.5555555555555556
INTC,2024-03-14,0000050863-24-000036,-0.0085821928844943,2024,TREE B - COMPACT + SEC,0,0,0.49363057324840764
ADBE,2024-03-15,0000796343-24-000057,-0.1248298569156682,2024,TREE B - COMPACT + SEC,0,0,0.2191780821917808
NVDA,2024-03-15,0001045810-24-000069,0.0106703355026588,2024,TREE B - COMPACT + SEC,1,0,0.49363057324840764
INTC,2024-04-03,0000050863-24-000068,-0.0844017438350074,2024,TREE B - COMPACT + SEC,0,0,0.2191780821917808
TSLA,2024-04-03,0000950170-24-040274,0.0082580203888873,2024,TREE B - COMPACT + SEC,1,0,0.22727272727272727
ADBE,2024-04-05,0001193125-24-087244,-0.0158691765647923,2024,TREE B - COMPACT + SEC,0,0,0.49363057324840764
AMZN,2024-04-11,0001104659-24-045915,0.0007029498870967,2024,TREE B - COMPACT + SEC,1,0,0.22727272727272727
TSLA,2024-04-16,0000950170-24-044588,-0.0271548640353915,2024,TREE B - COMPACT + SEC,0,0,0.49363057324840764
NFLX,2024-04-19,0001065280-24-000127,-0.0702437720797997,2024,TREE B - COMPACT + SEC,0,0,0.49363057324840764
ADBE,2024-04-22,0000796343-24-000086,-0.0060352250836583,2024,TREE B - COMPACT + SEC,0,0,0.49363057324840764
AVGO,2024-04-24,0001730168-24-000055,0.0027201450777365,2024,TREE B - COMPACT + SEC,1,0,0.49363057324840764
TSLA,2024-04-24,0000950170-24-046895,0.1172233513171765,2024,TREE B - COMPACT + SEC,1,0,0.49363057324840764
META,2024-04-25,0001326801-24-000044,-0.1007829608030361,2024,TREE B - COMPACT + SEC,0,0,0.49363057324840764
GOOGL,2024-04-26,0001652044-24-000047,0.0868120421641083,2024,TREE B - COMPACT + SEC,1,0,0.49363057324840764
INTC,2024-04-26,0000050863-24-000074,-0.1074282051823032,2024,TREE B - COMPACT + SEC,0,0,0.49363057324840764
MSFT,2024-04-26,0000950170-24-048268,0.0028120551619008,2024,TREE B - COMPACT + SEC,1,0,0.49363057324840764
AMD,2024-05-01,0000002488-24-000054,-0.0818590800234352,2024,TREE B - COMPACT + SEC,0,0,0.49363057324840764
AMZN,2024-05-01,0001018724-24-000081,0.0300875954473209,2024,TREE B - COMPACT + SEC,1,0,0.49363057324840764
QCOM,2024-05-02,0000804328-24-000038,0.0846713010941171,2024,TREE B - COMPACT + SEC,1,0,0.49363057324840764
AAPL,2024-05-03,0000320193-24-000067,0.0397179250576655,2024,TREE B - COMPACT + SEC,1,0,0.2191780821917808
AAPL,2024-05-06,0001140361-24-024352,-0.0200602371463446,2024,TREE B - COMPACT + SEC,0,0,0.2191780821917808
AMZN,2024-05-06,0001104659-24-057026,0.0024184940626126,2024,TREE B - COMPACT + SEC,1,1,0.5714285714285714
INTC,2024-05-08,0000050863-24-000086,-0.0215737571910907,2024,TREE B - COMPACT + SEC,0,0,0.49363057324840764
QCOM,2024-05-09,0000804328-24-000042,-0.0022370849261215,2024,TREE B - COMPACT + SEC,0,0,0.2191780821917808
INTC,2024-05-10,0000050863-24-000093,-0.0103340752317097,2024,TREE B - COMPACT + SEC,0,0,0.49363057324840764
AMD,2024-05-14,0000002488-24-000076,0.0108366496777008,2024,TREE B - COMPACT + SEC,1,0,0.49363057324840764
AMZN,2024-05-15,0001104659-24-061143,-0.0214035124642162,2024,TREE B - COMPACT + SEC,0,0,0.2191780821917808
NVDA,2024-05-23,0001045810-24-000113,0.0976949081129665,2024,TREE B - COMPACT + SEC,1,0,0.22727272727272727
AMZN,2024-05-28,0001104659-24-065117,0.0039677844666901,2024,TREE B - COMPACT + SEC,1,0,0.22727272727272727
META,2024-06-03,0001326801-24-000057,0.0174655233768301,2024,TREE B - COMPACT + SEC,1,0,0.22727272727272727
GOOGL,2024-06-05,0001193125-24-154725,-0.0108381991358403,2024,TREE B - COMPACT + SEC,0,0,0.22727272727272727
INTC,2024-06-05,0000050863-24-000103,0.0048153135408781,2024,TREE B - COMPACT + SEC,1,0,0.2191780821917808
GOOGL,2024-06-10,0001193125-24-157498,0.000264694362364,2024,TREE B - COMPACT + SEC,1,0,0.49363057324840764
NFLX,2024-06-10,0001065280-24-000185,0.0006842006766056,2024,TREE B - COMPACT + SEC,1,0,0.49363057324840764
NVDA,2024-06-10,0001045810-24-000144,0.0034223695035195,2024,TREE B - COMPACT + SEC,1,1,1.0
AVGO,2024-06-13,0001730168-24-000077,0.1172669500798657,2024,TREE B - COMPACT + SEC,1,0,0.2191780821917808
ADBE,2024-06-14,0000796343-24-000140,0.1399336504887722,2024,TREE B - COMPACT + SEC,1,1,1.0
GOOGL,2024-06-14,0001193125-24-160721,0.004124415003359,2024,TREE B - COMPACT + SEC,1,0,0.49363057324840764
TSLA,2024-06-14,0001104659-24-071439,-0.029623659174497,2024,TREE B - COMPACT + SEC,0,0,0.2191780821917808
INTC,2024-06-17,0000050863-24-000110,0.0051556007241069,2024,TREE B - COMPACT + SEC,1,0,0.2191780821917808
TSLA,2024-07-02,0001628280-24-030714,0.0914729991690703,2024,TREE B - COMPACT + SEC,1,0,0.1
AMD,2024-07-03,0000002488-24-000109,-0.0108323814250977,2024,TREE B - COMPACT + SEC,0,0,0.2191780821917808
NVDA,2024-07-03,0001045810-24-000206,0.0373955067193187,2024,TREE B - COMPACT + SEC,1,0,0.49363057324840764
AVGO,2024-07-08,0001140361-24-032566,0.0226025212638882,2024,TREE B - COMPACT + SEC,1,0,0.49363057324840764
AVGO,2024-07-15,0001140361-24-033072,0.0052678441045099,2024,TREE B - COMPACT + SEC,1,0,0.49363057324840764
ADBE,2024-07-19,0000796343-24-000173,-0.001641808140351,2024,TREE B - COMPACT + SEC,0,0,0.49363057324840764
NFLX,2024-07-19,0001065280-24-000199,-0.0062209463310989,2024,TREE B - COMPACT + SEC,0,0,0.49363057324840764
AMD,2024-07-23,0000002488-24-000115,-0.0084724167185586,2024,TREE B - COMPACT + SEC,0,0,0.49363057324840764
GOOGL,2024-07-24,0001652044-24-000076,-0.0145173459168354,2024,TREE B - COMPACT + SEC,0,0,0.49363057324840764
TSLA,2024-07-24,0001628280-24-032603,-0.0874758552348191,2024,TREE B - COMPACT + SEC,0,0,0.49363057324840764
AMD,2024-07-31,0000002488-24-000121,0.0140352718571412,2024,TREE B - COMPACT + SEC,1,0,0.49363057324840764
MSFT,2024-07-31,0000950170-24-087835,-0.0403994612618912,2024,TREE B - COMPACT + SEC,0,0,0.49363057324840764
META,2024-08-01,0001326801-24-000065,0.0724702601260065,2024,TREE B - COMPACT + SEC,1,0,0.49363057324840764
QCOM,2024-08-01,0000804328-24-000055,-0.0694507007604851,2024,TREE B - COMPACT + SEC,0,0,0.49363057324840764
AAPL,2024-08-02,0000320193-24-000080,0.0306042309299121,2024,TREE B - COMPACT + SEC,1,0,0.49363057324840764
AMZN,2024-08-02,0001018724-24-000128,-0.0641121876767938,2024,TREE B - COMPACT + SEC,0,0,0.49363057324840764
INTC,2024-08-02,0000050863-24-000122,-0.2368502490991094,2024,TREE B - COMPACT + SEC,0,0,0.49363057324840764
NFLX,2024-08-02,0001140361-24-035325,0.0057945558366498,2024,TREE B - COMPACT + SEC,1,0,0.49363057324840764
GOOGL,2024-08-06,0001652044-24-000085,-0.0155834658884495,2024,TREE B - COMPACT + SEC,0,0,0.49363057324840764
ADBE,2024-08-09,0000796343-24-000192,0.006206337965156,2024,TREE B - COMPACT + SEC,1,0,0.49363057324840764
META,2024-08-12,0001193125-24-197873,-0.0056686381894932,2024,TREE B - COMPACT + SEC,0,0,0.4057971014492754
QCOM,2024-08-12,0000804328-24-000061,-0.0118202036782681,2024,TREE B - COMPACT + SEC,0,0,0.49363057324840764
AMD,2024-08-19,0001193125-24-202457,0.0320981939885101,2024,TREE B - COMPACT + SEC,1,0,0.4057971014492754
MSFT,2024-08-22,0001193125-24-204403,-0.0043979583433071,2024,TREE B - COMPACT + SEC,0,0,0.4057971014492754
INTC,2024-08-23,0000050863-24-000134,0.0110450938530819,2024,TREE B - COMPACT + SEC,1,0,0.49363057324840764
AAPL,2024-08-26,0001140361-24-038403,0.0112071583591698,2024,TREE B - COMPACT + SEC,1,0,0.49363057324840764
AAPL,2024-08-27,0001140361-24-038601,0.0007542711733212,2024,TREE B - COMPACT + SEC,1,0,0.49363057324840764
NVDA,2024-08-29,0001045810-24-000262,-0.0623846340010401,2024,TREE B - COMPACT + SEC,0,0,0.2191780821917808
AVGO,2024-09-06,0001730168-24-000095,-0.0767332384895764,2024,TREE B - COMPACT + SEC,0,0,0.49363057324840764
AAPL,2024-09-10,0001140361-24-040659,-0.0128632516445373,2024,TREE B - COMPACT + SEC,0,0,0.49363057324840764
META,2024-09-11,0001326801-24-000072,-0.0077691247511657,2024,TREE B - COMPACT + SEC,0,0,0.49363057324840764
ADBE,2024-09-13,0000796343-24-000200,-0.0891786499822013,2024,TREE B - COMPACT + SEC,0,0,0.49363057324840764
GOOGL,2024-09-24,0001652044-24-000097,-0.0021050517793912,2024,TREE B - COMPACT + SEC,0,1,0.6666666666666666
TSLA,2024-10-02,0001628280-24-041816,-0.0362939534554686,2024,TREE B - COMPACT + SEC,0,0,0.2191780821917808
AVGO,2024-10-03,0001193125-24-231159,0.0079542399034105,2024,TREE B - COMPACT + SEC,1,0,0.2191780821917808
QCOM,2024-10-10,0000804328-24-000064,-0.0088514172834252,2024,TREE B - COMPACT + SEC,0,0,0.2191780821917808
NFLX,2024-10-18,0001065280-24-000286,0.1043156336409134,2024,TREE B - COMPACT + SEC,1,0,0.49363057324840764
TSLA,2024-10-24,0001628280-24-043432,0.2110815159093464,2024,TREE B - COMPACT + SEC,1,0,0.49363057324840764
AMD,2024-10-30,0000002488-24-000161,-0.0986077821001309,2024,TREE B - COMPACT + SEC,0,0,0.49363057324840764
GOOGL,2024-10-30,0001652044-24-000115,0.0357283996891425,2024,TREE B - COMPACT + SEC,1,1,0.6666666666666666
META,2024-10-31,0001326801-24-000077,-0.0156830042514072,2024,TREE B - COMPACT + SEC,0,0,0.49363057324840764
MSFT,2024-10-31,0000950170-24-118955,-0.0352847409838739,2024,TREE B - COMPACT + SEC,0,0,0.2191780821917808
AAPL,2024-11-01,0000320193-24-000120,-0.0206786714994927,2024,TREE B - COMPACT + SEC,0,0,0.49363057324840764
AMZN,2024-11-01,0001018724-24-000158,0.0544571727079066,2024,TREE B - COMPACT + SEC,1,0,0.49363057324840764
INTC,2024-11-01,0000050863-24-000147,0.0706678810739138,2024,TREE B - COMPACT + SEC,1,0,0.49363057324840764
QCOM,2024-11-07,0000804328-24-000074,-0.0162066399992345,2024,TREE B - COMPACT + SEC,0,0,0.2191780821917808
NVDA,2024-11-08,0001045810-24-000300,-0.009564605628046,2024,TREE B - COMPACT + SEC,0,0,0.2191780821917808
AMD,2024-11-19,0000002488-24-000172,-0.0035686689679286,2024,TREE B - COMPACT + SEC,0,0,0.49363057324840764
NVDA,2024-11-21,0001045810-24-000315,0.0017493274410433,2024,TREE B - COMPACT + SEC,1,0,0.49363057324840764
INTC,2024-11-29,0000050863-24-000169,0.0081263998252203,2024,TREE B - COMPACT + SEC,1,0,0.49363057324840764
INTC,2024-12-03,0000050863-24-000173,-0.0640773123765042,2024,TREE B - COMPACT + SEC,0,0,0.49363057324840764
MSFT,2024-12-04,0000950170-24-132722,0.0020617676099534,2024,TREE B - COMPACT + SEC,1,0,0.2191780821917808
INTC,2024-12-05,0000050863-24-000180,-0.050052136326123,2024,TREE B - COMPACT + SEC,0,0,0.49363057324840764
ADBE,2024-12-12,0000796343-24-000250,-0.1304728856136858,2024,TREE B - COMPACT + SEC,0,0,0.2191780821917808
MSFT,2024-12-12,0001193125-24-275524,0.0077231899631595,2024,TREE B - COMPACT + SEC,1,1,1.0
AVGO,2024-12-13,0001730168-24-000125,0.2366721755825886,2024,TREE B - COMPACT + SEC,1,0,0.2191780821917808
QCOM,2024-12-13,0000804328-24-000079,-0.0058216285687771,2024,TREE B - COMPACT + SEC,0,0,0.49363057324840764
TSLA,2024-01-03,0000950170-24-000282,-0.0295523615445163,2024,TREE C - COMPACT + SEC + FINBERT,0,0,0.49363057324840764
INTC,2024-01-04,0000050863-24-000003,0.0013208611358523,2024,TREE C - COMPACT + SEC + FINBERT,1,0,0.49363057324840764
META,2024-01-18,0001326801-24-000003,0.0068716760055087,2024,TREE C - COMPACT + SEC + FINBERT,1,1,0.5714285714285714
MSFT,2024-01-22,0001193125-24-011295,-0.0067240263536275,2024,TREE C - COMPACT + SEC + FINBERT,0,1,0.75
NFLX,2024-01-24,0001065280-24-000029,0.1014825439820832,2024,TREE C - COMPACT + SEC + FINBERT,1,0,0.49363057324840764
QCOM,2024-01-24,0000804328-24-000005,0.0001184438030557,2024,TREE C - COMPACT + SEC + FINBERT,1,1,0.75
TSLA,2024-01-25,0000950170-24-007073,-0.1224741103919198,2024,TREE C - COMPACT + SEC + FINBERT,0,0,0.49363057324840764
INTC,2024-01-26,0000050863-24-000008,-0.11311396767197,2024,TREE C - COMPACT + SEC + FINBERT,0,0,0.49363057324840764
ADBE,2024-01-29,0000796343-24-000024,0.0163098929269993,2024,TREE C - COMPACT + SEC + FINBERT,1,1,0.5714285714285714
AMD,2024-01-31,0000002488-24-000009,-0.0058118248488935,2024,TREE C - COMPACT + SEC + FINBERT,0,0,0.49363057324840764
GOOGL,2024-01-31,0001652044-24-000014,-0.0554170976082305,2024,TREE C - COMPACT + SEC + FINBERT,0,0,0.375
MSFT,2024-01-31,0000950170-24-008809,-0.0073599426113252,2024,TREE C - COMPACT + SEC + FINBERT,0,0,0.375
QCOM,2024-02-01,0000804328-24-000015,-0.0616038178342546,2024,TREE C - COMPACT + SEC + FINBERT,0,0,0.49363057324840764
AAPL,2024-02-02,0000320193-24-000005,-0.0223056256506791,2024,TREE C - COMPACT + SEC + FINBERT,0,0,0.49363057324840764
AMZN,2024-02-02,0001018724-24-000006,0.0617659743841729,2024,TREE C - COMPACT + SEC + FINBERT,1,0,0.49363057324840764
META,2024-02-02,0001326801-24-000010,0.1862757343741432,2024,TREE C - COMPACT + SEC + FINBERT,1,0,0.49363057324840764
GOOGL,2024-02-09,0001652044-24-000032,0.0113344008513249,2024,TREE C - COMPACT + SEC + FINBERT,1,0,0.49363057324840764
AVGO,2024-02-12,0001140361-24-006724,-0.0104551341500487,2024,TREE C - COMPACT + SEC + FINBERT,0,1,0.75
META,2024-02-15,0001326801-24-000019,0.0197360446932637,2024,TREE C - COMPACT + SEC + FINBERT,1,1,0.625
INTC,2024-02-20,0000050863-24-000033,0.0307611358256039,2024,TREE C - COMPACT + SEC + FINBERT,1,0,0.49363057324840764
AMD,2024-02-21,0001628280-24-005593,-0.0044479301244626,2024,TREE C - COMPACT + SEC + FINBERT,0,0,0.49363057324840764
INTC,2024-02-22,0001193125-24-041435,-0.040547800162927,2024,TREE C - COMPACT + SEC + FINBERT,0,0,0.49363057324840764
NVDA,2024-02-22,0001045810-24-000028,0.1347332638011742,2024,TREE C - COMPACT + SEC + FINBERT,1,0,0.49363057324840764
AAPL,2024-02-29,0001140361-24-010155,-0.0122623659914666,2024,TREE C - COMPACT + SEC + FINBERT,0,0,0.49363057324840764
AVGO,2024-03-08,0001730168-24-000012,-0.0554224471998863,2024,TREE C - COMPACT + SEC + FINBERT,0,0,0.2824427480916031
QCOM,2024-03-08,0000804328-24-000020,-0.0148731793983257,2024,TREE C - COMPACT + SEC + FINBERT,0,0,0.1
INTC,2024-03-14,0000050863-24-000036,-0.0085821928844943,2024,TREE C - COMPACT + SEC + FINBERT,0,0,0.49363057324840764
ADBE,2024-03-15,0000796343-24-000057,-0.1248298569156682,2024,TREE C - COMPACT + SEC + FINBERT,0,0,0.2824427480916031
NVDA,2024-03-15,0001045810-24-000069,0.0106703355026588,2024,TREE C - COMPACT + SEC + FINBERT,1,0,0.49363057324840764
INTC,2024-04-03,0000050863-24-000068,-0.0844017438350074,2024,TREE C - COMPACT + SEC + FINBERT,0,0,0.2824427480916031
TSLA,2024-04-03,0000950170-24-040274,0.0082580203888873,2024,TREE C - COMPACT + SEC + FINBERT,1,0,0.22727272727272727
ADBE,2024-04-05,0001193125-24-087244,-0.0158691765647923,2024,TREE C - COMPACT + SEC + FINBERT,0,0,0.49363057324840764
AMZN,2024-04-11,0001104659-24-045915,0.0007029498870967,2024,TREE C - COMPACT + SEC + FINBERT,1,0,0.22727272727272727
TSLA,2024-04-16,0000950170-24-044588,-0.0271548640353915,2024,TREE C - COMPACT + SEC + FINBERT,0,0,0.49363057324840764
NFLX,2024-04-19,0001065280-24-000127,-0.0702437720797997,2024,TREE C - COMPACT + SEC + FINBERT,0,0,0.49363057324840764
ADBE,2024-04-22,0000796343-24-000086,-0.0060352250836583,2024,TREE C - COMPACT + SEC + FINBERT,0,0,0.49363057324840764
AVGO,2024-04-24,0001730168-24-000055,0.0027201450777365,2024,TREE C - COMPACT + SEC + FINBERT,1,0,0.49363057324840764
TSLA,2024-04-24,0000950170-24-046895,0.1172233513171765,2024,TREE C - COMPACT + SEC + FINBERT,1,0,0.49363057324840764
META,2024-04-25,0001326801-24-000044,-0.1007829608030361,2024,TREE C - COMPACT + SEC + FINBERT,0,0,0.49363057324840764
GOOGL,2024-04-26,0001652044-24-000047,0.0868120421641083,2024,TREE C - COMPACT + SEC + FINBERT,1,0,0.49363057324840764
INTC,2024-04-26,0000050863-24-000074,-0.1074282051823032,2024,TREE C - COMPACT + SEC + FINBERT,0,0,0.49363057324840764
MSFT,2024-04-26,0000950170-24-048268,0.0028120551619008,2024,TREE C - COMPACT + SEC + FINBERT,1,0,0.49363057324840764
AMD,2024-05-01,0000002488-24-000054,-0.0818590800234352,2024,TREE C - COMPACT + SEC + FINBERT,0,0,0.49363057324840764
AMZN,2024-05-01,0001018724-24-000081,0.0300875954473209,2024,TREE C - COMPACT + SEC + FINBERT,1,0,0.49363057324840764
QCOM,2024-05-02,0000804328-24-000038,0.0846713010941171,2024,TREE C - COMPACT + SEC + FINBERT,1,0,0.49363057324840764
AAPL,2024-05-03,0000320193-24-000067,0.0397179250576655,2024,TREE C - COMPACT + SEC + FINBERT,1,0,0.2824427480916031
AAPL,2024-05-06,0001140361-24-024352,-0.0200602371463446,2024,TREE C - COMPACT + SEC + FINBERT,0,0,0.2824427480916031
AMZN,2024-05-06,0001104659-24-057026,0.0024184940626126,2024,TREE C - COMPACT + SEC + FINBERT,1,1,0.5714285714285714
INTC,2024-05-08,0000050863-24-000086,-0.0215737571910907,2024,TREE C - COMPACT + SEC + FINBERT,0,0,0.49363057324840764
QCOM,2024-05-09,0000804328-24-000042,-0.0022370849261215,2024,TREE C - COMPACT + SEC + FINBERT,0,0,0.2824427480916031
INTC,2024-05-10,0000050863-24-000093,-0.0103340752317097,2024,TREE C - COMPACT + SEC + FINBERT,0,0,0.49363057324840764
AMD,2024-05-14,0000002488-24-000076,0.0108366496777008,2024,TREE C - COMPACT + SEC + FINBERT,1,0,0.49363057324840764
AMZN,2024-05-15,0001104659-24-061143,-0.0214035124642162,2024,TREE C - COMPACT + SEC + FINBERT,0,0,0.2824427480916031
NVDA,2024-05-23,0001045810-24-000113,0.0976949081129665,2024,TREE C - COMPACT + SEC + FINBERT,1,0,0.22727272727272727
AMZN,2024-05-28,0001104659-24-065117,0.0039677844666901,2024,TREE C - COMPACT + SEC + FINBERT,1,0,0.22727272727272727
META,2024-06-03,0001326801-24-000057,0.0174655233768301,2024,TREE C - COMPACT + SEC + FINBERT,1,0,0.22727272727272727
GOOGL,2024-06-05,0001193125-24-154725,-0.0108381991358403,2024,TREE C - COMPACT + SEC + FINBERT,0,0,0.22727272727272727
INTC,2024-06-05,0000050863-24-000103,0.0048153135408781,2024,TREE C - COMPACT + SEC + FINBERT,1,0,0.2824427480916031
GOOGL,2024-06-10,0001193125-24-157498,0.000264694362364,2024,TREE C - COMPACT + SEC + FINBERT,1,0,0.49363057324840764
NFLX,2024-06-10,0001065280-24-000185,0.0006842006766056,2024,TREE C - COMPACT + SEC + FINBERT,1,0,0.49363057324840764
NVDA,2024-06-10,0001045810-24-000144,0.0034223695035195,2024,TREE C - COMPACT + SEC + FINBERT,1,1,1.0
AVGO,2024-06-13,0001730168-24-000077,0.1172669500798657,2024,TREE C - COMPACT + SEC + FINBERT,1,0,0.2824427480916031
ADBE,2024-06-14,0000796343-24-000140,0.1399336504887722,2024,TREE C - COMPACT + SEC + FINBERT,1,1,1.0
GOOGL,2024-06-14,0001193125-24-160721,0.004124415003359,2024,TREE C - COMPACT + SEC + FINBERT,1,0,0.49363057324840764
TSLA,2024-06-14,0001104659-24-071439,-0.029623659174497,2024,TREE C - COMPACT + SEC + FINBERT,0,0,0.2824427480916031
INTC,2024-06-17,0000050863-24-000110,0.0051556007241069,2024,TREE C - COMPACT + SEC + FINBERT,1,0,0.2824427480916031
TSLA,2024-07-02,0001628280-24-030714,0.0914729991690703,2024,TREE C - COMPACT + SEC + FINBERT,1,1,0.5555555555555556
AMD,2024-07-03,0000002488-24-000109,-0.0108323814250977,2024,TREE C - COMPACT + SEC + FINBERT,0,0,0.2824427480916031
NVDA,2024-07-03,0001045810-24-000206,0.0373955067193187,2024,TREE C - COMPACT + SEC + FINBERT,1,0,0.49363057324840764
AVGO,2024-07-08,0001140361-24-032566,0.0226025212638882,2024,TREE C - COMPACT + SEC + FINBERT,1,0,0.49363057324840764
AVGO,2024-07-15,0001140361-24-033072,0.0052678441045099,2024,TREE C - COMPACT + SEC + FINBERT,1,0,0.49363057324840764
ADBE,2024-07-19,0000796343-24-000173,-0.001641808140351,2024,TREE C - COMPACT + SEC + FINBERT,0,0,0.49363057324840764
NFLX,2024-07-19,0001065280-24-000199,-0.0062209463310989,2024,TREE C - COMPACT + SEC + FINBERT,0,0,0.49363057324840764
AMD,2024-07-23,0000002488-24-000115,-0.0084724167185586,2024,TREE C - COMPACT + SEC + FINBERT,0,0,0.49363057324840764
GOOGL,2024-07-24,0001652044-24-000076,-0.0145173459168354,2024,TREE C - COMPACT + SEC + FINBERT,0,0,0.49363057324840764
TSLA,2024-07-24,0001628280-24-032603,-0.0874758552348191,2024,TREE C - COMPACT + SEC + FINBERT,0,0,0.49363057324840764
AMD,2024-07-31,0000002488-24-000121,0.0140352718571412,2024,TREE C - COMPACT + SEC + FINBERT,1,0,0.49363057324840764
MSFT,2024-07-31,0000950170-24-087835,-0.0403994612618912,2024,TREE C - COMPACT + SEC + FINBERT,0,0,0.49363057324840764
META,2024-08-01,0001326801-24-000065,0.0724702601260065,2024,TREE C - COMPACT + SEC + FINBERT,1,0,0.49363057324840764
QCOM,2024-08-01,0000804328-24-000055,-0.0694507007604851,2024,TREE C - COMPACT + SEC + FINBERT,0,0,0.49363057324840764
AAPL,2024-08-02,0000320193-24-000080,0.0306042309299121,2024,TREE C - COMPACT + SEC + FINBERT,1,0,0.49363057324840764
AMZN,2024-08-02,0001018724-24-000128,-0.0641121876767938,2024,TREE C - COMPACT + SEC + FINBERT,0,0,0.49363057324840764
INTC,2024-08-02,0000050863-24-000122,-0.2368502490991094,2024,TREE C - COMPACT + SEC + FINBERT,0,0,0.49363057324840764
NFLX,2024-08-02,0001140361-24-035325,0.0057945558366498,2024,TREE C - COMPACT + SEC + FINBERT,1,0,0.49363057324840764
GOOGL,2024-08-06,0001652044-24-000085,-0.0155834658884495,2024,TREE C - COMPACT + SEC + FINBERT,0,0,0.49363057324840764
ADBE,2024-08-09,0000796343-24-000192,0.006206337965156,2024,TREE C - COMPACT + SEC + FINBERT,1,0,0.49363057324840764
META,2024-08-12,0001193125-24-197873,-0.0056686381894932,2024,TREE C - COMPACT + SEC + FINBERT,0,0,0.2824427480916031
QCOM,2024-08-12,0000804328-24-000061,-0.0118202036782681,2024,TREE C - COMPACT + SEC + FINBERT,0,0,0.49363057324840764
AMD,2024-08-19,0001193125-24-202457,0.0320981939885101,2024,TREE C - COMPACT + SEC + FINBERT,1,0,0.2824427480916031
MSFT,2024-08-22,0001193125-24-204403,-0.0043979583433071,2024,TREE C - COMPACT + SEC + FINBERT,0,0,0.2824427480916031
INTC,2024-08-23,0000050863-24-000134,0.0110450938530819,2024,TREE C - COMPACT + SEC + FINBERT,1,0,0.49363057324840764
AAPL,2024-08-26,0001140361-24-038403,0.0112071583591698,2024,TREE C - COMPACT + SEC + FINBERT,1,0,0.49363057324840764
AAPL,2024-08-27,0001140361-24-038601,0.0007542711733212,2024,TREE C - COMPACT + SEC + FINBERT,1,0,0.49363057324840764
NVDA,2024-08-29,0001045810-24-000262,-0.0623846340010401,2024,TREE C - COMPACT + SEC + FINBERT,0,0,0.2824427480916031
AVGO,2024-09-06,0001730168-24-000095,-0.0767332384895764,2024,TREE C - COMPACT + SEC + FINBERT,0,0,0.49363057324840764
AAPL,2024-09-10,0001140361-24-040659,-0.0128632516445373,2024,TREE C - COMPACT + SEC + FINBERT,0,0,0.49363057324840764
META,2024-09-11,0001326801-24-000072,-0.0077691247511657,2024,TREE C - COMPACT + SEC + FINBERT,0,0,0.49363057324840764
ADBE,2024-09-13,0000796343-24-000200,-0.0891786499822013,2024,TREE C - COMPACT + SEC + FINBERT,0,0,0.49363057324840764
GOOGL,2024-09-24,0001652044-24-000097,-0.0021050517793912,2024,TREE C - COMPACT + SEC + FINBERT,0,1,0.6666666666666666
TSLA,2024-10-02,0001628280-24-041816,-0.0362939534554686,2024,TREE C - COMPACT + SEC + FINBERT,0,0,0.2824427480916031
AVGO,2024-10-03,0001193125-24-231159,0.0079542399034105,2024,TREE C - COMPACT + SEC + FINBERT,1,0,0.2824427480916031
QCOM,2024-10-10,0000804328-24-000064,-0.0088514172834252,2024,TREE C - COMPACT + SEC + FINBERT,0,0,0.2824427480916031
NFLX,2024-10-18,0001065280-24-000286,0.1043156336409134,2024,TREE C - COMPACT + SEC + FINBERT,1,0,0.49363057324840764
TSLA,2024-10-24,0001628280-24-043432,0.2110815159093464,2024,TREE C - COMPACT + SEC + FINBERT,1,0,0.49363057324840764
AMD,2024-10-30,0000002488-24-000161,-0.0986077821001309,2024,TREE C - COMPACT + SEC + FINBERT,0,0,0.49363057324840764
GOOGL,2024-10-30,0001652044-24-000115,0.0357283996891425,2024,TREE C - COMPACT + SEC + FINBERT,1,1,0.6666666666666666
META,2024-10-31,0001326801-24-000077,-0.0156830042514072,2024,TREE C - COMPACT + SEC + FINBERT,0,0,0.49363057324840764
MSFT,2024-10-31,0000950170-24-118955,-0.0352847409838739,2024,TREE C - COMPACT + SEC + FINBERT,0,0,0.2824427480916031
AAPL,2024-11-01,0000320193-24-000120,-0.0206786714994927,2024,TREE C - COMPACT + SEC + FINBERT,0,0,0.49363057324840764
AMZN,2024-11-01,0001018724-24-000158,0.0544571727079066,2024,TREE C - COMPACT + SEC + FINBERT,1,0,0.49363057324840764
INTC,2024-11-01,0000050863-24-000147,0.0706678810739138,2024,TREE C - COMPACT + SEC + FINBERT,1,0,0.49363057324840764
QCOM,2024-11-07,0000804328-24-000074,-0.0162066399992345,2024,TREE C - COMPACT + SEC + FINBERT,0,0,0.2824427480916031
NVDA,2024-11-08,0001045810-24-000300,-0.009564605628046,2024,TREE C - COMPACT + SEC + FINBERT,0,0,0.2824427480916031
AMD,2024-11-19,0000002488-24-000172,-0.0035686689679286,2024,TREE C - COMPACT + SEC + FINBERT,0,0,0.49363057324840764
NVDA,2024-11-21,0001045810-24-000315,0.0017493274410433,2024,TREE C - COMPACT + SEC + FINBERT,1,0,0.49363057324840764
INTC,2024-11-29,0000050863-24-000169,0.0081263998252203,2024,TREE C - COMPACT + SEC + FINBERT,1,0,0.49363057324840764
INTC,2024-12-03,0000050863-24-000173,-0.0640773123765042,2024,TREE C - COMPACT + SEC + FINBERT,0,0,0.49363057324840764
MSFT,2024-12-04,0000950170-24-132722,0.0020617676099534,2024,TREE C - COMPACT + SEC + FINBERT,1,0,0.2824427480916031
INTC,2024-12-05,0000050863-24-000180,-0.050052136326123,2024,TREE C - COMPACT + SEC + FINBERT,0,0,0.49363057324840764
ADBE,2024-12-12,0000796343-24-000250,-0.1304728856136858,2024,TREE C - COMPACT + SEC + FINBERT,0,0,0.2824427480916031
MSFT,2024-12-12,0001193125-24-275524,0.0077231899631595,2024,TREE C - COMPACT + SEC + FINBERT,1,1,1.0
AVGO,2024-12-13,0001730168-24-000125,0.2366721755825886,2024,TREE C - COMPACT + SEC + FINBERT,1,0,0.2824427480916031
QCOM,2024-12-13,0000804328-24-000079,-0.0058216285687771,2024,TREE C - COMPACT + SEC + FINBERT,0,0,0.49363057324840764
TSLA,2025-01-02,0001628280-25-000007,-0.0588601436660173,2025,TREE A - COMPACT MARKET,0,1,0.55
AAPL,2025-01-06,0001140361-25-000228,-0.0047540378227144,2025,TREE A - COMPACT MARKET,0,0,0.4888888888888889
META,2025-01-07,0001326801-25-000005,-0.0016892091507633,2025,TREE A - COMPACT MARKET,0,0,0.3793103448275862
AVGO,2025-01-13,0001193125-25-004476,0.0075826962484965,2025,TREE A - COMPACT MARKET,1,0,0.4888888888888889
AVGO,2025-01-14,0001193125-25-005318,-0.0016694149650476,2025,TREE A - COMPACT MARKET,0,0,0.4888888888888889
ADBE,2025-01-21,0001193125-25-008409,0.0089492434486455,2025,TREE A - COMPACT MARKET,1,0,0.4888888888888889
NVDA,2025-01-21,0001045810-25-000007,0.0167913299142159,2025,TREE A - COMPACT MARKET,1,0,0.4888888888888889
NFLX,2025-01-22,0001065280-25-000033,0.0841577842080263,2025,TREE A - COMPACT MARKET,1,0,0.4888888888888889
MSFT,2025-01-23,0001193125-25-010492,-0.0009831865408345,2025,TREE A - COMPACT MARKET,0,0,0.3793103448275862
META,2025-01-30,0001326801-25-000014,0.0112738581852596,2025,TREE A - COMPACT MARKET,1,0,0.4666666666666667
MSFT,2025-01-30,0000950170-25-010484,-0.0660713284405873,2025,TREE A - COMPACT MARKET,0,0,0.375
TSLA,2025-01-30,0001628280-25-002993,0.0244707278025142,2025,TREE A - COMPACT MARKET,1,0,0.4888888888888889
AAPL,2025-01-31,0000320193-25-000007,-0.0052391330061739,2025,TREE A - COMPACT MARKET,0,0,0.4888888888888889
ADBE,2025-01-31,0000796343-25-000036,-0.0177173394587626,2025,TREE A - COMPACT MARKET,0,0,0.2
INTC,2025-01-31,0000050863-25-000004,-0.0275324663433832,2025,TREE A - COMPACT MARKET,0,0,0.4888888888888889
AMD,2025-02-05,0000002488-25-000009,-0.0672156317243187,2025,TREE A - COMPACT MARKET,0,0,0.3793103448275862
GOOGL,2025-02-05,0001652044-25-000010,-0.0774615030031682,2025,TREE A - COMPACT MARKET,0,0,0.3793103448275862
QCOM,2025-02-06,0000804328-25-000010,-0.0424084291589017,2025,TREE A - COMPACT MARKET,0,0,0.2
AMZN,2025-02-07,0001018724-25-000002,-0.0279174699324333,2025,TREE A - COMPACT MARKET,0,0,0.4888888888888889
META,2025-02-21,0001326801-25-000021,0.0045063605523029,2025,TREE A - COMPACT MARKET,1,0,0.4888888888888889
AMD,2025-02-25,0000002488-25-000026,-0.0257875575012072,2025,TREE A - COMPACT MARKET,0,1,0.8
AAPL,2025-02-26,0001140361-25-005876,-0.0294557814887705,2025,TREE A - COMPACT MARKET,0,0,0.2
NVDA,2025-02-27,0001045810-25-000021,-0.0570091876091523,2025,TREE A - COMPACT MARKET,0,1,0.5333333333333333
INTC,2025-03-03,0000050863-25-000024,-0.0198368594363603,2025,TREE A - COMPACT MARKET,0,0,0.375
AVGO,2025-03-07,0001730168-25-000009,0.0790774784362973,2025,TREE A - COMPACT MARKET,1,0,0.4888888888888889
NVDA,2025-03-10,0001045810-25-000039,-0.0119137100780268,2025,TREE A - COMPACT MARKET,0,0,0.4888888888888889
AMD,2025-03-12,0001193125-25-052173,0.0303685850006325,2025,TREE A - COMPACT MARKET,1,0,0.4888888888888889
ADBE,2025-03-13,0000796343-25-000052,-0.1205412608085477,2025,TREE A - COMPACT MARKET,0,0,0.4888888888888889
INTC,2025-03-17,0000050863-25-000036,0.0617075905042487,2025,TREE A - COMPACT MARKET,1,0,0.3793103448275862
GOOGL,2025-03-18,0001652044-25-000027,-0.0049867632368514,2025,TREE A - COMPACT MARKET,0,0,0.4888888888888889
QCOM,2025-03-21,0000804328-25-000018,-0.0104509259571374,2025,TREE A - COMPACT MARKET,0,0,0.4888888888888889
AMD,2025-03-25,0001193125-25-061366,0.002725615769713,2025,TREE A - COMPACT MARKET,1,0,0.3793103448275862
INTC,2025-03-28,0000050863-25-000060,-0.0121990495902265,2025,TREE A - COMPACT MARKET,0,0,0.4888888888888889
AMD,2025-03-31,0001193125-25-067902,-0.004607611090768,2025,TREE A - COMPACT MARKET,0,0,0.375
TSLA,2025-04-02,0001628280-25-016070,0.0459683221304736,2025,TREE A - COMPACT MARKET,1,0,0.375
AMZN,2025-04-10,0001104659-25-033450,-0.0091684982251557,2025,TREE A - COMPACT MARKET,0,1,0.8181818181818182
INTC,2025-04-14,0001193125-25-079727,0.0220972647630925,2025,TREE A - COMPACT MARKET,1,0,0.4888888888888889
META,2025-04-14,0001326801-25-000027,-0.0290200944382612,2025,TREE A - COMPACT MARKET,0,0,0.4888888888888889
AMD,2025-04-16,0000002488-25-000039,-0.0433064565689217,2025,TREE A - COMPACT MARKET,0,0,0.4888888888888889
NVDA,2025-04-16,0001045810-25-000082,-0.0385630135262662,2025,TREE A - COMPACT MARKET,0,0,0.3793103448275862
GOOGL,2025-04-21,0001652044-25-000033,0.0016587433386546,2025,TREE A - COMPACT MARKET,1,0,0.4888888888888889
INTC,2025-04-21,0000050863-25-000063,0.0199923705911453,2025,TREE A - COMPACT MARKET,1,0,0.4888888888888889
NFLX,2025-04-21,0001065280-25-000175,0.0400391628791936,2025,TREE A - COMPACT MARKET,1,1,0.875
AVGO,2025-04-23,0001730168-25-000037,0.0205463669862371,2025,TREE A - COMPACT MARKET,1,0,0.375
TSLA,2025-04-23,0001628280-25-018851,0.0309841644011779,2025,TREE A - COMPACT MARKET,1,0,0.4888888888888889
ADBE,2025-04-25,0001628280-25-019665,0.0077209612752138,2025,TREE A - COMPACT MARKET,1,0,0.3793103448275862
GOOGL,2025-04-25,0001652044-25-000040,0.0056778994371551,2025,TREE A - COMPACT MARKET,1,0,0.3793103448275862
INTC,2025-04-25,0000050863-25-000070,-0.0781559380933336,2025,TREE A - COMPACT MARKET,0,1,0.875
INTC,2025-04-30,0000050863-25-000079,-0.0116731889060959,2025,TREE A - COMPACT MARKET,0,0,0.4888888888888889
META,2025-05-01,0001326801-25-000050,0.0292160933553613,2025,TREE A - COMPACT MARKET,1,0,0.3793103448275862
MSFT,2025-05-01,0000950170-25-061032,0.0631928153940433,2025,TREE A - COMPACT MARKET,1,0,0.3793103448275862
QCOM,2025-05-01,0000804328-25-000029,-0.1023103583957897,2025,TREE A - COMPACT MARKET,0,0,0.3793103448275862
AAPL,2025-05-02,0000320193-25-000055,-0.052205690118386,2025,TREE A - COMPACT MARKET,0,0,0.2
AMZN,2025-05-02,0001018724-25-000034,-0.0160005867274706,2025,TREE A - COMPACT MARKET,0,0,0.3793103448275862
GOOGL,2025-05-02,0001193125-25-110020,0.0020810221935769,2025,TREE A - COMPACT MARKET,1,0,0.2
AMD,2025-05-07,0000002488-25-000045,0.0137175882183342,2025,TREE A - COMPACT MARKET,1,0,0.2
GOOGL,2025-05-07,0001193125-25-113864,-0.0765227223990804,2025,TREE A - COMPACT MARKET,0,0,0.3793103448275862
INTC,2025-05-12,0000050863-25-000084,-0.0052593287332221,2025,TREE A - COMPACT MARKET,0,0,0.2
AAPL,2025-05-13,0001140361-25-018400,-0.00508862121946,2025,TREE A - COMPACT MARKET,0,0,0.3793103448275862
QCOM,2025-05-14,0000804328-25-000034,0.0048435801702395,2025,TREE A - COMPACT MARKET,1,0,0.3793103448275862
TSLA,2025-05-16,0001628280-25-026148,0.0165331778425057,2025,TREE A - COMPACT MARKET,1,1,0.8461538461538461
AMD,2025-05-19,0000002488-25-000064,-0.0216977849193453,2025,TREE A - COMPACT MARKET,0,1,0.8461538461538461
AMD,2025-05-19,0001193125-25-122121,-0.0216977849193453,2025,TREE A - COMPACT MARKET,0,1,0.8461538461538461
TSLA,2025-05-19,0001104659-25-050072,-0.0235028714793165,2025,TREE A - COMPACT MARKET,0,1,0.8461538461538461
AMZN,2025-05-23,0001104659-25-052014,-0.0011282693545375,2025,TREE A - COMPACT MARKET,0,1,0.8181818181818182
QCOM,2025-05-23,0001104659-25-051981,-0.004242624719401,2025,TREE A - COMPACT MARKET,0,0,0.4888888888888889
NVDA,2025-05-29,0001045810-25-000115,0.0305243886578203,2025,TREE A - COMPACT MARKET,1,1,0.8181818181818182
META,2025-06-02,0001326801-25-000090,0.0282568199240662,2025,TREE A - COMPACT MARKET,1,0,0.2
AVGO,2025-06-06,0001730168-25-000061,-0.0597886684685325,2025,TREE A - COMPACT MARKET,0,0,0.4666666666666667
NFLX,2025-06-09,0001065280-25-000286,-0.0151736835098013,2025,TREE A - COMPACT MARKET,0,0,0.4888888888888889
QCOM,2025-06-10,0001104659-25-057814,0.0173228379656831,2025,TREE A - COMPACT MARKET,1,0,0.3793103448275862
ADBE,2025-06-13,0000796343-25-000064,-0.0406266323413929,2025,TREE A - COMPACT MARKET,0,0,0.4888888888888889
GOOGL,2025-06-13,0001193125-25-139948,0.0066923114918399,2025,TREE A - COMPACT MARKET,1,0,0.3793103448275862
NFLX,2025-06-25,0001065280-25-000287,-0.0055741566587045,2025,TREE A - COMPACT MARKET,0,0,0.4888888888888889
NVDA,2025-07-01,0001045810-25-000179,-0.0212560583907467,2025,TREE A - COMPACT MARKET,0,1,0.8461538461538461
MSFT,2025-07-02,0001193125-25-154103,-0.0089162965547048,2025,TREE A - COMPACT MARKET,0,0,0.4888888888888889
TSLA,2025-07-02,0001628280-25-033842,0.04271712961961,2025,TREE A - COMPACT MARKET,1,0,0.4888888888888889
AMD,2025-07-03,0000002488-25-000099,-0.0142439730970502,2025,TREE A - COMPACT MARKET,0,1,1.0
AAPL,2025-07-09,0001140361-25-025275,-0.0016980836539071,2025,TREE A - COMPACT MARKET,0,0,0.2
TSLA,2025-07-10,0001628280-25-034692,0.0487208091247157,2025,TREE A - COMPACT MARKET,1,0,0.4888888888888889
AVGO,2025-07-14,0001193125-25-158202,0.0008195192080375,2025,TREE A - COMPACT MARKET,1,0,0.4888888888888889
NFLX,2025-07-18,0001065280-25-000322,-0.0499975415177276,2025,TREE A - COMPACT MARKET,0,0,0.4888888888888889
GOOGL,2025-07-21,0001193125-25-161225,0.0220496510900962,2025,TREE A - COMPACT MARKET,1,0,0.2
GOOGL,2025-07-24,0001652044-25-000056,0.0080696345424389,2025,TREE A - COMPACT MARKET,1,0,0.4666666666666667
TSLA,2025-07-24,0001628280-25-035738,-0.0840987337873635,2025,TREE A - COMPACT MARKET,0,0,0.4888888888888889
INTC,2025-07-25,0000050863-25-000107,-0.0876919415165468,2025,TREE A - COMPACT MARKET,0,0,0.11538461538461539
AAPL,2025-07-28,0001140361-25-027340,-0.0023302200023396,2025,TREE A - COMPACT MARKET,0,0,0.4888888888888889
META,2025-07-31,0001628280-25-036719,0.117826296679073,2025,TREE A - COMPACT MARKET,1,1,0.8
MSFT,2025-07-31,0000950170-25-100226,0.0447737908924121,2025,TREE A - COMPACT MARKET,1,0,0.4888888888888889
QCOM,2025-07-31,0000804328-25-000044,-0.0720300008780704,2025,TREE A - COMPACT MARKET,0,0,0.11538461538461539
AAPL,2025-08-01,0000320193-25-000071,-0.0053047361680511,2025,TREE A - COMPACT MARKET,0,0,0.4888888888888889
AMZN,2025-08-01,0001018724-25-000084,-0.0629972838598512,2025,TREE A - COMPACT MARKET,0,0,0.4888888888888889
TSLA,2025-08-04,0001104659-25-073263,0.0034562938188973,2025,TREE A - COMPACT MARKET,1,0,0.4888888888888889
AMD,2025-08-06,0000002488-25-000106,-0.0767792551159853,2025,TREE A - COMPACT MARKET,0,0,0.4888888888888889
NVDA,2025-08-06,0001045810-25-000197,-0.0060758878424844,2025,TREE A - COMPACT MARKET,0,0,0.4888888888888889
INTC,2025-08-15,0000050863-25-000123,0.0337351462987751,2025,TREE A - COMPACT MARKET,1,0,0.3793103448275862
INTC,2025-08-22,0000050863-25-000126,0.0398916783123206,2025,TREE A - COMPACT MARKET,1,0,0.375
INTC,2025-08-25,0000050863-25-000129,-0.0071958813129945,2025,TREE A - COMPACT MARKET,0,1,0.8181818181818182
AMD,2025-08-26,0000002488-25-000147,0.015940550980585,2025,TREE A - COMPACT MARKET,1,0,0.4888888888888889
QCOM,2025-08-26,0000804328-25-000049,0.0135655495515913,2025,TREE A - COMPACT MARKET,1,0,0.375
NVDA,2025-08-28,0001045810-25-000207,-0.0141343969152345,2025,TREE A - COMPACT MARKET,0,0,0.4888888888888889
INTC,2025-09-02,0000050863-25-000135,0.0026305286407352,2025,TREE A - COMPACT MARKET,1,0,0.375
QCOM,2025-09-03,0000804328-25-000054,-0.0173144988752298,2025,TREE A - COMPACT MARKET,0,0,0.2
GOOGL,2025-09-04,0001652044-25-000067,-0.0019414418568022,2025,TREE A - COMPACT MARKET,0,0,0.09090909090909091
AVGO,2025-09-05,0001730168-25-000094,0.0926115240134093,2025,TREE A - COMPACT MARKET,1,0,0.4888888888888889
GOOGL,2025-09-08,0001652044-25-000074,-0.0080723979042452,2025,TREE A - COMPACT MARKET,0,0,0.4666666666666667
INTC,2025-09-08,0000050863-25-000147,-0.0052862644597848,2025,TREE A - COMPACT MARKET,0,0,0.4888888888888889
TSLA,2025-09-08,0001104659-25-087862,-0.017533273736493,2025,TREE A - COMPACT MARKET,0,0,0.2
INTC,2025-09-09,0000050863-25-000149,-0.0044672677338561,2025,TREE A - COMPACT MARKET,0,0,0.4888888888888889
AVGO,2025-09-10,0001193125-25-199281,0.097394459658594,2025,TREE A - COMPACT MARKET,1,0,0.3793103448275862
AVGO,2025-09-11,0001193125-25-200108,-0.0327163826339845,2025,TREE A - COMPACT MARKET,0,0,0.09090909090909091
ADBE,2025-09-12,0000796343-25-000102,-0.0078118643336309,2025,TREE A - COMPACT MARKET,0,0,0.3793103448275862
INTC,2025-09-15,0000050863-25-000153,0.0200975344640188,2025,TREE A - COMPACT MARKET,1,0,0.4888888888888889
INTC,2025-09-19,0000050863-25-000155,-0.0391540449480576,2025,TREE A - COMPACT MARKET,0,0,0.09090909090909091
AVGO,2025-09-30,0001193125-25-223202,0.0033906219439023,2025,TREE A - COMPACT MARKET,1,0,0.4888888888888889
INTC,2025-09-30,0000050863-25-000159,-0.0297114035864664,2025,TREE A - COMPACT MARKET,0,0,0.4666666666666667
MSFT,2025-10-01,0001193125-25-225125,-0.0013989708651802,2025,TREE A - COMPACT MARKET,0,0,0.3793103448275862
TSLA,2025-10-02,0001628280-25-043530,-0.0551709425757636,2025,TREE A - COMPACT MARKET,0,0,0.4666666666666667
AMD,2025-10-06,0001193125-25-230895,0.229570120988193,2025,TREE A - COMPACT MARKET,1,0,0.11538461538461539
NFLX,2025-10-22,0001065280-25-000404,-0.0910467302021142,2025,TREE A - COMPACT MARKET,0,0,0.3793103448275862
TSLA,2025-10-23,0001628280-25-045861,0.0143969935936225,2025,TREE A - COMPACT MARKET,1,0,0.4888888888888889
INTC,2025-10-24,0000050863-25-000169,-0.0075336544934081,2025,TREE A - COMPACT MARKET,0,0,0.4888888888888889
AMD,2025-10-27,0001193125-25-250803,0.0088791182612346,2025,TREE A - COMPACT MARKET,1,0,0.5
GOOGL,2025-10-30,0001652044-25-000087,0.0404553064820906,2025,TREE A - COMPACT MARKET,1,0,0.09090909090909091
META,2025-10-30,0001628280-25-047114,-0.0980589883325543,2025,TREE A - COMPACT MARKET,0,0,0.3793103448275862
MSFT,2025-10-30,0001193125-25-256310,-0.0138683761493496,2025,TREE A - COMPACT MARKET,0,1,0.8461538461538461
AAPL,2025-10-31,0000320193-25-000077,-0.0086190908457217,2025,TREE A - COMPACT MARKET,0,1,0.8461538461538461
AMZN,2025-10-31,0001018724-25-000121,0.0910209928407341,2025,TREE A - COMPACT MARKET,1,1,0.5333333333333333
NFLX,2025-10-31,0001065280-25-000407,0.0225957165317289,2025,TREE A - COMPACT MARKET,1,0,0.4888888888888889
META,2025-11-04,0001193125-25-262593,0.0040052461336197,2025,TREE A - COMPACT MARKET,1,0,0.11538461538461539
AMD,2025-11-05,0000002488-25-000163,0.0186069615352764,2025,TREE A - COMPACT MARKET,1,0,0.4888888888888889
NFLX,2025-11-05,0001065280-25-000408,-0.0014757151073041,2025,TREE A - COMPACT MARKET,0,0,0.4888888888888889
QCOM,2025-11-06,0000804328-25-000084,-0.0176512917249331,2025,TREE A - COMPACT MARKET,0,0,0.375
GOOGL,2025-11-07,0001193125-25-269979,-0.0176350096258526,2025,TREE A - COMPACT MARKET,0,0,0.4666666666666667
TSLA,2025-11-10,0001104659-25-108507,0.0144515590875045,2025,TREE A - COMPACT MARKET,1,0,0.4888888888888889
INTC,2025-11-13,0000050863-25-000194,-0.0318405737186725,2025,TREE A - COMPACT MARKET,0,0,0.4888888888888889
NFLX,2025-11-17,0001065280-25-000450,0.0002054033846309,2025,TREE A - COMPACT MARKET,1,0,0.11538461538461539
NVDA,2025-11-20,0001045810-25-000228,-0.0078528975617969,2025,TREE A - COMPACT MARKET,0,0,0.4888888888888889
AMZN,2025-11-21,0001104659-25-114647,0.0088361750757295,2025,TREE A - COMPACT MARKET,1,1,0.55
NFLX,2025-12-05,0001193125-25-308651,-0.0329477561125077,2025,TREE A - COMPACT MARKET,0,0,0.4888888888888889
AAPL,2025-12-08,0001140361-25-044561,-0.0012741476869497,2025,TREE A - COMPACT MARKET,0,0,0.4888888888888889
MSFT,2025-12-09,0001193125-25-311196,0.0008032674339999,2025,TREE A - COMPACT MARKET,1,0,0.4888888888888889
ADBE,2025-12-11,0000796343-25-000135,0.0245091460598039,2025,TREE A - COMPACT MARKET,1,0,0.3793103448275862
QCOM,2025-12-11,0000804328-25-000096,-0.0019244703155916,2025,TREE A - COMPACT MARKET,0,0,0.3793103448275862
AVGO,2025-12-12,0001730168-25-000116,-0.0951618579528871,2025,TREE A - COMPACT MARKET,0,0,0.3793103448275862
META,2025-12-15,0001628280-25-056768,0.010930663174681,2025,TREE A - COMPACT MARKET,1,0,0.375
AMD,2025-12-16,0000002488-25-000182,0.0056778767854142,2025,TREE A - COMPACT MARKET,1,0,0.4888888888888889
QCOM,2025-12-17,0000804328-25-000098,-0.002925698287378,2025,TREE A - COMPACT MARKET,0,1,0.5333333333333333
META,2025-12-22,0001628280-25-058337,-0.0006495058100002,2025,TREE A - COMPACT MARKET,0,0,0.3793103448275862
NFLX,2025-12-22,0001193125-25-327462,-0.0170829252514201,2025,TREE A - COMPACT MARKET,0,0,0.4888888888888889
INTC,2025-12-29,0000050863-25-000204,0.0181002407565633,2025,TREE A - COMPACT MARKET,1,0,0.4888888888888889
TSLA,2025-01-02,0001628280-25-000007,-0.0588601436660173,2025,TREE B - COMPACT + SEC,0,1,0.55
AAPL,2025-01-06,0001140361-25-000228,-0.0047540378227144,2025,TREE B - COMPACT + SEC,0,0,0.4888888888888889
META,2025-01-07,0001326801-25-000005,-0.0016892091507633,2025,TREE B - COMPACT + SEC,0,0,0.3793103448275862
AVGO,2025-01-13,0001193125-25-004476,0.0075826962484965,2025,TREE B - COMPACT + SEC,1,0,0.4888888888888889
AVGO,2025-01-14,0001193125-25-005318,-0.0016694149650476,2025,TREE B - COMPACT + SEC,0,0,0.4888888888888889
ADBE,2025-01-21,0001193125-25-008409,0.0089492434486455,2025,TREE B - COMPACT + SEC,1,0,0.4888888888888889
NVDA,2025-01-21,0001045810-25-000007,0.0167913299142159,2025,TREE B - COMPACT + SEC,1,0,0.4888888888888889
NFLX,2025-01-22,0001065280-25-000033,0.0841577842080263,2025,TREE B - COMPACT + SEC,1,0,0.4888888888888889
MSFT,2025-01-23,0001193125-25-010492,-0.0009831865408345,2025,TREE B - COMPACT + SEC,0,0,0.3793103448275862
META,2025-01-30,0001326801-25-000014,0.0112738581852596,2025,TREE B - COMPACT + SEC,1,0,0.4666666666666667
MSFT,2025-01-30,0000950170-25-010484,-0.0660713284405873,2025,TREE B - COMPACT + SEC,0,0,0.375
TSLA,2025-01-30,0001628280-25-002993,0.0244707278025142,2025,TREE B - COMPACT + SEC,1,0,0.4888888888888889
AAPL,2025-01-31,0000320193-25-000007,-0.0052391330061739,2025,TREE B - COMPACT + SEC,0,0,0.4888888888888889
ADBE,2025-01-31,0000796343-25-000036,-0.0177173394587626,2025,TREE B - COMPACT + SEC,0,0,0.2
INTC,2025-01-31,0000050863-25-000004,-0.0275324663433832,2025,TREE B - COMPACT + SEC,0,0,0.4888888888888889
AMD,2025-02-05,0000002488-25-000009,-0.0672156317243187,2025,TREE B - COMPACT + SEC,0,0,0.3793103448275862
GOOGL,2025-02-05,0001652044-25-000010,-0.0774615030031682,2025,TREE B - COMPACT + SEC,0,0,0.3793103448275862
QCOM,2025-02-06,0000804328-25-000010,-0.0424084291589017,2025,TREE B - COMPACT + SEC,0,0,0.2
AMZN,2025-02-07,0001018724-25-000002,-0.0279174699324333,2025,TREE B - COMPACT + SEC,0,0,0.4888888888888889
META,2025-02-21,0001326801-25-000021,0.0045063605523029,2025,TREE B - COMPACT + SEC,1,0,0.4888888888888889
AMD,2025-02-25,0000002488-25-000026,-0.0257875575012072,2025,TREE B - COMPACT + SEC,0,1,0.8
AAPL,2025-02-26,0001140361-25-005876,-0.0294557814887705,2025,TREE B - COMPACT + SEC,0,0,0.2
NVDA,2025-02-27,0001045810-25-000021,-0.0570091876091523,2025,TREE B - COMPACT + SEC,0,1,0.5333333333333333
INTC,2025-03-03,0000050863-25-000024,-0.0198368594363603,2025,TREE B - COMPACT + SEC,0,0,0.375
AVGO,2025-03-07,0001730168-25-000009,0.0790774784362973,2025,TREE B - COMPACT + SEC,1,0,0.4888888888888889
NVDA,2025-03-10,0001045810-25-000039,-0.0119137100780268,2025,TREE B - COMPACT + SEC,0,0,0.4888888888888889
AMD,2025-03-12,0001193125-25-052173,0.0303685850006325,2025,TREE B - COMPACT + SEC,1,0,0.4888888888888889
ADBE,2025-03-13,0000796343-25-000052,-0.1205412608085477,2025,TREE B - COMPACT + SEC,0,0,0.4888888888888889
INTC,2025-03-17,0000050863-25-000036,0.0617075905042487,2025,TREE B - COMPACT + SEC,1,0,0.3793103448275862
GOOGL,2025-03-18,0001652044-25-000027,-0.0049867632368514,2025,TREE B - COMPACT + SEC,0,0,0.4888888888888889
QCOM,2025-03-21,0000804328-25-000018,-0.0104509259571374,2025,TREE B - COMPACT + SEC,0,0,0.4888888888888889
AMD,2025-03-25,0001193125-25-061366,0.002725615769713,2025,TREE B - COMPACT + SEC,1,0,0.3793103448275862
INTC,2025-03-28,0000050863-25-000060,-0.0121990495902265,2025,TREE B - COMPACT + SEC,0,0,0.4888888888888889
AMD,2025-03-31,0001193125-25-067902,-0.004607611090768,2025,TREE B - COMPACT + SEC,0,0,0.375
TSLA,2025-04-02,0001628280-25-016070,0.0459683221304736,2025,TREE B - COMPACT + SEC,1,0,0.375
AMZN,2025-04-10,0001104659-25-033450,-0.0091684982251557,2025,TREE B - COMPACT + SEC,0,1,0.8181818181818182
INTC,2025-04-14,0001193125-25-079727,0.0220972647630925,2025,TREE B - COMPACT + SEC,1,0,0.4888888888888889
META,2025-04-14,0001326801-25-000027,-0.0290200944382612,2025,TREE B - COMPACT + SEC,0,0,0.4888888888888889
AMD,2025-04-16,0000002488-25-000039,-0.0433064565689217,2025,TREE B - COMPACT + SEC,0,0,0.4888888888888889
NVDA,2025-04-16,0001045810-25-000082,-0.0385630135262662,2025,TREE B - COMPACT + SEC,0,0,0.3793103448275862
GOOGL,2025-04-21,0001652044-25-000033,0.0016587433386546,2025,TREE B - COMPACT + SEC,1,0,0.4888888888888889
INTC,2025-04-21,0000050863-25-000063,0.0199923705911453,2025,TREE B - COMPACT + SEC,1,0,0.4888888888888889
NFLX,2025-04-21,0001065280-25-000175,0.0400391628791936,2025,TREE B - COMPACT + SEC,1,1,1.0
AVGO,2025-04-23,0001730168-25-000037,0.0205463669862371,2025,TREE B - COMPACT + SEC,1,0,0.375
TSLA,2025-04-23,0001628280-25-018851,0.0309841644011779,2025,TREE B - COMPACT + SEC,1,0,0.4888888888888889
ADBE,2025-04-25,0001628280-25-019665,0.0077209612752138,2025,TREE B - COMPACT + SEC,1,0,0.3793103448275862
GOOGL,2025-04-25,0001652044-25-000040,0.0056778994371551,2025,TREE B - COMPACT + SEC,1,0,0.3793103448275862
INTC,2025-04-25,0000050863-25-000070,-0.0781559380933336,2025,TREE B - COMPACT + SEC,0,1,1.0
INTC,2025-04-30,0000050863-25-000079,-0.0116731889060959,2025,TREE B - COMPACT + SEC,0,0,0.4888888888888889
META,2025-05-01,0001326801-25-000050,0.0292160933553613,2025,TREE B - COMPACT + SEC,1,0,0.3793103448275862
MSFT,2025-05-01,0000950170-25-061032,0.0631928153940433,2025,TREE B - COMPACT + SEC,1,0,0.3793103448275862
QCOM,2025-05-01,0000804328-25-000029,-0.1023103583957897,2025,TREE B - COMPACT + SEC,0,0,0.3793103448275862
AAPL,2025-05-02,0000320193-25-000055,-0.052205690118386,2025,TREE B - COMPACT + SEC,0,0,0.2
AMZN,2025-05-02,0001018724-25-000034,-0.0160005867274706,2025,TREE B - COMPACT + SEC,0,0,0.3793103448275862
GOOGL,2025-05-02,0001193125-25-110020,0.0020810221935769,2025,TREE B - COMPACT + SEC,1,0,0.2
AMD,2025-05-07,0000002488-25-000045,0.0137175882183342,2025,TREE B - COMPACT + SEC,1,0,0.2
GOOGL,2025-05-07,0001193125-25-113864,-0.0765227223990804,2025,TREE B - COMPACT + SEC,0,0,0.3793103448275862
INTC,2025-05-12,0000050863-25-000084,-0.0052593287332221,2025,TREE B - COMPACT + SEC,0,0,0.2
AAPL,2025-05-13,0001140361-25-018400,-0.00508862121946,2025,TREE B - COMPACT + SEC,0,0,0.3793103448275862
QCOM,2025-05-14,0000804328-25-000034,0.0048435801702395,2025,TREE B - COMPACT + SEC,1,0,0.3793103448275862
TSLA,2025-05-16,0001628280-25-026148,0.0165331778425057,2025,TREE B - COMPACT + SEC,1,1,0.8461538461538461
AMD,2025-05-19,0000002488-25-000064,-0.0216977849193453,2025,TREE B - COMPACT + SEC,0,1,0.8461538461538461
AMD,2025-05-19,0001193125-25-122121,-0.0216977849193453,2025,TREE B - COMPACT + SEC,0,1,0.8461538461538461
TSLA,2025-05-19,0001104659-25-050072,-0.0235028714793165,2025,TREE B - COMPACT + SEC,0,1,0.8461538461538461
AMZN,2025-05-23,0001104659-25-052014,-0.0011282693545375,2025,TREE B - COMPACT + SEC,0,1,0.8181818181818182
QCOM,2025-05-23,0001104659-25-051981,-0.004242624719401,2025,TREE B - COMPACT + SEC,0,0,0.4888888888888889
NVDA,2025-05-29,0001045810-25-000115,0.0305243886578203,2025,TREE B - COMPACT + SEC,1,1,0.8181818181818182
META,2025-06-02,0001326801-25-000090,0.0282568199240662,2025,TREE B - COMPACT + SEC,1,0,0.2
AVGO,2025-06-06,0001730168-25-000061,-0.0597886684685325,2025,TREE B - COMPACT + SEC,0,0,0.4666666666666667
NFLX,2025-06-09,0001065280-25-000286,-0.0151736835098013,2025,TREE B - COMPACT + SEC,0,0,0.4888888888888889
QCOM,2025-06-10,0001104659-25-057814,0.0173228379656831,2025,TREE B - COMPACT + SEC,1,0,0.3793103448275862
ADBE,2025-06-13,0000796343-25-000064,-0.0406266323413929,2025,TREE B - COMPACT + SEC,0,0,0.4888888888888889
GOOGL,2025-06-13,0001193125-25-139948,0.0066923114918399,2025,TREE B - COMPACT + SEC,1,0,0.3793103448275862
NFLX,2025-06-25,0001065280-25-000287,-0.0055741566587045,2025,TREE B - COMPACT + SEC,0,0,0.4888888888888889
NVDA,2025-07-01,0001045810-25-000179,-0.0212560583907467,2025,TREE B - COMPACT + SEC,0,1,0.8461538461538461
MSFT,2025-07-02,0001193125-25-154103,-0.0089162965547048,2025,TREE B - COMPACT + SEC,0,0,0.4888888888888889
TSLA,2025-07-02,0001628280-25-033842,0.04271712961961,2025,TREE B - COMPACT + SEC,1,0,0.4888888888888889
AMD,2025-07-03,0000002488-25-000099,-0.0142439730970502,2025,TREE B - COMPACT + SEC,0,1,0.875
AAPL,2025-07-09,0001140361-25-025275,-0.0016980836539071,2025,TREE B - COMPACT + SEC,0,0,0.2
TSLA,2025-07-10,0001628280-25-034692,0.0487208091247157,2025,TREE B - COMPACT + SEC,1,0,0.4888888888888889
AVGO,2025-07-14,0001193125-25-158202,0.0008195192080375,2025,TREE B - COMPACT + SEC,1,0,0.4888888888888889
NFLX,2025-07-18,0001065280-25-000322,-0.0499975415177276,2025,TREE B - COMPACT + SEC,0,0,0.4888888888888889
GOOGL,2025-07-21,0001193125-25-161225,0.0220496510900962,2025,TREE B - COMPACT + SEC,1,0,0.2
GOOGL,2025-07-24,0001652044-25-000056,0.0080696345424389,2025,TREE B - COMPACT + SEC,1,0,0.4666666666666667
TSLA,2025-07-24,0001628280-25-035738,-0.0840987337873635,2025,TREE B - COMPACT + SEC,0,0,0.4888888888888889
INTC,2025-07-25,0000050863-25-000107,-0.0876919415165468,2025,TREE B - COMPACT + SEC,0,0,0.11538461538461539
AAPL,2025-07-28,0001140361-25-027340,-0.0023302200023396,2025,TREE B - COMPACT + SEC,0,0,0.4888888888888889
META,2025-07-31,0001628280-25-036719,0.117826296679073,2025,TREE B - COMPACT + SEC,1,1,0.8
MSFT,2025-07-31,0000950170-25-100226,0.0447737908924121,2025,TREE B - COMPACT + SEC,1,0,0.4888888888888889
QCOM,2025-07-31,0000804328-25-000044,-0.0720300008780704,2025,TREE B - COMPACT + SEC,0,0,0.11538461538461539
AAPL,2025-08-01,0000320193-25-000071,-0.0053047361680511,2025,TREE B - COMPACT + SEC,0,0,0.4888888888888889
AMZN,2025-08-01,0001018724-25-000084,-0.0629972838598512,2025,TREE B - COMPACT + SEC,0,0,0.4888888888888889
TSLA,2025-08-04,0001104659-25-073263,0.0034562938188973,2025,TREE B - COMPACT + SEC,1,0,0.4888888888888889
AMD,2025-08-06,0000002488-25-000106,-0.0767792551159853,2025,TREE B - COMPACT + SEC,0,0,0.4888888888888889
NVDA,2025-08-06,0001045810-25-000197,-0.0060758878424844,2025,TREE B - COMPACT + SEC,0,0,0.4888888888888889
INTC,2025-08-15,0000050863-25-000123,0.0337351462987751,2025,TREE B - COMPACT + SEC,1,0,0.3793103448275862
INTC,2025-08-22,0000050863-25-000126,0.0398916783123206,2025,TREE B - COMPACT + SEC,1,0,0.375
INTC,2025-08-25,0000050863-25-000129,-0.0071958813129945,2025,TREE B - COMPACT + SEC,0,1,0.8181818181818182
AMD,2025-08-26,0000002488-25-000147,0.015940550980585,2025,TREE B - COMPACT + SEC,1,0,0.4888888888888889
QCOM,2025-08-26,0000804328-25-000049,0.0135655495515913,2025,TREE B - COMPACT + SEC,1,0,0.375
NVDA,2025-08-28,0001045810-25-000207,-0.0141343969152345,2025,TREE B - COMPACT + SEC,0,0,0.4888888888888889
INTC,2025-09-02,0000050863-25-000135,0.0026305286407352,2025,TREE B - COMPACT + SEC,1,0,0.375
QCOM,2025-09-03,0000804328-25-000054,-0.0173144988752298,2025,TREE B - COMPACT + SEC,0,0,0.2
GOOGL,2025-09-04,0001652044-25-000067,-0.0019414418568022,2025,TREE B - COMPACT + SEC,0,0,0.09090909090909091
AVGO,2025-09-05,0001730168-25-000094,0.0926115240134093,2025,TREE B - COMPACT + SEC,1,0,0.4888888888888889
GOOGL,2025-09-08,0001652044-25-000074,-0.0080723979042452,2025,TREE B - COMPACT + SEC,0,0,0.4666666666666667
INTC,2025-09-08,0000050863-25-000147,-0.0052862644597848,2025,TREE B - COMPACT + SEC,0,0,0.4888888888888889
TSLA,2025-09-08,0001104659-25-087862,-0.017533273736493,2025,TREE B - COMPACT + SEC,0,0,0.2
INTC,2025-09-09,0000050863-25-000149,-0.0044672677338561,2025,TREE B - COMPACT + SEC,0,0,0.4888888888888889
AVGO,2025-09-10,0001193125-25-199281,0.097394459658594,2025,TREE B - COMPACT + SEC,1,0,0.3793103448275862
AVGO,2025-09-11,0001193125-25-200108,-0.0327163826339845,2025,TREE B - COMPACT + SEC,0,0,0.09090909090909091
ADBE,2025-09-12,0000796343-25-000102,-0.0078118643336309,2025,TREE B - COMPACT + SEC,0,0,0.3793103448275862
INTC,2025-09-15,0000050863-25-000153,0.0200975344640188,2025,TREE B - COMPACT + SEC,1,0,0.4888888888888889
INTC,2025-09-19,0000050863-25-000155,-0.0391540449480576,2025,TREE B - COMPACT + SEC,0,0,0.09090909090909091
AVGO,2025-09-30,0001193125-25-223202,0.0033906219439023,2025,TREE B - COMPACT + SEC,1,0,0.4888888888888889
INTC,2025-09-30,0000050863-25-000159,-0.0297114035864664,2025,TREE B - COMPACT + SEC,0,0,0.4666666666666667
MSFT,2025-10-01,0001193125-25-225125,-0.0013989708651802,2025,TREE B - COMPACT + SEC,0,0,0.3793103448275862
TSLA,2025-10-02,0001628280-25-043530,-0.0551709425757636,2025,TREE B - COMPACT + SEC,0,0,0.4666666666666667
AMD,2025-10-06,0001193125-25-230895,0.229570120988193,2025,TREE B - COMPACT + SEC,1,0,0.11538461538461539
NFLX,2025-10-22,0001065280-25-000404,-0.0910467302021142,2025,TREE B - COMPACT + SEC,0,0,0.3793103448275862
TSLA,2025-10-23,0001628280-25-045861,0.0143969935936225,2025,TREE B - COMPACT + SEC,1,0,0.4888888888888889
INTC,2025-10-24,0000050863-25-000169,-0.0075336544934081,2025,TREE B - COMPACT + SEC,0,0,0.4888888888888889
AMD,2025-10-27,0001193125-25-250803,0.0088791182612346,2025,TREE B - COMPACT + SEC,1,0,0.5
GOOGL,2025-10-30,0001652044-25-000087,0.0404553064820906,2025,TREE B - COMPACT + SEC,1,0,0.09090909090909091
META,2025-10-30,0001628280-25-047114,-0.0980589883325543,2025,TREE B - COMPACT + SEC,0,0,0.3793103448275862
MSFT,2025-10-30,0001193125-25-256310,-0.0138683761493496,2025,TREE B - COMPACT + SEC,0,1,0.8461538461538461
AAPL,2025-10-31,0000320193-25-000077,-0.0086190908457217,2025,TREE B - COMPACT + SEC,0,1,0.8461538461538461
AMZN,2025-10-31,0001018724-25-000121,0.0910209928407341,2025,TREE B - COMPACT + SEC,1,1,0.5333333333333333
NFLX,2025-10-31,0001065280-25-000407,0.0225957165317289,2025,TREE B - COMPACT + SEC,1,0,0.4888888888888889
META,2025-11-04,0001193125-25-262593,0.0040052461336197,2025,TREE B - COMPACT + SEC,1,0,0.11538461538461539
AMD,2025-11-05,0000002488-25-000163,0.0186069615352764,2025,TREE B - COMPACT + SEC,1,0,0.4888888888888889
NFLX,2025-11-05,0001065280-25-000408,-0.0014757151073041,2025,TREE B - COMPACT + SEC,0,0,0.4888888888888889
QCOM,2025-11-06,0000804328-25-000084,-0.0176512917249331,2025,TREE B - COMPACT + SEC,0,0,0.375
GOOGL,2025-11-07,0001193125-25-269979,-0.0176350096258526,2025,TREE B - COMPACT + SEC,0,0,0.4666666666666667
TSLA,2025-11-10,0001104659-25-108507,0.0144515590875045,2025,TREE B - COMPACT + SEC,1,0,0.4888888888888889
INTC,2025-11-13,0000050863-25-000194,-0.0318405737186725,2025,TREE B - COMPACT + SEC,0,0,0.4888888888888889
NFLX,2025-11-17,0001065280-25-000450,0.0002054033846309,2025,TREE B - COMPACT + SEC,1,0,0.11538461538461539
NVDA,2025-11-20,0001045810-25-000228,-0.0078528975617969,2025,TREE B - COMPACT + SEC,0,0,0.4888888888888889
AMZN,2025-11-21,0001104659-25-114647,0.0088361750757295,2025,TREE B - COMPACT + SEC,1,1,0.55
NFLX,2025-12-05,0001193125-25-308651,-0.0329477561125077,2025,TREE B - COMPACT + SEC,0,0,0.4888888888888889
AAPL,2025-12-08,0001140361-25-044561,-0.0012741476869497,2025,TREE B - COMPACT + SEC,0,0,0.4888888888888889
MSFT,2025-12-09,0001193125-25-311196,0.0008032674339999,2025,TREE B - COMPACT + SEC,1,0,0.4888888888888889
ADBE,2025-12-11,0000796343-25-000135,0.0245091460598039,2025,TREE B - COMPACT + SEC,1,0,0.3793103448275862
QCOM,2025-12-11,0000804328-25-000096,-0.0019244703155916,2025,TREE B - COMPACT + SEC,0,0,0.3793103448275862
AVGO,2025-12-12,0001730168-25-000116,-0.0951618579528871,2025,TREE B - COMPACT + SEC,0,0,0.3793103448275862
META,2025-12-15,0001628280-25-056768,0.010930663174681,2025,TREE B - COMPACT + SEC,1,0,0.375
AMD,2025-12-16,0000002488-25-000182,0.0056778767854142,2025,TREE B - COMPACT + SEC,1,0,0.4888888888888889
QCOM,2025-12-17,0000804328-25-000098,-0.002925698287378,2025,TREE B - COMPACT + SEC,0,1,0.5333333333333333
META,2025-12-22,0001628280-25-058337,-0.0006495058100002,2025,TREE B - COMPACT + SEC,0,0,0.3793103448275862
NFLX,2025-12-22,0001193125-25-327462,-0.0170829252514201,2025,TREE B - COMPACT + SEC,0,0,0.4888888888888889
INTC,2025-12-29,0000050863-25-000204,0.0181002407565633,2025,TREE B - COMPACT + SEC,1,0,0.4888888888888889
TSLA,2025-01-02,0001628280-25-000007,-0.0588601436660173,2025,TREE C - COMPACT + SEC + FINBERT,0,1,0.55
AAPL,2025-01-06,0001140361-25-000228,-0.0047540378227144,2025,TREE C - COMPACT + SEC + FINBERT,0,0,0.4888888888888889
META,2025-01-07,0001326801-25-000005,-0.0016892091507633,2025,TREE C - COMPACT + SEC + FINBERT,0,0,0.35172413793103446
AVGO,2025-01-13,0001193125-25-004476,0.0075826962484965,2025,TREE C - COMPACT + SEC + FINBERT,1,0,0.4888888888888889
AVGO,2025-01-14,0001193125-25-005318,-0.0016694149650476,2025,TREE C - COMPACT + SEC + FINBERT,0,0,0.4888888888888889
ADBE,2025-01-21,0001193125-25-008409,0.0089492434486455,2025,TREE C - COMPACT + SEC + FINBERT,1,0,0.4888888888888889
NVDA,2025-01-21,0001045810-25-000007,0.0167913299142159,2025,TREE C - COMPACT + SEC + FINBERT,1,0,0.4888888888888889
NFLX,2025-01-22,0001065280-25-000033,0.0841577842080263,2025,TREE C - COMPACT + SEC + FINBERT,1,0,0.4888888888888889
MSFT,2025-01-23,0001193125-25-010492,-0.0009831865408345,2025,TREE C - COMPACT + SEC + FINBERT,0,0,0.35172413793103446
META,2025-01-30,0001326801-25-000014,0.0112738581852596,2025,TREE C - COMPACT + SEC + FINBERT,1,0,0.47058823529411764
MSFT,2025-01-30,0000950170-25-010484,-0.0660713284405873,2025,TREE C - COMPACT + SEC + FINBERT,0,0,0.35172413793103446
TSLA,2025-01-30,0001628280-25-002993,0.0244707278025142,2025,TREE C - COMPACT + SEC + FINBERT,1,0,0.4888888888888889
AAPL,2025-01-31,0000320193-25-000007,-0.0052391330061739,2025,TREE C - COMPACT + SEC + FINBERT,0,0,0.4888888888888889
ADBE,2025-01-31,0000796343-25-000036,-0.0177173394587626,2025,TREE C - COMPACT + SEC + FINBERT,0,0,0.35172413793103446
INTC,2025-01-31,0000050863-25-000004,-0.0275324663433832,2025,TREE C - COMPACT + SEC + FINBERT,0,0,0.4888888888888889
AMD,2025-02-05,0000002488-25-000009,-0.0672156317243187,2025,TREE C - COMPACT + SEC + FINBERT,0,0,0.35172413793103446
GOOGL,2025-02-05,0001652044-25-000010,-0.0774615030031682,2025,TREE C - COMPACT + SEC + FINBERT,0,0,0.35172413793103446
QCOM,2025-02-06,0000804328-25-000010,-0.0424084291589017,2025,TREE C - COMPACT + SEC + FINBERT,0,0,0.35172413793103446
AMZN,2025-02-07,0001018724-25-000002,-0.0279174699324333,2025,TREE C - COMPACT + SEC + FINBERT,0,0,0.4888888888888889
META,2025-02-21,0001326801-25-000021,0.0045063605523029,2025,TREE C - COMPACT + SEC + FINBERT,1,0,0.4888888888888889
AMD,2025-02-25,0000002488-25-000026,-0.0257875575012072,2025,TREE C - COMPACT + SEC + FINBERT,0,1,0.8
AAPL,2025-02-26,0001140361-25-005876,-0.0294557814887705,2025,TREE C - COMPACT + SEC + FINBERT,0,0,0.35172413793103446
NVDA,2025-02-27,0001045810-25-000021,-0.0570091876091523,2025,TREE C - COMPACT + SEC + FINBERT,0,1,0.5333333333333333
INTC,2025-03-03,0000050863-25-000024,-0.0198368594363603,2025,TREE C - COMPACT + SEC + FINBERT,0,0,0.35172413793103446
AVGO,2025-03-07,0001730168-25-000009,0.0790774784362973,2025,TREE C - COMPACT + SEC + FINBERT,1,0,0.4888888888888889
NVDA,2025-03-10,0001045810-25-000039,-0.0119137100780268,2025,TREE C - COMPACT + SEC + FINBERT,0,0,0.4888888888888889
AMD,2025-03-12,0001193125-25-052173,0.0303685850006325,2025,TREE C - COMPACT + SEC + FINBERT,1,0,0.4888888888888889
ADBE,2025-03-13,0000796343-25-000052,-0.1205412608085477,2025,TREE C - COMPACT + SEC + FINBERT,0,0,0.4888888888888889
INTC,2025-03-17,0000050863-25-000036,0.0617075905042487,2025,TREE C - COMPACT + SEC + FINBERT,1,0,0.35172413793103446
GOOGL,2025-03-18,0001652044-25-000027,-0.0049867632368514,2025,TREE C - COMPACT + SEC + FINBERT,0,0,0.4888888888888889
QCOM,2025-03-21,0000804328-25-000018,-0.0104509259571374,2025,TREE C - COMPACT + SEC + FINBERT,0,0,0.4888888888888889
AMD,2025-03-25,0001193125-25-061366,0.002725615769713,2025,TREE C - COMPACT + SEC + FINBERT,1,0,0.25
INTC,2025-03-28,0000050863-25-000060,-0.0121990495902265,2025,TREE C - COMPACT + SEC + FINBERT,0,0,0.4888888888888889
AMD,2025-03-31,0001193125-25-067902,-0.004607611090768,2025,TREE C - COMPACT + SEC + FINBERT,0,1,0.7272727272727273
TSLA,2025-04-02,0001628280-25-016070,0.0459683221304736,2025,TREE C - COMPACT + SEC + FINBERT,1,0,0.35172413793103446
AMZN,2025-04-10,0001104659-25-033450,-0.0091684982251557,2025,TREE C - COMPACT + SEC + FINBERT,0,0,0.35172413793103446
INTC,2025-04-14,0001193125-25-079727,0.0220972647630925,2025,TREE C - COMPACT + SEC + FINBERT,1,0,0.4888888888888889
META,2025-04-14,0001326801-25-000027,-0.0290200944382612,2025,TREE C - COMPACT + SEC + FINBERT,0,0,0.4888888888888889
AMD,2025-04-16,0000002488-25-000039,-0.0433064565689217,2025,TREE C - COMPACT + SEC + FINBERT,0,0,0.4888888888888889
NVDA,2025-04-16,0001045810-25-000082,-0.0385630135262662,2025,TREE C - COMPACT + SEC + FINBERT,0,0,0.0
GOOGL,2025-04-21,0001652044-25-000033,0.0016587433386546,2025,TREE C - COMPACT + SEC + FINBERT,1,0,0.4888888888888889
INTC,2025-04-21,0000050863-25-000063,0.0199923705911453,2025,TREE C - COMPACT + SEC + FINBERT,1,0,0.4888888888888889
NFLX,2025-04-21,0001065280-25-000175,0.0400391628791936,2025,TREE C - COMPACT + SEC + FINBERT,1,1,1.0
AVGO,2025-04-23,0001730168-25-000037,0.0205463669862371,2025,TREE C - COMPACT + SEC + FINBERT,1,1,0.7272727272727273
TSLA,2025-04-23,0001628280-25-018851,0.0309841644011779,2025,TREE C - COMPACT + SEC + FINBERT,1,0,0.4888888888888889
ADBE,2025-04-25,0001628280-25-019665,0.0077209612752138,2025,TREE C - COMPACT + SEC + FINBERT,1,1,0.7272727272727273
GOOGL,2025-04-25,0001652044-25-000040,0.0056778994371551,2025,TREE C - COMPACT + SEC + FINBERT,1,0,0.35172413793103446
INTC,2025-04-25,0000050863-25-000070,-0.0781559380933336,2025,TREE C - COMPACT + SEC + FINBERT,0,1,1.0
INTC,2025-04-30,0000050863-25-000079,-0.0116731889060959,2025,TREE C - COMPACT + SEC + FINBERT,0,0,0.4888888888888889
META,2025-05-01,0001326801-25-000050,0.0292160933553613,2025,TREE C - COMPACT + SEC + FINBERT,1,0,0.35172413793103446
MSFT,2025-05-01,0000950170-25-061032,0.0631928153940433,2025,TREE C - COMPACT + SEC + FINBERT,1,0,0.35172413793103446
QCOM,2025-05-01,0000804328-25-000029,-0.1023103583957897,2025,TREE C - COMPACT + SEC + FINBERT,0,0,0.35172413793103446
AAPL,2025-05-02,0000320193-25-000055,-0.052205690118386,2025,TREE C - COMPACT + SEC + FINBERT,0,0,0.35172413793103446
AMZN,2025-05-02,0001018724-25-000034,-0.0160005867274706,2025,TREE C - COMPACT + SEC + FINBERT,0,0,0.35172413793103446
GOOGL,2025-05-02,0001193125-25-110020,0.0020810221935769,2025,TREE C - COMPACT + SEC + FINBERT,1,0,0.35172413793103446
AMD,2025-05-07,0000002488-25-000045,0.0137175882183342,2025,TREE C - COMPACT + SEC + FINBERT,1,0,0.35172413793103446
GOOGL,2025-05-07,0001193125-25-113864,-0.0765227223990804,2025,TREE C - COMPACT + SEC + FINBERT,0,0,0.35172413793103446
INTC,2025-05-12,0000050863-25-000084,-0.0052593287332221,2025,TREE C - COMPACT + SEC + FINBERT,0,0,0.35172413793103446
AAPL,2025-05-13,0001140361-25-018400,-0.00508862121946,2025,TREE C - COMPACT + SEC + FINBERT,0,0,0.35172413793103446
QCOM,2025-05-14,0000804328-25-000034,0.0048435801702395,2025,TREE C - COMPACT + SEC + FINBERT,1,0,0.35172413793103446
TSLA,2025-05-16,0001628280-25-026148,0.0165331778425057,2025,TREE C - COMPACT + SEC + FINBERT,1,1,0.875
AMD,2025-05-19,0000002488-25-000064,-0.0216977849193453,2025,TREE C - COMPACT + SEC + FINBERT,0,0,0.47058823529411764
AMD,2025-05-19,0001193125-25-122121,-0.0216977849193453,2025,TREE C - COMPACT + SEC + FINBERT,0,0,0.47058823529411764
TSLA,2025-05-19,0001104659-25-050072,-0.0235028714793165,2025,TREE C - COMPACT + SEC + FINBERT,0,1,0.875
AMZN,2025-05-23,0001104659-25-052014,-0.0011282693545375,2025,TREE C - COMPACT + SEC + FINBERT,0,0,0.0
QCOM,2025-05-23,0001104659-25-051981,-0.004242624719401,2025,TREE C - COMPACT + SEC + FINBERT,0,0,0.4888888888888889
NVDA,2025-05-29,0001045810-25-000115,0.0305243886578203,2025,TREE C - COMPACT + SEC + FINBERT,1,0,0.35172413793103446
META,2025-06-02,0001326801-25-000090,0.0282568199240662,2025,TREE C - COMPACT + SEC + FINBERT,1,0,0.35172413793103446
AVGO,2025-06-06,0001730168-25-000061,-0.0597886684685325,2025,TREE C - COMPACT + SEC + FINBERT,0,0,0.47058823529411764
NFLX,2025-06-09,0001065280-25-000286,-0.0151736835098013,2025,TREE C - COMPACT + SEC + FINBERT,0,0,0.4888888888888889
QCOM,2025-06-10,0001104659-25-057814,0.0173228379656831,2025,TREE C - COMPACT + SEC + FINBERT,1,0,0.35172413793103446
ADBE,2025-06-13,0000796343-25-000064,-0.0406266323413929,2025,TREE C - COMPACT + SEC + FINBERT,0,0,0.4888888888888889
GOOGL,2025-06-13,0001193125-25-139948,0.0066923114918399,2025,TREE C - COMPACT + SEC + FINBERT,1,0,0.35172413793103446
NFLX,2025-06-25,0001065280-25-000287,-0.0055741566587045,2025,TREE C - COMPACT + SEC + FINBERT,0,0,0.4888888888888889
NVDA,2025-07-01,0001045810-25-000179,-0.0212560583907467,2025,TREE C - COMPACT + SEC + FINBERT,0,1,0.875
MSFT,2025-07-02,0001193125-25-154103,-0.0089162965547048,2025,TREE C - COMPACT + SEC + FINBERT,0,0,0.4888888888888889
TSLA,2025-07-02,0001628280-25-033842,0.04271712961961,2025,TREE C - COMPACT + SEC + FINBERT,1,0,0.4888888888888889
AMD,2025-07-03,0000002488-25-000099,-0.0142439730970502,2025,TREE C - COMPACT + SEC + FINBERT,0,1,1.0
AAPL,2025-07-09,0001140361-25-025275,-0.0016980836539071,2025,TREE C - COMPACT + SEC + FINBERT,0,0,0.35172413793103446
TSLA,2025-07-10,0001628280-25-034692,0.0487208091247157,2025,TREE C - COMPACT + SEC + FINBERT,1,0,0.4888888888888889
AVGO,2025-07-14,0001193125-25-158202,0.0008195192080375,2025,TREE C - COMPACT + SEC + FINBERT,1,0,0.4888888888888889
NFLX,2025-07-18,0001065280-25-000322,-0.0499975415177276,2025,TREE C - COMPACT + SEC + FINBERT,0,0,0.4888888888888889
GOOGL,2025-07-21,0001193125-25-161225,0.0220496510900962,2025,TREE C - COMPACT + SEC + FINBERT,1,0,0.35172413793103446
GOOGL,2025-07-24,0001652044-25-000056,0.0080696345424389,2025,TREE C - COMPACT + SEC + FINBERT,1,0,0.47058823529411764
TSLA,2025-07-24,0001628280-25-035738,-0.0840987337873635,2025,TREE C - COMPACT + SEC + FINBERT,0,0,0.4888888888888889
INTC,2025-07-25,0000050863-25-000107,-0.0876919415165468,2025,TREE C - COMPACT + SEC + FINBERT,0,0,0.11538461538461539
AAPL,2025-07-28,0001140361-25-027340,-0.0023302200023396,2025,TREE C - COMPACT + SEC + FINBERT,0,0,0.4888888888888889
META,2025-07-31,0001628280-25-036719,0.117826296679073,2025,TREE C - COMPACT + SEC + FINBERT,1,1,0.8
MSFT,2025-07-31,0000950170-25-100226,0.0447737908924121,2025,TREE C - COMPACT + SEC + FINBERT,1,0,0.4888888888888889
QCOM,2025-07-31,0000804328-25-000044,-0.0720300008780704,2025,TREE C - COMPACT + SEC + FINBERT,0,0,0.11538461538461539
AAPL,2025-08-01,0000320193-25-000071,-0.0053047361680511,2025,TREE C - COMPACT + SEC + FINBERT,0,0,0.4888888888888889
AMZN,2025-08-01,0001018724-25-000084,-0.0629972838598512,2025,TREE C - COMPACT + SEC + FINBERT,0,0,0.4888888888888889
TSLA,2025-08-04,0001104659-25-073263,0.0034562938188973,2025,TREE C - COMPACT + SEC + FINBERT,1,0,0.4888888888888889
AMD,2025-08-06,0000002488-25-000106,-0.0767792551159853,2025,TREE C - COMPACT + SEC + FINBERT,0,0,0.4888888888888889
NVDA,2025-08-06,0001045810-25-000197,-0.0060758878424844,2025,TREE C - COMPACT + SEC + FINBERT,0,0,0.4888888888888889
INTC,2025-08-15,0000050863-25-000123,0.0337351462987751,2025,TREE C - COMPACT + SEC + FINBERT,1,0,0.25
INTC,2025-08-22,0000050863-25-000126,0.0398916783123206,2025,TREE C - COMPACT + SEC + FINBERT,1,0,0.35172413793103446
INTC,2025-08-25,0000050863-25-000129,-0.0071958813129945,2025,TREE C - COMPACT + SEC + FINBERT,0,0,0.35172413793103446
AMD,2025-08-26,0000002488-25-000147,0.015940550980585,2025,TREE C - COMPACT + SEC + FINBERT,1,0,0.4888888888888889
QCOM,2025-08-26,0000804328-25-000049,0.0135655495515913,2025,TREE C - COMPACT + SEC + FINBERT,1,0,0.35172413793103446
NVDA,2025-08-28,0001045810-25-000207,-0.0141343969152345,2025,TREE C - COMPACT + SEC + FINBERT,0,0,0.4888888888888889
INTC,2025-09-02,0000050863-25-000135,0.0026305286407352,2025,TREE C - COMPACT + SEC + FINBERT,1,0,0.35172413793103446
QCOM,2025-09-03,0000804328-25-000054,-0.0173144988752298,2025,TREE C - COMPACT + SEC + FINBERT,0,0,0.35172413793103446
GOOGL,2025-09-04,0001652044-25-000067,-0.0019414418568022,2025,TREE C - COMPACT + SEC + FINBERT,0,0,0.09090909090909091
AVGO,2025-09-05,0001730168-25-000094,0.0926115240134093,2025,TREE C - COMPACT + SEC + FINBERT,1,0,0.4888888888888889
GOOGL,2025-09-08,0001652044-25-000074,-0.0080723979042452,2025,TREE C - COMPACT + SEC + FINBERT,0,1,0.875
INTC,2025-09-08,0000050863-25-000147,-0.0052862644597848,2025,TREE C - COMPACT + SEC + FINBERT,0,0,0.4888888888888889
TSLA,2025-09-08,0001104659-25-087862,-0.017533273736493,2025,TREE C - COMPACT + SEC + FINBERT,0,0,0.35172413793103446
INTC,2025-09-09,0000050863-25-000149,-0.0044672677338561,2025,TREE C - COMPACT + SEC + FINBERT,0,0,0.4888888888888889
AVGO,2025-09-10,0001193125-25-199281,0.097394459658594,2025,TREE C - COMPACT + SEC + FINBERT,1,0,0.35172413793103446
AVGO,2025-09-11,0001193125-25-200108,-0.0327163826339845,2025,TREE C - COMPACT + SEC + FINBERT,0,0,0.5
ADBE,2025-09-12,0000796343-25-000102,-0.0078118643336309,2025,TREE C - COMPACT + SEC + FINBERT,0,0,0.0
INTC,2025-09-15,0000050863-25-000153,0.0200975344640188,2025,TREE C - COMPACT + SEC + FINBERT,1,0,0.4888888888888889
INTC,2025-09-19,0000050863-25-000155,-0.0391540449480576,2025,TREE C - COMPACT + SEC + FINBERT,0,0,0.09090909090909091
AVGO,2025-09-30,0001193125-25-223202,0.0033906219439023,2025,TREE C - COMPACT + SEC + FINBERT,1,0,0.4888888888888889
INTC,2025-09-30,0000050863-25-000159,-0.0297114035864664,2025,TREE C - COMPACT + SEC + FINBERT,0,1,0.875
MSFT,2025-10-01,0001193125-25-225125,-0.0013989708651802,2025,TREE C - COMPACT + SEC + FINBERT,0,0,0.35172413793103446
TSLA,2025-10-02,0001628280-25-043530,-0.0551709425757636,2025,TREE C - COMPACT + SEC + FINBERT,0,0,0.47058823529411764
AMD,2025-10-06,0001193125-25-230895,0.229570120988193,2025,TREE C - COMPACT + SEC + FINBERT,1,0,0.11538461538461539
NFLX,2025-10-22,0001065280-25-000404,-0.0910467302021142,2025,TREE C - COMPACT + SEC + FINBERT,0,0,0.35172413793103446
TSLA,2025-10-23,0001628280-25-045861,0.0143969935936225,2025,TREE C - COMPACT + SEC + FINBERT,1,0,0.4888888888888889
INTC,2025-10-24,0000050863-25-000169,-0.0075336544934081,2025,TREE C - COMPACT + SEC + FINBERT,0,0,0.4888888888888889
AMD,2025-10-27,0001193125-25-250803,0.0088791182612346,2025,TREE C - COMPACT + SEC + FINBERT,1,0,0.09090909090909091
GOOGL,2025-10-30,0001652044-25-000087,0.0404553064820906,2025,TREE C - COMPACT + SEC + FINBERT,1,0,0.5
META,2025-10-30,0001628280-25-047114,-0.0980589883325543,2025,TREE C - COMPACT + SEC + FINBERT,0,0,0.35172413793103446
MSFT,2025-10-30,0001193125-25-256310,-0.0138683761493496,2025,TREE C - COMPACT + SEC + FINBERT,0,0,0.47058823529411764
AAPL,2025-10-31,0000320193-25-000077,-0.0086190908457217,2025,TREE C - COMPACT + SEC + FINBERT,0,0,0.47058823529411764
AMZN,2025-10-31,0001018724-25-000121,0.0910209928407341,2025,TREE C - COMPACT + SEC + FINBERT,1,1,0.5333333333333333
NFLX,2025-10-31,0001065280-25-000407,0.0225957165317289,2025,TREE C - COMPACT + SEC + FINBERT,1,0,0.4888888888888889
META,2025-11-04,0001193125-25-262593,0.0040052461336197,2025,TREE C - COMPACT + SEC + FINBERT,1,0,0.11538461538461539
AMD,2025-11-05,0000002488-25-000163,0.0186069615352764,2025,TREE C - COMPACT + SEC + FINBERT,1,0,0.4888888888888889
NFLX,2025-11-05,0001065280-25-000408,-0.0014757151073041,2025,TREE C - COMPACT + SEC + FINBERT,0,0,0.4888888888888889
QCOM,2025-11-06,0000804328-25-000084,-0.0176512917249331,2025,TREE C - COMPACT + SEC + FINBERT,0,0,0.35172413793103446
GOOGL,2025-11-07,0001193125-25-269979,-0.0176350096258526,2025,TREE C - COMPACT + SEC + FINBERT,0,0,0.47058823529411764
TSLA,2025-11-10,0001104659-25-108507,0.0144515590875045,2025,TREE C - COMPACT + SEC + FINBERT,1,0,0.4888888888888889
INTC,2025-11-13,0000050863-25-000194,-0.0318405737186725,2025,TREE C - COMPACT + SEC + FINBERT,0,0,0.4888888888888889
NFLX,2025-11-17,0001065280-25-000450,0.0002054033846309,2025,TREE C - COMPACT + SEC + FINBERT,1,0,0.11538461538461539
NVDA,2025-11-20,0001045810-25-000228,-0.0078528975617969,2025,TREE C - COMPACT + SEC + FINBERT,0,0,0.4888888888888889
AMZN,2025-11-21,0001104659-25-114647,0.0088361750757295,2025,TREE C - COMPACT + SEC + FINBERT,1,1,0.55
NFLX,2025-12-05,0001193125-25-308651,-0.0329477561125077,2025,TREE C - COMPACT + SEC + FINBERT,0,0,0.4888888888888889
AAPL,2025-12-08,0001140361-25-044561,-0.0012741476869497,2025,TREE C - COMPACT + SEC + FINBERT,0,0,0.4888888888888889
MSFT,2025-12-09,0001193125-25-311196,0.0008032674339999,2025,TREE C - COMPACT + SEC + FINBERT,1,0,0.4888888888888889
ADBE,2025-12-11,0000796343-25-000135,0.0245091460598039,2025,TREE C - COMPACT + SEC + FINBERT,1,0,0.0
QCOM,2025-12-11,0000804328-25-000096,-0.0019244703155916,2025,TREE C - COMPACT + SEC + FINBERT,0,0,0.35172413793103446
AVGO,2025-12-12,0001730168-25-000116,-0.0951618579528871,2025,TREE C - COMPACT + SEC + FINBERT,0,0,0.35172413793103446
META,2025-12-15,0001628280-25-056768,0.010930663174681,2025,TREE C - COMPACT + SEC + FINBERT,1,0,0.35172413793103446
AMD,2025-12-16,0000002488-25-000182,0.0056778767854142,2025,TREE C - COMPACT + SEC + FINBERT,1,0,0.4888888888888889
QCOM,2025-12-17,0000804328-25-000098,-0.002925698287378,2025,TREE C - COMPACT + SEC + FINBERT,0,1,0.5333333333333333
META,2025-12-22,0001628280-25-058337,-0.0006495058100002,2025,TREE C - COMPACT + SEC + FINBERT,0,0,0.35172413793103446
NFLX,2025-12-22,0001193125-25-327462,-0.0170829252514201,2025,TREE C - COMPACT + SEC + FINBERT,0,0,0.4888888888888889
INTC,2025-12-29,0000050863-25-000204,0.0181002407565633,2025,TREE C - COMPACT + SEC + FINBERT,1,0,0.4888888888888889
TSLA,2026-01-02,0001628280-26-000016,-0.0239679638284353,2026,TREE A - COMPACT MARKET,0,1,0.5022727272727273
AAPL,2026-01-05,0001140361-26-000199,-0.0217799468616566,2026,TREE A - COMPACT MARKET,0,1,0.5022727272727273
AVGO,2026-01-14,0001193125-26-011731,-0.0308274202273529,2026,TREE A - COMPACT MARKET,0,0,0.3317757009345794
META,2026-01-20,0001628280-26-002429,-0.0047584991112157,2026,TREE A - COMPACT MARKET,0,1,0.5022727272727273
NFLX,2026-01-20,0001193125-26-015951,0.0128380428459016,2026,TREE A - COMPACT MARKET,1,1,0.5022727272727273
QCOM,2026-01-20,0000804328-26-000008,-0.0123120567771578,2026,TREE A - COMPACT MARKET,0,1,0.5022727272727273
AMD,2026-01-21,0000002488-26-000002,0.0635771921622683,2026,TREE A - COMPACT MARKET,1,0,0.3317757009345794
NFLX,2026-01-21,0001065280-26-000033,-0.0352924053531309,2026,TREE A - COMPACT MARKET,0,1,0.5022727272727273
INTC,2026-01-23,0000050863-26-000009,-0.1734446087334877,2026,TREE A - COMPACT MARKET,0,0,0.2222222222222222
INTC,2026-01-26,0000050863-26-000031,-0.0616443526820043,2026,TREE A - COMPACT MARKET,0,1,0.5022727272727273
NVDA,2026-01-26,0001045810-26-000003,-0.0107942800846292,2026,TREE A - COMPACT MARKET,0,1,0.5022727272727273
ADBE,2026-01-28,0000796343-26-000019,0.0039508357181503,2026,TREE A - COMPACT MARKET,1,1,0.5022727272727273
META,2026-01-29,0001628280-26-003832,0.1100332620328821,2026,TREE A - COMPACT MARKET,1,0,0.3317757009345794
MSFT,2026-01-29,0001193125-26-027198,-0.0939462490812705,2026,TREE A - COMPACT MARKET,0,0,0.3317757009345794
TSLA,2026-01-29,0001628280-26-003837,-0.0285486210897105,2026,TREE A - COMPACT MARKET,0,1,0.5022727272727273
AAPL,2026-01-30,0000320193-26-000005,0.0166569789377926,2026,TREE A - COMPACT MARKET,1,1,0.5022727272727273
AMD,2026-02-04,0000002488-26-000014,-0.1556754118391105,2026,TREE A - COMPACT MARKET,0,0,0.3317757009345794
GOOGL,2026-02-05,0001652044-26-000012,0.0090205057778721,2026,TREE A - COMPACT MARKET,1,0,0.33962264150943394
QCOM,2026-02-05,0000804328-26-000016,-0.0701637225601233,2026,TREE A - COMPACT MARKET,0,1,0.5022727272727273
AMZN,2026-02-06,0001018724-26-000002,-0.0766859095832953,2026,TREE A - COMPACT MARKET,0,1,0.5022727272727273
GOOGL,2026-02-17,0001193125-26-051423,-0.0110725550963733,2026,TREE A - COMPACT MARKET,0,1,0.5022727272727273
AMD,2026-02-18,0000002488-26-000029,-0.0220427383261037,2026,TREE A - COMPACT MARKET,0,1,0.5022727272727273
AMD,2026-02-24,0000002488-26-000045,0.0769491952441228,2026,TREE A - COMPACT MARKET,1,1,0.5022727272727273
AAPL,2026-02-25,0001140361-26-006577,-0.0068133729662351,2026,TREE A - COMPACT MARKET,0,0,0.3317757009345794
NVDA,2026-02-26,0001045810-26-000019,-0.042496617762763,2026,TREE A - COMPACT MARKET,0,0,0.3317757009345794
AMZN,2026-02-27,0001104659-26-021050,0.0132046120006229,2026,TREE A - COMPACT MARKET,1,1,0.5022727272727273
AVGO,2026-03-03,0001193125-26-085656,-0.0049144362597486,2026,TREE A - COMPACT MARKET,0,1,0.5022727272727273
INTC,2026-03-04,0000050863-26-000044,0.0422975276530752,2026,TREE A - COMPACT MARKET,1,1,0.5022727272727273
AVGO,2026-03-05,0001730168-26-000011,0.0510081539046997,2026,TREE A - COMPACT MARKET,1,1,0.5022727272727273
GOOGL,2026-03-09,0001652044-26-000026,0.0136296578488566,2026,TREE A - COMPACT MARKET,1,1,0.5022727272727273
NVDA,2026-03-09,0001045810-26-000024,0.013806678855444,2026,TREE A - COMPACT MARKET,1,1,0.5022727272727273
ADBE,2026-03-13,0000796343-26-000048,-0.0699123452534083,2026,TREE A - COMPACT MARKET,0,0,0.3317757009345794
AMZN,2026-03-16,0001104659-26-027729,0.0083809647767647,2026,TREE A - COMPACT MARKET,1,1,0.5022727272727273
AMZN,2026-03-17,0001104659-26-028556,0.0114605156306819,2026,TREE A - COMPACT MARKET,1,1,0.6
QCOM,2026-03-20,0000804328-26-000041,0.0079698096776174,2026,TREE A - COMPACT MARKET,1,1,0.5022727272727273
TSLA,2026-04-02,0001628280-26-022956,-0.0553616328176903,2026,TREE A - COMPACT MARKET,0,0,0.3317757009345794
AVGO,2026-04-06,0001193125-26-140574,-0.0063988681204529,2026,TREE A - COMPACT MARKET,0,1,0.5022727272727273
GOOGL,2026-04-06,0001652044-26-000031,0.0082504348362495,2026,TREE A - COMPACT MARKET,1,1,0.5022727272727273
INTC,2026-04-06,0000050863-26-000069,0.0019222474605418,2026,TREE A - COMPACT MARKET,1,0,0.3317757009345794
AVGO,2026-04-07,0001193125-26-144028,0.0619912664480655,2026,TREE A - COMPACT MARKET,1,1,0.5022727272727273
AMZN,2026-04-09,0001104659-26-041034,0.0492804640933421,2026,TREE A - COMPACT MARKET,1,0,0.3317757009345794
INTC,2026-04-09,0000050863-26-000072,0.0402242748034202,2026,TREE A - COMPACT MARKET,1,1,0.6271186440677966
GOOGL,2026-04-13,0001652044-26-000034,0.0024868969699596,2026,TREE A - COMPACT MARKET,1,1,0.65
AMZN,2026-04-14,0001104659-26-042880,0.0199021520163233,2026,TREE A - COMPACT MARKET,1,1,0.6271186440677966
META,2026-04-15,0001628280-26-025108,-0.0002783824166061,2026,TREE A - COMPACT MARKET,0,0,0.3317757009345794
NFLX,2026-04-17,0001065280-26-000137,-0.110310240572915,2026,TREE A - COMPACT MARKET,0,0,0.2222222222222222
AAPL,2026-04-21,0001140361-26-015711,-0.0213933529678685,2026,TREE A - COMPACT MARKET,0,0,0.3317757009345794
ADBE,2026-04-22,0000796343-26-000101,0.0187092090498186,2026,TREE A - COMPACT MARKET,1,0,0.3317757009345794
AVGO,2026-04-22,0001730168-26-000039,0.0341930534958387,2026,TREE A - COMPACT MARKET,1,1,0.6271186440677966
NFLX,2026-04-23,0001065280-26-000139,0.0011281946640834,2026,TREE A - COMPACT MARKET,1,1,0.5022727272727273
TSLA,2026-04-23,0001628280-26-026551,-0.0299535199415285,2026,TREE A - COMPACT MARKET,0,0,0.3317757009345794
INTC,2026-04-24,0000050863-26-000077,0.2168713502986243,2026,TREE A - COMPACT MARKET,1,1,0.6271186440677966
INTC,2026-04-27,0000050863-26-000083,0.0291553468152547,2026,TREE A - COMPACT MARKET,1,0,0.0
NVDA,2026-04-28,0001045810-26-000026,-0.0058242896842328,2026,TREE A - COMPACT MARKET,0,1,0.6271186440677966
AMZN,2026-04-30,0001018724-26-000012,-0.0016468727883254,2026,TREE A - COMPACT MARKET,0,1,0.6271186440677966
GOOGL,2026-04-30,0001652044-26-000043,0.0902907529038123,2026,TREE A - COMPACT MARKET,1,1,0.6271186440677966
META,2026-04-30,0001628280-26-028364,-0.0948266554954643,2026,TREE A - COMPACT MARKET,0,0,0.3317757009345794
MSFT,2026-04-30,0001193125-26-191457,-0.0486231754824486,2026,TREE A - COMPACT MARKET,0,0,0.3317757009345794
QCOM,2026-04-30,0000804328-26-000060,0.1418276564768905,2026,TREE A - COMPACT MARKET,1,0,0.2222222222222222
AAPL,2026-05-01,0000320193-26-000011,0.0227940049742925,2026,TREE A - COMPACT MARKET,1,0,0.3317757009345794
INTC,2026-05-01,0001193125-26-197845,0.0448034171687428,2026,TREE A - COMPACT MARKET,1,0,0.2222222222222222
META,2026-05-05,0001193125-26-204128,-0.0219024667890024,2026,TREE A - COMPACT MARKET,0,1,0.5022727272727273
AMD,2026-05-06,0000002488-26-000072,0.1653710025525319,2026,TREE A - COMPACT MARKET,1,1,0.6271186440677966
NVDA,2026-05-11,0001045810-26-000028,0.0168061992095833,2026,TREE A - COMPACT MARKET,1,0,0.3317757009345794
GOOGL,2026-05-12,0001193125-26-216986,0.0051624834241175,2026,TREE A - COMPACT MARKET,1,1,0.6271186440677966
MSFT,2026-05-15,0001193125-26-224155,0.0455934480664714,2026,TREE A - COMPACT MARKET,1,1,0.5022727272727273
AMD,2026-05-18,0001193125-26-226746,-0.0030308987230113,2026,TREE A - COMPACT MARKET,0,1,0.5022727272727273
INTC,2026-05-18,0000050863-26-000118,-0.0012138983150062,2026,TREE A - COMPACT MARKET,0,1,0.5022727272727273
NVDA,2026-05-21,0001045810-26-000051,-0.0196275026130384,2026,TREE A - COMPACT MARKET,0,1,1.0
GOOGL,2026-05-22,0001193125-26-234488,-0.0163388825753002,2026,TREE A - COMPACT MARKET,0,1,0.5022727272727273
AMZN,2026-05-26,0001104659-26-065717,-0.0216227139416436,2026,TREE A - COMPACT MARKET,0,1,0.5022727272727273
META,2026-06-01,0001628280-26-039193,-0.0566556308874622,2026,TREE A - COMPACT MARKET,0,0,0.3317757009345794
AVGO,2026-06-04,0001730168-26-000051,-0.1210312398743514,2026,TREE A - COMPACT MARKET,0,1,0.6271186440677966
GOOGL,2026-06-05,0001193125-26-257724,0.0381672421712767,2026,TREE A - COMPACT MARKET,1,1,0.5022727272727273
GOOGL,2026-06-08,0001193125-26-259830,-0.0291912288708725,2026,TREE A - COMPACT MARKET,0,1,0.5022727272727273
GOOGL,2026-06-08,0001652044-26-000059,-0.0291912288708725,2026,TREE A - COMPACT MARKET,0,1,0.5022727272727273
NFLX,2026-06-08,0001065280-26-000189,-0.0100182503504155,2026,TREE A - COMPACT MARKET,0,1,0.5022727272727273
AMZN,2026-06-10,0001104659-26-072140,-0.0053726134400394,2026,TREE A - COMPACT MARKET,0,1,0.5022727272727273
AVGO,2026-06-11,0001193125-26-266777,0.0024240754021118,2026,TREE A - COMPACT MARKET,1,1,0.5022727272727273
ADBE,2026-06-12,0000796343-26-000109,-0.0734349532560182,2026,TREE A - COMPACT MARKET,0,0,0.33962264150943394
GOOGL,2026-06-12,0001193125-26-267578,-0.0005460497805231,2026,TREE A - COMPACT MARKET,0,1,0.5022727272727273
AMZN,2026-06-15,0001104659-26-073562,-9.957228603751922e-05,2026,TREE A - COMPACT MARKET,0,1,0.5022727272727273
AVGO,2026-06-18,0001193125-26-275077,0.0218931329896958,2026,TREE A - COMPACT MARKET,1,1,0.5022727272727273
NVDA,2026-06-22,0001193125-26-275783,-0.0071724054817254,2026,TREE A - COMPACT MARKET,0,1,0.5022727272727273
QCOM,2026-06-24,0001104659-26-077071,-0.0286743834556753,2026,TREE A - COMPACT MARKET,0,1,0.5022727272727273
NVDA,2026-07-01,0001045810-26-000056,0.0027055922428425,2026,TREE A - COMPACT MARKET,1,1,0.5022727272727273
AMD,2026-07-02,0000002488-26-000115,-0.0253003437574649,2026,TREE A - COMPACT MARKET,0,1,0.5022727272727273
NVDA,2026-07-02,0001045810-26-000060,0.003415464384313,2026,TREE A - COMPACT MARKET,1,1,0.5022727272727273
TSLA,2026-07-02,0001628280-26-046717,-0.0575543818261817,2026,TREE A - COMPACT MARKET,0,0,0.3317757009345794
AVGO,2026-07-06,0001193125-26-295589,0.0229725241748379,2026,TREE A - COMPACT MARKET,1,1,0.5022727272727273
AMZN,2026-07-10,0001104659-26-082293,-0.0099646140288109,2026,TREE A - COMPACT MARKET,0,1,0.5022727272727273
NFLX,2026-07-17,0001065280-26-000211,-0.057599892179291,2026,TREE A - COMPACT MARKET,0,0,0.3317757009345794
ADBE,2026-07-20,0000796343-26-000120,-0.011629367377381,2026,TREE A - COMPACT MARKET,0,0,0.3317757009345794
GOOGL,2026-07-23,0001652044-26-000066,-0.0523428238232774,2026,TREE A - COMPACT MARKET,0,1,0.5022727272727273
NFLX,2026-07-23,0001193125-26-312575,0.0242366010624127,2026,TREE A - COMPACT MARKET,1,1,0.5022727272727273
TSLA,2026-07-23,0001628280-26-049213,-0.1262533558961757,2026,TREE A - COMPACT MARKET,0,1,0.5022727272727273
INTC,2026-07-24,0000050863-26-000155,-0.0677472957838671,2026,TREE A - COMPACT MARKET,0,1,0.5022727272727273
META,2026-07-30,0001628280-26-050596,-0.1125151041907142,2026,TREE A - COMPACT MARKET,0,1,0.5022727272727273
MSFT,2026-07-30,0001193125-26-323632,0.1220932058569126,2026,TREE A - COMPACT MARKET,1,1,0.5022727272727273
QCOM,2026-07-30,0000804328-26-000085,-0.0591817061233279,2026,TREE A - COMPACT MARKET,0,1,0.5022727272727273
AAPL,2026-07-31,0000320193-26-000018,-0.0800340895161154,2026,TREE A - COMPACT MARKET,0,1,0.5022727272727273
AMZN,2026-07-31,0001018724-26-000024,0.1467103826662883,2026,TREE A - COMPACT MARKET,1,1,0.5022727272727273
NFLX,2026-07-31,0001065280-26-000214,-0.0264490259696927,2026,TREE A - COMPACT MARKET,0,0,0.3317757009345794
QCOM,2026-08-03,0001104659-26-089234,0.0092690762540241,2026,TREE A - COMPACT MARKET,1,1,0.5022727272727273
AMD,2026-08-05,0000002488-26-000121,-0.0613935964812326,2026,TREE A - COMPACT MARKET,0,1,0.5022727272727273
GOOGL,2026-08-11,0001193125-26-342390,-0.0350184491059453,2026,TREE A - COMPACT MARKET,0,1,0.65
INTC,2026-08-13,0001193125-26-346806,0.0241947255920518,2026,TREE A - COMPACT MARKET,1,0,0.3317757009345794
TSLA,2026-01-02,0001628280-26-000016,-0.0239679638284353,2026,TREE B - COMPACT + SEC,0,1,0.5022727272727273
AAPL,2026-01-05,0001140361-26-000199,-0.0217799468616566,2026,TREE B - COMPACT + SEC,0,1,0.5022727272727273
AVGO,2026-01-14,0001193125-26-011731,-0.0308274202273529,2026,TREE B - COMPACT + SEC,0,0,0.3317757009345794
META,2026-01-20,0001628280-26-002429,-0.0047584991112157,2026,TREE B - COMPACT + SEC,0,1,0.5022727272727273
NFLX,2026-01-20,0001193125-26-015951,0.0128380428459016,2026,TREE B - COMPACT + SEC,1,1,0.5022727272727273
QCOM,2026-01-20,0000804328-26-000008,-0.0123120567771578,2026,TREE B - COMPACT + SEC,0,1,0.5022727272727273
AMD,2026-01-21,0000002488-26-000002,0.0635771921622683,2026,TREE B - COMPACT + SEC,1,0,0.3317757009345794
NFLX,2026-01-21,0001065280-26-000033,-0.0352924053531309,2026,TREE B - COMPACT + SEC,0,1,0.5022727272727273
INTC,2026-01-23,0000050863-26-000009,-0.1734446087334877,2026,TREE B - COMPACT + SEC,0,0,0.2222222222222222
INTC,2026-01-26,0000050863-26-000031,-0.0616443526820043,2026,TREE B - COMPACT + SEC,0,1,0.5022727272727273
NVDA,2026-01-26,0001045810-26-000003,-0.0107942800846292,2026,TREE B - COMPACT + SEC,0,1,0.5022727272727273
ADBE,2026-01-28,0000796343-26-000019,0.0039508357181503,2026,TREE B - COMPACT + SEC,1,1,0.5022727272727273
META,2026-01-29,0001628280-26-003832,0.1100332620328821,2026,TREE B - COMPACT + SEC,1,0,0.3317757009345794
MSFT,2026-01-29,0001193125-26-027198,-0.0939462490812705,2026,TREE B - COMPACT + SEC,0,0,0.3317757009345794
TSLA,2026-01-29,0001628280-26-003837,-0.0285486210897105,2026,TREE B - COMPACT + SEC,0,1,0.5022727272727273
AAPL,2026-01-30,0000320193-26-000005,0.0166569789377926,2026,TREE B - COMPACT + SEC,1,1,0.5022727272727273
AMD,2026-02-04,0000002488-26-000014,-0.1556754118391105,2026,TREE B - COMPACT + SEC,0,0,0.3317757009345794
GOOGL,2026-02-05,0001652044-26-000012,0.0090205057778721,2026,TREE B - COMPACT + SEC,1,0,0.33962264150943394
QCOM,2026-02-05,0000804328-26-000016,-0.0701637225601233,2026,TREE B - COMPACT + SEC,0,1,0.5022727272727273
AMZN,2026-02-06,0001018724-26-000002,-0.0766859095832953,2026,TREE B - COMPACT + SEC,0,1,0.5022727272727273
GOOGL,2026-02-17,0001193125-26-051423,-0.0110725550963733,2026,TREE B - COMPACT + SEC,0,1,0.5022727272727273
AMD,2026-02-18,0000002488-26-000029,-0.0220427383261037,2026,TREE B - COMPACT + SEC,0,1,0.5022727272727273
AMD,2026-02-24,0000002488-26-000045,0.0769491952441228,2026,TREE B - COMPACT + SEC,1,1,0.5022727272727273
AAPL,2026-02-25,0001140361-26-006577,-0.0068133729662351,2026,TREE B - COMPACT + SEC,0,0,0.3317757009345794
NVDA,2026-02-26,0001045810-26-000019,-0.042496617762763,2026,TREE B - COMPACT + SEC,0,0,0.3317757009345794
AMZN,2026-02-27,0001104659-26-021050,0.0132046120006229,2026,TREE B - COMPACT + SEC,1,1,0.5022727272727273
AVGO,2026-03-03,0001193125-26-085656,-0.0049144362597486,2026,TREE B - COMPACT + SEC,0,1,0.5022727272727273
INTC,2026-03-04,0000050863-26-000044,0.0422975276530752,2026,TREE B - COMPACT + SEC,1,1,0.5022727272727273
AVGO,2026-03-05,0001730168-26-000011,0.0510081539046997,2026,TREE B - COMPACT + SEC,1,1,0.5022727272727273
GOOGL,2026-03-09,0001652044-26-000026,0.0136296578488566,2026,TREE B - COMPACT + SEC,1,1,0.5022727272727273
NVDA,2026-03-09,0001045810-26-000024,0.013806678855444,2026,TREE B - COMPACT + SEC,1,1,0.5022727272727273
ADBE,2026-03-13,0000796343-26-000048,-0.0699123452534083,2026,TREE B - COMPACT + SEC,0,0,0.3317757009345794
AMZN,2026-03-16,0001104659-26-027729,0.0083809647767647,2026,TREE B - COMPACT + SEC,1,1,0.5022727272727273
AMZN,2026-03-17,0001104659-26-028556,0.0114605156306819,2026,TREE B - COMPACT + SEC,1,1,0.6
QCOM,2026-03-20,0000804328-26-000041,0.0079698096776174,2026,TREE B - COMPACT + SEC,1,1,0.5022727272727273
TSLA,2026-04-02,0001628280-26-022956,-0.0553616328176903,2026,TREE B - COMPACT + SEC,0,0,0.3317757009345794
AVGO,2026-04-06,0001193125-26-140574,-0.0063988681204529,2026,TREE B - COMPACT + SEC,0,1,0.5022727272727273
GOOGL,2026-04-06,0001652044-26-000031,0.0082504348362495,2026,TREE B - COMPACT + SEC,1,1,0.5022727272727273
INTC,2026-04-06,0000050863-26-000069,0.0019222474605418,2026,TREE B - COMPACT + SEC,1,0,0.3317757009345794
AVGO,2026-04-07,0001193125-26-144028,0.0619912664480655,2026,TREE B - COMPACT + SEC,1,1,0.5022727272727273
AMZN,2026-04-09,0001104659-26-041034,0.0492804640933421,2026,TREE B - COMPACT + SEC,1,0,0.3317757009345794
INTC,2026-04-09,0000050863-26-000072,0.0402242748034202,2026,TREE B - COMPACT + SEC,1,1,0.6271186440677966
GOOGL,2026-04-13,0001652044-26-000034,0.0024868969699596,2026,TREE B - COMPACT + SEC,1,1,0.65
AMZN,2026-04-14,0001104659-26-042880,0.0199021520163233,2026,TREE B - COMPACT + SEC,1,1,0.6271186440677966
META,2026-04-15,0001628280-26-025108,-0.0002783824166061,2026,TREE B - COMPACT + SEC,0,0,0.3317757009345794
NFLX,2026-04-17,0001065280-26-000137,-0.110310240572915,2026,TREE B - COMPACT + SEC,0,0,0.2222222222222222
AAPL,2026-04-21,0001140361-26-015711,-0.0213933529678685,2026,TREE B - COMPACT + SEC,0,0,0.3317757009345794
ADBE,2026-04-22,0000796343-26-000101,0.0187092090498186,2026,TREE B - COMPACT + SEC,1,0,0.3317757009345794
AVGO,2026-04-22,0001730168-26-000039,0.0341930534958387,2026,TREE B - COMPACT + SEC,1,1,0.6271186440677966
NFLX,2026-04-23,0001065280-26-000139,0.0011281946640834,2026,TREE B - COMPACT + SEC,1,1,0.5022727272727273
TSLA,2026-04-23,0001628280-26-026551,-0.0299535199415285,2026,TREE B - COMPACT + SEC,0,0,0.3317757009345794
INTC,2026-04-24,0000050863-26-000077,0.2168713502986243,2026,TREE B - COMPACT + SEC,1,1,0.6271186440677966
INTC,2026-04-27,0000050863-26-000083,0.0291553468152547,2026,TREE B - COMPACT + SEC,1,0,0.0
NVDA,2026-04-28,0001045810-26-000026,-0.0058242896842328,2026,TREE B - COMPACT + SEC,0,1,0.6271186440677966
AMZN,2026-04-30,0001018724-26-000012,-0.0016468727883254,2026,TREE B - COMPACT + SEC,0,1,0.6271186440677966
GOOGL,2026-04-30,0001652044-26-000043,0.0902907529038123,2026,TREE B - COMPACT + SEC,1,1,0.6271186440677966
META,2026-04-30,0001628280-26-028364,-0.0948266554954643,2026,TREE B - COMPACT + SEC,0,0,0.3317757009345794
MSFT,2026-04-30,0001193125-26-191457,-0.0486231754824486,2026,TREE B - COMPACT + SEC,0,0,0.3317757009345794
QCOM,2026-04-30,0000804328-26-000060,0.1418276564768905,2026,TREE B - COMPACT + SEC,1,0,0.2222222222222222
AAPL,2026-05-01,0000320193-26-000011,0.0227940049742925,2026,TREE B - COMPACT + SEC,1,0,0.3317757009345794
INTC,2026-05-01,0001193125-26-197845,0.0448034171687428,2026,TREE B - COMPACT + SEC,1,0,0.2222222222222222
META,2026-05-05,0001193125-26-204128,-0.0219024667890024,2026,TREE B - COMPACT + SEC,0,1,0.5022727272727273
AMD,2026-05-06,0000002488-26-000072,0.1653710025525319,2026,TREE B - COMPACT + SEC,1,1,0.6271186440677966
NVDA,2026-05-11,0001045810-26-000028,0.0168061992095833,2026,TREE B - COMPACT + SEC,1,0,0.3317757009345794
GOOGL,2026-05-12,0001193125-26-216986,0.0051624834241175,2026,TREE B - COMPACT + SEC,1,1,0.6271186440677966
MSFT,2026-05-15,0001193125-26-224155,0.0455934480664714,2026,TREE B - COMPACT + SEC,1,1,0.5022727272727273
AMD,2026-05-18,0001193125-26-226746,-0.0030308987230113,2026,TREE B - COMPACT + SEC,0,1,0.5022727272727273
INTC,2026-05-18,0000050863-26-000118,-0.0012138983150062,2026,TREE B - COMPACT + SEC,0,1,0.5022727272727273
NVDA,2026-05-21,0001045810-26-000051,-0.0196275026130384,2026,TREE B - COMPACT + SEC,0,1,1.0
GOOGL,2026-05-22,0001193125-26-234488,-0.0163388825753002,2026,TREE B - COMPACT + SEC,0,1,0.5022727272727273
AMZN,2026-05-26,0001104659-26-065717,-0.0216227139416436,2026,TREE B - COMPACT + SEC,0,1,0.5022727272727273
META,2026-06-01,0001628280-26-039193,-0.0566556308874622,2026,TREE B - COMPACT + SEC,0,0,0.3317757009345794
AVGO,2026-06-04,0001730168-26-000051,-0.1210312398743514,2026,TREE B - COMPACT + SEC,0,1,0.6271186440677966
GOOGL,2026-06-05,0001193125-26-257724,0.0381672421712767,2026,TREE B - COMPACT + SEC,1,1,0.5022727272727273
GOOGL,2026-06-08,0001193125-26-259830,-0.0291912288708725,2026,TREE B - COMPACT + SEC,0,1,0.5022727272727273
GOOGL,2026-06-08,0001652044-26-000059,-0.0291912288708725,2026,TREE B - COMPACT + SEC,0,1,0.5022727272727273
NFLX,2026-06-08,0001065280-26-000189,-0.0100182503504155,2026,TREE B - COMPACT + SEC,0,1,0.5022727272727273
AMZN,2026-06-10,0001104659-26-072140,-0.0053726134400394,2026,TREE B - COMPACT + SEC,0,1,0.5022727272727273
AVGO,2026-06-11,0001193125-26-266777,0.0024240754021118,2026,TREE B - COMPACT + SEC,1,1,0.5022727272727273
ADBE,2026-06-12,0000796343-26-000109,-0.0734349532560182,2026,TREE B - COMPACT + SEC,0,0,0.33962264150943394
GOOGL,2026-06-12,0001193125-26-267578,-0.0005460497805231,2026,TREE B - COMPACT + SEC,0,1,0.5022727272727273
AMZN,2026-06-15,0001104659-26-073562,-9.957228603751922e-05,2026,TREE B - COMPACT + SEC,0,1,0.5022727272727273
AVGO,2026-06-18,0001193125-26-275077,0.0218931329896958,2026,TREE B - COMPACT + SEC,1,1,0.5022727272727273
NVDA,2026-06-22,0001193125-26-275783,-0.0071724054817254,2026,TREE B - COMPACT + SEC,0,1,0.5022727272727273
QCOM,2026-06-24,0001104659-26-077071,-0.0286743834556753,2026,TREE B - COMPACT + SEC,0,1,0.5022727272727273
NVDA,2026-07-01,0001045810-26-000056,0.0027055922428425,2026,TREE B - COMPACT + SEC,1,1,0.5022727272727273
AMD,2026-07-02,0000002488-26-000115,-0.0253003437574649,2026,TREE B - COMPACT + SEC,0,1,0.5022727272727273
NVDA,2026-07-02,0001045810-26-000060,0.003415464384313,2026,TREE B - COMPACT + SEC,1,1,0.5022727272727273
TSLA,2026-07-02,0001628280-26-046717,-0.0575543818261817,2026,TREE B - COMPACT + SEC,0,0,0.3317757009345794
AVGO,2026-07-06,0001193125-26-295589,0.0229725241748379,2026,TREE B - COMPACT + SEC,1,1,0.5022727272727273
AMZN,2026-07-10,0001104659-26-082293,-0.0099646140288109,2026,TREE B - COMPACT + SEC,0,1,0.5022727272727273
NFLX,2026-07-17,0001065280-26-000211,-0.057599892179291,2026,TREE B - COMPACT + SEC,0,0,0.3317757009345794
ADBE,2026-07-20,0000796343-26-000120,-0.011629367377381,2026,TREE B - COMPACT + SEC,0,0,0.3317757009345794
GOOGL,2026-07-23,0001652044-26-000066,-0.0523428238232774,2026,TREE B - COMPACT + SEC,0,1,0.5022727272727273
NFLX,2026-07-23,0001193125-26-312575,0.0242366010624127,2026,TREE B - COMPACT + SEC,1,1,0.5022727272727273
TSLA,2026-07-23,0001628280-26-049213,-0.1262533558961757,2026,TREE B - COMPACT + SEC,0,1,0.5022727272727273
INTC,2026-07-24,0000050863-26-000155,-0.0677472957838671,2026,TREE B - COMPACT + SEC,0,1,0.5022727272727273
META,2026-07-30,0001628280-26-050596,-0.1125151041907142,2026,TREE B - COMPACT + SEC,0,1,0.5022727272727273
MSFT,2026-07-30,0001193125-26-323632,0.1220932058569126,2026,TREE B - COMPACT + SEC,1,1,0.5022727272727273
QCOM,2026-07-30,0000804328-26-000085,-0.0591817061233279,2026,TREE B - COMPACT + SEC,0,1,0.5022727272727273
AAPL,2026-07-31,0000320193-26-000018,-0.0800340895161154,2026,TREE B - COMPACT + SEC,0,1,0.5022727272727273
AMZN,2026-07-31,0001018724-26-000024,0.1467103826662883,2026,TREE B - COMPACT + SEC,1,1,0.5022727272727273
NFLX,2026-07-31,0001065280-26-000214,-0.0264490259696927,2026,TREE B - COMPACT + SEC,0,0,0.3317757009345794
QCOM,2026-08-03,0001104659-26-089234,0.0092690762540241,2026,TREE B - COMPACT + SEC,1,1,0.5022727272727273
AMD,2026-08-05,0000002488-26-000121,-0.0613935964812326,2026,TREE B - COMPACT + SEC,0,1,0.5022727272727273
GOOGL,2026-08-11,0001193125-26-342390,-0.0350184491059453,2026,TREE B - COMPACT + SEC,0,1,0.65
INTC,2026-08-13,0001193125-26-346806,0.0241947255920518,2026,TREE B - COMPACT + SEC,1,0,0.3317757009345794
TSLA,2026-01-02,0001628280-26-000016,-0.0239679638284353,2026,TREE C - COMPACT + SEC + FINBERT,0,1,0.5022727272727273
AAPL,2026-01-05,0001140361-26-000199,-0.0217799468616566,2026,TREE C - COMPACT + SEC + FINBERT,0,1,0.5022727272727273
AVGO,2026-01-14,0001193125-26-011731,-0.0308274202273529,2026,TREE C - COMPACT + SEC + FINBERT,0,0,0.3317757009345794
META,2026-01-20,0001628280-26-002429,-0.0047584991112157,2026,TREE C - COMPACT + SEC + FINBERT,0,1,0.5022727272727273
NFLX,2026-01-20,0001193125-26-015951,0.0128380428459016,2026,TREE C - COMPACT + SEC + FINBERT,1,1,0.5022727272727273
QCOM,2026-01-20,0000804328-26-000008,-0.0123120567771578,2026,TREE C - COMPACT + SEC + FINBERT,0,1,0.5022727272727273
AMD,2026-01-21,0000002488-26-000002,0.0635771921622683,2026,TREE C - COMPACT + SEC + FINBERT,1,0,0.3317757009345794
NFLX,2026-01-21,0001065280-26-000033,-0.0352924053531309,2026,TREE C - COMPACT + SEC + FINBERT,0,1,0.5022727272727273
INTC,2026-01-23,0000050863-26-000009,-0.1734446087334877,2026,TREE C - COMPACT + SEC + FINBERT,0,0,0.2222222222222222
INTC,2026-01-26,0000050863-26-000031,-0.0616443526820043,2026,TREE C - COMPACT + SEC + FINBERT,0,1,0.5022727272727273
NVDA,2026-01-26,0001045810-26-000003,-0.0107942800846292,2026,TREE C - COMPACT + SEC + FINBERT,0,1,0.5022727272727273
ADBE,2026-01-28,0000796343-26-000019,0.0039508357181503,2026,TREE C - COMPACT + SEC + FINBERT,1,1,0.5022727272727273
META,2026-01-29,0001628280-26-003832,0.1100332620328821,2026,TREE C - COMPACT + SEC + FINBERT,1,0,0.3317757009345794
MSFT,2026-01-29,0001193125-26-027198,-0.0939462490812705,2026,TREE C - COMPACT + SEC + FINBERT,0,0,0.3317757009345794
TSLA,2026-01-29,0001628280-26-003837,-0.0285486210897105,2026,TREE C - COMPACT + SEC + FINBERT,0,1,0.5022727272727273
AAPL,2026-01-30,0000320193-26-000005,0.0166569789377926,2026,TREE C - COMPACT + SEC + FINBERT,1,1,0.5022727272727273
AMD,2026-02-04,0000002488-26-000014,-0.1556754118391105,2026,TREE C - COMPACT + SEC + FINBERT,0,0,0.3317757009345794
GOOGL,2026-02-05,0001652044-26-000012,0.0090205057778721,2026,TREE C - COMPACT + SEC + FINBERT,1,0,0.33962264150943394
QCOM,2026-02-05,0000804328-26-000016,-0.0701637225601233,2026,TREE C - COMPACT + SEC + FINBERT,0,1,0.5022727272727273
AMZN,2026-02-06,0001018724-26-000002,-0.0766859095832953,2026,TREE C - COMPACT + SEC + FINBERT,0,1,0.5022727272727273
GOOGL,2026-02-17,0001193125-26-051423,-0.0110725550963733,2026,TREE C - COMPACT + SEC + FINBERT,0,1,0.5022727272727273
AMD,2026-02-18,0000002488-26-000029,-0.0220427383261037,2026,TREE C - COMPACT + SEC + FINBERT,0,1,0.5022727272727273
AMD,2026-02-24,0000002488-26-000045,0.0769491952441228,2026,TREE C - COMPACT + SEC + FINBERT,1,1,0.5022727272727273
AAPL,2026-02-25,0001140361-26-006577,-0.0068133729662351,2026,TREE C - COMPACT + SEC + FINBERT,0,0,0.3317757009345794
NVDA,2026-02-26,0001045810-26-000019,-0.042496617762763,2026,TREE C - COMPACT + SEC + FINBERT,0,0,0.3317757009345794
AMZN,2026-02-27,0001104659-26-021050,0.0132046120006229,2026,TREE C - COMPACT + SEC + FINBERT,1,1,0.5022727272727273
AVGO,2026-03-03,0001193125-26-085656,-0.0049144362597486,2026,TREE C - COMPACT + SEC + FINBERT,0,1,0.5022727272727273
INTC,2026-03-04,0000050863-26-000044,0.0422975276530752,2026,TREE C - COMPACT + SEC + FINBERT,1,1,0.5022727272727273
AVGO,2026-03-05,0001730168-26-000011,0.0510081539046997,2026,TREE C - COMPACT + SEC + FINBERT,1,1,0.5022727272727273
GOOGL,2026-03-09,0001652044-26-000026,0.0136296578488566,2026,TREE C - COMPACT + SEC + FINBERT,1,1,0.5022727272727273
NVDA,2026-03-09,0001045810-26-000024,0.013806678855444,2026,TREE C - COMPACT + SEC + FINBERT,1,1,0.5022727272727273
ADBE,2026-03-13,0000796343-26-000048,-0.0699123452534083,2026,TREE C - COMPACT + SEC + FINBERT,0,0,0.3317757009345794
AMZN,2026-03-16,0001104659-26-027729,0.0083809647767647,2026,TREE C - COMPACT + SEC + FINBERT,1,1,0.5022727272727273
AMZN,2026-03-17,0001104659-26-028556,0.0114605156306819,2026,TREE C - COMPACT + SEC + FINBERT,1,1,0.6
QCOM,2026-03-20,0000804328-26-000041,0.0079698096776174,2026,TREE C - COMPACT + SEC + FINBERT,1,1,0.5022727272727273
TSLA,2026-04-02,0001628280-26-022956,-0.0553616328176903,2026,TREE C - COMPACT + SEC + FINBERT,0,0,0.3317757009345794
AVGO,2026-04-06,0001193125-26-140574,-0.0063988681204529,2026,TREE C - COMPACT + SEC + FINBERT,0,1,0.5022727272727273
GOOGL,2026-04-06,0001652044-26-000031,0.0082504348362495,2026,TREE C - COMPACT + SEC + FINBERT,1,1,0.5022727272727273
INTC,2026-04-06,0000050863-26-000069,0.0019222474605418,2026,TREE C - COMPACT + SEC + FINBERT,1,0,0.3317757009345794
AVGO,2026-04-07,0001193125-26-144028,0.0619912664480655,2026,TREE C - COMPACT + SEC + FINBERT,1,1,0.5022727272727273
AMZN,2026-04-09,0001104659-26-041034,0.0492804640933421,2026,TREE C - COMPACT + SEC + FINBERT,1,0,0.3317757009345794
INTC,2026-04-09,0000050863-26-000072,0.0402242748034202,2026,TREE C - COMPACT + SEC + FINBERT,1,1,0.6271186440677966
GOOGL,2026-04-13,0001652044-26-000034,0.0024868969699596,2026,TREE C - COMPACT + SEC + FINBERT,1,1,0.65
AMZN,2026-04-14,0001104659-26-042880,0.0199021520163233,2026,TREE C - COMPACT + SEC + FINBERT,1,1,0.6271186440677966
META,2026-04-15,0001628280-26-025108,-0.0002783824166061,2026,TREE C - COMPACT + SEC + FINBERT,0,0,0.3317757009345794
NFLX,2026-04-17,0001065280-26-000137,-0.110310240572915,2026,TREE C - COMPACT + SEC + FINBERT,0,0,0.2222222222222222
AAPL,2026-04-21,0001140361-26-015711,-0.0213933529678685,2026,TREE C - COMPACT + SEC + FINBERT,0,0,0.3317757009345794
ADBE,2026-04-22,0000796343-26-000101,0.0187092090498186,2026,TREE C - COMPACT + SEC + FINBERT,1,0,0.3317757009345794
AVGO,2026-04-22,0001730168-26-000039,0.0341930534958387,2026,TREE C - COMPACT + SEC + FINBERT,1,1,0.6271186440677966
NFLX,2026-04-23,0001065280-26-000139,0.0011281946640834,2026,TREE C - COMPACT + SEC + FINBERT,1,1,0.5022727272727273
TSLA,2026-04-23,0001628280-26-026551,-0.0299535199415285,2026,TREE C - COMPACT + SEC + FINBERT,0,0,0.3317757009345794
INTC,2026-04-24,0000050863-26-000077,0.2168713502986243,2026,TREE C - COMPACT + SEC + FINBERT,1,1,0.6271186440677966
INTC,2026-04-27,0000050863-26-000083,0.0291553468152547,2026,TREE C - COMPACT + SEC + FINBERT,1,0,0.0
NVDA,2026-04-28,0001045810-26-000026,-0.0058242896842328,2026,TREE C - COMPACT + SEC + FINBERT,0,1,0.6271186440677966
AMZN,2026-04-30,0001018724-26-000012,-0.0016468727883254,2026,TREE C - COMPACT + SEC + FINBERT,0,1,0.6271186440677966
GOOGL,2026-04-30,0001652044-26-000043,0.0902907529038123,2026,TREE C - COMPACT + SEC + FINBERT,1,1,0.6271186440677966
META,2026-04-30,0001628280-26-028364,-0.0948266554954643,2026,TREE C - COMPACT + SEC + FINBERT,0,0,0.3317757009345794
MSFT,2026-04-30,0001193125-26-191457,-0.0486231754824486,2026,TREE C - COMPACT + SEC + FINBERT,0,0,0.3317757009345794
QCOM,2026-04-30,0000804328-26-000060,0.1418276564768905,2026,TREE C - COMPACT + SEC + FINBERT,1,0,0.2222222222222222
AAPL,2026-05-01,0000320193-26-000011,0.0227940049742925,2026,TREE C - COMPACT + SEC + FINBERT,1,0,0.3317757009345794
INTC,2026-05-01,0001193125-26-197845,0.0448034171687428,2026,TREE C - COMPACT + SEC + FINBERT,1,0,0.2222222222222222
META,2026-05-05,0001193125-26-204128,-0.0219024667890024,2026,TREE C - COMPACT + SEC + FINBERT,0,1,0.5022727272727273
AMD,2026-05-06,0000002488-26-000072,0.1653710025525319,2026,TREE C - COMPACT + SEC + FINBERT,1,1,0.6271186440677966
NVDA,2026-05-11,0001045810-26-000028,0.0168061992095833,2026,TREE C - COMPACT + SEC + FINBERT,1,0,0.3317757009345794
GOOGL,2026-05-12,0001193125-26-216986,0.0051624834241175,2026,TREE C - COMPACT + SEC + FINBERT,1,1,0.6271186440677966
MSFT,2026-05-15,0001193125-26-224155,0.0455934480664714,2026,TREE C - COMPACT + SEC + FINBERT,1,1,0.5022727272727273
AMD,2026-05-18,0001193125-26-226746,-0.0030308987230113,2026,TREE C - COMPACT + SEC + FINBERT,0,1,0.5022727272727273
INTC,2026-05-18,0000050863-26-000118,-0.0012138983150062,2026,TREE C - COMPACT + SEC + FINBERT,0,1,0.5022727272727273
NVDA,2026-05-21,0001045810-26-000051,-0.0196275026130384,2026,TREE C - COMPACT + SEC + FINBERT,0,1,1.0
GOOGL,2026-05-22,0001193125-26-234488,-0.0163388825753002,2026,TREE C - COMPACT + SEC + FINBERT,0,1,0.5022727272727273
AMZN,2026-05-26,0001104659-26-065717,-0.0216227139416436,2026,TREE C - COMPACT + SEC + FINBERT,0,1,0.5022727272727273
META,2026-06-01,0001628280-26-039193,-0.0566556308874622,2026,TREE C - COMPACT + SEC + FINBERT,0,0,0.3317757009345794
AVGO,2026-06-04,0001730168-26-000051,-0.1210312398743514,2026,TREE C - COMPACT + SEC + FINBERT,0,1,0.6271186440677966
GOOGL,2026-06-05,0001193125-26-257724,0.0381672421712767,2026,TREE C - COMPACT + SEC + FINBERT,1,1,0.5022727272727273
GOOGL,2026-06-08,0001193125-26-259830,-0.0291912288708725,2026,TREE C - COMPACT + SEC + FINBERT,0,1,0.5022727272727273
GOOGL,2026-06-08,0001652044-26-000059,-0.0291912288708725,2026,TREE C - COMPACT + SEC + FINBERT,0,1,0.5022727272727273
NFLX,2026-06-08,0001065280-26-000189,-0.0100182503504155,2026,TREE C - COMPACT + SEC + FINBERT,0,1,0.5022727272727273
AMZN,2026-06-10,0001104659-26-072140,-0.0053726134400394,2026,TREE C - COMPACT + SEC + FINBERT,0,1,0.5022727272727273
AVGO,2026-06-11,0001193125-26-266777,0.0024240754021118,2026,TREE C - COMPACT + SEC + FINBERT,1,1,0.5022727272727273
ADBE,2026-06-12,0000796343-26-000109,-0.0734349532560182,2026,TREE C - COMPACT + SEC + FINBERT,0,0,0.33962264150943394
GOOGL,2026-06-12,0001193125-26-267578,-0.0005460497805231,2026,TREE C - COMPACT + SEC + FINBERT,0,1,0.5022727272727273
AMZN,2026-06-15,0001104659-26-073562,-9.957228603751922e-05,2026,TREE C - COMPACT + SEC + FINBERT,0,1,0.5022727272727273
AVGO,2026-06-18,0001193125-26-275077,0.0218931329896958,2026,TREE C - COMPACT + SEC + FINBERT,1,1,0.5022727272727273
NVDA,2026-06-22,0001193125-26-275783,-0.0071724054817254,2026,TREE C - COMPACT + SEC + FINBERT,0,1,0.5022727272727273
QCOM,2026-06-24,0001104659-26-077071,-0.0286743834556753,2026,TREE C - COMPACT + SEC + FINBERT,0,1,0.5022727272727273
NVDA,2026-07-01,0001045810-26-000056,0.0027055922428425,2026,TREE C - COMPACT + SEC + FINBERT,1,1,0.5022727272727273
AMD,2026-07-02,0000002488-26-000115,-0.0253003437574649,2026,TREE C - COMPACT + SEC + FINBERT,0,1,0.5022727272727273
NVDA,2026-07-02,0001045810-26-000060,0.003415464384313,2026,TREE C - COMPACT + SEC + FINBERT,1,1,0.5022727272727273
TSLA,2026-07-02,0001628280-26-046717,-0.0575543818261817,2026,TREE C - COMPACT + SEC + FINBERT,0,0,0.3317757009345794
AVGO,2026-07-06,0001193125-26-295589,0.0229725241748379,2026,TREE C - COMPACT + SEC + FINBERT,1,1,0.5022727272727273
AMZN,2026-07-10,0001104659-26-082293,-0.0099646140288109,2026,TREE C - COMPACT + SEC + FINBERT,0,1,0.5022727272727273
NFLX,2026-07-17,0001065280-26-000211,-0.057599892179291,2026,TREE C - COMPACT + SEC + FINBERT,0,0,0.3317757009345794
ADBE,2026-07-20,0000796343-26-000120,-0.011629367377381,2026,TREE C - COMPACT + SEC + FINBERT,0,0,0.3317757009345794
GOOGL,2026-07-23,0001652044-26-000066,-0.0523428238232774,2026,TREE C - COMPACT + SEC + FINBERT,0,1,0.5022727272727273
NFLX,2026-07-23,0001193125-26-312575,0.0242366010624127,2026,TREE C - COMPACT + SEC + FINBERT,1,1,0.5022727272727273
TSLA,2026-07-23,0001628280-26-049213,-0.1262533558961757,2026,TREE C - COMPACT + SEC + FINBERT,0,1,0.5022727272727273
INTC,2026-07-24,0000050863-26-000155,-0.0677472957838671,2026,TREE C - COMPACT + SEC + FINBERT,0,1,0.5022727272727273
META,2026-07-30,0001628280-26-050596,-0.1125151041907142,2026,TREE C - COMPACT + SEC + FINBERT,0,1,0.5022727272727273
MSFT,2026-07-30,0001193125-26-323632,0.1220932058569126,2026,TREE C - COMPACT + SEC + FINBERT,1,1,0.5022727272727273
QCOM,2026-07-30,0000804328-26-000085,-0.0591817061233279,2026,TREE C - COMPACT + SEC + FINBERT,0,1,0.5022727272727273
AAPL,2026-07-31,0000320193-26-000018,-0.0800340895161154,2026,TREE C - COMPACT + SEC + FINBERT,0,1,0.5022727272727273
AMZN,2026-07-31,0001018724-26-000024,0.1467103826662883,2026,TREE C - COMPACT + SEC + FINBERT,1,1,0.5022727272727273
NFLX,2026-07-31,0001065280-26-000214,-0.0264490259696927,2026,TREE C - COMPACT + SEC + FINBERT,0,0,0.3317757009345794
QCOM,2026-08-03,0001104659-26-089234,0.0092690762540241,2026,TREE C - COMPACT + SEC + FINBERT,1,1,0.5022727272727273
AMD,2026-08-05,0000002488-26-000121,-0.0613935964812326,2026,TREE C - COMPACT + SEC + FINBERT,0,1,0.5022727272727273
GOOGL,2026-08-11,0001193125-26-342390,-0.0350184491059453,2026,TREE C - COMPACT + SEC + FINBERT,0,1,0.65
INTC,2026-08-13,0001193125-26-346806,0.0241947255920518,2026,TREE C - COMPACT + SEC + FINBERT,1,0,0.3317757009345794
