Ticker,Event_Session,Accession,Abnormal_Event_Return_1D,Test_Year,Model,y_true,y_pred,y_prob
TSLA,2023-01-03,0001564590-23-000002,-0.1156626029715772,2023,LSTM A - MARKET SEQUENCE,0,1,0.51098955
AMZN,2023-01-04,0001193125-23-000849,-0.0126874047892023,2023,LSTM A - MARKET SEQUENCE,0,0,0.40503615
AMZN,2023-01-09,0001193125-23-003621,0.0083966123432253,2023,LSTM A - MARKET SEQUENCE,1,0,0.39324537
NFLX,2023-01-10,0001065280-23-000033,0.0307841637685732,2023,LSTM A - MARKET SEQUENCE,1,0,0.45475972
AMD,2023-01-12,0000002488-23-000003,0.0197908777240125,2023,LSTM A - MARKET SEQUENCE,1,0,0.42718473
MSFT,2023-01-18,0001193125-23-009934,-0.0058892943858197,2023,LSTM A - MARKET SEQUENCE,0,1,0.50620633
ADBE,2023-01-20,0001193125-23-010953,0.0130674405656026,2023,LSTM A - MARKET SEQUENCE,1,0,0.48380402
GOOGL,2023-01-20,0001193125-23-011424,0.0260450407183294,2023,LSTM A - MARKET SEQUENCE,1,0,0.41938663
NFLX,2023-01-20,0001065280-23-000034,0.0572489103058366,2023,LSTM A - MARKET SEQUENCE,1,0,0.481492
GOOGL,2023-01-25,0001652044-23-000005,-0.0231642351820809,2023,LSTM A - MARKET SEQUENCE,0,0,0.40728998
MSFT,2023-01-25,0001193125-23-014230,-0.0036885384161526,2023,LSTM A - MARKET SEQUENCE,0,0,0.48630366
TSLA,2023-01-26,0001564590-23-000799,0.0901749716638331,2023,LSTM A - MARKET SEQUENCE,1,0,0.42734066
ADBE,2023-01-27,0000796343-23-000011,0.0034129275728016,2023,LSTM A - MARKET SEQUENCE,1,0,0.43423736
INTC,2023-01-27,0000050863-23-000005,-0.0740952725446291,2023,LSTM A - MARKET SEQUENCE,0,0,0.42186368
AMD,2023-02-01,0000002488-23-000007,0.1048972177127625,2023,LSTM A - MARKET SEQUENCE,1,0,0.4478849
META,2023-02-02,0001326801-23-000008,0.1969340821892096,2023,LSTM A - MARKET SEQUENCE,1,0,0.4247708
META,2023-02-02,0001326801-23-000015,0.1969340821892096,2023,LSTM A - MARKET SEQUENCE,1,0,0.4247708
AAPL,2023-02-03,0000320193-23-000005,0.0421720294528882,2023,LSTM A - MARKET SEQUENCE,1,0,0.39757895
AMZN,2023-02-03,0001018724-23-000002,-0.0665428705929577,2023,LSTM A - MARKET SEQUENCE,0,0,0.37095872
GOOGL,2023-02-03,0001652044-23-000013,-0.0097015759028906,2023,LSTM A - MARKET SEQUENCE,0,0,0.37469143
QCOM,2023-02-03,0000804328-23-000005,0.0116624683230065,2023,LSTM A - MARKET SEQUENCE,1,0,0.46029356
INTC,2023-02-13,0001193125-23-032608,0.010962445107721,2023,LSTM A - MARKET SEQUENCE,1,0,0.44557902
META,2023-02-14,0001326801-23-000019,-0.0071100853121055,2023,LSTM A - MARKET SEQUENCE,0,0,0.44039497
META,2023-02-16,0001326801-23-000023,-0.0078785764048915,2023,LSTM A - MARKET SEQUENCE,0,0,0.45889425
AMD,2023-02-22,0000002488-23-000040,-0.0028323607186724,2023,LSTM A - MARKET SEQUENCE,0,0,0.49035203
NVDA,2023-02-23,0001045810-23-000014,0.1314801638817893,2023,LSTM A - MARKET SEQUENCE,1,0,0.4715001
NFLX,2023-02-27,0001065280-23-000062,0.0113788143841266,2023,LSTM A - MARKET SEQUENCE,1,0,0.47430953
AVGO,2023-03-03,0001730168-23-000004,0.0363046420744643,2023,LSTM A - MARKET SEQUENCE,1,1,0.5038299
NVDA,2023-03-09,0001045810-23-000039,-0.0134834368810579,2023,LSTM A - MARKET SEQUENCE,0,0,0.47525004
QCOM,2023-03-10,0000804328-23-000014,-0.0032739796234806,2023,LSTM A - MARKET SEQUENCE,0,0,0.49883446
AAPL,2023-03-13,0001140361-23-011192,0.0058497848101484,2023,LSTM A - MARKET SEQUENCE,1,1,0.50089526
META,2023-03-14,0001326801-23-000035,0.0495468949337063,2023,LSTM A - MARKET SEQUENCE,1,0,0.4634166
ADBE,2023-03-16,0000796343-23-000044,0.0326303491875359,2023,LSTM A - MARKET SEQUENCE,1,0,0.47349125
TSLA,2023-04-03,0001564590-23-005126,-0.0587382824851233,2023,LSTM A - MARKET SEQUENCE,0,0,0.4797688
TSLA,2023-04-06,0001564590-23-005462,-0.0092216578915419,2023,LSTM A - MARKET SEQUENCE,0,1,0.51251704
AVGO,2023-04-10,0001730168-23-000052,0.0081945591011061,2023,LSTM A - MARKET SEQUENCE,1,1,0.5008396
META,2023-04-11,0001326801-23-000038,0.0022272286868032,2023,LSTM A - MARKET SEQUENCE,1,0,0.47750586
AMZN,2023-04-13,0001104659-23-044715,0.0271314504206705,2023,LSTM A - MARKET SEQUENCE,1,0,0.4764371
NFLX,2023-04-19,0001065280-23-000119,-0.0312345843673167,2023,LSTM A - MARKET SEQUENCE,0,0,0.453913
TSLA,2023-04-20,0001564590-23-005959,-0.08983375261356,2023,LSTM A - MARKET SEQUENCE,0,1,0.50474554
GOOGL,2023-04-21,0001652044-23-000034,9.63314963853268e-05,2023,LSTM A - MARKET SEQUENCE,1,0,0.4764049
GOOGL,2023-04-24,0001193125-23-110657,0.0073969750384568,2023,LSTM A - MARKET SEQUENCE,1,0,0.4744429
ADBE,2023-04-25,0000796343-23-000084,-0.0016745500728818,2023,LSTM A - MARKET SEQUENCE,0,0,0.45836604
GOOGL,2023-04-26,0001652044-23-000041,-0.0074129552430888,2023,LSTM A - MARKET SEQUENCE,0,0,0.4847389
MSFT,2023-04-26,0001193125-23-115280,0.0663699987899579,2023,LSTM A - MARKET SEQUENCE,1,1,0.5137879
META,2023-04-27,0001326801-23-000063,0.1120642725793501,2023,LSTM A - MARKET SEQUENCE,1,0,0.47818315
AMZN,2023-04-28,0001018724-23-000006,-0.0466911150938218,2023,LSTM A - MARKET SEQUENCE,0,0,0.44564843
INTC,2023-04-28,0000050863-23-000027,0.0332887485186346,2023,LSTM A - MARKET SEQUENCE,1,0,0.43329713
AMD,2023-05-03,0000002488-23-000074,-0.085659162288213,2023,LSTM A - MARKET SEQUENCE,0,0,0.47313747
META,2023-05-04,0001193125-23-134410,-0.0112784218944868,2023,LSTM A - MARKET SEQUENCE,0,0,0.47786698
QCOM,2023-05-04,0000804328-23-000022,-0.0518632055105057,2023,LSTM A - MARKET SEQUENCE,0,1,0.50266236
AAPL,2023-05-05,0000320193-23-000063,0.0256723276771388,2023,LSTM A - MARKET SEQUENCE,1,1,0.5141416
AAPL,2023-05-11,0001140361-23-023909,-0.0021653136587604,2023,LSTM A - MARKET SEQUENCE,0,0,0.49694827
INTC,2023-05-17,0000050863-23-000057,-0.0240824677252745,2023,LSTM A - MARKET SEQUENCE,0,0,0.44805446
AVGO,2023-05-23,0001730168-23-000054,0.024660942351777,2023,LSTM A - MARKET SEQUENCE,1,0,0.46475396
TSLA,2023-05-23,0001564590-23-007379,-0.0037370829792082,2023,LSTM A - MARKET SEQUENCE,0,0,0.40313032
AMD,2023-05-24,0001193125-23-151810,0.0065168573208831,2023,LSTM A - MARKET SEQUENCE,1,0,0.429256
NVDA,2023-05-25,0001045810-23-000087,0.2193635503028916,2023,LSTM A - MARKET SEQUENCE,1,0,0.47795105
AMZN,2023-05-30,0001104659-23-065457,0.0083699568125639,2023,LSTM A - MARKET SEQUENCE,1,0,0.4034804
AVGO,2023-06-02,0001730168-23-000062,0.0204136700299908,2023,LSTM A - MARKET SEQUENCE,1,1,0.51441944
META,2023-06-02,0001326801-23-000083,-0.0074994779699797,2023,LSTM A - MARKET SEQUENCE,0,0,0.43246573
NFLX,2023-06-07,0001065280-23-000173,0.0181674905771941,2023,LSTM A - MARKET SEQUENCE,1,0,0.43441886
GOOGL,2023-06-09,0001193125-23-163590,-0.0030856693114207,2023,LSTM A - MARKET SEQUENCE,0,0,0.49302143
ADBE,2023-06-16,0000796343-23-000133,0.0149912025111474,2023,LSTM A - MARKET SEQUENCE,1,0,0.39995864
NVDA,2023-06-28,0001045810-23-000146,-0.0200762783650921,2023,LSTM A - MARKET SEQUENCE,0,0,0.46623033
TSLA,2023-07-03,0000950170-23-031241,0.0665989378084803,2023,LSTM A - MARKET SEQUENCE,1,1,0.5060743
MSFT,2023-07-05,0001193125-23-181341,0.0005002136380145,2023,LSTM A - MARKET SEQUENCE,1,1,0.5231089
AMD,2023-07-11,0000002488-23-000123,-0.0248384473724802,2023,LSTM A - MARKET SEQUENCE,0,0,0.45804366
NFLX,2023-07-20,0001065280-23-000197,-0.0610580448617663,2023,LSTM A - MARKET SEQUENCE,0,0,0.4691841
TSLA,2023-07-20,0000950170-23-033544,-0.0743183759627788,2023,LSTM A - MARKET SEQUENCE,0,1,0.5108934
TSLA,2023-07-21,0000950170-23-033695,-0.0079554487266981,2023,LSTM A - MARKET SEQUENCE,0,1,0.50644237
QCOM,2023-07-24,0000804328-23-000033,-0.0065684564186472,2023,LSTM A - MARKET SEQUENCE,0,0,0.4638828
NVDA,2023-07-25,0001045810-23-000164,0.0171394492326342,2023,LSTM A - MARKET SEQUENCE,1,0,0.48696572
GOOGL,2023-07-26,0001652044-23-000067,0.061096015137146,2023,LSTM A - MARKET SEQUENCE,1,0,0.49844298
MSFT,2023-07-26,0000950170-23-034400,-0.034310995180814,2023,LSTM A - MARKET SEQUENCE,0,1,0.5089235
META,2023-07-27,0001326801-23-000089,0.0463939054796148,2023,LSTM A - MARKET SEQUENCE,1,0,0.4575966
INTC,2023-07-28,0000050863-23-000068,0.0477766020221386,2023,LSTM A - MARKET SEQUENCE,1,0,0.413243
AMD,2023-08-02,0000002488-23-000135,-0.0482088825118669,2023,LSTM A - MARKET SEQUENCE,0,0,0.4520711
QCOM,2023-08-03,0000804328-23-000042,-0.0801642054340697,2023,LSTM A - MARKET SEQUENCE,0,0,0.48199132
AAPL,2023-08-04,0000320193-23-000075,-0.0433382558458399,2023,LSTM A - MARKET SEQUENCE,0,1,0.5099018
AMZN,2023-08-04,0001018724-23-000010,0.0873752416345134,2023,LSTM A - MARKET SEQUENCE,1,0,0.49478087
TSLA,2023-08-07,0000950170-23-038779,-0.0179603650497207,2023,LSTM A - MARKET SEQUENCE,0,1,0.5056519
INTC,2023-08-16,0000050863-23-000078,-0.0250740547547553,2023,LSTM A - MARKET SEQUENCE,0,0,0.43363327
AVGO,2023-08-17,0001140361-23-040084,0.0038521796142713,2023,LSTM A - MARKET SEQUENCE,1,0,0.48864058
NVDA,2023-08-24,0001045810-23-000171,0.0223732421715135,2023,LSTM A - MARKET SEQUENCE,1,0,0.47161153
AVGO,2023-09-01,0001730168-23-000074,-0.0535203111534513,2023,LSTM A - MARKET SEQUENCE,0,0,0.49565506
NFLX,2023-09-11,0001065280-23-000236,-0.0060013129046143,2023,LSTM A - MARKET SEQUENCE,0,0,0.4316211
AMZN,2023-09-14,0001018724-23-000014,-0.0090747963121458,2023,LSTM A - MARKET SEQUENCE,0,0,0.42142776
ADBE,2023-09-15,0000796343-23-000198,-0.0250204595175781,2023,LSTM A - MARKET SEQUENCE,0,0,0.47901267
TSLA,2023-10-02,0000950170-23-050938,-0.0028302059470439,2023,LSTM A - MARKET SEQUENCE,0,0,0.49109778
INTC,2023-10-06,0000050863-23-000092,-0.0083966624973763,2023,LSTM A - MARKET SEQUENCE,0,0,0.45144293
MSFT,2023-10-12,0001193125-23-254151,-0.0003152475164538,2023,LSTM A - MARKET SEQUENCE,0,0,0.46794102
MSFT,2023-10-13,0001193125-23-255762,0.0022123145096651,2023,LSTM A - MARKET SEQUENCE,1,0,0.47315967
MSFT,2023-10-17,0001104659-23-109428,0.0015315253507084,2023,LSTM A - MARKET SEQUENCE,1,0,0.45390183
NVDA,2023-10-18,0001045810-23-000217,-0.0265289918074216,2023,LSTM A - MARKET SEQUENCE,0,0,0.4386202
AVGO,2023-10-19,0001140361-23-048712,-0.0122885249909284,2023,LSTM A - MARKET SEQUENCE,0,0,0.44419584
NFLX,2023-10-19,0001065280-23-000272,0.1699043433400879,2023,LSTM A - MARKET SEQUENCE,1,0,0.44931266
TSLA,2023-10-19,0001628280-23-034588,-0.0836463982176319,2023,LSTM A - MARKET SEQUENCE,0,0,0.4823453
NVDA,2023-10-24,0001045810-23-000221,0.006281248925126,2023,LSTM A - MARKET SEQUENCE,1,0,0.420134
GOOGL,2023-10-25,0001652044-23-000088,-0.070618261885621,2023,LSTM A - MARKET SEQUENCE,0,0,0.45772725
MSFT,2023-10-25,0000950170-23-054848,0.055153730341209,2023,LSTM A - MARKET SEQUENCE,1,0,0.4425017
META,2023-10-26,0001326801-23-000100,-0.0182578560401341,2023,LSTM A - MARKET SEQUENCE,0,0,0.43941844
ADBE,2023-10-27,0000796343-23-000226,-0.0167792996541474,2023,LSTM A - MARKET SEQUENCE,0,0,0.4413325
AMZN,2023-10-27,0001018724-23-000016,0.0635268378150237,2023,LSTM A - MARKET SEQUENCE,1,0,0.4295281
INTC,2023-10-27,0000050863-23-000100,0.0880648094491469,2023,LSTM A - MARKET SEQUENCE,1,0,0.41194218
MSFT,2023-10-30,0001193125-23-265616,0.0114751896937888,2023,LSTM A - MARKET SEQUENCE,1,0,0.47911477
AVGO,2023-10-31,0001140361-23-050217,-0.0046394395064106,2023,LSTM A - MARKET SEQUENCE,0,0,0.47761476
INTC,2023-10-31,0000050863-23-000109,0.0179130431748688,2023,LSTM A - MARKET SEQUENCE,1,0,0.41482672
AMD,2023-11-01,0000002488-23-000192,0.0794959817223699,2023,LSTM A - MARKET SEQUENCE,1,0,0.43465233
AMZN,2023-11-02,0001104659-23-113444,-0.0103428661391129,2023,LSTM A - MARKET SEQUENCE,0,0,0.42697373
QCOM,2023-11-02,0000804328-23-000054,0.0401928938023197,2023,LSTM A - MARKET SEQUENCE,1,0,0.43210286
AAPL,2023-11-03,0000320193-23-000104,-0.0169300922444676,2023,LSTM A - MARKET SEQUENCE,0,0,0.41714635
MSFT,2023-11-07,0001193125-23-271376,0.0017668223933562,2023,LSTM A - MARKET SEQUENCE,1,0,0.46181384
AVGO,2023-11-22,0001140361-23-054354,-0.0134692814063422,2023,LSTM A - MARKET SEQUENCE,0,0,0.44620565
NVDA,2023-11-22,0001045810-23-000225,-0.0286805579623652,2023,LSTM A - MARKET SEQUENCE,0,0,0.4132796
INTC,2023-12-06,0000050863-23-000128,-0.0097217310167144,2023,LSTM A - MARKET SEQUENCE,0,0,0.44581825
AVGO,2023-12-08,0001730168-23-000093,0.0194411386338015,2023,LSTM A - MARKET SEQUENCE,1,0,0.49244747
MSFT,2023-12-11,0001193125-23-291720,-0.0163716652239583,2023,LSTM A - MARKET SEQUENCE,0,1,0.5064688
NFLX,2023-12-11,0001065280-23-000334,0.004967198493097,2023,LSTM A - MARKET SEQUENCE,1,0,0.4690166
ADBE,2023-12-14,0000796343-23-000252,-0.0626003414615968,2023,LSTM A - MARKET SEQUENCE,0,0,0.4827009
ADBE,2023-12-18,0000796343-23-000254,0.0184159094865186,2023,LSTM A - MARKET SEQUENCE,1,0,0.49766573
TSLA,2023-01-03,0001564590-23-000002,-0.1156626029715772,2023,LSTM B - MARKET SEQUENCE + SEC,0,0,0.4996937
AMZN,2023-01-04,0001193125-23-000849,-0.0126874047892023,2023,LSTM B - MARKET SEQUENCE + SEC,0,0,0.48930982
AMZN,2023-01-09,0001193125-23-003621,0.0083966123432253,2023,LSTM B - MARKET SEQUENCE + SEC,1,0,0.46512884
NFLX,2023-01-10,0001065280-23-000033,0.0307841637685732,2023,LSTM B - MARKET SEQUENCE + SEC,1,0,0.39584687
AMD,2023-01-12,0000002488-23-000003,0.0197908777240125,2023,LSTM B - MARKET SEQUENCE + SEC,1,0,0.404354
MSFT,2023-01-18,0001193125-23-009934,-0.0058892943858197,2023,LSTM B - MARKET SEQUENCE + SEC,0,1,0.52227867
ADBE,2023-01-20,0001193125-23-010953,0.0130674405656026,2023,LSTM B - MARKET SEQUENCE + SEC,1,1,0.5131099
GOOGL,2023-01-20,0001193125-23-011424,0.0260450407183294,2023,LSTM B - MARKET SEQUENCE + SEC,1,0,0.44668934
NFLX,2023-01-20,0001065280-23-000034,0.0572489103058366,2023,LSTM B - MARKET SEQUENCE + SEC,1,0,0.3813954
GOOGL,2023-01-25,0001652044-23-000005,-0.0231642351820809,2023,LSTM B - MARKET SEQUENCE + SEC,0,0,0.45143425
MSFT,2023-01-25,0001193125-23-014230,-0.0036885384161526,2023,LSTM B - MARKET SEQUENCE + SEC,0,1,0.5003534
TSLA,2023-01-26,0001564590-23-000799,0.0901749716638331,2023,LSTM B - MARKET SEQUENCE + SEC,1,0,0.46723437
ADBE,2023-01-27,0000796343-23-000011,0.0034129275728016,2023,LSTM B - MARKET SEQUENCE + SEC,1,0,0.42901728
INTC,2023-01-27,0000050863-23-000005,-0.0740952725446291,2023,LSTM B - MARKET SEQUENCE + SEC,0,0,0.4240196
AMD,2023-02-01,0000002488-23-000007,0.1048972177127625,2023,LSTM B - MARKET SEQUENCE + SEC,1,0,0.43814194
META,2023-02-02,0001326801-23-000008,0.1969340821892096,2023,LSTM B - MARKET SEQUENCE + SEC,1,0,0.44521958
META,2023-02-02,0001326801-23-000015,0.1969340821892096,2023,LSTM B - MARKET SEQUENCE + SEC,1,0,0.40487912
AAPL,2023-02-03,0000320193-23-000005,0.0421720294528882,2023,LSTM B - MARKET SEQUENCE + SEC,1,0,0.45566735
AMZN,2023-02-03,0001018724-23-000002,-0.0665428705929577,2023,LSTM B - MARKET SEQUENCE + SEC,0,0,0.4158629
GOOGL,2023-02-03,0001652044-23-000013,-0.0097015759028906,2023,LSTM B - MARKET SEQUENCE + SEC,0,0,0.4234645
QCOM,2023-02-03,0000804328-23-000005,0.0116624683230065,2023,LSTM B - MARKET SEQUENCE + SEC,1,0,0.44065866
INTC,2023-02-13,0001193125-23-032608,0.010962445107721,2023,LSTM B - MARKET SEQUENCE + SEC,1,0,0.45504355
META,2023-02-14,0001326801-23-000019,-0.0071100853121055,2023,LSTM B - MARKET SEQUENCE + SEC,0,0,0.42074707
META,2023-02-16,0001326801-23-000023,-0.0078785764048915,2023,LSTM B - MARKET SEQUENCE + SEC,0,0,0.4231025
AMD,2023-02-22,0000002488-23-000040,-0.0028323607186724,2023,LSTM B - MARKET SEQUENCE + SEC,0,0,0.42460033
NVDA,2023-02-23,0001045810-23-000014,0.1314801638817893,2023,LSTM B - MARKET SEQUENCE + SEC,1,0,0.48850545
NFLX,2023-02-27,0001065280-23-000062,0.0113788143841266,2023,LSTM B - MARKET SEQUENCE + SEC,1,0,0.46731973
AVGO,2023-03-03,0001730168-23-000004,0.0363046420744643,2023,LSTM B - MARKET SEQUENCE + SEC,1,1,0.5056367
NVDA,2023-03-09,0001045810-23-000039,-0.0134834368810579,2023,LSTM B - MARKET SEQUENCE + SEC,0,0,0.44413495
QCOM,2023-03-10,0000804328-23-000014,-0.0032739796234806,2023,LSTM B - MARKET SEQUENCE + SEC,0,0,0.46291092
AAPL,2023-03-13,0001140361-23-011192,0.0058497848101484,2023,LSTM B - MARKET SEQUENCE + SEC,1,0,0.48416108
META,2023-03-14,0001326801-23-000035,0.0495468949337063,2023,LSTM B - MARKET SEQUENCE + SEC,1,0,0.47409144
ADBE,2023-03-16,0000796343-23-000044,0.0326303491875359,2023,LSTM B - MARKET SEQUENCE + SEC,1,1,0.5000197
TSLA,2023-04-03,0001564590-23-005126,-0.0587382824851233,2023,LSTM B - MARKET SEQUENCE + SEC,0,0,0.47231498
TSLA,2023-04-06,0001564590-23-005462,-0.0092216578915419,2023,LSTM B - MARKET SEQUENCE + SEC,0,0,0.49714795
AVGO,2023-04-10,0001730168-23-000052,0.0081945591011061,2023,LSTM B - MARKET SEQUENCE + SEC,1,0,0.4418033
META,2023-04-11,0001326801-23-000038,0.0022272286868032,2023,LSTM B - MARKET SEQUENCE + SEC,1,0,0.42456934
AMZN,2023-04-13,0001104659-23-044715,0.0271314504206705,2023,LSTM B - MARKET SEQUENCE + SEC,1,0,0.48809126
NFLX,2023-04-19,0001065280-23-000119,-0.0312345843673167,2023,LSTM B - MARKET SEQUENCE + SEC,0,0,0.4347013
TSLA,2023-04-20,0001564590-23-005959,-0.08983375261356,2023,LSTM B - MARKET SEQUENCE + SEC,0,0,0.4925663
GOOGL,2023-04-21,0001652044-23-000034,9.63314963853268e-05,2023,LSTM B - MARKET SEQUENCE + SEC,1,0,0.4885386
GOOGL,2023-04-24,0001193125-23-110657,0.0073969750384568,2023,LSTM B - MARKET SEQUENCE + SEC,1,0,0.4294136
ADBE,2023-04-25,0000796343-23-000084,-0.0016745500728818,2023,LSTM B - MARKET SEQUENCE + SEC,0,0,0.4676638
GOOGL,2023-04-26,0001652044-23-000041,-0.0074129552430888,2023,LSTM B - MARKET SEQUENCE + SEC,0,0,0.4901207
MSFT,2023-04-26,0001193125-23-115280,0.0663699987899579,2023,LSTM B - MARKET SEQUENCE + SEC,1,1,0.5186985
META,2023-04-27,0001326801-23-000063,0.1120642725793501,2023,LSTM B - MARKET SEQUENCE + SEC,1,0,0.48284593
AMZN,2023-04-28,0001018724-23-000006,-0.0466911150938218,2023,LSTM B - MARKET SEQUENCE + SEC,0,0,0.4531704
INTC,2023-04-28,0000050863-23-000027,0.0332887485186346,2023,LSTM B - MARKET SEQUENCE + SEC,1,0,0.41861084
AMD,2023-05-03,0000002488-23-000074,-0.085659162288213,2023,LSTM B - MARKET SEQUENCE + SEC,0,0,0.4642753
META,2023-05-04,0001193125-23-134410,-0.0112784218944868,2023,LSTM B - MARKET SEQUENCE + SEC,0,0,0.47991583
QCOM,2023-05-04,0000804328-23-000022,-0.0518632055105057,2023,LSTM B - MARKET SEQUENCE + SEC,0,0,0.47230995
AAPL,2023-05-05,0000320193-23-000063,0.0256723276771388,2023,LSTM B - MARKET SEQUENCE + SEC,1,1,0.50785315
AAPL,2023-05-11,0001140361-23-023909,-0.0021653136587604,2023,LSTM B - MARKET SEQUENCE + SEC,0,0,0.49359217
INTC,2023-05-17,0000050863-23-000057,-0.0240824677252745,2023,LSTM B - MARKET SEQUENCE + SEC,0,0,0.40542263
AVGO,2023-05-23,0001730168-23-000054,0.024660942351777,2023,LSTM B - MARKET SEQUENCE + SEC,1,0,0.48934618
TSLA,2023-05-23,0001564590-23-007379,-0.0037370829792082,2023,LSTM B - MARKET SEQUENCE + SEC,0,0,0.4302104
AMD,2023-05-24,0001193125-23-151810,0.0065168573208831,2023,LSTM B - MARKET SEQUENCE + SEC,1,0,0.40444276
NVDA,2023-05-25,0001045810-23-000087,0.2193635503028916,2023,LSTM B - MARKET SEQUENCE + SEC,1,0,0.46376997
AMZN,2023-05-30,0001104659-23-065457,0.0083699568125639,2023,LSTM B - MARKET SEQUENCE + SEC,1,0,0.4366034
AVGO,2023-06-02,0001730168-23-000062,0.0204136700299908,2023,LSTM B - MARKET SEQUENCE + SEC,1,1,0.5087347
META,2023-06-02,0001326801-23-000083,-0.0074994779699797,2023,LSTM B - MARKET SEQUENCE + SEC,0,0,0.4442625
NFLX,2023-06-07,0001065280-23-000173,0.0181674905771941,2023,LSTM B - MARKET SEQUENCE + SEC,1,0,0.4434559
GOOGL,2023-06-09,0001193125-23-163590,-0.0030856693114207,2023,LSTM B - MARKET SEQUENCE + SEC,0,0,0.4379682
ADBE,2023-06-16,0000796343-23-000133,0.0149912025111474,2023,LSTM B - MARKET SEQUENCE + SEC,1,0,0.45334393
NVDA,2023-06-28,0001045810-23-000146,-0.0200762783650921,2023,LSTM B - MARKET SEQUENCE + SEC,0,0,0.46292228
TSLA,2023-07-03,0000950170-23-031241,0.0665989378084803,2023,LSTM B - MARKET SEQUENCE + SEC,1,0,0.48917708
MSFT,2023-07-05,0001193125-23-181341,0.0005002136380145,2023,LSTM B - MARKET SEQUENCE + SEC,1,1,0.54289407
AMD,2023-07-11,0000002488-23-000123,-0.0248384473724802,2023,LSTM B - MARKET SEQUENCE + SEC,0,0,0.41843435
NFLX,2023-07-20,0001065280-23-000197,-0.0610580448617663,2023,LSTM B - MARKET SEQUENCE + SEC,0,0,0.42682227
TSLA,2023-07-20,0000950170-23-033544,-0.0743183759627788,2023,LSTM B - MARKET SEQUENCE + SEC,0,0,0.48891056
TSLA,2023-07-21,0000950170-23-033695,-0.0079554487266981,2023,LSTM B - MARKET SEQUENCE + SEC,0,0,0.49306652
QCOM,2023-07-24,0000804328-23-000033,-0.0065684564186472,2023,LSTM B - MARKET SEQUENCE + SEC,0,0,0.47160515
NVDA,2023-07-25,0001045810-23-000164,0.0171394492326342,2023,LSTM B - MARKET SEQUENCE + SEC,1,0,0.4297083
GOOGL,2023-07-26,0001652044-23-000067,0.061096015137146,2023,LSTM B - MARKET SEQUENCE + SEC,1,0,0.41938987
MSFT,2023-07-26,0000950170-23-034400,-0.034310995180814,2023,LSTM B - MARKET SEQUENCE + SEC,0,0,0.49894425
META,2023-07-27,0001326801-23-000089,0.0463939054796148,2023,LSTM B - MARKET SEQUENCE + SEC,1,0,0.4687071
INTC,2023-07-28,0000050863-23-000068,0.0477766020221386,2023,LSTM B - MARKET SEQUENCE + SEC,1,0,0.42239738
AMD,2023-08-02,0000002488-23-000135,-0.0482088825118669,2023,LSTM B - MARKET SEQUENCE + SEC,0,0,0.45006508
QCOM,2023-08-03,0000804328-23-000042,-0.0801642054340697,2023,LSTM B - MARKET SEQUENCE + SEC,0,0,0.45903102
AAPL,2023-08-04,0000320193-23-000075,-0.0433382558458399,2023,LSTM B - MARKET SEQUENCE + SEC,0,1,0.5306699
AMZN,2023-08-04,0001018724-23-000010,0.0873752416345134,2023,LSTM B - MARKET SEQUENCE + SEC,1,0,0.48717484
TSLA,2023-08-07,0000950170-23-038779,-0.0179603650497207,2023,LSTM B - MARKET SEQUENCE + SEC,0,0,0.4532087
INTC,2023-08-16,0000050863-23-000078,-0.0250740547547553,2023,LSTM B - MARKET SEQUENCE + SEC,0,0,0.45226648
AVGO,2023-08-17,0001140361-23-040084,0.0038521796142713,2023,LSTM B - MARKET SEQUENCE + SEC,1,1,0.5239394
NVDA,2023-08-24,0001045810-23-000171,0.0223732421715135,2023,LSTM B - MARKET SEQUENCE + SEC,1,0,0.46460116
AVGO,2023-09-01,0001730168-23-000074,-0.0535203111534513,2023,LSTM B - MARKET SEQUENCE + SEC,0,0,0.49014002
NFLX,2023-09-11,0001065280-23-000236,-0.0060013129046143,2023,LSTM B - MARKET SEQUENCE + SEC,0,0,0.3908842
AMZN,2023-09-14,0001018724-23-000014,-0.0090747963121458,2023,LSTM B - MARKET SEQUENCE + SEC,0,0,0.39308146
ADBE,2023-09-15,0000796343-23-000198,-0.0250204595175781,2023,LSTM B - MARKET SEQUENCE + SEC,0,0,0.4948173
TSLA,2023-10-02,0000950170-23-050938,-0.0028302059470439,2023,LSTM B - MARKET SEQUENCE + SEC,0,0,0.47841713
INTC,2023-10-06,0000050863-23-000092,-0.0083966624973763,2023,LSTM B - MARKET SEQUENCE + SEC,0,0,0.40894857
MSFT,2023-10-12,0001193125-23-254151,-0.0003152475164538,2023,LSTM B - MARKET SEQUENCE + SEC,0,1,0.51682246
MSFT,2023-10-13,0001193125-23-255762,0.0022123145096651,2023,LSTM B - MARKET SEQUENCE + SEC,1,1,0.50532174
MSFT,2023-10-17,0001104659-23-109428,0.0015315253507084,2023,LSTM B - MARKET SEQUENCE + SEC,1,1,0.50569737
NVDA,2023-10-18,0001045810-23-000217,-0.0265289918074216,2023,LSTM B - MARKET SEQUENCE + SEC,0,0,0.44742584
AVGO,2023-10-19,0001140361-23-048712,-0.0122885249909284,2023,LSTM B - MARKET SEQUENCE + SEC,0,0,0.47491693
NFLX,2023-10-19,0001065280-23-000272,0.1699043433400879,2023,LSTM B - MARKET SEQUENCE + SEC,1,0,0.43295774
TSLA,2023-10-19,0001628280-23-034588,-0.0836463982176319,2023,LSTM B - MARKET SEQUENCE + SEC,0,0,0.47338086
NVDA,2023-10-24,0001045810-23-000221,0.006281248925126,2023,LSTM B - MARKET SEQUENCE + SEC,1,0,0.45111686
GOOGL,2023-10-25,0001652044-23-000088,-0.070618261885621,2023,LSTM B - MARKET SEQUENCE + SEC,0,0,0.4019077
MSFT,2023-10-25,0000950170-23-054848,0.055153730341209,2023,LSTM B - MARKET SEQUENCE + SEC,1,0,0.48051682
META,2023-10-26,0001326801-23-000100,-0.0182578560401341,2023,LSTM B - MARKET SEQUENCE + SEC,0,0,0.4554357
ADBE,2023-10-27,0000796343-23-000226,-0.0167792996541474,2023,LSTM B - MARKET SEQUENCE + SEC,0,0,0.43573582
AMZN,2023-10-27,0001018724-23-000016,0.0635268378150237,2023,LSTM B - MARKET SEQUENCE + SEC,1,0,0.45701215
INTC,2023-10-27,0000050863-23-000100,0.0880648094491469,2023,LSTM B - MARKET SEQUENCE + SEC,1,0,0.4171533
MSFT,2023-10-30,0001193125-23-265616,0.0114751896937888,2023,LSTM B - MARKET SEQUENCE + SEC,1,1,0.5193521
AVGO,2023-10-31,0001140361-23-050217,-0.0046394395064106,2023,LSTM B - MARKET SEQUENCE + SEC,0,1,0.50171435
INTC,2023-10-31,0000050863-23-000109,0.0179130431748688,2023,LSTM B - MARKET SEQUENCE + SEC,1,0,0.4502477
AMD,2023-11-01,0000002488-23-000192,0.0794959817223699,2023,LSTM B - MARKET SEQUENCE + SEC,1,0,0.44326657
AMZN,2023-11-02,0001104659-23-113444,-0.0103428661391129,2023,LSTM B - MARKET SEQUENCE + SEC,0,1,0.5133993
QCOM,2023-11-02,0000804328-23-000054,0.0401928938023197,2023,LSTM B - MARKET SEQUENCE + SEC,1,0,0.44346896
AAPL,2023-11-03,0000320193-23-000104,-0.0169300922444676,2023,LSTM B - MARKET SEQUENCE + SEC,0,0,0.4798992
MSFT,2023-11-07,0001193125-23-271376,0.0017668223933562,2023,LSTM B - MARKET SEQUENCE + SEC,1,1,0.502503
AVGO,2023-11-22,0001140361-23-054354,-0.0134692814063422,2023,LSTM B - MARKET SEQUENCE + SEC,0,0,0.49295393
NVDA,2023-11-22,0001045810-23-000225,-0.0286805579623652,2023,LSTM B - MARKET SEQUENCE + SEC,0,0,0.44506168
INTC,2023-12-06,0000050863-23-000128,-0.0097217310167144,2023,LSTM B - MARKET SEQUENCE + SEC,0,0,0.4628169
AVGO,2023-12-08,0001730168-23-000093,0.0194411386338015,2023,LSTM B - MARKET SEQUENCE + SEC,1,1,0.50287914
MSFT,2023-12-11,0001193125-23-291720,-0.0163716652239583,2023,LSTM B - MARKET SEQUENCE + SEC,0,0,0.4953671
NFLX,2023-12-11,0001065280-23-000334,0.004967198493097,2023,LSTM B - MARKET SEQUENCE + SEC,1,0,0.39496225
ADBE,2023-12-14,0000796343-23-000252,-0.0626003414615968,2023,LSTM B - MARKET SEQUENCE + SEC,0,0,0.4507982
ADBE,2023-12-18,0000796343-23-000254,0.0184159094865186,2023,LSTM B - MARKET SEQUENCE + SEC,1,1,0.53044224
TSLA,2023-01-03,0001564590-23-000002,-0.1156626029715772,2023,LSTM C - MARKET SEQUENCE + SEC + FINBERT,0,0,0.4573044
AMZN,2023-01-04,0001193125-23-000849,-0.0126874047892023,2023,LSTM C - MARKET SEQUENCE + SEC + FINBERT,0,0,0.42685285
AMZN,2023-01-09,0001193125-23-003621,0.0083966123432253,2023,LSTM C - MARKET SEQUENCE + SEC + FINBERT,1,0,0.43242913
NFLX,2023-01-10,0001065280-23-000033,0.0307841637685732,2023,LSTM C - MARKET SEQUENCE + SEC + FINBERT,1,0,0.44070885
AMD,2023-01-12,0000002488-23-000003,0.0197908777240125,2023,LSTM C - MARKET SEQUENCE + SEC + FINBERT,1,0,0.43928567
MSFT,2023-01-18,0001193125-23-009934,-0.0058892943858197,2023,LSTM C - MARKET SEQUENCE + SEC + FINBERT,0,0,0.46285462
ADBE,2023-01-20,0001193125-23-010953,0.0130674405656026,2023,LSTM C - MARKET SEQUENCE + SEC + FINBERT,1,0,0.4551109
GOOGL,2023-01-20,0001193125-23-011424,0.0260450407183294,2023,LSTM C - MARKET SEQUENCE + SEC + FINBERT,1,0,0.4477989
NFLX,2023-01-20,0001065280-23-000034,0.0572489103058366,2023,LSTM C - MARKET SEQUENCE + SEC + FINBERT,1,0,0.42931327
GOOGL,2023-01-25,0001652044-23-000005,-0.0231642351820809,2023,LSTM C - MARKET SEQUENCE + SEC + FINBERT,0,0,0.46517125
MSFT,2023-01-25,0001193125-23-014230,-0.0036885384161526,2023,LSTM C - MARKET SEQUENCE + SEC + FINBERT,0,0,0.47555244
TSLA,2023-01-26,0001564590-23-000799,0.0901749716638331,2023,LSTM C - MARKET SEQUENCE + SEC + FINBERT,1,0,0.45783558
ADBE,2023-01-27,0000796343-23-000011,0.0034129275728016,2023,LSTM C - MARKET SEQUENCE + SEC + FINBERT,1,0,0.45458782
INTC,2023-01-27,0000050863-23-000005,-0.0740952725446291,2023,LSTM C - MARKET SEQUENCE + SEC + FINBERT,0,0,0.44321585
AMD,2023-02-01,0000002488-23-000007,0.1048972177127625,2023,LSTM C - MARKET SEQUENCE + SEC + FINBERT,1,0,0.4436971
META,2023-02-02,0001326801-23-000008,0.1969340821892096,2023,LSTM C - MARKET SEQUENCE + SEC + FINBERT,1,0,0.43891552
META,2023-02-02,0001326801-23-000015,0.1969340821892096,2023,LSTM C - MARKET SEQUENCE + SEC + FINBERT,1,0,0.43421912
AAPL,2023-02-03,0000320193-23-000005,0.0421720294528882,2023,LSTM C - MARKET SEQUENCE + SEC + FINBERT,1,0,0.4446241
AMZN,2023-02-03,0001018724-23-000002,-0.0665428705929577,2023,LSTM C - MARKET SEQUENCE + SEC + FINBERT,0,0,0.4443614
GOOGL,2023-02-03,0001652044-23-000013,-0.0097015759028906,2023,LSTM C - MARKET SEQUENCE + SEC + FINBERT,0,0,0.45917553
QCOM,2023-02-03,0000804328-23-000005,0.0116624683230065,2023,LSTM C - MARKET SEQUENCE + SEC + FINBERT,1,0,0.47855818
INTC,2023-02-13,0001193125-23-032608,0.010962445107721,2023,LSTM C - MARKET SEQUENCE + SEC + FINBERT,1,0,0.43632045
META,2023-02-14,0001326801-23-000019,-0.0071100853121055,2023,LSTM C - MARKET SEQUENCE + SEC + FINBERT,0,0,0.43338993
META,2023-02-16,0001326801-23-000023,-0.0078785764048915,2023,LSTM C - MARKET SEQUENCE + SEC + FINBERT,0,0,0.43836543
AMD,2023-02-22,0000002488-23-000040,-0.0028323607186724,2023,LSTM C - MARKET SEQUENCE + SEC + FINBERT,0,0,0.45461348
NVDA,2023-02-23,0001045810-23-000014,0.1314801638817893,2023,LSTM C - MARKET SEQUENCE + SEC + FINBERT,1,0,0.45404035
NFLX,2023-02-27,0001065280-23-000062,0.0113788143841266,2023,LSTM C - MARKET SEQUENCE + SEC + FINBERT,1,0,0.4153518
AVGO,2023-03-03,0001730168-23-000004,0.0363046420744643,2023,LSTM C - MARKET SEQUENCE + SEC + FINBERT,1,0,0.4517194
NVDA,2023-03-09,0001045810-23-000039,-0.0134834368810579,2023,LSTM C - MARKET SEQUENCE + SEC + FINBERT,0,0,0.4557857
QCOM,2023-03-10,0000804328-23-000014,-0.0032739796234806,2023,LSTM C - MARKET SEQUENCE + SEC + FINBERT,0,0,0.44478053
AAPL,2023-03-13,0001140361-23-011192,0.0058497848101484,2023,LSTM C - MARKET SEQUENCE + SEC + FINBERT,1,0,0.4665287
META,2023-03-14,0001326801-23-000035,0.0495468949337063,2023,LSTM C - MARKET SEQUENCE + SEC + FINBERT,1,0,0.43854886
ADBE,2023-03-16,0000796343-23-000044,0.0326303491875359,2023,LSTM C - MARKET SEQUENCE + SEC + FINBERT,1,0,0.45208257
TSLA,2023-04-03,0001564590-23-005126,-0.0587382824851233,2023,LSTM C - MARKET SEQUENCE + SEC + FINBERT,0,0,0.4749448
TSLA,2023-04-06,0001564590-23-005462,-0.0092216578915419,2023,LSTM C - MARKET SEQUENCE + SEC + FINBERT,0,0,0.47078505
AVGO,2023-04-10,0001730168-23-000052,0.0081945591011061,2023,LSTM C - MARKET SEQUENCE + SEC + FINBERT,1,0,0.45294493
META,2023-04-11,0001326801-23-000038,0.0022272286868032,2023,LSTM C - MARKET SEQUENCE + SEC + FINBERT,1,0,0.44347194
AMZN,2023-04-13,0001104659-23-044715,0.0271314504206705,2023,LSTM C - MARKET SEQUENCE + SEC + FINBERT,1,0,0.44454694
NFLX,2023-04-19,0001065280-23-000119,-0.0312345843673167,2023,LSTM C - MARKET SEQUENCE + SEC + FINBERT,0,0,0.4379238
TSLA,2023-04-20,0001564590-23-005959,-0.08983375261356,2023,LSTM C - MARKET SEQUENCE + SEC + FINBERT,0,0,0.48105422
GOOGL,2023-04-21,0001652044-23-000034,9.63314963853268e-05,2023,LSTM C - MARKET SEQUENCE + SEC + FINBERT,1,0,0.47383094
GOOGL,2023-04-24,0001193125-23-110657,0.0073969750384568,2023,LSTM C - MARKET SEQUENCE + SEC + FINBERT,1,0,0.44746122
ADBE,2023-04-25,0000796343-23-000084,-0.0016745500728818,2023,LSTM C - MARKET SEQUENCE + SEC + FINBERT,0,0,0.44158795
GOOGL,2023-04-26,0001652044-23-000041,-0.0074129552430888,2023,LSTM C - MARKET SEQUENCE + SEC + FINBERT,0,0,0.48384777
MSFT,2023-04-26,0001193125-23-115280,0.0663699987899579,2023,LSTM C - MARKET SEQUENCE + SEC + FINBERT,1,0,0.4538765
META,2023-04-27,0001326801-23-000063,0.1120642725793501,2023,LSTM C - MARKET SEQUENCE + SEC + FINBERT,1,0,0.44714993
AMZN,2023-04-28,0001018724-23-000006,-0.0466911150938218,2023,LSTM C - MARKET SEQUENCE + SEC + FINBERT,0,0,0.45167103
INTC,2023-04-28,0000050863-23-000027,0.0332887485186346,2023,LSTM C - MARKET SEQUENCE + SEC + FINBERT,1,0,0.4109684
AMD,2023-05-03,0000002488-23-000074,-0.085659162288213,2023,LSTM C - MARKET SEQUENCE + SEC + FINBERT,0,0,0.45505324
META,2023-05-04,0001193125-23-134410,-0.0112784218944868,2023,LSTM C - MARKET SEQUENCE + SEC + FINBERT,0,0,0.45943478
QCOM,2023-05-04,0000804328-23-000022,-0.0518632055105057,2023,LSTM C - MARKET SEQUENCE + SEC + FINBERT,0,0,0.48180154
AAPL,2023-05-05,0000320193-23-000063,0.0256723276771388,2023,LSTM C - MARKET SEQUENCE + SEC + FINBERT,1,0,0.45746815
AAPL,2023-05-11,0001140361-23-023909,-0.0021653136587604,2023,LSTM C - MARKET SEQUENCE + SEC + FINBERT,0,0,0.4841043
INTC,2023-05-17,0000050863-23-000057,-0.0240824677252745,2023,LSTM C - MARKET SEQUENCE + SEC + FINBERT,0,0,0.43174487
AVGO,2023-05-23,0001730168-23-000054,0.024660942351777,2023,LSTM C - MARKET SEQUENCE + SEC + FINBERT,1,0,0.46438465
TSLA,2023-05-23,0001564590-23-007379,-0.0037370829792082,2023,LSTM C - MARKET SEQUENCE + SEC + FINBERT,0,0,0.43851492
AMD,2023-05-24,0001193125-23-151810,0.0065168573208831,2023,LSTM C - MARKET SEQUENCE + SEC + FINBERT,1,0,0.4487433
NVDA,2023-05-25,0001045810-23-000087,0.2193635503028916,2023,LSTM C - MARKET SEQUENCE + SEC + FINBERT,1,0,0.46933922
AMZN,2023-05-30,0001104659-23-065457,0.0083699568125639,2023,LSTM C - MARKET SEQUENCE + SEC + FINBERT,1,0,0.43823442
AVGO,2023-06-02,0001730168-23-000062,0.0204136700299908,2023,LSTM C - MARKET SEQUENCE + SEC + FINBERT,1,0,0.47821334
META,2023-06-02,0001326801-23-000083,-0.0074994779699797,2023,LSTM C - MARKET SEQUENCE + SEC + FINBERT,0,0,0.44037312
NFLX,2023-06-07,0001065280-23-000173,0.0181674905771941,2023,LSTM C - MARKET SEQUENCE + SEC + FINBERT,1,0,0.45060205
GOOGL,2023-06-09,0001193125-23-163590,-0.0030856693114207,2023,LSTM C - MARKET SEQUENCE + SEC + FINBERT,0,0,0.4525417
ADBE,2023-06-16,0000796343-23-000133,0.0149912025111474,2023,LSTM C - MARKET SEQUENCE + SEC + FINBERT,1,0,0.4626411
NVDA,2023-06-28,0001045810-23-000146,-0.0200762783650921,2023,LSTM C - MARKET SEQUENCE + SEC + FINBERT,0,0,0.44020453
TSLA,2023-07-03,0000950170-23-031241,0.0665989378084803,2023,LSTM C - MARKET SEQUENCE + SEC + FINBERT,1,0,0.48896015
MSFT,2023-07-05,0001193125-23-181341,0.0005002136380145,2023,LSTM C - MARKET SEQUENCE + SEC + FINBERT,1,0,0.4815368
AMD,2023-07-11,0000002488-23-000123,-0.0248384473724802,2023,LSTM C - MARKET SEQUENCE + SEC + FINBERT,0,0,0.45594335
NFLX,2023-07-20,0001065280-23-000197,-0.0610580448617663,2023,LSTM C - MARKET SEQUENCE + SEC + FINBERT,0,0,0.44545898
TSLA,2023-07-20,0000950170-23-033544,-0.0743183759627788,2023,LSTM C - MARKET SEQUENCE + SEC + FINBERT,0,0,0.4954774
TSLA,2023-07-21,0000950170-23-033695,-0.0079554487266981,2023,LSTM C - MARKET SEQUENCE + SEC + FINBERT,0,0,0.47713143
QCOM,2023-07-24,0000804328-23-000033,-0.0065684564186472,2023,LSTM C - MARKET SEQUENCE + SEC + FINBERT,0,0,0.45396173
NVDA,2023-07-25,0001045810-23-000164,0.0171394492326342,2023,LSTM C - MARKET SEQUENCE + SEC + FINBERT,1,0,0.46081778
GOOGL,2023-07-26,0001652044-23-000067,0.061096015137146,2023,LSTM C - MARKET SEQUENCE + SEC + FINBERT,1,0,0.4488048
MSFT,2023-07-26,0000950170-23-034400,-0.034310995180814,2023,LSTM C - MARKET SEQUENCE + SEC + FINBERT,0,0,0.45282188
META,2023-07-27,0001326801-23-000089,0.0463939054796148,2023,LSTM C - MARKET SEQUENCE + SEC + FINBERT,1,0,0.43450198
INTC,2023-07-28,0000050863-23-000068,0.0477766020221386,2023,LSTM C - MARKET SEQUENCE + SEC + FINBERT,1,0,0.4339625
AMD,2023-08-02,0000002488-23-000135,-0.0482088825118669,2023,LSTM C - MARKET SEQUENCE + SEC + FINBERT,0,0,0.44495866
QCOM,2023-08-03,0000804328-23-000042,-0.0801642054340697,2023,LSTM C - MARKET SEQUENCE + SEC + FINBERT,0,0,0.4939789
AAPL,2023-08-04,0000320193-23-000075,-0.0433382558458399,2023,LSTM C - MARKET SEQUENCE + SEC + FINBERT,0,0,0.46486798
AMZN,2023-08-04,0001018724-23-000010,0.0873752416345134,2023,LSTM C - MARKET SEQUENCE + SEC + FINBERT,1,0,0.4688523
TSLA,2023-08-07,0000950170-23-038779,-0.0179603650497207,2023,LSTM C - MARKET SEQUENCE + SEC + FINBERT,0,0,0.465041
INTC,2023-08-16,0000050863-23-000078,-0.0250740547547553,2023,LSTM C - MARKET SEQUENCE + SEC + FINBERT,0,0,0.43932456
AVGO,2023-08-17,0001140361-23-040084,0.0038521796142713,2023,LSTM C - MARKET SEQUENCE + SEC + FINBERT,1,0,0.45031217
NVDA,2023-08-24,0001045810-23-000171,0.0223732421715135,2023,LSTM C - MARKET SEQUENCE + SEC + FINBERT,1,0,0.44321686
AVGO,2023-09-01,0001730168-23-000074,-0.0535203111534513,2023,LSTM C - MARKET SEQUENCE + SEC + FINBERT,0,0,0.4560446
NFLX,2023-09-11,0001065280-23-000236,-0.0060013129046143,2023,LSTM C - MARKET SEQUENCE + SEC + FINBERT,0,0,0.4388161
AMZN,2023-09-14,0001018724-23-000014,-0.0090747963121458,2023,LSTM C - MARKET SEQUENCE + SEC + FINBERT,0,0,0.42596272
ADBE,2023-09-15,0000796343-23-000198,-0.0250204595175781,2023,LSTM C - MARKET SEQUENCE + SEC + FINBERT,0,0,0.45135108
TSLA,2023-10-02,0000950170-23-050938,-0.0028302059470439,2023,LSTM C - MARKET SEQUENCE + SEC + FINBERT,0,0,0.47302243
INTC,2023-10-06,0000050863-23-000092,-0.0083966624973763,2023,LSTM C - MARKET SEQUENCE + SEC + FINBERT,0,0,0.43934324
MSFT,2023-10-12,0001193125-23-254151,-0.0003152475164538,2023,LSTM C - MARKET SEQUENCE + SEC + FINBERT,0,0,0.47493005
MSFT,2023-10-13,0001193125-23-255762,0.0022123145096651,2023,LSTM C - MARKET SEQUENCE + SEC + FINBERT,1,0,0.47640604
MSFT,2023-10-17,0001104659-23-109428,0.0015315253507084,2023,LSTM C - MARKET SEQUENCE + SEC + FINBERT,1,0,0.46630454
NVDA,2023-10-18,0001045810-23-000217,-0.0265289918074216,2023,LSTM C - MARKET SEQUENCE + SEC + FINBERT,0,0,0.43574739
AVGO,2023-10-19,0001140361-23-048712,-0.0122885249909284,2023,LSTM C - MARKET SEQUENCE + SEC + FINBERT,0,0,0.4572305
NFLX,2023-10-19,0001065280-23-000272,0.1699043433400879,2023,LSTM C - MARKET SEQUENCE + SEC + FINBERT,1,0,0.40659013
TSLA,2023-10-19,0001628280-23-034588,-0.0836463982176319,2023,LSTM C - MARKET SEQUENCE + SEC + FINBERT,0,0,0.46547282
NVDA,2023-10-24,0001045810-23-000221,0.006281248925126,2023,LSTM C - MARKET SEQUENCE + SEC + FINBERT,1,0,0.40660763
GOOGL,2023-10-25,0001652044-23-000088,-0.070618261885621,2023,LSTM C - MARKET SEQUENCE + SEC + FINBERT,0,0,0.43335783
MSFT,2023-10-25,0000950170-23-054848,0.055153730341209,2023,LSTM C - MARKET SEQUENCE + SEC + FINBERT,1,0,0.43347275
META,2023-10-26,0001326801-23-000100,-0.0182578560401341,2023,LSTM C - MARKET SEQUENCE + SEC + FINBERT,0,0,0.43843022
ADBE,2023-10-27,0000796343-23-000226,-0.0167792996541474,2023,LSTM C - MARKET SEQUENCE + SEC + FINBERT,0,0,0.429144
AMZN,2023-10-27,0001018724-23-000016,0.0635268378150237,2023,LSTM C - MARKET SEQUENCE + SEC + FINBERT,1,0,0.42316484
INTC,2023-10-27,0000050863-23-000100,0.0880648094491469,2023,LSTM C - MARKET SEQUENCE + SEC + FINBERT,1,0,0.4077704
MSFT,2023-10-30,0001193125-23-265616,0.0114751896937888,2023,LSTM C - MARKET SEQUENCE + SEC + FINBERT,1,0,0.46884525
AVGO,2023-10-31,0001140361-23-050217,-0.0046394395064106,2023,LSTM C - MARKET SEQUENCE + SEC + FINBERT,0,0,0.44906616
INTC,2023-10-31,0000050863-23-000109,0.0179130431748688,2023,LSTM C - MARKET SEQUENCE + SEC + FINBERT,1,0,0.42885593
AMD,2023-11-01,0000002488-23-000192,0.0794959817223699,2023,LSTM C - MARKET SEQUENCE + SEC + FINBERT,1,0,0.42072693
AMZN,2023-11-02,0001104659-23-113444,-0.0103428661391129,2023,LSTM C - MARKET SEQUENCE + SEC + FINBERT,0,0,0.45774612
QCOM,2023-11-02,0000804328-23-000054,0.0401928938023197,2023,LSTM C - MARKET SEQUENCE + SEC + FINBERT,1,0,0.46651688
AAPL,2023-11-03,0000320193-23-000104,-0.0169300922444676,2023,LSTM C - MARKET SEQUENCE + SEC + FINBERT,0,0,0.44782385
MSFT,2023-11-07,0001193125-23-271376,0.0017668223933562,2023,LSTM C - MARKET SEQUENCE + SEC + FINBERT,1,0,0.47603485
AVGO,2023-11-22,0001140361-23-054354,-0.0134692814063422,2023,LSTM C - MARKET SEQUENCE + SEC + FINBERT,0,0,0.4502143
NVDA,2023-11-22,0001045810-23-000225,-0.0286805579623652,2023,LSTM C - MARKET SEQUENCE + SEC + FINBERT,0,0,0.44177318
INTC,2023-12-06,0000050863-23-000128,-0.0097217310167144,2023,LSTM C - MARKET SEQUENCE + SEC + FINBERT,0,0,0.45885164
AVGO,2023-12-08,0001730168-23-000093,0.0194411386338015,2023,LSTM C - MARKET SEQUENCE + SEC + FINBERT,1,0,0.4502608
MSFT,2023-12-11,0001193125-23-291720,-0.0163716652239583,2023,LSTM C - MARKET SEQUENCE + SEC + FINBERT,0,0,0.45837814
NFLX,2023-12-11,0001065280-23-000334,0.004967198493097,2023,LSTM C - MARKET SEQUENCE + SEC + FINBERT,1,0,0.42983794
ADBE,2023-12-14,0000796343-23-000252,-0.0626003414615968,2023,LSTM C - MARKET SEQUENCE + SEC + FINBERT,0,0,0.45430967
ADBE,2023-12-18,0000796343-23-000254,0.0184159094865186,2023,LSTM C - MARKET SEQUENCE + SEC + FINBERT,1,0,0.47220254
TSLA,2024-01-03,0000950170-24-000282,-0.029552132706404,2024,LSTM A - MARKET SEQUENCE,0,0,0.47072122
INTC,2024-01-04,0000050863-24-000003,0.0013208657416328,2024,LSTM A - MARKET SEQUENCE,1,0,0.49915025
META,2024-01-18,0001326801-24-000003,0.0068714394556175,2024,LSTM A - MARKET SEQUENCE,1,1,0.50342363
MSFT,2024-01-22,0001193125-24-011295,-0.0067238746445128,2024,LSTM A - MARKET SEQUENCE,0,0,0.477548
NFLX,2024-01-24,0001065280-24-000029,0.1014825443873539,2024,LSTM A - MARKET SEQUENCE,1,0,0.48987794
QCOM,2024-01-24,0000804328-24-000005,0.0001185483007555,2024,LSTM A - MARKET SEQUENCE,1,0,0.47985333
TSLA,2024-01-25,0000950170-24-007073,-0.1224740376745285,2024,LSTM A - MARKET SEQUENCE,0,0,0.46523947
INTC,2024-01-26,0000050863-24-000008,-0.1131140495018067,2024,LSTM A - MARKET SEQUENCE,0,0,0.49538407
ADBE,2024-01-29,0000796343-24-000024,0.0163098936742871,2024,LSTM A - MARKET SEQUENCE,1,0,0.4913317
AMD,2024-01-31,0000002488-24-000009,-0.0058118234245958,2024,LSTM A - MARKET SEQUENCE,0,0,0.4938668
GOOGL,2024-01-31,0001652044-24-000014,-0.0554170885607413,2024,LSTM A - MARKET SEQUENCE,0,0,0.45953795
MSFT,2024-01-31,0000950170-24-008809,-0.00736009170046,2024,LSTM A - MARKET SEQUENCE,0,0,0.47845381
QCOM,2024-02-01,0000804328-24-000015,-0.0616038187076641,2024,LSTM A - MARKET SEQUENCE,0,0,0.47841865
AAPL,2024-02-02,0000320193-24-000005,-0.0223059383692889,2024,LSTM A - MARKET SEQUENCE,0,0,0.49002084
AMZN,2024-02-02,0001018724-24-000006,0.0617658265277774,2024,LSTM A - MARKET SEQUENCE,1,0,0.4845291
META,2024-02-02,0001326801-24-000010,0.1862758363065153,2024,LSTM A - MARKET SEQUENCE,1,0,0.49092603
GOOGL,2024-02-09,0001652044-24-000032,0.0113345458828839,2024,LSTM A - MARKET SEQUENCE,1,0,0.47065863
AVGO,2024-02-12,0001140361-24-006724,-0.0104549920219344,2024,LSTM A - MARKET SEQUENCE,0,0,0.46554795
META,2024-02-15,0001326801-24-000019,0.019736042790619,2024,LSTM A - MARKET SEQUENCE,1,0,0.49777713
INTC,2024-02-20,0000050863-24-000033,0.030761207112588,2024,LSTM A - MARKET SEQUENCE,1,0,0.49511123
AMD,2024-02-21,0001628280-24-005593,-0.0044478577490031,2024,LSTM A - MARKET SEQUENCE,0,1,0.50398487
INTC,2024-02-22,0001193125-24-041435,-0.0405478899608676,2024,LSTM A - MARKET SEQUENCE,0,0,0.49461314
NVDA,2024-02-22,0001045810-24-000028,0.1347330165436682,2024,LSTM A - MARKET SEQUENCE,1,0,0.47436702
AAPL,2024-02-29,0001140361-24-010155,-0.0122624655956898,2024,LSTM A - MARKET SEQUENCE,0,0,0.48727214
AVGO,2024-03-08,0001730168-24-000012,-0.0554224960816073,2024,LSTM A - MARKET SEQUENCE,0,0,0.45737106
QCOM,2024-03-08,0000804328-24-000020,-0.0148729957619656,2024,LSTM A - MARKET SEQUENCE,0,0,0.47409582
INTC,2024-03-14,0000050863-24-000036,-0.0085821226346747,2024,LSTM A - MARKET SEQUENCE,0,0,0.496138
ADBE,2024-03-15,0000796343-24-000057,-0.1248298560785117,2024,LSTM A - MARKET SEQUENCE,0,0,0.48525864
NVDA,2024-03-15,0001045810-24-000069,0.010670162639536,2024,LSTM A - MARKET SEQUENCE,1,0,0.4783326
INTC,2024-04-03,0000050863-24-000068,-0.0844015754415581,2024,LSTM A - MARKET SEQUENCE,0,0,0.492177
TSLA,2024-04-03,0000950170-24-040274,0.0082580205460329,2024,LSTM A - MARKET SEQUENCE,1,0,0.46294644
ADBE,2024-04-05,0001193125-24-087244,-0.0158691774008384,2024,LSTM A - MARKET SEQUENCE,0,0,0.4903178
AMZN,2024-04-11,0001104659-24-045915,0.0007030203450197,2024,LSTM A - MARKET SEQUENCE,1,0,0.49413466
TSLA,2024-04-16,0000950170-24-044588,-0.0271550790003385,2024,LSTM A - MARKET SEQUENCE,0,0,0.46662286
NFLX,2024-04-19,0001065280-24-000127,-0.0702437021508806,2024,LSTM A - MARKET SEQUENCE,0,0,0.49776337
ADBE,2024-04-22,0000796343-24-000086,-0.0060351498461006,2024,LSTM A - MARKET SEQUENCE,0,0,0.4875079
AVGO,2024-04-24,0001730168-24-000055,0.0027202176051119,2024,LSTM A - MARKET SEQUENCE,1,0,0.46695325
TSLA,2024-04-24,0000950170-24-046895,0.1172234242258121,2024,LSTM A - MARKET SEQUENCE,1,0,0.46476784
META,2024-04-25,0001326801-24-000044,-0.1007828326512643,2024,LSTM A - MARKET SEQUENCE,0,0,0.4899659
GOOGL,2024-04-26,0001652044-24-000047,0.0868120410411665,2024,LSTM A - MARKET SEQUENCE,1,0,0.46441576
INTC,2024-04-26,0000050863-24-000074,-0.1074282063052449,2024,LSTM A - MARKET SEQUENCE,0,0,0.48802006
MSFT,2024-04-26,0000950170-24-048268,0.0028119746505765,2024,LSTM A - MARKET SEQUENCE,1,0,0.47204983
AMD,2024-05-01,0000002488-24-000054,-0.0818590805494118,2024,LSTM A - MARKET SEQUENCE,0,0,0.48826662
AMZN,2024-05-01,0001018724-24-000081,0.0300875949213443,2024,LSTM A - MARKET SEQUENCE,1,0,0.48596278
QCOM,2024-05-02,0000804328-24-000038,0.0846712442402795,2024,LSTM A - MARKET SEQUENCE,1,0,0.47473806
AAPL,2024-05-03,0000320193-24-000067,0.0397177621053623,2024,LSTM A - MARKET SEQUENCE,1,0,0.4752926
AAPL,2024-05-06,0001140361-24-024352,-0.0200602379123682,2024,LSTM A - MARKET SEQUENCE,0,0,0.48717207
AMZN,2024-05-06,0001104659-24-057026,0.0024184940626126,2024,LSTM A - MARKET SEQUENCE,1,0,0.49408764
INTC,2024-05-08,0000050863-24-000086,-0.0215737571496704,2024,LSTM A - MARKET SEQUENCE,0,0,0.4918049
QCOM,2024-05-09,0000804328-24-000042,-0.0022370667146321,2024,LSTM A - MARKET SEQUENCE,0,0,0.471377
INTC,2024-05-10,0000050863-24-000093,-0.0103340752317097,2024,LSTM A - MARKET SEQUENCE,0,0,0.4896529
AMD,2024-05-14,0000002488-24-000076,0.010836719386652,2024,LSTM A - MARKET SEQUENCE,1,0,0.48881963
AMZN,2024-05-15,0001104659-24-061143,-0.0214035828102581,2024,LSTM A - MARKET SEQUENCE,0,0,0.49300024
NVDA,2024-05-23,0001045810-24-000113,0.0976949075031965,2024,LSTM A - MARKET SEQUENCE,1,0,0.46204928
AMZN,2024-05-28,0001104659-24-065117,0.0039677844666901,2024,LSTM A - MARKET SEQUENCE,1,0,0.49850523
META,2024-06-03,0001326801-24-000057,0.0174655926294444,2024,LSTM A - MARKET SEQUENCE,1,0,0.49794468
GOOGL,2024-06-05,0001193125-24-154725,-0.0108380197823509,2024,LSTM A - MARKET SEQUENCE,0,0,0.47017372
INTC,2024-06-05,0000050863-24-000103,0.0048153149112701,2024,LSTM A - MARKET SEQUENCE,1,0,0.48688918
GOOGL,2024-06-10,0001193125-24-157498,0.0002646731088924,2024,LSTM A - MARKET SEQUENCE,1,0,0.47295266
NFLX,2024-06-10,0001065280-24-000185,0.000684267661654,2024,LSTM A - MARKET SEQUENCE,1,1,0.5058617
NVDA,2024-06-10,0001045810-24-000144,0.0034221189710492,2024,LSTM A - MARKET SEQUENCE,1,0,0.46350914
AVGO,2024-06-13,0001730168-24-000077,0.1172670008910432,2024,LSTM A - MARKET SEQUENCE,1,0,0.4543644
ADBE,2024-06-14,0000796343-24-000140,0.1399336508244648,2024,LSTM A - MARKET SEQUENCE,1,0,0.48291433
GOOGL,2024-06-14,0001193125-24-160721,0.0041244145221528,2024,LSTM A - MARKET SEQUENCE,1,0,0.4726682
TSLA,2024-06-14,0001104659-24-071439,-0.0296236588388044,2024,LSTM A - MARKET SEQUENCE,0,0,0.46233478
INTC,2024-06-17,0000050863-24-000110,0.0051556659696221,2024,LSTM A - MARKET SEQUENCE,1,0,0.4897923
TSLA,2024-07-02,0001628280-24-030714,0.0914729351799721,2024,LSTM A - MARKET SEQUENCE,1,0,0.4621949
AMD,2024-07-03,0000002488-24-000109,-0.0108323175729508,2024,LSTM A - MARKET SEQUENCE,0,0,0.48635182
NVDA,2024-07-03,0001045810-24-000206,0.0373956300194346,2024,LSTM A - MARKET SEQUENCE,1,0,0.4828804
AVGO,2024-07-08,0001140361-24-032566,0.0226024920007321,2024,LSTM A - MARKET SEQUENCE,1,0,0.46602947
AVGO,2024-07-15,0001140361-24-033072,0.0052678472960536,2024,LSTM A - MARKET SEQUENCE,1,0,0.4654661
ADBE,2024-07-19,0000796343-24-000173,-0.0016419356270305,2024,LSTM A - MARKET SEQUENCE,0,0,0.49142787
NFLX,2024-07-19,0001065280-24-000199,-0.0062210738177783,2024,LSTM A - MARKET SEQUENCE,0,0,0.48978886
AMD,2024-07-23,0000002488-24-000115,-0.0084724169439157,2024,LSTM A - MARKET SEQUENCE,0,0,0.49681318
GOOGL,2024-07-24,0001652044-24-000076,-0.0145174608587789,2024,LSTM A - MARKET SEQUENCE,0,0,0.46808195
TSLA,2024-07-24,0001628280-24-032603,-0.0874757292119658,2024,LSTM A - MARKET SEQUENCE,0,0,0.47886005
AMD,2024-07-31,0000002488-24-000121,0.0140352718571412,2024,LSTM A - MARKET SEQUENCE,1,0,0.49556693
MSFT,2024-07-31,0000950170-24-087835,-0.0403995338996397,2024,LSTM A - MARKET SEQUENCE,0,0,0.47846222
META,2024-08-01,0001326801-24-000065,0.0724701323219204,2024,LSTM A - MARKET SEQUENCE,1,0,0.4871724
QCOM,2024-08-01,0000804328-24-000055,-0.0694510076775402,2024,LSTM A - MARKET SEQUENCE,0,0,0.4781762
AAPL,2024-08-02,0000320193-24-000080,0.0306044294935562,2024,LSTM A - MARKET SEQUENCE,1,0,0.49348098
AMZN,2024-08-02,0001018724-24-000128,-0.0641119895977478,2024,LSTM A - MARKET SEQUENCE,0,0,0.48403963
INTC,2024-08-02,0000050863-24-000122,-0.2368500510200635,2024,LSTM A - MARKET SEQUENCE,0,0,0.49902725
NFLX,2024-08-02,0001140361-24-035325,0.0057947539156958,2024,LSTM A - MARKET SEQUENCE,1,1,0.5076726
GOOGL,2024-08-06,0001652044-24-000085,-0.015583587491549,2024,LSTM A - MARKET SEQUENCE,0,0,0.48115265
ADBE,2024-08-09,0000796343-24-000192,0.0062065447942678,2024,LSTM A - MARKET SEQUENCE,1,0,0.49440897
META,2024-08-12,0001193125-24-197873,-0.0056686754199641,2024,LSTM A - MARKET SEQUENCE,0,0,0.49760187
QCOM,2024-08-12,0000804328-24-000061,-0.0118204769000732,2024,LSTM A - MARKET SEQUENCE,0,0,0.488094
AMD,2024-08-19,0001193125-24-202457,0.032098258905727,2024,LSTM A - MARKET SEQUENCE,1,0,0.49641076
MSFT,2024-08-22,0001193125-24-204403,-0.0043980212421622,2024,LSTM A - MARKET SEQUENCE,0,0,0.4789919
INTC,2024-08-23,0000050863-24-000134,0.0110450938530819,2024,LSTM A - MARKET SEQUENCE,1,0,0.4905858
AAPL,2024-08-26,0001140361-24-038403,0.0112070905297206,2024,LSTM A - MARKET SEQUENCE,1,0,0.4822711
AAPL,2024-08-27,0001140361-24-038601,0.0007542657206189,2024,LSTM A - MARKET SEQUENCE,1,0,0.48361444
NVDA,2024-08-29,0001045810-24-000262,-0.0623846340010401,2024,LSTM A - MARKET SEQUENCE,0,0,0.4656811
AVGO,2024-09-06,0001730168-24-000095,-0.0767334877670407,2024,LSTM A - MARKET SEQUENCE,0,0,0.45815635
AAPL,2024-09-10,0001140361-24-040659,-0.0128632518967733,2024,LSTM A - MARKET SEQUENCE,0,0,0.47580627
META,2024-09-11,0001326801-24-000072,-0.0077688677103828,2024,LSTM A - MARKET SEQUENCE,0,1,0.50098556
ADBE,2024-09-13,0000796343-24-000200,-0.0891786499822013,2024,LSTM A - MARKET SEQUENCE,0,0,0.47948766
GOOGL,2024-09-24,0001652044-24-000097,-0.0021051469157118,2024,LSTM A - MARKET SEQUENCE,0,0,0.45896912
TSLA,2024-10-02,0001628280-24-041816,-0.0362940176219049,2024,LSTM A - MARKET SEQUENCE,0,0,0.46878996
AVGO,2024-10-03,0001193125-24-231159,0.0079543582968901,2024,LSTM A - MARKET SEQUENCE,1,0,0.46119562
QCOM,2024-10-10,0000804328-24-000064,-0.0088514143569888,2024,LSTM A - MARKET SEQUENCE,0,0,0.47560915
NFLX,2024-10-18,0001065280-24-000286,0.104315570955207,2024,LSTM A - MARKET SEQUENCE,1,0,0.48827156
TSLA,2024-10-24,0001628280-24-043432,0.2110815153980303,2024,LSTM A - MARKET SEQUENCE,1,0,0.47168323
AMD,2024-10-30,0000002488-24-000161,-0.0986077205311312,2024,LSTM A - MARKET SEQUENCE,0,0,0.47641292
GOOGL,2024-10-30,0001652044-24-000115,0.0357284587086796,2024,LSTM A - MARKET SEQUENCE,1,0,0.4535133
META,2024-10-31,0001326801-24-000077,-0.0156832347344346,2024,LSTM A - MARKET SEQUENCE,0,0,0.4899007
MSFT,2024-10-31,0000950170-24-118955,-0.0352849351641355,2024,LSTM A - MARKET SEQUENCE,0,0,0.47057146
AAPL,2024-11-01,0000320193-24-000120,-0.0206786073841666,2024,LSTM A - MARKET SEQUENCE,0,0,0.4840949
AMZN,2024-11-01,0001018724-24-000158,0.0544572368232327,2024,LSTM A - MARKET SEQUENCE,1,0,0.48369578
INTC,2024-11-01,0000050863-24-000147,0.07066794518924,2024,LSTM A - MARKET SEQUENCE,1,0,0.4889468
QCOM,2024-11-07,0000804328-24-000074,-0.0162068240586866,2024,LSTM A - MARKET SEQUENCE,0,0,0.46562174
NVDA,2024-11-08,0001045810-24-000300,-0.009564725627819,2024,LSTM A - MARKET SEQUENCE,0,0,0.4659231
AMD,2024-11-19,0000002488-24-000172,-0.0035686693916257,2024,LSTM A - MARKET SEQUENCE,0,0,0.48775354
NVDA,2024-11-21,0001045810-24-000315,0.0017494321955247,2024,LSTM A - MARKET SEQUENCE,1,0,0.45825955
INTC,2024-11-29,0000050863-24-000169,0.0081264613034299,2024,LSTM A - MARKET SEQUENCE,1,0,0.49859822
INTC,2024-12-03,0000050863-24-000173,-0.0640776713102243,2024,LSTM A - MARKET SEQUENCE,0,0,0.4953193
MSFT,2024-12-04,0000950170-24-132722,0.0020620099052759,2024,LSTM A - MARKET SEQUENCE,1,0,0.47977808
INTC,2024-12-05,0000050863-24-000180,-0.0500523717299665,2024,LSTM A - MARKET SEQUENCE,0,1,0.5004854
ADBE,2024-12-12,0000796343-24-000250,-0.1304726539184462,2024,LSTM A - MARKET SEQUENCE,0,0,0.4834907
MSFT,2024-12-12,0001193125-24-275524,0.0077233527532145,2024,LSTM A - MARKET SEQUENCE,1,0,0.47932175
AVGO,2024-12-13,0001730168-24-000125,0.2366717794511601,2024,LSTM A - MARKET SEQUENCE,1,0,0.45167804
QCOM,2024-12-13,0000804328-24-000079,-0.0058219456139634,2024,LSTM A - MARKET SEQUENCE,0,0,0.4780555
TSLA,2024-01-03,0000950170-24-000282,-0.029552132706404,2024,LSTM B - MARKET SEQUENCE + SEC,0,0,0.49242017
INTC,2024-01-04,0000050863-24-000003,0.0013208657416328,2024,LSTM B - MARKET SEQUENCE + SEC,1,0,0.49354392
META,2024-01-18,0001326801-24-000003,0.0068714394556175,2024,LSTM B - MARKET SEQUENCE + SEC,1,1,0.50107044
MSFT,2024-01-22,0001193125-24-011295,-0.0067238746445128,2024,LSTM B - MARKET SEQUENCE + SEC,0,0,0.49484625
NFLX,2024-01-24,0001065280-24-000029,0.1014825443873539,2024,LSTM B - MARKET SEQUENCE + SEC,1,1,0.50367856
QCOM,2024-01-24,0000804328-24-000005,0.0001185483007555,2024,LSTM B - MARKET SEQUENCE + SEC,1,0,0.4986141
TSLA,2024-01-25,0000950170-24-007073,-0.1224740376745285,2024,LSTM B - MARKET SEQUENCE + SEC,0,0,0.4926587
INTC,2024-01-26,0000050863-24-000008,-0.1131140495018067,2024,LSTM B - MARKET SEQUENCE + SEC,0,0,0.4883461
ADBE,2024-01-29,0000796343-24-000024,0.0163098936742871,2024,LSTM B - MARKET SEQUENCE + SEC,1,1,0.50114226
AMD,2024-01-31,0000002488-24-000009,-0.0058118234245958,2024,LSTM B - MARKET SEQUENCE + SEC,0,0,0.49610373
GOOGL,2024-01-31,0001652044-24-000014,-0.0554170885607413,2024,LSTM B - MARKET SEQUENCE + SEC,0,0,0.4954686
MSFT,2024-01-31,0000950170-24-008809,-0.00736009170046,2024,LSTM B - MARKET SEQUENCE + SEC,0,0,0.49511775
QCOM,2024-02-01,0000804328-24-000015,-0.0616038187076641,2024,LSTM B - MARKET SEQUENCE + SEC,0,0,0.49417844
AAPL,2024-02-02,0000320193-24-000005,-0.0223059383692889,2024,LSTM B - MARKET SEQUENCE + SEC,0,1,0.5000524
AMZN,2024-02-02,0001018724-24-000006,0.0617658265277774,2024,LSTM B - MARKET SEQUENCE + SEC,1,0,0.49593613
META,2024-02-02,0001326801-24-000010,0.1862758363065153,2024,LSTM B - MARKET SEQUENCE + SEC,1,0,0.4994997
GOOGL,2024-02-09,0001652044-24-000032,0.0113345458828839,2024,LSTM B - MARKET SEQUENCE + SEC,1,0,0.48792768
AVGO,2024-02-12,0001140361-24-006724,-0.0104549920219344,2024,LSTM B - MARKET SEQUENCE + SEC,0,0,0.49808747
META,2024-02-15,0001326801-24-000019,0.019736042790619,2024,LSTM B - MARKET SEQUENCE + SEC,1,1,0.5064618
INTC,2024-02-20,0000050863-24-000033,0.030761207112588,2024,LSTM B - MARKET SEQUENCE + SEC,1,0,0.49603403
AMD,2024-02-21,0001628280-24-005593,-0.0044478577490031,2024,LSTM B - MARKET SEQUENCE + SEC,0,1,0.5066024
INTC,2024-02-22,0001193125-24-041435,-0.0405478899608676,2024,LSTM B - MARKET SEQUENCE + SEC,0,0,0.49693143
NVDA,2024-02-22,0001045810-24-000028,0.1347330165436682,2024,LSTM B - MARKET SEQUENCE + SEC,1,1,0.5046611
AAPL,2024-02-29,0001140361-24-010155,-0.0122624655956898,2024,LSTM B - MARKET SEQUENCE + SEC,0,1,0.50204587
AVGO,2024-03-08,0001730168-24-000012,-0.0554224960816073,2024,LSTM B - MARKET SEQUENCE + SEC,0,0,0.49620056
QCOM,2024-03-08,0000804328-24-000020,-0.0148729957619656,2024,LSTM B - MARKET SEQUENCE + SEC,0,0,0.49241796
INTC,2024-03-14,0000050863-24-000036,-0.0085821226346747,2024,LSTM B - MARKET SEQUENCE + SEC,0,0,0.49522194
ADBE,2024-03-15,0000796343-24-000057,-0.1248298560785117,2024,LSTM B - MARKET SEQUENCE + SEC,0,0,0.49369618
NVDA,2024-03-15,0001045810-24-000069,0.010670162639536,2024,LSTM B - MARKET SEQUENCE + SEC,1,1,0.5006396
INTC,2024-04-03,0000050863-24-000068,-0.0844015754415581,2024,LSTM B - MARKET SEQUENCE + SEC,0,0,0.48572978
TSLA,2024-04-03,0000950170-24-040274,0.0082580205460329,2024,LSTM B - MARKET SEQUENCE + SEC,1,0,0.49239555
ADBE,2024-04-05,0001193125-24-087244,-0.0158691774008384,2024,LSTM B - MARKET SEQUENCE + SEC,0,0,0.496146
AMZN,2024-04-11,0001104659-24-045915,0.0007030203450197,2024,LSTM B - MARKET SEQUENCE + SEC,1,0,0.4897588
TSLA,2024-04-16,0000950170-24-044588,-0.0271550790003385,2024,LSTM B - MARKET SEQUENCE + SEC,0,0,0.49544102
NFLX,2024-04-19,0001065280-24-000127,-0.0702437021508806,2024,LSTM B - MARKET SEQUENCE + SEC,0,1,0.50424397
ADBE,2024-04-22,0000796343-24-000086,-0.0060351498461006,2024,LSTM B - MARKET SEQUENCE + SEC,0,0,0.49085298
AVGO,2024-04-24,0001730168-24-000055,0.0027202176051119,2024,LSTM B - MARKET SEQUENCE + SEC,1,1,0.50352657
TSLA,2024-04-24,0000950170-24-046895,0.1172234242258121,2024,LSTM B - MARKET SEQUENCE + SEC,1,0,0.49346697
META,2024-04-25,0001326801-24-000044,-0.1007828326512643,2024,LSTM B - MARKET SEQUENCE + SEC,0,1,0.50485796
GOOGL,2024-04-26,0001652044-24-000047,0.0868120410411665,2024,LSTM B - MARKET SEQUENCE + SEC,1,0,0.49102986
INTC,2024-04-26,0000050863-24-000074,-0.1074282063052449,2024,LSTM B - MARKET SEQUENCE + SEC,0,0,0.48738775
MSFT,2024-04-26,0000950170-24-048268,0.0028119746505765,2024,LSTM B - MARKET SEQUENCE + SEC,1,0,0.49042386
AMD,2024-05-01,0000002488-24-000054,-0.0818590805494118,2024,LSTM B - MARKET SEQUENCE + SEC,0,0,0.4940324
AMZN,2024-05-01,0001018724-24-000081,0.0300875949213443,2024,LSTM B - MARKET SEQUENCE + SEC,1,0,0.49372447
QCOM,2024-05-02,0000804328-24-000038,0.0846712442402795,2024,LSTM B - MARKET SEQUENCE + SEC,1,0,0.495592
AAPL,2024-05-03,0000320193-24-000067,0.0397177621053623,2024,LSTM B - MARKET SEQUENCE + SEC,1,0,0.49937993
AAPL,2024-05-06,0001140361-24-024352,-0.0200602379123682,2024,LSTM B - MARKET SEQUENCE + SEC,0,1,0.50192195
AMZN,2024-05-06,0001104659-24-057026,0.0024184940626126,2024,LSTM B - MARKET SEQUENCE + SEC,1,0,0.48929787
INTC,2024-05-08,0000050863-24-000086,-0.0215737571496704,2024,LSTM B - MARKET SEQUENCE + SEC,0,0,0.49731076
QCOM,2024-05-09,0000804328-24-000042,-0.0022370667146321,2024,LSTM B - MARKET SEQUENCE + SEC,0,0,0.49637333
INTC,2024-05-10,0000050863-24-000093,-0.0103340752317097,2024,LSTM B - MARKET SEQUENCE + SEC,0,0,0.4914404
AMD,2024-05-14,0000002488-24-000076,0.010836719386652,2024,LSTM B - MARKET SEQUENCE + SEC,1,0,0.49769586
AMZN,2024-05-15,0001104659-24-061143,-0.0214035828102581,2024,LSTM B - MARKET SEQUENCE + SEC,0,0,0.49229014
NVDA,2024-05-23,0001045810-24-000113,0.0976949075031965,2024,LSTM B - MARKET SEQUENCE + SEC,1,1,0.50321585
AMZN,2024-05-28,0001104659-24-065117,0.0039677844666901,2024,LSTM B - MARKET SEQUENCE + SEC,1,0,0.49652576
META,2024-06-03,0001326801-24-000057,0.0174655926294444,2024,LSTM B - MARKET SEQUENCE + SEC,1,0,0.4985102
GOOGL,2024-06-05,0001193125-24-154725,-0.0108380197823509,2024,LSTM B - MARKET SEQUENCE + SEC,0,1,0.5005481
INTC,2024-06-05,0000050863-24-000103,0.0048153149112701,2024,LSTM B - MARKET SEQUENCE + SEC,1,0,0.49441892
GOOGL,2024-06-10,0001193125-24-157498,0.0002646731088924,2024,LSTM B - MARKET SEQUENCE + SEC,1,1,0.50102544
NFLX,2024-06-10,0001065280-24-000185,0.000684267661654,2024,LSTM B - MARKET SEQUENCE + SEC,1,0,0.49602392
NVDA,2024-06-10,0001045810-24-000144,0.0034221189710492,2024,LSTM B - MARKET SEQUENCE + SEC,1,0,0.49552032
AVGO,2024-06-13,0001730168-24-000077,0.1172670008910432,2024,LSTM B - MARKET SEQUENCE + SEC,1,0,0.4927857
ADBE,2024-06-14,0000796343-24-000140,0.1399336508244648,2024,LSTM B - MARKET SEQUENCE + SEC,1,0,0.4974614
GOOGL,2024-06-14,0001193125-24-160721,0.0041244145221528,2024,LSTM B - MARKET SEQUENCE + SEC,1,0,0.49783966
TSLA,2024-06-14,0001104659-24-071439,-0.0296236588388044,2024,LSTM B - MARKET SEQUENCE + SEC,0,0,0.49715313
INTC,2024-06-17,0000050863-24-000110,0.0051556659696221,2024,LSTM B - MARKET SEQUENCE + SEC,1,0,0.48830777
TSLA,2024-07-02,0001628280-24-030714,0.0914729351799721,2024,LSTM B - MARKET SEQUENCE + SEC,1,0,0.49469534
AMD,2024-07-03,0000002488-24-000109,-0.0108323175729508,2024,LSTM B - MARKET SEQUENCE + SEC,0,0,0.4923067
NVDA,2024-07-03,0001045810-24-000206,0.0373956300194346,2024,LSTM B - MARKET SEQUENCE + SEC,1,1,0.5043974
AVGO,2024-07-08,0001140361-24-032566,0.0226024920007321,2024,LSTM B - MARKET SEQUENCE + SEC,1,0,0.4951097
AVGO,2024-07-15,0001140361-24-033072,0.0052678472960536,2024,LSTM B - MARKET SEQUENCE + SEC,1,0,0.49982888
ADBE,2024-07-19,0000796343-24-000173,-0.0016419356270305,2024,LSTM B - MARKET SEQUENCE + SEC,0,0,0.4997398
NFLX,2024-07-19,0001065280-24-000199,-0.0062210738177783,2024,LSTM B - MARKET SEQUENCE + SEC,0,0,0.4999315
AMD,2024-07-23,0000002488-24-000115,-0.0084724169439157,2024,LSTM B - MARKET SEQUENCE + SEC,0,1,0.50433236
GOOGL,2024-07-24,0001652044-24-000076,-0.0145174608587789,2024,LSTM B - MARKET SEQUENCE + SEC,0,0,0.49276242
TSLA,2024-07-24,0001628280-24-032603,-0.0874757292119658,2024,LSTM B - MARKET SEQUENCE + SEC,0,0,0.49519095
AMD,2024-07-31,0000002488-24-000121,0.0140352718571412,2024,LSTM B - MARKET SEQUENCE + SEC,1,1,0.5011115
MSFT,2024-07-31,0000950170-24-087835,-0.0403995338996397,2024,LSTM B - MARKET SEQUENCE + SEC,0,0,0.49302688
META,2024-08-01,0001326801-24-000065,0.0724701323219204,2024,LSTM B - MARKET SEQUENCE + SEC,1,1,0.5041503
QCOM,2024-08-01,0000804328-24-000055,-0.0694510076775402,2024,LSTM B - MARKET SEQUENCE + SEC,0,0,0.4965407
AAPL,2024-08-02,0000320193-24-000080,0.0306044294935562,2024,LSTM B - MARKET SEQUENCE + SEC,1,1,0.5008119
AMZN,2024-08-02,0001018724-24-000128,-0.0641119895977478,2024,LSTM B - MARKET SEQUENCE + SEC,0,0,0.49252534
INTC,2024-08-02,0000050863-24-000122,-0.2368500510200635,2024,LSTM B - MARKET SEQUENCE + SEC,0,0,0.48856226
NFLX,2024-08-02,0001140361-24-035325,0.0057947539156958,2024,LSTM B - MARKET SEQUENCE + SEC,1,1,0.50685126
GOOGL,2024-08-06,0001652044-24-000085,-0.015583587491549,2024,LSTM B - MARKET SEQUENCE + SEC,0,0,0.49696758
ADBE,2024-08-09,0000796343-24-000192,0.0062065447942678,2024,LSTM B - MARKET SEQUENCE + SEC,1,0,0.49552786
META,2024-08-12,0001193125-24-197873,-0.0056686754199641,2024,LSTM B - MARKET SEQUENCE + SEC,0,1,0.5018252
QCOM,2024-08-12,0000804328-24-000061,-0.0118204769000732,2024,LSTM B - MARKET SEQUENCE + SEC,0,0,0.48920354
AMD,2024-08-19,0001193125-24-202457,0.032098258905727,2024,LSTM B - MARKET SEQUENCE + SEC,1,0,0.4930445
MSFT,2024-08-22,0001193125-24-204403,-0.0043980212421622,2024,LSTM B - MARKET SEQUENCE + SEC,0,0,0.4883858
INTC,2024-08-23,0000050863-24-000134,0.0110450938530819,2024,LSTM B - MARKET SEQUENCE + SEC,1,0,0.49203774
AAPL,2024-08-26,0001140361-24-038403,0.0112070905297206,2024,LSTM B - MARKET SEQUENCE + SEC,1,0,0.49389225
AAPL,2024-08-27,0001140361-24-038601,0.0007542657206189,2024,LSTM B - MARKET SEQUENCE + SEC,1,1,0.5038115
NVDA,2024-08-29,0001045810-24-000262,-0.0623846340010401,2024,LSTM B - MARKET SEQUENCE + SEC,0,1,0.50092196
AVGO,2024-09-06,0001730168-24-000095,-0.0767334877670407,2024,LSTM B - MARKET SEQUENCE + SEC,0,0,0.49428105
AAPL,2024-09-10,0001140361-24-040659,-0.0128632518967733,2024,LSTM B - MARKET SEQUENCE + SEC,0,1,0.50700176
META,2024-09-11,0001326801-24-000072,-0.0077688677103828,2024,LSTM B - MARKET SEQUENCE + SEC,0,1,0.50304943
ADBE,2024-09-13,0000796343-24-000200,-0.0891786499822013,2024,LSTM B - MARKET SEQUENCE + SEC,0,0,0.49810985
GOOGL,2024-09-24,0001652044-24-000097,-0.0021051469157118,2024,LSTM B - MARKET SEQUENCE + SEC,0,0,0.4921437
TSLA,2024-10-02,0001628280-24-041816,-0.0362940176219049,2024,LSTM B - MARKET SEQUENCE + SEC,0,0,0.4934625
AVGO,2024-10-03,0001193125-24-231159,0.0079543582968901,2024,LSTM B - MARKET SEQUENCE + SEC,1,0,0.49805766
QCOM,2024-10-10,0000804328-24-000064,-0.0088514143569888,2024,LSTM B - MARKET SEQUENCE + SEC,0,0,0.49360526
NFLX,2024-10-18,0001065280-24-000286,0.104315570955207,2024,LSTM B - MARKET SEQUENCE + SEC,1,1,0.5025444
TSLA,2024-10-24,0001628280-24-043432,0.2110815153980303,2024,LSTM B - MARKET SEQUENCE + SEC,1,0,0.49187496
AMD,2024-10-30,0000002488-24-000161,-0.0986077205311312,2024,LSTM B - MARKET SEQUENCE + SEC,0,0,0.49358422
GOOGL,2024-10-30,0001652044-24-000115,0.0357284587086796,2024,LSTM B - MARKET SEQUENCE + SEC,1,0,0.49390146
META,2024-10-31,0001326801-24-000077,-0.0156832347344346,2024,LSTM B - MARKET SEQUENCE + SEC,0,1,0.5054108
MSFT,2024-10-31,0000950170-24-118955,-0.0352849351641355,2024,LSTM B - MARKET SEQUENCE + SEC,0,0,0.49453038
AAPL,2024-11-01,0000320193-24-000120,-0.0206786073841666,2024,LSTM B - MARKET SEQUENCE + SEC,0,1,0.5006269
AMZN,2024-11-01,0001018724-24-000158,0.0544572368232327,2024,LSTM B - MARKET SEQUENCE + SEC,1,0,0.49638906
INTC,2024-11-01,0000050863-24-000147,0.07066794518924,2024,LSTM B - MARKET SEQUENCE + SEC,1,0,0.48546588
QCOM,2024-11-07,0000804328-24-000074,-0.0162068240586866,2024,LSTM B - MARKET SEQUENCE + SEC,0,0,0.49610144
NVDA,2024-11-08,0001045810-24-000300,-0.009564725627819,2024,LSTM B - MARKET SEQUENCE + SEC,0,1,0.5058156
AMD,2024-11-19,0000002488-24-000172,-0.0035686693916257,2024,LSTM B - MARKET SEQUENCE + SEC,0,1,0.5062764
NVDA,2024-11-21,0001045810-24-000315,0.0017494321955247,2024,LSTM B - MARKET SEQUENCE + SEC,1,1,0.50521517
INTC,2024-11-29,0000050863-24-000169,0.0081264613034299,2024,LSTM B - MARKET SEQUENCE + SEC,1,0,0.49059778
INTC,2024-12-03,0000050863-24-000173,-0.0640776713102243,2024,LSTM B - MARKET SEQUENCE + SEC,0,1,0.50027126
MSFT,2024-12-04,0000950170-24-132722,0.0020620099052759,2024,LSTM B - MARKET SEQUENCE + SEC,1,0,0.49182358
INTC,2024-12-05,0000050863-24-000180,-0.0500523717299665,2024,LSTM B - MARKET SEQUENCE + SEC,0,1,0.50473005
ADBE,2024-12-12,0000796343-24-000250,-0.1304726539184462,2024,LSTM B - MARKET SEQUENCE + SEC,0,0,0.49998116
MSFT,2024-12-12,0001193125-24-275524,0.0077233527532145,2024,LSTM B - MARKET SEQUENCE + SEC,1,0,0.4947839
AVGO,2024-12-13,0001730168-24-000125,0.2366717794511601,2024,LSTM B - MARKET SEQUENCE + SEC,1,0,0.49526814
QCOM,2024-12-13,0000804328-24-000079,-0.0058219456139634,2024,LSTM B - MARKET SEQUENCE + SEC,0,0,0.49566343
TSLA,2024-01-03,0000950170-24-000282,-0.029552132706404,2024,LSTM C - MARKET SEQUENCE + SEC + FINBERT,0,1,0.5062374
INTC,2024-01-04,0000050863-24-000003,0.0013208657416328,2024,LSTM C - MARKET SEQUENCE + SEC + FINBERT,1,0,0.49310663
META,2024-01-18,0001326801-24-000003,0.0068714394556175,2024,LSTM C - MARKET SEQUENCE + SEC + FINBERT,1,1,0.5063507
MSFT,2024-01-22,0001193125-24-011295,-0.0067238746445128,2024,LSTM C - MARKET SEQUENCE + SEC + FINBERT,0,0,0.48368996
NFLX,2024-01-24,0001065280-24-000029,0.1014825443873539,2024,LSTM C - MARKET SEQUENCE + SEC + FINBERT,1,0,0.49538922
QCOM,2024-01-24,0000804328-24-000005,0.0001185483007555,2024,LSTM C - MARKET SEQUENCE + SEC + FINBERT,1,1,0.516697
TSLA,2024-01-25,0000950170-24-007073,-0.1224740376745285,2024,LSTM C - MARKET SEQUENCE + SEC + FINBERT,0,1,0.5020585
INTC,2024-01-26,0000050863-24-000008,-0.1131140495018067,2024,LSTM C - MARKET SEQUENCE + SEC + FINBERT,0,0,0.483875
ADBE,2024-01-29,0000796343-24-000024,0.0163098936742871,2024,LSTM C - MARKET SEQUENCE + SEC + FINBERT,1,1,0.507279
AMD,2024-01-31,0000002488-24-000009,-0.0058118234245958,2024,LSTM C - MARKET SEQUENCE + SEC + FINBERT,0,1,0.5003508
GOOGL,2024-01-31,0001652044-24-000014,-0.0554170885607413,2024,LSTM C - MARKET SEQUENCE + SEC + FINBERT,0,0,0.4906653
MSFT,2024-01-31,0000950170-24-008809,-0.00736009170046,2024,LSTM C - MARKET SEQUENCE + SEC + FINBERT,0,0,0.4935848
QCOM,2024-02-01,0000804328-24-000015,-0.0616038187076641,2024,LSTM C - MARKET SEQUENCE + SEC + FINBERT,0,0,0.49299312
AAPL,2024-02-02,0000320193-24-000005,-0.0223059383692889,2024,LSTM C - MARKET SEQUENCE + SEC + FINBERT,0,0,0.4803191
AMZN,2024-02-02,0001018724-24-000006,0.0617658265277774,2024,LSTM C - MARKET SEQUENCE + SEC + FINBERT,1,0,0.49652106
META,2024-02-02,0001326801-24-000010,0.1862758363065153,2024,LSTM C - MARKET SEQUENCE + SEC + FINBERT,1,0,0.49491316
GOOGL,2024-02-09,0001652044-24-000032,0.0113345458828839,2024,LSTM C - MARKET SEQUENCE + SEC + FINBERT,1,0,0.488772
AVGO,2024-02-12,0001140361-24-006724,-0.0104549920219344,2024,LSTM C - MARKET SEQUENCE + SEC + FINBERT,0,1,0.5008503
META,2024-02-15,0001326801-24-000019,0.019736042790619,2024,LSTM C - MARKET SEQUENCE + SEC + FINBERT,1,0,0.49925902
INTC,2024-02-20,0000050863-24-000033,0.030761207112588,2024,LSTM C - MARKET SEQUENCE + SEC + FINBERT,1,0,0.4925613
AMD,2024-02-21,0001628280-24-005593,-0.0044478577490031,2024,LSTM C - MARKET SEQUENCE + SEC + FINBERT,0,1,0.5142629
INTC,2024-02-22,0001193125-24-041435,-0.0405478899608676,2024,LSTM C - MARKET SEQUENCE + SEC + FINBERT,0,0,0.48334634
NVDA,2024-02-22,0001045810-24-000028,0.1347330165436682,2024,LSTM C - MARKET SEQUENCE + SEC + FINBERT,1,0,0.49908063
AAPL,2024-02-29,0001140361-24-010155,-0.0122624655956898,2024,LSTM C - MARKET SEQUENCE + SEC + FINBERT,0,0,0.491098
AVGO,2024-03-08,0001730168-24-000012,-0.0554224960816073,2024,LSTM C - MARKET SEQUENCE + SEC + FINBERT,0,0,0.47856712
QCOM,2024-03-08,0000804328-24-000020,-0.0148729957619656,2024,LSTM C - MARKET SEQUENCE + SEC + FINBERT,0,1,0.5060957
INTC,2024-03-14,0000050863-24-000036,-0.0085821226346747,2024,LSTM C - MARKET SEQUENCE + SEC + FINBERT,0,0,0.46803367
ADBE,2024-03-15,0000796343-24-000057,-0.1248298560785117,2024,LSTM C - MARKET SEQUENCE + SEC + FINBERT,0,0,0.485825
NVDA,2024-03-15,0001045810-24-000069,0.010670162639536,2024,LSTM C - MARKET SEQUENCE + SEC + FINBERT,1,1,0.51359195
INTC,2024-04-03,0000050863-24-000068,-0.0844015754415581,2024,LSTM C - MARKET SEQUENCE + SEC + FINBERT,0,0,0.48146385
TSLA,2024-04-03,0000950170-24-040274,0.0082580205460329,2024,LSTM C - MARKET SEQUENCE + SEC + FINBERT,1,1,0.50143975
ADBE,2024-04-05,0001193125-24-087244,-0.0158691774008384,2024,LSTM C - MARKET SEQUENCE + SEC + FINBERT,0,0,0.49888313
AMZN,2024-04-11,0001104659-24-045915,0.0007030203450197,2024,LSTM C - MARKET SEQUENCE + SEC + FINBERT,1,0,0.49783373
TSLA,2024-04-16,0000950170-24-044588,-0.0271550790003385,2024,LSTM C - MARKET SEQUENCE + SEC + FINBERT,0,0,0.4927609
NFLX,2024-04-19,0001065280-24-000127,-0.0702437021508806,2024,LSTM C - MARKET SEQUENCE + SEC + FINBERT,0,0,0.4867667
ADBE,2024-04-22,0000796343-24-000086,-0.0060351498461006,2024,LSTM C - MARKET SEQUENCE + SEC + FINBERT,0,0,0.48783338
AVGO,2024-04-24,0001730168-24-000055,0.0027202176051119,2024,LSTM C - MARKET SEQUENCE + SEC + FINBERT,1,0,0.49769196
TSLA,2024-04-24,0000950170-24-046895,0.1172234242258121,2024,LSTM C - MARKET SEQUENCE + SEC + FINBERT,1,1,0.5010095
META,2024-04-25,0001326801-24-000044,-0.1007828326512643,2024,LSTM C - MARKET SEQUENCE + SEC + FINBERT,0,0,0.49851122
GOOGL,2024-04-26,0001652044-24-000047,0.0868120410411665,2024,LSTM C - MARKET SEQUENCE + SEC + FINBERT,1,0,0.48189962
INTC,2024-04-26,0000050863-24-000074,-0.1074282063052449,2024,LSTM C - MARKET SEQUENCE + SEC + FINBERT,0,0,0.47831738
MSFT,2024-04-26,0000950170-24-048268,0.0028119746505765,2024,LSTM C - MARKET SEQUENCE + SEC + FINBERT,1,0,0.48679408
AMD,2024-05-01,0000002488-24-000054,-0.0818590805494118,2024,LSTM C - MARKET SEQUENCE + SEC + FINBERT,0,0,0.49958175
AMZN,2024-05-01,0001018724-24-000081,0.0300875949213443,2024,LSTM C - MARKET SEQUENCE + SEC + FINBERT,1,0,0.49261773
QCOM,2024-05-02,0000804328-24-000038,0.0846712442402795,2024,LSTM C - MARKET SEQUENCE + SEC + FINBERT,1,0,0.49861535
AAPL,2024-05-03,0000320193-24-000067,0.0397177621053623,2024,LSTM C - MARKET SEQUENCE + SEC + FINBERT,1,0,0.48363408
AAPL,2024-05-06,0001140361-24-024352,-0.0200602379123682,2024,LSTM C - MARKET SEQUENCE + SEC + FINBERT,0,0,0.473852
AMZN,2024-05-06,0001104659-24-057026,0.0024184940626126,2024,LSTM C - MARKET SEQUENCE + SEC + FINBERT,1,1,0.50718564
INTC,2024-05-08,0000050863-24-000086,-0.0215737571496704,2024,LSTM C - MARKET SEQUENCE + SEC + FINBERT,0,0,0.48549342
QCOM,2024-05-09,0000804328-24-000042,-0.0022370667146321,2024,LSTM C - MARKET SEQUENCE + SEC + FINBERT,0,1,0.5049995
INTC,2024-05-10,0000050863-24-000093,-0.0103340752317097,2024,LSTM C - MARKET SEQUENCE + SEC + FINBERT,0,0,0.49178565
AMD,2024-05-14,0000002488-24-000076,0.010836719386652,2024,LSTM C - MARKET SEQUENCE + SEC + FINBERT,1,1,0.509742
AMZN,2024-05-15,0001104659-24-061143,-0.0214035828102581,2024,LSTM C - MARKET SEQUENCE + SEC + FINBERT,0,1,0.5097753
NVDA,2024-05-23,0001045810-24-000113,0.0976949075031965,2024,LSTM C - MARKET SEQUENCE + SEC + FINBERT,1,0,0.49135414
AMZN,2024-05-28,0001104659-24-065117,0.0039677844666901,2024,LSTM C - MARKET SEQUENCE + SEC + FINBERT,1,1,0.5038055
META,2024-06-03,0001326801-24-000057,0.0174655926294444,2024,LSTM C - MARKET SEQUENCE + SEC + FINBERT,1,1,0.50442886
GOOGL,2024-06-05,0001193125-24-154725,-0.0108380197823509,2024,LSTM C - MARKET SEQUENCE + SEC + FINBERT,0,0,0.4954281
INTC,2024-06-05,0000050863-24-000103,0.0048153149112701,2024,LSTM C - MARKET SEQUENCE + SEC + FINBERT,1,0,0.4565691
GOOGL,2024-06-10,0001193125-24-157498,0.0002646731088924,2024,LSTM C - MARKET SEQUENCE + SEC + FINBERT,1,0,0.49900752
NFLX,2024-06-10,0001065280-24-000185,0.000684267661654,2024,LSTM C - MARKET SEQUENCE + SEC + FINBERT,1,1,0.5067529
NVDA,2024-06-10,0001045810-24-000144,0.0034221189710492,2024,LSTM C - MARKET SEQUENCE + SEC + FINBERT,1,1,0.5190127
AVGO,2024-06-13,0001730168-24-000077,0.1172670008910432,2024,LSTM C - MARKET SEQUENCE + SEC + FINBERT,1,0,0.47825474
ADBE,2024-06-14,0000796343-24-000140,0.1399336508244648,2024,LSTM C - MARKET SEQUENCE + SEC + FINBERT,1,0,0.49631965
GOOGL,2024-06-14,0001193125-24-160721,0.0041244145221528,2024,LSTM C - MARKET SEQUENCE + SEC + FINBERT,1,1,0.50109273
TSLA,2024-06-14,0001104659-24-071439,-0.0296236588388044,2024,LSTM C - MARKET SEQUENCE + SEC + FINBERT,0,1,0.50396454
INTC,2024-06-17,0000050863-24-000110,0.0051556659696221,2024,LSTM C - MARKET SEQUENCE + SEC + FINBERT,1,0,0.4959504
TSLA,2024-07-02,0001628280-24-030714,0.0914729351799721,2024,LSTM C - MARKET SEQUENCE + SEC + FINBERT,1,0,0.49978086
AMD,2024-07-03,0000002488-24-000109,-0.0108323175729508,2024,LSTM C - MARKET SEQUENCE + SEC + FINBERT,0,1,0.5145759
NVDA,2024-07-03,0001045810-24-000206,0.0373956300194346,2024,LSTM C - MARKET SEQUENCE + SEC + FINBERT,1,1,0.5064575
AVGO,2024-07-08,0001140361-24-032566,0.0226024920007321,2024,LSTM C - MARKET SEQUENCE + SEC + FINBERT,1,0,0.48129964
AVGO,2024-07-15,0001140361-24-033072,0.0052678472960536,2024,LSTM C - MARKET SEQUENCE + SEC + FINBERT,1,1,0.50332046
ADBE,2024-07-19,0000796343-24-000173,-0.0016419356270305,2024,LSTM C - MARKET SEQUENCE + SEC + FINBERT,0,1,0.5056183
NFLX,2024-07-19,0001065280-24-000199,-0.0062210738177783,2024,LSTM C - MARKET SEQUENCE + SEC + FINBERT,0,0,0.49825752
AMD,2024-07-23,0000002488-24-000115,-0.0084724169439157,2024,LSTM C - MARKET SEQUENCE + SEC + FINBERT,0,0,0.49353427
GOOGL,2024-07-24,0001652044-24-000076,-0.0145174608587789,2024,LSTM C - MARKET SEQUENCE + SEC + FINBERT,0,0,0.48717105
TSLA,2024-07-24,0001628280-24-032603,-0.0874757292119658,2024,LSTM C - MARKET SEQUENCE + SEC + FINBERT,0,0,0.49947175
AMD,2024-07-31,0000002488-24-000121,0.0140352718571412,2024,LSTM C - MARKET SEQUENCE + SEC + FINBERT,1,0,0.497388
MSFT,2024-07-31,0000950170-24-087835,-0.0403995338996397,2024,LSTM C - MARKET SEQUENCE + SEC + FINBERT,0,0,0.47761226
META,2024-08-01,0001326801-24-000065,0.0724701323219204,2024,LSTM C - MARKET SEQUENCE + SEC + FINBERT,1,1,0.5005244
QCOM,2024-08-01,0000804328-24-000055,-0.0694510076775402,2024,LSTM C - MARKET SEQUENCE + SEC + FINBERT,0,0,0.49108678
AAPL,2024-08-02,0000320193-24-000080,0.0306044294935562,2024,LSTM C - MARKET SEQUENCE + SEC + FINBERT,1,0,0.49117252
AMZN,2024-08-02,0001018724-24-000128,-0.0641119895977478,2024,LSTM C - MARKET SEQUENCE + SEC + FINBERT,0,0,0.49179995
INTC,2024-08-02,0000050863-24-000122,-0.2368500510200635,2024,LSTM C - MARKET SEQUENCE + SEC + FINBERT,0,0,0.47336847
NFLX,2024-08-02,0001140361-24-035325,0.0057947539156958,2024,LSTM C - MARKET SEQUENCE + SEC + FINBERT,1,0,0.490942
GOOGL,2024-08-06,0001652044-24-000085,-0.015583587491549,2024,LSTM C - MARKET SEQUENCE + SEC + FINBERT,0,0,0.48842168
ADBE,2024-08-09,0000796343-24-000192,0.0062065447942678,2024,LSTM C - MARKET SEQUENCE + SEC + FINBERT,1,0,0.49757212
META,2024-08-12,0001193125-24-197873,-0.0056686754199641,2024,LSTM C - MARKET SEQUENCE + SEC + FINBERT,0,0,0.49800035
QCOM,2024-08-12,0000804328-24-000061,-0.0118204769000732,2024,LSTM C - MARKET SEQUENCE + SEC + FINBERT,0,0,0.49991566
AMD,2024-08-19,0001193125-24-202457,0.032098258905727,2024,LSTM C - MARKET SEQUENCE + SEC + FINBERT,1,1,0.503975
MSFT,2024-08-22,0001193125-24-204403,-0.0043980212421622,2024,LSTM C - MARKET SEQUENCE + SEC + FINBERT,0,0,0.4808442
INTC,2024-08-23,0000050863-24-000134,0.0110450938530819,2024,LSTM C - MARKET SEQUENCE + SEC + FINBERT,1,0,0.48864803
AAPL,2024-08-26,0001140361-24-038403,0.0112070905297206,2024,LSTM C - MARKET SEQUENCE + SEC + FINBERT,1,0,0.49837625
AAPL,2024-08-27,0001140361-24-038601,0.0007542657206189,2024,LSTM C - MARKET SEQUENCE + SEC + FINBERT,1,1,0.50065637
NVDA,2024-08-29,0001045810-24-000262,-0.0623846340010401,2024,LSTM C - MARKET SEQUENCE + SEC + FINBERT,0,0,0.49860853
AVGO,2024-09-06,0001730168-24-000095,-0.0767334877670407,2024,LSTM C - MARKET SEQUENCE + SEC + FINBERT,0,0,0.4784254
AAPL,2024-09-10,0001140361-24-040659,-0.0128632518967733,2024,LSTM C - MARKET SEQUENCE + SEC + FINBERT,0,0,0.484953
META,2024-09-11,0001326801-24-000072,-0.0077688677103828,2024,LSTM C - MARKET SEQUENCE + SEC + FINBERT,0,1,0.51066566
ADBE,2024-09-13,0000796343-24-000200,-0.0891786499822013,2024,LSTM C - MARKET SEQUENCE + SEC + FINBERT,0,0,0.49487534
GOOGL,2024-09-24,0001652044-24-000097,-0.0021051469157118,2024,LSTM C - MARKET SEQUENCE + SEC + FINBERT,0,0,0.48500013
TSLA,2024-10-02,0001628280-24-041816,-0.0362940176219049,2024,LSTM C - MARKET SEQUENCE + SEC + FINBERT,0,1,0.50214094
AVGO,2024-10-03,0001193125-24-231159,0.0079543582968901,2024,LSTM C - MARKET SEQUENCE + SEC + FINBERT,1,0,0.48760062
QCOM,2024-10-10,0000804328-24-000064,-0.0088514143569888,2024,LSTM C - MARKET SEQUENCE + SEC + FINBERT,0,1,0.50593054
NFLX,2024-10-18,0001065280-24-000286,0.104315570955207,2024,LSTM C - MARKET SEQUENCE + SEC + FINBERT,1,0,0.49328086
TSLA,2024-10-24,0001628280-24-043432,0.2110815153980303,2024,LSTM C - MARKET SEQUENCE + SEC + FINBERT,1,1,0.505673
AMD,2024-10-30,0000002488-24-000161,-0.0986077205311312,2024,LSTM C - MARKET SEQUENCE + SEC + FINBERT,0,0,0.49872357
GOOGL,2024-10-30,0001652044-24-000115,0.0357284587086796,2024,LSTM C - MARKET SEQUENCE + SEC + FINBERT,1,0,0.48540252
META,2024-10-31,0001326801-24-000077,-0.0156832347344346,2024,LSTM C - MARKET SEQUENCE + SEC + FINBERT,0,1,0.5001723
MSFT,2024-10-31,0000950170-24-118955,-0.0352849351641355,2024,LSTM C - MARKET SEQUENCE + SEC + FINBERT,0,0,0.4846944
AAPL,2024-11-01,0000320193-24-000120,-0.0206786073841666,2024,LSTM C - MARKET SEQUENCE + SEC + FINBERT,0,0,0.48840272
AMZN,2024-11-01,0001018724-24-000158,0.0544572368232327,2024,LSTM C - MARKET SEQUENCE + SEC + FINBERT,1,0,0.49804336
INTC,2024-11-01,0000050863-24-000147,0.07066794518924,2024,LSTM C - MARKET SEQUENCE + SEC + FINBERT,1,0,0.48244926
QCOM,2024-11-07,0000804328-24-000074,-0.0162068240586866,2024,LSTM C - MARKET SEQUENCE + SEC + FINBERT,0,0,0.49161202
NVDA,2024-11-08,0001045810-24-000300,-0.009564725627819,2024,LSTM C - MARKET SEQUENCE + SEC + FINBERT,0,1,0.51106435
AMD,2024-11-19,0000002488-24-000172,-0.0035686693916257,2024,LSTM C - MARKET SEQUENCE + SEC + FINBERT,0,1,0.51516587
NVDA,2024-11-21,0001045810-24-000315,0.0017494321955247,2024,LSTM C - MARKET SEQUENCE + SEC + FINBERT,1,1,0.5006569
INTC,2024-11-29,0000050863-24-000169,0.0081264613034299,2024,LSTM C - MARKET SEQUENCE + SEC + FINBERT,1,0,0.4734159
INTC,2024-12-03,0000050863-24-000173,-0.0640776713102243,2024,LSTM C - MARKET SEQUENCE + SEC + FINBERT,0,0,0.47112
MSFT,2024-12-04,0000950170-24-132722,0.0020620099052759,2024,LSTM C - MARKET SEQUENCE + SEC + FINBERT,1,0,0.47548074
INTC,2024-12-05,0000050863-24-000180,-0.0500523717299665,2024,LSTM C - MARKET SEQUENCE + SEC + FINBERT,0,0,0.46311286
ADBE,2024-12-12,0000796343-24-000250,-0.1304726539184462,2024,LSTM C - MARKET SEQUENCE + SEC + FINBERT,0,0,0.49627537
MSFT,2024-12-12,0001193125-24-275524,0.0077233527532145,2024,LSTM C - MARKET SEQUENCE + SEC + FINBERT,1,0,0.48487073
AVGO,2024-12-13,0001730168-24-000125,0.2366717794511601,2024,LSTM C - MARKET SEQUENCE + SEC + FINBERT,1,0,0.4775413
QCOM,2024-12-13,0000804328-24-000079,-0.0058219456139634,2024,LSTM C - MARKET SEQUENCE + SEC + FINBERT,0,1,0.5040263
TSLA,2025-01-02,0001628280-25-000007,-0.05886014378365,2025,LSTM A - MARKET SEQUENCE,0,0,0.42532822
AAPL,2025-01-06,0001140361-25-000228,-0.0047542763313559,2025,LSTM A - MARKET SEQUENCE,0,0,0.42381185
META,2025-01-07,0001326801-25-000005,-0.0016890354040893,2025,LSTM A - MARKET SEQUENCE,0,0,0.31348848
AVGO,2025-01-13,0001193125-25-004476,0.0075827566715486,2025,LSTM A - MARKET SEQUENCE,1,0,0.4185325
AVGO,2025-01-14,0001193125-25-005318,-0.0016694757783562,2025,LSTM A - MARKET SEQUENCE,0,0,0.38823718
ADBE,2025-01-21,0001193125-25-008409,0.0089492434486455,2025,LSTM A - MARKET SEQUENCE,1,0,0.32248238
NVDA,2025-01-21,0001045810-25-000007,0.0167911079756806,2025,LSTM A - MARKET SEQUENCE,1,0,0.43441126
NFLX,2025-01-22,0001065280-25-000033,0.0841579013756215,2025,LSTM A - MARKET SEQUENCE,1,1,0.52627724
MSFT,2025-01-23,0001193125-25-010492,-0.0009831174507721,2025,LSTM A - MARKET SEQUENCE,0,0,0.44894287
META,2025-01-30,0001326801-25-000014,0.0112736215606825,2025,LSTM A - MARKET SEQUENCE,1,0,0.36528388
MSFT,2025-01-30,0000950170-25-010484,-0.0660714994455886,2025,LSTM A - MARKET SEQUENCE,0,1,0.5505426
TSLA,2025-01-30,0001628280-25-002993,0.0244704911779372,2025,LSTM A - MARKET SEQUENCE,1,0,0.48040926
AAPL,2025-01-31,0000320193-25-000007,-0.0052390147515748,2025,LSTM A - MARKET SEQUENCE,0,1,0.69494236
ADBE,2025-01-31,0000796343-25-000036,-0.0177172220699866,2025,LSTM A - MARKET SEQUENCE,0,0,0.31411567
INTC,2025-01-31,0000050863-25-000004,-0.0275323489546072,2025,LSTM A - MARKET SEQUENCE,0,0,0.3392582
AMD,2025-02-05,0000002488-25-000009,-0.0672156317243187,2025,LSTM A - MARKET SEQUENCE,0,0,0.23109004
GOOGL,2025-02-05,0001652044-25-000010,-0.0774615664851434,2025,LSTM A - MARKET SEQUENCE,0,1,0.54759187
QCOM,2025-02-06,0000804328-25-000010,-0.0424086946512257,2025,LSTM A - MARKET SEQUENCE,0,0,0.22788057
AMZN,2025-02-07,0001018724-25-000002,-0.0279175860380737,2025,LSTM A - MARKET SEQUENCE,0,1,0.5167194
META,2025-02-21,0001326801-25-000021,0.0045063857929992,2025,LSTM A - MARKET SEQUENCE,1,1,0.5480535
AMD,2025-02-25,0000002488-25-000026,-0.0257874407127393,2025,LSTM A - MARKET SEQUENCE,0,0,0.37628302
AAPL,2025-02-26,0001140361-25-005876,-0.0294557859935854,2025,LSTM A - MARKET SEQUENCE,0,0,0.49025214
NVDA,2025-02-27,0001045810-25-000021,-0.0570094103254051,2025,LSTM A - MARKET SEQUENCE,0,0,0.30396363
INTC,2025-03-03,0000050863-25-000024,-0.019836860760271,2025,LSTM A - MARKET SEQUENCE,0,0,0.2358902
AVGO,2025-03-07,0001730168-25-000009,0.0790772020043801,2025,LSTM A - MARKET SEQUENCE,1,0,0.41140077
NVDA,2025-03-10,0001045810-25-000039,-0.01191383511016,2025,LSTM A - MARKET SEQUENCE,0,0,0.44347996
AMD,2025-03-12,0001193125-25-052173,0.030368716856449,2025,LSTM A - MARKET SEQUENCE,1,0,0.36437038
ADBE,2025-03-13,0000796343-25-000052,-0.1205411963432797,2025,LSTM A - MARKET SEQUENCE,0,0,0.3297481
INTC,2025-03-17,0000050863-25-000036,0.0617075900886607,2025,LSTM A - MARKET SEQUENCE,1,0,0.28926575
GOOGL,2025-03-18,0001652044-25-000027,-0.0049868533512834,2025,LSTM A - MARKET SEQUENCE,0,0,0.45954078
QCOM,2025-03-21,0000804328-25-000018,-0.0104507625727504,2025,LSTM A - MARKET SEQUENCE,0,1,0.5257228
AMD,2025-03-25,0001193125-25-061366,0.0027255524888967,2025,LSTM A - MARKET SEQUENCE,1,0,0.18869372
INTC,2025-03-28,0000050863-25-000060,-0.0121988617232063,2025,LSTM A - MARKET SEQUENCE,0,0,0.4129699
AMD,2025-03-31,0001193125-25-067902,-0.0046076765526307,2025,LSTM A - MARKET SEQUENCE,0,0,0.4196938
TSLA,2025-04-02,0001628280-25-016070,0.0459683875483936,2025,LSTM A - MARKET SEQUENCE,1,0,0.41573864
AMZN,2025-04-10,0001104659-25-033450,-0.0091684982251557,2025,LSTM A - MARKET SEQUENCE,0,0,0.10546548
INTC,2025-04-14,0001193125-25-079727,0.0220970611689994,2025,LSTM A - MARKET SEQUENCE,1,0,0.38856798
META,2025-04-14,0001326801-25-000027,-0.0290202980323543,2025,LSTM A - MARKET SEQUENCE,0,0,0.37074652
AMD,2025-04-16,0000002488-25-000039,-0.0433064565689217,2025,LSTM A - MARKET SEQUENCE,0,1,0.5760479
NVDA,2025-04-16,0001045810-25-000082,-0.0385630135262662,2025,LSTM A - MARKET SEQUENCE,0,0,0.4587816
GOOGL,2025-04-21,0001652044-25-000033,0.001658441613326,2025,LSTM A - MARKET SEQUENCE,1,1,0.60460234
INTC,2025-04-21,0000050863-25-000063,0.0199923705911453,2025,LSTM A - MARKET SEQUENCE,1,1,0.58850944
NFLX,2025-04-21,0001065280-25-000175,0.0400391628791936,2025,LSTM A - MARKET SEQUENCE,1,1,0.50776577
AVGO,2025-04-23,0001730168-25-000037,0.020546316571693,2025,LSTM A - MARKET SEQUENCE,1,1,0.5648734
TSLA,2025-04-23,0001628280-25-018851,0.0309840231341191,2025,LSTM A - MARKET SEQUENCE,1,1,0.5162896
ADBE,2025-04-25,0001628280-25-019665,0.00772102769487,2025,LSTM A - MARKET SEQUENCE,1,0,0.4071079
GOOGL,2025-04-25,0001652044-25-000040,0.0056778680502369,2025,LSTM A - MARKET SEQUENCE,1,0,0.4263452
INTC,2025-04-25,0000050863-25-000070,-0.0781558716736774,2025,LSTM A - MARKET SEQUENCE,0,1,0.5147192
INTC,2025-04-30,0000050863-25-000079,-0.0116732534635292,2025,LSTM A - MARKET SEQUENCE,0,1,0.53458
META,2025-05-01,0001326801-25-000050,0.0292160941986381,2025,LSTM A - MARKET SEQUENCE,1,0,0.4711119
MSFT,2025-05-01,0000950170-25-061032,0.0631927321655236,2025,LSTM A - MARKET SEQUENCE,1,0,0.48748824
QCOM,2025-05-01,0000804328-25-000029,-0.1023105592841709,2025,LSTM A - MARKET SEQUENCE,0,0,0.49316218
AAPL,2025-05-02,0000320193-25-000055,-0.0522054924249119,2025,LSTM A - MARKET SEQUENCE,0,1,0.5463083
AMZN,2025-05-02,0001018724-25-000034,-0.016000458315075,2025,LSTM A - MARKET SEQUENCE,0,0,0.44738317
GOOGL,2025-05-02,0001193125-25-110020,0.0020812471971012,2025,LSTM A - MARKET SEQUENCE,1,0,0.44866976
AMD,2025-05-07,0000002488-25-000045,0.0137175882183342,2025,LSTM A - MARKET SEQUENCE,1,0,0.39340028
GOOGL,2025-05-07,0001193125-25-113864,-0.0765227155851061,2025,LSTM A - MARKET SEQUENCE,0,0,0.43643296
INTC,2025-05-12,0000050863-25-000084,-0.0052593287332221,2025,LSTM A - MARKET SEQUENCE,0,0,0.3796269
AAPL,2025-05-13,0001140361-25-018400,-0.0050885492194789,2025,LSTM A - MARKET SEQUENCE,0,0,0.37829491
QCOM,2025-05-14,0000804328-25-000034,0.0048435657776624,2025,LSTM A - MARKET SEQUENCE,1,0,0.38943332
TSLA,2025-05-16,0001628280-25-026148,0.0165331773278589,2025,LSTM A - MARKET SEQUENCE,1,0,0.4765242
AMD,2025-05-19,0000002488-25-000064,-0.0216979027634007,2025,LSTM A - MARKET SEQUENCE,0,0,0.39842147
AMD,2025-05-19,0001193125-25-122121,-0.0216979027634007,2025,LSTM A - MARKET SEQUENCE,0,0,0.39842147
TSLA,2025-05-19,0001104659-25-050072,-0.0235029893233719,2025,LSTM A - MARKET SEQUENCE,0,0,0.48711723
AMZN,2025-05-23,0001104659-25-052014,-0.0011282096288659,2025,LSTM A - MARKET SEQUENCE,0,0,0.41100633
QCOM,2025-05-23,0001104659-25-051981,-0.004242458635643,2025,LSTM A - MARKET SEQUENCE,0,0,0.38319325
NVDA,2025-05-29,0001045810-25-000115,0.0305242737867583,2025,LSTM A - MARKET SEQUENCE,1,0,0.39896914
META,2025-06-02,0001326801-25-000090,0.028256530076506,2025,LSTM A - MARKET SEQUENCE,1,0,0.3799353
AVGO,2025-06-06,0001730168-25-000061,-0.0597888443301509,2025,LSTM A - MARKET SEQUENCE,0,1,0.5915583
NFLX,2025-06-09,0001065280-25-000286,-0.015173567476475,2025,LSTM A - MARKET SEQUENCE,0,0,0.49940598
QCOM,2025-06-10,0001104659-25-057814,0.0173228355659522,2025,LSTM A - MARKET SEQUENCE,1,0,0.35897562
ADBE,2025-06-13,0000796343-25-000064,-0.040626518735037,2025,LSTM A - MARKET SEQUENCE,0,1,0.5453389
GOOGL,2025-06-13,0001193125-25-139948,0.0066923385153199,2025,LSTM A - MARKET SEQUENCE,1,0,0.49227384
NFLX,2025-06-25,0001065280-25-000287,-0.0055742702774185,2025,LSTM A - MARKET SEQUENCE,0,1,0.5247158
NVDA,2025-07-01,0001045810-25-000179,-0.0212558369759616,2025,LSTM A - MARKET SEQUENCE,0,1,0.5478829
MSFT,2025-07-02,0001193125-25-154103,-0.0089164590656711,2025,LSTM A - MARKET SEQUENCE,0,1,0.61154205
TSLA,2025-07-02,0001628280-25-033842,0.0427169045964572,2025,LSTM A - MARKET SEQUENCE,1,0,0.4769486
AMD,2025-07-03,0000002488-25-000099,-0.0142437493103435,2025,LSTM A - MARKET SEQUENCE,0,1,0.5020593
AAPL,2025-07-09,0001140361-25-025275,-0.0016983069028726,2025,LSTM A - MARKET SEQUENCE,0,1,0.50708485
TSLA,2025-07-10,0001628280-25-034692,0.0487210294752877,2025,LSTM A - MARKET SEQUENCE,1,0,0.45057544
AVGO,2025-07-14,0001193125-25-158202,0.0008198519980098,2025,LSTM A - MARKET SEQUENCE,1,1,0.56257254
NFLX,2025-07-18,0001065280-25-000322,-0.0499976506831232,2025,LSTM A - MARKET SEQUENCE,0,1,0.5220217
GOOGL,2025-07-21,0001193125-25-161225,0.0220499551378408,2025,LSTM A - MARKET SEQUENCE,1,0,0.49698564
GOOGL,2025-07-24,0001652044-25-000056,0.0080698239913239,2025,LSTM A - MARKET SEQUENCE,1,0,0.48154908
TSLA,2025-07-24,0001628280-25-035738,-0.0840986247796242,2025,LSTM A - MARKET SEQUENCE,0,1,0.50253457
INTC,2025-07-25,0000050863-25-000107,-0.0876920500617223,2025,LSTM A - MARKET SEQUENCE,0,0,0.40469635
AAPL,2025-07-28,0001140361-25-027340,-0.0023301113794165,2025,LSTM A - MARKET SEQUENCE,0,1,0.5504379
META,2025-07-31,0001628280-25-036719,0.117826296679073,2025,LSTM A - MARKET SEQUENCE,1,1,0.55570424
MSFT,2025-07-31,0000950170-25-100226,0.0447738533112154,2025,LSTM A - MARKET SEQUENCE,1,1,0.6082829
QCOM,2025-07-31,0000804328-25-000044,-0.0720301967840085,2025,LSTM A - MARKET SEQUENCE,0,1,0.5270735
AAPL,2025-08-01,0000320193-25-000071,-0.0053046623012307,2025,LSTM A - MARKET SEQUENCE,0,1,0.55597496
AMZN,2025-08-01,0001018724-25-000084,-0.0629972838598512,2025,LSTM A - MARKET SEQUENCE,0,1,0.58435005
TSLA,2025-08-04,0001104659-25-073263,0.0034564045452589,2025,LSTM A - MARKET SEQUENCE,1,0,0.43966976
AMD,2025-08-06,0000002488-25-000106,-0.0767793645794883,2025,LSTM A - MARKET SEQUENCE,0,1,0.50924546
NVDA,2025-08-06,0001045810-25-000197,-0.0060761692887618,2025,LSTM A - MARKET SEQUENCE,0,1,0.58961695
INTC,2025-08-15,0000050863-25-000123,0.0337351462987751,2025,LSTM A - MARKET SEQUENCE,1,0,0.40060937
INTC,2025-08-22,0000050863-25-000126,0.0398916783123206,2025,LSTM A - MARKET SEQUENCE,1,0,0.4912879
INTC,2025-08-25,0000050863-25-000129,-0.0071959885373535,2025,LSTM A - MARKET SEQUENCE,0,0,0.31554118
AMD,2025-08-26,0000002488-25-000147,0.0159407664814916,2025,LSTM A - MARKET SEQUENCE,1,0,0.44281903
QCOM,2025-08-26,0000804328-25-000049,0.0135658664098605,2025,LSTM A - MARKET SEQUENCE,1,0,0.3585645
NVDA,2025-08-28,0001045810-25-000207,-0.0141343127791589,2025,LSTM A - MARKET SEQUENCE,0,1,0.6117689
INTC,2025-09-02,0000050863-25-000135,0.0026306361602177,2025,LSTM A - MARKET SEQUENCE,1,0,0.37263364
QCOM,2025-09-03,0000804328-25-000054,-0.0173144997282927,2025,LSTM A - MARKET SEQUENCE,0,0,0.39032444
GOOGL,2025-09-04,0001652044-25-000067,-0.0019413096759779,2025,LSTM A - MARKET SEQUENCE,0,0,0.37714612
AVGO,2025-09-05,0001730168-25-000094,0.0926114077971371,2025,LSTM A - MARKET SEQUENCE,1,1,0.63451344
GOOGL,2025-09-08,0001652044-25-000074,-0.008072545922159,2025,LSTM A - MARKET SEQUENCE,0,1,0.6259733
INTC,2025-09-08,0000050863-25-000147,-0.0052864773859351,2025,LSTM A - MARKET SEQUENCE,0,0,0.33781627
TSLA,2025-09-08,0001104659-25-087862,-0.0175334866626433,2025,LSTM A - MARKET SEQUENCE,0,0,0.37624285
INTC,2025-09-09,0000050863-25-000149,-0.0044669492947324,2025,LSTM A - MARKET SEQUENCE,0,0,0.35041228
AVGO,2025-09-10,0001193125-25-199281,0.0973944507010884,2025,LSTM A - MARKET SEQUENCE,1,1,0.6791698
AVGO,2025-09-11,0001193125-25-200108,-0.0327165698047944,2025,LSTM A - MARKET SEQUENCE,0,1,0.540676
ADBE,2025-09-12,0000796343-25-000102,-0.0078118643336309,2025,LSTM A - MARKET SEQUENCE,0,0,0.32640687
INTC,2025-09-15,0000050863-25-000153,0.0200976390034777,2025,LSTM A - MARKET SEQUENCE,1,0,0.4205182
INTC,2025-09-19,0000050863-25-000155,-0.0391540449480576,2025,LSTM A - MARKET SEQUENCE,0,0,0.23858465
AVGO,2025-09-30,0001193125-25-223202,0.003390818422353,2025,LSTM A - MARKET SEQUENCE,1,0,0.4041282
INTC,2025-09-30,0000050863-25-000159,-0.0297113012730684,2025,LSTM A - MARKET SEQUENCE,0,1,0.5376399
MSFT,2025-10-01,0001193125-25-225125,-0.0013989545791359,2025,LSTM A - MARKET SEQUENCE,0,0,0.48351064
TSLA,2025-10-02,0001628280-25-043530,-0.0551710441225548,2025,LSTM A - MARKET SEQUENCE,0,0,0.37070137
AMD,2025-10-06,0001193125-25-230895,0.229570120988193,2025,LSTM A - MARKET SEQUENCE,1,0,0.4133664
NFLX,2025-10-22,0001065280-25-000404,-0.0910467302021142,2025,LSTM A - MARKET SEQUENCE,0,0,0.28688154
TSLA,2025-10-23,0001628280-25-045861,0.0143968924225061,2025,LSTM A - MARKET SEQUENCE,1,1,0.5422312
INTC,2025-10-24,0000050863-25-000169,-0.0075336534220806,2025,LSTM A - MARKET SEQUENCE,0,0,0.41876656
AMD,2025-10-27,0001193125-25-250803,0.0088791200291153,2025,LSTM A - MARKET SEQUENCE,1,0,0.30485564
GOOGL,2025-10-30,0001652044-25-000087,0.0404553257695274,2025,LSTM A - MARKET SEQUENCE,1,1,0.53450567
META,2025-10-30,0001628280-25-047114,-0.0980590832120631,2025,LSTM A - MARKET SEQUENCE,0,0,0.4074967
MSFT,2025-10-30,0001193125-25-256310,-0.0138684677156911,2025,LSTM A - MARKET SEQUENCE,0,1,0.50786537
AAPL,2025-10-31,0000320193-25-000077,-0.0086189929971478,2025,LSTM A - MARKET SEQUENCE,0,1,0.60644597
AMZN,2025-10-31,0001018724-25-000121,0.091021090689308,2025,LSTM A - MARKET SEQUENCE,1,1,0.5039575
NFLX,2025-10-31,0001065280-25-000407,0.0225958143803028,2025,LSTM A - MARKET SEQUENCE,1,1,0.6245122
META,2025-11-04,0001193125-25-262593,0.0040052461336197,2025,LSTM A - MARKET SEQUENCE,1,1,0.5371638
AMD,2025-11-05,0000002488-25-000163,0.018607060458321,2025,LSTM A - MARKET SEQUENCE,1,0,0.47604588
NFLX,2025-11-05,0001065280-25-000408,-0.0014756161842595,2025,LSTM A - MARKET SEQUENCE,0,1,0.5889574
QCOM,2025-11-06,0000804328-25-000084,-0.0176514743796617,2025,LSTM A - MARKET SEQUENCE,0,0,0.33483
GOOGL,2025-11-07,0001193125-25-269979,-0.0176349022429217,2025,LSTM A - MARKET SEQUENCE,0,1,0.54453623
TSLA,2025-11-10,0001104659-25-108507,0.0144516595534354,2025,LSTM A - MARKET SEQUENCE,1,0,0.43249807
INTC,2025-11-13,0000050863-25-000194,-0.0318404771007635,2025,LSTM A - MARKET SEQUENCE,0,0,0.4534358
NFLX,2025-11-17,0001065280-25-000450,0.0002054042438982,2025,LSTM A - MARKET SEQUENCE,1,0,0.43818882
NVDA,2025-11-20,0001045810-25-000228,-0.0078530969650368,2025,LSTM A - MARKET SEQUENCE,0,0,0.40494317
AMZN,2025-11-21,0001104659-25-114647,0.0088361750757295,2025,LSTM A - MARKET SEQUENCE,1,0,0.30829695
NFLX,2025-12-05,0001193125-25-308651,-0.0329477561125077,2025,LSTM A - MARKET SEQUENCE,0,0,0.45287156
AAPL,2025-12-08,0001140361-25-044561,-0.0012738305670579,2025,LSTM A - MARKET SEQUENCE,0,1,0.60010153
MSFT,2025-12-09,0001193125-25-311196,0.0008032673129765,2025,LSTM A - MARKET SEQUENCE,1,1,0.5690526
ADBE,2025-12-11,0000796343-25-000135,0.0245091460598039,2025,LSTM A - MARKET SEQUENCE,1,0,0.41006413
QCOM,2025-12-11,0000804328-25-000096,-0.0019244707519939,2025,LSTM A - MARKET SEQUENCE,0,0,0.38423845
AVGO,2025-12-12,0001730168-25-000116,-0.0951618269193697,2025,LSTM A - MARKET SEQUENCE,0,1,0.559194
META,2025-12-15,0001628280-25-056768,0.0109305638451026,2025,LSTM A - MARKET SEQUENCE,1,0,0.2544267
AMD,2025-12-16,0000002488-25-000182,0.0056778767854142,2025,LSTM A - MARKET SEQUENCE,1,0,0.40139124
QCOM,2025-12-17,0000804328-25-000098,-0.0029255981515337,2025,LSTM A - MARKET SEQUENCE,0,0,0.40674734
META,2025-12-22,0001628280-25-058337,-0.0006494060583752,2025,LSTM A - MARKET SEQUENCE,0,0,0.25156805
NFLX,2025-12-22,0001193125-25-327462,-0.0170828254997952,2025,LSTM A - MARKET SEQUENCE,0,0,0.40144742
INTC,2025-12-29,0000050863-25-000204,0.0181003383428818,2025,LSTM A - MARKET SEQUENCE,1,0,0.40352887
TSLA,2025-01-02,0001628280-25-000007,-0.05886014378365,2025,LSTM B - MARKET SEQUENCE + SEC,0,0,0.4958037
AAPL,2025-01-06,0001140361-25-000228,-0.0047542763313559,2025,LSTM B - MARKET SEQUENCE + SEC,0,0,0.41167906
META,2025-01-07,0001326801-25-000005,-0.0016890354040893,2025,LSTM B - MARKET SEQUENCE + SEC,0,0,0.42099866
AVGO,2025-01-13,0001193125-25-004476,0.0075827566715486,2025,LSTM B - MARKET SEQUENCE + SEC,1,0,0.4524216
AVGO,2025-01-14,0001193125-25-005318,-0.0016694757783562,2025,LSTM B - MARKET SEQUENCE + SEC,0,0,0.45244882
ADBE,2025-01-21,0001193125-25-008409,0.0089492434486455,2025,LSTM B - MARKET SEQUENCE + SEC,1,0,0.36440477
NVDA,2025-01-21,0001045810-25-000007,0.0167911079756806,2025,LSTM B - MARKET SEQUENCE + SEC,1,0,0.4287446
NFLX,2025-01-22,0001065280-25-000033,0.0841579013756215,2025,LSTM B - MARKET SEQUENCE + SEC,1,1,0.522473
MSFT,2025-01-23,0001193125-25-010492,-0.0009831174507721,2025,LSTM B - MARKET SEQUENCE + SEC,0,0,0.45855862
META,2025-01-30,0001326801-25-000014,0.0112736215606825,2025,LSTM B - MARKET SEQUENCE + SEC,1,0,0.4404451
MSFT,2025-01-30,0000950170-25-010484,-0.0660714994455886,2025,LSTM B - MARKET SEQUENCE + SEC,0,1,0.51795757
TSLA,2025-01-30,0001628280-25-002993,0.0244704911779372,2025,LSTM B - MARKET SEQUENCE + SEC,1,1,0.54825175
AAPL,2025-01-31,0000320193-25-000007,-0.0052390147515748,2025,LSTM B - MARKET SEQUENCE + SEC,0,1,0.61849636
ADBE,2025-01-31,0000796343-25-000036,-0.0177172220699866,2025,LSTM B - MARKET SEQUENCE + SEC,0,0,0.34790915
INTC,2025-01-31,0000050863-25-000004,-0.0275323489546072,2025,LSTM B - MARKET SEQUENCE + SEC,0,0,0.36646765
AMD,2025-02-05,0000002488-25-000009,-0.0672156317243187,2025,LSTM B - MARKET SEQUENCE + SEC,0,0,0.35634503
GOOGL,2025-02-05,0001652044-25-000010,-0.0774615664851434,2025,LSTM B - MARKET SEQUENCE + SEC,0,1,0.53843725
QCOM,2025-02-06,0000804328-25-000010,-0.0424086946512257,2025,LSTM B - MARKET SEQUENCE + SEC,0,0,0.37969795
AMZN,2025-02-07,0001018724-25-000002,-0.0279175860380737,2025,LSTM B - MARKET SEQUENCE + SEC,0,1,0.5064562
META,2025-02-21,0001326801-25-000021,0.0045063857929992,2025,LSTM B - MARKET SEQUENCE + SEC,1,0,0.47619867
AMD,2025-02-25,0000002488-25-000026,-0.0257874407127393,2025,LSTM B - MARKET SEQUENCE + SEC,0,0,0.33679828
AAPL,2025-02-26,0001140361-25-005876,-0.0294557859935854,2025,LSTM B - MARKET SEQUENCE + SEC,0,0,0.4859446
NVDA,2025-02-27,0001045810-25-000021,-0.0570094103254051,2025,LSTM B - MARKET SEQUENCE + SEC,0,0,0.3641676
INTC,2025-03-03,0000050863-25-000024,-0.019836860760271,2025,LSTM B - MARKET SEQUENCE + SEC,0,0,0.29668528
AVGO,2025-03-07,0001730168-25-000009,0.0790772020043801,2025,LSTM B - MARKET SEQUENCE + SEC,1,0,0.38811955
NVDA,2025-03-10,0001045810-25-000039,-0.01191383511016,2025,LSTM B - MARKET SEQUENCE + SEC,0,0,0.31034702
AMD,2025-03-12,0001193125-25-052173,0.030368716856449,2025,LSTM B - MARKET SEQUENCE + SEC,1,0,0.3718757
ADBE,2025-03-13,0000796343-25-000052,-0.1205411963432797,2025,LSTM B - MARKET SEQUENCE + SEC,0,0,0.38192925
INTC,2025-03-17,0000050863-25-000036,0.0617075900886607,2025,LSTM B - MARKET SEQUENCE + SEC,1,0,0.34473875
GOOGL,2025-03-18,0001652044-25-000027,-0.0049868533512834,2025,LSTM B - MARKET SEQUENCE + SEC,0,0,0.38765174
QCOM,2025-03-21,0000804328-25-000018,-0.0104507625727504,2025,LSTM B - MARKET SEQUENCE + SEC,0,0,0.40980095
AMD,2025-03-25,0001193125-25-061366,0.0027255524888967,2025,LSTM B - MARKET SEQUENCE + SEC,1,0,0.3766322
INTC,2025-03-28,0000050863-25-000060,-0.0121988617232063,2025,LSTM B - MARKET SEQUENCE + SEC,0,0,0.41427124
AMD,2025-03-31,0001193125-25-067902,-0.0046076765526307,2025,LSTM B - MARKET SEQUENCE + SEC,0,0,0.44234774
TSLA,2025-04-02,0001628280-25-016070,0.0459683875483936,2025,LSTM B - MARKET SEQUENCE + SEC,1,0,0.40025282
AMZN,2025-04-10,0001104659-25-033450,-0.0091684982251557,2025,LSTM B - MARKET SEQUENCE + SEC,0,0,0.27536896
INTC,2025-04-14,0001193125-25-079727,0.0220970611689994,2025,LSTM B - MARKET SEQUENCE + SEC,1,0,0.3913703
META,2025-04-14,0001326801-25-000027,-0.0290202980323543,2025,LSTM B - MARKET SEQUENCE + SEC,0,0,0.35239038
AMD,2025-04-16,0000002488-25-000039,-0.0433064565689217,2025,LSTM B - MARKET SEQUENCE + SEC,0,1,0.55715346
NVDA,2025-04-16,0001045810-25-000082,-0.0385630135262662,2025,LSTM B - MARKET SEQUENCE + SEC,0,0,0.3910666
GOOGL,2025-04-21,0001652044-25-000033,0.001658441613326,2025,LSTM B - MARKET SEQUENCE + SEC,1,0,0.47675094
INTC,2025-04-21,0000050863-25-000063,0.0199923705911453,2025,LSTM B - MARKET SEQUENCE + SEC,1,1,0.57061815
NFLX,2025-04-21,0001065280-25-000175,0.0400391628791936,2025,LSTM B - MARKET SEQUENCE + SEC,1,0,0.3963739
AVGO,2025-04-23,0001730168-25-000037,0.020546316571693,2025,LSTM B - MARKET SEQUENCE + SEC,1,0,0.4229391
TSLA,2025-04-23,0001628280-25-018851,0.0309840231341191,2025,LSTM B - MARKET SEQUENCE + SEC,1,0,0.44380176
ADBE,2025-04-25,0001628280-25-019665,0.00772102769487,2025,LSTM B - MARKET SEQUENCE + SEC,1,0,0.3639441
GOOGL,2025-04-25,0001652044-25-000040,0.0056778680502369,2025,LSTM B - MARKET SEQUENCE + SEC,1,0,0.38828465
INTC,2025-04-25,0000050863-25-000070,-0.0781558716736774,2025,LSTM B - MARKET SEQUENCE + SEC,0,0,0.43317917
INTC,2025-04-30,0000050863-25-000079,-0.0116732534635292,2025,LSTM B - MARKET SEQUENCE + SEC,0,0,0.39576456
META,2025-05-01,0001326801-25-000050,0.0292160941986381,2025,LSTM B - MARKET SEQUENCE + SEC,1,0,0.41990387
MSFT,2025-05-01,0000950170-25-061032,0.0631927321655236,2025,LSTM B - MARKET SEQUENCE + SEC,1,0,0.41922477
QCOM,2025-05-01,0000804328-25-000029,-0.1023105592841709,2025,LSTM B - MARKET SEQUENCE + SEC,0,0,0.38488117
AAPL,2025-05-02,0000320193-25-000055,-0.0522054924249119,2025,LSTM B - MARKET SEQUENCE + SEC,0,0,0.43977594
AMZN,2025-05-02,0001018724-25-000034,-0.016000458315075,2025,LSTM B - MARKET SEQUENCE + SEC,0,0,0.38906783
GOOGL,2025-05-02,0001193125-25-110020,0.0020812471971012,2025,LSTM B - MARKET SEQUENCE + SEC,1,0,0.40054655
AMD,2025-05-07,0000002488-25-000045,0.0137175882183342,2025,LSTM B - MARKET SEQUENCE + SEC,1,0,0.3985305
GOOGL,2025-05-07,0001193125-25-113864,-0.0765227155851061,2025,LSTM B - MARKET SEQUENCE + SEC,0,0,0.4106337
INTC,2025-05-12,0000050863-25-000084,-0.0052593287332221,2025,LSTM B - MARKET SEQUENCE + SEC,0,0,0.39252716
AAPL,2025-05-13,0001140361-25-018400,-0.0050885492194789,2025,LSTM B - MARKET SEQUENCE + SEC,0,0,0.4221976
QCOM,2025-05-14,0000804328-25-000034,0.0048435657776624,2025,LSTM B - MARKET SEQUENCE + SEC,1,0,0.34708157
TSLA,2025-05-16,0001628280-25-026148,0.0165331773278589,2025,LSTM B - MARKET SEQUENCE + SEC,1,0,0.3850879
AMD,2025-05-19,0000002488-25-000064,-0.0216979027634007,2025,LSTM B - MARKET SEQUENCE + SEC,0,0,0.38935888
AMD,2025-05-19,0001193125-25-122121,-0.0216979027634007,2025,LSTM B - MARKET SEQUENCE + SEC,0,0,0.4376156
TSLA,2025-05-19,0001104659-25-050072,-0.0235029893233719,2025,LSTM B - MARKET SEQUENCE + SEC,0,0,0.45200115
AMZN,2025-05-23,0001104659-25-052014,-0.0011282096288659,2025,LSTM B - MARKET SEQUENCE + SEC,0,0,0.41051155
QCOM,2025-05-23,0001104659-25-051981,-0.004242458635643,2025,LSTM B - MARKET SEQUENCE + SEC,0,0,0.4522145
NVDA,2025-05-29,0001045810-25-000115,0.0305242737867583,2025,LSTM B - MARKET SEQUENCE + SEC,1,0,0.46036696
META,2025-06-02,0001326801-25-000090,0.028256530076506,2025,LSTM B - MARKET SEQUENCE + SEC,1,0,0.40614372
AVGO,2025-06-06,0001730168-25-000061,-0.0597888443301509,2025,LSTM B - MARKET SEQUENCE + SEC,0,1,0.5406708
NFLX,2025-06-09,0001065280-25-000286,-0.015173567476475,2025,LSTM B - MARKET SEQUENCE + SEC,0,1,0.5028235
QCOM,2025-06-10,0001104659-25-057814,0.0173228355659522,2025,LSTM B - MARKET SEQUENCE + SEC,1,0,0.4011833
ADBE,2025-06-13,0000796343-25-000064,-0.040626518735037,2025,LSTM B - MARKET SEQUENCE + SEC,0,0,0.48455766
GOOGL,2025-06-13,0001193125-25-139948,0.0066923385153199,2025,LSTM B - MARKET SEQUENCE + SEC,1,0,0.44917798
NFLX,2025-06-25,0001065280-25-000287,-0.0055742702774185,2025,LSTM B - MARKET SEQUENCE + SEC,0,1,0.5240867
NVDA,2025-07-01,0001045810-25-000179,-0.0212558369759616,2025,LSTM B - MARKET SEQUENCE + SEC,0,1,0.506119
MSFT,2025-07-02,0001193125-25-154103,-0.0089164590656711,2025,LSTM B - MARKET SEQUENCE + SEC,0,1,0.60622984
TSLA,2025-07-02,0001628280-25-033842,0.0427169045964572,2025,LSTM B - MARKET SEQUENCE + SEC,1,0,0.48452738
AMD,2025-07-03,0000002488-25-000099,-0.0142437493103435,2025,LSTM B - MARKET SEQUENCE + SEC,0,0,0.4659996
AAPL,2025-07-09,0001140361-25-025275,-0.0016983069028726,2025,LSTM B - MARKET SEQUENCE + SEC,0,0,0.45060873
TSLA,2025-07-10,0001628280-25-034692,0.0487210294752877,2025,LSTM B - MARKET SEQUENCE + SEC,1,0,0.44774824
AVGO,2025-07-14,0001193125-25-158202,0.0008198519980098,2025,LSTM B - MARKET SEQUENCE + SEC,1,1,0.5728413
NFLX,2025-07-18,0001065280-25-000322,-0.0499976506831232,2025,LSTM B - MARKET SEQUENCE + SEC,0,1,0.54156893
GOOGL,2025-07-21,0001193125-25-161225,0.0220499551378408,2025,LSTM B - MARKET SEQUENCE + SEC,1,0,0.49381465
GOOGL,2025-07-24,0001652044-25-000056,0.0080698239913239,2025,LSTM B - MARKET SEQUENCE + SEC,1,0,0.49710175
TSLA,2025-07-24,0001628280-25-035738,-0.0840986247796242,2025,LSTM B - MARKET SEQUENCE + SEC,0,1,0.50323486
INTC,2025-07-25,0000050863-25-000107,-0.0876920500617223,2025,LSTM B - MARKET SEQUENCE + SEC,0,0,0.40820524
AAPL,2025-07-28,0001140361-25-027340,-0.0023301113794165,2025,LSTM B - MARKET SEQUENCE + SEC,0,0,0.4879084
META,2025-07-31,0001628280-25-036719,0.117826296679073,2025,LSTM B - MARKET SEQUENCE + SEC,1,1,0.5357462
MSFT,2025-07-31,0000950170-25-100226,0.0447738533112154,2025,LSTM B - MARKET SEQUENCE + SEC,1,1,0.58998954
QCOM,2025-07-31,0000804328-25-000044,-0.0720301967840085,2025,LSTM B - MARKET SEQUENCE + SEC,0,1,0.5061548
AAPL,2025-08-01,0000320193-25-000071,-0.0053046623012307,2025,LSTM B - MARKET SEQUENCE + SEC,0,1,0.5084472
AMZN,2025-08-01,0001018724-25-000084,-0.0629972838598512,2025,LSTM B - MARKET SEQUENCE + SEC,0,1,0.53681606
TSLA,2025-08-04,0001104659-25-073263,0.0034564045452589,2025,LSTM B - MARKET SEQUENCE + SEC,1,0,0.41414407
AMD,2025-08-06,0000002488-25-000106,-0.0767793645794883,2025,LSTM B - MARKET SEQUENCE + SEC,0,1,0.5010469
NVDA,2025-08-06,0001045810-25-000197,-0.0060761692887618,2025,LSTM B - MARKET SEQUENCE + SEC,0,1,0.56790227
INTC,2025-08-15,0000050863-25-000123,0.0337351462987751,2025,LSTM B - MARKET SEQUENCE + SEC,1,1,0.54383326
INTC,2025-08-22,0000050863-25-000126,0.0398916783123206,2025,LSTM B - MARKET SEQUENCE + SEC,1,0,0.47393367
INTC,2025-08-25,0000050863-25-000129,-0.0071959885373535,2025,LSTM B - MARKET SEQUENCE + SEC,0,0,0.48382515
AMD,2025-08-26,0000002488-25-000147,0.0159407664814916,2025,LSTM B - MARKET SEQUENCE + SEC,1,1,0.55996275
QCOM,2025-08-26,0000804328-25-000049,0.0135658664098605,2025,LSTM B - MARKET SEQUENCE + SEC,1,0,0.34549445
NVDA,2025-08-28,0001045810-25-000207,-0.0141343127791589,2025,LSTM B - MARKET SEQUENCE + SEC,0,1,0.5982076
INTC,2025-09-02,0000050863-25-000135,0.0026306361602177,2025,LSTM B - MARKET SEQUENCE + SEC,1,0,0.47568825
QCOM,2025-09-03,0000804328-25-000054,-0.0173144997282927,2025,LSTM B - MARKET SEQUENCE + SEC,0,0,0.35868916
GOOGL,2025-09-04,0001652044-25-000067,-0.0019413096759779,2025,LSTM B - MARKET SEQUENCE + SEC,0,1,0.50797135
AVGO,2025-09-05,0001730168-25-000094,0.0926114077971371,2025,LSTM B - MARKET SEQUENCE + SEC,1,1,0.63799864
GOOGL,2025-09-08,0001652044-25-000074,-0.008072545922159,2025,LSTM B - MARKET SEQUENCE + SEC,0,1,0.5815079
INTC,2025-09-08,0000050863-25-000147,-0.0052864773859351,2025,LSTM B - MARKET SEQUENCE + SEC,0,0,0.39109218
TSLA,2025-09-08,0001104659-25-087862,-0.0175334866626433,2025,LSTM B - MARKET SEQUENCE + SEC,0,0,0.46184886
INTC,2025-09-09,0000050863-25-000149,-0.0044669492947324,2025,LSTM B - MARKET SEQUENCE + SEC,0,0,0.33868238
AVGO,2025-09-10,0001193125-25-199281,0.0973944507010884,2025,LSTM B - MARKET SEQUENCE + SEC,1,1,0.5982327
AVGO,2025-09-11,0001193125-25-200108,-0.0327165698047944,2025,LSTM B - MARKET SEQUENCE + SEC,0,1,0.5942305
ADBE,2025-09-12,0000796343-25-000102,-0.0078118643336309,2025,LSTM B - MARKET SEQUENCE + SEC,0,0,0.40363234
INTC,2025-09-15,0000050863-25-000153,0.0200976390034777,2025,LSTM B - MARKET SEQUENCE + SEC,1,0,0.3908236
INTC,2025-09-19,0000050863-25-000155,-0.0391540449480576,2025,LSTM B - MARKET SEQUENCE + SEC,0,0,0.4027684
AVGO,2025-09-30,0001193125-25-223202,0.003390818422353,2025,LSTM B - MARKET SEQUENCE + SEC,1,0,0.4082709
INTC,2025-09-30,0000050863-25-000159,-0.0297113012730684,2025,LSTM B - MARKET SEQUENCE + SEC,0,1,0.57991683
MSFT,2025-10-01,0001193125-25-225125,-0.0013989545791359,2025,LSTM B - MARKET SEQUENCE + SEC,0,0,0.44313332
TSLA,2025-10-02,0001628280-25-043530,-0.0551710441225548,2025,LSTM B - MARKET SEQUENCE + SEC,0,0,0.45164394
AMD,2025-10-06,0001193125-25-230895,0.229570120988193,2025,LSTM B - MARKET SEQUENCE + SEC,1,0,0.46848327
NFLX,2025-10-22,0001065280-25-000404,-0.0910467302021142,2025,LSTM B - MARKET SEQUENCE + SEC,0,0,0.39751315
TSLA,2025-10-23,0001628280-25-045861,0.0143968924225061,2025,LSTM B - MARKET SEQUENCE + SEC,1,1,0.56995434
INTC,2025-10-24,0000050863-25-000169,-0.0075336534220806,2025,LSTM B - MARKET SEQUENCE + SEC,0,0,0.46742138
AMD,2025-10-27,0001193125-25-250803,0.0088791200291153,2025,LSTM B - MARKET SEQUENCE + SEC,1,0,0.46173865
GOOGL,2025-10-30,0001652044-25-000087,0.0404553257695274,2025,LSTM B - MARKET SEQUENCE + SEC,1,1,0.5594602
META,2025-10-30,0001628280-25-047114,-0.0980590832120631,2025,LSTM B - MARKET SEQUENCE + SEC,0,0,0.43433774
MSFT,2025-10-30,0001193125-25-256310,-0.0138684677156911,2025,LSTM B - MARKET SEQUENCE + SEC,0,0,0.4673186
AAPL,2025-10-31,0000320193-25-000077,-0.0086189929971478,2025,LSTM B - MARKET SEQUENCE + SEC,0,1,0.56266433
AMZN,2025-10-31,0001018724-25-000121,0.091021090689308,2025,LSTM B - MARKET SEQUENCE + SEC,1,0,0.45675865
NFLX,2025-10-31,0001065280-25-000407,0.0225958143803028,2025,LSTM B - MARKET SEQUENCE + SEC,1,1,0.5657523
META,2025-11-04,0001193125-25-262593,0.0040052461336197,2025,LSTM B - MARKET SEQUENCE + SEC,1,0,0.35435656
AMD,2025-11-05,0000002488-25-000163,0.018607060458321,2025,LSTM B - MARKET SEQUENCE + SEC,1,0,0.47587475
NFLX,2025-11-05,0001065280-25-000408,-0.0014756161842595,2025,LSTM B - MARKET SEQUENCE + SEC,0,1,0.5101827
QCOM,2025-11-06,0000804328-25-000084,-0.0176514743796617,2025,LSTM B - MARKET SEQUENCE + SEC,0,0,0.3738075
GOOGL,2025-11-07,0001193125-25-269979,-0.0176349022429217,2025,LSTM B - MARKET SEQUENCE + SEC,0,1,0.5460443
TSLA,2025-11-10,0001104659-25-108507,0.0144516595534354,2025,LSTM B - MARKET SEQUENCE + SEC,1,0,0.48873043
INTC,2025-11-13,0000050863-25-000194,-0.0318404771007635,2025,LSTM B - MARKET SEQUENCE + SEC,0,0,0.49889803
NFLX,2025-11-17,0001065280-25-000450,0.0002054042438982,2025,LSTM B - MARKET SEQUENCE + SEC,1,0,0.49158725
NVDA,2025-11-20,0001045810-25-000228,-0.0078530969650368,2025,LSTM B - MARKET SEQUENCE + SEC,0,0,0.41399646
AMZN,2025-11-21,0001104659-25-114647,0.0088361750757295,2025,LSTM B - MARKET SEQUENCE + SEC,1,0,0.28421906
NFLX,2025-12-05,0001193125-25-308651,-0.0329477561125077,2025,LSTM B - MARKET SEQUENCE + SEC,0,0,0.45908472
AAPL,2025-12-08,0001140361-25-044561,-0.0012738305670579,2025,LSTM B - MARKET SEQUENCE + SEC,0,1,0.5555772
MSFT,2025-12-09,0001193125-25-311196,0.0008032673129765,2025,LSTM B - MARKET SEQUENCE + SEC,1,0,0.4760938
ADBE,2025-12-11,0000796343-25-000135,0.0245091460598039,2025,LSTM B - MARKET SEQUENCE + SEC,1,0,0.45217228
QCOM,2025-12-11,0000804328-25-000096,-0.0019244707519939,2025,LSTM B - MARKET SEQUENCE + SEC,0,0,0.49139816
AVGO,2025-12-12,0001730168-25-000116,-0.0951618269193697,2025,LSTM B - MARKET SEQUENCE + SEC,0,1,0.52896565
META,2025-12-15,0001628280-25-056768,0.0109305638451026,2025,LSTM B - MARKET SEQUENCE + SEC,1,0,0.37226185
AMD,2025-12-16,0000002488-25-000182,0.0056778767854142,2025,LSTM B - MARKET SEQUENCE + SEC,1,0,0.38629785
QCOM,2025-12-17,0000804328-25-000098,-0.0029255981515337,2025,LSTM B - MARKET SEQUENCE + SEC,0,0,0.37733078
META,2025-12-22,0001628280-25-058337,-0.0006494060583752,2025,LSTM B - MARKET SEQUENCE + SEC,0,0,0.35061473
NFLX,2025-12-22,0001193125-25-327462,-0.0170828254997952,2025,LSTM B - MARKET SEQUENCE + SEC,0,0,0.4091449
INTC,2025-12-29,0000050863-25-000204,0.0181003383428818,2025,LSTM B - MARKET SEQUENCE + SEC,1,0,0.39040115
TSLA,2025-01-02,0001628280-25-000007,-0.05886014378365,2025,LSTM C - MARKET SEQUENCE + SEC + FINBERT,0,0,0.47864124
AAPL,2025-01-06,0001140361-25-000228,-0.0047542763313559,2025,LSTM C - MARKET SEQUENCE + SEC + FINBERT,0,0,0.47193325
META,2025-01-07,0001326801-25-000005,-0.0016890354040893,2025,LSTM C - MARKET SEQUENCE + SEC + FINBERT,0,0,0.32723835
AVGO,2025-01-13,0001193125-25-004476,0.0075827566715486,2025,LSTM C - MARKET SEQUENCE + SEC + FINBERT,1,1,0.51633966
AVGO,2025-01-14,0001193125-25-005318,-0.0016694757783562,2025,LSTM C - MARKET SEQUENCE + SEC + FINBERT,0,0,0.49203497
ADBE,2025-01-21,0001193125-25-008409,0.0089492434486455,2025,LSTM C - MARKET SEQUENCE + SEC + FINBERT,1,0,0.45107803
NVDA,2025-01-21,0001045810-25-000007,0.0167911079756806,2025,LSTM C - MARKET SEQUENCE + SEC + FINBERT,1,0,0.48904353
NFLX,2025-01-22,0001065280-25-000033,0.0841579013756215,2025,LSTM C - MARKET SEQUENCE + SEC + FINBERT,1,0,0.43848348
MSFT,2025-01-23,0001193125-25-010492,-0.0009831174507721,2025,LSTM C - MARKET SEQUENCE + SEC + FINBERT,0,0,0.37877977
META,2025-01-30,0001326801-25-000014,0.0112736215606825,2025,LSTM C - MARKET SEQUENCE + SEC + FINBERT,1,0,0.43600258
MSFT,2025-01-30,0000950170-25-010484,-0.0660714994455886,2025,LSTM C - MARKET SEQUENCE + SEC + FINBERT,0,1,0.5264412
TSLA,2025-01-30,0001628280-25-002993,0.0244704911779372,2025,LSTM C - MARKET SEQUENCE + SEC + FINBERT,1,1,0.5012935
AAPL,2025-01-31,0000320193-25-000007,-0.0052390147515748,2025,LSTM C - MARKET SEQUENCE + SEC + FINBERT,0,1,0.5559499
ADBE,2025-01-31,0000796343-25-000036,-0.0177172220699866,2025,LSTM C - MARKET SEQUENCE + SEC + FINBERT,0,0,0.37815517
INTC,2025-01-31,0000050863-25-000004,-0.0275323489546072,2025,LSTM C - MARKET SEQUENCE + SEC + FINBERT,0,0,0.4144452
AMD,2025-02-05,0000002488-25-000009,-0.0672156317243187,2025,LSTM C - MARKET SEQUENCE + SEC + FINBERT,0,0,0.33083695
GOOGL,2025-02-05,0001652044-25-000010,-0.0774615664851434,2025,LSTM C - MARKET SEQUENCE + SEC + FINBERT,0,0,0.48577935
QCOM,2025-02-06,0000804328-25-000010,-0.0424086946512257,2025,LSTM C - MARKET SEQUENCE + SEC + FINBERT,0,0,0.33430654
AMZN,2025-02-07,0001018724-25-000002,-0.0279175860380737,2025,LSTM C - MARKET SEQUENCE + SEC + FINBERT,0,0,0.49600622
META,2025-02-21,0001326801-25-000021,0.0045063857929992,2025,LSTM C - MARKET SEQUENCE + SEC + FINBERT,1,0,0.47124502
AMD,2025-02-25,0000002488-25-000026,-0.0257874407127393,2025,LSTM C - MARKET SEQUENCE + SEC + FINBERT,0,0,0.40154657
AAPL,2025-02-26,0001140361-25-005876,-0.0294557859935854,2025,LSTM C - MARKET SEQUENCE + SEC + FINBERT,0,0,0.4640378
NVDA,2025-02-27,0001045810-25-000021,-0.0570094103254051,2025,LSTM C - MARKET SEQUENCE + SEC + FINBERT,0,0,0.42379668
INTC,2025-03-03,0000050863-25-000024,-0.019836860760271,2025,LSTM C - MARKET SEQUENCE + SEC + FINBERT,0,0,0.37977463
AVGO,2025-03-07,0001730168-25-000009,0.0790772020043801,2025,LSTM C - MARKET SEQUENCE + SEC + FINBERT,1,1,0.51981676
NVDA,2025-03-10,0001045810-25-000039,-0.01191383511016,2025,LSTM C - MARKET SEQUENCE + SEC + FINBERT,0,0,0.42384985
AMD,2025-03-12,0001193125-25-052173,0.030368716856449,2025,LSTM C - MARKET SEQUENCE + SEC + FINBERT,1,0,0.42005914
ADBE,2025-03-13,0000796343-25-000052,-0.1205411963432797,2025,LSTM C - MARKET SEQUENCE + SEC + FINBERT,0,0,0.38300633
INTC,2025-03-17,0000050863-25-000036,0.0617075900886607,2025,LSTM C - MARKET SEQUENCE + SEC + FINBERT,1,0,0.39293677
GOOGL,2025-03-18,0001652044-25-000027,-0.0049868533512834,2025,LSTM C - MARKET SEQUENCE + SEC + FINBERT,0,0,0.48980957
QCOM,2025-03-21,0000804328-25-000018,-0.0104507625727504,2025,LSTM C - MARKET SEQUENCE + SEC + FINBERT,0,0,0.44095448
AMD,2025-03-25,0001193125-25-061366,0.0027255524888967,2025,LSTM C - MARKET SEQUENCE + SEC + FINBERT,1,0,0.2864185
INTC,2025-03-28,0000050863-25-000060,-0.0121988617232063,2025,LSTM C - MARKET SEQUENCE + SEC + FINBERT,0,0,0.4624294
AMD,2025-03-31,0001193125-25-067902,-0.0046076765526307,2025,LSTM C - MARKET SEQUENCE + SEC + FINBERT,0,0,0.44328204
TSLA,2025-04-02,0001628280-25-016070,0.0459683875483936,2025,LSTM C - MARKET SEQUENCE + SEC + FINBERT,1,0,0.43315148
AMZN,2025-04-10,0001104659-25-033450,-0.0091684982251557,2025,LSTM C - MARKET SEQUENCE + SEC + FINBERT,0,0,0.29268026
INTC,2025-04-14,0001193125-25-079727,0.0220970611689994,2025,LSTM C - MARKET SEQUENCE + SEC + FINBERT,1,0,0.43903434
META,2025-04-14,0001326801-25-000027,-0.0290202980323543,2025,LSTM C - MARKET SEQUENCE + SEC + FINBERT,0,0,0.40421346
AMD,2025-04-16,0000002488-25-000039,-0.0433064565689217,2025,LSTM C - MARKET SEQUENCE + SEC + FINBERT,0,1,0.5084609
NVDA,2025-04-16,0001045810-25-000082,-0.0385630135262662,2025,LSTM C - MARKET SEQUENCE + SEC + FINBERT,0,0,0.44392502
GOOGL,2025-04-21,0001652044-25-000033,0.001658441613326,2025,LSTM C - MARKET SEQUENCE + SEC + FINBERT,1,0,0.48079163
INTC,2025-04-21,0000050863-25-000063,0.0199923705911453,2025,LSTM C - MARKET SEQUENCE + SEC + FINBERT,1,1,0.5065013
NFLX,2025-04-21,0001065280-25-000175,0.0400391628791936,2025,LSTM C - MARKET SEQUENCE + SEC + FINBERT,1,0,0.3604706
AVGO,2025-04-23,0001730168-25-000037,0.020546316571693,2025,LSTM C - MARKET SEQUENCE + SEC + FINBERT,1,0,0.40865904
TSLA,2025-04-23,0001628280-25-018851,0.0309840231341191,2025,LSTM C - MARKET SEQUENCE + SEC + FINBERT,1,0,0.39773378
ADBE,2025-04-25,0001628280-25-019665,0.00772102769487,2025,LSTM C - MARKET SEQUENCE + SEC + FINBERT,1,0,0.3483198
GOOGL,2025-04-25,0001652044-25-000040,0.0056778680502369,2025,LSTM C - MARKET SEQUENCE + SEC + FINBERT,1,0,0.38392237
INTC,2025-04-25,0000050863-25-000070,-0.0781558716736774,2025,LSTM C - MARKET SEQUENCE + SEC + FINBERT,0,0,0.38486695
INTC,2025-04-30,0000050863-25-000079,-0.0116732534635292,2025,LSTM C - MARKET SEQUENCE + SEC + FINBERT,0,0,0.41905427
META,2025-05-01,0001326801-25-000050,0.0292160941986381,2025,LSTM C - MARKET SEQUENCE + SEC + FINBERT,1,0,0.4273299
MSFT,2025-05-01,0000950170-25-061032,0.0631927321655236,2025,LSTM C - MARKET SEQUENCE + SEC + FINBERT,1,0,0.4740417
QCOM,2025-05-01,0000804328-25-000029,-0.1023105592841709,2025,LSTM C - MARKET SEQUENCE + SEC + FINBERT,0,0,0.4073096
AAPL,2025-05-02,0000320193-25-000055,-0.0522054924249119,2025,LSTM C - MARKET SEQUENCE + SEC + FINBERT,0,0,0.47643855
AMZN,2025-05-02,0001018724-25-000034,-0.016000458315075,2025,LSTM C - MARKET SEQUENCE + SEC + FINBERT,0,0,0.4271495
GOOGL,2025-05-02,0001193125-25-110020,0.0020812471971012,2025,LSTM C - MARKET SEQUENCE + SEC + FINBERT,1,0,0.43928677
AMD,2025-05-07,0000002488-25-000045,0.0137175882183342,2025,LSTM C - MARKET SEQUENCE + SEC + FINBERT,1,0,0.38245502
GOOGL,2025-05-07,0001193125-25-113864,-0.0765227155851061,2025,LSTM C - MARKET SEQUENCE + SEC + FINBERT,0,0,0.43578732
INTC,2025-05-12,0000050863-25-000084,-0.0052593287332221,2025,LSTM C - MARKET SEQUENCE + SEC + FINBERT,0,0,0.38470545
AAPL,2025-05-13,0001140361-25-018400,-0.0050885492194789,2025,LSTM C - MARKET SEQUENCE + SEC + FINBERT,0,0,0.44733623
QCOM,2025-05-14,0000804328-25-000034,0.0048435657776624,2025,LSTM C - MARKET SEQUENCE + SEC + FINBERT,1,0,0.40083885
TSLA,2025-05-16,0001628280-25-026148,0.0165331773278589,2025,LSTM C - MARKET SEQUENCE + SEC + FINBERT,1,0,0.3756622
AMD,2025-05-19,0000002488-25-000064,-0.0216979027634007,2025,LSTM C - MARKET SEQUENCE + SEC + FINBERT,0,0,0.38560143
AMD,2025-05-19,0001193125-25-122121,-0.0216979027634007,2025,LSTM C - MARKET SEQUENCE + SEC + FINBERT,0,0,0.42261913
TSLA,2025-05-19,0001104659-25-050072,-0.0235029893233719,2025,LSTM C - MARKET SEQUENCE + SEC + FINBERT,0,0,0.43933922
AMZN,2025-05-23,0001104659-25-052014,-0.0011282096288659,2025,LSTM C - MARKET SEQUENCE + SEC + FINBERT,0,0,0.42848226
QCOM,2025-05-23,0001104659-25-051981,-0.004242458635643,2025,LSTM C - MARKET SEQUENCE + SEC + FINBERT,0,0,0.47749537
NVDA,2025-05-29,0001045810-25-000115,0.0305242737867583,2025,LSTM C - MARKET SEQUENCE + SEC + FINBERT,1,0,0.41898593
META,2025-06-02,0001326801-25-000090,0.028256530076506,2025,LSTM C - MARKET SEQUENCE + SEC + FINBERT,1,0,0.3971301
AVGO,2025-06-06,0001730168-25-000061,-0.0597888443301509,2025,LSTM C - MARKET SEQUENCE + SEC + FINBERT,0,1,0.5134111
NFLX,2025-06-09,0001065280-25-000286,-0.015173567476475,2025,LSTM C - MARKET SEQUENCE + SEC + FINBERT,0,0,0.46349943
QCOM,2025-06-10,0001104659-25-057814,0.0173228355659522,2025,LSTM C - MARKET SEQUENCE + SEC + FINBERT,1,0,0.4052831
ADBE,2025-06-13,0000796343-25-000064,-0.040626518735037,2025,LSTM C - MARKET SEQUENCE + SEC + FINBERT,0,0,0.45976454
GOOGL,2025-06-13,0001193125-25-139948,0.0066923385153199,2025,LSTM C - MARKET SEQUENCE + SEC + FINBERT,1,0,0.44785112
NFLX,2025-06-25,0001065280-25-000287,-0.0055742702774185,2025,LSTM C - MARKET SEQUENCE + SEC + FINBERT,0,0,0.46158645
NVDA,2025-07-01,0001045810-25-000179,-0.0212558369759616,2025,LSTM C - MARKET SEQUENCE + SEC + FINBERT,0,0,0.48517108
MSFT,2025-07-02,0001193125-25-154103,-0.0089164590656711,2025,LSTM C - MARKET SEQUENCE + SEC + FINBERT,0,1,0.56333447
TSLA,2025-07-02,0001628280-25-033842,0.0427169045964572,2025,LSTM C - MARKET SEQUENCE + SEC + FINBERT,1,0,0.49122465
AMD,2025-07-03,0000002488-25-000099,-0.0142437493103435,2025,LSTM C - MARKET SEQUENCE + SEC + FINBERT,0,0,0.44449136
AAPL,2025-07-09,0001140361-25-025275,-0.0016983069028726,2025,LSTM C - MARKET SEQUENCE + SEC + FINBERT,0,0,0.46433082
TSLA,2025-07-10,0001628280-25-034692,0.0487210294752877,2025,LSTM C - MARKET SEQUENCE + SEC + FINBERT,1,0,0.4995774
AVGO,2025-07-14,0001193125-25-158202,0.0008198519980098,2025,LSTM C - MARKET SEQUENCE + SEC + FINBERT,1,1,0.56981105
NFLX,2025-07-18,0001065280-25-000322,-0.0499976506831232,2025,LSTM C - MARKET SEQUENCE + SEC + FINBERT,0,0,0.4979337
GOOGL,2025-07-21,0001193125-25-161225,0.0220499551378408,2025,LSTM C - MARKET SEQUENCE + SEC + FINBERT,1,0,0.4860548
GOOGL,2025-07-24,0001652044-25-000056,0.0080698239913239,2025,LSTM C - MARKET SEQUENCE + SEC + FINBERT,1,0,0.49775285
TSLA,2025-07-24,0001628280-25-035738,-0.0840986247796242,2025,LSTM C - MARKET SEQUENCE + SEC + FINBERT,0,0,0.4851749
INTC,2025-07-25,0000050863-25-000107,-0.0876920500617223,2025,LSTM C - MARKET SEQUENCE + SEC + FINBERT,0,0,0.48301303
AAPL,2025-07-28,0001140361-25-027340,-0.0023301113794165,2025,LSTM C - MARKET SEQUENCE + SEC + FINBERT,0,0,0.49913663
META,2025-07-31,0001628280-25-036719,0.117826296679073,2025,LSTM C - MARKET SEQUENCE + SEC + FINBERT,1,1,0.50847626
MSFT,2025-07-31,0000950170-25-100226,0.0447738533112154,2025,LSTM C - MARKET SEQUENCE + SEC + FINBERT,1,1,0.57122403
QCOM,2025-07-31,0000804328-25-000044,-0.0720301967840085,2025,LSTM C - MARKET SEQUENCE + SEC + FINBERT,0,0,0.49898058
AAPL,2025-08-01,0000320193-25-000071,-0.0053046623012307,2025,LSTM C - MARKET SEQUENCE + SEC + FINBERT,0,1,0.536434
AMZN,2025-08-01,0001018724-25-000084,-0.0629972838598512,2025,LSTM C - MARKET SEQUENCE + SEC + FINBERT,0,1,0.51739943
TSLA,2025-08-04,0001104659-25-073263,0.0034564045452589,2025,LSTM C - MARKET SEQUENCE + SEC + FINBERT,1,0,0.4757901
AMD,2025-08-06,0000002488-25-000106,-0.0767793645794883,2025,LSTM C - MARKET SEQUENCE + SEC + FINBERT,0,0,0.46815452
NVDA,2025-08-06,0001045810-25-000197,-0.0060761692887618,2025,LSTM C - MARKET SEQUENCE + SEC + FINBERT,0,1,0.5115074
INTC,2025-08-15,0000050863-25-000123,0.0337351462987751,2025,LSTM C - MARKET SEQUENCE + SEC + FINBERT,1,0,0.4442501
INTC,2025-08-22,0000050863-25-000126,0.0398916783123206,2025,LSTM C - MARKET SEQUENCE + SEC + FINBERT,1,1,0.5070123
INTC,2025-08-25,0000050863-25-000129,-0.0071959885373535,2025,LSTM C - MARKET SEQUENCE + SEC + FINBERT,0,0,0.47916394
AMD,2025-08-26,0000002488-25-000147,0.0159407664814916,2025,LSTM C - MARKET SEQUENCE + SEC + FINBERT,1,0,0.4498416
QCOM,2025-08-26,0000804328-25-000049,0.0135658664098605,2025,LSTM C - MARKET SEQUENCE + SEC + FINBERT,1,0,0.4196142
NVDA,2025-08-28,0001045810-25-000207,-0.0141343127791589,2025,LSTM C - MARKET SEQUENCE + SEC + FINBERT,0,1,0.5561181
INTC,2025-09-02,0000050863-25-000135,0.0026306361602177,2025,LSTM C - MARKET SEQUENCE + SEC + FINBERT,1,1,0.5263116
QCOM,2025-09-03,0000804328-25-000054,-0.0173144997282927,2025,LSTM C - MARKET SEQUENCE + SEC + FINBERT,0,0,0.40902558
GOOGL,2025-09-04,0001652044-25-000067,-0.0019413096759779,2025,LSTM C - MARKET SEQUENCE + SEC + FINBERT,0,0,0.39479885
AVGO,2025-09-05,0001730168-25-000094,0.0926114077971371,2025,LSTM C - MARKET SEQUENCE + SEC + FINBERT,1,1,0.572732
GOOGL,2025-09-08,0001652044-25-000074,-0.008072545922159,2025,LSTM C - MARKET SEQUENCE + SEC + FINBERT,0,1,0.55405605
INTC,2025-09-08,0000050863-25-000147,-0.0052864773859351,2025,LSTM C - MARKET SEQUENCE + SEC + FINBERT,0,0,0.4734304
TSLA,2025-09-08,0001104659-25-087862,-0.0175334866626433,2025,LSTM C - MARKET SEQUENCE + SEC + FINBERT,0,0,0.45392242
INTC,2025-09-09,0000050863-25-000149,-0.0044669492947324,2025,LSTM C - MARKET SEQUENCE + SEC + FINBERT,0,0,0.43053702
AVGO,2025-09-10,0001193125-25-199281,0.0973944507010884,2025,LSTM C - MARKET SEQUENCE + SEC + FINBERT,1,1,0.5533201
AVGO,2025-09-11,0001193125-25-200108,-0.0327165698047944,2025,LSTM C - MARKET SEQUENCE + SEC + FINBERT,0,1,0.55433935
ADBE,2025-09-12,0000796343-25-000102,-0.0078118643336309,2025,LSTM C - MARKET SEQUENCE + SEC + FINBERT,0,0,0.41448838
INTC,2025-09-15,0000050863-25-000153,0.0200976390034777,2025,LSTM C - MARKET SEQUENCE + SEC + FINBERT,1,0,0.49375436
INTC,2025-09-19,0000050863-25-000155,-0.0391540449480576,2025,LSTM C - MARKET SEQUENCE + SEC + FINBERT,0,0,0.35136095
AVGO,2025-09-30,0001193125-25-223202,0.003390818422353,2025,LSTM C - MARKET SEQUENCE + SEC + FINBERT,1,1,0.5485903
INTC,2025-09-30,0000050863-25-000159,-0.0297113012730684,2025,LSTM C - MARKET SEQUENCE + SEC + FINBERT,0,1,0.5374088
MSFT,2025-10-01,0001193125-25-225125,-0.0013989545791359,2025,LSTM C - MARKET SEQUENCE + SEC + FINBERT,0,0,0.45046481
TSLA,2025-10-02,0001628280-25-043530,-0.0551710441225548,2025,LSTM C - MARKET SEQUENCE + SEC + FINBERT,0,0,0.45536983
AMD,2025-10-06,0001193125-25-230895,0.229570120988193,2025,LSTM C - MARKET SEQUENCE + SEC + FINBERT,1,0,0.46334416
NFLX,2025-10-22,0001065280-25-000404,-0.0910467302021142,2025,LSTM C - MARKET SEQUENCE + SEC + FINBERT,0,0,0.3659333
TSLA,2025-10-23,0001628280-25-045861,0.0143968924225061,2025,LSTM C - MARKET SEQUENCE + SEC + FINBERT,1,0,0.4995073
INTC,2025-10-24,0000050863-25-000169,-0.0075336534220806,2025,LSTM C - MARKET SEQUENCE + SEC + FINBERT,0,0,0.46596336
AMD,2025-10-27,0001193125-25-250803,0.0088791200291153,2025,LSTM C - MARKET SEQUENCE + SEC + FINBERT,1,0,0.43423617
GOOGL,2025-10-30,0001652044-25-000087,0.0404553257695274,2025,LSTM C - MARKET SEQUENCE + SEC + FINBERT,1,0,0.4871225
META,2025-10-30,0001628280-25-047114,-0.0980590832120631,2025,LSTM C - MARKET SEQUENCE + SEC + FINBERT,0,0,0.44243577
MSFT,2025-10-30,0001193125-25-256310,-0.0138684677156911,2025,LSTM C - MARKET SEQUENCE + SEC + FINBERT,0,0,0.438606
AAPL,2025-10-31,0000320193-25-000077,-0.0086189929971478,2025,LSTM C - MARKET SEQUENCE + SEC + FINBERT,0,1,0.52007794
AMZN,2025-10-31,0001018724-25-000121,0.091021090689308,2025,LSTM C - MARKET SEQUENCE + SEC + FINBERT,1,0,0.48375618
NFLX,2025-10-31,0001065280-25-000407,0.0225958143803028,2025,LSTM C - MARKET SEQUENCE + SEC + FINBERT,1,0,0.48348868
META,2025-11-04,0001193125-25-262593,0.0040052461336197,2025,LSTM C - MARKET SEQUENCE + SEC + FINBERT,1,0,0.4701462
AMD,2025-11-05,0000002488-25-000163,0.018607060458321,2025,LSTM C - MARKET SEQUENCE + SEC + FINBERT,1,0,0.4605101
NFLX,2025-11-05,0001065280-25-000408,-0.0014756161842595,2025,LSTM C - MARKET SEQUENCE + SEC + FINBERT,0,0,0.45281577
QCOM,2025-11-06,0000804328-25-000084,-0.0176514743796617,2025,LSTM C - MARKET SEQUENCE + SEC + FINBERT,0,0,0.42184904
GOOGL,2025-11-07,0001193125-25-269979,-0.0176349022429217,2025,LSTM C - MARKET SEQUENCE + SEC + FINBERT,0,0,0.49615878
TSLA,2025-11-10,0001104659-25-108507,0.0144516595534354,2025,LSTM C - MARKET SEQUENCE + SEC + FINBERT,1,0,0.41932154
INTC,2025-11-13,0000050863-25-000194,-0.0318404771007635,2025,LSTM C - MARKET SEQUENCE + SEC + FINBERT,0,0,0.4424097
NFLX,2025-11-17,0001065280-25-000450,0.0002054042438982,2025,LSTM C - MARKET SEQUENCE + SEC + FINBERT,1,0,0.46390405
NVDA,2025-11-20,0001045810-25-000228,-0.0078530969650368,2025,LSTM C - MARKET SEQUENCE + SEC + FINBERT,0,0,0.48569244
AMZN,2025-11-21,0001104659-25-114647,0.0088361750757295,2025,LSTM C - MARKET SEQUENCE + SEC + FINBERT,1,0,0.44125265
NFLX,2025-12-05,0001193125-25-308651,-0.0329477561125077,2025,LSTM C - MARKET SEQUENCE + SEC + FINBERT,0,1,0.5035618
AAPL,2025-12-08,0001140361-25-044561,-0.0012738305670579,2025,LSTM C - MARKET SEQUENCE + SEC + FINBERT,0,1,0.5150189
MSFT,2025-12-09,0001193125-25-311196,0.0008032673129765,2025,LSTM C - MARKET SEQUENCE + SEC + FINBERT,1,0,0.43865484
ADBE,2025-12-11,0000796343-25-000135,0.0245091460598039,2025,LSTM C - MARKET SEQUENCE + SEC + FINBERT,1,0,0.4297237
QCOM,2025-12-11,0000804328-25-000096,-0.0019244707519939,2025,LSTM C - MARKET SEQUENCE + SEC + FINBERT,0,0,0.41369608
AVGO,2025-12-12,0001730168-25-000116,-0.0951618269193697,2025,LSTM C - MARKET SEQUENCE + SEC + FINBERT,0,1,0.5207009
META,2025-12-15,0001628280-25-056768,0.0109305638451026,2025,LSTM C - MARKET SEQUENCE + SEC + FINBERT,1,0,0.36431602
AMD,2025-12-16,0000002488-25-000182,0.0056778767854142,2025,LSTM C - MARKET SEQUENCE + SEC + FINBERT,1,0,0.40915254
QCOM,2025-12-17,0000804328-25-000098,-0.0029255981515337,2025,LSTM C - MARKET SEQUENCE + SEC + FINBERT,0,0,0.4155538
META,2025-12-22,0001628280-25-058337,-0.0006494060583752,2025,LSTM C - MARKET SEQUENCE + SEC + FINBERT,0,0,0.35840532
NFLX,2025-12-22,0001193125-25-327462,-0.0170828254997952,2025,LSTM C - MARKET SEQUENCE + SEC + FINBERT,0,0,0.4652087
INTC,2025-12-29,0000050863-25-000204,0.0181003383428818,2025,LSTM C - MARKET SEQUENCE + SEC + FINBERT,1,0,0.48863003
TSLA,2026-01-02,0001628280-26-000016,-0.0239678642381994,2026,LSTM A - MARKET SEQUENCE,0,1,0.5080173
AAPL,2026-01-05,0001140361-26-000199,-0.0217800458753627,2026,LSTM A - MARKET SEQUENCE,0,0,0.49600422
AVGO,2026-01-14,0001193125-26-011731,-0.0308274202273529,2026,LSTM A - MARKET SEQUENCE,0,0,0.46503314
META,2026-01-20,0001628280-26-002429,-0.0047584991112157,2026,LSTM A - MARKET SEQUENCE,0,0,0.4715225
NFLX,2026-01-20,0001193125-26-015951,0.0128380428459016,2026,LSTM A - MARKET SEQUENCE,1,0,0.3936704
QCOM,2026-01-20,0000804328-26-000008,-0.0123119600924475,2026,LSTM A - MARKET SEQUENCE,0,0,0.4826964
AMD,2026-01-21,0000002488-26-000002,0.0635771921622683,2026,LSTM A - MARKET SEQUENCE,1,0,0.3610475
NFLX,2026-01-21,0001065280-26-000033,-0.0352924053531309,2026,LSTM A - MARKET SEQUENCE,0,0,0.38173214
INTC,2026-01-23,0000050863-26-000009,-0.1734446087334877,2026,LSTM A - MARKET SEQUENCE,0,0,0.36331967
INTC,2026-01-26,0000050863-26-000031,-0.0616443526820043,2026,LSTM A - MARKET SEQUENCE,0,0,0.4567274
NVDA,2026-01-26,0001045810-26-000003,-0.0107942800846292,2026,LSTM A - MARKET SEQUENCE,0,0,0.45251688
ADBE,2026-01-28,0000796343-26-000019,0.0039509326542428,2026,LSTM A - MARKET SEQUENCE,1,0,0.49163035
META,2026-01-29,0001628280-26-003832,0.1100332626111563,2026,LSTM A - MARKET SEQUENCE,1,0,0.45868996
MSFT,2026-01-29,0001193125-26-027198,-0.0939462485029963,2026,LSTM A - MARKET SEQUENCE,0,1,0.5011113
TSLA,2026-01-29,0001628280-26-003837,-0.0285486205114363,2026,LSTM A - MARKET SEQUENCE,0,1,0.5059126
AAPL,2026-01-30,0000320193-26-000005,0.0166570985837904,2026,LSTM A - MARKET SEQUENCE,1,0,0.47813466
AMD,2026-02-04,0000002488-26-000014,-0.1556753126058757,2026,LSTM A - MARKET SEQUENCE,0,0,0.35853866
GOOGL,2026-02-05,0001652044-26-000012,0.0090205072317608,2026,LSTM A - MARKET SEQUENCE,1,0,0.46261933
QCOM,2026-02-05,0000804328-26-000016,-0.0701637211062347,2026,LSTM A - MARKET SEQUENCE,0,0,0.41017264
AMZN,2026-02-06,0001018724-26-000002,-0.0766860142220456,2026,LSTM A - MARKET SEQUENCE,0,0,0.46152797
GOOGL,2026-02-17,0001193125-26-051423,-0.0110726566318904,2026,LSTM A - MARKET SEQUENCE,0,1,0.5300205
AMD,2026-02-18,0000002488-26-000029,-0.0220428400711223,2026,LSTM A - MARKET SEQUENCE,0,0,0.46249312
AMD,2026-02-24,0000002488-26-000045,0.0769491952441228,2026,LSTM A - MARKET SEQUENCE,1,0,0.4749595
AAPL,2026-02-25,0001140361-26-006577,-0.0068133729662351,2026,LSTM A - MARKET SEQUENCE,0,0,0.4244149
NVDA,2026-02-26,0001045810-26-000019,-0.042496617762763,2026,LSTM A - MARKET SEQUENCE,0,0,0.43726254
AMZN,2026-02-27,0001104659-26-021050,0.0132045115816146,2026,LSTM A - MARKET SEQUENCE,1,0,0.4996199
AVGO,2026-03-03,0001193125-26-085656,-0.0049143356508332,2026,LSTM A - MARKET SEQUENCE,0,0,0.42891386
INTC,2026-03-04,0000050863-26-000044,0.0422975261028819,2026,LSTM A - MARKET SEQUENCE,1,0,0.45773745
AVGO,2026-03-05,0001730168-26-000011,0.0510080549581203,2026,LSTM A - MARKET SEQUENCE,1,0,0.42706364
GOOGL,2026-03-09,0001652044-26-000026,0.0136296578488566,2026,LSTM A - MARKET SEQUENCE,1,0,0.4886137
NVDA,2026-03-09,0001045810-26-000024,0.0138065906068347,2026,LSTM A - MARKET SEQUENCE,1,0,0.48830226
ADBE,2026-03-13,0000796343-26-000048,-0.0699124470795066,2026,LSTM A - MARKET SEQUENCE,0,0,0.4289213
AMZN,2026-03-16,0001104659-26-027729,0.0083809647767647,2026,LSTM A - MARKET SEQUENCE,1,0,0.4266006
AMZN,2026-03-17,0001104659-26-028556,0.0114605156306819,2026,LSTM A - MARKET SEQUENCE,1,0,0.39100707
QCOM,2026-03-20,0000804328-26-000041,0.0079698096776174,2026,LSTM A - MARKET SEQUENCE,1,0,0.36011478
TSLA,2026-04-02,0001628280-26-022956,-0.0553616328176903,2026,LSTM A - MARKET SEQUENCE,0,0,0.42883843
AVGO,2026-04-06,0001193125-26-140574,-0.0063988681204529,2026,LSTM A - MARKET SEQUENCE,0,0,0.45277178
GOOGL,2026-04-06,0001652044-26-000031,0.0082504348362495,2026,LSTM A - MARKET SEQUENCE,1,0,0.47736597
INTC,2026-04-06,0000050863-26-000069,0.0019222474605418,2026,LSTM A - MARKET SEQUENCE,1,0,0.35635445
AVGO,2026-04-07,0001193125-26-144028,0.0619912664480655,2026,LSTM A - MARKET SEQUENCE,1,0,0.48493773
AMZN,2026-04-09,0001104659-26-041034,0.0492804640933421,2026,LSTM A - MARKET SEQUENCE,1,0,0.4568078
INTC,2026-04-09,0000050863-26-000072,0.0402242748034202,2026,LSTM A - MARKET SEQUENCE,1,0,0.40074664
GOOGL,2026-04-13,0001652044-26-000034,0.0024868969699596,2026,LSTM A - MARKET SEQUENCE,1,1,0.54644406
AMZN,2026-04-14,0001104659-26-042880,0.0199021520163233,2026,LSTM A - MARKET SEQUENCE,1,1,0.5076409
META,2026-04-15,0001628280-26-025108,-0.0002783824166061,2026,LSTM A - MARKET SEQUENCE,0,1,0.517299
NFLX,2026-04-17,0001065280-26-000137,-0.110310240572915,2026,LSTM A - MARKET SEQUENCE,0,0,0.44851518
AAPL,2026-04-21,0001140361-26-015711,-0.0213933529678685,2026,LSTM A - MARKET SEQUENCE,0,0,0.41363108
ADBE,2026-04-22,0000796343-26-000101,0.0187092090498186,2026,LSTM A - MARKET SEQUENCE,1,0,0.45617953
AVGO,2026-04-22,0001730168-26-000039,0.0341930534958387,2026,LSTM A - MARKET SEQUENCE,1,1,0.51839995
NFLX,2026-04-23,0001065280-26-000139,0.0011281946640834,2026,LSTM A - MARKET SEQUENCE,1,1,0.50373286
TSLA,2026-04-23,0001628280-26-026551,-0.0299535199415285,2026,LSTM A - MARKET SEQUENCE,0,1,0.5437563
INTC,2026-04-24,0000050863-26-000077,0.2168713502986243,2026,LSTM A - MARKET SEQUENCE,1,0,0.40684408
INTC,2026-04-27,0000050863-26-000083,0.0291553468152547,2026,LSTM A - MARKET SEQUENCE,1,0,0.3348469
NVDA,2026-04-28,0001045810-26-000026,-0.0058242896842328,2026,LSTM A - MARKET SEQUENCE,0,0,0.37380403
AMZN,2026-04-30,0001018724-26-000012,-0.0016468727883254,2026,LSTM A - MARKET SEQUENCE,0,0,0.43365607
GOOGL,2026-04-30,0001652044-26-000043,0.0902907529038123,2026,LSTM A - MARKET SEQUENCE,1,0,0.42465115
META,2026-04-30,0001628280-26-028364,-0.0948266554954643,2026,LSTM A - MARKET SEQUENCE,0,0,0.4492502
MSFT,2026-04-30,0001193125-26-191457,-0.0486231754824486,2026,LSTM A - MARKET SEQUENCE,0,0,0.4624665
QCOM,2026-04-30,0000804328-26-000060,0.1418276564768905,2026,LSTM A - MARKET SEQUENCE,1,0,0.37967736
AAPL,2026-05-01,0000320193-26-000011,0.022793892307859,2026,LSTM A - MARKET SEQUENCE,1,0,0.39594576
INTC,2026-05-01,0001193125-26-197845,0.0448034171687428,2026,LSTM A - MARKET SEQUENCE,1,0,0.40488553
META,2026-05-05,0001193125-26-204128,-0.0219024667890024,2026,LSTM A - MARKET SEQUENCE,0,1,0.5093372
AMD,2026-05-06,0000002488-26-000072,0.1653710025525319,2026,LSTM A - MARKET SEQUENCE,1,0,0.38820297
NVDA,2026-05-11,0001045810-26-000028,0.0168061992095833,2026,LSTM A - MARKET SEQUENCE,1,0,0.46516618
GOOGL,2026-05-12,0001193125-26-216986,0.0051624834241175,2026,LSTM A - MARKET SEQUENCE,1,1,0.5279863
MSFT,2026-05-15,0001193125-26-224155,0.0455934480664714,2026,LSTM A - MARKET SEQUENCE,1,1,0.5353433
AMD,2026-05-18,0001193125-26-226746,-0.0030308987230113,2026,LSTM A - MARKET SEQUENCE,0,1,0.5021962
INTC,2026-05-18,0000050863-26-000118,-0.0012138983150062,2026,LSTM A - MARKET SEQUENCE,0,0,0.4919033
NVDA,2026-05-21,0001045810-26-000051,-0.0196275026130384,2026,LSTM A - MARKET SEQUENCE,0,0,0.4660837
GOOGL,2026-05-22,0001193125-26-234488,-0.0163388825753002,2026,LSTM A - MARKET SEQUENCE,0,0,0.4793275
AMZN,2026-05-26,0001104659-26-065717,-0.0216227139416436,2026,LSTM A - MARKET SEQUENCE,0,1,0.52264225
META,2026-06-01,0001628280-26-039193,-0.0566556308874622,2026,LSTM A - MARKET SEQUENCE,0,0,0.45998326
AVGO,2026-06-04,0001730168-26-000051,-0.1210312398743514,2026,LSTM A - MARKET SEQUENCE,0,0,0.47278452
GOOGL,2026-06-05,0001193125-26-257724,0.0381672421712767,2026,LSTM A - MARKET SEQUENCE,1,0,0.4973924
GOOGL,2026-06-08,0001193125-26-259830,-0.0291912288708725,2026,LSTM A - MARKET SEQUENCE,0,0,0.4987277
GOOGL,2026-06-08,0001652044-26-000059,-0.0291912288708725,2026,LSTM A - MARKET SEQUENCE,0,0,0.4987277
NFLX,2026-06-08,0001065280-26-000189,-0.0100182503504155,2026,LSTM A - MARKET SEQUENCE,0,0,0.45218924
AMZN,2026-06-10,0001104659-26-072140,-0.0053726134400394,2026,LSTM A - MARKET SEQUENCE,0,0,0.49760652
AVGO,2026-06-11,0001193125-26-266777,0.0024240754021118,2026,LSTM A - MARKET SEQUENCE,1,0,0.49562594
ADBE,2026-06-12,0000796343-26-000109,-0.0734349532560182,2026,LSTM A - MARKET SEQUENCE,0,0,0.42649657
GOOGL,2026-06-12,0001193125-26-267578,-0.0005460497805231,2026,LSTM A - MARKET SEQUENCE,0,0,0.46656132
AMZN,2026-06-15,0001104659-26-073562,-9.957228603751922e-05,2026,LSTM A - MARKET SEQUENCE,0,0,0.49093372
AVGO,2026-06-18,0001193125-26-275077,0.0218931329896958,2026,LSTM A - MARKET SEQUENCE,1,1,0.5239697
NVDA,2026-06-22,0001193125-26-275783,-0.0071724054817254,2026,LSTM A - MARKET SEQUENCE,0,1,0.50866383
QCOM,2026-06-24,0001104659-26-077071,-0.0286743834556753,2026,LSTM A - MARKET SEQUENCE,0,0,0.46744937
NVDA,2026-07-01,0001045810-26-000056,0.0027055922428425,2026,LSTM A - MARKET SEQUENCE,1,0,0.47213778
AMD,2026-07-02,0000002488-26-000115,-0.0253003437574649,2026,LSTM A - MARKET SEQUENCE,0,0,0.4716361
NVDA,2026-07-02,0001045810-26-000060,0.003415464384313,2026,LSTM A - MARKET SEQUENCE,1,0,0.48390213
TSLA,2026-07-02,0001628280-26-046717,-0.0575543818261817,2026,LSTM A - MARKET SEQUENCE,0,0,0.4857965
AVGO,2026-07-06,0001193125-26-295589,0.0229725241748379,2026,LSTM A - MARKET SEQUENCE,1,0,0.49913794
AMZN,2026-07-10,0001104659-26-082293,-0.0099646140288109,2026,LSTM A - MARKET SEQUENCE,0,0,0.462167
NFLX,2026-07-17,0001065280-26-000211,-0.057599892179291,2026,LSTM A - MARKET SEQUENCE,0,0,0.39880466
ADBE,2026-07-20,0000796343-26-000120,-0.011629367377381,2026,LSTM A - MARKET SEQUENCE,0,0,0.38299367
GOOGL,2026-07-23,0001652044-26-000066,-0.0523428238232774,2026,LSTM A - MARKET SEQUENCE,0,0,0.45526633
NFLX,2026-07-23,0001193125-26-312575,0.0242366010624127,2026,LSTM A - MARKET SEQUENCE,1,0,0.37475216
TSLA,2026-07-23,0001628280-26-049213,-0.1262533558961757,2026,LSTM A - MARKET SEQUENCE,0,0,0.47662795
INTC,2026-07-24,0000050863-26-000155,-0.0677472957838671,2026,LSTM A - MARKET SEQUENCE,0,0,0.43706223
META,2026-07-30,0001628280-26-050596,-0.1125151041907142,2026,LSTM A - MARKET SEQUENCE,0,0,0.4126075
MSFT,2026-07-30,0001193125-26-323632,0.1220932058569126,2026,LSTM A - MARKET SEQUENCE,1,0,0.4041814
QCOM,2026-07-30,0000804328-26-000085,-0.0591817061233279,2026,LSTM A - MARKET SEQUENCE,0,0,0.40873218
AAPL,2026-07-31,0000320193-26-000018,-0.0800340895161154,2026,LSTM A - MARKET SEQUENCE,0,0,0.41536736
AMZN,2026-07-31,0001018724-26-000024,0.1467103826662883,2026,LSTM A - MARKET SEQUENCE,1,0,0.36803257
NFLX,2026-07-31,0001065280-26-000214,-0.0264490259696927,2026,LSTM A - MARKET SEQUENCE,0,0,0.41051215
QCOM,2026-08-03,0001104659-26-089234,0.0092690762540241,2026,LSTM A - MARKET SEQUENCE,1,0,0.42225462
AMD,2026-08-05,0000002488-26-000121,-0.0613935964812326,2026,LSTM A - MARKET SEQUENCE,0,0,0.45126283
GOOGL,2026-08-11,0001193125-26-342390,-0.0350184491059453,2026,LSTM A - MARKET SEQUENCE,0,1,0.5340711
INTC,2026-08-13,0001193125-26-346806,0.0241947255920518,2026,LSTM A - MARKET SEQUENCE,1,0,0.4205196
TSLA,2026-01-02,0001628280-26-000016,-0.0239678642381994,2026,LSTM B - MARKET SEQUENCE + SEC,0,1,0.53262544
AAPL,2026-01-05,0001140361-26-000199,-0.0217800458753627,2026,LSTM B - MARKET SEQUENCE + SEC,0,0,0.4914407
AVGO,2026-01-14,0001193125-26-011731,-0.0308274202273529,2026,LSTM B - MARKET SEQUENCE + SEC,0,1,0.5317955
META,2026-01-20,0001628280-26-002429,-0.0047584991112157,2026,LSTM B - MARKET SEQUENCE + SEC,0,0,0.45160258
NFLX,2026-01-20,0001193125-26-015951,0.0128380428459016,2026,LSTM B - MARKET SEQUENCE + SEC,1,0,0.47019884
QCOM,2026-01-20,0000804328-26-000008,-0.0123119600924475,2026,LSTM B - MARKET SEQUENCE + SEC,0,0,0.48710287
AMD,2026-01-21,0000002488-26-000002,0.0635771921622683,2026,LSTM B - MARKET SEQUENCE + SEC,1,0,0.3483772
NFLX,2026-01-21,0001065280-26-000033,-0.0352924053531309,2026,LSTM B - MARKET SEQUENCE + SEC,0,0,0.39734787
INTC,2026-01-23,0000050863-26-000009,-0.1734446087334877,2026,LSTM B - MARKET SEQUENCE + SEC,0,0,0.3111248
INTC,2026-01-26,0000050863-26-000031,-0.0616443526820043,2026,LSTM B - MARKET SEQUENCE + SEC,0,1,0.52564293
NVDA,2026-01-26,0001045810-26-000003,-0.0107942800846292,2026,LSTM B - MARKET SEQUENCE + SEC,0,0,0.40126896
ADBE,2026-01-28,0000796343-26-000019,0.0039509326542428,2026,LSTM B - MARKET SEQUENCE + SEC,1,1,0.51478297
META,2026-01-29,0001628280-26-003832,0.1100332626111563,2026,LSTM B - MARKET SEQUENCE + SEC,1,0,0.46262902
MSFT,2026-01-29,0001193125-26-027198,-0.0939462485029963,2026,LSTM B - MARKET SEQUENCE + SEC,0,1,0.60468537
TSLA,2026-01-29,0001628280-26-003837,-0.0285486205114363,2026,LSTM B - MARKET SEQUENCE + SEC,0,1,0.5279411
AAPL,2026-01-30,0000320193-26-000005,0.0166570985837904,2026,LSTM B - MARKET SEQUENCE + SEC,1,1,0.5708457
AMD,2026-02-04,0000002488-26-000014,-0.1556753126058757,2026,LSTM B - MARKET SEQUENCE + SEC,0,0,0.35162988
GOOGL,2026-02-05,0001652044-26-000012,0.0090205072317608,2026,LSTM B - MARKET SEQUENCE + SEC,1,1,0.522396
QCOM,2026-02-05,0000804328-26-000016,-0.0701637211062347,2026,LSTM B - MARKET SEQUENCE + SEC,0,0,0.47691345
AMZN,2026-02-06,0001018724-26-000002,-0.0766860142220456,2026,LSTM B - MARKET SEQUENCE + SEC,0,1,0.5213316
GOOGL,2026-02-17,0001193125-26-051423,-0.0110726566318904,2026,LSTM B - MARKET SEQUENCE + SEC,0,1,0.56232584
AMD,2026-02-18,0000002488-26-000029,-0.0220428400711223,2026,LSTM B - MARKET SEQUENCE + SEC,0,0,0.47291726
AMD,2026-02-24,0000002488-26-000045,0.0769491952441228,2026,LSTM B - MARKET SEQUENCE + SEC,1,1,0.57759315
AAPL,2026-02-25,0001140361-26-006577,-0.0068133729662351,2026,LSTM B - MARKET SEQUENCE + SEC,0,0,0.39062303
NVDA,2026-02-26,0001045810-26-000019,-0.042496617762763,2026,LSTM B - MARKET SEQUENCE + SEC,0,0,0.36213136
AMZN,2026-02-27,0001104659-26-021050,0.0132045115816146,2026,LSTM B - MARKET SEQUENCE + SEC,1,1,0.6091062
AVGO,2026-03-03,0001193125-26-085656,-0.0049143356508332,2026,LSTM B - MARKET SEQUENCE + SEC,0,0,0.44507784
INTC,2026-03-04,0000050863-26-000044,0.0422975261028819,2026,LSTM B - MARKET SEQUENCE + SEC,1,1,0.51140654
AVGO,2026-03-05,0001730168-26-000011,0.0510080549581203,2026,LSTM B - MARKET SEQUENCE + SEC,1,1,0.5374432
GOOGL,2026-03-09,0001652044-26-000026,0.0136296578488566,2026,LSTM B - MARKET SEQUENCE + SEC,1,0,0.48256066
NVDA,2026-03-09,0001045810-26-000024,0.0138065906068347,2026,LSTM B - MARKET SEQUENCE + SEC,1,0,0.4781923
ADBE,2026-03-13,0000796343-26-000048,-0.0699124470795066,2026,LSTM B - MARKET SEQUENCE + SEC,0,0,0.32254067
AMZN,2026-03-16,0001104659-26-027729,0.0083809647767647,2026,LSTM B - MARKET SEQUENCE + SEC,1,0,0.4421046
AMZN,2026-03-17,0001104659-26-028556,0.0114605156306819,2026,LSTM B - MARKET SEQUENCE + SEC,1,0,0.3696031
QCOM,2026-03-20,0000804328-26-000041,0.0079698096776174,2026,LSTM B - MARKET SEQUENCE + SEC,1,0,0.3862351
TSLA,2026-04-02,0001628280-26-022956,-0.0553616328176903,2026,LSTM B - MARKET SEQUENCE + SEC,0,0,0.46906665
AVGO,2026-04-06,0001193125-26-140574,-0.0063988681204529,2026,LSTM B - MARKET SEQUENCE + SEC,0,0,0.46247396
GOOGL,2026-04-06,0001652044-26-000031,0.0082504348362495,2026,LSTM B - MARKET SEQUENCE + SEC,1,1,0.5337279
INTC,2026-04-06,0000050863-26-000069,0.0019222474605418,2026,LSTM B - MARKET SEQUENCE + SEC,1,0,0.2667797
AVGO,2026-04-07,0001193125-26-144028,0.0619912664480655,2026,LSTM B - MARKET SEQUENCE + SEC,1,1,0.56522745
AMZN,2026-04-09,0001104659-26-041034,0.0492804640933421,2026,LSTM B - MARKET SEQUENCE + SEC,1,0,0.40458825
INTC,2026-04-09,0000050863-26-000072,0.0402242748034202,2026,LSTM B - MARKET SEQUENCE + SEC,1,0,0.33663404
GOOGL,2026-04-13,0001652044-26-000034,0.0024868969699596,2026,LSTM B - MARKET SEQUENCE + SEC,1,1,0.5921765
AMZN,2026-04-14,0001104659-26-042880,0.0199021520163233,2026,LSTM B - MARKET SEQUENCE + SEC,1,0,0.47121358
META,2026-04-15,0001628280-26-025108,-0.0002783824166061,2026,LSTM B - MARKET SEQUENCE + SEC,0,0,0.46934348
NFLX,2026-04-17,0001065280-26-000137,-0.110310240572915,2026,LSTM B - MARKET SEQUENCE + SEC,0,0,0.35358113
AAPL,2026-04-21,0001140361-26-015711,-0.0213933529678685,2026,LSTM B - MARKET SEQUENCE + SEC,0,0,0.39173973
ADBE,2026-04-22,0000796343-26-000101,0.0187092090498186,2026,LSTM B - MARKET SEQUENCE + SEC,1,0,0.42728198
AVGO,2026-04-22,0001730168-26-000039,0.0341930534958387,2026,LSTM B - MARKET SEQUENCE + SEC,1,1,0.5001013
NFLX,2026-04-23,0001065280-26-000139,0.0011281946640834,2026,LSTM B - MARKET SEQUENCE + SEC,1,1,0.5671675
TSLA,2026-04-23,0001628280-26-026551,-0.0299535199415285,2026,LSTM B - MARKET SEQUENCE + SEC,0,1,0.5878959
INTC,2026-04-24,0000050863-26-000077,0.2168713502986243,2026,LSTM B - MARKET SEQUENCE + SEC,1,0,0.3188354
INTC,2026-04-27,0000050863-26-000083,0.0291553468152547,2026,LSTM B - MARKET SEQUENCE + SEC,1,0,0.17190836
NVDA,2026-04-28,0001045810-26-000026,-0.0058242896842328,2026,LSTM B - MARKET SEQUENCE + SEC,0,0,0.2059627
AMZN,2026-04-30,0001018724-26-000012,-0.0016468727883254,2026,LSTM B - MARKET SEQUENCE + SEC,0,0,0.3324557
GOOGL,2026-04-30,0001652044-26-000043,0.0902907529038123,2026,LSTM B - MARKET SEQUENCE + SEC,1,0,0.33997685
META,2026-04-30,0001628280-26-028364,-0.0948266554954643,2026,LSTM B - MARKET SEQUENCE + SEC,0,0,0.39890325
MSFT,2026-04-30,0001193125-26-191457,-0.0486231754824486,2026,LSTM B - MARKET SEQUENCE + SEC,0,0,0.39867312
QCOM,2026-04-30,0000804328-26-000060,0.1418276564768905,2026,LSTM B - MARKET SEQUENCE + SEC,1,0,0.23953621
AAPL,2026-05-01,0000320193-26-000011,0.022793892307859,2026,LSTM B - MARKET SEQUENCE + SEC,1,0,0.3985433
INTC,2026-05-01,0001193125-26-197845,0.0448034171687428,2026,LSTM B - MARKET SEQUENCE + SEC,1,0,0.35043162
META,2026-05-05,0001193125-26-204128,-0.0219024667890024,2026,LSTM B - MARKET SEQUENCE + SEC,0,1,0.54260963
AMD,2026-05-06,0000002488-26-000072,0.1653710025525319,2026,LSTM B - MARKET SEQUENCE + SEC,1,0,0.33806285
NVDA,2026-05-11,0001045810-26-000028,0.0168061992095833,2026,LSTM B - MARKET SEQUENCE + SEC,1,0,0.39306012
GOOGL,2026-05-12,0001193125-26-216986,0.0051624834241175,2026,LSTM B - MARKET SEQUENCE + SEC,1,1,0.5450568
MSFT,2026-05-15,0001193125-26-224155,0.0455934480664714,2026,LSTM B - MARKET SEQUENCE + SEC,1,1,0.5345705
AMD,2026-05-18,0001193125-26-226746,-0.0030308987230113,2026,LSTM B - MARKET SEQUENCE + SEC,0,1,0.5301147
INTC,2026-05-18,0000050863-26-000118,-0.0012138983150062,2026,LSTM B - MARKET SEQUENCE + SEC,0,1,0.51338655
NVDA,2026-05-21,0001045810-26-000051,-0.0196275026130384,2026,LSTM B - MARKET SEQUENCE + SEC,0,0,0.42756954
GOOGL,2026-05-22,0001193125-26-234488,-0.0163388825753002,2026,LSTM B - MARKET SEQUENCE + SEC,0,1,0.51102024
AMZN,2026-05-26,0001104659-26-065717,-0.0216227139416436,2026,LSTM B - MARKET SEQUENCE + SEC,0,1,0.53411347
META,2026-06-01,0001628280-26-039193,-0.0566556308874622,2026,LSTM B - MARKET SEQUENCE + SEC,0,0,0.44601002
AVGO,2026-06-04,0001730168-26-000051,-0.1210312398743514,2026,LSTM B - MARKET SEQUENCE + SEC,0,1,0.6182633
GOOGL,2026-06-05,0001193125-26-257724,0.0381672421712767,2026,LSTM B - MARKET SEQUENCE + SEC,1,1,0.6219785
GOOGL,2026-06-08,0001193125-26-259830,-0.0291912288708725,2026,LSTM B - MARKET SEQUENCE + SEC,0,1,0.61311936
GOOGL,2026-06-08,0001652044-26-000059,-0.0291912288708725,2026,LSTM B - MARKET SEQUENCE + SEC,0,1,0.5340134
NFLX,2026-06-08,0001065280-26-000189,-0.0100182503504155,2026,LSTM B - MARKET SEQUENCE + SEC,0,1,0.53389305
AMZN,2026-06-10,0001104659-26-072140,-0.0053726134400394,2026,LSTM B - MARKET SEQUENCE + SEC,0,1,0.5142528
AVGO,2026-06-11,0001193125-26-266777,0.0024240754021118,2026,LSTM B - MARKET SEQUENCE + SEC,1,1,0.5626123
ADBE,2026-06-12,0000796343-26-000109,-0.0734349532560182,2026,LSTM B - MARKET SEQUENCE + SEC,0,0,0.32257217
GOOGL,2026-06-12,0001193125-26-267578,-0.0005460497805231,2026,LSTM B - MARKET SEQUENCE + SEC,0,0,0.455381
AMZN,2026-06-15,0001104659-26-073562,-9.957228603751922e-05,2026,LSTM B - MARKET SEQUENCE + SEC,0,1,0.53897643
AVGO,2026-06-18,0001193125-26-275077,0.0218931329896958,2026,LSTM B - MARKET SEQUENCE + SEC,1,1,0.6157228
NVDA,2026-06-22,0001193125-26-275783,-0.0071724054817254,2026,LSTM B - MARKET SEQUENCE + SEC,0,1,0.51516145
QCOM,2026-06-24,0001104659-26-077071,-0.0286743834556753,2026,LSTM B - MARKET SEQUENCE + SEC,0,1,0.55109274
NVDA,2026-07-01,0001045810-26-000056,0.0027055922428425,2026,LSTM B - MARKET SEQUENCE + SEC,1,0,0.47237712
AMD,2026-07-02,0000002488-26-000115,-0.0253003437574649,2026,LSTM B - MARKET SEQUENCE + SEC,0,1,0.5029328
NVDA,2026-07-02,0001045810-26-000060,0.003415464384313,2026,LSTM B - MARKET SEQUENCE + SEC,1,0,0.47010994
TSLA,2026-07-02,0001628280-26-046717,-0.0575543818261817,2026,LSTM B - MARKET SEQUENCE + SEC,0,1,0.54858506
AVGO,2026-07-06,0001193125-26-295589,0.0229725241748379,2026,LSTM B - MARKET SEQUENCE + SEC,1,1,0.5820435
AMZN,2026-07-10,0001104659-26-082293,-0.0099646140288109,2026,LSTM B - MARKET SEQUENCE + SEC,0,0,0.4762867
NFLX,2026-07-17,0001065280-26-000211,-0.057599892179291,2026,LSTM B - MARKET SEQUENCE + SEC,0,0,0.32382742
ADBE,2026-07-20,0000796343-26-000120,-0.011629367377381,2026,LSTM B - MARKET SEQUENCE + SEC,0,0,0.25632495
GOOGL,2026-07-23,0001652044-26-000066,-0.0523428238232774,2026,LSTM B - MARKET SEQUENCE + SEC,0,0,0.4835588
NFLX,2026-07-23,0001193125-26-312575,0.0242366010624127,2026,LSTM B - MARKET SEQUENCE + SEC,1,0,0.4378964
TSLA,2026-07-23,0001628280-26-049213,-0.1262533558961757,2026,LSTM B - MARKET SEQUENCE + SEC,0,0,0.49220163
INTC,2026-07-24,0000050863-26-000155,-0.0677472957838671,2026,LSTM B - MARKET SEQUENCE + SEC,0,0,0.46161783
META,2026-07-30,0001628280-26-050596,-0.1125151041907142,2026,LSTM B - MARKET SEQUENCE + SEC,0,0,0.37791365
MSFT,2026-07-30,0001193125-26-323632,0.1220932058569126,2026,LSTM B - MARKET SEQUENCE + SEC,1,0,0.3787828
QCOM,2026-07-30,0000804328-26-000085,-0.0591817061233279,2026,LSTM B - MARKET SEQUENCE + SEC,0,0,0.48333615
AAPL,2026-07-31,0000320193-26-000018,-0.0800340895161154,2026,LSTM B - MARKET SEQUENCE + SEC,0,0,0.3706337
AMZN,2026-07-31,0001018724-26-000024,0.1467103826662883,2026,LSTM B - MARKET SEQUENCE + SEC,1,0,0.3442531
NFLX,2026-07-31,0001065280-26-000214,-0.0264490259696927,2026,LSTM B - MARKET SEQUENCE + SEC,0,0,0.3021912
QCOM,2026-08-03,0001104659-26-089234,0.0092690762540241,2026,LSTM B - MARKET SEQUENCE + SEC,1,1,0.5249973
AMD,2026-08-05,0000002488-26-000121,-0.0613935964812326,2026,LSTM B - MARKET SEQUENCE + SEC,0,1,0.5190176
GOOGL,2026-08-11,0001193125-26-342390,-0.0350184491059453,2026,LSTM B - MARKET SEQUENCE + SEC,0,1,0.58898336
INTC,2026-08-13,0001193125-26-346806,0.0241947255920518,2026,LSTM B - MARKET SEQUENCE + SEC,1,0,0.4671896
TSLA,2026-01-02,0001628280-26-000016,-0.0239678642381994,2026,LSTM C - MARKET SEQUENCE + SEC + FINBERT,0,1,0.54190606
AAPL,2026-01-05,0001140361-26-000199,-0.0217800458753627,2026,LSTM C - MARKET SEQUENCE + SEC + FINBERT,0,0,0.44429073
AVGO,2026-01-14,0001193125-26-011731,-0.0308274202273529,2026,LSTM C - MARKET SEQUENCE + SEC + FINBERT,0,0,0.49981028
META,2026-01-20,0001628280-26-002429,-0.0047584991112157,2026,LSTM C - MARKET SEQUENCE + SEC + FINBERT,0,0,0.4174829
NFLX,2026-01-20,0001193125-26-015951,0.0128380428459016,2026,LSTM C - MARKET SEQUENCE + SEC + FINBERT,1,0,0.46310642
QCOM,2026-01-20,0000804328-26-000008,-0.0123119600924475,2026,LSTM C - MARKET SEQUENCE + SEC + FINBERT,0,0,0.43177512
AMD,2026-01-21,0000002488-26-000002,0.0635771921622683,2026,LSTM C - MARKET SEQUENCE + SEC + FINBERT,1,0,0.33096433
NFLX,2026-01-21,0001065280-26-000033,-0.0352924053531309,2026,LSTM C - MARKET SEQUENCE + SEC + FINBERT,0,0,0.4307102
INTC,2026-01-23,0000050863-26-000009,-0.1734446087334877,2026,LSTM C - MARKET SEQUENCE + SEC + FINBERT,0,0,0.36154738
INTC,2026-01-26,0000050863-26-000031,-0.0616443526820043,2026,LSTM C - MARKET SEQUENCE + SEC + FINBERT,0,0,0.47041708
NVDA,2026-01-26,0001045810-26-000003,-0.0107942800846292,2026,LSTM C - MARKET SEQUENCE + SEC + FINBERT,0,0,0.39218676
ADBE,2026-01-28,0000796343-26-000019,0.0039509326542428,2026,LSTM C - MARKET SEQUENCE + SEC + FINBERT,1,0,0.45099276
META,2026-01-29,0001628280-26-003832,0.1100332626111563,2026,LSTM C - MARKET SEQUENCE + SEC + FINBERT,1,0,0.45698607
MSFT,2026-01-29,0001193125-26-027198,-0.0939462485029963,2026,LSTM C - MARKET SEQUENCE + SEC + FINBERT,0,0,0.48676234
TSLA,2026-01-29,0001628280-26-003837,-0.0285486205114363,2026,LSTM C - MARKET SEQUENCE + SEC + FINBERT,0,1,0.5209945
AAPL,2026-01-30,0000320193-26-000005,0.0166570985837904,2026,LSTM C - MARKET SEQUENCE + SEC + FINBERT,1,0,0.4901206
AMD,2026-02-04,0000002488-26-000014,-0.1556753126058757,2026,LSTM C - MARKET SEQUENCE + SEC + FINBERT,0,0,0.38621792
GOOGL,2026-02-05,0001652044-26-000012,0.0090205072317608,2026,LSTM C - MARKET SEQUENCE + SEC + FINBERT,1,1,0.50966805
QCOM,2026-02-05,0000804328-26-000016,-0.0701637211062347,2026,LSTM C - MARKET SEQUENCE + SEC + FINBERT,0,0,0.43378037
AMZN,2026-02-06,0001018724-26-000002,-0.0766860142220456,2026,LSTM C - MARKET SEQUENCE + SEC + FINBERT,0,1,0.5312417
GOOGL,2026-02-17,0001193125-26-051423,-0.0110726566318904,2026,LSTM C - MARKET SEQUENCE + SEC + FINBERT,0,1,0.54509026
AMD,2026-02-18,0000002488-26-000029,-0.0220428400711223,2026,LSTM C - MARKET SEQUENCE + SEC + FINBERT,0,0,0.4347859
AMD,2026-02-24,0000002488-26-000045,0.0769491952441228,2026,LSTM C - MARKET SEQUENCE + SEC + FINBERT,1,1,0.5215273
AAPL,2026-02-25,0001140361-26-006577,-0.0068133729662351,2026,LSTM C - MARKET SEQUENCE + SEC + FINBERT,0,0,0.42462888
NVDA,2026-02-26,0001045810-26-000019,-0.042496617762763,2026,LSTM C - MARKET SEQUENCE + SEC + FINBERT,0,0,0.42016354
AMZN,2026-02-27,0001104659-26-021050,0.0132045115816146,2026,LSTM C - MARKET SEQUENCE + SEC + FINBERT,1,1,0.5866536
AVGO,2026-03-03,0001193125-26-085656,-0.0049143356508332,2026,LSTM C - MARKET SEQUENCE + SEC + FINBERT,0,0,0.41693795
INTC,2026-03-04,0000050863-26-000044,0.0422975261028819,2026,LSTM C - MARKET SEQUENCE + SEC + FINBERT,1,1,0.5205557
AVGO,2026-03-05,0001730168-26-000011,0.0510080549581203,2026,LSTM C - MARKET SEQUENCE + SEC + FINBERT,1,1,0.5037744
GOOGL,2026-03-09,0001652044-26-000026,0.0136296578488566,2026,LSTM C - MARKET SEQUENCE + SEC + FINBERT,1,0,0.46793798
NVDA,2026-03-09,0001045810-26-000024,0.0138065906068347,2026,LSTM C - MARKET SEQUENCE + SEC + FINBERT,1,0,0.44851133
ADBE,2026-03-13,0000796343-26-000048,-0.0699124470795066,2026,LSTM C - MARKET SEQUENCE + SEC + FINBERT,0,0,0.4075977
AMZN,2026-03-16,0001104659-26-027729,0.0083809647767647,2026,LSTM C - MARKET SEQUENCE + SEC + FINBERT,1,0,0.48538095
AMZN,2026-03-17,0001104659-26-028556,0.0114605156306819,2026,LSTM C - MARKET SEQUENCE + SEC + FINBERT,1,0,0.45056275
QCOM,2026-03-20,0000804328-26-000041,0.0079698096776174,2026,LSTM C - MARKET SEQUENCE + SEC + FINBERT,1,0,0.39581838
TSLA,2026-04-02,0001628280-26-022956,-0.0553616328176903,2026,LSTM C - MARKET SEQUENCE + SEC + FINBERT,0,0,0.4575275
AVGO,2026-04-06,0001193125-26-140574,-0.0063988681204529,2026,LSTM C - MARKET SEQUENCE + SEC + FINBERT,0,0,0.42977887
GOOGL,2026-04-06,0001652044-26-000031,0.0082504348362495,2026,LSTM C - MARKET SEQUENCE + SEC + FINBERT,1,0,0.45518538
INTC,2026-04-06,0000050863-26-000069,0.0019222474605418,2026,LSTM C - MARKET SEQUENCE + SEC + FINBERT,1,0,0.3521985
AVGO,2026-04-07,0001193125-26-144028,0.0619912664480655,2026,LSTM C - MARKET SEQUENCE + SEC + FINBERT,1,1,0.53579766
AMZN,2026-04-09,0001104659-26-041034,0.0492804640933421,2026,LSTM C - MARKET SEQUENCE + SEC + FINBERT,1,0,0.48111635
INTC,2026-04-09,0000050863-26-000072,0.0402242748034202,2026,LSTM C - MARKET SEQUENCE + SEC + FINBERT,1,0,0.41198602
GOOGL,2026-04-13,0001652044-26-000034,0.0024868969699596,2026,LSTM C - MARKET SEQUENCE + SEC + FINBERT,1,0,0.4919686
AMZN,2026-04-14,0001104659-26-042880,0.0199021520163233,2026,LSTM C - MARKET SEQUENCE + SEC + FINBERT,1,1,0.5042746
META,2026-04-15,0001628280-26-025108,-0.0002783824166061,2026,LSTM C - MARKET SEQUENCE + SEC + FINBERT,0,0,0.45090124
NFLX,2026-04-17,0001065280-26-000137,-0.110310240572915,2026,LSTM C - MARKET SEQUENCE + SEC + FINBERT,0,0,0.42299166
AAPL,2026-04-21,0001140361-26-015711,-0.0213933529678685,2026,LSTM C - MARKET SEQUENCE + SEC + FINBERT,0,0,0.41975966
ADBE,2026-04-22,0000796343-26-000101,0.0187092090498186,2026,LSTM C - MARKET SEQUENCE + SEC + FINBERT,1,0,0.43864635
AVGO,2026-04-22,0001730168-26-000039,0.0341930534958387,2026,LSTM C - MARKET SEQUENCE + SEC + FINBERT,1,0,0.4759759
NFLX,2026-04-23,0001065280-26-000139,0.0011281946640834,2026,LSTM C - MARKET SEQUENCE + SEC + FINBERT,1,1,0.5219506
TSLA,2026-04-23,0001628280-26-026551,-0.0299535199415285,2026,LSTM C - MARKET SEQUENCE + SEC + FINBERT,0,1,0.5296761
INTC,2026-04-24,0000050863-26-000077,0.2168713502986243,2026,LSTM C - MARKET SEQUENCE + SEC + FINBERT,1,0,0.43667558
INTC,2026-04-27,0000050863-26-000083,0.0291553468152547,2026,LSTM C - MARKET SEQUENCE + SEC + FINBERT,1,0,0.33654043
NVDA,2026-04-28,0001045810-26-000026,-0.0058242896842328,2026,LSTM C - MARKET SEQUENCE + SEC + FINBERT,0,0,0.3497977
AMZN,2026-04-30,0001018724-26-000012,-0.0016468727883254,2026,LSTM C - MARKET SEQUENCE + SEC + FINBERT,0,0,0.46570003
GOOGL,2026-04-30,0001652044-26-000043,0.0902907529038123,2026,LSTM C - MARKET SEQUENCE + SEC + FINBERT,1,0,0.4635286
META,2026-04-30,0001628280-26-028364,-0.0948266554954643,2026,LSTM C - MARKET SEQUENCE + SEC + FINBERT,0,0,0.45497605
MSFT,2026-04-30,0001193125-26-191457,-0.0486231754824486,2026,LSTM C - MARKET SEQUENCE + SEC + FINBERT,0,0,0.45987076
QCOM,2026-04-30,0000804328-26-000060,0.1418276564768905,2026,LSTM C - MARKET SEQUENCE + SEC + FINBERT,1,0,0.36471474
AAPL,2026-05-01,0000320193-26-000011,0.022793892307859,2026,LSTM C - MARKET SEQUENCE + SEC + FINBERT,1,0,0.4318755
INTC,2026-05-01,0001193125-26-197845,0.0448034171687428,2026,LSTM C - MARKET SEQUENCE + SEC + FINBERT,1,0,0.42718643
META,2026-05-05,0001193125-26-204128,-0.0219024667890024,2026,LSTM C - MARKET SEQUENCE + SEC + FINBERT,0,1,0.5096907
AMD,2026-05-06,0000002488-26-000072,0.1653710025525319,2026,LSTM C - MARKET SEQUENCE + SEC + FINBERT,1,0,0.4107242
NVDA,2026-05-11,0001045810-26-000028,0.0168061992095833,2026,LSTM C - MARKET SEQUENCE + SEC + FINBERT,1,0,0.43404514
GOOGL,2026-05-12,0001193125-26-216986,0.0051624834241175,2026,LSTM C - MARKET SEQUENCE + SEC + FINBERT,1,1,0.5387212
MSFT,2026-05-15,0001193125-26-224155,0.0455934480664714,2026,LSTM C - MARKET SEQUENCE + SEC + FINBERT,1,0,0.45601046
AMD,2026-05-18,0001193125-26-226746,-0.0030308987230113,2026,LSTM C - MARKET SEQUENCE + SEC + FINBERT,0,0,0.48518804
INTC,2026-05-18,0000050863-26-000118,-0.0012138983150062,2026,LSTM C - MARKET SEQUENCE + SEC + FINBERT,0,0,0.46967602
NVDA,2026-05-21,0001045810-26-000051,-0.0196275026130384,2026,LSTM C - MARKET SEQUENCE + SEC + FINBERT,0,0,0.48526764
GOOGL,2026-05-22,0001193125-26-234488,-0.0163388825753002,2026,LSTM C - MARKET SEQUENCE + SEC + FINBERT,0,1,0.5101858
AMZN,2026-05-26,0001104659-26-065717,-0.0216227139416436,2026,LSTM C - MARKET SEQUENCE + SEC + FINBERT,0,0,0.4851758
META,2026-06-01,0001628280-26-039193,-0.0566556308874622,2026,LSTM C - MARKET SEQUENCE + SEC + FINBERT,0,0,0.44636106
AVGO,2026-06-04,0001730168-26-000051,-0.1210312398743514,2026,LSTM C - MARKET SEQUENCE + SEC + FINBERT,0,1,0.51849824
GOOGL,2026-06-05,0001193125-26-257724,0.0381672421712767,2026,LSTM C - MARKET SEQUENCE + SEC + FINBERT,1,1,0.5551026
GOOGL,2026-06-08,0001193125-26-259830,-0.0291912288708725,2026,LSTM C - MARKET SEQUENCE + SEC + FINBERT,0,1,0.53419316
GOOGL,2026-06-08,0001652044-26-000059,-0.0291912288708725,2026,LSTM C - MARKET SEQUENCE + SEC + FINBERT,0,0,0.46400407
NFLX,2026-06-08,0001065280-26-000189,-0.0100182503504155,2026,LSTM C - MARKET SEQUENCE + SEC + FINBERT,0,0,0.49299952
AMZN,2026-06-10,0001104659-26-072140,-0.0053726134400394,2026,LSTM C - MARKET SEQUENCE + SEC + FINBERT,0,0,0.49902984
AVGO,2026-06-11,0001193125-26-266777,0.0024240754021118,2026,LSTM C - MARKET SEQUENCE + SEC + FINBERT,1,1,0.5762342
ADBE,2026-06-12,0000796343-26-000109,-0.0734349532560182,2026,LSTM C - MARKET SEQUENCE + SEC + FINBERT,0,0,0.42832437
GOOGL,2026-06-12,0001193125-26-267578,-0.0005460497805231,2026,LSTM C - MARKET SEQUENCE + SEC + FINBERT,0,0,0.42083398
AMZN,2026-06-15,0001104659-26-073562,-9.957228603751922e-05,2026,LSTM C - MARKET SEQUENCE + SEC + FINBERT,0,1,0.5270217
AVGO,2026-06-18,0001193125-26-275077,0.0218931329896958,2026,LSTM C - MARKET SEQUENCE + SEC + FINBERT,1,1,0.5799113
NVDA,2026-06-22,0001193125-26-275783,-0.0071724054817254,2026,LSTM C - MARKET SEQUENCE + SEC + FINBERT,0,1,0.52588016
QCOM,2026-06-24,0001104659-26-077071,-0.0286743834556753,2026,LSTM C - MARKET SEQUENCE + SEC + FINBERT,0,0,0.49938706
NVDA,2026-07-01,0001045810-26-000056,0.0027055922428425,2026,LSTM C - MARKET SEQUENCE + SEC + FINBERT,1,0,0.4682715
AMD,2026-07-02,0000002488-26-000115,-0.0253003437574649,2026,LSTM C - MARKET SEQUENCE + SEC + FINBERT,0,0,0.43711802
NVDA,2026-07-02,0001045810-26-000060,0.003415464384313,2026,LSTM C - MARKET SEQUENCE + SEC + FINBERT,1,0,0.45460117
TSLA,2026-07-02,0001628280-26-046717,-0.0575543818261817,2026,LSTM C - MARKET SEQUENCE + SEC + FINBERT,0,1,0.5041452
AVGO,2026-07-06,0001193125-26-295589,0.0229725241748379,2026,LSTM C - MARKET SEQUENCE + SEC + FINBERT,1,1,0.56035066
AMZN,2026-07-10,0001104659-26-082293,-0.0099646140288109,2026,LSTM C - MARKET SEQUENCE + SEC + FINBERT,0,0,0.47833797
NFLX,2026-07-17,0001065280-26-000211,-0.057599892179291,2026,LSTM C - MARKET SEQUENCE + SEC + FINBERT,0,0,0.41191772
ADBE,2026-07-20,0000796343-26-000120,-0.011629367377381,2026,LSTM C - MARKET SEQUENCE + SEC + FINBERT,0,0,0.35342917
GOOGL,2026-07-23,0001652044-26-000066,-0.0523428238232774,2026,LSTM C - MARKET SEQUENCE + SEC + FINBERT,0,1,0.5042097
NFLX,2026-07-23,0001193125-26-312575,0.0242366010624127,2026,LSTM C - MARKET SEQUENCE + SEC + FINBERT,1,0,0.46563396
TSLA,2026-07-23,0001628280-26-049213,-0.1262533558961757,2026,LSTM C - MARKET SEQUENCE + SEC + FINBERT,0,1,0.5224655
INTC,2026-07-24,0000050863-26-000155,-0.0677472957838671,2026,LSTM C - MARKET SEQUENCE + SEC + FINBERT,0,0,0.46903288
META,2026-07-30,0001628280-26-050596,-0.1125151041907142,2026,LSTM C - MARKET SEQUENCE + SEC + FINBERT,0,0,0.4549079
MSFT,2026-07-30,0001193125-26-323632,0.1220932058569126,2026,LSTM C - MARKET SEQUENCE + SEC + FINBERT,1,0,0.42190135
QCOM,2026-07-30,0000804328-26-000085,-0.0591817061233279,2026,LSTM C - MARKET SEQUENCE + SEC + FINBERT,0,0,0.4316856
AAPL,2026-07-31,0000320193-26-000018,-0.0800340895161154,2026,LSTM C - MARKET SEQUENCE + SEC + FINBERT,0,0,0.420252
AMZN,2026-07-31,0001018724-26-000024,0.1467103826662883,2026,LSTM C - MARKET SEQUENCE + SEC + FINBERT,1,0,0.4442227
NFLX,2026-07-31,0001065280-26-000214,-0.0264490259696927,2026,LSTM C - MARKET SEQUENCE + SEC + FINBERT,0,0,0.34356457
QCOM,2026-08-03,0001104659-26-089234,0.0092690762540241,2026,LSTM C - MARKET SEQUENCE + SEC + FINBERT,1,0,0.464627
AMD,2026-08-05,0000002488-26-000121,-0.0613935964812326,2026,LSTM C - MARKET SEQUENCE + SEC + FINBERT,0,0,0.40978152
GOOGL,2026-08-11,0001193125-26-342390,-0.0350184491059453,2026,LSTM C - MARKET SEQUENCE + SEC + FINBERT,0,1,0.53806204
INTC,2026-08-13,0001193125-26-346806,0.0241947255920518,2026,LSTM C - MARKET SEQUENCE + SEC + FINBERT,1,0,0.4428051
