Ticker,Date,Open,High,Low,Close,Adj_Close,Volume
AAPL,2019-10-01,56.26750183105469,57.05500030517578,56.04999923706055,56.147499084472656,53.880069732666016,139223200
AAPL,2019-10-02,55.76499938964844,55.89500045776367,54.48249816894531,54.7400016784668,52.52941131591797,138449200
AAPL,2019-10-03,54.60749816894531,55.2400016784668,53.782501220703125,55.20500183105469,52.97563171386719,114426000
AAPL,2019-10-04,56.40999984741211,56.872501373291016,55.97249984741211,56.752498626708984,54.46063232421875,138478800
AAPL,2019-10-07,56.567501068115234,57.48249816894531,56.459999084472656,56.76499938964844,54.47264099121094,122306000
AAPL,2019-10-08,56.45500183105469,57.01499938964844,56.08250045776367,56.099998474121094,53.83449172973633,111820000
AAPL,2019-10-09,56.75749969482422,56.9474983215332,56.40999984741211,56.75749969482422,54.4654426574707,74770400
AAPL,2019-10-10,56.98249816894531,57.61000061035156,56.82500076293945,57.522499084472656,55.199546813964844,113013600
AAPL,2019-10-11,58.23749923706055,59.40999984741211,58.07749938964844,59.0525016784668,56.66775894165039,166795600
AAPL,2019-10-14,58.724998474121094,59.532501220703125,58.66749954223633,58.967498779296875,56.58618927001953,96427600
AAPL,2019-10-15,59.09749984741211,59.412498474121094,58.720001220703125,58.83000183105469,56.454254150390625,87360000
AAPL,2019-10-16,58.342498779296875,58.810001373291016,58.29999923706055,58.592498779296875,56.22633361816406,73903200
AAPL,2019-10-17,58.772499084472656,59.037498474121094,58.380001068115234,58.81999969482422,56.44464111328125,67585200
AAPL,2019-10-18,58.647499084472656,59.39500045776367,58.5724983215332,59.102500915527344,56.71574020385742,97433600
AAPL,2019-10-21,59.380001068115234,60.247501373291016,59.33000183105469,60.127498626708984,57.6993522644043,87247200
AAPL,2019-10-22,60.290000915527344,60.54999923706055,59.904998779296875,59.9900016784668,57.56740951538086,82293600
AAPL,2019-10-23,60.525001525878906,60.810001373291016,60.30500030517578,60.79499816894531,58.33989715576172,75828800
AAPL,2019-10-24,61.127498626708984,61.20000076293945,60.45249938964844,60.89500045776367,58.43585968017578,69275200
AAPL,2019-10-25,60.790000915527344,61.682498931884766,60.720001220703125,61.64500045776367,59.155574798583984,73477200
AAPL,2019-10-28,61.85499954223633,62.3125,61.68000030517578,62.26250076293945,59.74812698364258,96572800
AAPL,2019-10-29,62.24250030517578,62.4375,60.64250183105469,60.8224983215332,58.36627960205078,142839600
AAPL,2019-10-30,61.189998626708984,61.32500076293945,60.3025016784668,60.814998626708984,58.35908126831055,124522000
AAPL,2019-10-31,61.810001373291016,62.29249954223633,59.314998626708984,62.189998626708984,59.67856216430664,139162000
AAPL,2019-11-01,62.3849983215332,63.98249816894531,62.290000915527344,63.95500183105469,61.372283935546875,151125200
AAPL,2019-11-04,64.3324966430664,64.4625015258789,63.845001220703125,64.375,61.77531433105469,103272000
AAPL,2019-11-05,64.26249694824219,64.54750061035156,64.08000183105469,64.28250122070312,61.68655014038086,79897600
AAPL,2019-11-06,64.19249725341797,64.37249755859375,63.842498779296875,64.30999755859375,61.71294021606445,75864400
AAPL,2019-11-07,64.68499755859375,65.0875015258789,64.52749633789062,64.85749816894531,62.42519760131836,94940400
AAPL,2019-11-08,64.67250061035156,65.11000061035156,64.2125015258789,65.03500366210938,62.59603500366211,69986400
AAPL,2019-11-11,64.57499694824219,65.61750030517578,64.56999969482422,65.55000305175781,63.09172439575195,81821200
AAPL,2019-11-12,65.38749694824219,65.69750213623047,65.2300033569336,65.48999786376953,63.03396224975586,87388800
AAPL,2019-11-13,65.28250122070312,66.19499969482422,65.26750183105469,66.11750030517578,63.637943267822266,102734400
AAPL,2019-11-14,65.9375,66.22000122070312,65.5250015258789,65.66000366210938,63.197593688964844,89182800
AAPL,2019-11-15,65.91999816894531,66.44499969482422,65.75250244140625,66.44000244140625,63.9483528137207,100206400
AAPL,2019-11-18,66.44999694824219,66.85749816894531,66.05750274658203,66.7750015258789,64.27078247070312,86703200
AAPL,2019-11-19,66.9749984741211,67.0,66.34750366210938,66.57250213623047,64.07588195800781,76167200
AAPL,2019-11-20,66.38500213623047,66.5199966430664,65.0999984741211,65.79750061035156,63.3299446105957,106234400
AAPL,2019-11-21,65.92250061035156,66.00250244140625,65.29499816894531,65.50250244140625,63.045997619628906,121395200
AAPL,2019-11-22,65.64749908447266,65.79499816894531,65.20999908447266,65.44499969482422,62.99066925048828,65325200
AAPL,2019-11-25,65.67749786376953,66.61000061035156,65.62999725341797,66.59249877929688,64.09513092041016,84020400
AAPL,2019-11-26,66.73500061035156,66.79000091552734,65.625,66.07250213623047,63.594627380371094,105207600
AAPL,2019-11-27,66.3949966430664,66.99500274658203,66.32749938964844,66.95999908447266,64.44884490966797,65235600
AAPL,2019-11-29,66.6500015258789,67.0,66.4749984741211,66.8125,64.30686950683594,46617600
AAPL,2019-12-02,66.81749725341797,67.0625,65.86250305175781,66.04000091552734,63.5633430480957,94487200
AAPL,2019-12-03,64.57749938964844,64.88249969482422,64.07250213623047,64.86250305175781,62.43000793457031,114430400
AAPL,2019-12-04,65.26750183105469,65.82749938964844,65.16999816894531,65.43499755859375,62.98102951049805,67181600
AAPL,2019-12-05,65.94750213623047,66.47250366210938,65.68250274658203,66.3949966430664,63.90501022338867,74424400
AAPL,2019-12-06,66.87000274658203,67.75,66.82499694824219,67.67749786376953,65.1394271850586,106075600
AAPL,2019-12-09,67.5,67.69999694824219,66.22750091552734,66.7300033569336,64.22744750976562,128042400
AAPL,2019-12-10,67.1500015258789,67.51750183105469,66.46499633789062,67.12000274658203,64.60286712646484,90420400
AAPL,2019-12-11,67.20249938964844,67.7750015258789,67.125,67.69249725341797,65.15386962890625,78756800
AAPL,2019-12-12,66.94499969482422,68.13999938964844,66.83000183105469,67.86499786376953,65.31990814208984,137310400
AAPL,2019-12-13,67.86499786376953,68.82499694824219,67.73249816894531,68.7874984741211,66.20780181884766,133587600
AAPL,2019-12-16,69.25,70.19750213623047,69.24500274658203,69.96499633789062,67.34114074707031,128186000
AAPL,2019-12-17,69.89250183105469,70.44249725341797,69.69999694824219,70.10250091552734,67.47349548339844,114158400
AAPL,2019-12-18,69.94999694824219,70.4749984741211,69.77999877929688,69.93499755859375,67.31227111816406,116028400
AAPL,2019-12-19,69.875,70.29499816894531,69.73750305175781,70.00499725341797,67.3796615600586,98369200
AAPL,2019-12-20,70.55750274658203,70.6624984741211,69.63999938964844,69.86000061035156,67.24010467529297,275978000
AAPL,2019-12-23,70.13249969482422,71.0625,70.09249877929688,71.0,68.33734893798828,98572000
AAPL,2019-12-24,71.17250061035156,71.22250366210938,70.7300033569336,71.06749725341797,68.40228271484375,48478800
AAPL,2019-12-26,71.20500183105469,72.49500274658203,71.17500305175781,72.47750091552734,69.75942993164062,93121200
AAPL,2019-12-27,72.77999877929688,73.49250030517578,72.02999877929688,72.44999694824219,69.73295593261719,146266000
AAPL,2019-12-30,72.36499786376953,73.17250061035156,71.30500030517578,72.87999725341797,70.14681243896484,144114400
AAPL,2019-12-31,72.48249816894531,73.41999816894531,72.37999725341797,73.4124984741211,70.65935516357422,100805600
AAPL,2020-01-02,74.05999755859375,75.1500015258789,73.79750061035156,75.0875015258789,72.27153778076172,135480400
AAPL,2020-01-03,74.2874984741211,75.1449966430664,74.125,74.35749816894531,71.56888580322266,146322800
AAPL,2020-01-06,73.44750213623047,74.98999786376953,73.1875,74.94999694824219,72.1391830444336,118387200
AAPL,2020-01-07,74.95999908447266,75.2249984741211,74.37000274658203,74.59750366210938,71.7999267578125,108872000
AAPL,2020-01-08,74.29000091552734,76.11000061035156,74.29000091552734,75.79750061035156,72.95492553710938,132079200
AAPL,2020-01-09,76.80999755859375,77.60749816894531,76.55000305175781,77.40750122070312,74.50454711914062,170108400
AAPL,2020-01-10,77.6500015258789,78.1675033569336,77.0625,77.5824966430664,74.6729736328125,140644800
AAPL,2020-01-13,77.91000366210938,79.26750183105469,77.7874984741211,79.23999786376953,76.26830291748047,121532000
AAPL,2020-01-14,79.17500305175781,79.39250183105469,78.0425033569336,78.16999816894531,75.23844909667969,161954400
AAPL,2020-01-15,77.9625015258789,78.875,77.38749694824219,77.83499908447266,74.91600036621094,121923600
AAPL,2020-01-16,78.39749908447266,78.92500305175781,78.02249908447266,78.80999755859375,75.85443115234375,108829200
AAPL,2020-01-17,79.06749725341797,79.68499755859375,78.75,79.68250274658203,76.6942138671875,137816400
AAPL,2020-01-21,79.29750061035156,79.75499725341797,79.0,79.14250183105469,76.17447662353516,110843200
AAPL,2020-01-22,79.6449966430664,79.99749755859375,79.32749938964844,79.42500305175781,76.44635772705078,101832400
AAPL,2020-01-23,79.4800033569336,79.88999938964844,78.9124984741211,79.80750274658203,76.81452941894531,104472000
AAPL,2020-01-24,80.0625,80.8324966430664,79.37999725341797,79.57749938964844,76.59313201904297,146537600
AAPL,2020-01-27,77.51499938964844,77.94249725341797,76.22000122070312,77.23750305175781,74.34091186523438,161940000
AAPL,2020-01-28,78.1500015258789,79.5999984741211,78.04750061035156,79.42250061035156,76.44396209716797,162234000
AAPL,2020-01-29,81.11250305175781,81.9625015258789,80.34500122070312,81.08499908447266,78.04412078857422,216229200
AAPL,2020-01-30,80.13500213623047,81.02249908447266,79.6875,80.96749877929688,77.93102264404297,126743200
AAPL,2020-01-31,80.23249816894531,80.66999816894531,77.07250213623047,77.37750244140625,74.47567749023438,199588400
AAPL,2020-02-03,76.07499694824219,78.37249755859375,75.55500030517578,77.16500091552734,74.27112579345703,173788400
AAPL,2020-02-04,78.82749938964844,79.91000366210938,78.40750122070312,79.7125015258789,76.72309112548828,136616400
AAPL,2020-02-05,80.87999725341797,81.19000244140625,79.73750305175781,80.36250305175781,77.3487319946289,118826800
AAPL,2020-02-06,80.64250183105469,81.30500030517578,80.06500244140625,81.30249786376953,78.25345611572266,105425600
AAPL,2020-02-07,80.59249877929688,80.8499984741211,79.5,80.00749969482422,77.18977355957031,117684000
AAPL,2020-02-10,78.54499816894531,80.38749694824219,78.4625015258789,80.38749694824219,77.55641174316406,109348800
AAPL,2020-02-11,80.9000015258789,80.9749984741211,79.67749786376953,79.90249633789062,77.08849334716797,94323200
AAPL,2020-02-12,80.36750030517578,81.80500030517578,80.36750030517578,81.80000305175781,78.91918182373047,113730400
AAPL,2020-02-13,81.04750061035156,81.55500030517578,80.8375015258789,81.21749877929688,78.35716247558594,94747600
AAPL,2020-02-14,81.18499755859375,81.49500274658203,80.7125015258789,81.23750305175781,78.37647247314453,80113600
AAPL,2020-02-18,78.83999633789062,79.9375,78.65249633789062,79.75,76.94137573242188,152531200
AAPL,2020-02-19,80.0,81.14250183105469,80.0,80.90499877929688,78.05570983886719,93984000
AAPL,2020-02-20,80.65750122070312,81.1624984741211,79.55249786376953,80.07499694824219,77.25489044189453,100566000
AAPL,2020-02-21,79.65499877929688,80.11250305175781,77.625,78.26249694824219,75.50625610351562,129554000
AAPL,2020-02-24,74.31500244140625,76.04499816894531,72.30750274658203,74.54499816894531,71.919677734375,222195200
AAPL,2020-02-25,75.23750305175781,75.63249969482422,71.53250122070312,72.0199966430664,69.4836196899414,230673600
AAPL,2020-02-26,71.63249969482422,74.47000122070312,71.625,73.1624984741211,70.58584594726562,198054800
AAPL,2020-02-27,70.2750015258789,71.5,68.23999786376953,68.37999725341797,65.97177124023438,320605600
AAPL,2020-02-28,64.31500244140625,69.60250091552734,64.09249877929688,68.33999633789062,65.93318939208984,426510000
AAPL,2020-03-02,70.56999969482422,75.36000061035156,69.43000030517578,74.70249938964844,72.07162475585938,341397200
AAPL,2020-03-03,75.9175033569336,76.0,71.44999694824219,72.33000183105469,69.7826919555664,319475600
AAPL,2020-03-04,74.11000061035156,75.8499984741211,73.28250122070312,75.68499755859375,73.01952362060547,219178400
AAPL,2020-03-05,73.87999725341797,74.88749694824219,72.85250091552734,73.2300033569336,70.6509780883789,187572800
AAPL,2020-03-06,70.5,72.70500183105469,70.30750274658203,72.25749969482422,69.71273803710938,226176800
AAPL,2020-03-09,65.9375,69.52249908447266,65.75,66.5425033569336,64.19901275634766,286744800
AAPL,2020-03-10,69.28500366210938,71.61000061035156,67.34249877929688,71.33499908447266,68.82271575927734,285290000
AAPL,2020-03-11,69.34750366210938,70.30500030517578,67.96499633789062,68.85749816894531,66.4324951171875,255598800
AAPL,2020-03-12,63.98500061035156,67.5,62.0,62.057498931884766,59.8719596862793,418474000
AAPL,2020-03-13,66.22250366210938,69.9800033569336,63.23749923706055,69.49250030517578,67.04510498046875,370732000
AAPL,2020-03-16,60.48749923706055,64.7699966430664,60.0,60.5525016784668,58.41996383666992,322423600
AAPL,2020-03-17,61.877498626708984,64.40249633789062,59.599998474121094,63.21500015258789,60.988685607910156,324056000
AAPL,2020-03-18,59.942501068115234,62.5,59.279998779296875,61.66749954223633,59.49568557739258,300233600
AAPL,2020-03-19,61.84749984741211,63.209999084472656,60.65250015258789,61.19499969482422,59.03984069824219,271857200
AAPL,2020-03-20,61.79499816894531,62.95750045776367,57.0,57.310001373291016,55.291656494140625,401693200
AAPL,2020-03-23,57.02000045776367,57.125,53.15250015258789,56.092498779296875,54.11703109741211,336752800
AAPL,2020-03-24,59.09000015258789,61.92250061035156,58.57500076293945,61.720001220703125,59.54635238647461,287531200
AAPL,2020-03-25,62.6875,64.5625,61.07500076293945,61.380001068115234,59.21832275390625,303602000
AAPL,2020-03-26,61.630001068115234,64.66999816894531,61.59000015258789,64.61000061035156,62.334556579589844,252087200
AAPL,2020-03-27,63.1875,63.967498779296875,61.76250076293945,61.935001373291016,59.75376892089844,204216800
AAPL,2020-03-30,62.685001373291016,63.880001068115234,62.349998474121094,63.70249938964844,61.45902633666992,167976400
AAPL,2020-03-31,63.900001525878906,65.62249755859375,63.0,63.5724983215332,61.33359909057617,197002000
AAPL,2020-04-01,61.625,62.18000030517578,59.782501220703125,60.227500915527344,58.10639572143555,176218400
AAPL,2020-04-02,60.084999084472656,61.287498474121094,59.224998474121094,61.23249816894531,59.076019287109375,165934000
AAPL,2020-04-03,60.70000076293945,61.42499923706055,59.74250030517578,60.352500915527344,58.22700881958008,129880000
AAPL,2020-04-06,62.724998474121094,65.77749633789062,62.345001220703125,65.61750030517578,63.30657196044922,201820400
AAPL,2020-04-07,67.69999694824219,67.92500305175781,64.75,64.85749816894531,62.5733528137207,202887200
AAPL,2020-04-08,65.68499755859375,66.84249877929688,65.30750274658203,66.51750183105469,64.17488861083984,168895200
AAPL,2020-04-09,67.17500305175781,67.51750183105469,66.17500305175781,66.99749755859375,64.6379623413086,161834800
AAPL,2020-04-13,67.07749938964844,68.42500305175781,66.4574966430664,68.3125,65.90667724609375,131022800
AAPL,2020-04-14,70.0,72.0625,69.51249694824219,71.76249694824219,69.23515319824219,194994800
AAPL,2020-04-15,70.5999984741211,71.5824966430664,70.15750122070312,71.10749816894531,68.60324096679688,131154400
AAPL,2020-04-16,71.84500122070312,72.05000305175781,70.5875015258789,71.67250061035156,69.14832305908203,157125200
AAPL,2020-04-17,71.17250061035156,71.73750305175781,69.21499633789062,70.69999694824219,68.2100830078125,215250000
AAPL,2020-04-20,69.48750305175781,70.41999816894531,69.2125015258789,69.23249816894531,66.79427337646484,130015200
AAPL,2020-04-21,69.06999969482422,69.3125,66.35749816894531,67.09249877929688,64.72962188720703,180991600
AAPL,2020-04-22,68.40249633789062,69.4749984741211,68.05000305175781,69.0250015258789,66.59406280517578,116862400
AAPL,2020-04-23,68.96749877929688,70.4375,68.71749877929688,68.75749969482422,66.33600616455078,124814400
AAPL,2020-04-24,69.30000305175781,70.75250244140625,69.25,70.74250030517578,68.2510757446289,126161200
AAPL,2020-04-27,70.44999694824219,71.13500213623047,69.98750305175781,70.7925033569336,68.29936218261719,117087600
AAPL,2020-04-28,71.2699966430664,71.4574966430664,69.55000305175781,69.6449966430664,67.19224548339844,112004800
AAPL,2020-04-29,71.18250274658203,72.4175033569336,70.97250366210938,71.93250274658203,69.399169921875,137280800
AAPL,2020-04-30,72.48999786376953,73.63249969482422,72.0875015258789,73.44999694824219,70.86322784423828,183064000
AAPL,2020-05-01,71.5625,74.75,71.4625015258789,72.26750183105469,69.72236633300781,240616800
AAPL,2020-05-04,72.2925033569336,73.42250061035156,71.58000183105469,73.29000091552734,70.70885467529297,133568000
AAPL,2020-05-05,73.76499938964844,75.25,73.61499786376953,74.38999938964844,71.7701187133789,147751200
AAPL,2020-05-06,75.11499786376953,75.80999755859375,74.71749877929688,75.15750122070312,72.5106201171875,142333600
AAPL,2020-05-07,75.80500030517578,76.2925033569336,75.49250030517578,75.93499755859375,73.26073455810547,115215200
AAPL,2020-05-08,76.41000366210938,77.5875015258789,76.07250213623047,77.53250122070312,75.00443267822266,133838400
AAPL,2020-05-11,77.0250015258789,79.26249694824219,76.80999755859375,78.75250244140625,76.18468475341797,145946400
AAPL,2020-05-12,79.4574966430664,79.92250061035156,77.72750091552734,77.85250091552734,75.31401824951172,162301200
AAPL,2020-05-13,78.0374984741211,78.98750305175781,75.80249786376953,76.9124984741211,74.4046401977539,200622400
AAPL,2020-05-14,76.12750244140625,77.44750213623047,75.38249969482422,77.38500213623047,74.86176300048828,158929200
AAPL,2020-05-15,75.0875015258789,76.9749984741211,75.05249786376953,76.92749786376953,74.4191665649414,166348400
AAPL,2020-05-18,78.2925033569336,79.125,77.58000183105469,78.73999786376953,76.17255401611328,135178400
AAPL,2020-05-19,78.75749969482422,79.62999725341797,78.25250244140625,78.28500366210938,75.73242950439453,101729600
AAPL,2020-05-20,79.16999816894531,79.87999725341797,79.12999725341797,79.80750274658203,77.20526885986328,111504800
AAPL,2020-05-21,79.66500091552734,80.22250366210938,78.96749877929688,79.2125015258789,76.62968444824219,102688800
AAPL,2020-05-22,78.94249725341797,79.80750274658203,78.8375015258789,79.72250366210938,77.12303161621094,81803200
AAPL,2020-05-26,80.875,81.05999755859375,79.125,79.18250274658203,76.60063934326172,125522000
AAPL,2020-05-27,79.03500366210938,79.67749786376953,78.27249908447266,79.52749633789062,76.93440246582031,112945200
AAPL,2020-05-28,79.19249725341797,80.86000061035156,78.90750122070312,79.5625,76.96826171875,133560800
AAPL,2020-05-29,79.8125,80.2874984741211,79.11750030517578,79.48500061035156,76.8932876586914,153532400
AAPL,2020-06-01,79.4375,80.5875015258789,79.30249786376953,80.4625015258789,77.83890533447266,80791200
AAPL,2020-06-02,80.1875,80.86000061035156,79.73249816894531,80.83499908447266,78.19926452636719,87642800
AAPL,2020-06-03,81.16500091552734,81.55000305175781,80.57499694824219,81.27999877929688,78.62974548339844,104491200
AAPL,2020-06-04,81.09750366210938,81.40499877929688,80.19499969482422,80.58000183105469,77.95258331298828,87560400
AAPL,2020-06-05,80.8375015258789,82.9375,80.80750274658203,82.875,80.1727523803711,137250400
AAPL,2020-06-08,82.5625,83.4000015258789,81.83000183105469,83.36499786376953,80.64674377441406,95654400
AAPL,2020-06-09,83.03500366210938,86.40249633789062,83.00250244140625,85.99749755859375,83.19342803955078,147712400
AAPL,2020-06-10,86.9749984741211,88.69249725341797,86.52249908447266,88.20999908447266,85.33377075195312,166651600
AAPL,2020-06-11,87.32749938964844,87.76499938964844,83.87000274658203,83.9749984741211,81.23688507080078,201662400
AAPL,2020-06-12,86.18000030517578,86.94999694824219,83.55500030517578,84.69999694824219,81.93821716308594,200146000
AAPL,2020-06-15,83.3125,86.41999816894531,83.1449966430664,85.74749755859375,82.95156860351562,138808800
AAPL,2020-06-16,87.86499786376953,88.30000305175781,86.18000030517578,88.0199966430664,85.14998626708984,165428800
AAPL,2020-06-17,88.7874984741211,88.8499984741211,87.77249908447266,87.89749908447266,85.03148651123047,114406400
AAPL,2020-06-18,87.85250091552734,88.36250305175781,87.30500030517578,87.93250274658203,85.06533813476562,96820400
AAPL,2020-06-19,88.66000366210938,89.13999938964844,86.2874984741211,87.43000030517578,84.5792236328125,264476000
AAPL,2020-06-22,87.83499908447266,89.86499786376953,87.7874984741211,89.71749877929688,86.79212188720703,135445200
AAPL,2020-06-23,91.0,93.09500122070312,90.56749725341797,91.63249969482422,88.64469146728516,212155600
AAPL,2020-06-24,91.25,92.19750213623047,89.62999725341797,90.01499938964844,87.07992553710938,192623200
AAPL,2020-06-25,90.17500305175781,91.25,89.39250183105469,91.20999908447266,88.23596954345703,137522400
AAPL,2020-06-26,91.10250091552734,91.33000183105469,88.25499725341797,88.40750122070312,85.52483367919922,205256800
AAPL,2020-06-29,88.3125,90.5425033569336,87.81999969482422,90.44499969482422,87.49591827392578,130646000
AAPL,2020-06-30,90.0199966430664,91.49500274658203,90.0,91.19999694824219,88.2262954711914,140223200
AAPL,2020-07-01,91.27999877929688,91.83999633789062,90.97750091552734,91.02749633789062,88.05943298339844,110737200
AAPL,2020-07-02,91.9625015258789,92.61750030517578,90.91000366210938,91.02749633789062,88.05943298339844,114041600
AAPL,2020-07-06,92.5,93.94499969482422,92.46749877929688,93.4625015258789,90.4150390625,118655600
AAPL,2020-07-07,93.85250091552734,94.65499877929688,93.05750274658203,93.17250061035156,90.13446807861328,112424400
AAPL,2020-07-08,94.18000030517578,95.375,94.08999633789062,95.34249877929688,92.23372650146484,117092000
AAPL,2020-07-09,96.26249694824219,96.31749725341797,94.67250061035156,95.75250244140625,92.6303482055664,125642800
AAPL,2020-07-10,95.33499908447266,95.9800033569336,94.70500183105469,95.91999816894531,92.79240417480469,90257200
AAPL,2020-07-13,97.26499938964844,99.95500183105469,95.25749969482422,95.47750091552734,92.36434936523438,191649200
AAPL,2020-07-14,94.83999633789062,97.25499725341797,93.87750244140625,97.05750274658203,93.89280700683594,170989200
AAPL,2020-07-15,98.98999786376953,99.24749755859375,96.48999786376953,97.7249984741211,94.53854370117188,153198000
AAPL,2020-07-16,96.5625,97.40499877929688,95.90499877929688,96.52249908447266,93.3752212524414,110577600
AAPL,2020-07-17,96.98750305175781,97.14749908447266,95.83999633789062,96.32749938964844,93.18660736083984,92186800
AAPL,2020-07-20,96.4175033569336,98.5,96.0625,98.35749816894531,95.15042114257812,90318000
AAPL,2020-07-21,99.17250061035156,99.25,96.74250030517578,97.0,93.83717346191406,103433200
AAPL,2020-07-22,96.69249725341797,97.9749984741211,96.60250091552734,97.27249908447266,94.10078430175781,89001600
AAPL,2020-07-23,96.99749755859375,97.07749938964844,92.01000213623047,92.84500122070312,89.8176498413086,197004400
AAPL,2020-07-24,90.98750305175781,92.97000122070312,89.1449966430664,92.61499786376953,89.59514617919922,185438800
AAPL,2020-07-27,93.70999908447266,94.90499877929688,93.4800033569336,94.80999755859375,91.71859741210938,121214000
AAPL,2020-07-28,94.36750030517578,94.55000305175781,93.24749755859375,93.25250244140625,90.21188354492188,103625600
AAPL,2020-07-29,93.75,95.2300033569336,93.7125015258789,95.04000091552734,91.94108581542969,90329200
AAPL,2020-07-30,94.1875,96.29750061035156,93.76750183105469,96.19000244140625,93.0535888671875,158130000
AAPL,2020-07-31,102.88500213623047,106.41500091552734,100.82499694824219,106.26000213623047,102.79524230957031,374336800
AAPL,2020-08-03,108.19999694824219,111.63749694824219,107.89250183105469,108.9375,105.38543701171875,308151200
AAPL,2020-08-04,109.13249969482422,110.79000091552734,108.38749694824219,109.66500091552734,106.08922576904297,173071600
AAPL,2020-08-05,109.37750244140625,110.39250183105469,108.89749908447266,110.0625,106.4737548828125,121776800
AAPL,2020-08-06,110.40499877929688,114.4124984741211,109.79750061035156,113.90249633789062,110.18855285644531,202428800
AAPL,2020-08-07,113.20500183105469,113.67500305175781,110.2925033569336,111.11250305175781,107.68333435058594,198045600
AAPL,2020-08-10,112.5999984741211,113.7750015258789,110.0,112.72750091552734,109.24848175048828,212403600
AAPL,2020-08-11,111.97000122070312,112.48249816894531,109.10749816894531,109.375,105.99945831298828,187902400
AAPL,2020-08-12,110.49749755859375,113.2750015258789,110.29750061035156,113.01000213623047,109.52227020263672,165598000
AAPL,2020-08-13,114.43000030517578,116.0425033569336,113.92749786376953,115.01000213623047,111.4605484008789,210082000
AAPL,2020-08-14,114.83000183105469,115.0,113.04499816894531,114.90750122070312,111.3611831665039,165565200
AAPL,2020-08-17,116.0625,116.0875015258789,113.9625015258789,114.60749816894531,111.07044982910156,119561600
AAPL,2020-08-18,114.35250091552734,116.0,114.00749969482422,115.5625,111.99597930908203,105633600
AAPL,2020-08-19,115.98249816894531,117.1624984741211,115.61000061035156,115.7074966430664,112.13651275634766,145538000
AAPL,2020-08-20,115.75,118.39250183105469,115.73249816894531,118.2750015258789,114.62477111816406,126907200
AAPL,2020-08-21,119.26249694824219,124.86750030517578,119.25,124.37000274658203,120.53166198730469,338054800
AAPL,2020-08-24,128.69749450683594,128.78500366210938,123.9375,125.85749816894531,121.97327423095703,345937600
AAPL,2020-08-25,124.69750213623047,125.18000030517578,123.05249786376953,124.82499694824219,120.9726333618164,211495600
AAPL,2020-08-26,126.18000030517578,126.99250030517578,125.0824966430664,126.52249908447266,122.6177749633789,163022400
AAPL,2020-08-27,127.14250183105469,127.48500061035156,123.8324966430664,125.01000213623047,121.15191650390625,155552400
AAPL,2020-08-28,126.01249694824219,126.44249725341797,124.57749938964844,124.80750274658203,120.95565795898438,187630000
AAPL,2020-08-31,127.58000183105469,131.0,126.0,129.0399932861328,125.05753326416016,225702700
AAPL,2020-09-01,132.75999450683594,134.8000030517578,130.52999877929688,134.17999267578125,130.03895568847656,151948100
AAPL,2020-09-02,137.58999633789062,137.97999572753906,127.0,131.39999389648438,127.3447036743164,200119000
AAPL,2020-09-03,126.91000366210938,128.83999633789062,120.5,120.87999725341797,117.1493911743164,257599600
AAPL,2020-09-04,120.06999969482422,123.69999694824219,110.88999938964844,120.95999908447266,117.2269058227539,332607200
AAPL,2020-09-08,113.94999694824219,118.98999786376953,112.68000030517578,112.81999969482422,109.338134765625,231366600
AAPL,2020-09-09,117.26000213623047,119.13999938964844,115.26000213623047,117.31999969482422,113.69924926757812,176940500
AAPL,2020-09-10,120.36000061035156,120.5,112.5,113.48999786376953,109.98745727539062,182274400
AAPL,2020-09-11,114.56999969482422,115.2300033569336,110.0,112.0,108.54342651367188,180860300
AAPL,2020-09-14,114.72000122070312,115.93000030517578,112.80000305175781,115.36000061035156,111.79974365234375,140150100
AAPL,2020-09-15,118.33000183105469,118.83000183105469,113.61000061035156,115.54000091552734,111.97418975830078,184642000
AAPL,2020-09-16,115.2300033569336,116.0,112.04000091552734,112.12999725341797,108.6694107055664,154679000
AAPL,2020-09-17,109.72000122070312,112.19999694824219,108.70999908447266,110.33999633789062,106.93466186523438,178011000
AAPL,2020-09-18,110.4000015258789,110.87999725341797,106.08999633789062,106.83999633789062,103.5427017211914,287104900
AAPL,2020-09-21,104.54000091552734,110.19000244140625,103.0999984741211,110.08000183105469,106.68270111083984,195713800
AAPL,2020-09-22,112.68000030517578,112.86000061035156,109.16000366210938,111.80999755859375,108.35929107666016,183055400
AAPL,2020-09-23,111.62000274658203,112.11000061035156,106.7699966430664,107.12000274658203,103.81403350830078,150718700
AAPL,2020-09-24,105.16999816894531,110.25,105.0,108.22000122070312,104.88009643554688,167743300
AAPL,2020-09-25,108.43000030517578,112.44000244140625,107.66999816894531,112.27999877929688,108.8147964477539,149981400
AAPL,2020-09-28,115.01000213623047,115.31999969482422,112.77999877929688,114.95999908447266,111.41206359863281,137672400
AAPL,2020-09-29,114.55000305175781,115.30999755859375,113.56999969482422,114.08999633789062,110.56893920898438,99382200
AAPL,2020-09-30,113.79000091552734,117.26000213623047,113.62000274658203,115.80999755859375,112.23583984375,142675200
AAPL,2020-10-01,117.63999938964844,117.72000122070312,115.83000183105469,116.79000091552734,113.18560791015625,116120400
AAPL,2020-10-02,112.88999938964844,115.37000274658203,112.22000122070312,113.0199966430664,109.53197479248047,144712000
AAPL,2020-10-05,113.91000366210938,116.6500015258789,113.55000305175781,116.5,112.90455627441406,106243800
AAPL,2020-10-06,115.69999694824219,116.12000274658203,112.25,113.16000366210938,109.66763305664062,161498200
AAPL,2020-10-07,114.62000274658203,115.55000305175781,114.12999725341797,115.08000183105469,111.52837371826172,96849000
AAPL,2020-10-08,116.25,116.4000015258789,114.58999633789062,114.97000122070312,111.42178344726562,83477200
AAPL,2020-10-09,115.27999877929688,117.0,114.91999816894531,116.97000122070312,113.36006164550781,100506900
AAPL,2020-10-12,120.05999755859375,125.18000030517578,119.27999877929688,124.4000015258789,120.56073760986328,240226800
AAPL,2020-10-13,125.2699966430664,125.38999938964844,119.6500015258789,121.0999984741211,117.36258697509766,262330500
AAPL,2020-10-14,121.0,123.02999877929688,119.62000274658203,121.19000244140625,117.4498062133789,150712000
AAPL,2020-10-15,118.72000122070312,121.19999694824219,118.1500015258789,120.70999908447266,116.984619140625,112559200
AAPL,2020-10-16,121.27999877929688,121.55000305175781,118.80999755859375,119.0199966430664,115.3467788696289,115393800
AAPL,2020-10-19,119.95999908447266,120.41999816894531,115.66000366210938,115.9800033569336,112.4006118774414,120639300
AAPL,2020-10-20,116.19999694824219,118.9800033569336,115.62999725341797,117.51000213623047,113.88337707519531,124423700
AAPL,2020-10-21,116.66999816894531,118.70999908447266,116.44999694824219,116.87000274658203,113.26315307617188,89946000
AAPL,2020-10-22,117.44999694824219,118.04000091552734,114.58999633789062,115.75,112.17769622802734,101988000
AAPL,2020-10-23,116.38999938964844,116.55000305175781,114.27999877929688,115.04000091552734,111.48963928222656,82572600
AAPL,2020-10-26,114.01000213623047,116.55000305175781,112.87999725341797,115.05000305175781,111.49930572509766,111850700
AAPL,2020-10-27,115.48999786376953,117.27999877929688,114.54000091552734,116.5999984741211,113.00145721435547,92276800
AAPL,2020-10-28,115.05000305175781,115.43000030517578,111.0999984741211,111.19999694824219,107.76812744140625,143937800
AAPL,2020-10-29,112.37000274658203,116.93000030517578,112.19999694824219,115.31999969482422,111.76097106933594,146129200
AAPL,2020-10-30,111.05999755859375,111.98999786376953,107.72000122070312,108.86000061035156,105.50032806396484,190272600
AAPL,2020-11-02,109.11000061035156,110.68000030517578,107.31999969482422,108.7699966430664,105.41311645507812,122866900
AAPL,2020-11-03,109.66000366210938,111.48999786376953,108.7300033569336,110.44000244140625,107.03157806396484,107624400
AAPL,2020-11-04,114.13999938964844,115.58999633789062,112.3499984741211,114.94999694824219,111.40237426757812,138235500
AAPL,2020-11-05,117.94999694824219,119.62000274658203,116.87000274658203,119.02999877929688,115.35647583007812,126387100
AAPL,2020-11-06,118.31999969482422,119.19999694824219,116.12999725341797,118.69000244140625,115.22543334960938,114457900
AAPL,2020-11-09,120.5,121.98999786376953,116.05000305175781,116.31999969482422,112.9245834350586,154515300
AAPL,2020-11-10,115.55000305175781,117.58999633789062,114.12999725341797,115.97000122070312,112.58483123779297,138023400
AAPL,2020-11-11,117.19000244140625,119.62999725341797,116.44000244140625,119.48999786376953,116.00205993652344,112295000
AAPL,2020-11-12,119.62000274658203,120.52999877929688,118.56999969482422,119.20999908447266,115.73023223876953,103162300
AAPL,2020-11-13,119.44000244140625,119.66999816894531,117.87000274658203,119.26000213623047,115.77877044677734,81581900
AAPL,2020-11-16,118.91999816894531,120.98999786376953,118.1500015258789,120.30000305175781,116.78842163085938,91183000
AAPL,2020-11-17,119.55000305175781,120.66999816894531,118.95999908447266,119.38999938964844,115.90497589111328,74271000
AAPL,2020-11-18,118.61000061035156,119.81999969482422,118.0,118.02999877929688,114.58468627929688,76322100
AAPL,2020-11-19,117.58999633789062,119.05999755859375,116.80999755859375,118.63999938964844,115.17686462402344,74113000
AAPL,2020-11-20,118.63999938964844,118.7699966430664,117.29000091552734,117.33999633789062,113.9148178100586,73604300
AAPL,2020-11-23,117.18000030517578,117.62000274658203,113.75,113.8499984741211,110.52667236328125,127959300
AAPL,2020-11-24,113.91000366210938,115.8499984741211,112.58999633789062,115.16999816894531,111.80815887451172,113874200
AAPL,2020-11-25,115.55000305175781,116.75,115.16999816894531,116.02999877929688,112.64306640625,76499200
AAPL,2020-11-27,116.56999969482422,117.48999786376953,116.22000122070312,116.58999633789062,113.18669891357422,46691300
AAPL,2020-11-30,116.97000122070312,120.97000122070312,116.80999755859375,119.05000305175781,115.57489776611328,169410200
AAPL,2020-12-01,121.01000213623047,123.47000122070312,120.01000213623047,122.72000122070312,119.13777923583984,127728200
AAPL,2020-12-02,122.0199966430664,123.37000274658203,120.88999938964844,123.08000183105469,119.48727416992188,89004200
AAPL,2020-12-03,123.5199966430664,123.77999877929688,122.20999908447266,122.94000244140625,119.35135650634766,78967600
AAPL,2020-12-04,122.5999984741211,122.86000061035156,121.5199966430664,122.25,118.68148803710938,78260400
AAPL,2020-12-07,122.30999755859375,124.56999969482422,122.25,123.75,120.1377182006836,86712000
AAPL,2020-12-08,124.37000274658203,124.9800033569336,123.08999633789062,124.37999725341797,120.74931335449219,82225500
AAPL,2020-12-09,124.52999877929688,125.94999694824219,121.0,121.77999877929688,118.2252197265625,115089200
AAPL,2020-12-10,120.5,123.87000274658203,120.1500015258789,123.23999786376953,119.6426010131836,81312200
AAPL,2020-12-11,122.43000030517578,122.76000213623047,120.55000305175781,122.41000366210938,118.83682250976562,86939800
AAPL,2020-12-14,122.5999984741211,123.3499984741211,121.54000091552734,121.77999877929688,118.2252197265625,79184500
AAPL,2020-12-15,124.33999633789062,127.9000015258789,124.12999725341797,127.87999725341797,124.14714813232422,157243700
AAPL,2020-12-16,127.41000366210938,128.3699951171875,126.55999755859375,127.80999755859375,124.07918548583984,98208600
AAPL,2020-12-17,128.89999389648438,129.5800018310547,128.0399932861328,128.6999969482422,124.94322204589844,94359800
AAPL,2020-12-18,128.9600067138672,129.10000610351562,126.12000274658203,126.66000366210938,122.9627914428711,192541500
AAPL,2020-12-21,125.0199966430664,128.30999755859375,123.44999694824219,128.22999572753906,124.4869384765625,121251600
AAPL,2020-12-22,131.61000061035156,134.41000366210938,129.64999389648438,131.8800048828125,128.0304718017578,168904800
AAPL,2020-12-23,132.16000366210938,132.42999267578125,130.77999877929688,130.9600067138672,127.13726806640625,88223700
AAPL,2020-12-24,131.32000732421875,133.4600067138672,131.10000610351562,131.97000122070312,128.11776733398438,54930100
AAPL,2020-12-28,133.99000549316406,137.33999633789062,133.50999450683594,136.69000244140625,132.70001220703125,124486200
AAPL,2020-12-29,138.0500030517578,138.7899932861328,134.33999633789062,134.8699951171875,130.93312072753906,121047300
AAPL,2020-12-30,135.5800018310547,135.99000549316406,133.39999389648438,133.72000122070312,129.81666564941406,96452100
AAPL,2020-12-31,134.0800018310547,134.74000549316406,131.72000122070312,132.69000244140625,128.8167724609375,99116600
AAPL,2021-01-04,133.52000427246094,133.61000061035156,126.76000213623047,129.41000366210938,125.63247680664062,143301900
AAPL,2021-01-05,128.88999938964844,131.74000549316406,128.42999267578125,131.00999450683594,127.18580627441406,97664900
AAPL,2021-01-06,127.72000122070312,131.0500030517578,126.37999725341797,126.5999984741211,122.90452575683594,155088000
AAPL,2021-01-07,128.36000061035156,131.6300048828125,127.86000061035156,130.9199981689453,127.09843444824219,109578200
AAPL,2021-01-08,132.42999267578125,132.6300048828125,130.22999572753906,132.0500030517578,128.1954345703125,105158200
AAPL,2021-01-11,129.19000244140625,130.1699981689453,128.5,128.97999572753906,125.21504211425781,100384500
AAPL,2021-01-12,128.5,129.69000244140625,126.86000061035156,128.8000030517578,125.04029846191406,91951100
AAPL,2021-01-13,128.75999450683594,131.4499969482422,128.49000549316406,130.88999938964844,127.06928253173828,88636800
AAPL,2021-01-14,130.8000030517578,131.0,128.75999450683594,128.91000366210938,125.1470947265625,90221800
AAPL,2021-01-15,128.77999877929688,130.22000122070312,127.0,127.13999938964844,123.42877960205078,111598500
AAPL,2021-01-19,127.77999877929688,128.7100067138672,126.94000244140625,127.83000183105469,124.0986099243164,90757300
AAPL,2021-01-20,128.66000366210938,132.49000549316406,128.5500030517578,132.02999877929688,128.176025390625,104319500
AAPL,2021-01-21,133.8000030517578,139.6699981689453,133.58999633789062,136.8699951171875,132.87472534179688,120150900
AAPL,2021-01-22,136.27999877929688,139.85000610351562,135.02000427246094,139.07000732421875,135.0105438232422,114459400
AAPL,2021-01-25,143.07000732421875,145.08999633789062,136.5399932861328,142.9199981689453,138.7481231689453,157611700
AAPL,2021-01-26,143.60000610351562,144.3000030517578,141.3699951171875,143.16000366210938,138.9811248779297,98390600
AAPL,2021-01-27,143.42999267578125,144.3000030517578,140.41000366210938,142.05999755859375,137.91322326660156,140843800
AAPL,2021-01-28,139.52000427246094,141.99000549316406,136.6999969482422,137.08999633789062,133.08828735351562,142621100
AAPL,2021-01-29,135.8300018310547,136.74000549316406,130.2100067138672,131.9600067138672,128.1080780029297,177523800
AAPL,2021-02-01,133.75,135.3800048828125,130.92999267578125,134.13999938964844,130.22442626953125,106239800
AAPL,2021-02-02,135.72999572753906,136.30999755859375,134.61000061035156,134.99000549316406,131.0496368408203,83305400
AAPL,2021-02-03,135.75999450683594,135.77000427246094,133.61000061035156,133.94000244140625,130.0302734375,89880900
AAPL,2021-02-04,136.3000030517578,137.39999389648438,134.58999633789062,137.38999938964844,133.3795623779297,84183100
AAPL,2021-02-05,137.35000610351562,137.4199981689453,135.86000061035156,136.75999450683594,132.9663543701172,75693800
AAPL,2021-02-08,136.02999877929688,136.9600067138672,134.9199981689453,136.91000366210938,133.11221313476562,71297200
AAPL,2021-02-09,136.6199951171875,137.8800048828125,135.85000610351562,136.00999450683594,132.2371826171875,76774200
AAPL,2021-02-10,136.47999572753906,136.99000549316406,134.39999389648438,135.38999938964844,131.63436889648438,73046600
AAPL,2021-02-11,135.89999389648438,136.38999938964844,133.77000427246094,135.1300048828125,131.3815460205078,64280000
AAPL,2021-02-12,134.35000610351562,135.52999877929688,133.69000244140625,135.3699951171875,131.6148681640625,60145100
AAPL,2021-02-16,135.49000549316406,136.00999450683594,132.7899932861328,133.19000244140625,129.4954071044922,80576300
AAPL,2021-02-17,131.25,132.22000122070312,129.47000122070312,130.83999633789062,127.2105712890625,97918500
AAPL,2021-02-18,129.1999969482422,130.0,127.41000366210938,129.7100067138672,126.11190795898438,96856700
AAPL,2021-02-19,130.24000549316406,130.7100067138672,128.8000030517578,129.8699951171875,126.26744079589844,87668800
AAPL,2021-02-22,128.00999450683594,129.72000122070312,125.5999984741211,126.0,122.50482177734375,103916400
AAPL,2021-02-23,123.76000213623047,126.70999908447266,118.38999938964844,125.86000061035156,122.36869812011719,158273000
AAPL,2021-02-24,124.94000244140625,125.55999755859375,122.2300033569336,125.3499984741211,121.87284851074219,111039900
AAPL,2021-02-25,124.68000030517578,126.45999908447266,120.54000091552734,120.98999786376953,117.63380432128906,148199500
AAPL,2021-02-26,122.58999633789062,124.8499984741211,121.19999694824219,121.26000213623047,117.89631652832031,164560400
AAPL,2021-03-01,123.75,127.93000030517578,122.79000091552734,127.79000091552734,124.24517059326172,116307900
AAPL,2021-03-02,128.41000366210938,128.72000122070312,125.01000213623047,125.12000274658203,121.64925384521484,102260900
AAPL,2021-03-03,124.80999755859375,125.70999908447266,121.83999633789062,122.05999755859375,118.67411041259766,112966300
AAPL,2021-03-04,121.75,123.5999984741211,118.62000274658203,120.12999725341797,116.79766082763672,178155000
AAPL,2021-03-05,120.9800033569336,121.94000244140625,117.56999969482422,121.41999816894531,118.0518798828125,153766600
AAPL,2021-03-08,120.93000030517578,121.0,116.20999908447266,116.36000061035156,113.13223266601562,154376600
AAPL,2021-03-09,119.02999877929688,122.05999755859375,118.79000091552734,121.08999633789062,117.73101806640625,129525800
AAPL,2021-03-10,121.69000244140625,122.16999816894531,119.44999694824219,119.9800033569336,116.65181732177734,111943300
AAPL,2021-03-11,122.54000091552734,123.20999908447266,121.26000213623047,121.95999908447266,118.5768814086914,103026500
AAPL,2021-03-12,120.4000015258789,121.16999816894531,119.16000366210938,121.02999877929688,117.67267608642578,88105100
AAPL,2021-03-15,121.41000366210938,124.0,120.41999816894531,123.98999786376953,120.55057525634766,92403800
AAPL,2021-03-16,125.69999694824219,127.22000122070312,124.72000122070312,125.56999969482422,122.08675384521484,115227900
AAPL,2021-03-17,124.05000305175781,125.86000061035156,122.33999633789062,124.76000213623047,121.29922485351562,111932600
AAPL,2021-03-18,122.87999725341797,123.18000030517578,120.31999969482422,120.52999877929688,117.1865463256836,121229700
AAPL,2021-03-19,119.9000015258789,121.43000030517578,119.68000030517578,119.98999786376953,116.6615219116211,185549500
AAPL,2021-03-22,120.33000183105469,123.87000274658203,120.26000213623047,123.38999938964844,119.96721649169922,111912300
AAPL,2021-03-23,123.33000183105469,124.23999786376953,122.13999938964844,122.54000091552734,119.14080047607422,95467100
AAPL,2021-03-24,122.81999969482422,122.9000015258789,120.06999969482422,120.08999633789062,116.75877380371094,88530500
AAPL,2021-03-25,119.54000091552734,121.66000366210938,119.0,120.58999633789062,117.24488067626953,98844700
AAPL,2021-03-26,120.3499984741211,121.4800033569336,118.91999816894531,121.20999908447266,117.84768676757812,94071200
AAPL,2021-03-29,121.6500015258789,122.58000183105469,120.7300033569336,121.38999938964844,118.02269744873047,80819200
AAPL,2021-03-30,120.11000061035156,120.4000015258789,118.86000061035156,119.9000015258789,116.57402801513672,85671900
AAPL,2021-03-31,121.6500015258789,123.5199966430664,121.1500015258789,122.1500015258789,118.76161193847656,118323800
AAPL,2021-04-01,123.66000366210938,124.18000030517578,122.48999786376953,123.0,119.58804321289062,75089100
AAPL,2021-04-05,123.87000274658203,126.16000366210938,123.06999969482422,125.9000015258789,122.4075927734375,88651200
AAPL,2021-04-06,126.5,127.12999725341797,125.6500015258789,126.20999908447266,122.70899963378906,80171300
AAPL,2021-04-07,125.83000183105469,127.91999816894531,125.13999938964844,127.9000015258789,124.35211181640625,83466700
AAPL,2021-04-08,128.9499969482422,130.38999938964844,128.52000427246094,130.36000061035156,126.74390411376953,88844600
AAPL,2021-04-09,129.8000030517578,133.0399932861328,129.47000122070312,133.0,129.31065368652344,106686700
AAPL,2021-04-12,132.52000427246094,132.85000610351562,130.6300048828125,131.24000549316406,127.59943389892578,91420000
AAPL,2021-04-13,132.44000244140625,134.66000366210938,131.92999267578125,134.42999267578125,130.7009735107422,91266500
AAPL,2021-04-14,134.94000244140625,135.0,131.66000366210938,132.02999877929688,128.36758422851562,87222800
AAPL,2021-04-15,133.82000732421875,135.0,133.63999938964844,134.5,130.76907348632812,89347100
AAPL,2021-04-16,134.3000030517578,134.6699981689453,133.27999877929688,134.16000366210938,130.4384765625,84922400
AAPL,2021-04-19,133.50999450683594,135.47000122070312,133.33999633789062,134.83999633789062,131.099609375,94264200
AAPL,2021-04-20,135.02000427246094,135.52999877929688,131.80999755859375,133.11000061035156,129.4176025390625,94812300
AAPL,2021-04-21,132.36000061035156,133.75,131.3000030517578,133.5,129.7967529296875,68847100
AAPL,2021-04-22,133.0399932861328,134.14999389648438,131.41000366210938,131.94000244140625,128.28004455566406,84566500
AAPL,2021-04-23,132.16000366210938,135.1199951171875,132.16000366210938,134.32000732421875,130.5940704345703,78657500
AAPL,2021-04-26,134.8300018310547,135.05999755859375,133.55999755859375,134.72000122070312,130.98292541503906,66905100
AAPL,2021-04-27,135.00999450683594,135.41000366210938,134.11000061035156,134.38999938964844,130.66209411621094,66015800
AAPL,2021-04-28,134.30999755859375,135.02000427246094,133.0800018310547,133.5800018310547,129.87452697753906,107760100
AAPL,2021-04-29,136.47000122070312,137.07000732421875,132.4499969482422,133.47999572753906,129.77732849121094,151101000
AAPL,2021-04-30,131.77999877929688,133.55999755859375,131.07000732421875,131.4600067138672,127.8133773803711,109839500
AAPL,2021-05-03,132.0399932861328,134.07000732421875,131.8300018310547,132.5399932861328,128.86343383789062,75135100
AAPL,2021-05-04,131.19000244140625,131.49000549316406,126.69999694824219,127.8499984741211,124.30350494384766,137564700
AAPL,2021-05-05,129.1999969482422,130.4499969482422,127.97000122070312,128.10000610351562,124.54658508300781,84000900
AAPL,2021-05-06,127.88999938964844,129.75,127.12999725341797,129.74000549316406,126.14110565185547,78128300
AAPL,2021-05-07,130.85000610351562,131.25999450683594,129.47999572753906,130.2100067138672,126.81307983398438,78973300
AAPL,2021-05-10,129.41000366210938,129.5399932861328,126.80999755859375,126.8499984741211,123.54071807861328,88071200
AAPL,2021-05-11,123.5,126.2699966430664,122.7699966430664,125.91000366210938,122.625244140625,126142800
AAPL,2021-05-12,123.4000015258789,124.63999938964844,122.25,122.7699966430664,119.56718444824219,112172300
AAPL,2021-05-13,124.58000183105469,126.1500015258789,124.26000213623047,124.97000122070312,121.70977783203125,105861300
AAPL,2021-05-14,126.25,127.88999938964844,125.8499984741211,127.44999694824219,124.12508392333984,81918000
AAPL,2021-05-17,126.81999969482422,126.93000030517578,125.16999816894531,126.2699966430664,122.97586059570312,74244600
AAPL,2021-05-18,126.55999755859375,126.98999786376953,124.77999877929688,124.8499984741211,121.59291076660156,63342900
AAPL,2021-05-19,123.16000366210938,124.91999816894531,122.86000061035156,124.69000244140625,121.43710327148438,92612000
AAPL,2021-05-20,125.2300033569336,127.72000122070312,125.0999984741211,127.30999755859375,123.98872375488281,76857100
AAPL,2021-05-21,127.81999969482422,128.0,125.20999908447266,125.43000030517578,122.15778350830078,79295400
AAPL,2021-05-24,126.01000213623047,127.94000244140625,125.94000244140625,127.0999984741211,123.78424072265625,63092900
AAPL,2021-05-25,127.81999969482422,128.32000732421875,126.31999969482422,126.9000015258789,123.58942413330078,72009500
AAPL,2021-05-26,126.95999908447266,127.38999938964844,126.41999816894531,126.8499984741211,123.54071807861328,56575900
AAPL,2021-05-27,126.44000244140625,127.63999938964844,125.08000183105469,125.27999877929688,122.01170349121094,94625600
AAPL,2021-05-28,125.56999969482422,125.80000305175781,124.55000305175781,124.61000061035156,121.35918426513672,71311100
AAPL,2021-06-01,125.08000183105469,125.3499984741211,123.94000244140625,124.27999877929688,121.03778076171875,67637100
AAPL,2021-06-02,124.27999877929688,125.23999786376953,124.05000305175781,125.05999755859375,121.79741668701172,59278900
AAPL,2021-06-03,124.68000030517578,124.8499984741211,123.12999725341797,123.54000091552734,120.31707763671875,76229200
AAPL,2021-06-04,124.06999969482422,126.16000366210938,123.8499984741211,125.88999938964844,122.60577392578125,75169300
AAPL,2021-06-07,126.16999816894531,126.31999969482422,124.83000183105469,125.9000015258789,122.6155014038086,71057600
AAPL,2021-06-08,126.5999984741211,128.4600067138672,126.20999908447266,126.73999786376953,123.43360137939453,74403800
AAPL,2021-06-09,127.20999908447266,127.75,126.5199966430664,127.12999725341797,123.81341552734375,56877900
AAPL,2021-06-10,127.0199966430664,128.19000244140625,125.94000244140625,126.11000061035156,122.82003021240234,71186400
AAPL,2021-06-11,126.52999877929688,127.44000244140625,126.0999984741211,127.3499984741211,124.02769470214844,53522400
AAPL,2021-06-14,127.81999969482422,130.5399932861328,127.06999969482422,130.47999572753906,127.07601928710938,96906500
AAPL,2021-06-15,129.94000244140625,130.60000610351562,129.38999938964844,129.63999938964844,126.25797271728516,62746300
AAPL,2021-06-16,130.3699951171875,130.88999938964844,128.4600067138672,130.14999389648438,126.754638671875,91815000
AAPL,2021-06-17,129.8000030517578,132.5500030517578,129.64999389648438,131.7899932861328,128.3518524169922,96721700
AAPL,2021-06-18,130.7100067138672,131.50999450683594,130.24000549316406,130.4600067138672,127.05657196044922,108953300
AAPL,2021-06-21,130.3000030517578,132.41000366210938,129.2100067138672,132.3000030517578,128.84854125976562,79663300
AAPL,2021-06-22,132.1300048828125,134.0800018310547,131.6199951171875,133.97999572753906,130.48471069335938,74783600
AAPL,2021-06-23,133.77000427246094,134.32000732421875,133.22999572753906,133.6999969482422,130.21202087402344,60214200
AAPL,2021-06-24,134.4499969482422,134.63999938964844,132.92999267578125,133.41000366210938,129.92959594726562,68711000
AAPL,2021-06-25,133.4600067138672,133.88999938964844,132.80999755859375,133.11000061035156,129.63743591308594,70783700
AAPL,2021-06-28,133.41000366210938,135.25,133.35000610351562,134.77999877929688,131.2638397216797,62111300
AAPL,2021-06-29,134.8000030517578,136.49000549316406,134.35000610351562,136.3300018310547,132.77342224121094,64556100
AAPL,2021-06-30,136.1699981689453,137.41000366210938,135.8699951171875,136.9600067138672,133.38699340820312,63261400
AAPL,2021-07-01,136.60000610351562,137.3300018310547,135.75999450683594,137.27000427246094,133.6889190673828,52485800
AAPL,2021-07-02,137.89999389648438,140.0,137.75,139.9600067138672,136.30873107910156,78852600
AAPL,2021-07-06,140.07000732421875,143.14999389648438,140.07000732421875,142.02000427246094,138.31495666503906,108181800
AAPL,2021-07-07,143.5399932861328,144.88999938964844,142.66000366210938,144.57000732421875,140.79849243164062,104911600
AAPL,2021-07-08,141.5800018310547,144.05999755859375,140.6699981689453,143.24000549316406,139.50314331054688,105575500
AAPL,2021-07-09,142.75,145.64999389648438,142.64999389648438,145.11000061035156,141.3243865966797,99890800
AAPL,2021-07-12,146.2100067138672,146.32000732421875,144.0,144.5,140.73031616210938,76299700
AAPL,2021-07-13,144.02999877929688,147.4600067138672,143.6300048828125,145.63999938964844,141.8405303955078,100827100
AAPL,2021-07-14,148.10000610351562,149.57000732421875,147.67999267578125,149.14999389648438,145.25897216796875,127050800
AAPL,2021-07-15,149.24000549316406,150.0,147.08999633789062,148.47999572753906,144.60646057128906,106820300
AAPL,2021-07-16,148.4600067138672,149.75999450683594,145.8800048828125,146.38999938964844,142.5709686279297,93251400
AAPL,2021-07-19,143.75,144.07000732421875,141.6699981689453,142.4499969482422,138.73374938964844,121434600
AAPL,2021-07-20,143.4600067138672,147.10000610351562,142.9600067138672,146.14999389648438,142.3372344970703,96350000
AAPL,2021-07-21,145.52999877929688,146.1300048828125,144.6300048828125,145.39999389648438,141.60679626464844,74993500
AAPL,2021-07-22,145.94000244140625,148.1999969482422,145.80999755859375,146.8000030517578,142.97027587890625,77338200
AAPL,2021-07-23,147.5500030517578,148.72000122070312,146.9199981689453,148.55999755859375,144.68434143066406,71447400
AAPL,2021-07-26,148.27000427246094,149.8300018310547,147.6999969482422,148.99000549316406,145.10316467285156,72434100
AAPL,2021-07-27,149.1199951171875,149.2100067138672,145.5500030517578,146.77000427246094,142.94110107421875,104818600
AAPL,2021-07-28,144.80999755859375,146.97000122070312,142.5399932861328,144.97999572753906,141.19778442382812,118931200
AAPL,2021-07-29,144.69000244140625,146.5500030517578,144.5800018310547,145.63999938964844,141.8405303955078,56699500
AAPL,2021-07-30,144.3800048828125,146.3300018310547,144.11000061035156,145.86000061035156,142.05479431152344,70440600
AAPL,2021-08-02,146.36000061035156,146.9499969482422,145.25,145.52000427246094,141.7237091064453,62880000
AAPL,2021-08-03,145.80999755859375,148.0399932861328,145.17999267578125,147.36000061035156,143.51565551757812,64786600
AAPL,2021-08-04,147.27000427246094,147.7899932861328,146.27999877929688,146.9499969482422,143.11636352539062,56368300
AAPL,2021-08-05,146.97999572753906,147.83999633789062,146.1699981689453,147.05999755859375,143.22348022460938,46397700
AAPL,2021-08-06,146.35000610351562,147.11000061035156,145.6300048828125,146.13999938964844,142.54074096679688,54126800
AAPL,2021-08-09,146.1999969482422,146.6999969482422,145.52000427246094,146.08999633789062,142.491943359375,48908700
AAPL,2021-08-10,146.44000244140625,147.7100067138672,145.3000030517578,145.60000610351562,142.0140380859375,69023100
AAPL,2021-08-11,146.0500030517578,146.72000122070312,145.52999877929688,145.86000061035156,142.26763916015625,48493500
AAPL,2021-08-12,146.19000244140625,149.0500030517578,145.83999633789062,148.88999938964844,145.2229766845703,72282600
AAPL,2021-08-13,148.97000122070312,149.44000244140625,148.27000427246094,149.10000610351562,145.42782592773438,59375000
AAPL,2021-08-16,148.5399932861328,151.19000244140625,146.47000122070312,151.1199951171875,147.39808654785156,103296000
AAPL,2021-08-17,150.22999572753906,151.67999267578125,149.08999633789062,150.19000244140625,146.49099731445312,92229700
AAPL,2021-08-18,149.8000030517578,150.72000122070312,146.14999389648438,146.36000061035156,142.7552947998047,86326000
AAPL,2021-08-19,145.02999877929688,148.0,144.5,146.6999969482422,143.08694458007812,86960300
AAPL,2021-08-20,147.44000244140625,148.5,146.77999877929688,148.19000244140625,144.5402374267578,60549600
AAPL,2021-08-23,148.30999755859375,150.19000244140625,147.88999938964844,149.7100067138672,146.02281188964844,60131800
AAPL,2021-08-24,149.4499969482422,150.86000061035156,149.14999389648438,149.6199951171875,145.93504333496094,48606400
AAPL,2021-08-25,149.80999755859375,150.32000732421875,147.8000030517578,148.36000061035156,144.7061004638672,58991300
AAPL,2021-08-26,148.35000610351562,149.1199951171875,147.50999450683594,147.5399932861328,143.90625,48597200
AAPL,2021-08-27,147.47999572753906,148.75,146.8300018310547,148.60000610351562,144.94015502929688,55802400
AAPL,2021-08-30,149.0,153.49000549316406,148.61000061035156,153.1199951171875,149.34881591796875,90956700
AAPL,2021-08-31,152.66000366210938,152.8000030517578,151.2899932861328,151.8300018310547,148.0906219482422,86453100
AAPL,2021-09-01,152.8300018310547,154.97999572753906,152.33999633789062,152.50999450683594,148.7538604736328,80313700
AAPL,2021-09-02,153.8699951171875,154.72000122070312,152.39999389648438,153.64999389648438,149.8657989501953,71115500
AAPL,2021-09-03,153.75999450683594,154.6300048828125,153.08999633789062,154.3000030517578,150.49978637695312,57808700
AAPL,2021-09-07,154.97000122070312,157.25999450683594,154.38999938964844,156.69000244140625,152.83091735839844,82278300
AAPL,2021-09-08,156.97999572753906,157.0399932861328,153.97999572753906,155.11000061035156,151.28981018066406,74420200
AAPL,2021-09-09,155.49000549316406,156.11000061035156,153.9499969482422,154.07000732421875,150.27542114257812,57305700
AAPL,2021-09-10,155.0,155.47999572753906,148.6999969482422,148.97000122070312,145.3010711669922,140893200
AAPL,2021-09-13,150.6300048828125,151.4199981689453,148.75,149.5500030517578,145.86676025390625,102404300
AAPL,2021-09-14,150.35000610351562,151.07000732421875,146.91000366210938,148.1199951171875,144.47198486328125,109296300
AAPL,2021-09-15,148.55999755859375,149.44000244140625,146.3699951171875,149.02999877929688,145.35955810546875,83281300
AAPL,2021-09-16,148.44000244140625,148.97000122070312,147.22000122070312,148.7899932861328,145.12550354003906,68034100
AAPL,2021-09-17,148.82000732421875,148.82000732421875,145.75999450683594,146.05999755859375,142.4627227783203,129868800
AAPL,2021-09-20,143.8000030517578,144.83999633789062,141.27000427246094,142.94000244140625,139.41957092285156,123478900
AAPL,2021-09-21,143.92999267578125,144.60000610351562,142.77999877929688,143.42999267578125,139.89749145507812,75834000
AAPL,2021-09-22,144.4499969482422,146.42999267578125,143.6999969482422,145.85000610351562,142.2578887939453,76404300
AAPL,2021-09-23,146.64999389648438,147.0800018310547,145.63999938964844,146.8300018310547,143.2137451171875,64838200
AAPL,2021-09-24,145.66000366210938,147.47000122070312,145.55999755859375,146.9199981689453,143.30149841308594,53477900
AAPL,2021-09-27,145.47000122070312,145.9600067138672,143.82000732421875,145.3699951171875,141.78968811035156,74150700
AAPL,2021-09-28,143.25,144.75,141.69000244140625,141.91000366210938,138.41493225097656,108972300
AAPL,2021-09-29,142.47000122070312,144.4499969482422,142.02999877929688,142.8300018310547,139.31224060058594,74602000
AAPL,2021-09-30,143.66000366210938,144.3800048828125,141.27999877929688,141.5,138.01499938964844,89056700
AAPL,2021-10-01,141.89999389648438,142.9199981689453,139.11000061035156,142.64999389648438,139.13668823242188,94639600
AAPL,2021-10-04,141.75999450683594,142.2100067138672,138.27000427246094,139.13999938964844,135.71315002441406,98322000
AAPL,2021-10-05,139.49000549316406,142.24000549316406,139.36000061035156,141.11000061035156,137.6345977783203,80861100
AAPL,2021-10-06,139.47000122070312,142.14999389648438,138.3699951171875,142.0,138.50270080566406,83221100
AAPL,2021-10-07,143.05999755859375,144.22000122070312,142.72000122070312,143.2899932861328,139.7609405517578,61732700
AAPL,2021-10-08,144.02999877929688,144.17999267578125,142.55999755859375,142.89999389648438,139.38052368164062,58773200
AAPL,2021-10-11,142.27000427246094,144.80999755859375,141.80999755859375,142.80999755859375,139.292724609375,64452200
AAPL,2021-10-12,143.22999572753906,143.25,141.0399932861328,141.50999450683594,138.0247802734375,73035900
AAPL,2021-10-13,141.24000549316406,141.39999389648438,139.1999969482422,140.91000366210938,137.43955993652344,78762700
AAPL,2021-10-14,142.11000061035156,143.8800048828125,141.50999450683594,143.75999450683594,140.2193603515625,69907100
AAPL,2021-10-15,143.77000427246094,144.89999389648438,143.50999450683594,144.83999633789062,141.2727508544922,67940300
AAPL,2021-10-18,143.4499969482422,146.83999633789062,143.16000366210938,146.5500030517578,142.940673828125,85589200
AAPL,2021-10-19,147.00999450683594,149.1699981689453,146.5500030517578,148.75999450683594,145.09620666503906,76378900
AAPL,2021-10-20,148.6999969482422,149.75,148.1199951171875,149.25999450683594,145.5838623046875,58418800
AAPL,2021-10-21,148.80999755859375,149.63999938964844,147.8699951171875,149.47999572753906,145.79847717285156,61421000
AAPL,2021-10-22,149.69000244140625,150.17999267578125,148.63999938964844,148.69000244140625,145.02793884277344,58883400
AAPL,2021-10-25,148.67999267578125,149.3699951171875,147.6199951171875,148.63999938964844,144.97918701171875,50720600
AAPL,2021-10-26,149.3300018310547,150.83999633789062,149.00999450683594,149.32000732421875,145.64244079589844,60893400
AAPL,2021-10-27,149.36000061035156,149.72999572753906,148.49000549316406,148.85000610351562,145.1839599609375,56094900
AAPL,2021-10-28,149.82000732421875,153.1699981689453,149.72000122070312,152.57000732421875,148.81236267089844,100077900
AAPL,2021-10-29,147.22000122070312,149.94000244140625,146.41000366210938,149.8000030517578,146.11058044433594,124953200
AAPL,2021-11-01,148.99000549316406,149.6999969482422,147.8000030517578,148.9600067138672,145.29127502441406,74588300
AAPL,2021-11-02,148.66000366210938,151.57000732421875,148.64999389648438,150.02000427246094,146.32516479492188,69122000
AAPL,2021-11-03,150.38999938964844,151.97000122070312,149.82000732421875,151.49000549316406,147.75900268554688,54511500
AAPL,2021-11-04,151.5800018310547,152.42999267578125,150.63999938964844,150.9600067138672,147.2420196533203,60394600
AAPL,2021-11-05,151.88999938964844,152.1999969482422,150.05999755859375,151.27999877929688,147.7694854736328,65463900
AAPL,2021-11-08,151.41000366210938,151.57000732421875,150.16000366210938,150.44000244140625,146.948974609375,55020900
AAPL,2021-11-09,150.1999969482422,151.42999267578125,150.05999755859375,150.80999755859375,147.3103790283203,56787900
AAPL,2021-11-10,150.02000427246094,150.1300048828125,147.85000610351562,147.9199981689453,144.48745727539062,65187100
AAPL,2021-11-11,148.9600067138672,149.42999267578125,147.67999267578125,147.8699951171875,144.43862915039062,41000000
AAPL,2021-11-12,148.42999267578125,150.39999389648438,147.47999572753906,149.99000549316406,146.50942993164062,63804000
AAPL,2021-11-15,150.3699951171875,151.8800048828125,149.42999267578125,150.0,146.51918029785156,59222800
AAPL,2021-11-16,149.94000244140625,151.49000549316406,149.33999633789062,151.0,147.49598693847656,59256200
AAPL,2021-11-17,151.0,155.0,150.99000549316406,153.49000549316406,149.92820739746094,88807000
AAPL,2021-11-18,153.7100067138672,158.6699981689453,153.0500030517578,157.8699951171875,154.20660400390625,137827700
AAPL,2021-11-19,157.64999389648438,161.02000427246094,156.52999877929688,160.5500030517578,156.8243865966797,117305600
AAPL,2021-11-22,161.67999267578125,165.6999969482422,161.0,161.02000427246094,157.28347778320312,117467900
AAPL,2021-11-23,161.1199951171875,161.8000030517578,159.05999755859375,161.41000366210938,157.66441345214844,96041900
AAPL,2021-11-24,160.75,162.13999938964844,159.63999938964844,161.94000244140625,158.18214416503906,69463600
AAPL,2021-11-26,159.57000732421875,160.4499969482422,156.36000061035156,156.80999755859375,153.17112731933594,76959800
AAPL,2021-11-29,159.3699951171875,161.19000244140625,158.7899932861328,160.24000549316406,156.5215606689453,88748200
AAPL,2021-11-30,159.99000549316406,165.52000427246094,159.9199981689453,165.3000030517578,161.46417236328125,174048100
AAPL,2021-12-01,167.47999572753906,170.3000030517578,164.52999877929688,164.77000427246094,160.94650268554688,152052500
AAPL,2021-12-02,158.74000549316406,164.1999969482422,157.8000030517578,163.75999450683594,159.95985412597656,136739200
AAPL,2021-12-03,164.02000427246094,164.9600067138672,159.72000122070312,161.83999633789062,158.08447265625,118023100
AAPL,2021-12-06,164.2899932861328,167.8800048828125,164.27999877929688,165.32000732421875,161.4837188720703,107497000
AAPL,2021-12-07,169.0800018310547,171.5800018310547,168.33999633789062,171.17999267578125,167.20770263671875,120405400
AAPL,2021-12-08,172.1300048828125,175.9600067138672,170.6999969482422,175.0800018310547,171.0172119140625,116998900
AAPL,2021-12-09,174.91000366210938,176.75,173.9199981689453,174.55999755859375,170.50929260253906,108923700
AAPL,2021-12-10,175.2100067138672,179.6300048828125,174.69000244140625,179.4499969482422,175.28575134277344,115402700
AAPL,2021-12-13,181.1199951171875,182.1300048828125,175.52999877929688,175.74000549316406,171.66189575195312,153237000
AAPL,2021-12-14,175.25,177.74000549316406,172.2100067138672,174.3300018310547,170.28457641601562,139380400
AAPL,2021-12-15,175.11000061035156,179.5,172.30999755859375,179.3000030517578,175.13929748535156,131063300
AAPL,2021-12-16,179.27999877929688,181.13999938964844,170.75,172.25999450683594,168.26266479492188,150185800
AAPL,2021-12-17,169.92999267578125,173.47000122070312,169.69000244140625,171.13999938964844,167.1686553955078,195432700
AAPL,2021-12-20,168.27999877929688,170.5800018310547,167.4600067138672,169.75,165.81089782714844,107499100
AAPL,2021-12-21,171.55999755859375,173.1999969482422,169.1199951171875,172.99000549316406,168.97572326660156,91185900
AAPL,2021-12-22,173.0399932861328,175.86000061035156,172.14999389648438,175.63999938964844,171.56422424316406,92135300
AAPL,2021-12-23,175.85000610351562,176.85000610351562,175.27000427246094,176.27999877929688,172.18936157226562,68356600
AAPL,2021-12-27,177.08999633789062,180.4199981689453,177.07000732421875,180.3300018310547,176.14537048339844,74919600
AAPL,2021-12-28,180.16000366210938,181.3300018310547,178.52999877929688,179.2899932861328,175.12954711914062,79144300
AAPL,2021-12-29,179.3300018310547,180.6300048828125,178.13999938964844,179.3800048828125,175.2174072265625,62348900
AAPL,2021-12-30,179.47000122070312,180.57000732421875,178.08999633789062,178.1999969482422,174.06483459472656,59773000
AAPL,2021-12-31,178.08999633789062,179.22999572753906,177.25999450683594,177.57000732421875,173.44943237304688,64062300
AAPL,2022-01-03,177.8300018310547,182.8800048828125,177.7100067138672,182.00999450683594,177.78636169433594,104487900
AAPL,2022-01-04,182.6300048828125,182.94000244140625,179.1199951171875,179.6999969482422,175.53001403808594,99310400
AAPL,2022-01-05,179.61000061035156,180.1699981689453,174.63999938964844,174.9199981689453,170.8609161376953,94537600
AAPL,2022-01-06,172.6999969482422,175.3000030517578,171.63999938964844,172.0,168.00869750976562,96904000
AAPL,2022-01-07,172.88999938964844,174.13999938964844,171.02999877929688,172.1699981689453,168.17474365234375,86709100
AAPL,2022-01-10,169.0800018310547,172.5,168.1699981689453,172.19000244140625,168.1942901611328,106765600
AAPL,2022-01-11,172.32000732421875,175.17999267578125,170.82000732421875,175.0800018310547,171.0172119140625,76138300
AAPL,2022-01-12,176.1199951171875,177.17999267578125,174.82000732421875,175.52999877929688,171.45675659179688,74805200
AAPL,2022-01-13,175.77999877929688,176.6199951171875,171.7899932861328,172.19000244140625,168.1942901611328,84505800
AAPL,2022-01-14,171.33999633789062,173.77999877929688,171.08999633789062,173.07000732421875,169.05384826660156,80440800
AAPL,2022-01-18,171.50999450683594,172.5399932861328,169.41000366210938,169.8000030517578,165.8596954345703,90956700
AAPL,2022-01-19,170.0,171.0800018310547,165.94000244140625,166.22999572753906,162.37257385253906,94815000
AAPL,2022-01-20,166.97999572753906,169.67999267578125,164.17999267578125,164.50999450683594,160.69247436523438,91420500
AAPL,2022-01-21,164.4199981689453,166.3300018310547,162.3000030517578,162.41000366210938,158.64126586914062,122848900
AAPL,2022-01-24,160.02000427246094,162.3000030517578,154.6999969482422,161.6199951171875,157.86956787109375,162294600
AAPL,2022-01-25,158.97999572753906,162.75999450683594,157.02000427246094,159.77999877929688,156.07223510742188,115798400
AAPL,2022-01-26,163.5,164.38999938964844,157.82000732421875,159.69000244140625,155.98435974121094,108275300
AAPL,2022-01-27,162.4499969482422,163.83999633789062,158.27999877929688,159.22000122070312,155.5252227783203,121954600
AAPL,2022-01-28,165.7100067138672,170.35000610351562,162.8000030517578,170.3300018310547,166.37742614746094,179935700
AAPL,2022-01-31,170.16000366210938,175.0,169.50999450683594,174.77999877929688,170.7241668701172,115541600
AAPL,2022-02-01,174.00999450683594,174.83999633789062,172.30999755859375,174.61000061035156,170.55810546875,86213900
AAPL,2022-02-02,174.75,175.8800048828125,173.3300018310547,175.83999633789062,171.75958251953125,84914300
AAPL,2022-02-03,174.47999572753906,176.24000549316406,172.1199951171875,172.89999389648438,168.8878173828125,89418100
AAPL,2022-02-04,171.67999267578125,174.10000610351562,170.67999267578125,172.38999938964844,168.60418701171875,82465400
AAPL,2022-02-07,172.86000061035156,173.9499969482422,170.9499969482422,171.66000366210938,167.8902130126953,77251200
AAPL,2022-02-08,171.72999572753906,175.35000610351562,171.42999267578125,174.8300018310547,170.99058532714844,74829200
AAPL,2022-02-09,176.0500030517578,176.64999389648438,174.89999389648438,176.27999877929688,172.4087677001953,71285000
AAPL,2022-02-10,174.13999938964844,175.47999572753906,171.5500030517578,172.1199951171875,168.34005737304688,90865900
AAPL,2022-02-11,172.3300018310547,173.0800018310547,168.0399932861328,168.63999938964844,164.9365234375,98670700
AAPL,2022-02-14,167.3699951171875,169.5800018310547,166.55999755859375,168.8800048828125,165.17127990722656,86185500
AAPL,2022-02-15,170.97000122070312,172.9499969482422,170.25,172.7899932861328,168.99534606933594,62527400
AAPL,2022-02-16,171.85000610351562,173.33999633789062,170.0500030517578,172.5500030517578,168.76065063476562,61177400
AAPL,2022-02-17,171.02999877929688,171.91000366210938,168.47000122070312,168.8800048828125,165.17127990722656,69589300
AAPL,2022-02-18,169.82000732421875,170.5399932861328,166.19000244140625,167.3000030517578,163.6259307861328,82772700
AAPL,2022-02-22,164.97999572753906,166.69000244140625,162.14999389648438,164.32000732421875,160.7113800048828,91162800
AAPL,2022-02-23,165.5399932861328,166.14999389648438,159.75,160.07000732421875,156.55471801757812,90009200
AAPL,2022-02-24,152.5800018310547,162.85000610351562,152.0,162.74000549316406,159.16612243652344,141147500
AAPL,2022-02-25,163.83999633789062,165.1199951171875,160.8699951171875,164.85000610351562,161.229736328125,91974200
AAPL,2022-02-28,163.05999755859375,165.4199981689453,162.42999267578125,165.1199951171875,161.4938201904297,95056600
AAPL,2022-03-01,164.6999969482422,166.60000610351562,161.97000122070312,163.1999969482422,159.61598205566406,83474400
AAPL,2022-03-02,164.38999938964844,167.36000061035156,162.9499969482422,166.55999755859375,162.90220642089844,79724800
AAPL,2022-03-03,168.47000122070312,168.91000366210938,165.5500030517578,166.22999572753906,162.57943725585938,76678400
AAPL,2022-03-04,164.49000549316406,165.5500030517578,162.10000610351562,163.1699981689453,159.58665466308594,83737200
AAPL,2022-03-07,163.36000061035156,165.02000427246094,159.0399932861328,159.3000030517578,155.80166625976562,96418800
AAPL,2022-03-08,158.82000732421875,162.8800048828125,155.8000030517578,157.44000244140625,153.98251342773438,131148300
AAPL,2022-03-09,161.47999572753906,163.41000366210938,159.41000366210938,162.9499969482422,159.3715057373047,91454900
AAPL,2022-03-10,160.1999969482422,160.38999938964844,155.97999572753906,158.52000427246094,155.03878784179688,105342000
AAPL,2022-03-11,158.92999267578125,159.27999877929688,154.5,154.72999572753906,151.33197021484375,96970100
AAPL,2022-03-14,151.4499969482422,154.1199951171875,150.10000610351562,150.6199951171875,147.31224060058594,108732100
AAPL,2022-03-15,150.89999389648438,155.57000732421875,150.3800048828125,155.08999633789062,151.68411254882812,92964300
AAPL,2022-03-16,157.0500030517578,160.0,154.4600067138672,159.58999633789062,156.08526611328125,102300200
AAPL,2022-03-17,158.61000061035156,161.0,157.6300048828125,160.6199951171875,157.09268188476562,75615400
AAPL,2022-03-18,160.50999450683594,164.47999572753906,159.75999450683594,163.97999572753906,160.37887573242188,123511700
AAPL,2022-03-21,163.50999450683594,166.35000610351562,163.00999450683594,165.3800048828125,161.7481231689453,95811400
AAPL,2022-03-22,165.50999450683594,169.4199981689453,164.91000366210938,168.82000732421875,165.11257934570312,81532000
AAPL,2022-03-23,167.99000549316406,172.63999938964844,167.64999389648438,170.2100067138672,166.47206115722656,98062700
AAPL,2022-03-24,171.05999755859375,174.13999938964844,170.2100067138672,174.07000732421875,170.24725341796875,90131400
AAPL,2022-03-25,173.8800048828125,175.27999877929688,172.75,174.72000122070312,170.8830108642578,80546200
AAPL,2022-03-28,172.1699981689453,175.72999572753906,172.0,175.60000610351562,171.7436981201172,90371900
AAPL,2022-03-29,176.69000244140625,179.00999450683594,176.33999633789062,178.9600067138672,175.02989196777344,100589400
AAPL,2022-03-30,178.5500030517578,179.61000061035156,176.6999969482422,177.77000427246094,173.8660430908203,92633200
AAPL,2022-03-31,177.83999633789062,178.02999877929688,174.39999389648438,174.61000061035156,170.77540588378906,103049300
AAPL,2022-04-01,174.02999877929688,174.8800048828125,171.94000244140625,174.30999755859375,170.48202514648438,78751300
AAPL,2022-04-04,174.57000732421875,178.49000549316406,174.44000244140625,178.44000244140625,174.5213165283203,76468400
AAPL,2022-04-05,177.5,178.3000030517578,174.4199981689453,175.05999755859375,171.21556091308594,73401800
AAPL,2022-04-06,172.36000061035156,173.6300048828125,170.1300048828125,171.8300018310547,168.0564422607422,89058800
AAPL,2022-04-07,171.16000366210938,173.36000061035156,169.85000610351562,172.13999938964844,168.3596649169922,77594700
AAPL,2022-04-08,171.77999877929688,171.77999877929688,169.1999969482422,170.08999633789062,166.3546905517578,76575500
AAPL,2022-04-11,168.7100067138672,169.02999877929688,165.5,165.75,162.11001586914062,72246700
AAPL,2022-04-12,168.02000427246094,169.8699951171875,166.63999938964844,167.66000366210938,163.97805786132812,79265200
AAPL,2022-04-13,167.38999938964844,171.0399932861328,166.77000427246094,170.39999389648438,166.65786743164062,70618900
AAPL,2022-04-14,170.6199951171875,171.27000427246094,165.0399932861328,165.2899932861328,161.66004943847656,75329400
AAPL,2022-04-18,163.9199981689453,166.60000610351562,163.57000732421875,165.07000732421875,161.4449005126953,69023900
AAPL,2022-04-19,165.02000427246094,167.82000732421875,163.91000366210938,167.39999389648438,163.7237548828125,67723800
AAPL,2022-04-20,168.75999450683594,168.8800048828125,166.10000610351562,167.22999572753906,163.55747985839844,67929800
AAPL,2022-04-21,168.91000366210938,171.52999877929688,165.91000366210938,166.4199981689453,162.76528930664062,87227800
AAPL,2022-04-22,166.4600067138672,167.8699951171875,161.5,161.7899932861328,158.23696899414062,84882400
AAPL,2022-04-25,161.1199951171875,163.1699981689453,158.4600067138672,162.8800048828125,159.3030242919922,96046400
AAPL,2022-04-26,162.25,162.33999633789062,156.72000122070312,156.8000030517578,153.3565216064453,95623200
AAPL,2022-04-27,155.91000366210938,159.7899932861328,155.3800048828125,156.57000732421875,153.131591796875,88063200
AAPL,2022-04-28,159.25,164.52000427246094,158.92999267578125,163.63999938964844,160.0463409423828,130216800
AAPL,2022-04-29,161.83999633789062,166.1999969482422,157.25,157.64999389648438,154.18788146972656,131747600
AAPL,2022-05-02,156.7100067138672,158.22999572753906,153.27000427246094,157.9600067138672,154.49105834960938,123055300
AAPL,2022-05-03,158.14999389648438,160.7100067138672,156.32000732421875,159.47999572753906,155.97769165039062,88966500
AAPL,2022-05-04,159.6699981689453,166.47999572753906,159.25999450683594,166.02000427246094,162.37408447265625,108256500
AAPL,2022-05-05,163.85000610351562,164.0800018310547,154.9499969482422,156.77000427246094,153.3271942138672,130525300
AAPL,2022-05-06,156.00999450683594,159.44000244140625,154.17999267578125,157.27999877929688,154.05201721191406,116124600
AAPL,2022-05-09,154.92999267578125,155.8300018310547,151.49000549316406,152.05999755859375,148.93914794921875,131577900
AAPL,2022-05-10,155.52000427246094,156.74000549316406,152.92999267578125,154.50999450683594,151.3388671875,115366700
AAPL,2022-05-11,153.5,155.4499969482422,145.80999755859375,146.5,143.49325561523438,142689800
AAPL,2022-05-12,142.77000427246094,146.1999969482422,138.8000030517578,142.55999755859375,139.6341094970703,182602000
AAPL,2022-05-13,144.58999633789062,148.10000610351562,143.11000061035156,147.11000061035156,144.0907440185547,113990900
AAPL,2022-05-16,145.5500030517578,147.52000427246094,144.17999267578125,145.5399932861328,142.55294799804688,86643800
AAPL,2022-05-17,148.86000061035156,149.77000427246094,146.67999267578125,149.24000549316406,146.17701721191406,78336300
AAPL,2022-05-18,146.85000610351562,147.36000061035156,139.89999389648438,140.82000732421875,137.92982482910156,109742900
AAPL,2022-05-19,139.8800048828125,141.66000366210938,136.60000610351562,137.35000610351562,134.53106689453125,136095600
AAPL,2022-05-20,139.08999633789062,140.6999969482422,132.61000061035156,137.58999633789062,134.76611328125,137426100
AAPL,2022-05-23,137.7899932861328,143.25999450683594,137.64999389648438,143.11000061035156,140.17282104492188,117726300
AAPL,2022-05-24,140.80999755859375,141.97000122070312,137.3300018310547,140.36000061035156,137.47926330566406,104132700
AAPL,2022-05-25,138.42999267578125,141.7899932861328,138.33999633789062,140.52000427246094,137.635986328125,92482700
AAPL,2022-05-26,137.38999938964844,144.33999633789062,137.13999938964844,143.77999877929688,140.82908630371094,90601500
AAPL,2022-05-27,145.38999938964844,149.67999267578125,145.25999450683594,149.63999938964844,146.5688018798828,90978500
AAPL,2022-05-31,149.07000732421875,150.66000366210938,146.83999633789062,148.83999633789062,145.78521728515625,103718400
AAPL,2022-06-01,149.89999389648438,151.74000549316406,147.67999267578125,148.7100067138672,145.6579132080078,74286600
AAPL,2022-06-02,147.8300018310547,151.27000427246094,146.86000061035156,151.2100067138672,148.1066131591797,72348100
AAPL,2022-06-03,146.89999389648438,147.97000122070312,144.4600067138672,145.3800048828125,142.39630126953125,88570300
AAPL,2022-06-06,147.02999877929688,148.57000732421875,144.89999389648438,146.13999938964844,143.14065551757812,71598400
AAPL,2022-06-07,144.35000610351562,149.0,144.10000610351562,148.7100067138672,145.6579132080078,67808200
AAPL,2022-06-08,148.5800018310547,149.8699951171875,147.4600067138672,147.9600067138672,144.9232940673828,53950200
AAPL,2022-06-09,147.0800018310547,147.9499969482422,142.52999877929688,142.63999938964844,139.7124786376953,69473000
AAPL,2022-06-10,140.27999877929688,140.75999450683594,137.05999755859375,137.1300048828125,134.31553649902344,91437900
AAPL,2022-06-13,132.8699951171875,135.1999969482422,131.44000244140625,131.8800048828125,129.17330932617188,122207100
AAPL,2022-06-14,133.1300048828125,133.88999938964844,131.47999572753906,132.75999450683594,130.03524780273438,84784300
AAPL,2022-06-15,134.2899932861328,137.33999633789062,132.16000366210938,135.42999267578125,132.65045166015625,91533000
AAPL,2022-06-16,132.0800018310547,132.38999938964844,129.0399932861328,130.05999755859375,127.39066314697266,108123900
AAPL,2022-06-17,130.07000732421875,133.0800018310547,129.80999755859375,131.55999755859375,128.85986328125,134520300
AAPL,2022-06-21,133.4199981689453,137.05999755859375,133.32000732421875,135.8699951171875,133.08145141601562,81000500
AAPL,2022-06-22,134.7899932861328,137.75999450683594,133.91000366210938,135.35000610351562,132.57211303710938,73409200
AAPL,2022-06-23,136.82000732421875,138.58999633789062,135.6300048828125,138.27000427246094,135.43215942382812,72433800
AAPL,2022-06-24,139.89999389648438,141.91000366210938,139.77000427246094,141.66000366210938,138.75257873535156,89116800
AAPL,2022-06-27,142.6999969482422,143.49000549316406,140.97000122070312,141.66000366210938,138.75257873535156,70207900
AAPL,2022-06-28,142.1300048828125,143.4199981689453,137.32000732421875,137.44000244140625,134.61920166015625,67083400
AAPL,2022-06-29,137.4600067138672,140.6699981689453,136.6699981689453,139.22999572753906,136.3724365234375,66242400
AAPL,2022-06-30,137.25,138.3699951171875,133.77000427246094,136.72000122070312,133.91397094726562,98964500
AAPL,2022-07-01,136.0399932861328,139.0399932861328,135.66000366210938,138.92999267578125,136.07859802246094,71051600
AAPL,2022-07-05,137.77000427246094,141.61000061035156,136.92999267578125,141.55999755859375,138.65463256835938,73353800
AAPL,2022-07-06,141.35000610351562,144.1199951171875,141.0800018310547,142.9199981689453,139.98675537109375,74064300
AAPL,2022-07-07,143.2899932861328,146.5500030517578,143.27999877929688,146.35000610351562,143.34632873535156,66253700
AAPL,2022-07-08,145.25999450683594,147.5500030517578,145.0,147.0399932861328,144.0221710205078,64547800
AAPL,2022-07-11,145.6699981689453,146.63999938964844,143.77999877929688,144.8699951171875,141.89669799804688,63141600
AAPL,2022-07-12,145.75999450683594,148.4499969482422,145.0500030517578,145.86000061035156,142.86639404296875,77588800
AAPL,2022-07-13,142.99000549316406,146.4499969482422,142.1199951171875,145.49000549316406,142.50399780273438,71185600
AAPL,2022-07-14,144.0800018310547,148.9499969482422,143.25,148.47000122070312,145.4228057861328,78140700
AAPL,2022-07-15,149.77999877929688,150.86000061035156,148.1999969482422,150.1699981689453,147.08792114257812,76259900
AAPL,2022-07-18,150.74000549316406,151.57000732421875,146.6999969482422,147.07000732421875,144.05157470703125,81420900
AAPL,2022-07-19,147.9199981689453,151.22999572753906,146.91000366210938,151.0,147.90090942382812,82982400
AAPL,2022-07-20,151.1199951171875,153.72000122070312,150.3699951171875,153.0399932861328,149.89901733398438,64823400
AAPL,2022-07-21,154.5,155.57000732421875,151.94000244140625,155.35000610351562,152.16160583496094,65086600
AAPL,2022-07-22,155.38999938964844,156.27999877929688,153.41000366210938,154.08999633789062,150.927490234375,66675400
AAPL,2022-07-25,154.00999450683594,155.0399932861328,152.27999877929688,152.9499969482422,149.8109130859375,53623900
AAPL,2022-07-26,152.25999450683594,153.08999633789062,150.8000030517578,151.60000610351562,148.4886016845703,55138700
AAPL,2022-07-27,152.5800018310547,157.3300018310547,152.16000366210938,156.7899932861328,153.57203674316406,78620700
AAPL,2022-07-28,156.97999572753906,157.63999938964844,154.41000366210938,157.35000610351562,154.1205596923828,81378700
AAPL,2022-07-29,161.24000549316406,163.6300048828125,159.5,162.50999450683594,159.17465209960938,101786900
AAPL,2022-08-01,161.00999450683594,163.58999633789062,160.88999938964844,161.50999450683594,158.1951904296875,67829400
AAPL,2022-08-02,160.10000610351562,162.41000366210938,159.6300048828125,160.00999450683594,156.72598266601562,59907000
AAPL,2022-08-03,160.83999633789062,166.58999633789062,160.75,166.1300048828125,162.7203826904297,82507500
AAPL,2022-08-04,166.00999450683594,167.19000244140625,164.42999267578125,165.80999755859375,162.40692138671875,55474100
AAPL,2022-08-05,163.2100067138672,165.85000610351562,163.0,165.35000610351562,162.18136596679688,56697000
AAPL,2022-08-08,166.3699951171875,167.80999755859375,164.1999969482422,164.8699951171875,161.7104949951172,60276900
AAPL,2022-08-09,164.02000427246094,165.82000732421875,163.25,164.9199981689453,161.75958251953125,63135500
AAPL,2022-08-10,167.67999267578125,169.33999633789062,166.89999389648438,169.24000549316406,165.99679565429688,70170500
AAPL,2022-08-11,170.05999755859375,170.99000549316406,168.19000244140625,168.49000549316406,165.26119995117188,57149200
AAPL,2022-08-12,169.82000732421875,172.1699981689453,169.39999389648438,172.10000610351562,168.80203247070312,68039400
AAPL,2022-08-15,171.52000427246094,173.38999938964844,171.35000610351562,173.19000244140625,169.87110900878906,54091700
AAPL,2022-08-16,172.77999877929688,173.7100067138672,171.66000366210938,173.02999877929688,169.71417236328125,56377100
AAPL,2022-08-17,172.77000427246094,176.14999389648438,172.57000732421875,174.5500030517578,171.2050323486328,79542000
AAPL,2022-08-18,173.75,174.89999389648438,173.1199951171875,174.14999389648438,170.81271362304688,62290100
AAPL,2022-08-19,173.02999877929688,173.74000549316406,171.30999755859375,171.52000427246094,168.2331085205078,70346300
AAPL,2022-08-22,169.69000244140625,169.86000061035156,167.13999938964844,167.57000732421875,164.35879516601562,69026800
AAPL,2022-08-23,167.0800018310547,168.7100067138672,166.64999389648438,167.22999572753906,164.0253143310547,54147100
AAPL,2022-08-24,167.32000732421875,168.11000061035156,166.25,167.52999877929688,164.319580078125,53841500
AAPL,2022-08-25,168.77999877929688,170.13999938964844,168.35000610351562,170.02999877929688,166.7716522216797,51218200
AAPL,2022-08-26,170.57000732421875,171.0500030517578,163.55999755859375,163.6199951171875,160.4844970703125,78961000
AAPL,2022-08-29,161.14999389648438,162.89999389648438,159.82000732421875,161.3800048828125,158.2874298095703,73314000
AAPL,2022-08-30,162.1300048828125,162.55999755859375,157.72000122070312,158.91000366210938,155.86473083496094,77906200
AAPL,2022-08-31,160.30999755859375,160.5800018310547,157.13999938964844,157.22000122070312,154.20713806152344,87991100
AAPL,2022-09-01,156.63999938964844,158.4199981689453,154.6699981689453,157.9600067138672,154.93296813964844,74229900
AAPL,2022-09-02,159.75,160.36000061035156,154.97000122070312,155.80999755859375,152.82415771484375,76957800
AAPL,2022-09-06,156.47000122070312,157.08999633789062,153.69000244140625,154.52999877929688,151.5686798095703,73714800
AAPL,2022-09-07,154.82000732421875,156.6699981689453,153.61000061035156,155.9600067138672,152.9712677001953,87449600
AAPL,2022-09-08,154.63999938964844,156.36000061035156,152.67999267578125,154.4600067138672,151.50003051757812,84923800
AAPL,2022-09-09,155.47000122070312,157.82000732421875,154.75,157.3699951171875,154.35426330566406,68028800
AAPL,2022-09-12,159.58999633789062,164.25999450683594,159.3000030517578,163.42999267578125,160.2981414794922,104956000
AAPL,2022-09-13,159.89999389648438,160.5399932861328,153.3699951171875,153.83999633789062,150.89190673828125,122656600
AAPL,2022-09-14,154.7899932861328,157.10000610351562,153.61000061035156,155.30999755859375,152.33375549316406,87965400
AAPL,2022-09-15,154.64999389648438,155.24000549316406,151.3800048828125,152.3699951171875,149.45010375976562,90481100
AAPL,2022-09-16,151.2100067138672,151.35000610351562,148.3699951171875,150.6999969482422,147.81207275390625,162278800
AAPL,2022-09-19,149.30999755859375,154.55999755859375,149.10000610351562,154.47999572753906,151.51963806152344,81474200
AAPL,2022-09-20,153.39999389648438,158.0800018310547,153.0800018310547,156.89999389648438,153.89328002929688,107689800
AAPL,2022-09-21,157.33999633789062,158.74000549316406,153.60000610351562,153.72000122070312,150.77423095703125,101696800
AAPL,2022-09-22,152.3800048828125,154.47000122070312,150.91000366210938,152.74000549316406,149.81300354003906,86652500
AAPL,2022-09-23,151.19000244140625,151.47000122070312,148.55999755859375,150.42999267578125,147.54727172851562,96029900
AAPL,2022-09-26,149.66000366210938,153.77000427246094,149.63999938964844,150.77000427246094,147.88075256347656,93339400
AAPL,2022-09-27,152.74000549316406,154.72000122070312,149.9499969482422,151.75999450683594,148.85177612304688,84442700
AAPL,2022-09-28,147.63999938964844,150.63999938964844,144.83999633789062,149.83999633789062,146.9685821533203,146691400
AAPL,2022-09-29,146.10000610351562,146.72000122070312,140.67999267578125,142.47999572753906,139.74961853027344,128138200
AAPL,2022-09-30,141.27999877929688,143.10000610351562,138.0,138.1999969482422,135.55165100097656,124925300
AAPL,2022-10-03,138.2100067138672,143.07000732421875,137.69000244140625,142.4499969482422,139.72019958496094,114311700
AAPL,2022-10-04,145.02999877929688,146.22000122070312,144.25999450683594,146.10000610351562,143.3002166748047,87830100
AAPL,2022-10-05,144.07000732421875,147.3800048828125,143.00999450683594,146.39999389648438,143.59451293945312,79471000
AAPL,2022-10-06,145.80999755859375,147.5399932861328,145.22000122070312,145.42999267578125,142.64309692382812,68402200
AAPL,2022-10-07,142.5399932861328,143.10000610351562,139.4499969482422,140.08999633789062,137.4054412841797,85925600
AAPL,2022-10-10,140.4199981689453,141.88999938964844,138.57000732421875,140.4199981689453,137.7290802001953,74899000
AAPL,2022-10-11,139.89999389648438,141.35000610351562,138.22000122070312,138.97999572753906,136.316650390625,77033700
AAPL,2022-10-12,139.1300048828125,140.36000061035156,138.16000366210938,138.33999633789062,135.68894958496094,70433700
AAPL,2022-10-13,134.99000549316406,143.58999633789062,134.3699951171875,142.99000549316406,140.24986267089844,113224000
AAPL,2022-10-14,144.30999755859375,144.52000427246094,138.19000244140625,138.3800048828125,135.7281951904297,88598000
AAPL,2022-10-17,141.07000732421875,142.89999389648438,140.27000427246094,142.41000366210938,139.68093872070312,85250900
AAPL,2022-10-18,145.49000549316406,146.6999969482422,140.61000061035156,143.75,140.9952392578125,99136600
AAPL,2022-10-19,141.69000244140625,144.9499969482422,141.5,143.86000061035156,141.10316467285156,61758300
AAPL,2022-10-20,143.02000427246094,145.88999938964844,142.64999389648438,143.38999938964844,140.64215087890625,64522000
AAPL,2022-10-21,142.8699951171875,147.85000610351562,142.64999389648438,147.27000427246094,144.4477996826172,86548600
AAPL,2022-10-24,147.19000244140625,150.22999572753906,146.0,149.4499969482422,146.58604431152344,75981900
AAPL,2022-10-25,150.08999633789062,152.49000549316406,149.36000061035156,152.33999633789062,149.42068481445312,74732300
AAPL,2022-10-26,150.9600067138672,151.99000549316406,148.0399932861328,149.35000610351562,146.48794555664062,88194300
AAPL,2022-10-27,148.07000732421875,149.0500030517578,144.1300048828125,144.8000030517578,142.025146484375,109180200
AAPL,2022-10-28,148.1999969482422,157.5,147.82000732421875,155.74000549316406,152.75547790527344,164762400
AAPL,2022-10-31,153.16000366210938,154.24000549316406,151.9199981689453,153.33999633789062,150.40147399902344,97943200
AAPL,2022-11-01,155.0800018310547,155.4499969482422,149.1300048828125,150.64999389648438,147.76304626464844,80379300
AAPL,2022-11-02,148.9499969482422,152.1699981689453,145.0,145.02999877929688,142.250732421875,93604600
AAPL,2022-11-03,142.05999755859375,142.8000030517578,138.75,138.8800048828125,136.2185821533203,97918500
AAPL,2022-11-04,142.08999633789062,142.6699981689453,134.3800048828125,138.3800048828125,135.95335388183594,140814800
AAPL,2022-11-07,137.11000061035156,139.14999389648438,135.6699981689453,138.9199981689453,136.48387145996094,83374600
AAPL,2022-11-08,140.41000366210938,141.42999267578125,137.49000549316406,139.5,137.05368041992188,89908500
AAPL,2022-11-09,138.5,138.5500030517578,134.58999633789062,134.8699951171875,132.5048828125,74917800
AAPL,2022-11-10,141.24000549316406,146.8699951171875,139.5,146.8699951171875,144.29444885253906,118854000
AAPL,2022-11-11,145.82000732421875,150.00999450683594,144.3699951171875,149.6999969482422,147.07479858398438,93979700
AAPL,2022-11-14,148.97000122070312,150.27999877929688,147.42999267578125,148.27999877929688,145.6797332763672,73374100
AAPL,2022-11-15,152.22000122070312,153.58999633789062,148.55999755859375,150.0399932861328,147.40884399414062,89868300
AAPL,2022-11-16,149.1300048828125,149.8699951171875,147.2899932861328,148.7899932861328,146.1807861328125,64218300
AAPL,2022-11-17,146.42999267578125,151.47999572753906,146.14999389648438,150.72000122070312,148.07693481445312,80389400
AAPL,2022-11-18,152.30999755859375,152.6999969482422,149.97000122070312,151.2899932861328,148.636962890625,74829600
AAPL,2022-11-21,150.16000366210938,150.3699951171875,147.72000122070312,148.00999450683594,145.41444396972656,58724100
AAPL,2022-11-22,148.1300048828125,150.4199981689453,146.92999267578125,150.17999267578125,147.54640197753906,51804100
AAPL,2022-11-23,149.4499969482422,151.8300018310547,149.33999633789062,151.07000732421875,148.42079162597656,58301400
AAPL,2022-11-25,148.30999755859375,148.8800048828125,147.1199951171875,148.11000061035156,145.51271057128906,35195900
AAPL,2022-11-28,145.13999938964844,146.63999938964844,143.3800048828125,144.22000122070312,141.69091796875,69246000
AAPL,2022-11-29,144.2899932861328,144.80999755859375,140.35000610351562,141.1699981689453,138.69442749023438,83763800
AAPL,2022-11-30,141.39999389648438,148.72000122070312,140.5500030517578,148.02999877929688,145.43411254882812,111380900
AAPL,2022-12-01,148.2100067138672,149.1300048828125,146.61000061035156,148.30999755859375,145.70919799804688,71250400
AAPL,2022-12-02,145.9600067138672,148.0,145.64999389648438,147.80999755859375,145.2179718017578,65447400
AAPL,2022-12-05,147.77000427246094,150.9199981689453,145.77000427246094,146.6300048828125,144.05865478515625,68826400
AAPL,2022-12-06,147.07000732421875,147.3000030517578,141.9199981689453,142.91000366210938,140.4038848876953,64727200
AAPL,2022-12-07,142.19000244140625,143.3699951171875,140.0,140.94000244140625,138.4684600830078,69721100
AAPL,2022-12-08,142.36000061035156,143.52000427246094,141.10000610351562,142.64999389648438,140.14846801757812,62128300
AAPL,2022-12-09,142.33999633789062,145.57000732421875,140.89999389648438,142.16000366210938,139.6670684814453,76097000
AAPL,2022-12-12,142.6999969482422,144.5,141.05999755859375,144.49000549316406,141.9561767578125,70462700
AAPL,2022-12-13,149.5,149.97000122070312,144.24000549316406,145.47000122070312,142.9189910888672,93886200
AAPL,2022-12-14,145.35000610351562,146.66000366210938,141.16000366210938,143.2100067138672,140.6986541748047,82291200
AAPL,2022-12-15,141.11000061035156,141.8000030517578,136.02999877929688,136.5,134.10630798339844,98931900
AAPL,2022-12-16,136.69000244140625,137.64999389648438,133.72999572753906,134.50999450683594,132.1511993408203,160156900
AAPL,2022-12-19,135.11000061035156,135.1999969482422,131.32000732421875,132.3699951171875,130.04872131347656,79592600
AAPL,2022-12-20,131.38999938964844,133.25,129.88999938964844,132.3000030517578,129.97996520996094,77432800
AAPL,2022-12-21,132.97999572753906,136.80999755859375,132.75,135.4499969482422,133.07469177246094,85928000
AAPL,2022-12-22,134.35000610351562,134.55999755859375,130.3000030517578,132.22999572753906,129.91119384765625,77852100
AAPL,2022-12-23,130.9199981689453,132.4199981689453,129.63999938964844,131.86000061035156,129.54766845703125,63814900
AAPL,2022-12-27,131.3800048828125,131.41000366210938,128.72000122070312,130.02999877929688,127.74976348876953,69007800
AAPL,2022-12-28,129.6699981689453,131.02999877929688,125.87000274658203,126.04000091552734,123.82971954345703,85438400
AAPL,2022-12-29,127.98999786376953,130.47999572753906,127.7300033569336,129.61000061035156,127.33712768554688,75703700
AAPL,2022-12-30,128.41000366210938,129.9499969482422,127.43000030517578,129.92999267578125,127.65150451660156,77034200
AAPL,2023-01-03,130.27999877929688,130.89999389648438,124.16999816894531,125.06999969482422,122.87675476074219,112117500
AAPL,2023-01-04,126.88999938964844,128.66000366210938,125.08000183105469,126.36000061035156,124.14412689208984,89113600
AAPL,2023-01-05,127.12999725341797,127.7699966430664,124.76000213623047,125.0199966430664,122.82762145996094,80962700
AAPL,2023-01-06,126.01000213623047,130.2899932861328,124.88999938964844,129.6199951171875,127.34693145751953,87754700
AAPL,2023-01-09,130.47000122070312,133.41000366210938,129.88999938964844,130.14999389648438,127.86763000488281,70790800
AAPL,2023-01-10,130.25999450683594,131.25999450683594,128.1199951171875,130.72999572753906,128.4375,63896200
AAPL,2023-01-11,131.25,133.50999450683594,130.4600067138672,133.49000549316406,131.1490936279297,69458900
AAPL,2023-01-12,133.8800048828125,134.25999450683594,131.44000244140625,133.41000366210938,131.0704803466797,71379600
AAPL,2023-01-13,132.02999877929688,134.9199981689453,131.66000366210938,134.75999450683594,132.39682006835938,57809700
AAPL,2023-01-17,134.8300018310547,137.2899932861328,134.1300048828125,135.94000244140625,133.55613708496094,63646600
AAPL,2023-01-18,136.82000732421875,138.61000061035156,135.02999877929688,135.2100067138672,132.83892822265625,69672800
AAPL,2023-01-19,134.0800018310547,136.25,133.77000427246094,135.27000427246094,132.8978729248047,58280400
AAPL,2023-01-20,135.27999877929688,138.02000427246094,134.22000122070312,137.8699951171875,135.4522705078125,80223600
AAPL,2023-01-23,138.1199951171875,143.32000732421875,137.89999389648438,141.11000061035156,138.63543701171875,81760300
AAPL,2023-01-24,140.30999755859375,143.16000366210938,140.3000030517578,142.52999877929688,140.03057861328125,66435100
AAPL,2023-01-25,140.88999938964844,142.42999267578125,138.80999755859375,141.86000061035156,139.372314453125,65799300
AAPL,2023-01-26,143.1699981689453,144.25,141.89999389648438,143.9600067138672,141.4354705810547,54105100
AAPL,2023-01-27,143.16000366210938,147.22999572753906,143.0800018310547,145.92999267578125,143.37091064453125,70555800
AAPL,2023-01-30,144.9600067138672,145.5500030517578,142.85000610351562,143.0,140.49234008789062,64015300
AAPL,2023-01-31,142.6999969482422,144.33999633789062,142.27999877929688,144.2899932861328,141.7596893310547,65874500
AAPL,2023-02-01,143.97000122070312,146.61000061035156,141.32000732421875,145.42999267578125,142.8797149658203,77663600
AAPL,2023-02-02,148.89999389648438,151.17999267578125,148.1699981689453,150.82000732421875,148.1752166748047,118339000
AAPL,2023-02-03,148.02999877929688,157.3800048828125,147.8300018310547,154.5,151.79066467285156,154357300
AAPL,2023-02-06,152.57000732421875,153.10000610351562,150.77999877929688,151.72999572753906,149.06924438476562,69858300
AAPL,2023-02-07,150.63999938964844,155.22999572753906,150.63999938964844,154.64999389648438,151.93801879882812,83322600
AAPL,2023-02-08,153.8800048828125,154.5800018310547,151.1699981689453,151.9199981689453,149.25587463378906,64120100
AAPL,2023-02-09,153.77999877929688,154.3300018310547,150.4199981689453,150.8699951171875,148.22433471679688,56007100
AAPL,2023-02-10,149.4600067138672,151.33999633789062,149.22000122070312,151.00999450683594,148.58837890625,57450700
AAPL,2023-02-13,150.9499969482422,154.25999450683594,150.9199981689453,153.85000610351562,151.3828582763672,62199000
AAPL,2023-02-14,152.1199951171875,153.77000427246094,150.86000061035156,153.1999969482422,150.74325561523438,61707600
AAPL,2023-02-15,153.11000061035156,155.5,152.8800048828125,155.3300018310547,152.83912658691406,65573800
AAPL,2023-02-16,153.50999450683594,156.3300018310547,153.35000610351562,153.7100067138672,151.24505615234375,68167900
AAPL,2023-02-17,152.35000610351562,153.0,150.85000610351562,152.5500030517578,150.1036834716797,59144100
AAPL,2023-02-21,150.1999969482422,151.3000030517578,148.41000366210938,148.47999572753906,146.09890747070312,58867200
AAPL,2023-02-22,148.8699951171875,149.9499969482422,147.16000366210938,148.91000366210938,146.5220489501953,51011300
AAPL,2023-02-23,150.08999633789062,150.33999633789062,147.24000549316406,149.39999389648438,147.00418090820312,48394200
AAPL,2023-02-24,147.11000061035156,147.19000244140625,145.72000122070312,146.7100067138672,144.35733032226562,55469600
AAPL,2023-02-27,147.7100067138672,149.1699981689453,147.4499969482422,147.9199981689453,145.54794311523438,44998500
AAPL,2023-02-28,147.0500030517578,149.0800018310547,146.8300018310547,147.41000366210938,145.0460968017578,50547000
AAPL,2023-03-01,146.8300018310547,147.22999572753906,145.00999450683594,145.30999755859375,142.9797821044922,55479000
AAPL,2023-03-02,144.3800048828125,146.7100067138672,143.89999389648438,145.91000366210938,143.57017517089844,52238100
AAPL,2023-03-03,148.0399932861328,151.11000061035156,147.3300018310547,151.02999877929688,148.60804748535156,70732300
AAPL,2023-03-06,153.7899932861328,156.3000030517578,153.4600067138672,153.8300018310547,151.36317443847656,87558000
AAPL,2023-03-07,153.6999969482422,154.02999877929688,151.1300048828125,151.60000610351562,149.1688995361328,56182000
AAPL,2023-03-08,152.80999755859375,153.47000122070312,151.8300018310547,152.8699951171875,150.41854858398438,47204800
AAPL,2023-03-09,153.55999755859375,154.5399932861328,150.22999572753906,150.58999633789062,148.17514038085938,53833600
AAPL,2023-03-10,150.2100067138672,150.94000244140625,147.61000061035156,148.5,146.11862182617188,68572400
AAPL,2023-03-13,147.80999755859375,153.13999938964844,147.6999969482422,150.47000122070312,148.05706787109375,84457100
AAPL,2023-03-14,151.27999877929688,153.39999389648438,150.10000610351562,152.58999633789062,150.14306640625,73695900
AAPL,2023-03-15,151.19000244140625,153.25,149.9199981689453,152.99000549316406,150.53663635253906,77167900
AAPL,2023-03-16,152.16000366210938,156.4600067138672,151.63999938964844,155.85000610351562,153.3507537841797,76161100
AAPL,2023-03-17,156.0800018310547,156.74000549316406,154.27999877929688,155.0,152.51438903808594,98944600
AAPL,2023-03-20,155.07000732421875,157.82000732421875,154.14999389648438,157.39999389648438,154.8759307861328,73641400
AAPL,2023-03-21,157.32000732421875,159.39999389648438,156.5399932861328,159.27999877929688,156.72573852539062,73938300
AAPL,2023-03-22,159.3000030517578,162.13999938964844,157.80999755859375,157.8300018310547,155.2989959716797,75701800
AAPL,2023-03-23,158.8300018310547,161.5500030517578,157.67999267578125,158.92999267578125,156.38136291503906,67622100
AAPL,2023-03-24,158.86000061035156,160.33999633789062,157.85000610351562,160.25,157.68020629882812,59196500
AAPL,2023-03-27,159.94000244140625,160.77000427246094,157.8699951171875,158.27999877929688,155.74179077148438,52390300
AAPL,2023-03-28,157.97000122070312,158.49000549316406,155.97999572753906,157.64999389648438,155.1219024658203,45992200
AAPL,2023-03-29,159.3699951171875,161.0500030517578,159.35000610351562,160.77000427246094,158.19186401367188,51305700
AAPL,2023-03-30,161.52999877929688,162.47000122070312,161.27000427246094,162.36000061035156,159.75636291503906,49501700
AAPL,2023-03-31,162.44000244140625,165.0,161.91000366210938,164.89999389648438,162.255615234375,68749800
AAPL,2023-04-03,164.27000427246094,166.2899932861328,164.22000122070312,166.1699981689453,163.50527954101562,56976200
AAPL,2023-04-04,166.60000610351562,166.83999633789062,165.11000061035156,165.6300048828125,162.97393798828125,46278300
AAPL,2023-04-05,164.74000549316406,165.0500030517578,161.8000030517578,163.75999450683594,161.1339111328125,51511700
AAPL,2023-04-06,162.42999267578125,164.9600067138672,162.0,164.66000366210938,162.01950073242188,45390100
AAPL,2023-04-10,161.4199981689453,162.02999877929688,160.0800018310547,162.02999877929688,159.43162536621094,47716900
AAPL,2023-04-11,162.35000610351562,162.36000061035156,160.50999450683594,160.8000030517578,158.2213897705078,47644200
AAPL,2023-04-12,161.22000122070312,162.05999755859375,159.77999877929688,160.10000610351562,157.53260803222656,50133100
AAPL,2023-04-13,161.6300048828125,165.8000030517578,161.4199981689453,165.55999755859375,162.90504455566406,68445600
AAPL,2023-04-14,164.58999633789062,166.32000732421875,163.82000732421875,165.2100067138672,162.5606689453125,49386500
AAPL,2023-04-17,165.08999633789062,165.38999938964844,164.02999877929688,165.22999572753906,162.58035278320312,41516200
AAPL,2023-04-18,166.10000610351562,167.41000366210938,165.64999389648438,166.47000122070312,163.8004608154297,49923000
AAPL,2023-04-19,165.8000030517578,168.16000366210938,165.5399932861328,167.6300048828125,164.94186401367188,47720200
AAPL,2023-04-20,166.08999633789062,167.8699951171875,165.55999755859375,166.64999389648438,163.97756958007812,52456400
AAPL,2023-04-21,165.0500030517578,166.4499969482422,164.49000549316406,165.02000427246094,162.3737030029297,58337300
AAPL,2023-04-24,165.0,165.60000610351562,163.88999938964844,165.3300018310547,162.6787109375,41949600
AAPL,2023-04-25,165.19000244140625,166.30999755859375,163.72999572753906,163.77000427246094,161.14376831054688,48714100
AAPL,2023-04-26,163.05999755859375,165.27999877929688,162.8000030517578,163.75999450683594,161.1339111328125,45498800
AAPL,2023-04-27,165.19000244140625,168.55999755859375,165.19000244140625,168.41000366210938,165.7093505859375,64902300
AAPL,2023-04-28,168.49000549316406,169.85000610351562,167.8800048828125,169.67999267578125,166.958984375,55275900
AAPL,2023-05-01,169.27999877929688,170.4499969482422,168.63999938964844,169.58999633789062,166.8704071044922,52472900
AAPL,2023-05-02,170.08999633789062,170.35000610351562,167.5399932861328,168.5399932861328,165.83724975585938,48425700
AAPL,2023-05-03,169.5,170.9199981689453,167.16000366210938,167.4499969482422,164.7647247314453,65136000
AAPL,2023-05-04,164.88999938964844,167.0399932861328,164.30999755859375,165.7899932861328,163.13133239746094,81235400
AAPL,2023-05-05,170.97999572753906,174.3000030517578,170.75999450683594,173.57000732421875,170.78659057617188,113453200
AAPL,2023-05-08,172.47999572753906,173.85000610351562,172.11000061035156,173.5,170.71768188476562,55962800
AAPL,2023-05-09,173.0500030517578,173.5399932861328,171.60000610351562,171.77000427246094,169.0154571533203,45326900
AAPL,2023-05-10,173.02000427246094,174.02999877929688,171.89999389648438,173.55999755859375,170.77674865722656,53724500
AAPL,2023-05-11,173.85000610351562,174.58999633789062,172.1699981689453,173.75,170.96371459960938,49514700
AAPL,2023-05-12,173.6199951171875,174.05999755859375,171.0,172.57000732421875,170.03750610351562,45533100
AAPL,2023-05-15,173.16000366210938,173.2100067138672,171.47000122070312,172.07000732421875,169.5448760986328,37266700
AAPL,2023-05-16,171.99000549316406,173.13999938964844,171.8000030517578,172.07000732421875,169.5448760986328,42110300
AAPL,2023-05-17,171.7100067138672,172.92999267578125,170.4199981689453,172.69000244140625,170.15576171875,57951600
AAPL,2023-05-18,173.0,175.24000549316406,172.5800018310547,175.0500030517578,172.4811248779297,65496700
AAPL,2023-05-19,176.38999938964844,176.38999938964844,174.94000244140625,175.16000366210938,172.58949279785156,55809500
AAPL,2023-05-22,173.97999572753906,174.7100067138672,173.4499969482422,174.1999969482422,171.64358520507812,43570900
AAPL,2023-05-23,173.1300048828125,173.3800048828125,171.27999877929688,171.55999755859375,169.0423126220703,50747300
AAPL,2023-05-24,171.08999633789062,172.4199981689453,170.52000427246094,171.83999633789062,169.31822204589844,45143500
AAPL,2023-05-25,172.41000366210938,173.89999389648438,171.69000244140625,172.99000549316406,170.45135498046875,56058300
AAPL,2023-05-26,173.32000732421875,175.77000427246094,173.11000061035156,175.42999267578125,172.85552978515625,54835000
AAPL,2023-05-30,176.9600067138672,178.99000549316406,176.57000732421875,177.3000030517578,174.69808959960938,55964400
AAPL,2023-05-31,177.3300018310547,179.35000610351562,176.75999450683594,177.25,174.64881896972656,99625300
AAPL,2023-06-01,177.6999969482422,180.1199951171875,176.92999267578125,180.08999633789062,177.44712829589844,68901800
AAPL,2023-06-02,181.02999877929688,181.77999877929688,179.25999450683594,180.9499969482422,178.2945098876953,61996900
AAPL,2023-06-05,182.6300048828125,184.9499969482422,178.0399932861328,179.5800018310547,176.94464111328125,121946500
AAPL,2023-06-06,179.97000122070312,180.1199951171875,177.42999267578125,179.2100067138672,176.58009338378906,64848400
AAPL,2023-06-07,178.44000244140625,181.2100067138672,177.32000732421875,177.82000732421875,175.21046447753906,61944600
AAPL,2023-06-08,177.89999389648438,180.83999633789062,177.4600067138672,180.57000732421875,177.9201202392578,50214900
AAPL,2023-06-09,181.5,182.22999572753906,180.6300048828125,180.9600067138672,178.30438232421875,48900000
AAPL,2023-06-12,181.27000427246094,183.88999938964844,180.97000122070312,183.7899932861328,181.0928497314453,54274900
AAPL,2023-06-13,182.8000030517578,184.14999389648438,182.44000244140625,183.30999755859375,180.619873046875,54929100
AAPL,2023-06-14,183.3699951171875,184.38999938964844,182.02000427246094,183.9499969482422,181.25051879882812,57462900
AAPL,2023-06-15,183.9600067138672,186.52000427246094,183.77999877929688,186.00999450683594,183.28025817871094,65433200
AAPL,2023-06-16,186.72999572753906,186.99000549316406,184.27000427246094,184.9199981689453,182.20626831054688,101256200
AAPL,2023-06-20,184.41000366210938,186.10000610351562,184.41000366210938,185.00999450683594,182.29495239257812,49799100
AAPL,2023-06-21,184.89999389648438,185.41000366210938,182.58999633789062,183.9600067138672,181.26040649414062,49515700
AAPL,2023-06-22,183.74000549316406,187.0500030517578,183.6699981689453,187.0,184.25575256347656,51245300
AAPL,2023-06-23,185.5500030517578,187.55999755859375,185.00999450683594,186.67999267578125,183.94044494628906,53117000
AAPL,2023-06-26,186.8300018310547,188.0500030517578,185.22999572753906,185.27000427246094,182.55116271972656,48088700
AAPL,2023-06-27,185.88999938964844,188.38999938964844,185.6699981689453,188.05999755859375,185.30018615722656,50730800
AAPL,2023-06-28,187.92999267578125,189.89999389648438,187.60000610351562,189.25,186.47274780273438,51216800
AAPL,2023-06-29,189.0800018310547,190.07000732421875,188.94000244140625,189.58999633789062,186.8077392578125,46347300
AAPL,2023-06-30,191.6300048828125,194.47999572753906,191.25999450683594,193.97000122070312,191.12344360351562,85213200
AAPL,2023-07-03,193.77999877929688,193.8800048828125,191.75999450683594,192.4600067138672,189.63560485839844,31458200
AAPL,2023-07-05,191.57000732421875,192.97999572753906,190.6199951171875,191.3300018310547,188.52220153808594,46920300
AAPL,2023-07-06,189.83999633789062,192.02000427246094,189.1999969482422,191.80999755859375,188.9951629638672,45094300
AAPL,2023-07-07,191.41000366210938,192.6699981689453,190.24000549316406,190.67999267578125,187.8817138671875,46815000
AAPL,2023-07-10,189.25999450683594,189.99000549316406,187.0399932861328,188.61000061035156,185.84210205078125,59922200
AAPL,2023-07-11,189.16000366210938,189.3000030517578,186.60000610351562,188.0800018310547,185.3199005126953,46638100
AAPL,2023-07-12,189.67999267578125,191.6999969482422,188.47000122070312,189.77000427246094,186.98509216308594,60750200
AAPL,2023-07-13,190.5,191.19000244140625,189.77999877929688,190.5399932861328,187.74378967285156,41342300
AAPL,2023-07-14,190.22999572753906,191.17999267578125,189.6300048828125,190.69000244140625,187.89161682128906,41616200
AAPL,2023-07-17,191.89999389648438,194.32000732421875,191.80999755859375,193.99000549316406,191.14315795898438,50520200
AAPL,2023-07-18,193.35000610351562,194.3300018310547,192.4199981689453,193.72999572753906,190.88699340820312,48288200
AAPL,2023-07-19,193.10000610351562,198.22999572753906,192.64999389648438,195.10000610351562,192.23687744140625,80507300
AAPL,2023-07-20,195.08999633789062,196.47000122070312,192.5,193.1300048828125,190.2957763671875,59581200
AAPL,2023-07-21,194.10000610351562,194.97000122070312,191.22999572753906,191.94000244140625,189.12322998046875,71951700
AAPL,2023-07-24,193.41000366210938,194.91000366210938,192.25,192.75,189.9213409423828,45377800
AAPL,2023-07-25,193.3300018310547,194.44000244140625,192.9199981689453,193.6199951171875,190.778564453125,37283200
AAPL,2023-07-26,193.6699981689453,195.63999938964844,193.32000732421875,194.5,191.6456756591797,47471900
AAPL,2023-07-27,196.02000427246094,197.1999969482422,192.5500030517578,193.22000122070312,190.3844757080078,47460200
AAPL,2023-07-28,194.6699981689453,196.6300048828125,194.13999938964844,195.8300018310547,192.95616149902344,48291400
AAPL,2023-07-31,196.05999755859375,196.49000549316406,195.25999450683594,196.4499969482422,193.56707763671875,38824100
AAPL,2023-08-01,196.24000549316406,196.72999572753906,195.27999877929688,195.61000061035156,192.7393798828125,35175100
AAPL,2023-08-02,195.0399932861328,195.17999267578125,191.85000610351562,192.5800018310547,189.7538604736328,50389300
AAPL,2023-08-03,191.57000732421875,192.3699951171875,190.69000244140625,191.1699981689453,188.36453247070312,61235200
AAPL,2023-08-04,185.52000427246094,187.3800048828125,181.9199981689453,181.99000549316406,179.31927490234375,115956800
AAPL,2023-08-07,182.1300048828125,183.1300048828125,177.35000610351562,178.85000610351562,176.225341796875,97576100
AAPL,2023-08-08,179.69000244140625,180.27000427246094,177.5800018310547,179.8000030517578,177.16140747070312,67823000
AAPL,2023-08-09,180.8699951171875,180.92999267578125,177.00999450683594,178.19000244140625,175.5750274658203,60378500
AAPL,2023-08-10,179.47999572753906,180.75,177.60000610351562,177.97000122070312,175.3582763671875,54686900
AAPL,2023-08-11,177.32000732421875,178.6199951171875,176.5500030517578,177.7899932861328,175.41746520996094,52036700
AAPL,2023-08-14,177.97000122070312,179.69000244140625,177.30999755859375,179.4600067138672,177.065185546875,43675600
AAPL,2023-08-15,178.8800048828125,179.47999572753906,177.0500030517578,177.4499969482422,175.08200073242188,43622600
AAPL,2023-08-16,177.1300048828125,178.5399932861328,176.5,176.57000732421875,174.21372985839844,46964900
AAPL,2023-08-17,177.13999938964844,177.50999450683594,173.47999572753906,174.0,171.6780548095703,66062900
AAPL,2023-08-18,172.3000030517578,175.10000610351562,171.9600067138672,174.49000549316406,172.16151428222656,61172200
AAPL,2023-08-21,175.07000732421875,176.1300048828125,173.74000549316406,175.83999633789062,173.49346923828125,46311900
AAPL,2023-08-22,177.05999755859375,177.67999267578125,176.25,177.22999572753906,174.8649444580078,42038900
AAPL,2023-08-23,178.52000427246094,181.5500030517578,178.3300018310547,181.1199951171875,178.70301818847656,52722800
AAPL,2023-08-24,180.6699981689453,181.10000610351562,176.00999450683594,176.3800048828125,174.0262908935547,54945800
AAPL,2023-08-25,177.3800048828125,179.14999389648438,175.82000732421875,178.61000061035156,176.2265167236328,51449600
AAPL,2023-08-28,180.08999633789062,180.58999633789062,178.5500030517578,180.19000244140625,177.78541564941406,43820700
AAPL,2023-08-29,179.6999969482422,184.89999389648438,179.5,184.1199951171875,181.66299438476562,53003900
AAPL,2023-08-30,184.94000244140625,187.85000610351562,184.74000549316406,187.64999389648438,185.14588928222656,60813900
AAPL,2023-08-31,187.83999633789062,189.1199951171875,187.47999572753906,187.8699951171875,185.36293029785156,60794500
AAPL,2023-09-01,189.49000549316406,189.9199981689453,188.27999877929688,189.4600067138672,186.93173217773438,45766500
AAPL,2023-09-05,188.27999877929688,189.97999572753906,187.61000061035156,189.6999969482422,187.16854858398438,45280000
AAPL,2023-09-06,188.39999389648438,188.85000610351562,181.47000122070312,182.91000366210938,180.4691162109375,81755800
AAPL,2023-09-07,175.17999267578125,178.2100067138672,173.5399932861328,177.55999755859375,175.19052124023438,112488800
AAPL,2023-09-08,178.35000610351562,180.24000549316406,177.7899932861328,178.17999267578125,175.80227661132812,65551300
AAPL,2023-09-11,180.07000732421875,180.3000030517578,177.33999633789062,179.36000061035156,176.96653747558594,58953100
AAPL,2023-09-12,179.49000549316406,180.1300048828125,174.82000732421875,176.3000030517578,173.9473419189453,90370200
AAPL,2023-09-13,176.50999450683594,177.3000030517578,173.97999572753906,174.2100067138672,171.88525390625,84267900
AAPL,2023-09-14,174.0,176.10000610351562,173.5800018310547,175.74000549316406,173.3948211669922,60895800
AAPL,2023-09-15,176.47999572753906,176.5,173.82000732421875,175.00999450683594,172.674560546875,109259500
AAPL,2023-09-18,176.47999572753906,179.3800048828125,176.1699981689453,177.97000122070312,175.59507751464844,67257600
AAPL,2023-09-19,177.52000427246094,179.6300048828125,177.1300048828125,179.07000732421875,176.68035888671875,51826900
AAPL,2023-09-20,179.25999450683594,179.6999969482422,175.39999389648438,175.49000549316406,173.1481475830078,58436200
AAPL,2023-09-21,174.5500030517578,176.3000030517578,173.86000061035156,173.92999267578125,171.60897827148438,63149100
AAPL,2023-09-22,174.6699981689453,177.0800018310547,174.0500030517578,174.7899932861328,172.4574737548828,56725400
AAPL,2023-09-25,174.1999969482422,176.97000122070312,174.14999389648438,176.0800018310547,173.7302703857422,46172700
AAPL,2023-09-26,174.82000732421875,175.1999969482422,171.66000366210938,171.9600067138672,169.66526794433594,64588900
AAPL,2023-09-27,172.6199951171875,173.0399932861328,169.0500030517578,170.42999267578125,168.1556854248047,66921800
AAPL,2023-09-28,169.33999633789062,172.02999877929688,167.6199951171875,170.69000244140625,168.41220092773438,56294400
AAPL,2023-09-29,172.02000427246094,173.07000732421875,170.33999633789062,171.2100067138672,168.9252471923828,51861100
AAPL,2023-10-02,171.22000122070312,174.3000030517578,170.92999267578125,173.75,171.43138122558594,52164500
AAPL,2023-10-03,172.25999450683594,173.6300048828125,170.82000732421875,172.39999389648438,170.09939575195312,49594600
AAPL,2023-10-04,171.08999633789062,174.2100067138672,170.97000122070312,173.66000366210938,171.3425750732422,53020300
AAPL,2023-10-05,173.7899932861328,175.4499969482422,172.67999267578125,174.91000366210938,172.57589721679688,48527900
AAPL,2023-10-06,173.8000030517578,177.99000549316406,173.17999267578125,177.49000549316406,175.12147521972656,57266700
AAPL,2023-10-09,176.80999755859375,179.0500030517578,175.8000030517578,178.99000549316406,176.6014404296875,42390800
AAPL,2023-10-10,178.10000610351562,179.72000122070312,177.9499969482422,178.38999938964844,176.0094757080078,43698000
AAPL,2023-10-11,178.1999969482422,179.85000610351562,177.60000610351562,179.8000030517578,177.400634765625,47551100
AAPL,2023-10-12,180.07000732421875,182.33999633789062,179.0399932861328,180.7100067138672,178.29847717285156,56743100
AAPL,2023-10-13,181.4199981689453,181.92999267578125,178.13999938964844,178.85000610351562,176.46331787109375,51427100
AAPL,2023-10-16,176.75,179.0800018310547,176.50999450683594,178.72000122070312,176.3350372314453,52517000
AAPL,2023-10-17,176.64999389648438,178.4199981689453,174.8000030517578,177.14999389648438,174.7860107421875,57549400
AAPL,2023-10-18,175.5800018310547,177.5800018310547,175.11000061035156,175.83999633789062,173.49346923828125,54764400
AAPL,2023-10-19,176.0399932861328,177.83999633789062,175.19000244140625,175.4600067138672,173.1185760498047,59302900
AAPL,2023-10-20,175.30999755859375,175.4199981689453,172.63999938964844,172.8800048828125,170.57298278808594,64244000
AAPL,2023-10-23,170.91000366210938,174.00999450683594,169.92999267578125,173.0,170.69137573242188,55980100
AAPL,2023-10-24,173.0500030517578,173.6699981689453,171.4499969482422,173.44000244140625,171.12550354003906,43816600
AAPL,2023-10-25,171.8800048828125,173.05999755859375,170.64999389648438,171.10000610351562,168.8167266845703,57157000
AAPL,2023-10-26,170.3699951171875,171.3800048828125,165.6699981689453,166.88999938964844,164.66294860839844,70625300
AAPL,2023-10-27,166.91000366210938,168.9600067138672,166.8300018310547,168.22000122070312,165.97515869140625,58499100
AAPL,2023-10-30,169.02000427246094,171.1699981689453,168.8699951171875,170.2899932861328,168.0175323486328,51131000
AAPL,2023-10-31,169.35000610351562,170.89999389648438,167.89999389648438,170.77000427246094,168.4911651611328,44846000
AAPL,2023-11-01,171.0,174.22999572753906,170.1199951171875,173.97000122070312,171.6484375,56934900
AAPL,2023-11-02,175.52000427246094,177.77999877929688,175.4600067138672,177.57000732421875,175.20042419433594,77334800
AAPL,2023-11-03,174.24000549316406,176.82000732421875,173.35000610351562,176.64999389648438,174.29263305664062,79829200
AAPL,2023-11-06,176.3800048828125,179.42999267578125,176.2100067138672,179.22999572753906,176.83824157714844,63841300
AAPL,2023-11-07,179.17999267578125,182.44000244140625,178.97000122070312,181.82000732421875,179.39370727539062,70530000
AAPL,2023-11-08,182.35000610351562,183.4499969482422,181.58999633789062,182.88999938964844,180.44940185546875,49340300
AAPL,2023-11-09,182.9600067138672,184.1199951171875,181.80999755859375,182.41000366210938,179.97581481933594,53763500
AAPL,2023-11-10,183.97000122070312,186.57000732421875,183.52999877929688,186.39999389648438,184.15487670898438,66133400
AAPL,2023-11-13,185.82000732421875,186.02999877929688,184.2100067138672,184.8000030517578,182.5741424560547,43627500
AAPL,2023-11-14,187.6999969482422,188.11000061035156,186.3000030517578,187.44000244140625,185.18234252929688,60108400
AAPL,2023-11-15,187.85000610351562,189.5,187.77999877929688,188.00999450683594,185.74546813964844,53790500
AAPL,2023-11-16,189.57000732421875,190.9600067138672,188.64999389648438,189.7100067138672,187.4249725341797,54412900
AAPL,2023-11-17,190.25,190.3800048828125,188.57000732421875,189.69000244140625,187.4052276611328,50922700
AAPL,2023-11-20,189.88999938964844,191.91000366210938,189.8800048828125,191.4499969482422,189.14402770996094,46505100
AAPL,2023-11-21,191.41000366210938,191.52000427246094,189.74000549316406,190.63999938964844,188.34378051757812,38134500
AAPL,2023-11-22,191.49000549316406,192.92999267578125,190.8300018310547,191.30999755859375,189.0056915283203,39617700
AAPL,2023-11-24,190.8699951171875,190.89999389648438,189.25,189.97000122070312,187.68186950683594,24048300
AAPL,2023-11-27,189.9199981689453,190.6699981689453,188.89999389648438,189.7899932861328,187.5040283203125,40552600
AAPL,2023-11-28,189.77999877929688,191.0800018310547,189.39999389648438,190.39999389648438,188.106689453125,38415400
AAPL,2023-11-29,190.89999389648438,192.08999633789062,188.97000122070312,189.3699951171875,187.08909606933594,43014200
AAPL,2023-11-30,189.83999633789062,190.32000732421875,188.19000244140625,189.9499969482422,187.66209411621094,48794400
AAPL,2023-12-01,190.3300018310547,191.55999755859375,189.22999572753906,191.24000549316406,188.9365692138672,45704800
AAPL,2023-12-04,189.97999572753906,190.0500030517578,187.4499969482422,189.42999267578125,187.14834594726562,43389500
AAPL,2023-12-05,190.2100067138672,194.39999389648438,190.17999267578125,193.4199981689453,191.09030151367188,66628400
AAPL,2023-12-06,194.4499969482422,194.75999450683594,192.11000061035156,192.32000732421875,190.00355529785156,41089700
AAPL,2023-12-07,193.6300048828125,195.0,193.58999633789062,194.27000427246094,191.93006896972656,47477700
AAPL,2023-12-08,194.1999969482422,195.99000549316406,193.6699981689453,195.7100067138672,193.3527374267578,53406400
AAPL,2023-12-11,193.11000061035156,193.49000549316406,191.4199981689453,193.17999267578125,190.85316467285156,60943700
AAPL,2023-12-12,193.0800018310547,194.72000122070312,191.72000122070312,194.7100067138672,192.36476135253906,52696900
AAPL,2023-12-13,195.08999633789062,198.0,194.85000610351562,197.9600067138672,195.57562255859375,70404200
AAPL,2023-12-14,198.02000427246094,199.6199951171875,196.16000366210938,198.11000061035156,195.72378540039062,66831600
AAPL,2023-12-15,197.52999877929688,198.39999389648438,197.0,197.57000732421875,195.19032287597656,128538400
AAPL,2023-12-18,196.08999633789062,196.6300048828125,194.38999938964844,195.88999938964844,193.53054809570312,55751900
AAPL,2023-12-19,196.16000366210938,196.9499969482422,195.88999938964844,196.94000244140625,194.5679168701172,40714100
AAPL,2023-12-20,196.89999389648438,197.67999267578125,194.8300018310547,194.8300018310547,192.48330688476562,52242800
AAPL,2023-12-21,196.10000610351562,197.0800018310547,193.5,194.67999267578125,192.33514404296875,46482500
AAPL,2023-12-22,195.17999267578125,195.41000366210938,192.97000122070312,193.60000610351562,191.2681427001953,37149600
AAPL,2023-12-26,193.61000061035156,193.88999938964844,192.8300018310547,193.0500030517578,190.7247772216797,28919300
AAPL,2023-12-27,192.49000549316406,193.5,191.08999633789062,193.14999389648438,190.82354736328125,48087700
AAPL,2023-12-28,194.13999938964844,194.66000366210938,193.1699981689453,193.5800018310547,191.24838256835938,34049900
AAPL,2023-12-29,193.89999389648438,194.39999389648438,191.72999572753906,192.52999877929688,190.2110137939453,42672100
AAPL,2024-01-02,187.14999389648438,188.44000244140625,183.88999938964844,185.63999938964844,183.40402221679688,82488700
AAPL,2024-01-03,184.22000122070312,185.8800048828125,183.42999267578125,184.25,182.03076171875,58414500
AAPL,2024-01-04,182.14999389648438,183.08999633789062,180.8800048828125,181.91000366210938,179.71893310546875,71983600
AAPL,2024-01-05,181.99000549316406,182.75999450683594,180.1699981689453,181.17999267578125,178.9977264404297,62379700
AAPL,2024-01-08,182.08999633789062,185.60000610351562,181.5,185.55999755859375,183.32498168945312,59144500
AAPL,2024-01-09,183.9199981689453,185.14999389648438,182.72999572753906,185.13999938964844,182.9100341796875,42841800
AAPL,2024-01-10,184.35000610351562,186.39999389648438,183.9199981689453,186.19000244140625,183.94735717773438,46792900
AAPL,2024-01-11,186.5399932861328,187.0500030517578,183.6199951171875,185.58999633789062,183.3545684814453,49128400
AAPL,2024-01-12,186.05999755859375,186.74000549316406,185.19000244140625,185.9199981689453,183.68063354492188,40477800
AAPL,2024-01-16,182.16000366210938,184.25999450683594,180.92999267578125,183.6300048828125,181.418212890625,65603000
AAPL,2024-01-17,181.27000427246094,182.92999267578125,180.3000030517578,182.67999267578125,180.4796600341797,47317400
AAPL,2024-01-18,186.08999633789062,189.13999938964844,185.8300018310547,188.6300048828125,186.35800170898438,78005800
AAPL,2024-01-19,189.3300018310547,191.9499969482422,188.82000732421875,191.55999755859375,189.25270080566406,68903000
AAPL,2024-01-22,192.3000030517578,195.3300018310547,192.25999450683594,193.88999938964844,191.5546417236328,60133900
AAPL,2024-01-23,195.02000427246094,195.75,193.8300018310547,195.17999267578125,192.82908630371094,42355600
AAPL,2024-01-24,195.4199981689453,196.3800048828125,194.33999633789062,194.5,192.15728759765625,53631300
AAPL,2024-01-25,195.22000122070312,196.27000427246094,193.11000061035156,194.1699981689453,191.83128356933594,54822100
AAPL,2024-01-26,194.27000427246094,194.75999450683594,191.94000244140625,192.4199981689453,190.10235595703125,44594000
AAPL,2024-01-29,192.00999450683594,192.1999969482422,189.5800018310547,191.72999572753906,189.42066955566406,47145600
AAPL,2024-01-30,190.94000244140625,191.8000030517578,187.47000122070312,188.0399932861328,185.7751007080078,55859400
AAPL,2024-01-31,187.0399932861328,187.10000610351562,184.35000610351562,184.39999389648438,182.17893981933594,55467800
AAPL,2024-02-01,183.99000549316406,186.9499969482422,183.82000732421875,186.86000061035156,184.6093292236328,64885400
AAPL,2024-02-02,179.86000061035156,187.3300018310547,179.25,185.85000610351562,183.6114959716797,102551700
AAPL,2024-02-05,188.14999389648438,189.25,185.83999633789062,187.67999267578125,185.41943359375,69668800
AAPL,2024-02-06,186.86000061035156,189.30999755859375,186.77000427246094,189.3000030517578,187.01992797851562,43490800
AAPL,2024-02-07,190.63999938964844,191.0500030517578,188.61000061035156,189.41000366210938,187.12860107421875,53439000
AAPL,2024-02-08,189.38999938964844,189.5399932861328,187.35000610351562,188.32000732421875,186.05172729492188,40962000
AAPL,2024-02-09,188.64999389648438,189.99000549316406,188.0,188.85000610351562,186.8134002685547,45155200
AAPL,2024-02-12,188.4199981689453,188.6699981689453,186.7899932861328,187.14999389648438,185.1317596435547,41781900
AAPL,2024-02-13,185.77000427246094,186.2100067138672,183.50999450683594,185.0399932861328,183.04452514648438,56529500
AAPL,2024-02-14,185.32000732421875,185.52999877929688,182.44000244140625,184.14999389648438,182.16409301757812,54630500
AAPL,2024-02-15,183.5500030517578,184.49000549316406,181.35000610351562,183.86000061035156,181.8772430419922,65434500
AAPL,2024-02-16,183.4199981689453,184.85000610351562,181.6699981689453,182.30999755859375,180.3439483642578,49752500
AAPL,2024-02-20,181.7899932861328,182.42999267578125,180.0,181.55999755859375,179.60203552246094,53665600
AAPL,2024-02-21,181.94000244140625,182.88999938964844,180.66000366210938,182.32000732421875,180.3538360595703,41371400
AAPL,2024-02-22,183.47999572753906,184.9600067138672,182.4600067138672,184.3699951171875,182.38174438476562,52292200
AAPL,2024-02-23,185.00999450683594,185.0399932861328,182.22999572753906,182.52000427246094,180.55169677734375,45119700
AAPL,2024-02-26,182.24000549316406,182.75999450683594,180.64999389648438,181.16000366210938,179.20635986328125,40867400
AAPL,2024-02-27,181.10000610351562,183.9199981689453,179.55999755859375,182.6300048828125,180.66050720214844,54318900
AAPL,2024-02-28,182.50999450683594,183.1199951171875,180.1300048828125,181.4199981689453,179.4635467529297,48953900
AAPL,2024-02-29,181.27000427246094,182.57000732421875,179.52999877929688,180.75,178.80079650878906,136682600
AAPL,2024-03-01,179.5500030517578,180.52999877929688,177.3800048828125,179.66000366210938,177.7225341796875,73563100
AAPL,2024-03-04,176.14999389648438,176.89999389648438,173.7899932861328,175.10000610351562,173.21173095703125,81510100
AAPL,2024-03-05,170.75999450683594,172.0399932861328,169.6199951171875,170.1199951171875,168.28541564941406,95132400
AAPL,2024-03-06,171.05999755859375,171.24000549316406,168.67999267578125,169.1199951171875,167.29620361328125,68587700
AAPL,2024-03-07,169.14999389648438,170.72999572753906,168.49000549316406,169.0,167.177490234375,71765100
AAPL,2024-03-08,169.0,173.6999969482422,168.94000244140625,170.72999572753906,168.88882446289062,76267000
AAPL,2024-03-11,172.94000244140625,174.3800048828125,172.0500030517578,172.75,170.8870391845703,60139500
AAPL,2024-03-12,173.14999389648438,174.02999877929688,171.00999450683594,173.22999572753906,171.36184692382812,59825400
AAPL,2024-03-13,172.77000427246094,173.19000244140625,170.75999450683594,171.1300048828125,169.2845458984375,52488700
AAPL,2024-03-14,172.91000366210938,174.30999755859375,172.0500030517578,173.0,171.13433837890625,72913500
AAPL,2024-03-15,171.1699981689453,172.6199951171875,170.2899932861328,172.6199951171875,170.75843811035156,121752700
AAPL,2024-03-18,175.57000732421875,177.7100067138672,173.52000427246094,173.72000122070312,171.84658813476562,75604200
AAPL,2024-03-19,174.33999633789062,176.61000061035156,173.02999877929688,176.0800018310547,174.18115234375,55215200
AAPL,2024-03-20,175.72000122070312,178.6699981689453,175.08999633789062,178.6699981689453,176.7432098388672,53423100
AAPL,2024-03-21,177.0500030517578,177.49000549316406,170.83999633789062,171.3699951171875,169.5218963623047,106181300
AAPL,2024-03-22,171.75999450683594,173.0500030517578,170.05999755859375,172.27999877929688,170.422119140625,71160100
AAPL,2024-03-25,170.57000732421875,171.94000244140625,169.4499969482422,170.85000610351562,169.00753784179688,54288300
AAPL,2024-03-26,170.0,171.4199981689453,169.5800018310547,169.7100067138672,167.87982177734375,57388400
AAPL,2024-03-27,170.41000366210938,173.60000610351562,170.11000061035156,173.30999755859375,171.44100952148438,60273300
AAPL,2024-03-28,171.75,172.22999572753906,170.50999450683594,171.47999572753906,169.63072204589844,65672700
AAPL,2024-04-01,171.19000244140625,171.25,169.47999572753906,170.02999877929688,168.1963653564453,46240500
AAPL,2024-04-02,169.0800018310547,169.33999633789062,168.22999572753906,168.83999633789062,167.0192108154297,49329500
AAPL,2024-04-03,168.7899932861328,170.67999267578125,168.5800018310547,169.64999389648438,167.82046508789062,47691700
AAPL,2024-04-04,170.2899932861328,171.9199981689453,168.82000732421875,168.82000732421875,166.99942016601562,53704400
AAPL,2024-04-05,169.58999633789062,170.38999938964844,168.9499969482422,169.5800018310547,167.751220703125,42104800
AAPL,2024-04-08,169.02999877929688,169.1999969482422,168.24000549316406,168.4499969482422,166.63343811035156,37425500
AAPL,2024-04-09,168.6999969482422,170.0800018310547,168.35000610351562,169.6699981689453,167.84027099609375,42373800
AAPL,2024-04-10,168.8000030517578,169.08999633789062,167.11000061035156,167.77999877929688,165.97064208984375,49709300
AAPL,2024-04-11,168.33999633789062,175.4600067138672,168.16000366210938,175.0399932861328,173.15232849121094,91070300
AAPL,2024-04-12,174.25999450683594,178.36000061035156,174.2100067138672,176.5500030517578,174.64605712890625,101670900
AAPL,2024-04-15,175.36000061035156,176.6300048828125,172.5,172.69000244140625,170.8277130126953,73531800
AAPL,2024-04-16,171.75,173.75999450683594,168.27000427246094,169.3800048828125,167.55340576171875,73711200
AAPL,2024-04-17,169.61000061035156,170.64999389648438,168.0,168.0,166.18826293945312,50901200
AAPL,2024-04-18,168.02999877929688,168.63999938964844,166.5500030517578,167.0399932861328,165.23861694335938,43122900
AAPL,2024-04-19,166.2100067138672,166.39999389648438,164.0800018310547,165.0,163.22061157226562,68149400
AAPL,2024-04-22,165.52000427246094,167.25999450683594,164.77000427246094,165.83999633789062,164.05157470703125,48116400
AAPL,2024-04-23,165.35000610351562,167.0500030517578,164.9199981689453,166.89999389648438,165.10011291503906,49537800
AAPL,2024-04-24,166.5399932861328,169.3000030517578,166.2100067138672,169.02000427246094,167.19729614257812,48251800
AAPL,2024-04-25,169.52999877929688,170.61000061035156,168.14999389648438,169.88999938964844,168.0579071044922,50558300
AAPL,2024-04-26,169.8800048828125,171.33999633789062,169.17999267578125,169.3000030517578,167.4742431640625,44838400
AAPL,2024-04-29,173.3699951171875,176.02999877929688,173.10000610351562,173.5,171.6289520263672,68169400
AAPL,2024-04-30,173.3300018310547,174.99000549316406,170.0,170.3300018310547,168.4931640625,65934800
AAPL,2024-05-01,169.5800018310547,172.7100067138672,169.11000061035156,169.3000030517578,167.4742431640625,50383100
AAPL,2024-05-02,172.50999450683594,173.4199981689453,170.88999938964844,173.02999877929688,171.16403198242188,94214900
AAPL,2024-05-03,186.64999389648438,187.0,182.66000366210938,183.3800048828125,181.4024200439453,163224100
AAPL,2024-05-06,182.35000610351562,184.1999969482422,180.4199981689453,181.7100067138672,179.7504119873047,78569700
AAPL,2024-05-07,183.4499969482422,184.89999389648438,181.32000732421875,182.39999389648438,180.43295288085938,77305800
AAPL,2024-05-08,182.85000610351562,183.07000732421875,181.4499969482422,182.74000549316406,180.769287109375,45057100
AAPL,2024-05-09,182.55999755859375,184.66000366210938,182.11000061035156,184.57000732421875,182.57960510253906,48983000
AAPL,2024-05-10,184.89999389648438,185.08999633789062,182.1300048828125,183.0500030517578,181.32156372070312,50759500
AAPL,2024-05-13,185.44000244140625,187.10000610351562,184.6199951171875,186.27999877929688,184.52108764648438,72044800
AAPL,2024-05-14,187.50999450683594,188.3000030517578,186.2899932861328,187.42999267578125,185.66021728515625,52393600
AAPL,2024-05-15,187.91000366210938,190.64999389648438,187.3699951171875,189.72000122070312,187.92860412597656,70400000
AAPL,2024-05-16,190.47000122070312,191.10000610351562,189.66000366210938,189.83999633789062,188.0474395751953,52845200
AAPL,2024-05-17,189.50999450683594,190.80999755859375,189.17999267578125,189.8699951171875,188.07717895507812,41282900
AAPL,2024-05-20,189.3300018310547,191.9199981689453,189.00999450683594,191.0399932861328,189.2361297607422,44361300
AAPL,2024-05-21,191.08999633789062,192.72999572753906,190.9199981689453,192.35000610351562,190.5337677001953,42309400
AAPL,2024-05-22,192.27000427246094,192.82000732421875,190.27000427246094,190.89999389648438,189.09744262695312,34648500
AAPL,2024-05-23,190.97999572753906,191.0,186.6300048828125,186.8800048828125,185.11541748046875,51005900
AAPL,2024-05-24,188.82000732421875,190.5800018310547,188.0399932861328,189.97999572753906,188.18612670898438,36327000
AAPL,2024-05-28,191.50999450683594,193.0,189.10000610351562,189.99000549316406,188.196044921875,52280100
AAPL,2024-05-29,189.61000061035156,192.25,189.50999450683594,190.2899932861328,188.49322509765625,53068000
AAPL,2024-05-30,190.75999450683594,192.17999267578125,190.6300048828125,191.2899932861328,189.48377990722656,49889100
AAPL,2024-05-31,191.44000244140625,192.57000732421875,189.91000366210938,192.25,190.43470764160156,75158300
AAPL,2024-06-03,192.89999389648438,194.99000549316406,192.52000427246094,194.02999877929688,192.19789123535156,50080500
AAPL,2024-06-04,194.63999938964844,195.32000732421875,193.02999877929688,194.35000610351562,192.514892578125,47471400
AAPL,2024-06-05,195.39999389648438,196.89999389648438,194.8699951171875,195.8699951171875,194.02053833007812,54156800
AAPL,2024-06-06,195.69000244140625,196.5,194.1699981689453,194.47999572753906,192.64364624023438,41181800
AAPL,2024-06-07,194.64999389648438,196.94000244140625,194.13999938964844,196.88999938964844,195.0308837890625,53103900
AAPL,2024-06-10,196.89999389648438,197.3000030517578,192.14999389648438,193.1199951171875,191.29649353027344,97010200
AAPL,2024-06-11,193.64999389648438,207.16000366210938,193.6300048828125,207.14999389648438,205.1939697265625,172373300
AAPL,2024-06-12,207.3699951171875,220.1999969482422,206.89999389648438,213.07000732421875,211.05813598632812,198134300
AAPL,2024-06-13,214.74000549316406,216.75,211.60000610351562,214.24000549316406,212.21705627441406,97862700
AAPL,2024-06-14,213.85000610351562,215.1699981689453,211.3000030517578,212.49000549316406,210.48361206054688,70122700
AAPL,2024-06-17,213.3699951171875,218.9499969482422,212.72000122070312,216.6699981689453,214.62413024902344,93728300
AAPL,2024-06-18,217.58999633789062,218.6300048828125,213.0,214.2899932861328,212.26658630371094,79943300
AAPL,2024-06-20,213.92999267578125,214.24000549316406,208.85000610351562,209.67999267578125,207.70010375976562,86172500
AAPL,2024-06-21,210.38999938964844,211.88999938964844,207.11000061035156,207.49000549316406,205.53082275390625,241805100
AAPL,2024-06-24,207.72000122070312,212.6999969482422,206.58999633789062,208.13999938964844,206.17465209960938,80727000
AAPL,2024-06-25,209.14999389648438,211.3800048828125,208.61000061035156,209.07000732421875,207.0959014892578,55549700
AAPL,2024-06-26,211.5,214.86000061035156,210.63999938964844,213.25,211.23641967773438,66213200
AAPL,2024-06-27,214.69000244140625,215.74000549316406,212.35000610351562,214.10000610351562,212.07839965820312,49772700
AAPL,2024-06-28,215.77000427246094,216.07000732421875,210.3000030517578,210.6199951171875,208.63124084472656,82542700
AAPL,2024-07-01,212.08999633789062,217.50999450683594,211.9199981689453,216.75,214.70335388183594,60402900
AAPL,2024-07-02,216.14999389648438,220.3800048828125,215.10000610351562,220.27000427246094,218.19012451171875,58046200
AAPL,2024-07-03,220.0,221.5500030517578,219.02999877929688,221.5500030517578,219.45802307128906,37369800
AAPL,2024-07-05,221.64999389648438,226.4499969482422,221.64999389648438,226.33999633789062,224.2028045654297,60412400
AAPL,2024-07-08,227.08999633789062,227.85000610351562,223.25,227.82000732421875,225.66885375976562,59085900
AAPL,2024-07-09,227.92999267578125,229.39999389648438,226.3699951171875,228.67999267578125,226.5207061767578,48076100
AAPL,2024-07-10,229.3000030517578,233.0800018310547,229.25,232.97999572753906,230.78013610839844,62627700
AAPL,2024-07-11,231.38999938964844,232.38999938964844,225.77000427246094,227.57000732421875,225.42120361328125,64710600
AAPL,2024-07-12,228.9199981689453,232.63999938964844,228.67999267578125,230.5399932861328,228.3631591796875,53046500
AAPL,2024-07-15,236.47999572753906,237.22999572753906,233.08999633789062,234.39999389648438,232.1867218017578,62631300
AAPL,2024-07-16,235.0,236.27000427246094,232.3300018310547,234.82000732421875,232.6027374267578,43234300
AAPL,2024-07-17,229.4499969482422,231.4600067138672,226.63999938964844,228.8800048828125,226.71884155273438,57345900
AAPL,2024-07-18,230.27999877929688,230.44000244140625,222.27000427246094,224.17999267578125,222.06321716308594,66034600
AAPL,2024-07-19,224.82000732421875,226.8000030517578,223.27999877929688,224.30999755859375,222.1919708251953,49151500
AAPL,2024-07-22,227.00999450683594,227.77999877929688,223.08999633789062,223.9600067138672,221.84530639648438,48201800
AAPL,2024-07-23,224.3699951171875,226.94000244140625,222.67999267578125,225.00999450683594,222.8853759765625,39960300
AAPL,2024-07-24,224.0,224.8000030517578,217.1300048828125,218.5399932861328,216.47647094726562,61777600
AAPL,2024-07-25,218.92999267578125,220.85000610351562,214.6199951171875,217.49000549316406,215.43638610839844,51391200
AAPL,2024-07-26,218.6999969482422,219.49000549316406,216.00999450683594,217.9600067138672,215.9019775390625,41601300
AAPL,2024-07-29,216.9600067138672,219.3000030517578,215.75,218.24000549316406,216.17930603027344,36311800
AAPL,2024-07-30,219.19000244140625,220.3300018310547,216.1199951171875,218.8000030517578,216.73397827148438,41643800
AAPL,2024-07-31,221.44000244140625,223.82000732421875,220.6300048828125,222.0800018310547,219.98301696777344,50036300
AAPL,2024-08-01,224.3699951171875,224.47999572753906,217.02000427246094,218.36000061035156,216.29815673828125,62501000
AAPL,2024-08-02,219.14999389648438,225.60000610351562,217.7100067138672,219.86000061035156,217.78399658203125,105568600
AAPL,2024-08-05,199.08999633789062,213.5,196.0,209.27000427246094,207.29400634765625,119548600
AAPL,2024-08-06,205.3000030517578,209.99000549316406,201.07000732421875,207.22999572753906,205.27325439453125,69660500
AAPL,2024-08-07,206.89999389648438,213.63999938964844,206.38999938964844,209.82000732421875,207.8387908935547,63516400
AAPL,2024-08-08,213.11000061035156,214.1999969482422,208.8300018310547,213.30999755859375,211.2958526611328,47161100
AAPL,2024-08-09,212.10000610351562,216.77999877929688,211.97000122070312,216.24000549316406,214.19821166992188,42201600
AAPL,2024-08-12,216.07000732421875,219.50999450683594,215.60000610351562,217.52999877929688,215.7254180908203,38028100
AAPL,2024-08-13,219.00999450683594,221.88999938964844,219.00999450683594,221.27000427246094,219.43438720703125,44155300
AAPL,2024-08-14,220.57000732421875,223.02999877929688,219.6999969482422,221.72000122070312,219.88067626953125,41960600
AAPL,2024-08-15,224.60000610351562,225.35000610351562,222.75999450683594,224.72000122070312,222.85577392578125,46414000
AAPL,2024-08-16,223.9199981689453,226.8300018310547,223.64999389648438,226.0500030517578,224.17474365234375,44340200
AAPL,2024-08-19,225.72000122070312,225.99000549316406,223.0399932861328,225.88999938964844,224.01608276367188,40687800
AAPL,2024-08-20,225.77000427246094,227.1699981689453,225.4499969482422,226.50999450683594,224.63092041015625,30299000
AAPL,2024-08-21,226.52000427246094,227.97999572753906,225.0500030517578,226.39999389648438,224.52183532714844,34765500
AAPL,2024-08-22,227.7899932861328,228.33999633789062,223.89999389648438,224.52999877929688,222.66734313964844,43695300
AAPL,2024-08-23,225.66000366210938,228.22000122070312,224.3300018310547,226.83999633789062,224.95816040039062,38677300
AAPL,2024-08-26,226.75999450683594,227.27999877929688,223.88999938964844,227.17999267578125,225.29534912109375,30602200
AAPL,2024-08-27,226.0,228.85000610351562,224.88999938964844,228.02999877929688,226.1383056640625,35934600
AAPL,2024-08-28,227.9199981689453,229.86000061035156,225.67999267578125,226.49000549316406,224.61106872558594,38052200
AAPL,2024-08-29,230.10000610351562,232.9199981689453,228.8800048828125,229.7899932861328,227.88369750976562,51906300
AAPL,2024-08-30,230.19000244140625,230.39999389648438,227.47999572753906,229.0,227.1002655029297,52990800
AAPL,2024-09-03,228.5500030517578,229.0,221.1699981689453,222.77000427246094,220.9219512939453,50190600
AAPL,2024-09-04,221.66000366210938,221.77999877929688,217.47999572753906,220.85000610351562,219.01788330078125,43840200
AAPL,2024-09-05,221.6300048828125,225.47999572753906,221.52000427246094,222.3800048828125,220.5352020263672,36615400
AAPL,2024-09-06,223.9499969482422,225.24000549316406,219.77000427246094,220.82000732421875,218.98814392089844,48423000
AAPL,2024-09-09,220.82000732421875,221.27000427246094,216.7100067138672,220.91000366210938,219.07737731933594,67180000
AAPL,2024-09-10,218.9199981689453,221.47999572753906,216.72999572753906,220.11000061035156,218.2840118408203,51591000
AAPL,2024-09-11,221.4600067138672,223.08999633789062,217.88999938964844,222.66000366210938,220.81285095214844,44587100
AAPL,2024-09-12,222.5,223.5500030517578,219.82000732421875,222.77000427246094,220.9219512939453,37455600
AAPL,2024-09-13,223.5800018310547,224.0399932861328,221.91000366210938,222.5,220.6541748046875,36766600
AAPL,2024-09-16,216.5399932861328,217.22000122070312,213.9199981689453,216.32000732421875,214.5254669189453,59357400
AAPL,2024-09-17,215.75,216.89999389648438,214.5,216.7899932861328,214.99154663085938,45519300
AAPL,2024-09-18,217.5500030517578,222.7100067138672,217.5399932861328,220.69000244140625,218.85919189453125,59894900
AAPL,2024-09-19,224.99000549316406,229.82000732421875,224.6300048828125,228.8699951171875,226.97132873535156,66781300
AAPL,2024-09-20,229.97000122070312,233.08999633789062,227.6199951171875,228.1999969482422,226.30691528320312,318679900
AAPL,2024-09-23,227.33999633789062,229.4499969482422,225.80999755859375,226.47000122070312,224.5912628173828,54146000
AAPL,2024-09-24,228.64999389648438,229.35000610351562,225.72999572753906,227.3699951171875,225.48377990722656,43556100
AAPL,2024-09-25,224.92999267578125,227.2899932861328,224.02000427246094,226.3699951171875,224.49208068847656,42308700
AAPL,2024-09-26,227.3000030517578,228.5,225.41000366210938,227.52000427246094,225.6325225830078,36636700
AAPL,2024-09-27,228.4600067138672,229.52000427246094,227.3000030517578,227.7899932861328,225.90029907226562,34026000
AAPL,2024-09-30,230.0399932861328,233.0,229.64999389648438,233.0,231.06707763671875,54541900
AAPL,2024-10-01,229.52000427246094,229.64999389648438,223.74000549316406,226.2100067138672,224.3334197998047,63285000
AAPL,2024-10-02,225.88999938964844,227.3699951171875,223.02000427246094,226.77999877929688,224.89869689941406,32880600
AAPL,2024-10-03,225.13999938964844,226.80999755859375,223.32000732421875,225.6699981689453,223.79786682128906,34044200
AAPL,2024-10-04,227.89999389648438,228.0,224.1300048828125,226.8000030517578,224.9185028076172,37245100
AAPL,2024-10-07,224.5,225.69000244140625,221.3300018310547,221.69000244140625,219.8509063720703,39505400
AAPL,2024-10-08,224.3000030517578,225.97999572753906,223.25,225.77000427246094,223.8970489501953,31855700
AAPL,2024-10-09,225.22999572753906,229.75,224.8300018310547,229.5399932861328,227.6357879638672,33591100
AAPL,2024-10-10,227.77999877929688,229.5,227.1699981689453,229.0399932861328,227.13992309570312,28183500
AAPL,2024-10-11,229.3000030517578,229.41000366210938,227.33999633789062,227.5500030517578,225.6623077392578,31759200
AAPL,2024-10-14,228.6999969482422,231.72999572753906,228.60000610351562,231.3000030517578,229.3811798095703,39882100
AAPL,2024-10-15,233.61000061035156,237.49000549316406,232.3699951171875,233.85000610351562,231.91001892089844,64751400
AAPL,2024-10-16,231.60000610351562,232.1199951171875,229.83999633789062,231.77999877929688,229.857177734375,34082200
AAPL,2024-10-17,233.42999267578125,233.85000610351562,230.52000427246094,232.14999389648438,230.22412109375,32993800
AAPL,2024-10-18,236.17999267578125,236.17999267578125,234.00999450683594,235.0,233.05047607421875,46431500
AAPL,2024-10-21,234.4499969482422,236.85000610351562,234.4499969482422,236.47999572753906,234.51820373535156,36254500
AAPL,2024-10-22,233.88999938964844,236.22000122070312,232.60000610351562,235.86000061035156,233.9033660888672,38846600
AAPL,2024-10-23,234.0800018310547,235.13999938964844,227.75999450683594,230.75999450683594,228.84564208984375,52287000
AAPL,2024-10-24,229.97999572753906,230.82000732421875,228.41000366210938,230.57000732421875,228.65725708007812,31109500
AAPL,2024-10-25,229.74000549316406,233.22000122070312,229.57000732421875,231.41000366210938,229.4902801513672,38802300
AAPL,2024-10-28,233.32000732421875,234.72999572753906,232.5500030517578,233.39999389648438,231.46376037597656,36087100
AAPL,2024-10-29,233.10000610351562,234.3300018310547,232.32000732421875,233.6699981689453,231.73153686523438,35417200
AAPL,2024-10-30,232.61000061035156,233.47000122070312,229.5500030517578,230.10000610351562,228.19113159179688,47070900
AAPL,2024-10-31,229.33999633789062,229.8300018310547,225.3699951171875,225.91000366210938,224.03591918945312,64370100
AAPL,2024-11-01,220.97000122070312,225.35000610351562,220.27000427246094,222.91000366210938,221.06077575683594,65276700
AAPL,2024-11-04,220.99000549316406,222.7899932861328,219.7100067138672,222.00999450683594,220.168212890625,44944500
AAPL,2024-11-05,221.8000030517578,223.9499969482422,221.13999938964844,223.4499969482422,221.59629821777344,28111300
AAPL,2024-11-06,222.61000061035156,226.07000732421875,221.19000244140625,222.72000122070312,220.87234497070312,54561100
AAPL,2024-11-07,224.6300048828125,227.8800048828125,224.57000732421875,227.47999572753906,225.5928497314453,42137700
AAPL,2024-11-08,227.1699981689453,228.66000366210938,226.41000366210938,226.9600067138672,225.32481384277344,38328800
AAPL,2024-11-11,225.0,225.6999969482422,221.5,224.22999572753906,222.61447143554688,42005600
AAPL,2024-11-12,224.5500030517578,225.58999633789062,223.36000061035156,224.22999572753906,222.61447143554688,40398300
AAPL,2024-11-13,224.00999450683594,226.64999389648438,222.75999450683594,225.1199951171875,223.49806213378906,48566200
AAPL,2024-11-14,225.02000427246094,228.8699951171875,225.0,228.22000122070312,226.5757293701172,44923900
AAPL,2024-11-15,226.39999389648438,226.9199981689453,224.27000427246094,225.0,223.37893676757812,47923700
AAPL,2024-11-18,225.25,229.74000549316406,225.1699981689453,228.02000427246094,226.37718200683594,44633700
AAPL,2024-11-19,226.97999572753906,230.16000366210938,226.66000366210938,228.27999877929688,226.6352996826172,36211800
AAPL,2024-11-20,228.05999755859375,229.92999267578125,225.88999938964844,229.0,227.35011291503906,35169600
AAPL,2024-11-21,228.8800048828125,230.16000366210938,225.7100067138672,228.52000427246094,226.87359619140625,42108300
AAPL,2024-11-22,228.05999755859375,230.72000122070312,228.05999755859375,229.8699951171875,228.21383666992188,38168300
AAPL,2024-11-25,231.4600067138672,233.25,229.74000549316406,232.8699951171875,231.19224548339844,90152800
AAPL,2024-11-26,233.3300018310547,235.57000732421875,233.3300018310547,235.05999755859375,233.366455078125,45986200
AAPL,2024-11-27,234.47000122070312,235.69000244140625,233.80999755859375,234.92999267578125,233.2373809814453,33498400
AAPL,2024-11-29,234.80999755859375,237.80999755859375,233.97000122070312,237.3300018310547,235.62010192871094,28481400
AAPL,2024-12-02,237.27000427246094,240.7899932861328,237.16000366210938,239.58999633789062,237.8638153076172,48137100
AAPL,2024-12-03,239.80999755859375,242.75999450683594,238.89999389648438,242.64999389648438,240.90174865722656,38861000
AAPL,2024-12-04,242.8699951171875,244.11000061035156,241.25,243.00999450683594,241.25917053222656,44383900
AAPL,2024-12-05,243.99000549316406,244.5399932861328,242.1300048828125,243.0399932861328,241.28895568847656,40033900
AAPL,2024-12-06,242.91000366210938,244.6300048828125,242.0800018310547,242.83999633789062,241.09039306640625,36870600
AAPL,2024-12-09,241.8300018310547,247.24000549316406,241.75,246.75,244.9722442626953,44649200
AAPL,2024-12-10,246.88999938964844,248.2100067138672,245.33999633789062,247.77000427246094,245.98489379882812,36914800
AAPL,2024-12-11,247.9600067138672,250.8000030517578,246.25999450683594,246.49000549316406,244.71409606933594,45205800
AAPL,2024-12-12,246.88999938964844,248.74000549316406,245.67999267578125,247.9600067138672,246.17352294921875,32777500
AAPL,2024-12-13,247.82000732421875,249.2899932861328,246.24000549316406,248.1300048828125,246.34230041503906,33155300
AAPL,2024-12-16,247.99000549316406,251.3800048828125,247.64999389648438,251.0399932861328,249.2313232421875,51694800
AAPL,2024-12-17,250.0800018310547,253.8300018310547,249.77999877929688,253.47999572753906,251.6537322998047,51356400
AAPL,2024-12-18,252.16000366210938,254.27999877929688,247.74000549316406,248.0500030517578,246.26287841796875,56774100
AAPL,2024-12-19,247.5,252.0,247.08999633789062,249.7899932861328,247.99032592773438,60882300
AAPL,2024-12-20,248.0399932861328,255.0,245.69000244140625,254.49000549316406,252.65647888183594,147495300
AAPL,2024-12-23,254.77000427246094,255.64999389648438,253.4499969482422,255.27000427246094,253.43087768554688,40858800
AAPL,2024-12-24,255.49000549316406,258.2099914550781,255.2899932861328,258.20001220703125,256.33978271484375,23234700
AAPL,2024-12-26,258.19000244140625,260.1000061035156,257.6300048828125,259.0199890136719,257.1538391113281,27237100
AAPL,2024-12-27,257.8299865722656,258.70001220703125,253.05999755859375,255.58999633789062,253.74855041503906,42355300
AAPL,2024-12-30,252.22999572753906,253.5,250.75,252.1999969482422,250.38296508789062,35557500
AAPL,2024-12-31,252.44000244140625,253.27999877929688,249.42999267578125,250.4199981689453,248.6157989501953,39480700
AAPL,2025-01-02,248.92999267578125,249.10000610351562,241.82000732421875,243.85000610351562,242.0931396484375,55740700
AAPL,2025-01-03,243.36000061035156,244.17999267578125,241.88999938964844,243.36000061035156,241.60665893554688,40244100
AAPL,2025-01-06,244.30999755859375,247.3300018310547,243.1999969482422,245.0,243.23484802246094,45045600
AAPL,2025-01-07,242.97999572753906,245.5500030517578,241.35000610351562,242.2100067138672,240.4649658203125,40856000
AAPL,2025-01-08,241.9199981689453,243.7100067138672,240.0500030517578,242.6999969482422,240.951416015625,37628900
AAPL,2025-01-10,240.00999450683594,240.16000366210938,233.0,236.85000610351562,235.1435546875,61710900
AAPL,2025-01-13,233.52999877929688,234.6699981689453,229.72000122070312,234.39999389648438,232.71121215820312,49630700
AAPL,2025-01-14,234.75,236.1199951171875,232.47000122070312,233.27999877929688,231.5992889404297,39435300
AAPL,2025-01-15,234.63999938964844,238.9600067138672,234.42999267578125,237.8699951171875,236.15621948242188,39832000
AAPL,2025-01-16,237.35000610351562,238.00999450683594,228.02999877929688,228.25999450683594,226.61544799804688,71759100
AAPL,2025-01-17,232.1199951171875,232.2899932861328,228.47999572753906,229.97999572753906,228.32305908203125,68488300
AAPL,2025-01-21,224.0,224.4199981689453,219.3800048828125,222.63999938964844,221.03594970703125,98070400
AAPL,2025-01-22,219.7899932861328,224.1199951171875,219.7899932861328,223.8300018310547,222.21737670898438,64126500
AAPL,2025-01-23,224.74000549316406,227.02999877929688,222.3000030517578,223.66000366210938,222.048583984375,60234800
AAPL,2025-01-24,224.77999877929688,225.6300048828125,221.41000366210938,222.77999877929688,221.1749267578125,54697900
AAPL,2025-01-27,224.02000427246094,232.14999389648438,223.97999572753906,229.86000061035156,228.20394897460938,94863400
AAPL,2025-01-28,230.85000610351562,240.19000244140625,230.80999755859375,238.25999450683594,236.5434112548828,75707600
AAPL,2025-01-29,234.1199951171875,239.86000061035156,234.00999450683594,239.36000061035156,237.63548278808594,45486100
AAPL,2025-01-30,238.6699981689453,240.7899932861328,237.2100067138672,237.58999633789062,235.87823486328125,55658300
AAPL,2025-01-31,247.19000244140625,247.19000244140625,233.44000244140625,236.0,234.2996826171875,100959800
AAPL,2025-02-03,229.99000549316406,231.8300018310547,225.6999969482422,228.00999450683594,226.3672332763672,73063300
AAPL,2025-02-04,227.25,233.1300048828125,226.64999389648438,232.8000030517578,231.1227569580078,45067300
AAPL,2025-02-05,228.52999877929688,232.6699981689453,228.27000427246094,232.47000122070312,230.7951202392578,39620300
AAPL,2025-02-06,231.2899932861328,233.8000030517578,230.42999267578125,233.22000122070312,231.5397186279297,29925300
AAPL,2025-02-07,232.60000610351562,234.0,227.25999450683594,227.6300048828125,225.989990234375,39707200
AAPL,2025-02-10,229.57000732421875,230.58999633789062,227.1999969482422,227.64999389648438,226.25833129882812,33115600
AAPL,2025-02-11,228.1999969482422,235.22999572753906,228.1300048828125,232.6199951171875,231.19793701171875,53718400
AAPL,2025-02-12,231.1999969482422,236.9600067138672,230.67999267578125,236.8699951171875,235.42196655273438,45243300
AAPL,2025-02-13,236.91000366210938,242.33999633789062,235.57000732421875,241.52999877929688,240.05349731445312,53614100
AAPL,2025-02-14,241.25,245.5500030517578,240.99000549316406,244.60000610351562,243.10470581054688,40896200
AAPL,2025-02-18,244.14999389648438,245.17999267578125,241.83999633789062,244.47000122070312,242.97552490234375,48822500
AAPL,2025-02-19,244.66000366210938,246.00999450683594,243.16000366210938,244.8699951171875,243.37306213378906,32204200
AAPL,2025-02-20,244.94000244140625,246.77999877929688,244.2899932861328,245.8300018310547,244.32720947265625,32316900
AAPL,2025-02-21,245.9499969482422,248.69000244140625,245.22000122070312,245.5500030517578,244.0489044189453,53197400
AAPL,2025-02-24,244.92999267578125,248.86000061035156,244.4199981689453,247.10000610351562,245.5894317626953,51326400
AAPL,2025-02-25,248.0,250.0,244.91000366210938,247.0399932861328,245.52981567382812,48013300
AAPL,2025-02-26,244.3300018310547,244.97999572753906,239.1300048828125,240.36000061035156,238.890625,44433600
AAPL,2025-02-27,239.41000366210938,242.4600067138672,237.05999755859375,237.3000030517578,235.84934997558594,41153600
AAPL,2025-02-28,236.9499969482422,242.08999633789062,230.1999969482422,241.83999633789062,240.36158752441406,56833400
AAPL,2025-03-03,241.7899932861328,244.02999877929688,236.11000061035156,238.02999877929688,236.5748748779297,47184000
AAPL,2025-03-04,237.7100067138672,240.07000732421875,234.67999267578125,235.92999267578125,234.4877166748047,53798100
AAPL,2025-03-05,235.4199981689453,236.5500030517578,229.22999572753906,235.74000549316406,234.2988739013672,47227600
AAPL,2025-03-06,234.44000244140625,237.86000061035156,233.16000366210938,235.3300018310547,233.89138793945312,45170400
AAPL,2025-03-07,235.11000061035156,241.3699951171875,234.75999450683594,239.07000732421875,237.60853576660156,46273600
AAPL,2025-03-10,235.5399932861328,236.16000366210938,224.22000122070312,227.47999572753906,226.08938598632812,72071200
AAPL,2025-03-11,223.80999755859375,225.83999633789062,217.4499969482422,220.83999633789062,219.48997497558594,76137400
AAPL,2025-03-12,220.13999938964844,221.75,214.91000366210938,216.97999572753906,215.653564453125,62547500
AAPL,2025-03-13,215.9499969482422,216.83999633789062,208.4199981689453,209.67999267578125,208.398193359375,61368300
AAPL,2025-03-14,211.25,213.9499969482422,209.5800018310547,213.49000549316406,212.18490600585938,60107600
AAPL,2025-03-17,213.30999755859375,215.22000122070312,209.97000122070312,214.0,212.6917724609375,48073400
AAPL,2025-03-18,214.16000366210938,215.14999389648438,211.49000549316406,212.69000244140625,211.3897705078125,42432400
AAPL,2025-03-19,214.22000122070312,218.75999450683594,213.75,215.24000549316406,213.92420959472656,54385400
AAPL,2025-03-20,213.99000549316406,217.49000549316406,212.22000122070312,214.10000610351562,212.7911834716797,48862900
AAPL,2025-03-21,211.55999755859375,218.83999633789062,211.27999877929688,218.27000427246094,216.9356689453125,94127800
AAPL,2025-03-24,221.0,221.47999572753906,218.5800018310547,220.72999572753906,219.38064575195312,44299500
AAPL,2025-03-25,220.77000427246094,224.10000610351562,220.0800018310547,223.75,222.38218688964844,34493600
AAPL,2025-03-26,223.50999450683594,225.02000427246094,220.47000122070312,221.52999877929688,220.17575073242188,34466100
AAPL,2025-03-27,221.38999938964844,224.99000549316406,220.55999755859375,223.85000610351562,222.4815673828125,37094800
AAPL,2025-03-28,221.6699981689453,223.80999755859375,217.67999267578125,217.89999389648438,216.5679473876953,39818600
AAPL,2025-03-31,217.00999450683594,225.6199951171875,216.22999572753906,222.1300048828125,220.77207946777344,65299300
AAPL,2025-04-01,219.80999755859375,223.67999267578125,218.89999389648438,223.19000244140625,221.8256072998047,36412700
AAPL,2025-04-02,221.32000732421875,225.19000244140625,221.02000427246094,223.88999938964844,222.5213165283203,35905900
AAPL,2025-04-03,205.5399932861328,207.49000549316406,201.25,203.19000244140625,201.9478759765625,103419000
AAPL,2025-04-04,193.88999938964844,199.8800048828125,187.33999633789062,188.3800048828125,187.22842407226562,125910900
AAPL,2025-04-07,177.1999969482422,194.14999389648438,174.6199951171875,181.4600067138672,180.3507080078125,160466300
AAPL,2025-04-08,186.6999969482422,190.33999633789062,169.2100067138672,172.4199981689453,171.365966796875,120859500
AAPL,2025-04-09,171.9499969482422,200.61000061035156,171.88999938964844,198.85000610351562,197.6343994140625,184395900
AAPL,2025-04-10,189.07000732421875,194.77999877929688,183.0,190.4199981689453,189.2559356689453,121880000
AAPL,2025-04-11,186.10000610351562,199.5399932861328,186.05999755859375,198.14999389648438,196.9386749267578,87435900
AAPL,2025-04-14,211.44000244140625,212.94000244140625,201.16000366210938,202.52000427246094,201.28196716308594,101352900
AAPL,2025-04-15,201.86000061035156,203.50999450683594,199.8000030517578,202.13999938964844,200.90428161621094,51343900
AAPL,2025-04-16,198.36000061035156,200.6999969482422,192.3699951171875,194.27000427246094,193.08241271972656,59732400
AAPL,2025-04-17,197.1999969482422,198.8300018310547,194.4199981689453,196.97999572753906,195.7758331298828,52164700
AAPL,2025-04-21,193.27000427246094,193.8000030517578,189.80999755859375,193.16000366210938,191.9791717529297,46742500
AAPL,2025-04-22,196.1199951171875,201.58999633789062,195.97000122070312,199.74000549316406,198.51895141601562,52976400
AAPL,2025-04-23,206.0,208.0,202.8000030517578,204.60000610351562,203.3492431640625,52929200
AAPL,2025-04-24,204.88999938964844,208.8300018310547,202.94000244140625,208.3699951171875,207.09620666503906,47311000
AAPL,2025-04-25,206.3699951171875,209.75,206.1999969482422,209.27999877929688,208.00064086914062,38222300
AAPL,2025-04-28,210.0,211.5,207.4600067138672,210.13999938964844,208.85537719726562,38743100
AAPL,2025-04-29,208.69000244140625,212.24000549316406,208.3699951171875,211.2100067138672,209.91883850097656,36827600
AAPL,2025-04-30,209.3000030517578,213.5800018310547,206.6699981689453,212.5,211.20095825195312,52286500
AAPL,2025-05-01,209.0800018310547,214.55999755859375,208.89999389648438,213.32000732421875,212.01596069335938,57365700
AAPL,2025-05-02,206.08999633789062,206.99000549316406,202.16000366210938,205.35000610351562,204.0946807861328,101010600
AAPL,2025-05-05,203.10000610351562,204.10000610351562,198.2100067138672,198.88999938964844,197.6741485595703,69018500
AAPL,2025-05-06,198.2100067138672,200.64999389648438,197.02000427246094,198.50999450683594,197.29644775390625,51216500
AAPL,2025-05-07,199.1699981689453,199.44000244140625,193.25,196.25,195.05027770996094,68536700
AAPL,2025-05-08,197.72000122070312,200.0500030517578,194.67999267578125,197.49000549316406,196.28271484375,50478900
AAPL,2025-05-09,199.0,200.5399932861328,197.5399932861328,198.52999877929688,197.3163604736328,36453900
AAPL,2025-05-12,210.97000122070312,211.27000427246094,206.75,210.7899932861328,209.77613830566406,63775800
AAPL,2025-05-13,210.42999267578125,213.39999389648438,209.0,212.92999267578125,211.9058380126953,51909300
AAPL,2025-05-14,212.42999267578125,213.94000244140625,210.5800018310547,212.3300018310547,211.3087158203125,49325800
AAPL,2025-05-15,210.9499969482422,212.9600067138672,209.5399932861328,211.4499969482422,210.43295288085938,45029500
AAPL,2025-05-16,212.36000061035156,212.57000732421875,209.77000427246094,211.25999450683594,210.24388122558594,54737900
AAPL,2025-05-19,207.91000366210938,209.47999572753906,204.25999450683594,208.77999877929688,207.7758026123047,46140500
AAPL,2025-05-20,207.6699981689453,208.47000122070312,205.02999877929688,206.86000061035156,205.86505126953125,42496600
AAPL,2025-05-21,205.1699981689453,207.0399932861328,200.7100067138672,202.08999633789062,201.1179962158203,59211800
AAPL,2025-05-22,200.7100067138672,202.75,199.6999969482422,201.36000061035156,200.39149475097656,46742400
AAPL,2025-05-23,193.6699981689453,197.6999969482422,193.4600067138672,195.27000427246094,194.33078002929688,78432900
AAPL,2025-05-27,198.3000030517578,200.74000549316406,197.42999267578125,200.2100067138672,199.24703979492188,56288500
AAPL,2025-05-28,200.58999633789062,202.72999572753906,199.89999389648438,200.4199981689453,199.4560089111328,45339700
AAPL,2025-05-29,203.5800018310547,203.80999755859375,198.50999450683594,199.9499969482422,198.98826599121094,51396800
AAPL,2025-05-30,199.3699951171875,201.9600067138672,196.77999877929688,200.85000610351562,199.8839569091797,70819900
AAPL,2025-06-02,200.27999877929688,202.1300048828125,200.1199951171875,201.6999969482422,200.7298583984375,35423300
AAPL,2025-06-03,201.35000610351562,203.77000427246094,200.9600067138672,203.27000427246094,202.29232788085938,46381600
AAPL,2025-06-04,202.91000366210938,206.24000549316406,202.10000610351562,202.82000732421875,201.844482421875,43604000
AAPL,2025-06-05,203.5,204.75,200.14999389648438,200.6300048828125,199.6649932861328,55126100
AAPL,2025-06-06,203.0,205.6999969482422,202.0500030517578,203.9199981689453,202.93919372558594,46607700
AAPL,2025-06-09,204.38999938964844,206.0,200.02000427246094,201.4499969482422,200.48104858398438,72862600
AAPL,2025-06-10,200.60000610351562,204.35000610351562,200.57000732421875,202.6699981689453,201.6951904296875,54672600
AAPL,2025-06-11,203.5,204.5,198.41000366210938,198.77999877929688,197.82388305664062,60989900
AAPL,2025-06-12,199.0800018310547,199.67999267578125,197.36000061035156,199.1999969482422,198.24188232421875,43904600
AAPL,2025-06-13,199.72999572753906,200.3699951171875,195.6999969482422,196.4499969482422,195.50509643554688,51447300
AAPL,2025-06-16,197.3000030517578,198.69000244140625,196.55999755859375,198.4199981689453,197.46563720703125,43020700
AAPL,2025-06-17,197.1999969482422,198.38999938964844,195.2100067138672,195.63999938964844,194.69900512695312,38856200
AAPL,2025-06-18,195.94000244140625,197.57000732421875,195.07000732421875,196.5800018310547,195.6344757080078,45394700
AAPL,2025-06-20,198.24000549316406,201.6999969482422,196.86000061035156,201.0,200.03323364257812,96813500
AAPL,2025-06-23,201.6300048828125,202.3000030517578,198.9600067138672,201.5,200.5308074951172,55814300
AAPL,2025-06-24,202.58999633789062,203.44000244140625,200.1999969482422,200.3000030517578,199.33657836914062,54064000
AAPL,2025-06-25,201.4499969482422,203.6699981689453,200.6199951171875,201.55999755859375,200.59051513671875,39525700
AAPL,2025-06-26,201.42999267578125,202.63999938964844,199.4600067138672,201.0,200.03323364257812,50799100
AAPL,2025-06-27,201.88999938964844,203.22000122070312,200.0,201.0800018310547,200.11285400390625,73188600
AAPL,2025-06-30,202.00999450683594,207.38999938964844,199.25999450683594,205.1699981689453,204.1831512451172,91912800
AAPL,2025-07-01,206.6699981689453,210.19000244140625,206.13999938964844,207.82000732421875,206.82041931152344,78788900
AAPL,2025-07-02,208.91000366210938,213.33999633789062,208.13999938964844,212.44000244140625,211.41819763183594,67941800
AAPL,2025-07-03,212.14999389648438,214.64999389648438,211.80999755859375,213.5500030517578,212.5228729248047,34955800
AAPL,2025-07-07,212.67999267578125,216.22999572753906,208.8000030517578,209.9499969482422,208.94017028808594,50229000
AAPL,2025-07-08,210.10000610351562,211.42999267578125,208.4499969482422,210.00999450683594,208.9998779296875,42848900
AAPL,2025-07-09,209.52999877929688,211.3300018310547,207.22000122070312,211.13999938964844,210.1244659423828,48749400
AAPL,2025-07-10,210.50999450683594,213.47999572753906,210.02999877929688,212.41000366210938,211.38833618164062,44443600
AAPL,2025-07-11,210.57000732421875,212.1300048828125,209.86000061035156,211.16000366210938,210.14434814453125,39765800
AAPL,2025-07-14,209.92999267578125,210.91000366210938,207.5399932861328,208.6199951171875,207.61656188964844,38840100
AAPL,2025-07-15,209.22000122070312,211.88999938964844,208.9199981689453,209.11000061035156,208.10421752929688,42296300
AAPL,2025-07-16,210.3000030517578,212.39999389648438,208.63999938964844,210.16000366210938,209.149169921875,47490500
AAPL,2025-07-17,210.57000732421875,211.8000030517578,209.58999633789062,210.02000427246094,209.00985717773438,48068100
AAPL,2025-07-18,210.8699951171875,211.7899932861328,209.6999969482422,211.17999267578125,210.16424560546875,48974600
AAPL,2025-07-21,212.10000610351562,215.77999877929688,211.6300048828125,212.47999572753906,211.45799255371094,51377400
AAPL,2025-07-22,213.13999938964844,214.9499969482422,212.22999572753906,214.39999389648438,213.3687744140625,46404100
AAPL,2025-07-23,215.0,215.14999389648438,212.41000366210938,214.14999389648438,213.11996459960938,46989300
AAPL,2025-07-24,213.89999389648438,215.69000244140625,213.52999877929688,213.75999450683594,212.73184204101562,46022600
AAPL,2025-07-25,214.6999969482422,215.24000549316406,213.39999389648438,213.8800048828125,212.8512725830078,40268800
AAPL,2025-07-28,214.02999877929688,214.85000610351562,213.05999755859375,214.0500030517578,213.0204620361328,37858000
AAPL,2025-07-29,214.17999267578125,214.80999755859375,210.82000732421875,211.27000427246094,210.25381469726562,51411700
AAPL,2025-07-30,211.89999389648438,212.38999938964844,207.72000122070312,209.0500030517578,208.04449462890625,45512500
AAPL,2025-07-31,208.49000549316406,209.83999633789062,207.16000366210938,207.57000732421875,206.57162475585938,80698400
AAPL,2025-08-01,210.8699951171875,213.5800018310547,201.5,202.3800048828125,201.40658569335938,104434500
AAPL,2025-08-04,204.50999450683594,207.8800048828125,201.67999267578125,203.35000610351562,202.37193298339844,75109300
AAPL,2025-08-05,203.39999389648438,205.33999633789062,202.16000366210938,202.9199981689453,201.94398498535156,44155100
AAPL,2025-08-06,205.6300048828125,215.3800048828125,205.58999633789062,213.25,212.22430419921875,108483100
AAPL,2025-08-07,218.8800048828125,220.85000610351562,216.5800018310547,220.02999877929688,218.97169494628906,90224800
AAPL,2025-08-08,220.8300018310547,231.0,219.25,229.35000610351562,228.2468719482422,113854000
AAPL,2025-08-11,227.9199981689453,229.55999755859375,224.75999450683594,227.17999267578125,226.34388732910156,61806100
AAPL,2025-08-12,228.00999450683594,230.8000030517578,227.07000732421875,229.64999389648438,228.80479431152344,55626200
AAPL,2025-08-13,231.07000732421875,235.0,230.42999267578125,233.3300018310547,232.47125244140625,69878500
AAPL,2025-08-14,234.05999755859375,235.1199951171875,230.85000610351562,232.77999877929688,231.9232940673828,51916300
AAPL,2025-08-15,234.0,234.27999877929688,229.33999633789062,231.58999633789062,230.73764038085938,56038700
AAPL,2025-08-18,231.6999969482422,233.1199951171875,230.11000061035156,230.88999938964844,230.04022216796875,37476200
AAPL,2025-08-19,231.27999877929688,232.8699951171875,229.35000610351562,230.55999755859375,229.71144104003906,39402600
AAPL,2025-08-20,229.97999572753906,230.47000122070312,225.77000427246094,226.00999450683594,225.17819213867188,42263900
AAPL,2025-08-21,226.27000427246094,226.52000427246094,223.77999877929688,224.89999389648438,224.072265625,30621200
AAPL,2025-08-22,226.1699981689453,229.08999633789062,225.41000366210938,227.75999450683594,226.9217529296875,42477800
AAPL,2025-08-25,226.47999572753906,229.3000030517578,226.22999572753906,227.16000366210938,226.323974609375,30983100
AAPL,2025-08-26,226.8699951171875,229.49000549316406,224.69000244140625,229.30999755859375,228.46604919433594,54575100
AAPL,2025-08-27,228.61000061035156,230.89999389648438,228.25999450683594,230.49000549316406,229.64170837402344,31259500
AAPL,2025-08-28,230.82000732421875,233.41000366210938,229.33999633789062,232.55999755859375,231.7041015625,38074700
AAPL,2025-08-29,232.50999450683594,233.3800048828125,231.3699951171875,232.13999938964844,231.28562927246094,39418400
AAPL,2025-09-02,229.25,230.85000610351562,226.97000122070312,229.72000122070312,228.8745574951172,44075600
AAPL,2025-09-03,237.2100067138672,238.85000610351562,234.36000061035156,238.47000122070312,237.59234619140625,66427800
AAPL,2025-09-04,238.4499969482422,239.89999389648438,236.74000549316406,239.77999877929688,238.89752197265625,47549400
AAPL,2025-09-05,240.0,241.32000732421875,238.49000549316406,239.69000244140625,238.80784606933594,54870400
AAPL,2025-09-08,239.3000030517578,240.14999389648438,236.33999633789062,237.8800048828125,237.0045166015625,48999500
AAPL,2025-09-09,237.0,238.77999877929688,233.36000061035156,234.35000610351562,233.4875030517578,66313900
AAPL,2025-09-10,232.19000244140625,232.4199981689453,225.9499969482422,226.7899932861328,225.955322265625,83440800
AAPL,2025-09-11,226.8800048828125,230.4499969482422,226.64999389648438,230.02999877929688,229.1833953857422,50208600
AAPL,2025-09-12,229.22000122070312,234.50999450683594,229.02000427246094,234.07000732421875,233.20855712890625,55824200
AAPL,2025-09-15,237.0,238.19000244140625,235.02999877929688,236.6999969482422,235.82884216308594,42699500
AAPL,2025-09-16,237.17999267578125,241.22000122070312,236.32000732421875,238.14999389648438,237.2735137939453,63421100
AAPL,2025-09-17,238.97000122070312,240.10000610351562,237.72999572753906,238.99000549316406,238.1104278564453,46508000
AAPL,2025-09-18,239.97000122070312,241.1999969482422,236.64999389648438,237.8800048828125,237.0045166015625,44249600
AAPL,2025-09-19,241.22999572753906,246.3000030517578,240.2100067138672,245.5,244.59645080566406,163741300
AAPL,2025-09-22,248.3000030517578,256.6400146484375,248.1199951171875,256.0799865722656,255.13751220703125,105517400
AAPL,2025-09-23,255.8800048828125,257.3399963378906,253.5800018310547,254.42999267578125,253.49359130859375,60275200
AAPL,2025-09-24,255.22000122070312,255.74000549316406,251.0399932861328,252.30999755859375,251.3813934326172,42303700
AAPL,2025-09-25,253.2100067138672,257.1700134277344,251.7100067138672,256.8699951171875,255.9246063232422,55202100
AAPL,2025-09-26,254.10000610351562,257.6000061035156,253.77999877929688,255.4600067138672,254.51980590820312,46076300
AAPL,2025-09-29,254.55999755859375,255.0,253.00999450683594,254.42999267578125,253.49359130859375,40127700
AAPL,2025-09-30,254.86000061035156,255.9199981689453,253.11000061035156,254.6300048828125,253.69287109375,37704300
AAPL,2025-10-01,255.0399932861328,258.7900085449219,254.92999267578125,255.4499969482422,254.50985717773438,48713900
AAPL,2025-10-02,256.5799865722656,258.17999267578125,254.14999389648438,257.1300048828125,256.18365478515625,42630200
AAPL,2025-10-03,254.6699981689453,259.239990234375,253.9499969482422,258.0199890136719,257.07037353515625,49155600
AAPL,2025-10-06,257.989990234375,259.07000732421875,255.0500030517578,256.69000244140625,255.74530029296875,44664100
AAPL,2025-10-07,256.80999755859375,257.3999938964844,255.42999267578125,256.4800109863281,255.5360565185547,31955800
AAPL,2025-10-08,256.5199890136719,258.5199890136719,256.1099853515625,258.05999755859375,257.1102294921875,36496900
AAPL,2025-10-09,257.80999755859375,258.0,253.13999938964844,254.0399932861328,253.1050262451172,38322000
AAPL,2025-10-10,254.94000244140625,256.3800048828125,244.0,245.27000427246094,244.3673095703125,61999100
AAPL,2025-10-13,249.3800048828125,249.69000244140625,245.55999755859375,247.66000366210938,246.74851989746094,38142900
AAPL,2025-10-14,246.60000610351562,248.85000610351562,244.6999969482422,247.77000427246094,246.8581085205078,35478000
AAPL,2025-10-15,249.49000549316406,251.82000732421875,247.47000122070312,249.33999633789062,248.4223175048828,33893600
AAPL,2025-10-16,248.25,249.0399932861328,245.1300048828125,247.4499969482422,246.53927612304688,39777000
AAPL,2025-10-17,248.02000427246094,253.3800048828125,247.27000427246094,252.2899932861328,251.36146545410156,49147000
AAPL,2025-10-20,255.88999938964844,264.3800048828125,255.6300048828125,262.239990234375,261.27484130859375,90483000
AAPL,2025-10-21,261.8800048828125,265.2900085449219,261.8299865722656,262.7699890136719,261.8028869628906,46695900
AAPL,2025-10-22,262.6499938964844,262.8500061035156,255.42999267578125,258.45001220703125,257.4988098144531,45015300
AAPL,2025-10-23,259.94000244140625,260.6199951171875,258.010009765625,259.5799865722656,258.6246032714844,32754900
AAPL,2025-10-24,261.19000244140625,264.1300048828125,259.17999267578125,262.82000732421875,261.85272216796875,38253700
AAPL,2025-10-27,264.8800048828125,269.1199951171875,264.6499938964844,268.80999755859375,267.8206787109375,44888200
AAPL,2025-10-28,268.989990234375,269.8900146484375,268.1499938964844,269.0,268.0099792480469,41534800
AAPL,2025-10-29,269.2799987792969,271.4100036621094,267.1099853515625,269.70001220703125,268.7073974609375,51086700
AAPL,2025-10-30,271.989990234375,274.1400146484375,268.4800109863281,271.3999938964844,270.401123046875,69886500
AAPL,2025-10-31,276.989990234375,277.32000732421875,269.1600036621094,270.3699951171875,269.37493896484375,86167100
AAPL,2025-11-03,270.4200134277344,270.8500061035156,266.25,269.04998779296875,268.05975341796875,50194600
AAPL,2025-11-04,268.3299865722656,271.489990234375,267.6199951171875,270.0400085449219,269.0461730957031,49274800
AAPL,2025-11-05,268.6099853515625,271.70001220703125,266.92999267578125,270.1400146484375,269.14581298828125,43683100
AAPL,2025-11-06,267.8900146484375,273.3999938964844,267.8900146484375,269.7699890136719,268.7771301269531,51204000
AAPL,2025-11-07,269.79998779296875,272.2900085449219,266.7699890136719,268.4700012207031,267.48193359375,48227400
AAPL,2025-11-10,268.9599914550781,273.7300109863281,267.4599914550781,269.42999267578125,268.6986083984375,41312400
AAPL,2025-11-11,269.80999755859375,275.9100036621094,269.79998779296875,275.25,274.5028076171875,46208300
AAPL,2025-11-12,275.0,275.7300109863281,271.70001220703125,273.4700012207031,272.7276306152344,48398000
AAPL,2025-11-13,274.1099853515625,276.70001220703125,272.0899963378906,272.95001220703125,272.2090759277344,49602800
AAPL,2025-11-14,271.04998779296875,275.9599914550781,269.6000061035156,272.4100036621094,271.6705017089844,47431300
AAPL,2025-11-17,268.82000732421875,270.489990234375,265.7300109863281,267.4599914550781,266.73394775390625,45018300
AAPL,2025-11-18,269.989990234375,270.7099914550781,265.32000732421875,267.44000244140625,266.71405029296875,45677300
AAPL,2025-11-19,265.5299987792969,272.2099914550781,265.5,268.55999755859375,267.8309631347656,40424500
AAPL,2025-11-20,270.8299865722656,275.42999267578125,265.9200134277344,266.25,265.5272521972656,45823600
AAPL,2025-11-21,265.95001220703125,273.3299865722656,265.6700134277344,271.489990234375,270.75299072265625,59030800
AAPL,2025-11-24,270.8999938964844,277.0,270.8999938964844,275.9200134277344,275.1710205078125,65585800
AAPL,2025-11-25,275.2699890136719,280.3800048828125,275.25,276.9700012207031,276.2181701660156,46914200
AAPL,2025-11-26,276.9599914550781,279.5299987792969,276.6300048828125,277.54998779296875,276.79656982421875,33431400
AAPL,2025-11-28,277.260009765625,279.0,275.989990234375,278.8500061035156,278.0930480957031,20135600
AAPL,2025-12-01,278.010009765625,283.4200134277344,276.1400146484375,283.1000061035156,282.3315124511719,46587700
AAPL,2025-12-02,283.0,287.3999938964844,282.6300048828125,286.19000244140625,285.4131164550781,53669500
AAPL,2025-12-03,286.20001220703125,288.6199951171875,283.29998779296875,284.1499938964844,283.378662109375,43538700
AAPL,2025-12-04,284.1000061035156,284.7300109863281,278.5899963378906,280.70001220703125,279.9380187988281,43989100
AAPL,2025-12-05,280.5400085449219,281.1400146484375,278.04998779296875,278.7799987792969,278.02325439453125,47265800
AAPL,2025-12-08,278.1300048828125,279.6700134277344,276.1499938964844,277.8900146484375,277.1356506347656,38211800
AAPL,2025-12-09,278.1600036621094,280.0299987792969,276.9200134277344,277.17999267578125,276.4275817871094,32193300
AAPL,2025-12-10,277.75,279.75,276.44000244140625,278.7799987792969,278.02325439453125,33038300
AAPL,2025-12-11,279.1000061035156,279.5899963378906,273.80999755859375,278.0299987792969,277.2752685546875,33248000
AAPL,2025-12-12,277.8999938964844,279.2200012207031,276.82000732421875,278.2799987792969,277.5246276855469,39532900
AAPL,2025-12-15,280.1499938964844,280.1499938964844,272.8399963378906,274.1099853515625,273.3658752441406,50409100
AAPL,2025-12-16,272.82000732421875,275.5,271.7900085449219,274.6099853515625,273.8645324707031,37648600
AAPL,2025-12-17,275.010009765625,276.1600036621094,271.6400146484375,271.8399963378906,271.10205078125,50138700
AAPL,2025-12-18,273.6099853515625,273.6300048828125,266.95001220703125,272.19000244140625,271.4511413574219,51630700
AAPL,2025-12-19,272.1499938964844,274.6000061035156,269.8999938964844,273.6700134277344,272.9271240234375,144632000
AAPL,2025-12-22,272.8599853515625,273.8800048828125,270.510009765625,270.9700012207031,270.23443603515625,36571800
AAPL,2025-12-23,270.8399963378906,272.5,269.55999755859375,272.3599853515625,271.62066650390625,29642000
AAPL,2025-12-24,272.3399963378906,275.42999267578125,272.20001220703125,273.80999755859375,273.06671142578125,17910600
AAPL,2025-12-26,274.1600036621094,275.3699951171875,272.8599853515625,273.3999938964844,272.6578063964844,21521800
AAPL,2025-12-29,272.69000244140625,274.3599853515625,272.3500061035156,273.760009765625,273.0168762207031,23715200
AAPL,2025-12-30,272.80999755859375,274.0799865722656,272.2799987792969,273.0799865722656,272.33868408203125,22139600
AAPL,2025-12-31,273.05999755859375,273.67999267578125,271.75,271.8599853515625,271.12200927734375,27293600
AAPL,2026-01-02,272.260009765625,277.8399963378906,269.0,271.010009765625,270.2743225097656,37838100
AAPL,2026-01-05,270.6400146484375,271.510009765625,266.1400146484375,267.260009765625,266.5345153808594,45647200
AAPL,2026-01-06,267.0,267.54998779296875,262.1199951171875,262.3599853515625,261.6477966308594,52352100
AAPL,2026-01-07,263.20001220703125,263.67999267578125,259.80999755859375,260.3299865722656,259.623291015625,48309800
AAPL,2026-01-08,257.0199890136719,259.2900085449219,255.6999969482422,259.0400085449219,258.3368225097656,50419300
AAPL,2026-01-09,259.0799865722656,260.2099914550781,256.2200012207031,259.3699951171875,258.6659240722656,39997000
AAPL,2026-01-12,259.1600036621094,261.29998779296875,256.79998779296875,260.25,259.54351806640625,45263800
AAPL,2026-01-13,258.7200012207031,261.80999755859375,258.3900146484375,261.04998779296875,260.3413391113281,45730800
AAPL,2026-01-14,259.489990234375,261.82000732421875,256.7099914550781,259.9599914550781,259.25433349609375,40019400
AAPL,2026-01-15,260.6499938964844,261.0400085449219,257.04998779296875,258.2099914550781,257.5090637207031,39388600
AAPL,2026-01-16,257.8999938964844,258.8999938964844,254.92999267578125,255.52999877929688,254.8363494873047,72142800
AAPL,2026-01-20,252.72999572753906,254.7899932861328,243.4199981689453,246.6999969482422,246.0303192138672,80267500
AAPL,2026-01-21,248.6999969482422,251.55999755859375,245.17999267578125,247.64999389648438,246.97775268554688,54641700
AAPL,2026-01-22,249.1999969482422,251.0,248.14999389648438,248.35000610351562,247.67584228515625,39708300
AAPL,2026-01-23,247.32000732421875,249.41000366210938,244.67999267578125,248.0399932861328,247.36668395996094,41689000
AAPL,2026-01-26,251.47999572753906,256.55999755859375,249.8000030517578,255.41000366210938,254.7166748046875,55969200
AAPL,2026-01-27,259.1700134277344,261.95001220703125,258.2099914550781,258.2699890136719,257.5688781738281,49648300
AAPL,2026-01-28,257.6499938964844,258.8599853515625,254.50999450683594,256.44000244140625,255.743896484375,41288000
AAPL,2026-01-29,258.0,259.6499938964844,254.41000366210938,258.2799987792969,257.5788879394531,67253000
AAPL,2026-01-30,255.1699981689453,261.8999938964844,252.17999267578125,259.4800109863281,258.775634765625,92443400
AAPL,2026-02-02,260.0299987792969,270.489990234375,259.2099914550781,270.010009765625,269.2770690917969,73913400
AAPL,2026-02-03,269.20001220703125,271.8800048828125,267.6099853515625,269.4800109863281,268.7485046386719,64394700
AAPL,2026-02-04,272.2900085449219,278.95001220703125,272.2900085449219,276.489990234375,275.7394104003906,90545700
AAPL,2026-02-05,278.1300048828125,279.5,273.2300109863281,275.9100036621094,275.1610412597656,52977400
AAPL,2026-02-06,277.1199951171875,280.9100036621094,276.92999267578125,278.1199951171875,277.364990234375,50453400
AAPL,2026-02-09,277.9100036621094,278.20001220703125,271.70001220703125,274.6199951171875,274.13079833984375,44623400
AAPL,2026-02-10,274.8900146484375,275.3699951171875,272.94000244140625,273.67999267578125,273.19244384765625,34376900
AAPL,2026-02-11,274.70001220703125,280.17999267578125,274.45001220703125,275.5,275.00921630859375,51931300
AAPL,2026-02-12,275.5899963378906,275.7200012207031,260.17999267578125,261.7300109863281,261.2637634277344,81077200
AAPL,2026-02-13,262.010009765625,262.2300109863281,255.4499969482422,255.77999877929688,255.32435607910156,56290700
AAPL,2026-02-17,258.04998779296875,266.2900085449219,255.5399932861328,263.8800048828125,263.4099426269531,58469100
AAPL,2026-02-18,263.6000061035156,266.82000732421875,262.45001220703125,264.3500061035156,263.8791198730469,34203300
AAPL,2026-02-19,262.6000061035156,264.4800109863281,260.04998779296875,260.5799865722656,260.11578369140625,30845300
AAPL,2026-02-20,258.9700012207031,264.75,258.1600036621094,264.5799865722656,264.1086730957031,42070500
AAPL,2026-02-23,263.489990234375,269.42999267578125,263.3800048828125,266.17999267578125,265.705810546875,37308200
AAPL,2026-02-24,267.8599853515625,274.8900146484375,267.7099914550781,272.1400146484375,271.6552429199219,47014600
AAPL,2026-02-25,271.7799987792969,274.94000244140625,271.04998779296875,274.2300109863281,273.74151611328125,33714300
AAPL,2026-02-26,274.95001220703125,276.1099853515625,270.79998779296875,272.95001220703125,272.4637756347656,32345100
AAPL,2026-02-27,272.80999755859375,272.80999755859375,262.8900146484375,264.17999267578125,263.70941162109375,72366500
AAPL,2026-03-02,262.4100036621094,266.5299987792969,260.20001220703125,264.7200012207031,264.2484130859375,41827900
AAPL,2026-03-03,263.4800109863281,265.55999755859375,260.1300048828125,263.75,263.2801818847656,38568900
AAPL,2026-03-04,264.6499938964844,266.1499938964844,261.4200134277344,262.5199890136719,262.0523376464844,39803100
AAPL,2026-03-05,260.7900085449219,261.55999755859375,257.25,260.2900085449219,259.8263244628906,49658600
AAPL,2026-03-06,258.6300048828125,258.7699890136719,254.3699951171875,257.4599914550781,257.0013427734375,41120000
AAPL,2026-03-09,255.69000244140625,261.1499938964844,253.67999267578125,259.8800048828125,259.41705322265625,38218500
AAPL,2026-03-10,257.6499938964844,262.4800109863281,256.95001220703125,260.8299865722656,260.3653564453125,30590800
AAPL,2026-03-11,261.0899963378906,262.1300048828125,259.54998779296875,260.80999755859375,260.34539794921875,26218900
AAPL,2026-03-12,258.6600036621094,258.95001220703125,254.17999267578125,255.75999450683594,255.3043975830078,40794000
AAPL,2026-03-13,255.47999572753906,256.3299865722656,249.52000427246094,250.1199951171875,249.6744384765625,36930000
AAPL,2026-03-16,252.11000061035156,253.88999938964844,249.8800048828125,252.82000732421875,252.36964416503906,32074200
AAPL,2026-03-17,252.9600067138672,255.1300048828125,252.17999267578125,254.22999572753906,253.77711486816406,32361600
AAPL,2026-03-18,252.6300048828125,254.94000244140625,249.0,249.94000244140625,249.49476623535156,35757900
AAPL,2026-03-19,249.39999389648438,251.8300018310547,247.3000030517578,248.9600067138672,248.5165252685547,34864100
AAPL,2026-03-20,247.97999572753906,249.1999969482422,246.0,247.99000549316406,247.54823303222656,88331100
AAPL,2026-03-23,253.97000122070312,254.60000610351562,250.27999877929688,251.49000549316406,251.04200744628906,40546100
AAPL,2026-03-24,250.35000610351562,254.8300018310547,249.5500030517578,251.63999938964844,251.1917266845703,45152300
AAPL,2026-03-25,254.10000610351562,255.0,251.60000610351562,252.6199951171875,252.16998291015625,28476700
AAPL,2026-03-26,252.1199951171875,257.0,250.77000427246094,252.88999938964844,252.43951416015625,41796700
AAPL,2026-03-27,253.89999389648438,255.49000549316406,248.07000732421875,248.8000030517578,248.35679626464844,47900000
AAPL,2026-03-30,250.07000732421875,250.8699951171875,245.50999450683594,246.6300048828125,246.19065856933594,39446200
AAPL,2026-03-31,247.91000366210938,255.47999572753906,247.10000610351562,253.7899932861328,253.33790588378906,49598100
AAPL,2026-04-01,254.0800018310547,256.17999267578125,253.3300018310547,255.6300048828125,255.1746368408203,40059400
AAPL,2026-04-02,254.1999969482422,256.1300048828125,250.64999389648438,255.9199981689453,255.464111328125,31289400
AAPL,2026-04-06,256.510009765625,262.1600036621094,256.4599914550781,258.8599853515625,258.39886474609375,29329900
AAPL,2026-04-07,256.1600036621094,256.20001220703125,245.6999969482422,253.5,253.0484161376953,62148000
AAPL,2026-04-08,258.45001220703125,259.75,256.5299987792969,258.8999938964844,258.4388122558594,41032800
AAPL,2026-04-09,259.0,261.1199951171875,256.07000732421875,260.489990234375,260.0259704589844,28121600
AAPL,2026-04-10,259.9800109863281,262.19000244140625,259.0199890136719,260.4800109863281,260.0159912109375,31291500
AAPL,2026-04-13,259.7300109863281,260.17999267578125,256.6600036621094,259.20001220703125,258.73828125,36234700
AAPL,2026-04-14,259.25,261.92999267578125,257.19000244140625,258.8299865722656,258.3689270019531,48370700
AAPL,2026-04-15,258.1600036621094,266.55999755859375,257.80999755859375,266.42999267578125,265.95538330078125,49913500
AAPL,2026-04-16,266.79998779296875,267.1600036621094,261.2699890136719,263.3999938964844,262.9307861328125,43323100
AAPL,2026-04-17,266.9599914550781,272.29998779296875,266.7200012207031,270.2300109863281,269.7486267089844,61436200
AAPL,2026-04-20,270.3299865722656,274.2799987792969,270.2900085449219,273.04998779296875,272.5635681152344,36590200
AAPL,2026-04-21,271.5,272.79998779296875,265.3999938964844,266.1700134277344,265.69586181640625,50209800
AAPL,2026-04-22,267.82000732421875,273.739990234375,266.8699951171875,273.1700134277344,272.68341064453125,43249200
AAPL,2026-04-23,275.04998779296875,275.7699890136719,271.6499938964844,273.42999267578125,272.9429016113281,33399600
AAPL,2026-04-24,272.760009765625,273.05999755859375,269.6499938964844,271.05999755859375,270.5771179199219,38157100
AAPL,2026-04-27,266.0899963378906,268.3599853515625,265.07000732421875,267.6099853515625,267.1332702636719,41466800
AAPL,2026-04-28,272.3399963378906,273.2300109863281,268.6600036621094,270.7099914550781,270.2277526855469,40018900
AAPL,2026-04-29,267.54998779296875,271.0400085449219,267.0400085449219,270.1700134277344,269.688720703125,30047900
AAPL,2026-04-30,270.5,276.0,268.1400146484375,271.3500061035156,270.86663818359375,91848200
AAPL,2026-05-01,278.8599853515625,287.2200012207031,278.3699951171875,280.1400146484375,279.6409912109375,79915400
AAPL,2026-05-04,279.6600036621094,280.6300048828125,274.8599853515625,276.8299865722656,276.3368225097656,46668400
AAPL,2026-05-05,276.92999267578125,284.57000732421875,276.5,284.17999267578125,283.67376708984375,49311700
AAPL,2026-05-06,281.9200134277344,288.0299987792969,281.07000732421875,287.510009765625,286.99786376953125,58336100
AAPL,2026-05-07,289.2699890136719,292.1300048828125,285.7799987792969,287.44000244140625,286.927978515625,45224300
AAPL,2026-05-08,290.010009765625,294.760009765625,290.0,293.32000732421875,292.7974853515625,52692800
AAPL,2026-05-11,291.9800109863281,293.8800048828125,290.2300109863281,292.67999267578125,292.42779541015625,42247300
AAPL,2026-05-12,292.55999755859375,295.2699890136719,292.55999755859375,294.79998779296875,294.54595947265625,45748100
AAPL,2026-05-13,293.5,300.9200134277344,293.5,298.8699951171875,298.6124572753906,52684300
AAPL,2026-05-14,299.82000732421875,300.45001220703125,295.3800048828125,298.2099914550781,297.9530334472656,35324900
AAPL,2026-05-15,297.8999938964844,303.20001220703125,296.5199890136719,300.2300109863281,299.9713134765625,54862800
AAPL,2026-05-18,300.239990234375,300.6600036621094,294.9100036621094,297.8399963378906,297.5833435058594,34483000
AAPL,2026-05-19,296.9700012207031,300.510009765625,296.3500061035156,298.9700012207031,298.7123718261719,42243600
AAPL,2026-05-20,298.17999267578125,302.79998779296875,298.0799865722656,302.25,301.98956298828125,38229800
AAPL,2026-05-21,301.05999755859375,305.5400085449219,300.3999938964844,304.989990234375,304.7271728515625,42965100
AAPL,2026-05-22,306.1199951171875,311.3999938964844,305.8399963378906,308.82000732421875,308.55389404296875,43670200
AAPL,2026-05-26,309.55999755859375,311.82000732421875,307.6700134277344,308.3299865722656,308.0643005371094,48000500
AAPL,2026-05-27,308.3299865722656,313.260009765625,308.29998779296875,310.8500061035156,310.5821533203125,50430900
AAPL,2026-05-28,310.67999267578125,312.79998779296875,309.57000732421875,312.510009765625,312.24072265625,48220400
AAPL,2026-05-29,311.7799987792969,315.0,309.5299987792969,312.05999755859375,311.7911071777344,70026800
AAPL,2026-06-01,309.6300048828125,310.94000244140625,305.0199890136719,306.30999755859375,306.0460510253906,48849900
AAPL,2026-06-02,307.4599914550781,315.45001220703125,306.69000244140625,315.20001220703125,314.92840576171875,44534700
AAPL,2026-06-03,314.17999267578125,316.94000244140625,308.8500061035156,310.260009765625,309.9926452636719,50836700
AAPL,2026-06-04,313.2300109863281,313.5400085449219,309.6499938964844,311.2300109863281,310.9618225097656,44869100
AAPL,2026-06-05,312.8599853515625,315.1700134277344,307.1499938964844,307.3399963378906,307.0751647949219,65310500
AAPL,2026-06-08,308.739990234375,317.3999938964844,301.1700134277344,301.5400085449219,301.2801818847656,77949100
AAPL,2026-06-09,300.2799987792969,300.75,287.7799987792969,290.54998779296875,290.29962158203125,70108800
AAPL,2026-06-10,290.739990234375,294.75,287.3800048828125,291.5799865722656,291.3287353515625,52793300
AAPL,2026-06-11,293.7200012207031,297.0,289.5899963378906,295.6300048828125,295.375244140625,42572500
AAPL,2026-06-12,296.0299987792969,297.1400146484375,289.6199951171875,291.1300048828125,290.879150390625,38742100
AAPL,2026-06-15,294.1199951171875,297.7799987792969,291.70001220703125,296.4200134277344,296.1645812988281,45732600
AAPL,2026-06-16,295.25,300.4800109863281,293.9700012207031,299.239990234375,298.9821472167969,39874400
AAPL,2026-06-17,300.8500061035156,302.07000732421875,294.3599853515625,295.95001220703125,295.6949768066406,42745100
AAPL,2026-06-18,298.1099853515625,300.57000732421875,295.6199951171875,298.010009765625,297.7532043457031,85962200
AAPL,2026-06-22,297.30999755859375,302.4200134277344,296.760009765625,297.010009765625,296.75408935546875,44879900
AAPL,2026-06-23,297.5400085449219,301.6400146484375,294.17999267578125,294.29998779296875,294.04638671875,52010900
AAPL,2026-06-24,295.3599853515625,299.70001220703125,292.94000244140625,293.0799865722656,292.8274230957031,53081900
AAPL,2026-06-25,287.3999938964844,288.79998779296875,273.75,275.1499938964844,274.91290283203125,107013700
AAPL,2026-06-26,275.0,285.95001220703125,274.2099914550781,283.7799987792969,283.53546142578125,261775500
AAPL,2026-06-29,286.7300109863281,288.3699951171875,279.8500061035156,281.739990234375,281.4972229003906,66427000
AAPL,2026-06-30,281.1700134277344,289.94000244140625,280.70001220703125,289.3599853515625,289.11065673828125,65100200
AAPL,2026-07-01,293.44000244140625,296.5899963378906,289.20001220703125,294.3800048828125,294.1263427734375,50164200
AAPL,2026-07-02,294.1199951171875,309.4200134277344,293.67999267578125,308.6300048828125,308.3640441894531,75352800
AAPL,2026-07-06,307.3599853515625,314.20001220703125,307.0,312.6600036621094,312.3905944824219,53590000
AAPL,2026-07-07,315.2900085449219,315.4800109863281,310.1499938964844,310.6600036621094,310.3923034667969,42490000
AAPL,2026-07-08,311.9100036621094,314.82000732421875,307.04998779296875,313.3900146484375,313.1199645996094,41323500
AAPL,2026-07-09,310.510009765625,316.5299987792969,308.1600036621094,316.2200012207031,315.947509765625,48124500
AAPL,2026-07-10,314.7200012207031,316.9100036621094,312.1700134277344,315.32000732421875,315.0483093261719,34132300
AAPL,2026-07-13,317.0199890136719,323.45001220703125,315.7799987792969,317.30999755859375,317.03656005859375,43257800
AAPL,2026-07-14,313.760009765625,316.19000244140625,311.9100036621094,314.8599853515625,314.58868408203125,36336800
AAPL,2026-07-15,317.6199951171875,328.7300109863281,317.32000732421875,327.5,327.2178039550781,60957600
AAPL,2026-07-16,328.010009765625,334.67999267578125,326.7900085449219,333.260009765625,332.97283935546875,62970600
AAPL,2026-07-17,331.9800109863281,334.989990234375,329.0,333.739990234375,333.452392578125,63407100
AAPL,2026-07-20,333.510009765625,333.7099914550781,323.67999267578125,326.5899963378906,326.3085632324219,53468000
AAPL,2026-07-21,323.1300048828125,329.6000061035156,322.2200012207031,327.739990234375,327.45758056640625,41338900
AAPL,2026-07-22,327.8699951171875,329.0,323.3399963378906,325.8900146484375,325.60919189453125,38755900
AAPL,2026-07-23,321.7300109863281,323.29998779296875,319.3500061035156,321.6600036621094,321.3828430175781,40840800
AAPL,2026-07-24,321.7900085449219,334.3699951171875,321.6199951171875,333.0199890136719,332.7330322265625,47489400
AAPL,2026-07-27,334.5400085449219,339.57000732421875,334.0199890136719,336.9100036621094,336.61968994140625,49604300
AAPL,2026-07-28,340.0299987792969,342.8900146484375,335.6000061035156,340.0799865722656,339.78692626953125,51859000
AAPL,2026-07-29,339.7300109863281,344.57000732421875,337.3500061035156,338.19000244140625,337.8985900878906,56090800
AAPL,2026-07-30,333.1000061035156,334.75,329.5899963378906,333.42999267578125,333.1426696777344,74817800
AAPL,2026-07-31,304.80999755859375,310.69000244140625,300.0,308.9100036621094,308.6438293457031,132489100
AAPL,2026-08-03,309.5799865722656,311.79998779296875,302.55999755859375,303.4200134277344,303.1585693359375,75052000
AAPL,2026-08-04,302.7300109863281,310.4200134277344,301.32000732421875,309.3800048828125,309.1134033203125,68001000
AAPL,2026-08-05,309.3599853515625,311.7099914550781,305.6700134277344,311.0,310.7320251464844,49438800
AAPL,2026-08-06,314.3399963378906,316.2900085449219,309.2300109863281,312.4100036621094,312.14080810546875,46139900
AAPL,2026-08-07,311.45001220703125,314.80999755859375,310.739990234375,313.3299865722656,313.05999755859375,34437200
AAPL,2026-08-10,306.8299865722656,308.260009765625,304.6099853515625,308.260009765625,308.260009765625,44812500
AAPL,2026-08-11,307.75,309.9700012207031,302.7900085449219,304.9100036621094,304.9100036621094,37476700
AAPL,2026-08-12,305.1000061035156,305.6600036621094,300.57000732421875,302.25,302.25,41657800
AAPL,2026-08-13,304.2099914550781,306.0,302.04998779296875,305.260009765625,305.260009765625,40349300
AAPL,2026-08-14,306.0,307.489990234375,304.29998779296875,305.92999267578125,305.92999267578125,28186700
MSFT,2019-10-01,139.66000366210938,140.25,137.0,137.07000732421875,129.12901306152344,21466600
MSFT,2019-10-02,136.25,136.3699951171875,133.5800018310547,134.64999389648438,126.84918975830078,30521700
MSFT,2019-10-03,134.9499969482422,136.75,133.22000122070312,136.27999877929688,128.3848114013672,24132900
MSFT,2019-10-04,136.75,138.25,136.4199981689453,138.1199951171875,130.11819458007812,22897700
MSFT,2019-10-07,137.13999938964844,138.17999267578125,137.02000427246094,137.1199951171875,129.17611694335938,15303700
MSFT,2019-10-08,137.0800018310547,137.75999450683594,135.6199951171875,135.6699981689453,127.81011962890625,25550500
MSFT,2019-10-09,137.4600067138672,138.6999969482422,136.97000122070312,138.24000549316406,130.23126220703125,19749900
MSFT,2019-10-10,138.49000549316406,139.6699981689453,138.25,139.10000610351562,131.0414276123047,17654600
MSFT,2019-10-11,140.1199951171875,141.02999877929688,139.5,139.67999267578125,131.58779907226562,25446000
MSFT,2019-10-14,139.69000244140625,140.2899932861328,139.52000427246094,139.5500030517578,131.46536254882812,13304300
MSFT,2019-10-15,140.05999755859375,141.7899932861328,139.80999755859375,141.57000732421875,133.36830139160156,19695700
MSFT,2019-10-16,140.7899932861328,140.99000549316406,139.52999877929688,140.41000366210938,132.27554321289062,20751600
MSFT,2019-10-17,140.9499969482422,141.4199981689453,139.02000427246094,139.69000244140625,131.59722900390625,21460600
MSFT,2019-10-18,139.75999450683594,140.0,136.55999755859375,137.41000366210938,129.4492950439453,32273500
MSFT,2019-10-21,138.4499969482422,138.5,137.00999450683594,138.42999267578125,130.41024780273438,20078200
MSFT,2019-10-22,138.97000122070312,140.00999450683594,136.25999450683594,136.3699951171875,128.46957397460938,27431000
MSFT,2019-10-23,136.8800048828125,137.4499969482422,135.61000061035156,137.24000549316406,129.28919982910156,29844600
MSFT,2019-10-24,139.38999938964844,140.4199981689453,138.6699981689453,139.94000244140625,131.8327178955078,37029300
MSFT,2019-10-25,139.33999633789062,141.13999938964844,139.1999969482422,140.72999572753906,132.5769500732422,25959700
MSFT,2019-10-28,144.39999389648438,145.6699981689453,143.50999450683594,144.19000244140625,135.83651733398438,35280100
MSFT,2019-10-29,144.0800018310547,144.5,142.64999389648438,142.8300018310547,134.55531311035156,20589500
MSFT,2019-10-30,143.52000427246094,145.0,142.7899932861328,144.61000061035156,136.23219299316406,18496600
MSFT,2019-10-31,144.89999389648438,144.92999267578125,142.99000549316406,143.3699951171875,135.0640411376953,24605100
MSFT,2019-11-01,144.25999450683594,144.4199981689453,142.97000122070312,143.72000122070312,135.39376831054688,33128400
MSFT,2019-11-04,144.8300018310547,145.0,144.16000366210938,144.5500030517578,136.1757049560547,16912000
MSFT,2019-11-05,144.97000122070312,145.02000427246094,143.91000366210938,144.4600067138672,136.0908966064453,18250200
MSFT,2019-11-06,144.3699951171875,144.52000427246094,143.1999969482422,144.05999755859375,135.71408081054688,16575800
MSFT,2019-11-07,143.83999633789062,144.8800048828125,143.77000427246094,144.25999450683594,135.90248107910156,17786700
MSFT,2019-11-08,143.97999572753906,145.99000549316406,143.75999450683594,145.9600067138672,137.50399780273438,16732700
MSFT,2019-11-11,145.33999633789062,146.4199981689453,144.72999572753906,146.11000061035156,137.64527893066406,14362600
MSFT,2019-11-12,146.27999877929688,147.57000732421875,146.05999755859375,147.07000732421875,138.54965209960938,18641600
MSFT,2019-11-13,146.74000549316406,147.4600067138672,146.27999877929688,147.30999755859375,138.77574157714844,16919200
MSFT,2019-11-14,147.02000427246094,148.41000366210938,147.0,148.05999755859375,139.48231506347656,19729800
MSFT,2019-11-15,148.92999267578125,149.99000549316406,148.27000427246094,149.97000122070312,141.2816925048828,23485700
MSFT,2019-11-18,150.07000732421875,150.5500030517578,148.97999572753906,150.33999633789062,141.6302490234375,21534000
MSFT,2019-11-19,150.8800048828125,151.3300018310547,150.1999969482422,150.38999938964844,141.6773681640625,23935700
MSFT,2019-11-20,150.30999755859375,150.83999633789062,148.4600067138672,149.6199951171875,141.4315643310547,25696800
MSFT,2019-11-21,149.39999389648438,149.8000030517578,148.5,149.47999572753906,141.29925537109375,18576100
MSFT,2019-11-22,150.07000732421875,150.3000030517578,148.82000732421875,149.58999633789062,141.4032440185547,15901800
MSFT,2019-11-25,150.0,151.35000610351562,149.9199981689453,151.22999572753906,142.9534454345703,22420900
MSFT,2019-11-26,151.36000061035156,152.4199981689453,151.32000732421875,152.02999877929688,143.7096710205078,24620100
MSFT,2019-11-27,152.3300018310547,152.5,151.52000427246094,152.32000732421875,143.9838104248047,15184400
MSFT,2019-11-29,152.10000610351562,152.3000030517578,151.27999877929688,151.3800048828125,143.09527587890625,11977300
MSFT,2019-12-02,151.80999755859375,151.8300018310547,148.32000732421875,149.5500030517578,141.3654327392578,27418400
MSFT,2019-12-03,147.49000549316406,149.42999267578125,146.64999389648438,149.30999755859375,141.13851928710938,24066000
MSFT,2019-12-04,150.13999938964844,150.17999267578125,149.1999969482422,149.85000610351562,141.6490020751953,17574700
MSFT,2019-12-05,150.0500030517578,150.32000732421875,149.47999572753906,149.92999267578125,141.72462463378906,17869100
MSFT,2019-12-06,150.99000549316406,151.8699951171875,150.27000427246094,151.75,143.4450225830078,16403500
MSFT,2019-12-09,151.07000732421875,152.2100067138672,150.91000366210938,151.36000061035156,143.0763397216797,16687400
MSFT,2019-12-10,151.2899932861328,151.88999938964844,150.75999450683594,151.1300048828125,142.8589324951172,16476100
MSFT,2019-12-11,151.5399932861328,151.8699951171875,150.3300018310547,151.6999969482422,143.39772033691406,18856600
MSFT,2019-12-12,151.64999389648438,153.44000244140625,151.02000427246094,153.24000549316406,144.85342407226562,24612100
MSFT,2019-12-13,153.0,154.88999938964844,152.8300018310547,154.52999877929688,146.0728302001953,23845400
MSFT,2019-12-16,155.11000061035156,155.89999389648438,154.82000732421875,155.52999877929688,147.0181121826172,24144200
MSFT,2019-12-17,155.4499969482422,155.7100067138672,154.4499969482422,154.69000244140625,146.22412109375,25425600
MSFT,2019-12-18,154.3000030517578,155.47999572753906,154.17999267578125,154.3699951171875,145.921630859375,24129200
MSFT,2019-12-19,154.0,155.77000427246094,153.75,155.7100067138672,147.18824768066406,24958900
MSFT,2019-12-20,157.35000610351562,158.49000549316406,156.2899932861328,157.41000366210938,148.79525756835938,53477500
MSFT,2019-12-23,158.1199951171875,158.1199951171875,157.27000427246094,157.41000366210938,148.79525756835938,17718200
MSFT,2019-12-24,157.47999572753906,157.7100067138672,157.1199951171875,157.3800048828125,148.76690673828125,8989200
MSFT,2019-12-26,157.55999755859375,158.72999572753906,157.39999389648438,158.6699981689453,149.98622131347656,14520600
MSFT,2019-12-27,159.4499969482422,159.5500030517578,158.22000122070312,158.9600067138672,150.26046752929688,18412800
MSFT,2019-12-30,158.99000549316406,159.02000427246094,156.72999572753906,157.58999633789062,148.96536254882812,16348400
MSFT,2019-12-31,156.77000427246094,157.77000427246094,156.4499969482422,157.6999969482422,149.0693817138672,18369400
MSFT,2020-01-02,158.77999877929688,160.72999572753906,158.3300018310547,160.6199951171875,151.8295440673828,22622100
MSFT,2020-01-03,158.32000732421875,159.9499969482422,158.05999755859375,158.6199951171875,149.93894958496094,21116200
MSFT,2020-01-06,157.0800018310547,159.10000610351562,156.50999450683594,159.02999877929688,150.3265838623047,20813700
MSFT,2020-01-07,159.32000732421875,159.6699981689453,157.32000732421875,157.5800018310547,148.95596313476562,21634100
MSFT,2020-01-08,158.92999267578125,160.8000030517578,157.9499969482422,160.08999633789062,151.32855224609375,27746500
MSFT,2020-01-09,161.83999633789062,162.22000122070312,161.02999877929688,162.08999633789062,153.21908569335938,21385000
MSFT,2020-01-10,162.82000732421875,163.22000122070312,161.17999267578125,161.33999633789062,152.51010131835938,20725900
MSFT,2020-01-13,161.75999450683594,163.30999755859375,161.25999450683594,163.27999877929688,154.343994140625,21626500
MSFT,2020-01-14,163.38999938964844,163.60000610351562,161.72000122070312,162.1300048828125,153.2569122314453,23477400
MSFT,2020-01-15,162.6199951171875,163.94000244140625,162.57000732421875,163.17999267578125,154.2494354248047,21417900
MSFT,2020-01-16,164.35000610351562,166.24000549316406,164.02999877929688,166.1699981689453,157.07582092285156,23865400
MSFT,2020-01-17,167.4199981689453,167.47000122070312,165.42999267578125,167.10000610351562,157.95494079589844,34371700
MSFT,2020-01-21,166.67999267578125,168.19000244140625,166.42999267578125,166.5,157.3877410888672,29517200
MSFT,2020-01-22,167.39999389648438,167.49000549316406,165.67999267578125,165.6999969482422,156.63153076171875,24138800
MSFT,2020-01-23,166.19000244140625,166.8000030517578,165.27000427246094,166.72000122070312,157.59567260742188,19680800
MSFT,2020-01-24,167.50999450683594,167.52999877929688,164.4499969482422,165.0399932861328,156.0076141357422,24918100
MSFT,2020-01-27,161.14999389648438,163.3800048828125,160.1999969482422,162.27999877929688,153.3987274169922,32078100
MSFT,2020-01-28,163.77999877929688,165.75999450683594,163.07000732421875,165.4600067138672,156.4046630859375,24899900
MSFT,2020-01-29,167.83999633789062,168.75,165.69000244140625,168.0399932861328,158.8434600830078,34754500
MSFT,2020-01-30,174.0500030517578,174.0500030517578,170.7899932861328,172.77999877929688,163.32408142089844,51597500
MSFT,2020-01-31,172.2100067138672,172.39999389648438,169.5800018310547,170.22999572753906,160.91360473632812,36142700
MSFT,2020-02-03,170.42999267578125,174.5,170.39999389648438,174.3800048828125,164.83653259277344,30107000
MSFT,2020-02-04,177.13999938964844,180.63999938964844,176.30999755859375,180.1199951171875,170.26234436035156,36433300
MSFT,2020-02-05,184.02999877929688,184.1999969482422,178.41000366210938,179.89999389648438,170.0543670654297,39186300
MSFT,2020-02-06,180.97000122070312,183.82000732421875,180.05999755859375,183.6300048828125,173.58026123046875,27751400
MSFT,2020-02-07,182.85000610351562,185.6300048828125,182.47999572753906,183.88999938964844,173.82598876953125,33529100
MSFT,2020-02-10,183.5800018310547,188.83999633789062,183.25,188.6999969482422,178.37278747558594,35844300
MSFT,2020-02-11,190.64999389648438,190.6999969482422,183.5,184.44000244140625,174.345947265625,53159900
MSFT,2020-02-12,185.5800018310547,185.85000610351562,181.85000610351562,184.7100067138672,174.60113525390625,47062900
MSFT,2020-02-13,183.0800018310547,186.22999572753906,182.8699951171875,183.7100067138672,173.6558837890625,35295800
MSFT,2020-02-14,183.25,185.41000366210938,182.64999389648438,185.35000610351562,175.2061004638672,23149500
MSFT,2020-02-18,185.61000061035156,187.6999969482422,185.5,187.22999572753906,176.98324584960938,27792200
MSFT,2020-02-19,188.05999755859375,188.17999267578125,186.47000122070312,187.27999877929688,177.51400756835938,29997500
MSFT,2020-02-20,186.9499969482422,187.25,181.10000610351562,184.4199981689453,174.8031768798828,36862400
MSFT,2020-02-21,183.1699981689453,183.5,177.25,178.58999633789062,169.27720642089844,48572600
MSFT,2020-02-24,167.77000427246094,174.5500030517578,163.22999572753906,170.88999938964844,161.97869873046875,68311100
MSFT,2020-02-25,174.1999969482422,174.83999633789062,167.64999389648438,168.07000732421875,159.30577087402344,68073300
MSFT,2020-02-26,169.7100067138672,173.25999450683594,168.2100067138672,170.1699981689453,161.29623413085938,56206100
MSFT,2020-02-27,163.32000732421875,167.02999877929688,157.97999572753906,158.17999267578125,149.93148803710938,93174900
MSFT,2020-02-28,152.41000366210938,163.7100067138672,152.0,162.00999450683594,153.561767578125,97012700
MSFT,2020-03-02,165.30999755859375,172.9199981689453,162.30999755859375,172.7899932861328,163.7796630859375,71030800
MSFT,2020-03-03,173.8000030517578,175.0,162.25999450683594,164.50999450683594,155.93138122558594,71677000
MSFT,2020-03-04,168.49000549316406,170.6999969482422,165.6199951171875,170.5500030517578,161.65643310546875,49814400
MSFT,2020-03-05,166.0500030517578,170.8699951171875,165.69000244140625,166.27000427246094,157.59963989257812,47817300
MSFT,2020-03-06,162.61000061035156,163.11000061035156,156.0,161.57000732421875,153.1446990966797,72821100
MSFT,2020-03-09,151.0,157.75,150.0,150.6199951171875,142.76573181152344,70419300
MSFT,2020-03-10,158.16000366210938,161.02999877929688,152.5800018310547,160.9199981689453,152.5286102294922,65354400
MSFT,2020-03-11,157.1300048828125,157.6999969482422,151.14999389648438,153.6300048828125,145.61874389648438,56371600
MSFT,2020-03-12,145.3000030517578,153.47000122070312,138.5800018310547,139.05999755859375,131.8085479736328,93226400
MSFT,2020-03-13,147.5,161.91000366210938,140.72999572753906,158.8300018310547,150.54757690429688,92727400
MSFT,2020-03-16,140.0,149.35000610351562,135.0,135.4199981689453,128.35833740234375,87905900
MSFT,2020-03-17,140.0,147.5,135.0,146.57000732421875,138.92691040039062,81059800
MSFT,2020-03-18,138.0,146.0,135.02000427246094,140.39999389648438,133.07862854003906,81593200
MSFT,2020-03-19,142.77000427246094,150.14999389648438,139.0,142.7100067138672,135.2681884765625,85922700
MSFT,2020-03-20,146.0,147.10000610351562,135.86000061035156,137.35000610351562,130.187744140625,84866200
MSFT,2020-03-23,137.00999450683594,140.57000732421875,132.52000427246094,135.97999572753906,128.88916015625,78975200
MSFT,2020-03-24,143.75,149.60000610351562,141.27000427246094,148.33999633789062,140.60458374023438,82516700
MSFT,2020-03-25,148.91000366210938,154.3300018310547,144.44000244140625,146.9199981689453,139.25869750976562,75638200
MSFT,2020-03-26,148.39999389648438,156.66000366210938,148.3699951171875,156.11000061035156,147.96942138671875,64568100
MSFT,2020-03-27,151.75,154.88999938964844,149.1999969482422,149.6999969482422,141.8936767578125,57042300
MSFT,2020-03-30,152.44000244140625,160.60000610351562,150.00999450683594,160.22999572753906,151.8745880126953,63420300
MSFT,2020-03-31,159.39999389648438,164.77999877929688,156.55999755859375,157.7100067138672,149.48602294921875,77927200
MSFT,2020-04-01,153.0,157.75,150.82000732421875,152.11000061035156,144.17799377441406,57969900
MSFT,2020-04-02,151.86000061035156,155.47999572753906,150.36000061035156,155.25999450683594,147.1637420654297,49630700
MSFT,2020-04-03,155.10000610351562,157.3800048828125,152.19000244140625,153.8300018310547,145.80833435058594,41243300
MSFT,2020-04-06,160.32000732421875,166.5,157.5800018310547,165.27000427246094,156.65182495117188,67111700
MSFT,2020-04-07,169.58999633789062,170.0,163.25999450683594,163.49000549316406,154.96463012695312,62769000
MSFT,2020-04-08,165.6699981689453,166.6699981689453,163.5,165.1300048828125,156.51907348632812,48318200
MSFT,2020-04-09,166.36000061035156,167.3699951171875,163.3300018310547,165.13999938964844,156.528564453125,51385100
MSFT,2020-04-13,164.35000610351562,165.57000732421875,162.3000030517578,165.50999450683594,156.87924194335938,41905300
MSFT,2020-04-14,169.0,173.75,168.0,173.6999969482422,164.6421661376953,52874300
MSFT,2020-04-15,171.1999969482422,173.57000732421875,169.24000549316406,171.8800048828125,162.9171142578125,40940800
MSFT,2020-04-16,174.3000030517578,177.27999877929688,172.89999389648438,177.0399932861328,167.80796813964844,50479600
MSFT,2020-04-17,179.5,180.0,175.8699951171875,178.60000610351562,169.2866668701172,52765600
MSFT,2020-04-20,176.6300048828125,178.75,174.99000549316406,175.05999755859375,165.93125915527344,36669600
MSFT,2020-04-21,173.5,173.6699981689453,166.11000061035156,167.82000732421875,159.06875610351562,56203700
MSFT,2020-04-22,171.38999938964844,174.0,170.82000732421875,173.52000427246094,164.47157287597656,34620200
MSFT,2020-04-23,174.11000061035156,175.05999755859375,170.91000366210938,171.4199981689453,162.4811248779297,32790800
MSFT,2020-04-24,172.05999755859375,174.55999755859375,170.7100067138672,174.5500030517578,165.44784545898438,34277600
MSFT,2020-04-27,176.58999633789062,176.89999389648438,173.3000030517578,174.0500030517578,164.97393798828125,33194400
MSFT,2020-04-28,175.58999633789062,175.6699981689453,169.38999938964844,169.80999755859375,160.95504760742188,34392700
MSFT,2020-04-29,173.22000122070312,177.67999267578125,171.8800048828125,177.42999267578125,168.1776885986328,51286600
MSFT,2020-04-30,180.0,180.39999389648438,176.22999572753906,179.2100067138672,169.86483764648438,53875900
MSFT,2020-05-01,175.8000030517578,178.63999938964844,174.00999450683594,174.57000732421875,165.46682739257812,39370500
MSFT,2020-05-04,174.49000549316406,179.0,173.8000030517578,178.83999633789062,169.51417541503906,30372900
MSFT,2020-05-05,180.6199951171875,183.64999389648438,179.89999389648438,180.75999450683594,171.33396911621094,36839200
MSFT,2020-05-06,182.0800018310547,184.1999969482422,181.6300048828125,182.5399932861328,173.02120971679688,32139300
MSFT,2020-05-07,184.1699981689453,184.5500030517578,182.5800018310547,183.60000610351562,174.02593994140625,28316000
MSFT,2020-05-08,184.97999572753906,185.0,183.36000061035156,184.67999267578125,175.04966735839844,30877800
MSFT,2020-05-11,183.14999389648438,187.50999450683594,182.85000610351562,186.74000549316406,177.0022430419922,30892700
MSFT,2020-05-12,186.8000030517578,187.0399932861328,182.3000030517578,182.50999450683594,172.9927520751953,32038200
MSFT,2020-05-13,182.5500030517578,184.0500030517578,176.5399932861328,179.75,170.376708984375,44711500
MSFT,2020-05-14,177.5399932861328,180.69000244140625,175.67999267578125,180.52999877929688,171.1160125732422,41873900
MSFT,2020-05-15,179.05999755859375,187.05999755859375,177.0,183.16000366210938,173.60885620117188,46610400
MSFT,2020-05-18,185.75,186.1999969482422,183.9600067138672,184.91000366210938,175.26759338378906,35264500
MSFT,2020-05-19,185.02999877929688,186.60000610351562,183.49000549316406,183.6300048828125,174.05435180664062,26799100
MSFT,2020-05-20,184.80999755859375,185.85000610351562,183.94000244140625,185.66000366210938,176.4686279296875,31261300
MSFT,2020-05-21,185.39999389648438,186.6699981689453,183.2899932861328,183.42999267578125,174.34901428222656,29119500
MSFT,2020-05-22,183.19000244140625,184.4600067138672,182.5399932861328,183.50999450683594,174.425048828125,20826900
MSFT,2020-05-26,186.33999633789062,186.5,181.10000610351562,181.57000732421875,172.58111572265625,36073600
MSFT,2020-05-27,180.1999969482422,181.99000549316406,176.60000610351562,181.80999755859375,172.80921936035156,39517100
MSFT,2020-05-28,180.74000549316406,184.14999389648438,180.3800048828125,181.39999389648438,172.4195098876953,33810200
MSFT,2020-05-29,182.72999572753906,184.27000427246094,180.41000366210938,183.25,174.1779327392578,42130400
MSFT,2020-06-01,182.5399932861328,183.0,181.4600067138672,182.8300018310547,173.77871704101562,22622400
MSFT,2020-06-02,184.25,185.0,181.35000610351562,184.91000366210938,175.7557373046875,30794600
MSFT,2020-06-03,184.82000732421875,185.94000244140625,183.5800018310547,185.36000061035156,176.1835174560547,27311000
MSFT,2020-06-04,184.3000030517578,185.83999633789062,182.3000030517578,182.9199981689453,173.86424255371094,28761800
MSFT,2020-06-05,182.6199951171875,187.72999572753906,182.00999450683594,187.1999969482422,177.932373046875,39893600
MSFT,2020-06-08,185.94000244140625,188.5500030517578,184.44000244140625,188.36000061035156,179.03494262695312,33211600
MSFT,2020-06-09,188.0,190.6999969482422,187.25999450683594,189.8000030517578,180.40365600585938,29783900
MSFT,2020-06-10,191.1300048828125,198.52000427246094,191.00999450683594,196.83999633789062,187.09510803222656,43872300
MSFT,2020-06-11,193.1300048828125,195.75999450683594,186.07000732421875,186.27000427246094,177.0484619140625,52854700
MSFT,2020-06-12,190.5399932861328,191.72000122070312,185.17999267578125,187.74000549316406,178.4456329345703,43373600
MSFT,2020-06-15,184.5800018310547,190.82000732421875,184.00999450683594,188.94000244140625,179.58628845214844,32770200
MSFT,2020-06-16,192.88999938964844,195.5800018310547,191.4600067138672,193.57000732421875,183.9870147705078,42556700
MSFT,2020-06-17,195.02999877929688,196.32000732421875,193.69000244140625,194.24000549316406,184.62388610839844,25687800
MSFT,2020-06-18,194.0,196.49000549316406,194.0,196.32000732421875,186.60086059570312,23061600
MSFT,2020-06-19,198.58999633789062,199.2899932861328,194.3699951171875,195.14999389648438,185.4888153076172,44441100
MSFT,2020-06-22,195.7899932861328,200.75999450683594,195.22999572753906,200.57000732421875,190.64047241210938,32818900
MSFT,2020-06-23,202.08999633789062,203.9499969482422,201.42999267578125,201.91000366210938,191.91416931152344,30917400
MSFT,2020-06-24,201.60000610351562,203.25,196.55999755859375,197.83999633789062,188.04563903808594,36740600
MSFT,2020-06-25,197.8000030517578,200.61000061035156,195.47000122070312,200.33999633789062,190.42185974121094,27803900
MSFT,2020-06-26,199.72999572753906,199.88999938964844,194.8800048828125,196.3300018310547,186.61038208007812,54675800
MSFT,2020-06-29,195.77999877929688,198.52999877929688,193.5500030517578,198.44000244140625,188.61590576171875,26701600
MSFT,2020-06-30,197.8800048828125,204.39999389648438,197.74000549316406,203.50999450683594,193.43492126464844,34310300
MSFT,2020-07-01,203.13999938964844,206.35000610351562,201.77000427246094,204.6999969482422,194.56602478027344,32061200
MSFT,2020-07-02,205.67999267578125,208.02000427246094,205.0,206.25999450683594,196.04876708984375,29315800
MSFT,2020-07-06,208.8300018310547,211.1300048828125,208.08999633789062,210.6999969482422,200.2689666748047,31897600
MSFT,2020-07-07,210.4499969482422,214.6699981689453,207.99000549316406,208.25,197.9403076171875,33600700
MSFT,2020-07-08,210.07000732421875,213.25999450683594,208.69000244140625,212.8300018310547,202.2935028076172,33600000
MSFT,2020-07-09,216.3300018310547,216.3800048828125,211.47000122070312,214.32000732421875,203.7097625732422,33121700
MSFT,2020-07-10,213.6199951171875,214.0800018310547,211.0800018310547,213.6699981689453,203.0919952392578,26177600
MSFT,2020-07-13,214.47999572753906,215.8000030517578,206.5,207.07000732421875,196.81869506835938,38135600
MSFT,2020-07-14,206.1300048828125,208.85000610351562,202.02999877929688,208.35000610351562,198.03533935546875,37591800
MSFT,2020-07-15,209.55999755859375,211.3300018310547,205.02999877929688,208.0399932861328,197.74072265625,32179400
MSFT,2020-07-16,205.39999389648438,205.6999969482422,202.30999755859375,203.9199981689453,193.82464599609375,29940700
MSFT,2020-07-17,204.47000122070312,205.0399932861328,201.38999938964844,202.8800048828125,192.8361358642578,31635300
MSFT,2020-07-20,205.0,212.3000030517578,203.00999450683594,211.60000610351562,201.12445068359375,36884800
MSFT,2020-07-21,213.66000366210938,213.94000244140625,208.02999877929688,208.75,198.41551208496094,37990400
MSFT,2020-07-22,209.1999969482422,212.3000030517578,208.38999938964844,211.75,201.2670135498047,49605700
MSFT,2020-07-23,207.19000244140625,210.9199981689453,202.14999389648438,202.5399932861328,192.512939453125,67457000
MSFT,2020-07-24,200.4199981689453,202.86000061035156,197.50999450683594,201.3000030517578,191.33436584472656,39827000
MSFT,2020-07-27,201.47000122070312,203.97000122070312,200.86000061035156,203.85000610351562,193.75808715820312,30160900
MSFT,2020-07-28,203.61000061035156,204.6999969482422,201.74000549316406,202.02000427246094,192.0186767578125,23251400
MSFT,2020-07-29,202.5,204.64999389648438,202.00999450683594,204.05999755859375,193.9576873779297,19632600
MSFT,2020-07-30,201.0,204.4600067138672,199.57000732421875,203.89999389648438,193.80564880371094,25079600
MSFT,2020-07-31,204.39999389648438,205.10000610351562,199.00999450683594,205.00999450683594,194.86068725585938,51044000
MSFT,2020-08-03,211.52000427246094,217.63999938964844,210.44000244140625,216.5399932861328,205.81988525390625,78983000
MSFT,2020-08-04,214.1699981689453,214.77000427246094,210.30999755859375,213.2899932861328,202.73077392578125,49280100
MSFT,2020-08-05,214.89999389648438,215.0,211.57000732421875,212.94000244140625,202.39810180664062,28806400
MSFT,2020-08-06,212.33999633789062,216.3699951171875,211.5500030517578,216.35000610351562,205.63929748535156,32656800
MSFT,2020-08-07,214.85000610351562,215.6999969482422,210.92999267578125,212.47999572753906,201.96087646484375,27820400
MSFT,2020-08-10,211.6699981689453,211.8800048828125,206.35000610351562,208.25,197.9403076171875,36716500
MSFT,2020-08-11,207.16000366210938,207.64999389648438,203.13999938964844,203.3800048828125,193.31138610839844,36446500
MSFT,2020-08-12,205.2899932861328,210.27999877929688,204.75,209.19000244140625,198.83377075195312,28013100
MSFT,2020-08-13,209.44000244140625,211.35000610351562,208.14999389648438,208.6999969482422,198.36801147460938,22588900
MSFT,2020-08-14,208.75999450683594,209.58999633789062,207.50999450683594,208.89999389648438,198.55807495117188,17958900
MSFT,2020-08-17,209.60000610351562,211.19000244140625,208.9199981689453,210.27999877929688,199.8697967529297,20184800
MSFT,2020-08-18,210.52999877929688,212.36000061035156,209.2100067138672,211.49000549316406,201.01983642578125,21336200
MSFT,2020-08-19,211.49000549316406,212.10000610351562,209.25,209.6999969482422,199.80030822753906,27627600
MSFT,2020-08-20,209.5399932861328,215.0,208.91000366210938,214.5800018310547,204.44993591308594,26981500
MSFT,2020-08-21,213.86000061035156,216.25,212.85000610351562,213.02000427246094,202.9635467529297,36249300
MSFT,2020-08-24,214.7899932861328,215.52000427246094,212.42999267578125,213.69000244140625,203.60194396972656,25460100
MSFT,2020-08-25,213.10000610351562,216.61000061035156,213.10000610351562,216.47000122070312,206.25067138671875,23043700
MSFT,2020-08-26,217.8800048828125,222.08999633789062,217.36000061035156,221.14999389648438,210.70973205566406,39600800
MSFT,2020-08-27,222.88999938964844,231.14999389648438,219.39999389648438,226.5800018310547,215.88340759277344,57602200
MSFT,2020-08-28,228.17999267578125,230.63999938964844,226.5800018310547,228.91000366210938,218.10342407226562,26292900
MSFT,2020-08-31,227.0,228.6999969482422,224.30999755859375,225.52999877929688,214.8830108642578,28774200
MSFT,2020-09-01,225.50999450683594,227.4499969482422,224.42999267578125,227.27000427246094,216.5408477783203,25725500
MSFT,2020-09-02,227.97000122070312,232.86000061035156,227.35000610351562,231.64999389648438,220.714111328125,34080800
MSFT,2020-09-03,229.27000427246094,229.30999755859375,214.9600067138672,217.3000030517578,207.04147338867188,58400300
MSFT,2020-09-04,215.10000610351562,218.36000061035156,205.19000244140625,214.25,204.13548278808594,59664100
MSFT,2020-09-08,206.5,210.02999877929688,202.1999969482422,202.66000366210938,193.09266662597656,52924300
MSFT,2020-09-09,207.60000610351562,214.83999633789062,206.6999969482422,211.2899932861328,201.31524658203125,45679000
MSFT,2020-09-10,213.39999389648438,214.74000549316406,204.11000061035156,205.3699951171875,195.6746826171875,35461500
MSFT,2020-09-11,207.1999969482422,208.6300048828125,201.24000549316406,204.02999877929688,194.39797973632812,33620100
MSFT,2020-09-14,204.24000549316406,209.1999969482422,204.02999877929688,205.41000366210938,195.71286010742188,30375800
MSFT,2020-09-15,208.4199981689453,209.77999877929688,206.92999267578125,208.77999877929688,198.92372131347656,21823900
MSFT,2020-09-16,210.6199951171875,210.64999389648438,204.63999938964844,205.0500030517578,195.36985778808594,26328100
MSFT,2020-09-17,200.0500030517578,204.3300018310547,199.9600067138672,202.91000366210938,193.3308563232422,34011300
MSFT,2020-09-18,202.8000030517578,203.64999389648438,196.25,200.38999938964844,190.9298553466797,55225300
MSFT,2020-09-21,197.19000244140625,202.7100067138672,196.3800048828125,202.5399932861328,192.97830200195312,39839700
MSFT,2020-09-22,205.05999755859375,208.10000610351562,202.0800018310547,207.4199981689453,197.6279296875,33517100
MSFT,2020-09-23,207.89999389648438,208.10000610351562,200.02999877929688,200.58999633789062,191.1204071044922,30803800
MSFT,2020-09-24,199.85000610351562,205.57000732421875,199.1999969482422,203.19000244140625,193.59764099121094,31202500
MSFT,2020-09-25,203.5500030517578,209.0399932861328,202.5399932861328,207.82000732421875,198.00906372070312,29437300
MSFT,2020-09-28,210.8800048828125,212.57000732421875,208.05999755859375,209.44000244140625,199.5525360107422,32004900
MSFT,2020-09-29,209.35000610351562,210.07000732421875,206.80999755859375,207.25999450683594,197.4755096435547,24221900
MSFT,2020-09-30,207.72999572753906,211.97999572753906,206.5399932861328,210.3300018310547,200.40060424804688,33829100
MSFT,2020-10-01,213.49000549316406,213.99000549316406,211.32000732421875,212.4600067138672,202.4299774169922,27158400
MSFT,2020-10-02,208.0,210.99000549316406,205.5399932861328,206.19000244140625,196.4560089111328,33154800
MSFT,2020-10-05,207.22000122070312,210.41000366210938,206.97999572753906,210.3800048828125,200.44821166992188,21331600
MSFT,2020-10-06,208.82000732421875,210.17999267578125,204.82000732421875,205.91000366210938,196.18922424316406,28554300
MSFT,2020-10-07,207.05999755859375,210.11000061035156,206.72000122070312,209.8300018310547,199.92417907714844,25681100
MSFT,2020-10-08,210.50999450683594,211.19000244140625,208.32000732421875,210.5800018310547,200.63876342773438,19925800
MSFT,2020-10-09,211.22999572753906,215.86000061035156,211.22999572753906,215.80999755859375,205.62188720703125,26458000
MSFT,2020-10-12,218.7899932861328,223.86000061035156,216.80999755859375,221.39999389648438,210.94796752929688,40461400
MSFT,2020-10-13,222.72000122070312,225.2100067138672,220.42999267578125,222.86000061035156,212.33905029296875,28950800
MSFT,2020-10-14,223.0,224.22000122070312,219.1300048828125,220.86000061035156,210.4334716796875,23421700
MSFT,2020-10-15,217.10000610351562,220.36000061035156,216.00999450683594,219.66000366210938,209.2901153564453,22733100
MSFT,2020-10-16,220.14999389648438,222.2899932861328,219.32000732421875,219.66000366210938,209.2901153564453,26057900
MSFT,2020-10-19,220.4199981689453,222.3000030517578,213.72000122070312,214.22000122070312,204.10690307617188,27625800
MSFT,2020-10-20,215.8000030517578,217.3699951171875,213.08999633789062,214.64999389648438,204.51658630371094,22753500
MSFT,2020-10-21,213.1199951171875,216.9199981689453,213.1199951171875,214.8000030517578,204.65953063964844,22724900
MSFT,2020-10-22,213.92999267578125,216.05999755859375,211.6999969482422,214.88999938964844,204.7453155517578,22351500
MSFT,2020-10-23,215.02999877929688,216.27999877929688,213.16000366210938,216.22999572753906,206.02203369140625,18879600
MSFT,2020-10-26,213.85000610351562,216.33999633789062,208.10000610351562,210.0800018310547,200.16238403320312,37111600
MSFT,2020-10-27,211.58999633789062,214.6699981689453,210.3300018310547,213.25,203.1826934814453,36700300
MSFT,2020-10-28,207.6699981689453,208.83999633789062,202.10000610351562,202.67999267578125,193.11172485351562,51195600
MSFT,2020-10-29,204.07000732421875,207.36000061035156,203.3699951171875,204.72000122070312,195.05540466308594,31432600
MSFT,2020-10-30,203.5,204.2899932861328,199.6199951171875,202.47000122070312,192.91162109375,36953700
MSFT,2020-11-02,204.2899932861328,205.27999877929688,200.1199951171875,202.3300018310547,192.77822875976562,30842200
MSFT,2020-11-03,203.88999938964844,208.1199951171875,203.1199951171875,206.42999267578125,196.68467712402344,27512000
MSFT,2020-11-04,214.02000427246094,218.32000732421875,212.4199981689453,216.38999938964844,206.17449951171875,42311800
MSFT,2020-11-05,222.0399932861328,224.1199951171875,221.14999389648438,223.2899932861328,212.74871826171875,36080100
MSFT,2020-11-06,222.25999450683594,224.36000061035156,218.02999877929688,223.72000122070312,213.158447265625,25231900
MSFT,2020-11-09,224.44000244140625,228.1199951171875,217.8800048828125,218.38999938964844,208.08009338378906,44395000
MSFT,2020-11-10,214.5,216.5,209.72000122070312,211.00999450683594,201.04847717285156,44045100
MSFT,2020-11-11,212.38999938964844,218.0399932861328,212.1999969482422,216.5500030517578,206.32691955566406,29440800
MSFT,2020-11-12,217.2100067138672,219.11000061035156,214.4600067138672,215.44000244140625,205.26934814453125,21593900
MSFT,2020-11-13,216.36000061035156,217.4199981689453,214.16000366210938,216.50999450683594,206.28880310058594,18621100
MSFT,2020-11-16,214.8699951171875,217.74000549316406,214.52000427246094,217.22999572753906,206.97482299804688,24953300
MSFT,2020-11-17,216.10000610351562,217.67999267578125,214.0800018310547,214.4600067138672,204.33560180664062,24154100
MSFT,2020-11-18,213.64999389648438,215.1699981689453,210.92999267578125,211.0800018310547,201.6417236328125,28372800
MSFT,2020-11-19,211.3800048828125,213.02999877929688,209.92999267578125,212.4199981689453,202.9217529296875,24792700
MSFT,2020-11-20,212.1999969482422,213.2899932861328,210.0,210.38999938964844,200.98252868652344,22843100
MSFT,2020-11-23,210.9499969482422,212.2899932861328,208.16000366210938,210.11000061035156,200.715087890625,25683500
MSFT,2020-11-24,209.58999633789062,214.25,208.86000061035156,213.86000061035156,204.29737854003906,33979700
MSFT,2020-11-25,215.11000061035156,215.2899932861328,212.4600067138672,213.8699951171875,204.30694580078125,21012900
MSFT,2020-11-27,214.85000610351562,216.27000427246094,214.0399932861328,215.22999572753906,205.60610961914062,14512200
MSFT,2020-11-30,214.10000610351562,214.75999450683594,210.83999633789062,214.07000732421875,204.49801635742188,33064800
MSFT,2020-12-01,214.50999450683594,217.32000732421875,213.35000610351562,216.2100067138672,206.54229736328125,30904500
MSFT,2020-12-02,214.8800048828125,215.47000122070312,212.8000030517578,215.3699951171875,205.73985290527344,23724500
MSFT,2020-12-03,214.61000061035156,216.3800048828125,213.64999389648438,214.24000549316406,204.66036987304688,25120900
MSFT,2020-12-04,214.22000122070312,215.3800048828125,213.17999267578125,214.36000061035156,204.77503967285156,24666000
MSFT,2020-12-07,214.3699951171875,215.5399932861328,212.99000549316406,214.2899932861328,204.70814514160156,24620000
MSFT,2020-12-08,213.97000122070312,216.9499969482422,212.88999938964844,216.00999450683594,206.35121154785156,23284100
MSFT,2020-12-09,215.16000366210938,215.22999572753906,211.2100067138672,211.8000030517578,202.32948303222656,32440600
MSFT,2020-12-10,211.77000427246094,213.0800018310547,210.36000061035156,210.52000427246094,201.1067352294922,26733300
MSFT,2020-12-11,210.0500030517578,213.32000732421875,209.11000061035156,213.25999450683594,203.72421264648438,30979400
MSFT,2020-12-14,213.10000610351562,216.2100067138672,212.8800048828125,214.1999969482422,204.6221923828125,28798400
MSFT,2020-12-15,215.1699981689453,215.4199981689453,212.24000549316406,214.1300048828125,204.55526733398438,27000600
MSFT,2020-12-16,214.75,220.11000061035156,214.72000122070312,219.27999877929688,209.47500610351562,35023300
MSFT,2020-12-17,219.8699951171875,220.88999938964844,217.9199981689453,219.4199981689453,209.6087646484375,32515800
MSFT,2020-12-18,218.58999633789062,219.69000244140625,216.02000427246094,218.58999633789062,208.81590270996094,63354900
MSFT,2020-12-21,217.5500030517578,224.0,217.27999877929688,222.58999633789062,212.63699340820312,37181900
MSFT,2020-12-22,222.69000244140625,225.6300048828125,221.85000610351562,223.94000244140625,213.92662048339844,22612200
MSFT,2020-12-23,223.11000061035156,223.55999755859375,220.8000030517578,221.02000427246094,211.13723754882812,18699600
MSFT,2020-12-24,221.4199981689453,223.61000061035156,221.1999969482422,222.75,212.7898712158203,10550600
MSFT,2020-12-28,224.4499969482422,226.02999877929688,223.02000427246094,224.9600067138672,214.90106201171875,17933500
MSFT,2020-12-29,226.30999755859375,227.17999267578125,223.5800018310547,224.14999389648438,214.12725830078125,17403200
MSFT,2020-12-30,225.22999572753906,225.6300048828125,221.47000122070312,221.67999267578125,211.76766967773438,20272300
MSFT,2020-12-31,221.6999969482422,223.0,219.67999267578125,222.4199981689453,212.474609375,20942100
MSFT,2021-01-04,222.52999877929688,223.0,214.80999755859375,217.69000244140625,207.95611572265625,37130100
MSFT,2021-01-05,217.25999450683594,218.52000427246094,215.6999969482422,217.89999389648438,208.15673828125,23823000
MSFT,2021-01-06,212.1699981689453,216.49000549316406,211.94000244140625,212.25,202.7593536376953,35930700
MSFT,2021-01-07,214.0399932861328,219.33999633789062,213.7100067138672,218.2899932861328,208.529296875,27694500
MSFT,2021-01-08,218.67999267578125,220.5800018310547,217.02999877929688,219.6199951171875,209.79986572265625,22956200
MSFT,2021-01-11,218.47000122070312,218.91000366210938,216.72999572753906,217.49000549316406,207.76504516601562,23031300
MSFT,2021-01-12,216.5,217.10000610351562,213.32000732421875,214.92999267578125,205.31951904296875,23249300
MSFT,2021-01-13,214.02000427246094,216.75999450683594,213.92999267578125,216.33999633789062,206.66647338867188,20087100
MSFT,2021-01-14,215.91000366210938,217.4600067138672,212.74000549316406,213.02000427246094,203.49497985839844,29480800
MSFT,2021-01-15,213.52000427246094,214.50999450683594,212.02999877929688,212.64999389648438,203.1414794921875,31746500
MSFT,2021-01-19,213.75,216.97999572753906,212.6300048828125,216.44000244140625,206.76202392578125,30480900
MSFT,2021-01-20,217.6999969482422,225.7899932861328,217.2899932861328,224.33999633789062,214.30880737304688,37777300
MSFT,2021-01-21,224.6999969482422,226.3000030517578,222.4199981689453,224.97000122070312,214.9105682373047,30709400
MSFT,2021-01-22,227.0800018310547,230.07000732421875,225.8000030517578,225.9499969482422,215.84678649902344,30172700
MSFT,2021-01-25,229.1199951171875,229.77999877929688,224.22000122070312,229.52999877929688,219.26669311523438,33152100
MSFT,2021-01-26,231.86000061035156,234.17999267578125,230.0800018310547,232.3300018310547,221.94151306152344,49169600
MSFT,2021-01-27,238.0,240.44000244140625,230.13999938964844,232.89999389648438,222.4860076904297,69870600
MSFT,2021-01-28,235.61000061035156,242.63999938964844,235.08999633789062,238.92999267578125,228.24639892578125,49111200
MSFT,2021-01-29,235.99000549316406,238.02000427246094,231.35000610351562,231.9600067138672,221.5880584716797,42503100
MSFT,2021-02-01,235.05999755859375,242.5,232.42999267578125,239.64999389648438,228.93417358398438,33314200
MSFT,2021-02-02,241.3000030517578,242.30999755859375,238.69000244140625,239.50999450683594,228.80047607421875,25916300
MSFT,2021-02-03,239.57000732421875,245.08999633789062,239.25999450683594,243.0,232.1343994140625,27158100
MSFT,2021-02-04,242.66000366210938,243.24000549316406,240.3699951171875,242.00999450683594,231.18865966796875,25296100
MSFT,2021-02-05,242.22999572753906,243.27999877929688,240.4199981689453,242.1999969482422,231.37017822265625,18054800
MSFT,2021-02-08,243.14999389648438,243.67999267578125,240.80999755859375,242.47000122070312,231.6280975341797,22211900
MSFT,2021-02-09,241.8699951171875,244.75999450683594,241.3800048828125,243.77000427246094,232.86997985839844,23565000
MSFT,2021-02-10,245.0,245.9199981689453,240.88999938964844,242.82000732421875,231.96241760253906,22186700
MSFT,2021-02-11,244.77999877929688,245.14999389648438,242.14999389648438,244.49000549316406,233.55775451660156,15751100
MSFT,2021-02-12,243.92999267578125,245.3000030517578,242.72999572753906,244.99000549316406,234.03541564941406,16561100
MSFT,2021-02-16,245.02999877929688,246.1300048828125,242.9199981689453,243.6999969482422,232.8031463623047,26728500
MSFT,2021-02-17,241.32000732421875,244.30999755859375,240.94000244140625,244.1999969482422,233.8180389404297,21653500
MSFT,2021-02-18,241.8000030517578,243.92999267578125,240.86000061035156,243.7899932861328,233.42547607421875,16925600
MSFT,2021-02-19,243.75,243.86000061035156,240.17999267578125,240.97000122070312,230.725341796875,25262600
MSFT,2021-02-22,237.4199981689453,237.92999267578125,232.39999389648438,234.50999450683594,224.54000854492188,36446900
MSFT,2021-02-23,230.3300018310547,234.8300018310547,228.72999572753906,233.27000427246094,223.35269165039062,30228700
MSFT,2021-02-24,230.00999450683594,235.1999969482422,229.0,234.5500030517578,224.5783233642578,26339700
MSFT,2021-02-25,232.0800018310547,234.58999633789062,227.8800048828125,228.99000549316406,219.25465393066406,39542200
MSFT,2021-02-26,231.52999877929688,235.3699951171875,229.5399932861328,232.3800048828125,222.5005340576172,37819200
MSFT,2021-03-01,235.89999389648438,237.47000122070312,233.14999389648438,236.94000244140625,226.86671447753906,25324000
MSFT,2021-03-02,237.00999450683594,237.3000030517578,233.4499969482422,233.8699951171875,223.9272003173828,22812500
MSFT,2021-03-03,232.16000366210938,233.5800018310547,227.25999450683594,227.55999755859375,217.88546752929688,34029500
MSFT,2021-03-04,226.74000549316406,232.49000549316406,224.25999450683594,226.72999572753906,217.09075927734375,44727800
MSFT,2021-03-05,229.52000427246094,233.27000427246094,226.4600067138672,231.60000610351562,221.75364685058594,41872800
MSFT,2021-03-08,231.3699951171875,233.3699951171875,227.1300048828125,227.38999938964844,217.72267150878906,35267400
MSFT,2021-03-09,232.8800048828125,235.3800048828125,231.6699981689453,233.77999877929688,223.84104919433594,33080500
MSFT,2021-03-10,237.0,237.0,232.0399932861328,232.4199981689453,222.53884887695312,29746800
MSFT,2021-03-11,234.9600067138672,239.1699981689453,234.30999755859375,237.1300048828125,227.04859924316406,29907600
MSFT,2021-03-12,234.00999450683594,235.82000732421875,233.22999572753906,235.75,225.72727966308594,22653700
MSFT,2021-03-15,234.9600067138672,235.19000244140625,231.80999755859375,234.80999755859375,224.82720947265625,26034900
MSFT,2021-03-16,236.27999877929688,240.05999755859375,235.94000244140625,237.7100067138672,227.60394287109375,28092200
MSFT,2021-03-17,236.14999389648438,238.5500030517578,233.22999572753906,237.0399932861328,226.9624481201172,29562100
MSFT,2021-03-18,232.55999755859375,234.19000244140625,230.3300018310547,230.72000122070312,220.91111755371094,34833000
MSFT,2021-03-19,231.02000427246094,232.47000122070312,229.35000610351562,230.35000610351562,220.5568389892578,46430700
MSFT,2021-03-22,230.27000427246094,236.89999389648438,230.13999938964844,235.99000549316406,225.95709228515625,30127000
MSFT,2021-03-23,237.49000549316406,241.0500030517578,237.07000732421875,237.5800018310547,227.47947692871094,31638400
MSFT,2021-03-24,237.85000610351562,238.0,235.32000732421875,235.4600067138672,225.4496307373047,25620100
MSFT,2021-03-25,235.3000030517578,236.94000244140625,231.57000732421875,232.33999633789062,222.4622344970703,34061900
MSFT,2021-03-26,231.5500030517578,236.7100067138672,231.5500030517578,236.47999572753906,226.42628479003906,25479900
MSFT,2021-03-29,236.58999633789062,236.8000030517578,231.8800048828125,235.24000549316406,225.23895263671875,25227500
MSFT,2021-03-30,233.52999877929688,233.85000610351562,231.10000610351562,231.85000610351562,221.99307250976562,24792000
MSFT,2021-03-31,232.91000366210938,239.10000610351562,232.38999938964844,235.77000427246094,225.7464141845703,43623500
MSFT,2021-04-01,238.47000122070312,242.83999633789062,238.0500030517578,242.35000610351562,232.0466766357422,30338000
MSFT,2021-04-05,242.75999450683594,249.9600067138672,242.6999969482422,249.07000732421875,238.48098754882812,36910600
MSFT,2021-04-06,247.61000061035156,249.39999389648438,246.8800048828125,247.86000061035156,237.3224334716797,22931900
MSFT,2021-04-07,247.80999755859375,250.92999267578125,247.19000244140625,249.89999389648438,239.2756805419922,22719800
MSFT,2021-04-08,252.77000427246094,254.13999938964844,252.0,253.25,242.48330688476562,23625200
MSFT,2021-04-09,252.8699951171875,255.99000549316406,252.44000244140625,255.85000610351562,244.9727325439453,24326800
MSFT,2021-04-12,254.7100067138672,257.6700134277344,254.6199951171875,255.91000366210938,245.0301971435547,27148700
MSFT,2021-04-13,257.260009765625,259.19000244140625,256.8299865722656,258.489990234375,247.50048828125,23837500
MSFT,2021-04-14,257.4800109863281,258.8299865722656,255.16000366210938,255.58999633789062,244.7238006591797,23070900
MSFT,2021-04-15,257.92999267578125,259.92999267578125,257.7300109863281,259.5,248.4675750732422,25627500
MSFT,2021-04-16,259.4700012207031,261.0,257.6000061035156,260.739990234375,249.6548614501953,24878600
MSFT,2021-04-19,260.19000244140625,261.4800109863281,257.82000732421875,258.739990234375,247.73985290527344,23209300
MSFT,2021-04-20,257.82000732421875,260.20001220703125,256.8399963378906,258.260009765625,247.28030395507812,19722900
MSFT,2021-04-21,258.94000244140625,260.67999267578125,257.25,260.5799865722656,249.5016326904297,24030400
MSFT,2021-04-22,260.2099914550781,261.7799987792969,255.63999938964844,257.1700134277344,246.2366485595703,25606200
MSFT,2021-04-23,257.8800048828125,261.510009765625,257.2699890136719,261.1499938964844,250.04739379882812,21462600
MSFT,2021-04-26,261.6600036621094,262.44000244140625,260.1700134277344,261.54998779296875,250.43040466308594,19763300
MSFT,2021-04-27,261.5799865722656,263.19000244140625,260.1199951171875,261.9700012207031,250.83251953125,31014200
MSFT,2021-04-28,256.0799865722656,256.5400085449219,252.9499969482422,254.55999755859375,243.73757934570312,46903100
MSFT,2021-04-29,255.4600067138672,256.1000061035156,249.0,252.50999450683594,241.77476501464844,40589000
MSFT,2021-04-30,249.74000549316406,253.0800018310547,249.60000610351562,252.17999267578125,241.45877075195312,30945100
MSFT,2021-05-03,253.39999389648438,254.35000610351562,251.1199951171875,251.86000061035156,241.15234375,19626600
MSFT,2021-05-04,250.97000122070312,251.2100067138672,245.75999450683594,247.7899932861328,237.2554168701172,32756100
MSFT,2021-05-05,249.05999755859375,249.5,245.82000732421875,246.47000122070312,235.99154663085938,21901300
MSFT,2021-05-06,246.4499969482422,249.86000061035156,244.69000244140625,249.72999572753906,239.11293029785156,26491100
MSFT,2021-05-07,252.14999389648438,254.3000030517578,251.1699981689453,252.4600067138672,241.72686767578125,27032900
MSFT,2021-05-10,250.8699951171875,251.72999572753906,247.1199951171875,247.17999267578125,236.6713104248047,29299900
MSFT,2021-05-11,244.5500030517578,246.60000610351562,242.57000732421875,246.22999572753906,235.76173400878906,33641600
MSFT,2021-05-12,242.1699981689453,244.3800048828125,238.07000732421875,239.0,228.83909606933594,36684400
MSFT,2021-05-13,241.8000030517578,245.60000610351562,241.4199981689453,243.02999877929688,232.69778442382812,29624300
MSFT,2021-05-14,245.5800018310547,249.17999267578125,245.49000549316406,248.14999389648438,237.60011291503906,23901100
MSFT,2021-05-17,246.5500030517578,246.58999633789062,243.52000427246094,245.17999267578125,234.75634765625,24970200
MSFT,2021-05-18,246.27000427246094,246.41000366210938,242.89999389648438,243.0800018310547,232.74562072753906,20168000
MSFT,2021-05-19,239.30999755859375,243.22999572753906,238.60000610351562,243.1199951171875,233.3214569091797,25739800
MSFT,2021-05-20,243.9600067138672,247.9499969482422,243.86000061035156,246.47999572753906,236.5460205078125,21800700
MSFT,2021-05-21,247.57000732421875,248.3300018310547,244.74000549316406,245.1699981689453,235.2888946533203,21863100
MSFT,2021-05-24,247.7899932861328,251.16000366210938,247.50999450683594,250.77999877929688,240.67271423339844,21411500
MSFT,2021-05-25,251.77000427246094,252.75,250.82000732421875,251.72000122070312,241.57489013671875,17704300
MSFT,2021-05-26,251.42999267578125,252.94000244140625,250.75,251.49000549316406,241.35414123535156,17771600
MSFT,2021-05-27,251.1699981689453,251.47999572753906,249.25,249.30999755859375,239.26197814941406,24426200
MSFT,2021-05-28,251.0,252.0800018310547,249.55999755859375,249.67999267578125,239.61708068847656,18270200
MSFT,2021-06-01,251.22999572753906,251.2899932861328,246.9600067138672,247.39999389648438,237.42898559570312,23213300
MSFT,2021-06-02,248.1300048828125,249.27000427246094,245.83999633789062,247.3000030517578,237.33297729492188,19406700
MSFT,2021-06-03,245.22000122070312,246.33999633789062,243.0,245.7100067138672,235.80711364746094,25307700
MSFT,2021-06-04,247.75999450683594,251.64999389648438,247.50999450683594,250.7899932861328,240.68234252929688,25281100
MSFT,2021-06-07,249.97999572753906,254.08999633789062,249.80999755859375,253.80999755859375,243.5806121826172,23079200
MSFT,2021-06-08,255.16000366210938,256.010009765625,252.50999450683594,252.57000732421875,242.390625,22455000
MSFT,2021-06-09,253.80999755859375,255.52999877929688,253.2100067138672,253.58999633789062,243.36947631835938,17937600
MSFT,2021-06-10,254.2899932861328,257.4599914550781,253.6699981689453,257.239990234375,246.8723602294922,24563600
MSFT,2021-06-11,257.989990234375,258.489990234375,256.6099853515625,257.8900146484375,247.4962158203125,18999700
MSFT,2021-06-14,257.8999938964844,259.95001220703125,256.79998779296875,259.8900146484375,249.41558837890625,19150500
MSFT,2021-06-15,259.7699890136719,259.989990234375,257.67999267578125,258.3599853515625,247.94723510742188,18038900
MSFT,2021-06-16,259.3999938964844,260.5799865722656,254.4199981689453,257.3800048828125,247.00672912597656,27220000
MSFT,2021-06-17,256.07000732421875,261.75,256.010009765625,260.8999938964844,250.38487243652344,27565500
MSFT,2021-06-18,259.6300048828125,262.29998779296875,258.75,259.42999267578125,248.97410583496094,37202200
MSFT,2021-06-21,259.82000732421875,263.5199890136719,257.9200134277344,262.6300048828125,252.04518127441406,26696100
MSFT,2021-06-22,262.7200012207031,265.7900085449219,262.3999938964844,265.510009765625,254.80909729003906,24694100
MSFT,2021-06-23,265.989990234375,266.8299865722656,264.42999267578125,265.2699890136719,254.5786895751953,19518700
MSFT,2021-06-24,266.1600036621094,267.8500061035156,265.4700012207031,266.69000244140625,255.9415283203125,21446900
MSFT,2021-06-25,266.2300109863281,267.25,264.760009765625,265.0199890136719,254.3388214111328,25611100
MSFT,2021-06-28,266.19000244140625,268.8999938964844,265.9100036621094,268.7200012207031,257.8896484375,19590000
MSFT,2021-06-29,268.8699951171875,271.6499938964844,267.9800109863281,271.3999938964844,260.4617614746094,19937800
MSFT,2021-06-30,270.69000244140625,271.3599853515625,269.6000061035156,270.8999938964844,259.9818420410156,21656500
MSFT,2021-07-01,269.6099853515625,271.8399963378906,269.6000061035156,271.6000061035156,260.65362548828125,16725300
MSFT,2021-07-02,272.82000732421875,278.0,272.5,277.6499938964844,266.45977783203125,26458000
MSFT,2021-07-06,278.0299987792969,279.3699951171875,274.29998779296875,277.6600036621094,266.4693908691406,31565600
MSFT,2021-07-07,279.3999938964844,280.69000244140625,277.1499938964844,279.92999267578125,268.64788818359375,23260000
MSFT,2021-07-08,276.8999938964844,278.7300109863281,274.8699951171875,277.4200134277344,266.23907470703125,24618600
MSFT,2021-07-09,275.7200012207031,278.04998779296875,275.32000732421875,277.94000244140625,266.73809814453125,23916700
MSFT,2021-07-12,279.1600036621094,279.7699890136719,276.5799865722656,277.32000732421875,266.14312744140625,18931700
MSFT,2021-07-13,277.5199890136719,282.8500061035156,277.3900146484375,280.9800109863281,269.65557861328125,26120100
MSFT,2021-07-14,282.3500061035156,283.6600036621094,280.54998779296875,282.510009765625,271.1239013671875,23113700
MSFT,2021-07-15,282.0,282.510009765625,279.8299865722656,281.0299987792969,269.7035217285156,22604200
MSFT,2021-07-16,282.07000732421875,284.1000061035156,279.4599914550781,280.75,269.4348449707031,26186800
MSFT,2021-07-19,278.92999267578125,280.3699951171875,274.45001220703125,277.010009765625,265.8455505371094,32935600
MSFT,2021-07-20,278.0299987792969,280.9700012207031,276.260009765625,279.32000732421875,268.06256103515625,26259700
MSFT,2021-07-21,278.8999938964844,281.5199890136719,277.2900085449219,281.3999938964844,270.0586853027344,24364300
MSFT,2021-07-22,283.8399963378906,286.4200134277344,283.4200134277344,286.1400146484375,274.6076965332031,23384100
MSFT,2021-07-23,287.3699951171875,289.989990234375,286.5,289.6700134277344,277.9953308105469,22768100
MSFT,2021-07-26,289.0,289.69000244140625,286.6400146484375,289.04998779296875,277.4002685546875,23176100
MSFT,2021-07-27,289.42999267578125,289.5799865722656,282.95001220703125,286.5400085449219,274.9915466308594,33604100
MSFT,2021-07-28,288.989990234375,290.1499938964844,283.8299865722656,286.2200012207031,274.6844482421875,33566900
MSFT,2021-07-29,286.239990234375,288.6199951171875,286.0799865722656,286.5,274.953125,18168300
MSFT,2021-07-30,285.1700134277344,286.6600036621094,283.9100036621094,284.9100036621094,273.42718505859375,20944800
MSFT,2021-08-02,286.3599853515625,286.7699890136719,283.739990234375,284.82000732421875,273.3408508300781,16267400
MSFT,2021-08-03,285.4200134277344,287.2300109863281,284.0,287.1199951171875,275.548095703125,17879000
MSFT,2021-08-04,286.2200012207031,287.5899963378906,284.6499938964844,286.510009765625,274.9626770019531,16191300
MSFT,2021-08-05,286.8800048828125,289.6300048828125,286.1000061035156,289.5199890136719,277.8514099121094,13900200
MSFT,2021-08-06,288.510009765625,289.5,287.6199951171875,289.4599914550781,277.7937927246094,16589300
MSFT,2021-08-09,289.75,291.54998779296875,287.80999755859375,288.3299865722656,276.7093811035156,16117600
MSFT,2021-08-10,288.79998779296875,289.25,285.20001220703125,286.44000244140625,274.89556884765625,18616600
MSFT,2021-08-11,287.2099914550781,288.6600036621094,285.8599853515625,286.95001220703125,275.3849792480469,13955900
MSFT,2021-08-12,286.6300048828125,289.9700012207031,286.3399963378906,289.80999755859375,278.1297607421875,14561300
MSFT,2021-08-13,289.4800109863281,292.8999938964844,289.29998779296875,292.8500061035156,281.04718017578125,18249000
MSFT,2021-08-16,293.19000244140625,294.82000732421875,290.0199890136719,294.6000061035156,282.7266540527344,22507600
MSFT,2021-08-17,292.3900146484375,293.42999267578125,291.0799865722656,293.0799865722656,281.2679138183594,20075300
MSFT,2021-08-18,292.0400085449219,294.82000732421875,290.2699890136719,290.7300109863281,279.5467834472656,21813000
MSFT,2021-08-19,288.69000244140625,297.4700012207031,288.6400146484375,296.7699890136719,285.3543701171875,29850500
MSFT,2021-08-20,299.7200012207031,305.8399963378906,298.05999755859375,304.3599853515625,292.6524658203125,40817600
MSFT,2021-08-23,303.25,305.3999938964844,301.8500061035156,304.6499938964844,292.9312744140625,22830200
MSFT,2021-08-24,305.0199890136719,305.6499938964844,302.0,302.6199951171875,290.9793701171875,18175800
MSFT,2021-08-25,304.29998779296875,304.5899963378906,300.4200134277344,302.010009765625,290.3929138183594,20006100
MSFT,2021-08-26,300.989990234375,302.42999267578125,298.95001220703125,299.0899963378906,287.5851745605469,17666100
MSFT,2021-08-27,298.989990234375,300.8699951171875,296.8299865722656,299.7200012207031,288.19097900390625,22605700
MSFT,2021-08-30,301.1199951171875,304.2200012207031,301.05999755859375,303.5899963378906,291.9120788574219,16348100
MSFT,2021-08-31,304.4200134277344,304.5,301.5,301.8800048828125,290.26788330078125,26285300
MSFT,2021-09-01,302.8699951171875,305.19000244140625,301.489990234375,301.8299865722656,290.2197265625,18983800
MSFT,2021-09-02,302.20001220703125,303.3599853515625,300.17999267578125,301.1499938964844,289.56597900390625,16285600
MSFT,2021-09-03,300.989990234375,302.6000061035156,300.260009765625,301.1400146484375,289.5563659667969,14747900
MSFT,2021-09-07,301.010009765625,301.0899963378906,298.20001220703125,300.17999267578125,288.63330078125,17180400
MSFT,2021-09-08,299.7799987792969,300.6099853515625,297.4700012207031,300.2099914550781,288.6622314453125,15046800
MSFT,2021-09-09,300.82000732421875,302.1400146484375,297.0,297.25,285.8159484863281,19927000
MSFT,2021-09-10,298.4200134277344,299.9200134277344,295.3800048828125,295.7099914550781,284.3352355957031,19633400
MSFT,2021-09-13,297.54998779296875,298.5400085449219,294.0799865722656,296.989990234375,285.5660095214844,23652900
MSFT,2021-09-14,299.55999755859375,301.3900146484375,298.1000061035156,299.7900085449219,288.25823974609375,21853400
MSFT,2021-09-15,303.260009765625,305.32000732421875,301.82000732421875,304.82000732421875,293.0948181152344,28356300
MSFT,2021-09-16,303.760009765625,305.30999755859375,300.760009765625,305.2200012207031,293.4793701171875,19550800
MSFT,2021-09-17,304.1700134277344,304.5,299.5299987792969,299.8699951171875,288.3351745605469,41372500
MSFT,2021-09-20,296.3299865722656,298.7200012207031,289.5199890136719,294.29998779296875,282.9794616699219,38278700
MSFT,2021-09-21,295.69000244140625,297.5400085449219,294.07000732421875,294.79998779296875,283.46014404296875,22364100
MSFT,2021-09-22,296.7300109863281,300.2200012207031,294.510009765625,298.5799865722656,287.0948486328125,26626300
MSFT,2021-09-23,298.8500061035156,300.8999938964844,297.5299987792969,299.55999755859375,288.0370788574219,18604600
MSFT,2021-09-24,298.2300109863281,299.79998779296875,296.92999267578125,299.3500061035156,287.8352355957031,14999000
MSFT,2021-09-27,296.1400146484375,296.4700012207031,292.94000244140625,294.1700134277344,282.85443115234375,23571700
MSFT,2021-09-28,289.79998779296875,290.7799987792969,282.75,283.5199890136719,272.6141052246094,43186200
MSFT,2021-09-29,285.1000061035156,286.7699890136719,283.010009765625,284.0,273.07562255859375,26353700
MSFT,2021-09-30,285.7099914550781,287.8299865722656,281.6199951171875,281.9200134277344,271.07574462890625,32343600
MSFT,2021-10-01,282.1199951171875,289.9800109863281,281.2900085449219,289.1000061035156,277.9794616699219,30086300
MSFT,2021-10-04,287.3999938964844,287.75,280.25,283.1099853515625,272.2198791503906,31350700
MSFT,2021-10-05,284.04998779296875,290.3999938964844,284.04998779296875,288.760009765625,277.652587890625,24993000
MSFT,2021-10-06,285.7799987792969,293.6300048828125,285.510009765625,293.1099853515625,281.8351745605469,28002600
MSFT,2021-10-07,295.17999267578125,296.6400146484375,293.9200134277344,294.8500061035156,283.50830078125,20430500
MSFT,2021-10-08,296.2200012207031,296.6400146484375,293.760009765625,294.8500061035156,283.50830078125,17685700
MSFT,2021-10-11,292.9200134277344,297.9700012207031,292.75,294.2300109863281,282.9121398925781,19298600
MSFT,2021-10-12,295.3399963378906,295.44000244140625,292.3500061035156,292.8800048828125,281.6141052246094,17974100
MSFT,2021-10-13,294.9100036621094,297.2799987792969,293.489990234375,296.30999755859375,284.9120788574219,23416300
MSFT,2021-10-14,299.2099914550781,303.2699890136719,297.8299865722656,302.75,291.1044616699219,27262900
MSFT,2021-10-15,302.3399963378906,304.45001220703125,300.5199890136719,304.2099914550781,292.5082092285156,25384800
MSFT,2021-10-18,303.57000732421875,308.2099914550781,302.69000244140625,307.2900085449219,295.4697570800781,22729300
MSFT,2021-10-19,308.3500061035156,309.29998779296875,307.2200012207031,308.2300109863281,296.3736267089844,17682100
MSFT,2021-10-20,309.2099914550781,309.70001220703125,306.1099853515625,307.4100036621094,295.58514404296875,16537100
MSFT,2021-10-21,307.1700134277344,311.0199890136719,306.3599853515625,310.760009765625,298.8063659667969,16918100
MSFT,2021-10-22,310.3999938964844,311.0899963378906,307.79998779296875,309.1600036621094,297.267822265625,17449300
MSFT,2021-10-25,309.3599853515625,309.3999938964844,306.4599914550781,308.1300048828125,296.27752685546875,17554500
MSFT,2021-10-26,311.0,312.3999938964844,308.6000061035156,310.1099853515625,298.1812438964844,28107300
MSFT,2021-10-27,316.0,326.1000061035156,316.0,323.1700134277344,310.73895263671875,52588700
MSFT,2021-10-28,324.3299865722656,324.8699951171875,321.3599853515625,324.3500061035156,311.8735656738281,26297900
MSFT,2021-10-29,324.1300048828125,332.0,323.8999938964844,331.6199951171875,318.8639221191406,34766000
MSFT,2021-11-01,331.3599853515625,331.489990234375,326.3699951171875,329.3699951171875,316.700439453125,27073200
MSFT,2021-11-02,330.30999755859375,333.45001220703125,330.0,333.1300048828125,320.3157958984375,26487100
MSFT,2021-11-03,333.8999938964844,334.8999938964844,330.6499938964844,334.0,321.1523132324219,21500100
MSFT,2021-11-04,332.8900146484375,336.5400085449219,329.510009765625,336.44000244140625,323.49847412109375,23992200
MSFT,2021-11-05,338.510009765625,338.7900085449219,334.4200134277344,336.05999755859375,323.133056640625,22570100
MSFT,2021-11-08,337.29998779296875,337.6499938964844,334.44000244140625,336.989990234375,324.0273132324219,20897000
MSFT,2021-11-09,337.1099853515625,338.7200012207031,334.5299987792969,335.95001220703125,323.02734375,21307400
MSFT,2021-11-10,334.57000732421875,334.6300048828125,329.9200134277344,330.79998779296875,318.0754089355469,25500900
MSFT,2021-11-11,331.25,333.7699890136719,330.510009765625,332.42999267578125,319.6427001953125,16849800
MSFT,2021-11-12,333.9200134277344,337.2300109863281,333.7900085449219,336.7200012207031,323.7677307128906,23831000
MSFT,2021-11-15,337.5400085449219,337.8800048828125,334.0299987792969,336.07000732421875,323.1427917480469,16723000
MSFT,2021-11-16,335.67999267578125,340.6700134277344,335.510009765625,339.510009765625,326.45037841796875,20886800
MSFT,2021-11-17,338.94000244140625,342.19000244140625,338.0,339.1199951171875,326.6719665527344,19053400
MSFT,2021-11-18,338.17999267578125,342.45001220703125,337.1199951171875,341.2699890136719,328.7430419921875,22463500
MSFT,2021-11-19,342.6400146484375,345.1000061035156,342.20001220703125,343.1099853515625,330.5154724121094,21963400
MSFT,2021-11-22,344.6199951171875,349.6700134277344,339.54998779296875,339.8299865722656,327.3558654785156,31031100
MSFT,2021-11-23,337.04998779296875,339.45001220703125,333.55999755859375,337.67999267578125,325.2847900390625,30427600
MSFT,2021-11-24,336.2799987792969,338.1600036621094,333.9100036621094,337.9100036621094,325.5063171386719,21661300
MSFT,2021-11-26,334.3500061035156,337.92999267578125,328.1199951171875,329.67999267578125,317.5784606933594,24217200
MSFT,2021-11-29,334.94000244140625,339.0299987792969,334.739990234375,336.6300048828125,324.27325439453125,28563500
MSFT,2021-11-30,335.32000732421875,337.7799987792969,328.989990234375,330.5899963378906,318.455078125,42885600
MSFT,2021-12-01,335.1300048828125,339.2799987792969,329.3900146484375,330.0799865722656,317.9637756347656,33337600
MSFT,2021-12-02,330.29998779296875,333.489990234375,327.79998779296875,329.489990234375,317.39544677734375,30766000
MSFT,2021-12-03,331.989990234375,332.70001220703125,318.0299987792969,323.010009765625,311.1533508300781,41779300
MSFT,2021-12-06,323.95001220703125,327.45001220703125,319.2300109863281,326.19000244140625,314.21661376953125,30032600
MSFT,2021-12-07,331.6400146484375,335.79998779296875,330.1000061035156,334.9200134277344,322.6261901855469,31021900
MSFT,2021-12-08,335.30999755859375,335.5,330.79998779296875,334.9700012207031,322.67431640625,24761000
MSFT,2021-12-09,334.4100036621094,336.489990234375,332.1199951171875,333.1000061035156,320.872802734375,22214200
MSFT,2021-12-10,334.9800109863281,343.0,334.7900085449219,342.5400085449219,329.9664306640625,38095700
MSFT,2021-12-13,340.67999267578125,343.7900085449219,339.0799865722656,339.3999938964844,326.9416198730469,28899400
MSFT,2021-12-14,333.2200012207031,334.6400146484375,324.1099853515625,328.3399963378906,316.28759765625,44438700
MSFT,2021-12-15,328.6099853515625,335.19000244140625,324.5,334.6499938964844,322.36602783203125,35381100
MSFT,2021-12-16,335.7099914550781,336.760009765625,323.0199890136719,324.8999938964844,312.9739685058594,35034800
MSFT,2021-12-17,320.8800048828125,324.9200134277344,317.25,323.79998779296875,311.91424560546875,47750300
MSFT,2021-12-20,320.04998779296875,322.79998779296875,317.57000732421875,319.9100036621094,308.1670837402344,28326500
MSFT,2021-12-21,323.2900085449219,327.7300109863281,319.79998779296875,327.2900085449219,315.2762145996094,24740600
MSFT,2021-12-22,328.29998779296875,333.6099853515625,325.75,333.20001220703125,320.9692077636719,24831500
MSFT,2021-12-23,332.75,336.3900146484375,332.7300109863281,334.69000244140625,322.4045715332031,19617800
MSFT,2021-12-27,335.4599914550781,342.4800109863281,335.42999267578125,342.45001220703125,329.8797302246094,19947000
MSFT,2021-12-28,343.1499938964844,343.80999755859375,340.32000732421875,341.25,328.7237243652344,15661500
MSFT,2021-12-29,341.29998779296875,344.29998779296875,339.67999267578125,341.95001220703125,329.3980712890625,15042000
MSFT,2021-12-30,341.9100036621094,343.1300048828125,338.82000732421875,339.32000732421875,326.8646545410156,15994500
MSFT,2021-12-31,338.510009765625,339.3599853515625,335.8500061035156,336.32000732421875,323.97467041015625,18000800
MSFT,2022-01-03,335.3500061035156,338.0,329.7799987792969,334.75,322.4623718261719,28865100
MSFT,2022-01-04,334.8299865722656,335.20001220703125,326.1199951171875,329.010009765625,316.9330139160156,32674300
MSFT,2022-01-05,325.8599853515625,326.07000732421875,315.9800109863281,316.3800048828125,304.7666931152344,40054300
MSFT,2022-01-06,313.1499938964844,318.70001220703125,311.489990234375,313.8800048828125,302.35845947265625,39646100
MSFT,2022-01-07,314.1499938964844,316.5,310.0899963378906,314.0400085449219,302.5125732421875,32720000
MSFT,2022-01-10,309.489990234375,314.7200012207031,304.69000244140625,314.2699890136719,302.734130859375,44289500
MSFT,2022-01-11,313.3800048828125,316.6099853515625,309.8900146484375,314.9800109863281,303.4180603027344,29386800
MSFT,2022-01-12,319.6700134277344,323.4100036621094,317.0799865722656,318.2699890136719,306.5872802734375,34372200
MSFT,2022-01-13,320.4700012207031,320.8800048828125,304.0,304.79998779296875,293.61181640625,45366000
MSFT,2022-01-14,304.25,310.82000732421875,303.75,310.20001220703125,298.8135070800781,39846400
MSFT,2022-01-18,304.07000732421875,309.79998779296875,301.739990234375,302.6499938964844,291.54058837890625,42333200
MSFT,2022-01-19,306.2900085449219,313.9100036621094,302.70001220703125,303.3299865722656,292.1956481933594,45933900
MSFT,2022-01-20,309.07000732421875,311.6499938964844,301.1400146484375,301.6000061035156,290.5291748046875,35380700
MSFT,2022-01-21,302.69000244140625,304.1099853515625,295.6099853515625,296.0299987792969,285.1636962890625,57984400
MSFT,2022-01-24,292.20001220703125,297.1099853515625,276.04998779296875,296.3699951171875,285.4911804199219,85731500
MSFT,2022-01-25,291.5199890136719,294.989990234375,285.1700134277344,288.489990234375,277.9003601074219,72848600
MSFT,2022-01-26,307.989990234375,308.5,293.0299987792969,296.7099914550781,285.8186950683594,90428900
MSFT,2022-01-27,302.6600036621094,307.29998779296875,297.92999267578125,299.8399963378906,288.83380126953125,53481300
MSFT,2022-01-28,300.2300109863281,308.4800109863281,294.45001220703125,308.260009765625,296.94476318359375,49743700
MSFT,2022-01-31,308.95001220703125,312.3800048828125,306.3699951171875,310.9800109863281,299.56488037109375,46444500
MSFT,2022-02-01,310.4100036621094,310.6300048828125,305.1300048828125,308.760009765625,297.4263916015625,40950400
MSFT,2022-02-02,309.6300048828125,315.1199951171875,308.8800048828125,313.4599914550781,301.953857421875,36636000
MSFT,2022-02-03,309.489990234375,311.2300109863281,299.9599914550781,301.25,290.1920471191406,43730000
MSFT,2022-02-04,300.2099914550781,308.79998779296875,299.9700012207031,305.94000244140625,294.7098693847656,35096500
MSFT,2022-02-07,306.1700134277344,307.8399963378906,299.8999938964844,300.95001220703125,289.9030456542969,28533300
MSFT,2022-02-08,301.25,305.55999755859375,299.95001220703125,304.55999755859375,293.3804931640625,32421200
MSFT,2022-02-09,309.8699951171875,311.92999267578125,307.3900146484375,311.2099914550781,299.78643798828125,31284700
MSFT,2022-02-10,304.0400085449219,309.1199951171875,300.70001220703125,302.3800048828125,291.280517578125,45386200
MSFT,2022-02-11,303.19000244140625,304.2900085449219,294.2200012207031,295.0400085449219,284.2099914550781,39175600
MSFT,2022-02-14,293.7699890136719,296.760009765625,291.3500061035156,295.0,284.1715087890625,36359500
MSFT,2022-02-15,300.010009765625,300.79998779296875,297.0199890136719,300.4700012207031,289.440673828125,27058300
MSFT,2022-02-16,298.3699951171875,300.8699951171875,293.67999267578125,299.5,289.10284423828125,29982100
MSFT,2022-02-17,296.3599853515625,296.79998779296875,290.0,290.7300109863281,280.63726806640625,32461600
MSFT,2022-02-18,293.04998779296875,293.8599853515625,286.30999755859375,287.92999267578125,277.93450927734375,34264000
MSFT,2022-02-22,285.0,291.5400085449219,284.5,287.7200012207031,277.7318115234375,41736100
MSFT,2022-02-23,290.17999267578125,291.70001220703125,280.1000061035156,280.2699890136719,270.5404357910156,37811200
MSFT,2022-02-24,272.510009765625,295.1600036621094,271.5199890136719,294.5899963378906,284.36334228515625,56989700
MSFT,2022-02-25,295.1400146484375,297.6300048828125,291.6499938964844,297.30999755859375,286.9888610839844,32546700
MSFT,2022-02-28,294.30999755859375,299.1400146484375,293.0,298.7900085449219,288.4174499511719,34627500
MSFT,2022-03-01,296.3999938964844,299.9700012207031,292.1499938964844,294.95001220703125,284.7107849121094,31217800
MSFT,2022-03-02,295.3599853515625,301.4700012207031,293.70001220703125,300.19000244140625,289.7688903808594,31873000
MSFT,2022-03-03,302.8900146484375,303.1300048828125,294.04998779296875,295.9200134277344,285.6470947265625,27314500
MSFT,2022-03-04,294.2900085449219,295.6600036621094,287.1700134277344,289.8599853515625,279.7974853515625,32356500
MSFT,2022-03-07,288.5299987792969,289.69000244140625,278.5299987792969,278.9100036621094,269.2276611328125,43157200
MSFT,2022-03-08,277.79998779296875,283.9599914550781,270.0,275.8500061035156,266.27386474609375,48159500
MSFT,2022-03-09,283.44000244140625,289.6000061035156,280.7799987792969,288.5,278.4847106933594,35204500
MSFT,2022-03-10,283.0199890136719,286.6000061035156,280.5799865722656,285.5899963378906,275.6756286621094,30628000
MSFT,2022-03-11,287.9599914550781,289.510009765625,279.42999267578125,280.07000732421875,270.3473205566406,27209300
MSFT,2022-03-14,280.3399963378906,285.3999938964844,275.82000732421875,276.44000244140625,266.8433837890625,30660700
MSFT,2022-03-15,280.3500061035156,287.82000732421875,278.7300109863281,287.1499938964844,277.1815185546875,34245100
MSFT,2022-03-16,289.1099853515625,294.57000732421875,283.20001220703125,294.3900146484375,284.1703186035156,37826300
MSFT,2022-03-17,293.2900085449219,295.6099853515625,289.3699951171875,295.2200012207031,284.9714660644531,30816600
MSFT,2022-03-18,295.3699951171875,301.0,292.7300109863281,300.42999267578125,290.00048828125,43390600
MSFT,2022-03-21,298.8900146484375,300.1400146484375,294.8999938964844,299.1600036621094,288.7746276855469,28351200
MSFT,2022-03-22,299.79998779296875,305.0,298.7699890136719,304.05999755859375,293.5045471191406,27599700
MSFT,2022-03-23,300.510009765625,303.2300109863281,297.7200012207031,299.489990234375,289.09326171875,25715400
MSFT,2022-03-24,299.1400146484375,304.20001220703125,298.32000732421875,304.1000061035156,293.5430603027344,24484500
MSFT,2022-03-25,305.2300109863281,305.5,299.2900085449219,303.67999267578125,293.1377868652344,22566500
MSFT,2022-03-28,304.3299865722656,310.79998779296875,304.3299865722656,310.70001220703125,299.9140319824219,29578200
MSFT,2022-03-29,313.9100036621094,315.82000732421875,309.04998779296875,315.4100036621094,304.4605712890625,30393400
MSFT,2022-03-30,313.760009765625,315.95001220703125,311.5799865722656,313.8599853515625,302.96435546875,28163600
MSFT,2022-03-31,313.8999938964844,315.1400146484375,307.8900146484375,308.30999755859375,297.60699462890625,33422100
MSFT,2022-04-01,309.3699951171875,310.1300048828125,305.5400085449219,309.4200134277344,298.6784362792969,27110500
MSFT,2022-04-04,310.0899963378906,315.1099853515625,309.7099914550781,314.9700012207031,304.0358581542969,24289600
MSFT,2022-04-05,313.2699890136719,314.8699951171875,309.8699951171875,310.8800048828125,300.0877685546875,23156700
MSFT,2022-04-06,305.19000244140625,307.0,296.7099914550781,299.5,289.10284423828125,40110400
MSFT,2022-04-07,296.6600036621094,303.6499938964844,296.3500061035156,301.3699951171875,290.9079284667969,31411200
MSFT,2022-04-08,300.44000244140625,301.1199951171875,296.2799987792969,296.9700012207031,286.66070556640625,24361900
MSFT,2022-04-11,291.7900085449219,292.6099853515625,285.0,285.260009765625,275.3571472167969,34569300
MSFT,2022-04-12,289.239990234375,290.739990234375,280.489990234375,282.05999755859375,272.2682800292969,30966700
MSFT,2022-04-13,282.7300109863281,288.5799865722656,281.29998779296875,287.6199951171875,277.63525390625,21907200
MSFT,2022-04-14,288.0899963378906,288.30999755859375,279.32000732421875,279.8299865722656,270.11566162109375,28221600
MSFT,2022-04-18,278.9100036621094,282.4599914550781,278.3399963378906,280.5199890136719,270.7817077636719,20778000
MSFT,2022-04-19,279.3800048828125,286.1700134277344,278.4100036621094,285.29998779296875,275.3957824707031,22297700
MSFT,2022-04-20,289.3999938964844,289.70001220703125,285.3699951171875,286.3599853515625,276.4189147949219,22906700
MSFT,2022-04-21,288.5799865722656,293.29998779296875,280.05999755859375,280.80999755859375,271.0617370605469,29454600
MSFT,2022-04-22,281.67999267578125,283.20001220703125,273.3800048828125,274.0299987792969,264.51702880859375,29405800
MSFT,2022-04-25,273.2900085449219,281.1099853515625,270.7699890136719,280.7200012207031,270.9747619628906,35678900
MSFT,2022-04-26,277.5,278.3599853515625,270.0,270.2200012207031,260.83929443359375,46518400
MSFT,2022-04-27,282.1000061035156,290.9700012207031,279.1600036621094,283.2200012207031,273.38800048828125,63477700
MSFT,2022-04-28,285.19000244140625,290.9800109863281,281.4599914550781,289.6300048828125,279.5754699707031,33646600
MSFT,2022-04-29,288.6099853515625,289.8800048828125,276.5,277.5199890136719,267.8858337402344,37073900
MSFT,2022-05-02,277.7099914550781,284.94000244140625,276.2200012207031,284.4700012207031,274.5946350097656,35151100
MSFT,2022-05-03,283.9599914550781,284.1300048828125,280.1499938964844,281.7799987792969,271.99798583984375,25978600
MSFT,2022-05-04,282.5899963378906,290.8800048828125,276.7300109863281,289.9800109863281,279.91339111328125,33599300
MSFT,2022-05-05,285.5400085449219,286.3500061035156,274.3399963378906,277.3500061035156,267.7217712402344,43260400
MSFT,2022-05-06,274.80999755859375,279.25,271.2699890136719,274.7300109863281,265.1927490234375,37780300
MSFT,2022-05-09,270.05999755859375,272.3599853515625,263.32000732421875,264.5799865722656,255.3950958251953,47726000
MSFT,2022-05-10,271.69000244140625,273.75,265.07000732421875,269.5,260.144287109375,39336400
MSFT,2022-05-11,265.67999267578125,271.3599853515625,259.29998779296875,260.54998779296875,251.50498962402344,48975900
MSFT,2022-05-12,257.69000244140625,259.8800048828125,250.02000427246094,255.35000610351562,246.4855194091797,51033800
MSFT,2022-05-13,257.3500061035156,263.0400085449219,255.35000610351562,261.1199951171875,252.05523681640625,34925100
MSFT,2022-05-16,259.9599914550781,265.82000732421875,255.77999877929688,261.5,252.42201232910156,32550900
MSFT,2022-05-17,266.1099853515625,268.3299865722656,262.4599914550781,266.82000732421875,257.557373046875,28828800
MSFT,2022-05-18,263.0,263.6000061035156,252.77000427246094,254.0800018310547,245.8308563232422,31356000
MSFT,2022-05-19,253.89999389648438,257.6700134277344,251.8800048828125,253.13999938964844,244.9213409423828,32692300
MSFT,2022-05-20,257.239990234375,258.5400085449219,246.44000244140625,252.55999755859375,244.3601837158203,39199300
MSFT,2022-05-23,255.49000549316406,261.5,253.42999267578125,260.6499938964844,252.1875457763672,33175400
MSFT,2022-05-24,257.8900146484375,261.3299865722656,253.5,259.6199951171875,251.19094848632812,29043900
MSFT,2022-05-25,258.1400146484375,264.5799865722656,257.1300048828125,262.5199890136719,253.9967803955078,28547900
MSFT,2022-05-26,262.2699890136719,267.1099853515625,261.42999267578125,265.8999938964844,257.26702880859375,25002100
MSFT,2022-05-27,268.4800109863281,273.3399963378906,267.55999755859375,273.239990234375,264.36871337890625,26910800
MSFT,2022-05-31,272.5299987792969,274.7699890136719,268.92999267578125,271.8699951171875,263.0432434082031,37827700
MSFT,2022-06-01,275.20001220703125,277.69000244140625,270.0400085449219,272.4200134277344,263.575439453125,25292200
MSFT,2022-06-02,264.45001220703125,274.6499938964844,261.6000061035156,274.5799865722656,265.6653137207031,44008200
MSFT,2022-06-03,270.30999755859375,273.45001220703125,268.4100036621094,270.0199890136719,261.2532653808594,28059000
MSFT,2022-06-06,272.05999755859375,274.17999267578125,267.2200012207031,268.75,260.0245056152344,22400300
MSFT,2022-06-07,266.6400146484375,273.1300048828125,265.94000244140625,272.5,263.65277099609375,22860700
MSFT,2022-06-08,271.7099914550781,273.0,269.6099853515625,270.4100036621094,261.63067626953125,17372300
MSFT,2022-06-09,267.7799987792969,272.7099914550781,264.6300048828125,264.7900085449219,256.193115234375,26439700
MSFT,2022-06-10,260.5799865722656,260.5799865722656,252.52999877929688,252.99000549316406,244.7761993408203,31422800
MSFT,2022-06-13,245.11000061035156,249.02000427246094,241.52999877929688,242.25999450683594,234.3945770263672,46135800
MSFT,2022-06-14,243.86000061035156,245.74000549316406,241.50999450683594,244.49000549316406,236.5522003173828,28651500
MSFT,2022-06-15,248.30999755859375,255.3000030517578,246.4199981689453,251.75999450683594,243.58616638183594,33111700
MSFT,2022-06-16,245.97999572753906,247.4199981689453,243.02000427246094,244.97000122070312,237.01658630371094,33169200
MSFT,2022-06-17,244.6999969482422,250.5,244.02999877929688,247.64999389648438,239.609619140625,43084800
MSFT,2022-06-21,250.25999450683594,254.75,249.50999450683594,253.74000549316406,245.5019073486328,29928300
MSFT,2022-06-22,251.88999938964844,257.1700134277344,250.3699951171875,253.1300048828125,244.91168212890625,25939900
MSFT,2022-06-23,255.57000732421875,259.3699951171875,253.6300048828125,258.8599853515625,250.45562744140625,25861400
MSFT,2022-06-24,261.80999755859375,267.9800109863281,261.7200012207031,267.70001220703125,259.0086364746094,33923200
MSFT,2022-06-27,268.2099914550781,268.29998779296875,263.2799987792969,264.8900146484375,256.2898864746094,24615100
MSFT,2022-06-28,263.9800109863281,266.9100036621094,256.32000732421875,256.4800109863281,248.15293884277344,27295500
MSFT,2022-06-29,257.5899963378906,261.9700012207031,255.75999450683594,260.260009765625,251.81015014648438,20069800
MSFT,2022-06-30,257.04998779296875,259.5299987792969,252.89999389648438,256.8299865722656,248.4915313720703,31730900
MSFT,2022-07-01,256.3900146484375,259.7699890136719,254.61000061035156,259.5799865722656,251.15223693847656,22837700
MSFT,2022-07-05,256.1600036621094,262.9800109863281,254.74000549316406,262.8500061035156,254.31613159179688,22941000
MSFT,2022-07-06,263.75,267.989990234375,262.3999938964844,266.2099914550781,257.5670166015625,23824400
MSFT,2022-07-07,265.1199951171875,269.05999755859375,265.0199890136719,268.3999938964844,259.68585205078125,20859900
MSFT,2022-07-08,264.7900085449219,268.1000061035156,263.2900085449219,267.6600036621094,258.9700012207031,19658800
MSFT,2022-07-11,265.6499938964844,266.5299987792969,262.17999267578125,264.510009765625,255.92218017578125,19455200
MSFT,2022-07-12,265.8800048828125,265.94000244140625,252.0399932861328,253.6699981689453,245.4341278076172,35868500
MSFT,2022-07-13,250.19000244140625,253.5500030517578,248.11000061035156,252.72000122070312,244.51499938964844,29497400
MSFT,2022-07-14,250.57000732421875,255.13999938964844,245.94000244140625,254.0800018310547,245.8308563232422,25102800
MSFT,2022-07-15,255.72000122070312,260.3699951171875,254.77000427246094,256.7200012207031,248.38510131835938,29774100
MSFT,2022-07-18,259.75,260.8399963378906,253.3000030517578,254.25,245.9953155517578,20975000
MSFT,2022-07-19,257.5799865722656,259.7200012207031,253.67999267578125,259.5299987792969,251.10389709472656,25012600
MSFT,2022-07-20,259.8999938964844,264.8699951171875,258.9100036621094,262.2699890136719,253.75489807128906,22788300
MSFT,2022-07-21,259.7900085449219,264.8900146484375,257.0299987792969,264.8399963378906,256.2414855957031,22404700
MSFT,2022-07-22,265.239990234375,265.3299865722656,259.07000732421875,260.3599853515625,251.9069061279297,21881300
MSFT,2022-07-25,261.0,261.5,256.80999755859375,258.8299865722656,250.4265594482422,21056000
MSFT,2022-07-26,259.8599853515625,259.8800048828125,249.57000732421875,251.89999389648438,243.72157287597656,39348000
MSFT,2022-07-27,261.1600036621094,270.04998779296875,258.8500061035156,268.739990234375,260.0148620605469,45994000
MSFT,2022-07-28,269.75,277.8399963378906,267.8699951171875,276.4100036621094,267.435791015625,33459300
MSFT,2022-07-29,277.70001220703125,282.0,276.6300048828125,280.739990234375,271.6252746582031,32152800
MSFT,2022-08-01,277.82000732421875,281.2799987792969,275.8399963378906,278.010009765625,268.98388671875,21539600
MSFT,2022-08-02,276.0,277.8900146484375,272.3800048828125,274.82000732421875,265.89752197265625,22754200
MSFT,2022-08-03,276.760009765625,283.5,276.6099853515625,282.4700012207031,273.29913330078125,23518900
MSFT,2022-08-04,281.79998779296875,283.79998779296875,280.1700134277344,283.6499938964844,274.4408264160156,18098700
MSFT,2022-08-05,279.1499938964844,283.6499938964844,278.67999267578125,282.9100036621094,273.72479248046875,16774600
MSFT,2022-08-08,284.04998779296875,285.9200134277344,279.32000732421875,280.32000732421875,271.2189025878906,18739200
MSFT,2022-08-09,279.6400146484375,283.0799865722656,277.6099853515625,282.29998779296875,273.1346130371094,23405200
MSFT,2022-08-10,288.1700134277344,289.80999755859375,286.94000244140625,289.1600036621094,279.7718200683594,24687800
MSFT,2022-08-11,290.8500061035156,291.2099914550781,286.510009765625,287.0199890136719,277.7013854980469,20065900
MSFT,2022-08-12,288.4800109863281,291.9100036621094,286.94000244140625,291.9100036621094,282.4325256347656,22619700
MSFT,2022-08-15,291.0,294.17999267578125,290.1099853515625,293.4700012207031,283.9419860839844,18085700
MSFT,2022-08-16,291.989990234375,294.0400085449219,290.4200134277344,292.7099914550781,283.2066955566406,18102900
MSFT,2022-08-17,289.739990234375,293.3500061035156,289.4700012207031,291.32000732421875,282.4600830078125,18253400
MSFT,2022-08-18,290.19000244140625,291.9100036621094,289.0799865722656,290.1700134277344,281.344970703125,17186200
MSFT,2022-08-19,288.8999938964844,289.25,285.55999755859375,286.1499938964844,277.44732666015625,20570000
MSFT,2022-08-22,282.0799865722656,282.4599914550781,277.2200012207031,277.75,269.302734375,25061100
MSFT,2022-08-23,276.44000244140625,278.8599853515625,275.3999938964844,276.44000244140625,268.0325622558594,17527400
MSFT,2022-08-24,275.4100036621094,277.2300109863281,275.1099853515625,275.7900085449219,267.4024353027344,18137000
MSFT,2022-08-25,277.3299865722656,279.0199890136719,274.5199890136719,278.8500061035156,270.3692932128906,16583400
MSFT,2022-08-26,279.0799865722656,280.3399963378906,267.9800109863281,268.0899963378906,259.9364929199219,27549300
MSFT,2022-08-29,265.8500061035156,267.3999938964844,263.8500061035156,265.2300109863281,257.16351318359375,20338500
MSFT,2022-08-30,266.6700134277344,267.04998779296875,260.6600036621094,262.9700012207031,254.9722442626953,22767100
MSFT,2022-08-31,265.3900146484375,267.1099853515625,261.3299865722656,261.4700012207031,253.5178985595703,24791800
MSFT,2022-09-01,258.8699951171875,260.8900146484375,255.41000366210938,260.3999938964844,252.4804229736328,23263400
MSFT,2022-09-02,261.70001220703125,264.739990234375,254.47000122070312,256.05999755859375,248.27243041992188,22855400
MSFT,2022-09-06,256.20001220703125,257.8299865722656,251.94000244140625,253.25,245.54788208007812,21328200
MSFT,2022-09-07,254.6999969482422,258.8299865722656,253.22000122070312,258.0899963378906,250.2406463623047,24126700
MSFT,2022-09-08,257.510009765625,260.42999267578125,254.7899932861328,258.5199890136719,250.65757751464844,20319900
MSFT,2022-09-09,260.5,265.2300109863281,260.2900085449219,264.4599914550781,256.4168395996094,22084700
MSFT,2022-09-12,265.7799987792969,267.45001220703125,265.1600036621094,266.6499938964844,258.5403137207031,18747700
MSFT,2022-09-13,258.8399963378906,260.3999938964844,251.58999633789062,251.99000549316406,244.32618713378906,33353300
MSFT,2022-09-14,253.52999877929688,254.22999572753906,249.86000061035156,252.22000122070312,244.54917907714844,23913000
MSFT,2022-09-15,249.77000427246094,251.39999389648438,244.02000427246094,245.3800048828125,237.91722106933594,31530900
MSFT,2022-09-16,244.25999450683594,245.3000030517578,242.05999755859375,244.74000549316406,237.2966766357422,39791800
MSFT,2022-09-19,242.47000122070312,245.13999938964844,240.85000610351562,244.52000427246094,237.08338928222656,26826900
MSFT,2022-09-20,242.07000732421875,243.50999450683594,239.63999938964844,242.4499969482422,235.07632446289062,26660300
MSFT,2022-09-21,244.27000427246094,247.66000366210938,238.89999389648438,238.9499969482422,231.6827850341797,28625600
MSFT,2022-09-22,237.8699951171875,243.86000061035156,237.57000732421875,240.97999572753906,233.65106201171875,31061200
MSFT,2022-09-23,239.5399932861328,241.1300048828125,235.1999969482422,237.9199981689453,230.68409729003906,34176000
MSFT,2022-09-26,237.0500030517578,241.4499969482422,236.89999389648438,237.4499969482422,230.22836303710938,27694200
MSFT,2022-09-27,239.97999572753906,241.8000030517578,234.5,236.41000366210938,229.2200164794922,27018700
MSFT,2022-09-28,236.80999755859375,242.3300018310547,234.72999572753906,241.07000732421875,233.73829650878906,29029700
MSFT,2022-09-29,238.88999938964844,239.9499969482422,234.41000366210938,237.5,230.27688598632812,27484200
MSFT,2022-09-30,238.2899932861328,240.5399932861328,232.72999572753906,232.89999389648438,225.81678771972656,35694800
MSFT,2022-10-03,235.41000366210938,241.61000061035156,234.66000366210938,240.74000549316406,233.4183349609375,28880400
MSFT,2022-10-04,245.08999633789062,250.36000061035156,244.97999572753906,248.8800048828125,241.31077575683594,34888400
MSFT,2022-10-05,245.99000549316406,250.5800018310547,244.10000610351562,249.1999969482422,241.62106323242188,20347100
MSFT,2022-10-06,247.92999267578125,250.33999633789062,246.0800018310547,246.7899932861328,239.28431701660156,20239900
MSFT,2022-10-07,240.89999389648438,241.32000732421875,233.1699981689453,234.24000549316406,227.11602783203125,37769600
MSFT,2022-10-10,233.0500030517578,234.55999755859375,226.72999572753906,229.25,222.2777862548828,29743600
MSFT,2022-10-11,227.6199951171875,229.05999755859375,224.11000061035156,225.41000366210938,218.55458068847656,30474000
MSFT,2022-10-12,225.39999389648438,227.86000061035156,223.9600067138672,225.75,218.8842315673828,21903900
MSFT,2022-10-13,219.85000610351562,236.10000610351562,219.1300048828125,234.24000549316406,227.11602783203125,42551800
MSFT,2022-10-14,235.5399932861328,237.24000549316406,228.33999633789062,228.55999755859375,221.60873413085938,30198600
MSFT,2022-10-17,235.82000732421875,238.9600067138672,235.13999938964844,237.52999877929688,230.30596923828125,28142300
MSFT,2022-10-18,243.24000549316406,243.92999267578125,235.3699951171875,238.5,231.24644470214844,26329600
MSFT,2022-10-19,237.0399932861328,239.61000061035156,234.2899932861328,236.47999572753906,229.28790283203125,19985700
MSFT,2022-10-20,235.77000427246094,241.30999755859375,234.8699951171875,236.14999389648438,228.96791076660156,21811000
MSFT,2022-10-21,234.74000549316406,243.0,234.5,242.1199951171875,234.75636291503906,26299700
MSFT,2022-10-24,243.75999450683594,247.83999633789062,241.3000030517578,247.25,239.7303466796875,24911200
MSFT,2022-10-25,247.25999450683594,251.0399932861328,245.8300018310547,250.66000366210938,243.03662109375,34775500
MSFT,2022-10-26,231.1699981689453,238.3000030517578,230.05999755859375,231.32000732421875,224.2848663330078,82543200
MSFT,2022-10-27,231.0399932861328,233.69000244140625,225.77999877929688,226.75,219.85382080078125,40424600
MSFT,2022-10-28,226.24000549316406,236.60000610351562,226.0500030517578,235.8699951171875,228.6964569091797,40647700
MSFT,2022-10-31,233.75999450683594,234.9199981689453,231.14999389648438,232.1300048828125,225.07022094726562,28357300
MSFT,2022-11-01,234.60000610351562,235.74000549316406,227.3300018310547,228.1699981689453,221.23062133789062,30592300
MSFT,2022-11-02,229.4600067138672,231.3000030517578,220.0399932861328,220.10000610351562,213.4060821533203,38407000
MSFT,2022-11-03,220.08999633789062,220.41000366210938,213.97999572753906,214.25,207.7340087890625,36633900
MSFT,2022-11-04,217.5500030517578,221.58999633789062,213.42999267578125,221.38999938964844,214.65682983398438,36789100
MSFT,2022-11-07,221.99000549316406,228.41000366210938,221.27999877929688,227.8699951171875,220.9397735595703,33498000
MSFT,2022-11-08,228.6999969482422,231.64999389648438,225.83999633789062,228.8699951171875,221.9093475341797,28192500
MSFT,2022-11-09,227.3699951171875,228.6300048828125,224.3300018310547,224.50999450683594,217.6819610595703,27852900
MSFT,2022-11-10,235.42999267578125,243.3300018310547,235.0,242.97999572753906,235.59022521972656,46268000
MSFT,2022-11-11,242.99000549316406,247.99000549316406,241.92999267578125,247.11000061035156,239.59461975097656,34620200
MSFT,2022-11-14,241.99000549316406,243.91000366210938,239.2100067138672,241.5500030517578,234.20372009277344,31123300
MSFT,2022-11-15,245.66000366210938,247.0,240.02999877929688,241.97000122070312,234.61094665527344,31390100
MSFT,2022-11-16,242.7899932861328,243.8000030517578,240.4199981689453,241.72999572753906,235.0387420654297,24093300
MSFT,2022-11-17,237.77999877929688,243.25,237.6300048828125,241.67999267578125,234.9901580810547,23123500
MSFT,2022-11-18,243.50999450683594,243.74000549316406,239.02999877929688,241.22000122070312,234.54286193847656,27613500
MSFT,2022-11-21,241.42999267578125,244.6699981689453,241.19000244140625,242.0500030517578,235.3498992919922,26394700
MSFT,2022-11-22,243.58999633789062,245.30999755859375,240.7100067138672,245.02999877929688,238.24737548828125,19665700
MSFT,2022-11-23,245.11000061035156,248.27999877929688,244.27000427246094,247.5800018310547,240.7268524169922,19508500
MSFT,2022-11-25,247.30999755859375,248.6999969482422,246.72999572753906,247.49000549316406,240.63929748535156,9200800
MSFT,2022-11-28,246.0800018310547,246.64999389648438,240.8000030517578,241.75999450683594,235.06790161132812,24778200
MSFT,2022-11-29,241.39999389648438,242.7899932861328,238.2100067138672,240.3300018310547,233.67750549316406,17956300
MSFT,2022-11-30,240.57000732421875,255.3300018310547,239.86000061035156,255.13999938964844,248.07754516601562,47594200
MSFT,2022-12-01,253.8699951171875,256.1199951171875,250.9199981689453,254.69000244140625,247.63999938964844,26041500
MSFT,2022-12-02,249.82000732421875,256.05999755859375,249.69000244140625,255.02000427246094,247.9608917236328,21528500
MSFT,2022-12-05,252.00999450683594,253.82000732421875,248.05999755859375,250.1999969482422,243.2742919921875,23435300
MSFT,2022-12-06,250.82000732421875,251.86000061035156,243.77999877929688,245.1199951171875,238.3349151611328,22463700
MSFT,2022-12-07,244.8300018310547,246.16000366210938,242.2100067138672,244.3699951171875,237.6056671142578,20481500
MSFT,2022-12-08,244.83999633789062,248.74000549316406,243.05999755859375,247.39999389648438,240.5518341064453,22611800
MSFT,2022-12-09,244.6999969482422,248.30999755859375,244.16000366210938,245.4199981689453,238.62660217285156,20609700
MSFT,2022-12-12,247.4499969482422,252.5399932861328,247.1699981689453,252.50999450683594,245.5203399658203,30665100
MSFT,2022-12-13,261.69000244140625,263.9200134277344,253.07000732421875,256.9200134277344,249.8082733154297,42196900
MSFT,2022-12-14,257.1300048828125,262.5899963378906,254.30999755859375,257.2200012207031,250.09999084472656,35410900
MSFT,2022-12-15,253.72000122070312,254.1999969482422,247.33999633789062,249.00999450683594,242.11721801757812,35560400
MSFT,2022-12-16,248.5500030517578,249.83999633789062,243.50999450683594,244.69000244140625,237.91683959960938,86102000
MSFT,2022-12-19,244.86000061035156,245.2100067138672,238.7100067138672,240.4499969482422,233.79415893554688,29696400
MSFT,2022-12-20,239.39999389648438,242.91000366210938,238.4199981689453,241.8000030517578,235.10682678222656,25150800
MSFT,2022-12-21,241.69000244140625,245.6199951171875,240.11000061035156,244.42999267578125,237.66400146484375,23690600
MSFT,2022-12-22,241.25999450683594,241.99000549316406,233.8699951171875,238.19000244140625,231.59674072265625,28651700
MSFT,2022-12-23,236.11000061035156,238.8699951171875,233.94000244140625,238.72999572753906,232.12176513671875,21207000
MSFT,2022-12-27,238.6999969482422,238.92999267578125,235.8300018310547,236.9600067138672,230.4008026123047,16688600
MSFT,2022-12-28,236.88999938964844,239.72000122070312,234.1699981689453,234.52999877929688,228.0380401611328,17457100
MSFT,2022-12-29,235.64999389648438,241.9199981689453,235.64999389648438,241.00999450683594,234.3386688232422,19770700
MSFT,2022-12-30,238.2100067138672,239.9600067138672,236.66000366210938,239.82000732421875,233.181640625,21938500
MSFT,2023-01-03,243.0800018310547,245.75,237.39999389648438,239.5800018310547,232.94827270507812,25740000
MSFT,2023-01-04,232.27999877929688,232.8699951171875,225.9600067138672,229.10000610351562,222.7583465576172,50623400
MSFT,2023-01-05,227.1999969482422,227.5500030517578,221.75999450683594,222.30999755859375,216.1562957763672,39585600
MSFT,2023-01-06,223.0,225.75999450683594,219.35000610351562,224.92999267578125,218.7037811279297,43613600
MSFT,2023-01-09,226.4499969482422,231.24000549316406,226.41000366210938,227.1199951171875,220.8331756591797,27369800
MSFT,2023-01-10,227.75999450683594,231.30999755859375,227.3300018310547,228.85000610351562,222.51528930664062,27033900
MSFT,2023-01-11,231.2899932861328,235.9499969482422,231.11000061035156,235.77000427246094,229.24371337890625,28669300
MSFT,2023-01-12,235.25999450683594,239.89999389648438,233.55999755859375,238.50999450683594,231.9078826904297,27269500
MSFT,2023-01-13,237.0,239.3699951171875,234.9199981689453,239.22999572753906,232.60797119140625,21333300
MSFT,2023-01-17,237.97000122070312,240.91000366210938,237.08999633789062,240.35000610351562,233.6969451904297,29831300
MSFT,2023-01-18,241.57000732421875,242.3800048828125,235.52000427246094,235.80999755859375,229.28262329101562,30028700
MSFT,2023-01-19,233.77999877929688,235.52000427246094,230.67999267578125,231.92999267578125,225.510009765625,28623000
MSFT,2023-01-20,234.86000061035156,240.74000549316406,234.50999450683594,240.22000122070312,233.57054138183594,35389800
MSFT,2023-01-23,241.10000610351562,245.1699981689453,239.64999389648438,242.5800018310547,235.865234375,31934000
MSFT,2023-01-24,242.5,243.9499969482422,240.44000244140625,242.0399932861328,235.34017944335938,40234400
MSFT,2023-01-25,234.47999572753906,243.3000030517578,230.89999389648438,240.61000061035156,233.94972229003906,66526600
MSFT,2023-01-26,243.64999389648438,248.30999755859375,242.0,248.0,241.1351776123047,33454500
MSFT,2023-01-27,248.99000549316406,249.8300018310547,246.8300018310547,248.16000366210938,241.29080200195312,26498900
MSFT,2023-01-30,244.50999450683594,245.60000610351562,242.1999969482422,242.7100067138672,235.9916534423828,25867400
MSFT,2023-01-31,243.4499969482422,247.9499969482422,242.9499969482422,247.80999755859375,240.95045471191406,26541100
MSFT,2023-02-01,248.0,255.17999267578125,245.47000122070312,252.75,245.75367736816406,31259900
MSFT,2023-02-02,258.82000732421875,264.69000244140625,257.25,264.6000061035156,257.27569580078125,39940400
MSFT,2023-02-03,259.5400085449219,264.20001220703125,257.1000061035156,258.3500061035156,251.19866943359375,29077300
MSFT,2023-02-06,257.44000244140625,258.29998779296875,254.77999877929688,256.7699890136719,249.66244506835938,22518000
MSFT,2023-02-07,260.5299987792969,268.7699890136719,260.0799865722656,267.55999755859375,260.1537780761719,50841400
MSFT,2023-02-08,273.20001220703125,276.760009765625,266.2099914550781,266.7300109863281,259.3467102050781,54686000
MSFT,2023-02-09,273.79998779296875,273.9800109863281,262.79998779296875,263.6199951171875,256.32281494140625,42375100
MSFT,2023-02-10,261.5299987792969,264.0899963378906,260.6600036621094,263.1000061035156,255.81719970703125,25818500
MSFT,2023-02-13,267.6400146484375,274.6000061035156,267.1499938964844,271.32000732421875,263.8096008300781,44630900
MSFT,2023-02-14,272.6700134277344,274.9700012207031,269.2799987792969,272.1700134277344,264.6361999511719,37047900
MSFT,2023-02-15,268.32000732421875,270.7300109863281,266.17999267578125,269.32000732421875,262.52099609375,28922400
MSFT,2023-02-16,264.0199890136719,266.739990234375,261.8999938964844,262.1499938964844,255.5319061279297,29603600
MSFT,2023-02-17,259.3900146484375,260.0899963378906,256.0,258.05999755859375,251.54519653320312,30000100
MSFT,2023-02-21,254.47999572753906,255.49000549316406,251.58999633789062,252.6699981689453,246.29129028320312,28397400
MSFT,2023-02-22,254.08999633789062,254.33999633789062,250.33999633789062,251.50999450683594,245.16055297851562,22491100
MSFT,2023-02-23,255.55999755859375,256.8399963378906,250.47999572753906,254.77000427246094,248.33824157714844,29219100
MSFT,2023-02-24,249.9600067138672,251.0,248.10000610351562,249.22000122070312,242.92837524414062,24990900
MSFT,2023-02-27,252.4600067138672,252.82000732421875,249.38999938964844,250.16000366210938,243.8446502685547,21190000
MSFT,2023-02-28,249.07000732421875,251.49000549316406,248.72999572753906,249.4199981689453,243.12330627441406,22491000
MSFT,2023-03-01,250.75999450683594,250.92999267578125,245.7899932861328,246.27000427246094,240.05284118652344,27565300
MSFT,2023-03-02,246.5500030517578,251.39999389648438,245.61000061035156,251.11000061035156,244.77066040039062,24808200
MSFT,2023-03-03,252.19000244140625,255.6199951171875,251.38999938964844,255.2899932861328,248.84510803222656,30760100
MSFT,2023-03-06,256.42999267578125,260.1199951171875,255.97999572753906,256.8699951171875,250.38523864746094,24109800
MSFT,2023-03-07,256.29998779296875,257.69000244140625,253.38999938964844,254.14999389648438,247.73390197753906,21473200
MSFT,2023-03-08,254.0399932861328,254.5399932861328,250.80999755859375,253.6999969482422,247.2952423095703,17340200
MSFT,2023-03-09,255.82000732421875,259.55999755859375,251.5800018310547,252.32000732421875,245.95013427734375,26653400
MSFT,2023-03-10,251.0800018310547,252.7899932861328,247.60000610351562,248.58999633789062,242.3142547607422,28333900
MSFT,2023-03-13,247.39999389648438,257.9100036621094,245.72999572753906,253.9199981689453,247.5097198486328,33339700
MSFT,2023-03-14,256.75,261.07000732421875,255.86000061035156,260.7900085449219,254.2062530517578,33620300
MSFT,2023-03-15,259.9800109863281,266.4800109863281,259.2099914550781,265.44000244140625,258.7388916015625,46028000
MSFT,2023-03-16,265.2099914550781,276.55999755859375,263.2799987792969,276.20001220703125,269.2272644042969,54768800
MSFT,2023-03-17,278.260009765625,283.3299865722656,276.32000732421875,279.42999267578125,272.3757019042969,69527400
MSFT,2023-03-20,276.9800109863281,277.4800109863281,269.8500061035156,272.2300109863281,265.357421875,43466600
MSFT,2023-03-21,274.8800048828125,275.0,269.5199890136719,273.7799987792969,266.8683166503906,34558700
MSFT,2023-03-22,273.3999938964844,281.0400085449219,272.17999267578125,272.2900085449219,265.4159851074219,34873300
MSFT,2023-03-23,277.94000244140625,281.05999755859375,275.20001220703125,277.6600036621094,270.6503601074219,36610900
MSFT,2023-03-24,277.239990234375,280.6300048828125,275.2799987792969,280.57000732421875,273.4869079589844,28172000
MSFT,2023-03-27,280.5,281.4599914550781,275.5199890136719,276.3800048828125,269.4027099609375,26840200
MSFT,2023-03-28,275.7900085449219,276.1400146484375,272.04998779296875,275.2300109863281,268.28173828125,21878600
MSFT,2023-03-29,278.9599914550781,281.1400146484375,278.4100036621094,280.510009765625,273.4284362792969,25087000
MSFT,2023-03-30,284.2300109863281,284.4599914550781,281.4800109863281,284.04998779296875,276.8790588378906,25053400
MSFT,2023-03-31,283.7300109863281,289.2699890136719,283.0,288.29998779296875,281.0218200683594,32766000
MSFT,2023-04-03,286.5199890136719,288.2699890136719,283.95001220703125,287.2300109863281,279.978759765625,24883300
MSFT,2023-04-04,287.2300109863281,290.45001220703125,285.6700134277344,287.17999267578125,279.92999267578125,25824300
MSFT,2023-04-05,285.8500061035156,287.1499938964844,282.9200134277344,284.3399963378906,277.1617431640625,22064800
MSFT,2023-04-06,283.2099914550781,292.0799865722656,282.0299987792969,291.6000061035156,284.2384338378906,29770300
MSFT,2023-04-10,289.2099914550781,289.6000061035156,284.7099914550781,289.3900146484375,282.0842590332031,23103000
MSFT,2023-04-11,285.75,285.9800109863281,281.6400146484375,282.8299865722656,275.68988037109375,27276600
MSFT,2023-04-12,284.7900085449219,287.010009765625,281.9599914550781,283.489990234375,276.3331604003906,27403400
MSFT,2023-04-13,283.5899963378906,289.8999938964844,283.1700134277344,289.8399963378906,282.52288818359375,24222700
MSFT,2023-04-14,287.0,288.4800109863281,283.69000244140625,286.1400146484375,278.916259765625,20987900
MSFT,2023-04-17,289.92999267578125,291.6000061035156,286.1600036621094,288.79998779296875,281.5091247558594,23836200
MSFT,2023-04-18,291.57000732421875,291.760009765625,287.010009765625,288.3699951171875,281.09002685546875,20161800
MSFT,2023-04-19,285.989990234375,289.04998779296875,284.5400085449219,288.45001220703125,281.16796875,17150300
MSFT,2023-04-20,285.25,289.0299987792969,285.0799865722656,286.1099853515625,278.8870544433594,23244400
MSFT,2023-04-21,285.010009765625,286.2699890136719,283.05999755859375,285.760009765625,278.5458679199219,21676400
MSFT,2023-04-24,282.0899963378906,284.95001220703125,278.7200012207031,281.7699890136719,274.6565856933594,26611000
MSFT,2023-04-25,279.510009765625,281.6000061035156,275.3699951171875,275.4200134277344,268.4669189453125,45772200
MSFT,2023-04-26,296.70001220703125,299.57000732421875,292.7300109863281,295.3699951171875,287.91326904296875,64599200
MSFT,2023-04-27,295.9700012207031,305.20001220703125,295.25,304.8299865722656,297.1344299316406,46462600
MSFT,2023-04-28,304.010009765625,308.92999267578125,303.30999755859375,307.260009765625,299.5031433105469,36469600
MSFT,2023-05-01,306.9700012207031,308.6000061035156,305.1499938964844,305.55999755859375,297.8460693359375,21294100
MSFT,2023-05-02,307.760009765625,309.17999267578125,303.9100036621094,305.4100036621094,297.6997985839844,26404400
MSFT,2023-05-03,306.6199951171875,308.6099853515625,304.0899963378906,304.3999938964844,296.71527099609375,22360800
MSFT,2023-05-04,306.239990234375,307.760009765625,303.3999938964844,305.4100036621094,297.6997985839844,22519900
MSFT,2023-05-05,305.7200012207031,311.9700012207031,304.2699890136719,310.6499938964844,302.80755615234375,28197100
MSFT,2023-05-08,310.1300048828125,310.20001220703125,306.0899963378906,308.6499938964844,300.8580322265625,21318600
MSFT,2023-05-09,308.0,310.0400085449219,306.30999755859375,307.0,299.24969482421875,21340800
MSFT,2023-05-10,308.6199951171875,313.0,307.6700134277344,312.30999755859375,304.4256896972656,30078000
MSFT,2023-05-11,310.1000061035156,311.1199951171875,306.260009765625,310.1099853515625,302.2811584472656,31680200
MSFT,2023-05-12,310.54998779296875,310.6499938964844,306.6000061035156,308.9700012207031,301.1699523925781,19774700
MSFT,2023-05-15,309.1000061035156,309.8999938964844,307.5899963378906,309.4599914550781,301.6475830078125,16336500
MSFT,2023-05-16,309.8299865722656,313.7099914550781,309.8299865722656,311.739990234375,303.87005615234375,26730300
MSFT,2023-05-17,312.2900085449219,314.42999267578125,310.739990234375,314.0,306.7420959472656,24315000
MSFT,2023-05-18,314.5299987792969,319.0400085449219,313.7200012207031,318.5199890136719,311.1575927734375,27276000
MSFT,2023-05-19,316.739990234375,318.75,316.3699951171875,318.3399963378906,310.98175048828125,27546700
MSFT,2023-05-22,318.6000061035156,322.5899963378906,318.010009765625,321.17999267578125,313.7560729980469,24115700
MSFT,2023-05-23,320.0299987792969,322.7200012207031,315.25,315.260009765625,307.9729309082031,30797200
MSFT,2023-05-24,314.7300109863281,316.5,312.6099853515625,313.8500061035156,306.5955505371094,23384900
MSFT,2023-05-25,323.239990234375,326.8999938964844,320.0,325.9200134277344,318.3865661621094,43301700
MSFT,2023-05-26,324.0199890136719,333.3999938964844,323.8800048828125,332.8900146484375,325.1954650878906,36630600
MSFT,2023-05-30,335.2300109863281,335.739990234375,330.5199890136719,331.2099914550781,323.55426025390625,29503100
MSFT,2023-05-31,332.2900085449219,335.94000244140625,327.3299865722656,328.3900146484375,320.7994384765625,45950600
MSFT,2023-06-01,325.92999267578125,333.5299987792969,324.7200012207031,332.5799865722656,324.892578125,26773900
MSFT,2023-06-02,334.25,337.5,332.54998779296875,335.3999938964844,327.64739990234375,25873800
MSFT,2023-06-05,335.2200012207031,338.55999755859375,334.6600036621094,335.94000244140625,328.1749267578125,21307100
MSFT,2023-06-06,335.3299865722656,335.3699951171875,332.1700134277344,333.67999267578125,325.9671630859375,20396200
MSFT,2023-06-07,331.6499938964844,334.489990234375,322.5,323.3800048828125,315.9052429199219,40717100
MSFT,2023-06-08,323.94000244140625,326.6400146484375,323.3500061035156,325.260009765625,317.7418212890625,23277700
MSFT,2023-06-09,324.989990234375,329.989990234375,324.4100036621094,326.7900085449219,319.2364501953125,22529000
MSFT,2023-06-12,328.5799865722656,332.1000061035156,325.1600036621094,331.8500061035156,324.1794738769531,24260300
MSFT,2023-06-13,334.4700012207031,336.9800109863281,330.3900146484375,334.2900085449219,326.5631103515625,22951300
MSFT,2023-06-14,334.3399963378906,339.0400085449219,332.80999755859375,337.3399963378906,329.5425720214844,26003800
MSFT,2023-06-15,337.4800109863281,349.8399963378906,337.20001220703125,348.1000061035156,340.0538635253906,38899100
MSFT,2023-06-16,351.32000732421875,351.4700012207031,341.95001220703125,342.3299865722656,334.41717529296875,46552000
MSFT,2023-06-20,339.30999755859375,342.0799865722656,335.8599853515625,338.04998779296875,330.23614501953125,26375400
MSFT,2023-06-21,336.3699951171875,337.7300109863281,332.07000732421875,333.55999755859375,325.8499450683594,25117800
MSFT,2023-06-22,334.1199951171875,340.1199951171875,333.3399963378906,339.7099914550781,331.8578186035156,23556800
MSFT,2023-06-23,334.3599853515625,337.9599914550781,333.45001220703125,335.0199890136719,327.27618408203125,23146900
MSFT,2023-06-26,333.7200012207031,336.1099853515625,328.489990234375,328.6000061035156,321.0046691894531,21520600
MSFT,2023-06-27,331.8599853515625,336.1499938964844,329.29998779296875,334.57000732421875,326.836669921875,24354100
MSFT,2023-06-28,334.6600036621094,337.9800109863281,333.80999755859375,335.8500061035156,328.0870056152344,20259500
MSFT,2023-06-29,334.7099914550781,336.1099853515625,332.6199951171875,335.04998779296875,327.30548095703125,16997000
MSFT,2023-06-30,337.75,342.7300109863281,337.20001220703125,340.5400085449219,332.66864013671875,26832800
MSFT,2023-07-03,339.19000244140625,340.8999938964844,336.57000732421875,337.989990234375,330.17755126953125,12508700
MSFT,2023-07-05,335.0899963378906,341.6499938964844,334.7300109863281,338.1499938964844,330.3338317871094,18172400
MSFT,2023-07-06,337.29998779296875,342.989990234375,335.5,341.2699890136719,333.38177490234375,28161200
MSFT,2023-07-07,339.32000732421875,341.7900085449219,337.0,337.2200012207031,329.4253845214844,21214800
MSFT,2023-07-10,334.6000061035156,335.2300109863281,327.5899963378906,331.8299865722656,324.1599426269531,32791400
MSFT,2023-07-11,331.05999755859375,332.8599853515625,327.0,332.4700012207031,324.7851867675781,26698200
MSFT,2023-07-12,336.6000061035156,341.6499938964844,335.6700134277344,337.20001220703125,329.40582275390625,29995300
MSFT,2023-07-13,339.55999755859375,343.739990234375,339.0199890136719,342.6600036621094,334.7395324707031,20567200
MSFT,2023-07-14,347.5899963378906,351.42999267578125,344.30999755859375,345.239990234375,337.260009765625,28352700
MSFT,2023-07-17,345.67999267578125,346.989990234375,342.20001220703125,345.7300109863281,337.7386779785156,20363900
MSFT,2023-07-18,345.8299865722656,366.7799987792969,342.1700134277344,359.489990234375,351.1805419921875,64738600
MSFT,2023-07-19,361.75,362.4599914550781,352.44000244140625,355.0799865722656,346.87255859375,39732900
MSFT,2023-07-20,353.57000732421875,357.9700012207031,345.3699951171875,346.8699951171875,338.852294921875,33778400
MSFT,2023-07-21,349.1499938964844,350.29998779296875,339.8299865722656,343.7699890136719,335.823974609375,69405400
MSFT,2023-07-24,345.8500061035156,346.9200134277344,342.30999755859375,345.1099853515625,337.1329345703125,26678100
MSFT,2023-07-25,347.1099853515625,351.8900146484375,345.07000732421875,350.9800109863281,342.86724853515625,41637700
MSFT,2023-07-26,341.44000244140625,344.6700134277344,333.1099853515625,337.7699890136719,329.9626770019531,58383700
MSFT,2023-07-27,340.4800109863281,341.3299865722656,329.04998779296875,330.7200012207031,323.0755615234375,39635300
MSFT,2023-07-28,333.6700134277344,340.010009765625,333.1700134277344,338.3699951171875,330.5487060546875,28484900
MSFT,2023-07-31,336.9200134277344,337.70001220703125,333.3599853515625,335.9200134277344,328.1554260253906,25446000
MSFT,2023-08-01,335.19000244140625,338.5400085449219,333.70001220703125,336.3399963378906,328.565673828125,18311900
MSFT,2023-08-02,333.6300048828125,333.6300048828125,326.3599853515625,327.5,319.9299621582031,27761300
MSFT,2023-08-03,326.0,329.8800048828125,325.95001220703125,326.6600036621094,319.109375,18253700
MSFT,2023-08-04,331.8800048828125,335.1400146484375,327.239990234375,327.7799987792969,320.20355224609375,23741500
MSFT,2023-08-07,328.3699951171875,331.1099853515625,327.5199890136719,330.1099853515625,322.4796447753906,17741500
MSFT,2023-08-08,326.9599914550781,328.75,323.0,326.04998779296875,318.5134582519531,22327600
MSFT,2023-08-09,326.4700012207031,327.1099853515625,321.04998779296875,322.2300109863281,314.7818603515625,22373300
MSFT,2023-08-10,326.0199890136719,328.260009765625,321.17999267578125,322.92999267578125,315.46563720703125,20113700
MSFT,2023-08-11,320.260009765625,322.4100036621094,319.2099914550781,321.010009765625,313.59002685546875,24355500
MSFT,2023-08-14,321.3900146484375,324.05999755859375,320.0799865722656,324.0400085449219,316.5500183105469,18836100
MSFT,2023-08-15,323.0,325.0899963378906,320.8999938964844,321.8599853515625,314.42034912109375,16966300
MSFT,2023-08-16,320.79998779296875,324.4200134277344,319.79998779296875,320.3999938964844,313.6567687988281,20698900
MSFT,2023-08-17,320.5400085449219,321.8699951171875,316.2099914550781,316.8800048828125,310.2109069824219,21257200
MSFT,2023-08-18,314.489990234375,318.3800048828125,311.54998779296875,316.4800109863281,309.8193359375,24755000
MSFT,2023-08-21,317.92999267578125,322.7699890136719,317.0400085449219,321.8800048828125,315.1056823730469,24040000
MSFT,2023-08-22,325.5,326.0799865722656,321.4599914550781,322.4599914550781,315.6734313964844,16084600
MSFT,2023-08-23,323.82000732421875,329.20001220703125,323.4599914550781,327.0,320.1179504394531,21166400
MSFT,2023-08-24,332.8500061035156,332.9800109863281,319.9599914550781,319.9700012207031,313.2359313964844,23281400
MSFT,2023-08-25,321.4700012207031,325.3599853515625,318.79998779296875,322.9800109863281,316.1824951171875,21684100
MSFT,2023-08-28,325.6600036621094,326.1499938964844,321.7200012207031,323.70001220703125,316.88739013671875,14808500
MSFT,2023-08-29,321.8800048828125,328.9800109863281,321.8800048828125,328.4100036621094,321.4982604980469,19284600
MSFT,2023-08-30,328.6700134277344,329.80999755859375,326.45001220703125,328.7900085449219,321.8702697753906,15222100
MSFT,2023-08-31,329.20001220703125,330.9100036621094,326.7799987792969,327.760009765625,320.8619384765625,26411000
MSFT,2023-09-01,331.30999755859375,331.989990234375,326.7799987792969,328.6600036621094,321.7429504394531,14942000
MSFT,2023-09-05,329.0,334.8500061035156,328.6600036621094,333.54998779296875,326.530029296875,18553900
MSFT,2023-09-06,333.3800048828125,334.4599914550781,330.17999267578125,332.8800048828125,325.8741455078125,17535800
MSFT,2023-09-07,331.2900085449219,333.0799865722656,329.0299987792969,329.9100036621094,322.9666748046875,18381000
MSFT,2023-09-08,330.0899963378906,336.1600036621094,329.4599914550781,334.2699890136719,327.23492431640625,19530100
MSFT,2023-09-11,337.239990234375,338.4200134277344,335.42999267578125,337.94000244140625,330.82763671875,16583300
MSFT,2023-09-12,335.82000732421875,336.7900085449219,331.4800109863281,331.7699890136719,324.78759765625,17565500
MSFT,2023-09-13,331.30999755859375,336.8500061035156,331.1700134277344,336.05999755859375,328.9872131347656,16544400
MSFT,2023-09-14,339.1499938964844,340.8599853515625,336.57000732421875,338.70001220703125,331.5716857910156,20267000
MSFT,2023-09-15,336.9200134277344,337.3999938964844,329.6499938964844,330.2200012207031,323.2701110839844,37679800
MSFT,2023-09-18,327.79998779296875,330.3999938964844,326.3599853515625,329.05999755859375,322.134521484375,16834200
MSFT,2023-09-19,326.1700134277344,329.3900146484375,324.510009765625,328.6499938964844,321.7331848144531,16505900
MSFT,2023-09-20,329.510009765625,329.5899963378906,320.510009765625,320.7699890136719,314.0190124511719,21436500
MSFT,2023-09-21,319.260009765625,325.3500061035156,315.0,319.5299987792969,312.80511474609375,35560400
MSFT,2023-09-22,321.32000732421875,321.45001220703125,316.1499938964844,317.010009765625,310.338134765625,21447900
MSFT,2023-09-25,316.5899963378906,317.6700134277344,315.0,317.5400085449219,310.85699462890625,17836000
MSFT,2023-09-26,315.1300048828125,315.8800048828125,310.0199890136719,312.1400146484375,305.5706787109375,26297600
MSFT,2023-09-27,312.29998779296875,314.29998779296875,309.69000244140625,312.7900085449219,306.20697021484375,19410100
MSFT,2023-09-28,310.989990234375,315.4800109863281,309.45001220703125,313.6400146484375,307.0390930175781,19683600
MSFT,2023-09-29,317.75,319.4700012207031,314.9800109863281,315.75,309.10467529296875,24147300
MSFT,2023-10-02,316.2799987792969,321.8900146484375,315.17999267578125,321.79998779296875,315.0273132324219,20570000
MSFT,2023-10-03,320.8299865722656,321.3900146484375,311.2099914550781,313.3900146484375,306.79437255859375,21033500
MSFT,2023-10-04,314.0299987792969,320.0400085449219,314.0,318.9599914550781,312.24713134765625,20720100
MSFT,2023-10-05,319.0899963378906,319.9800109863281,314.8999938964844,319.3599853515625,312.638671875,16965600
MSFT,2023-10-06,316.54998779296875,329.19000244140625,316.29998779296875,327.260009765625,320.3724365234375,25673600
MSFT,2023-10-09,324.75,330.29998779296875,323.17999267578125,329.82000732421875,322.8785095214844,19891200
MSFT,2023-10-10,330.9599914550781,331.1000061035156,327.6700134277344,328.3900146484375,321.4786071777344,20557100
MSFT,2023-10-11,331.2099914550781,332.82000732421875,329.1400146484375,332.4200134277344,325.4238586425781,20063200
MSFT,2023-10-12,330.57000732421875,333.6300048828125,328.7200012207031,331.1600036621094,324.1903991699219,19313100
MSFT,2023-10-13,332.3800048828125,333.8299865722656,326.3599853515625,327.7300109863281,320.8325500488281,21072400
MSFT,2023-10-16,331.04998779296875,336.1400146484375,330.6000061035156,332.6400146484375,325.6392517089844,22158000
MSFT,2023-10-17,329.5899963378906,333.4599914550781,327.4100036621094,332.05999755859375,325.0714111328125,18338500
MSFT,2023-10-18,332.489990234375,335.5899963378906,328.29998779296875,330.1099853515625,323.1624450683594,23153600
MSFT,2023-10-19,332.1499938964844,336.8800048828125,330.9100036621094,331.32000732421875,324.34698486328125,25052100
MSFT,2023-10-20,331.7200012207031,331.9200134277344,325.45001220703125,326.6700134277344,319.79486083984375,25027700
MSFT,2023-10-23,325.4700012207031,332.7300109863281,324.3900146484375,329.32000732421875,322.38909912109375,24374700
MSFT,2023-10-24,331.29998779296875,331.8399963378906,327.6000061035156,330.5299987792969,323.5736083984375,31153600
MSFT,2023-10-25,345.0199890136719,346.20001220703125,337.6199951171875,340.6700134277344,333.500244140625,55053800
MSFT,2023-10-26,340.5400085449219,341.6300048828125,326.94000244140625,327.8900146484375,320.9892578125,37828500
MSFT,2023-10-27,330.42999267578125,336.7200012207031,328.3999938964844,329.80999755859375,322.8687744140625,29856500
MSFT,2023-10-30,333.4100036621094,339.45001220703125,331.8299865722656,337.30999755859375,330.2109069824219,22828100
MSFT,2023-10-31,338.8500061035156,339.0,334.69000244140625,338.1099853515625,330.99407958984375,20265300
MSFT,2023-11-01,339.7900085449219,347.4200134277344,339.6499938964844,346.07000732421875,338.7865905761719,28158800
MSFT,2023-11-02,347.239990234375,348.8299865722656,344.7699890136719,348.32000732421875,340.9892578125,24348100
MSFT,2023-11-03,349.6300048828125,354.3900146484375,347.3299865722656,352.79998779296875,345.3749084472656,23637700
MSFT,2023-11-06,353.45001220703125,357.5400085449219,353.3500061035156,356.5299987792969,349.0264587402344,23828300
MSFT,2023-11-07,359.3999938964844,362.4599914550781,357.6300048828125,360.5299987792969,352.94219970703125,25833900
MSFT,2023-11-08,361.67999267578125,363.8699951171875,360.54998779296875,363.20001220703125,355.55596923828125,26767800
MSFT,2023-11-09,362.29998779296875,364.7900085449219,360.3599853515625,360.69000244140625,353.098876953125,24847300
MSFT,2023-11-10,361.489990234375,370.1000061035156,361.07000732421875,369.6700134277344,361.8899230957031,28042100
MSFT,2023-11-13,368.2200012207031,368.4700012207031,365.8999938964844,366.67999267578125,358.9627990722656,19986500
MSFT,2023-11-14,371.010009765625,371.95001220703125,367.3500061035156,370.2699890136719,362.47723388671875,27683900
MSFT,2023-11-15,371.2799987792969,373.1300048828125,367.1099853515625,369.6700134277344,362.6244201660156,26860100
MSFT,2023-11-16,370.9599914550781,376.3500061035156,370.17999267578125,376.1700134277344,369.0005187988281,27182300
MSFT,2023-11-17,373.6099853515625,374.3699951171875,367.0,369.8500061035156,362.80096435546875,40157000
MSFT,2023-11-20,371.2200012207031,378.8699951171875,371.0,377.44000244140625,370.24627685546875,52465100
MSFT,2023-11-21,375.6700134277344,376.2200012207031,371.1199951171875,373.07000732421875,365.95953369140625,28423100
MSFT,2023-11-22,378.0,379.7900085449219,374.9700012207031,377.8500061035156,370.6484680175781,23345300
MSFT,2023-11-24,377.3299865722656,377.9700012207031,375.1400146484375,377.42999267578125,370.2364807128906,10176600
MSFT,2023-11-27,376.7799987792969,380.6400146484375,376.20001220703125,378.6099853515625,371.3940124511719,22179200
MSFT,2023-11-28,378.3500061035156,383.0,378.1600036621094,382.70001220703125,375.4060363769531,20453100
MSFT,2023-11-29,383.760009765625,384.29998779296875,377.44000244140625,378.8500061035156,371.62939453125,28963400
MSFT,2023-11-30,378.489990234375,380.0899963378906,375.4700012207031,378.9100036621094,371.68829345703125,30554400
MSFT,2023-12-01,376.760009765625,378.1600036621094,371.30999755859375,374.510009765625,367.37213134765625,33040500
MSFT,2023-12-04,369.1000061035156,369.5199890136719,362.8999938964844,369.1400146484375,362.1044921875,32063300
MSFT,2023-12-05,366.45001220703125,373.0799865722656,365.6199951171875,372.5199890136719,365.4200744628906,23065000
MSFT,2023-12-06,373.5400085449219,374.17999267578125,368.0299987792969,368.79998779296875,361.7709655761719,21182100
MSFT,2023-12-07,368.2300109863281,371.45001220703125,366.32000732421875,370.95001220703125,363.8799743652344,23118900
MSFT,2023-12-08,369.20001220703125,374.4599914550781,368.2300109863281,374.2300109863281,367.09747314453125,20154400
MSFT,2023-12-11,368.4800109863281,371.6000061035156,366.1000061035156,371.29998779296875,364.2232971191406,27708800
MSFT,2023-12-12,370.8500061035156,374.4200134277344,370.4599914550781,374.3800048828125,367.24462890625,24838300
MSFT,2023-12-13,376.0199890136719,377.6400146484375,370.7699890136719,374.3699951171875,367.2347717285156,30955500
MSFT,2023-12-14,373.30999755859375,373.760009765625,364.1300048828125,365.92999267578125,358.95562744140625,43277500
MSFT,2023-12-15,366.8500061035156,372.3999938964844,366.2799987792969,370.7300109863281,363.6641540527344,78502300
MSFT,2023-12-18,369.45001220703125,373.0,368.67999267578125,372.6499938964844,365.5475769042969,21802900
MSFT,2023-12-19,371.489990234375,373.260009765625,369.8399963378906,373.260009765625,366.1459655761719,20603700
MSFT,2023-12-20,375.0,376.0299987792969,370.5299987792969,370.6199951171875,363.5562744140625,26316700
MSFT,2023-12-21,372.55999755859375,374.4100036621094,370.0400085449219,373.5400085449219,366.42059326171875,17708000
MSFT,2023-12-22,373.67999267578125,375.17999267578125,372.7099914550781,374.5799865722656,367.4407958984375,17107500
MSFT,2023-12-26,375.0,376.94000244140625,373.5,374.6600036621094,367.519287109375,12673100
MSFT,2023-12-27,373.69000244140625,375.05999755859375,372.80999755859375,374.07000732421875,366.9405517578125,14905400
MSFT,2023-12-28,375.3699951171875,376.4599914550781,374.1600036621094,375.2799987792969,368.12744140625,14327000
MSFT,2023-12-29,376.0,377.1600036621094,373.4800109863281,376.0400085449219,368.87298583984375,18730800
MSFT,2024-01-02,373.8599853515625,375.8999938964844,366.7699890136719,370.8699951171875,363.8014831542969,25258600
MSFT,2024-01-03,369.010009765625,373.260009765625,368.510009765625,370.6000061035156,363.5366516113281,23083500
MSFT,2024-01-04,370.6700134277344,373.1000061035156,367.1700134277344,367.94000244140625,360.9273376464844,20901500
MSFT,2024-01-05,368.9700012207031,372.05999755859375,366.5,367.75,360.740966796875,21004600
MSFT,2024-01-08,369.29998779296875,375.20001220703125,369.010009765625,374.69000244140625,367.5487060546875,23134000
MSFT,2024-01-09,372.010009765625,375.989990234375,371.19000244140625,375.7900085449219,368.6277160644531,20830000
MSFT,2024-01-10,376.3699951171875,384.1700134277344,376.32000732421875,382.7699890136719,375.4747314453125,25514200
MSFT,2024-01-11,386.0,390.67999267578125,380.3800048828125,384.6300048828125,377.2992858886719,27850800
MSFT,2024-01-12,385.489990234375,388.67999267578125,384.6499938964844,388.4700012207031,381.0660705566406,21661200
MSFT,2024-01-16,393.6600036621094,394.0299987792969,387.6199951171875,390.2699890136719,382.8316955566406,27202300
MSFT,2024-01-17,387.9800109863281,390.1099853515625,384.80999755859375,389.4700012207031,382.0469970703125,22234100
MSFT,2024-01-18,391.7200012207031,393.989990234375,390.1199951171875,393.8699951171875,386.3631591796875,23392100
MSFT,2024-01-19,395.760009765625,398.6700134277344,393.5,398.6700134277344,391.0716247558594,29331100
MSFT,2024-01-22,400.0199890136719,400.6199951171875,393.5899963378906,396.510009765625,388.9528503417969,27016900
MSFT,2024-01-23,395.75,399.3800048828125,393.92999267578125,398.8999938964844,391.2972717285156,20525900
MSFT,2024-01-24,401.5400085449219,405.6300048828125,400.45001220703125,402.55999755859375,394.8875427246094,24867000
MSFT,2024-01-25,404.32000732421875,407.010009765625,402.5299987792969,404.8699951171875,397.15350341796875,21021200
MSFT,2024-01-26,404.3699951171875,406.1700134277344,402.42999267578125,403.92999267578125,396.2314147949219,17803300
MSFT,2024-01-29,406.05999755859375,409.9800109863281,404.3299865722656,409.7200012207031,401.91107177734375,24510200
MSFT,2024-01-30,412.260009765625,413.04998779296875,406.45001220703125,408.5899963378906,400.8026123046875,33477600
MSFT,2024-01-31,406.9599914550781,415.32000732421875,397.2099914550781,397.5799865722656,390.0024108886719,47871100
MSFT,2024-02-01,401.8299865722656,408.0,401.79998779296875,403.7799987792969,396.0842590332031,30657700
MSFT,2024-02-02,403.80999755859375,412.6499938964844,403.55999755859375,411.2200012207031,403.3824462890625,28256700
MSFT,2024-02-05,409.8999938964844,411.1600036621094,403.989990234375,405.6499938964844,397.91864013671875,25352300
MSFT,2024-02-06,405.8800048828125,407.9700012207031,402.9100036621094,405.489990234375,397.7616882324219,18382600
MSFT,2024-02-07,407.44000244140625,414.29998779296875,407.3999938964844,414.04998779296875,406.1585388183594,22340500
MSFT,2024-02-08,414.04998779296875,415.55999755859375,412.5299987792969,414.1099853515625,406.21734619140625,21225300
MSFT,2024-02-09,415.25,420.82000732421875,415.0899963378906,420.54998779296875,412.53460693359375,22032800
MSFT,2024-02-12,420.55999755859375,420.739990234375,414.75,415.260009765625,407.3454895019531,21202900
MSFT,2024-02-13,404.94000244140625,410.07000732421875,403.3900146484375,406.32000732421875,398.5758972167969,27824900
MSFT,2024-02-14,408.07000732421875,409.8399963378906,404.57000732421875,409.489990234375,402.42828369140625,20401200
MSFT,2024-02-15,408.1400146484375,409.1300048828125,404.2900085449219,406.55999755859375,399.54876708984375,21825500
MSFT,2024-02-16,407.9599914550781,408.2900085449219,403.44000244140625,404.05999755859375,397.0919189453125,22296500
MSFT,2024-02-20,403.239990234375,404.489990234375,398.010009765625,402.7900085449219,395.8437805175781,24307900
MSFT,2024-02-21,400.1700134277344,402.2900085449219,397.2200012207031,402.17999267578125,395.24432373046875,18518900
MSFT,2024-02-22,410.19000244140625,412.8299865722656,408.57000732421875,411.6499938964844,404.551025390625,27009900
MSFT,2024-02-23,415.6700134277344,415.8599853515625,408.9700012207031,410.3399963378906,403.26361083984375,16295900
MSFT,2024-02-26,411.4599914550781,412.1600036621094,407.3599853515625,407.5400085449219,400.5118713378906,16193500
MSFT,2024-02-27,407.989990234375,408.32000732421875,403.8500061035156,407.4800109863281,400.4529724121094,14835800
MSFT,2024-02-28,408.17999267578125,409.29998779296875,405.32000732421875,407.7200012207031,400.68878173828125,13183100
MSFT,2024-02-29,408.6400146484375,414.20001220703125,405.9200134277344,413.6400146484375,406.5066833496094,31947300
MSFT,2024-03-01,411.2699890136719,415.8699951171875,410.8800048828125,415.5,408.33465576171875,17823400
MSFT,2024-03-04,413.44000244140625,417.3500061035156,412.32000732421875,414.9200134277344,407.7646179199219,17596000
MSFT,2024-03-05,413.9599914550781,414.25,400.6400146484375,402.6499938964844,395.70623779296875,26919200
MSFT,2024-03-06,402.9700012207031,405.1600036621094,398.3900146484375,402.0899963378906,395.1559143066406,22344100
MSFT,2024-03-07,406.1199951171875,409.7799987792969,402.239990234375,409.1400146484375,402.08428955078125,18718500
MSFT,2024-03-08,407.9599914550781,410.4200134277344,404.3299865722656,406.2200012207031,399.21466064453125,18002200
MSFT,2024-03-11,403.760009765625,405.67999267578125,401.260009765625,404.5199890136719,397.5439758300781,16120800
MSFT,2024-03-12,407.6199951171875,415.57000732421875,406.7900085449219,415.2799987792969,408.1183776855469,22457000
MSFT,2024-03-13,418.1000061035156,418.17999267578125,411.45001220703125,415.1000061035156,407.9415283203125,17115900
MSFT,2024-03-14,420.239990234375,427.82000732421875,417.989990234375,425.2200012207031,417.8870544433594,34157300
MSFT,2024-03-15,419.2900085449219,422.6000061035156,412.7900085449219,416.4200134277344,409.23876953125,45079900
MSFT,2024-03-18,414.25,420.7300109863281,413.7799987792969,417.32000732421875,410.12322998046875,20106000
MSFT,2024-03-19,417.8299865722656,421.6700134277344,415.54998779296875,421.4100036621094,414.1426696777344,19837900
MSFT,2024-03-20,422.0,425.9599914550781,420.6600036621094,425.2300109863281,417.8968200683594,17860100
MSFT,2024-03-21,429.8299865722656,430.82000732421875,427.1600036621094,429.3699951171875,421.9654541015625,21296200
MSFT,2024-03-22,429.70001220703125,429.8599853515625,426.07000732421875,428.739990234375,421.3463134765625,17648500
MSFT,2024-03-25,425.239990234375,427.4100036621094,421.6099853515625,422.8599853515625,415.5676574707031,18060500
MSFT,2024-03-26,425.6099853515625,425.989990234375,421.3500061035156,421.6499938964844,414.3785400390625,16725600
MSFT,2024-03-27,424.44000244140625,424.45001220703125,419.010009765625,421.42999267578125,414.162353515625,16705000
MSFT,2024-03-28,420.9599914550781,421.8699951171875,419.1199951171875,420.7200012207031,413.4645690917969,21871200
MSFT,2024-04-01,423.95001220703125,427.8900146484375,422.2200012207031,424.57000732421875,417.2481689453125,16316000
MSFT,2024-04-02,420.1099853515625,422.3800048828125,417.8399963378906,421.44000244140625,414.17218017578125,17912000
MSFT,2024-04-03,419.7300109863281,423.260009765625,419.0899963378906,420.45001220703125,413.19921875,16502300
MSFT,2024-04-04,424.989990234375,428.6700134277344,417.57000732421875,417.8800048828125,410.6735534667969,19370900
MSFT,2024-04-05,420.010009765625,426.510009765625,418.32000732421875,425.5199890136719,418.18182373046875,16554800
MSFT,2024-04-08,425.1700134277344,427.2799987792969,423.29998779296875,424.5899963378906,417.267822265625,14272400
MSFT,2024-04-09,426.44000244140625,427.739990234375,421.6199951171875,426.2799987792969,418.9287109375,12496900
MSFT,2024-04-10,422.19000244140625,424.0299987792969,419.70001220703125,423.260009765625,415.9607849121094,16216600
MSFT,2024-04-11,425.82000732421875,429.3699951171875,422.3599853515625,427.92999267578125,420.55023193359375,17966400
MSFT,2024-04-12,424.04998779296875,425.17999267578125,419.7699890136719,421.8999938964844,414.62420654296875,19253800
MSFT,2024-04-15,426.6000061035156,426.82000732421875,413.42999267578125,413.6400146484375,406.5066833496094,20273500
MSFT,2024-04-16,414.57000732421875,418.3999938964844,413.7300109863281,414.5799865722656,407.4304504394531,16765600
MSFT,2024-04-17,417.25,418.8800048828125,410.3299865722656,411.8399963378906,404.7377014160156,15855500
MSFT,2024-04-18,410.6300048828125,411.8900146484375,403.95001220703125,404.2699890136719,397.29827880859375,21029900
MSFT,2024-04-19,404.0299987792969,405.4800109863281,397.7699890136719,399.1199951171875,392.2370910644531,30565800
MSFT,2024-04-22,400.0799865722656,402.8500061035156,395.75,400.9599914550781,394.0453796386719,20286900
MSFT,2024-04-23,404.239990234375,408.20001220703125,403.05999755859375,407.57000732421875,400.5413818359375,15734500
MSFT,2024-04-24,409.55999755859375,412.4700012207031,406.7799987792969,409.05999755859375,402.0056457519531,15065300
MSFT,2024-04-25,394.0299987792969,399.8900146484375,388.0299987792969,399.0400085449219,392.1584777832031,40586500
MSFT,2024-04-26,412.1700134277344,413.0,405.760009765625,406.32000732421875,399.31298828125,29694700
MSFT,2024-04-29,405.25,406.32000732421875,399.19000244140625,402.25,395.3131103515625,19582100
MSFT,2024-04-30,401.489990234375,402.1600036621094,389.1700134277344,389.3299865722656,382.61590576171875,28781400
MSFT,2024-05-01,392.6099853515625,401.7200012207031,390.30999755859375,394.94000244140625,388.12921142578125,23562500
MSFT,2024-05-02,397.6600036621094,399.92999267578125,394.6499938964844,397.8399963378906,390.97918701171875,17709400
MSFT,2024-05-03,402.2799987792969,407.1499938964844,401.8599853515625,406.6600036621094,399.6471252441406,17446700
MSFT,2024-05-06,408.760009765625,413.92999267578125,406.3699951171875,413.5400085449219,406.40838623046875,16996600
MSFT,2024-05-07,414.6600036621094,414.6700134277344,409.0899963378906,409.3399963378906,402.28082275390625,20018200
MSFT,2024-05-08,408.1700134277344,412.2300109863281,406.7099914550781,410.5400085449219,403.46014404296875,11792300
MSFT,2024-05-09,410.57000732421875,412.7200012207031,409.1000061035156,412.32000732421875,405.2095031738281,14689700
MSFT,2024-05-10,412.94000244140625,415.3800048828125,411.79998779296875,414.739990234375,407.5877380371094,13402300
MSFT,2024-05-13,418.010009765625,418.3500061035156,410.82000732421875,413.7200012207031,406.5852966308594,15440200
MSFT,2024-05-14,412.0199890136719,417.489990234375,411.54998779296875,416.55999755859375,409.3763427734375,15109300
MSFT,2024-05-15,417.8999938964844,423.80999755859375,417.2699890136719,423.0799865722656,416.53387451171875,22239500
MSFT,2024-05-16,421.79998779296875,425.4200134277344,420.3500061035156,420.989990234375,414.4761657714844,17530100
MSFT,2024-05-17,422.5400085449219,422.9200134277344,418.0299987792969,420.2099914550781,413.708251953125,15352200
MSFT,2024-05-20,420.2099914550781,426.7699890136719,419.989990234375,425.3399963378906,418.7588806152344,16272100
MSFT,2024-05-21,426.8299865722656,432.9700012207031,424.8500061035156,429.0400085449219,422.40167236328125,21453300
MSFT,2024-05-22,430.0899963378906,432.4100036621094,427.1300048828125,430.5199890136719,423.85870361328125,18073700
MSFT,2024-05-23,432.9700012207031,433.6000061035156,425.4200134277344,427.0,420.3932189941406,17211700
MSFT,2024-05-24,427.19000244140625,431.05999755859375,424.4100036621094,430.1600036621094,423.50433349609375,11855300
MSFT,2024-05-28,429.6300048828125,430.82000732421875,426.6000061035156,430.32000732421875,423.6618347167969,15718000
MSFT,2024-05-29,425.69000244140625,430.94000244140625,425.69000244140625,429.1700134277344,422.5296630859375,15517100
MSFT,2024-05-30,424.29998779296875,424.29998779296875,414.239990234375,414.6700134277344,408.2539978027344,28394500
MSFT,2024-05-31,416.75,416.75,404.510009765625,415.1300048828125,408.70684814453125,47995300
MSFT,2024-06-03,415.5299987792969,416.42999267578125,408.9200134277344,413.5199890136719,407.12176513671875,17484700
MSFT,2024-06-04,412.42999267578125,416.44000244140625,409.67999267578125,416.07000732421875,409.63226318359375,14348900
MSFT,2024-06-05,417.80999755859375,424.0799865722656,416.29998779296875,424.010009765625,417.4494323730469,16988000
MSFT,2024-06-06,424.010009765625,425.30999755859375,420.5799865722656,424.5199890136719,417.9515380859375,14861300
MSFT,2024-06-07,426.20001220703125,426.2799987792969,423.0,423.8500061035156,417.2919616699219,13621700
MSFT,2024-06-10,424.70001220703125,428.0799865722656,423.8900146484375,427.8699951171875,421.2497253417969,13982900
MSFT,2024-06-11,425.4800109863281,432.82000732421875,425.25,432.67999267578125,425.9853210449219,14551100
MSFT,2024-06-12,435.32000732421875,443.3999938964844,433.25,441.05999755859375,434.2356262207031,22366200
MSFT,2024-06-13,440.8500061035156,443.3900146484375,439.3699951171875,441.5799865722656,434.7475891113281,15960600
MSFT,2024-06-14,438.2799987792969,443.1400146484375,436.7200012207031,442.57000732421875,435.7223205566406,13582000
MSFT,2024-06-17,442.5899963378906,450.94000244140625,440.7200012207031,448.3699951171875,441.43255615234375,20790000
MSFT,2024-06-18,449.7099914550781,450.1400146484375,444.8900146484375,446.3399963378906,439.4339599609375,17112500
MSFT,2024-06-20,446.29998779296875,446.5299987792969,441.2699890136719,445.70001220703125,438.8038635253906,19877400
MSFT,2024-06-21,447.3800048828125,450.5799865722656,446.510009765625,449.7799987792969,442.8207702636719,34187100
MSFT,2024-06-24,449.79998779296875,452.75,446.4100036621094,447.6700134277344,440.7433776855469,15913700
MSFT,2024-06-25,448.25,451.4200134277344,446.75,450.95001220703125,443.97265625,16413400
MSFT,2024-06-26,449.0,453.6000061035156,448.19000244140625,452.1600036621094,445.1639404296875,16507000
MSFT,2024-06-27,452.17999267578125,456.1700134277344,451.7699890136719,452.8500061035156,445.84326171875,14806300
MSFT,2024-06-28,453.07000732421875,455.3800048828125,446.4100036621094,446.95001220703125,440.0345153808594,28362300
MSFT,2024-07-01,448.6600036621094,457.3699951171875,445.6600036621094,456.7300109863281,449.6632385253906,17662800
MSFT,2024-07-02,453.20001220703125,459.5899963378906,453.1099853515625,459.2799987792969,452.17376708984375,13979800
MSFT,2024-07-03,458.19000244140625,461.0199890136719,457.8800048828125,460.7699890136719,453.64068603515625,9932800
MSFT,2024-07-05,459.6099853515625,468.3500061035156,458.9700012207031,467.55999755859375,460.3256530761719,16000300
MSFT,2024-07-08,466.54998779296875,467.70001220703125,464.4599914550781,466.239990234375,459.0260314941406,12962300
MSFT,2024-07-09,467.0,467.3299865722656,458.0,459.5400085449219,452.4297180175781,17207200
MSFT,2024-07-10,461.2200012207031,466.4599914550781,458.8599853515625,466.25,459.0359191894531,18196100
MSFT,2024-07-11,462.9800109863281,464.7799987792969,451.54998779296875,454.70001220703125,447.6646423339844,23111200
MSFT,2024-07-12,454.3299865722656,456.3599853515625,450.6499938964844,453.54998779296875,446.5323486328125,16324300
MSFT,2024-07-15,453.29998779296875,457.260009765625,451.42999267578125,453.9599914550781,446.9360656738281,14429400
MSFT,2024-07-16,454.2200012207031,454.29998779296875,446.6600036621094,449.5199890136719,442.5647277832031,17175700
MSFT,2024-07-17,442.5899963378906,444.8500061035156,439.17999267578125,443.5199890136719,436.6575622558594,21778000
MSFT,2024-07-18,444.3399963378906,444.6499938964844,434.3999938964844,440.3699951171875,433.55633544921875,20794800
MSFT,2024-07-19,433.1000061035156,441.1400146484375,432.0,437.1099853515625,430.34674072265625,20940400
MSFT,2024-07-22,441.7900085449219,444.6000061035156,438.9100036621094,442.94000244140625,436.0865478515625,15808800
MSFT,2024-07-23,443.8999938964844,448.3900146484375,443.1000061035156,444.8500061035156,437.967041015625,13107100
MSFT,2024-07-24,440.45001220703125,441.4800109863281,427.5899963378906,428.8999938964844,422.2637939453125,26805800
MSFT,2024-07-25,428.79998779296875,429.79998779296875,417.510009765625,418.3999938964844,411.9262390136719,29943800
MSFT,2024-07-26,418.20001220703125,428.9200134277344,417.2699890136719,425.2699890136719,418.68994140625,23583800
MSFT,2024-07-29,431.5799865722656,432.1499938964844,424.70001220703125,426.7300109863281,420.1274108886719,15125800
MSFT,2024-07-30,427.7200012207031,429.04998779296875,417.3599853515625,422.9200134277344,416.3763122558594,32687600
MSFT,2024-07-31,420.5,421.7799987792969,412.2099914550781,418.3500061035156,411.87701416015625,42891400
MSFT,2024-08-01,420.7900085449219,427.4599914550781,413.0899963378906,417.1099853515625,410.65618896484375,30296400
MSFT,2024-08-02,412.489990234375,415.0,404.3399963378906,408.489990234375,402.1695861816406,29437900
MSFT,2024-08-05,389.1700134277344,401.0400085449219,385.5799865722656,395.1499938964844,389.0360412597656,40709200
MSFT,2024-08-06,400.0,405.6700134277344,398.5,399.6099853515625,393.4269714355469,24946500
MSFT,2024-08-07,408.6400146484375,410.0799865722656,397.4700012207031,398.42999267578125,392.2652282714844,20650900
MSFT,2024-08-08,402.44000244140625,405.8599853515625,399.94000244140625,402.69000244140625,396.4593200683594,20203000
MSFT,2024-08-09,404.0299987792969,408.04998779296875,402.260009765625,406.0199890136719,399.7378234863281,19276700
MSFT,2024-08-12,407.05999755859375,408.760009765625,404.239990234375,406.80999755859375,400.515625,16762900
MSFT,2024-08-13,409.5899963378906,414.95001220703125,409.57000732421875,414.010009765625,407.60418701171875,19414300
MSFT,2024-08-14,414.79998779296875,417.7200012207031,412.45001220703125,416.8599853515625,410.41009521484375,18267000
MSFT,2024-08-15,419.79998779296875,421.1099853515625,417.6600036621094,421.0299987792969,415.2627258300781,20752100
MSFT,2024-08-16,420.6000061035156,421.3399963378906,417.29998779296875,418.4700012207031,412.7377624511719,22775600
MSFT,2024-08-19,418.9599914550781,421.75,416.4599914550781,421.5299987792969,415.755859375,15234000
MSFT,2024-08-20,421.70001220703125,425.8599853515625,421.6400146484375,424.79998779296875,418.9810791015625,16387600
MSFT,2024-08-21,424.0799865722656,426.3999938964844,421.7200012207031,424.1400146484375,418.3301086425781,16067300
MSFT,2024-08-22,424.3599853515625,426.7900085449219,414.6099853515625,415.54998779296875,409.8577575683594,19361900
MSFT,2024-08-23,416.9800109863281,419.260009765625,412.0899963378906,416.7900085449219,411.080810546875,18493800
MSFT,2024-08-26,416.3699951171875,417.2799987792969,411.3399963378906,413.489990234375,407.8259582519531,13152800
MSFT,2024-08-27,412.8599853515625,414.3599853515625,410.25,413.8399963378906,408.171142578125,13492900
MSFT,2024-08-28,414.8800048828125,415.0,407.30999755859375,410.6000061035156,404.9755859375,14882700
MSFT,2024-08-29,414.94000244140625,422.04998779296875,410.6000061035156,413.1199951171875,407.4610595703125,17045200
MSFT,2024-08-30,415.6000061035156,417.489990234375,412.1300048828125,417.1400146484375,411.4259948730469,24308300
MSFT,2024-09-03,417.9100036621094,419.8800048828125,407.0299987792969,409.44000244140625,403.8314208984375,20313600
MSFT,2024-09-04,405.9100036621094,411.239990234375,404.3699951171875,408.8999938964844,403.2988586425781,15135800
MSFT,2024-09-05,407.6199951171875,413.1000061035156,406.1300048828125,408.3900146484375,402.7958068847656,14195500
MSFT,2024-09-06,409.05999755859375,410.6499938964844,400.79998779296875,401.70001220703125,396.1974792480469,19609500
MSFT,2024-09-09,407.239990234375,408.6499938964844,402.1499938964844,405.7200012207031,400.16241455078125,15295100
MSFT,2024-09-10,408.20001220703125,416.3299865722656,407.70001220703125,414.20001220703125,408.5262756347656,19594300
MSFT,2024-09-11,415.5,423.989990234375,409.5799865722656,423.0400085449219,417.24517822265625,19266900
MSFT,2024-09-12,423.30999755859375,427.3699951171875,419.75,427.0,421.15093994140625,17395700
MSFT,2024-09-13,425.8299865722656,431.8299865722656,425.4599914550781,430.5899963378906,424.6917419433594,15874600
MSFT,2024-09-16,430.6000061035156,433.5299987792969,428.2200012207031,431.3399963378906,425.43145751953125,13834700
MSFT,2024-09-17,440.2300109863281,441.8500061035156,432.2699890136719,435.1499938964844,429.18927001953125,18874200
MSFT,2024-09-18,435.0,436.0299987792969,430.4100036621094,430.80999755859375,424.90875244140625,18898000
MSFT,2024-09-19,441.2300109863281,441.5,436.8999938964844,438.69000244140625,432.6807556152344,21706600
MSFT,2024-09-20,437.2200012207031,439.239990234375,434.2200012207031,435.2699890136719,429.3076171875,55167100
MSFT,2024-09-23,434.2799987792969,436.4599914550781,430.3900146484375,433.510009765625,427.57177734375,15128900
MSFT,2024-09-24,433.0,433.3500061035156,426.1000061035156,429.1700134277344,423.2912292480469,17015800
MSFT,2024-09-25,429.8299865722656,433.1199951171875,428.57000732421875,432.1099853515625,426.1909484863281,13396400
MSFT,2024-09-26,435.0899963378906,435.29998779296875,429.1300048828125,431.30999755859375,425.4018859863281,14492000
MSFT,2024-09-27,431.5199890136719,431.8500061035156,427.4700012207031,428.0199890136719,422.15692138671875,14896100
MSFT,2024-09-30,428.2099914550781,430.4200134277344,425.3699951171875,430.29998779296875,424.40570068359375,16807300
MSFT,2024-10-01,428.45001220703125,428.4800109863281,418.80999755859375,420.69000244140625,414.9273681640625,19092900
MSFT,2024-10-02,422.5799865722656,422.82000732421875,416.7099914550781,417.1300048828125,411.4161682128906,16582300
MSFT,2024-10-03,417.6300048828125,419.54998779296875,414.2900085449219,416.5400085449219,410.834228515625,13686400
MSFT,2024-10-04,418.239990234375,419.75,414.9700012207031,416.05999755859375,410.36077880859375,19169700
MSFT,2024-10-07,416.0,417.1099853515625,409.0,409.5400085449219,403.9300842285156,20919800
MSFT,2024-10-08,410.8999938964844,415.6600036621094,408.1700134277344,414.7099914550781,409.029296875,19229300
MSFT,2024-10-09,415.8599853515625,420.3800048828125,414.29998779296875,417.4599914550781,411.7415466308594,14974300
MSFT,2024-10-10,415.2300109863281,417.3500061035156,413.1499938964844,415.8399963378906,410.1438293457031,13848400
MSFT,2024-10-11,416.1400146484375,417.1300048828125,413.25,416.32000732421875,410.6172180175781,14144900
MSFT,2024-10-14,417.7699890136719,424.0400085449219,417.5199890136719,419.1400146484375,413.3985900878906,16653100
MSFT,2024-10-15,422.17999267578125,422.4800109863281,415.260009765625,418.739990234375,413.0040588378906,18900200
MSFT,2024-10-16,415.1700134277344,416.3599853515625,410.4800109863281,416.1199951171875,410.4199523925781,15508900
MSFT,2024-10-17,422.3599853515625,422.5,415.5899963378906,416.7200012207031,411.01177978515625,14820000
MSFT,2024-10-18,417.1400146484375,419.6499938964844,416.260009765625,418.1600036621094,412.43206787109375,17145300
MSFT,2024-10-21,416.1199951171875,418.9599914550781,413.75,418.7799987792969,413.0435485839844,14206100
MSFT,2024-10-22,418.489990234375,430.5799865722656,418.0400085449219,427.510009765625,421.65399169921875,25482200
MSFT,2024-10-23,430.8599853515625,431.0799865722656,422.5299987792969,424.6000061035156,418.7838134765625,19654400
MSFT,2024-10-24,425.3299865722656,425.9800109863281,422.3999938964844,424.7300109863281,418.9120178222656,13581600
MSFT,2024-10-25,426.760009765625,432.5199890136719,426.57000732421875,428.1499938964844,422.28521728515625,16899100
MSFT,2024-10-28,431.6600036621094,431.94000244140625,426.29998779296875,426.5899963378906,420.7465515136719,14882400
MSFT,2024-10-29,428.0,433.1700134277344,425.79998779296875,431.95001220703125,426.0331115722656,17644100
MSFT,2024-10-30,437.44000244140625,438.5,432.1000061035156,432.5299987792969,426.60516357421875,29749100
MSFT,2024-10-31,415.3599853515625,416.1600036621094,406.29998779296875,406.3500061035156,400.7838134765625,53971000
MSFT,2024-11-01,409.010009765625,415.5,407.5,410.3699951171875,404.7487487792969,24230400
MSFT,2024-11-04,409.79998779296875,410.4200134277344,405.57000732421875,408.4599914550781,402.8648681640625,19672300
MSFT,2024-11-05,408.3699951171875,414.8999938964844,408.0799865722656,411.4599914550781,405.8237609863281,17626000
MSFT,2024-11-06,412.4200134277344,420.45001220703125,410.5199890136719,420.17999267578125,414.4243469238281,26681800
MSFT,2024-11-07,421.2799987792969,426.8500061035156,419.8800048828125,425.42999267578125,419.6024475097656,19901800
MSFT,2024-11-08,425.32000732421875,426.5,421.7799987792969,422.5400085449219,416.75201416015625,16891400
MSFT,2024-11-11,422.5199890136719,424.80999755859375,416.0,418.010009765625,412.2840881347656,24503300
MSFT,2024-11-12,418.25,424.44000244140625,417.20001220703125,423.0299987792969,417.2353210449219,19401200
MSFT,2024-11-13,421.6400146484375,429.3299865722656,418.2099914550781,425.20001220703125,419.3756103515625,21502200
MSFT,2024-11-14,425.0,428.1700134277344,420.0,426.8900146484375,421.04248046875,30246900
MSFT,2024-11-15,419.82000732421875,422.79998779296875,413.6400146484375,415.0,409.3152770996094,28247600
MSFT,2024-11-18,414.8699951171875,418.3999938964844,412.1000061035156,415.760009765625,410.0649108886719,24727000
MSFT,2024-11-19,413.1099853515625,417.94000244140625,411.54998779296875,417.7900085449219,412.0671081542969,18133500
MSFT,2024-11-20,416.8699951171875,417.2900085449219,410.5799865722656,415.489990234375,409.7985534667969,19191700
MSFT,2024-11-21,419.5,419.7799987792969,410.2900085449219,412.8699951171875,408.0295715332031,20780200
MSFT,2024-11-22,411.3699951171875,417.3999938964844,411.05999755859375,417.0,412.1111755371094,24814600
MSFT,2024-11-25,418.3800048828125,421.0799865722656,414.8500061035156,418.7900085449219,413.8801574707031,27691100
MSFT,2024-11-26,419.5899963378906,429.0400085449219,418.8500061035156,427.989990234375,422.9722900390625,23458900
MSFT,2024-11-27,425.1099853515625,427.2300109863281,422.0199890136719,422.989990234375,418.03094482421875,18332400
MSFT,2024-11-29,420.0899963378906,424.8800048828125,417.79998779296875,423.4599914550781,418.49542236328125,16271900
MSFT,2024-12-02,421.57000732421875,433.0,421.30999755859375,430.9800109863281,425.9272766113281,20207200
MSFT,2024-12-03,429.8399963378906,432.4700012207031,427.739990234375,431.20001220703125,426.1446838378906,18302000
MSFT,2024-12-04,433.0299987792969,439.6700134277344,432.6300048828125,437.4200134277344,432.291748046875,26009400
MSFT,2024-12-05,437.9200134277344,444.6600036621094,436.1700134277344,442.6199951171875,437.4307861328125,21697800
MSFT,2024-12-06,442.29998779296875,446.1000061035156,441.7699890136719,443.57000732421875,438.36968994140625,18821000
MSFT,2024-12-09,442.6000061035156,448.3299865722656,440.5,446.0199890136719,440.79095458984375,19144400
MSFT,2024-12-10,444.3900146484375,449.6199951171875,441.6000061035156,443.3299865722656,438.1324462890625,18469500
MSFT,2024-12-11,444.04998779296875,450.3500061035156,444.04998779296875,448.989990234375,443.7261047363281,19200200
MSFT,2024-12-12,449.1099853515625,456.1600036621094,449.1099853515625,449.55999755859375,444.2894287109375,20834800
MSFT,2024-12-13,448.44000244140625,451.42999267578125,445.5799865722656,447.2699890136719,442.0262756347656,20177800
MSFT,2024-12-16,447.2699890136719,452.17999267578125,445.2799987792969,451.5899963378906,446.295654296875,23598800
MSFT,2024-12-17,451.010009765625,455.2900085449219,449.57000732421875,454.4599914550781,449.1319580078125,22733500
MSFT,2024-12-18,451.32000732421875,452.6499938964844,437.0199890136719,437.3900146484375,432.26214599609375,24444500
MSFT,2024-12-19,441.6199951171875,443.17999267578125,436.32000732421875,437.0299987792969,431.9062805175781,22963700
MSFT,2024-12-20,433.1099853515625,443.739990234375,428.6300048828125,436.6000061035156,431.4813537597656,64263700
MSFT,2024-12-23,436.739990234375,437.6499938964844,432.8299865722656,435.25,430.147216796875,19152500
MSFT,2024-12-24,434.6499938964844,439.6000061035156,434.19000244140625,439.3299865722656,434.1793518066406,7164500
MSFT,2024-12-26,439.0799865722656,440.94000244140625,436.6300048828125,438.1099853515625,432.9736633300781,8194200
MSFT,2024-12-27,434.6000061035156,435.2200012207031,426.3500061035156,430.5299987792969,425.4825439453125,18117700
MSFT,2024-12-30,426.05999755859375,427.54998779296875,421.8999938964844,424.8299865722656,419.8493347167969,13158700
MSFT,2024-12-31,426.1000061035156,426.7300109863281,420.6600036621094,421.5,416.55841064453125,13246500
MSFT,2025-01-02,425.5299987792969,426.07000732421875,414.8500061035156,418.5799865722656,413.6726379394531,16896500
MSFT,2025-01-03,421.0799865722656,424.0299987792969,419.5400085449219,423.3500061035156,418.38671875,16662900
MSFT,2025-01-06,428.0,434.32000732421875,425.4800109863281,427.8500061035156,422.8339538574219,20573600
MSFT,2025-01-07,429.0,430.6499938964844,420.79998779296875,422.3699951171875,417.4181823730469,18139100
MSFT,2025-01-08,423.4599914550781,426.9700012207031,421.5400085449219,424.55999755859375,419.58251953125,15054600
MSFT,2025-01-10,424.6300048828125,424.7099914550781,415.0199890136719,418.95001220703125,414.0382995605469,20201100
MSFT,2025-01-13,415.239990234375,418.5,412.2900085449219,417.19000244140625,412.2989501953125,17604800
MSFT,2025-01-14,417.80999755859375,419.739990234375,410.7200012207031,415.6700134277344,410.7967834472656,16935900
MSFT,2025-01-15,419.1300048828125,428.1499938964844,418.2699890136719,426.30999755859375,421.31195068359375,19637800
MSFT,2025-01-16,428.70001220703125,429.489990234375,424.3900146484375,424.5799865722656,419.602294921875,15300000
MSFT,2025-01-17,434.0899963378906,434.4800109863281,428.1700134277344,429.0299987792969,424.0001220703125,26197500
MSFT,2025-01-21,430.20001220703125,430.8999938964844,425.6000061035156,428.5,423.476318359375,26085700
MSFT,2025-01-22,437.55999755859375,447.2699890136719,436.0,446.20001220703125,440.9688415527344,27803800
MSFT,2025-01-23,442.0,446.75,441.5,446.7099914550781,441.47283935546875,18389300
MSFT,2025-01-24,445.1600036621094,446.6499938964844,441.3999938964844,444.05999755859375,438.8538818359375,15549500
MSFT,2025-01-27,424.010009765625,435.20001220703125,423.5,434.55999755859375,429.46527099609375,35647800
MSFT,2025-01-28,434.6000061035156,448.3800048828125,431.3800048828125,447.20001220703125,441.95709228515625,23491700
MSFT,2025-01-29,446.69000244140625,446.8800048828125,440.3999938964844,442.3299865722656,437.1441345214844,23581400
MSFT,2025-01-30,418.7699890136719,422.8599853515625,413.1600036621094,414.989990234375,410.12469482421875,54586300
MSFT,2025-01-31,418.9800109863281,420.69000244140625,414.9100036621094,415.05999755859375,410.1938781738281,34161900
MSFT,2025-02-03,411.6000061035156,415.4100036621094,408.6600036621094,410.9200134277344,406.1024475097656,25679100
MSFT,2025-02-04,412.69000244140625,413.9200134277344,409.739990234375,412.3699951171875,407.5354309082031,20532100
MSFT,2025-02-05,412.3500061035156,413.8299865722656,410.3999938964844,413.2900085449219,408.44464111328125,16316700
MSFT,2025-02-06,414.0,418.20001220703125,414.0,415.82000732421875,410.94500732421875,16309800
MSFT,2025-02-07,416.4800109863281,418.6499938964844,408.1000061035156,409.75,404.9461669921875,22886800
MSFT,2025-02-10,413.7099914550781,415.4599914550781,410.9200134277344,412.2200012207031,407.38720703125,20817900
MSFT,2025-02-11,409.6400146484375,412.489990234375,409.29998779296875,411.44000244140625,406.6163330078125,18140600
MSFT,2025-02-12,407.2099914550781,410.75,404.3699951171875,409.0400085449219,404.2444763183594,19121700
MSFT,2025-02-13,407.0,411.0,406.3599853515625,410.5400085449219,405.7268981933594,23891700
MSFT,2025-02-14,407.7900085449219,408.9100036621094,405.8800048828125,408.42999267578125,403.6416320800781,22758500
MSFT,2025-02-18,408.0,410.6000061035156,406.5,409.6400146484375,404.83746337890625,21423100
MSFT,2025-02-19,407.8800048828125,415.489990234375,407.6499938964844,414.7699890136719,409.90728759765625,24114200
MSFT,2025-02-20,415.2900085449219,419.30999755859375,412.5400085449219,416.1300048828125,412.0759582519531,23508700
MSFT,2025-02-21,417.3399963378906,418.04998779296875,407.8900146484375,408.2099914550781,404.23309326171875,27524800
MSFT,2025-02-24,408.510009765625,409.3699951171875,399.32000732421875,404.0,400.06414794921875,26443700
MSFT,2025-02-25,401.1000061035156,401.9200134277344,396.70001220703125,397.8999938964844,394.0235290527344,29387400
MSFT,2025-02-26,398.010009765625,403.6000061035156,394.25,399.7300109863281,395.83575439453125,19619000
MSFT,2025-02-27,401.2699890136719,405.739990234375,392.1700134277344,392.5299987792969,388.7059020996094,21127400
MSFT,2025-02-28,392.6600036621094,397.6300048828125,386.57000732421875,396.989990234375,393.1224365234375,32845700
MSFT,2025-03-03,398.82000732421875,398.82000732421875,386.1600036621094,388.489990234375,384.7052307128906,23007700
MSFT,2025-03-04,383.3999938964844,392.5799865722656,381.0,388.6099853515625,384.82403564453125,29342900
MSFT,2025-03-05,389.3399963378906,401.6700134277344,388.80999755859375,401.0199890136719,397.1131591796875,23433100
MSFT,2025-03-06,394.2799987792969,402.1499938964844,392.67999267578125,396.8900146484375,393.0234069824219,23304600
MSFT,2025-03-07,392.32000732421875,394.79998779296875,385.5400085449219,393.30999755859375,389.478271484375,22034100
MSFT,2025-03-10,385.8399963378906,386.3999938964844,377.2200012207031,380.1600036621094,376.4563903808594,32840100
MSFT,2025-03-11,379.0,386.0,376.9100036621094,380.45001220703125,376.7435607910156,30380200
MSFT,2025-03-12,382.95001220703125,385.2200012207031,378.95001220703125,383.2699890136719,379.53607177734375,24253600
MSFT,2025-03-13,383.1600036621094,385.32000732421875,377.45001220703125,378.7699890136719,375.0799255371094,20473000
MSFT,2025-03-14,379.7799987792969,390.2300109863281,379.510009765625,388.55999755859375,384.7745666503906,19952800
MSFT,2025-03-17,386.70001220703125,392.7099914550781,385.57000732421875,388.70001220703125,384.9132080078125,22474300
MSFT,2025-03-18,387.07000732421875,387.3699951171875,381.1000061035156,383.5199890136719,379.7836608886719,19486900
MSFT,2025-03-19,385.5299987792969,389.67999267578125,384.0,387.82000732421875,384.041748046875,19185500
MSFT,2025-03-20,385.739990234375,391.7900085449219,383.2799987792969,386.8399963378906,383.07135009765625,18470500
MSFT,2025-03-21,383.2200012207031,391.739990234375,382.79998779296875,391.260009765625,387.4482727050781,39675900
MSFT,2025-03-24,395.3999938964844,395.3999938964844,389.80999755859375,393.0799865722656,389.2505187988281,21004500
MSFT,2025-03-25,393.9200134277344,396.3599853515625,392.6400146484375,395.1600036621094,391.31024169921875,15775000
MSFT,2025-03-26,395.0,395.30999755859375,388.57000732421875,389.9700012207031,386.17083740234375,16108400
MSFT,2025-03-27,390.1300048828125,392.239990234375,387.3999938964844,390.5799865722656,386.7748718261719,13766800
MSFT,2025-03-28,388.0799865722656,389.1300048828125,376.92999267578125,378.79998779296875,375.1096496582031,21632000
MSFT,2025-03-31,372.5400085449219,377.07000732421875,367.239990234375,375.3900146484375,371.7328796386719,35184700
MSFT,2025-04-01,374.6499938964844,382.8500061035156,373.2300109863281,382.19000244140625,378.46661376953125,19689500
MSFT,2025-04-02,377.9700012207031,385.0799865722656,376.6199951171875,382.1400146484375,378.4171142578125,16092600
MSFT,2025-04-03,374.7900085449219,377.4800109863281,369.3500061035156,373.1099853515625,369.47503662109375,30198000
MSFT,2025-04-04,364.1300048828125,374.5899963378906,359.4800109863281,359.8399963378906,356.3343505859375,49209900
MSFT,2025-04-07,350.8800048828125,371.0,344.7900085449219,357.8599853515625,354.3736267089844,50425000
MSFT,2025-04-08,368.260009765625,373.6499938964844,350.25,354.55999755859375,351.1058044433594,35868900
MSFT,2025-04-09,353.5400085449219,393.2300109863281,353.1000061035156,390.489990234375,386.6857604980469,50199700
MSFT,2025-04-10,382.05999755859375,383.8999938964844,367.79998779296875,381.3500061035156,377.634765625,38024400
MSFT,2025-04-11,380.6400146484375,390.04998779296875,378.8900146484375,388.45001220703125,384.6656494140625,23839200
MSFT,2025-04-14,393.2200012207031,394.6499938964844,384.2099914550781,387.80999755859375,384.0318908691406,19251200
MSFT,2025-04-15,388.510009765625,391.8900146484375,384.1600036621094,385.7300109863281,381.9721374511719,17199900
MSFT,2025-04-16,380.6700134277344,381.6099853515625,368.0,371.6099853515625,367.98968505859375,21967800
MSFT,2025-04-17,373.75,374.32000732421875,366.8900146484375,367.7799987792969,364.1969909667969,21120200
MSFT,2025-04-21,362.82000732421875,364.4800109863281,355.6700134277344,359.1199951171875,355.62139892578125,20807300
MSFT,2025-04-22,363.3800048828125,367.7699890136719,359.8599853515625,366.82000732421875,363.246337890625,19485000
MSFT,2025-04-23,376.05999755859375,380.3900146484375,373.0199890136719,374.3900146484375,370.74261474609375,20545500
MSFT,2025-04-24,375.70001220703125,388.45001220703125,375.19000244140625,387.29998779296875,383.52679443359375,22232300
MSFT,2025-04-25,387.0,392.1600036621094,384.6000061035156,391.8500061035156,388.0325012207031,18973200
MSFT,2025-04-28,391.9599914550781,392.739990234375,386.6400146484375,391.1600036621094,387.3492736816406,16579400
MSFT,2025-04-29,391.29998779296875,395.1000061035156,390.3800048828125,394.0400085449219,390.201171875,14974000
MSFT,2025-04-30,390.29998779296875,396.6600036621094,384.44000244140625,395.260009765625,391.4093017578125,36461100
MSFT,2025-05-01,431.1099853515625,436.989990234375,424.8999938964844,425.3999938964844,421.2556457519531,58938100
MSFT,2025-05-02,431.739990234375,439.44000244140625,429.989990234375,435.2799987792969,431.0393981933594,30757400
MSFT,2025-05-05,432.8699951171875,439.5,432.1099853515625,436.1700134277344,431.9207458496094,20136100
MSFT,2025-05-06,432.20001220703125,437.7300109863281,431.1700134277344,433.30999755859375,429.0885925292969,15104200
MSFT,2025-05-07,433.8399963378906,438.1199951171875,431.1099853515625,433.3500061035156,429.1282043457031,23295300
MSFT,2025-05-08,437.92999267578125,443.6700134277344,435.6600036621094,438.1700134277344,433.9012451171875,23491300
MSFT,2025-05-09,440.0,440.739990234375,435.8800048828125,438.7300109863281,434.4557800292969,15324200
MSFT,2025-05-12,445.94000244140625,449.3699951171875,439.7799987792969,449.260009765625,444.8832092285156,22821900
MSFT,2025-05-13,447.7799987792969,450.6700134277344,445.3599853515625,449.1400146484375,444.7643737792969,23618800
MSFT,2025-05-14,448.1400146484375,453.8999938964844,448.1400146484375,452.94000244140625,448.5273742675781,19902800
MSFT,2025-05-15,450.7699890136719,456.19000244140625,450.42999267578125,453.1300048828125,449.5392761230469,21992300
MSFT,2025-05-16,452.04998779296875,454.3599853515625,448.7300109863281,454.2699890136719,450.67022705078125,23849800
MSFT,2025-05-19,450.8800048828125,459.5899963378906,450.79998779296875,458.8699951171875,455.2337951660156,21336500
MSFT,2025-05-20,455.5899963378906,458.3399963378906,454.32000732421875,458.1700134277344,454.5393371582031,15441800
MSFT,2025-05-21,454.57000732421875,457.7799987792969,451.80999755859375,452.57000732421875,448.9837341308594,19216900
MSFT,2025-05-22,454.95001220703125,460.25,453.8999938964844,454.8599853515625,451.25555419921875,18025600
MSFT,2025-05-23,449.9800109863281,453.69000244140625,448.9100036621094,450.17999267578125,446.6126403808594,16883500
MSFT,2025-05-27,456.4800109863281,460.95001220703125,456.1199951171875,460.69000244140625,457.03936767578125,20974300
MSFT,2025-05-28,461.2200012207031,462.5199890136719,456.92999267578125,457.3599853515625,453.7357482910156,17086300
MSFT,2025-05-29,461.54998779296875,461.7200012207031,455.30999755859375,458.67999267578125,455.0453186035156,13974800
MSFT,2025-05-30,459.7200012207031,461.67999267578125,455.5400085449219,460.3599853515625,456.71197509765625,34770500
MSFT,2025-06-02,457.1400146484375,462.1099853515625,456.8900146484375,461.9700012207031,458.3092346191406,16626500
MSFT,2025-06-03,461.4700012207031,464.1400146484375,460.8599853515625,462.9700012207031,459.3013000488281,15743800
MSFT,2025-06-04,464.0,465.69000244140625,463.0199890136719,463.8699951171875,460.19415283203125,14162700
MSFT,2025-06-05,464.9599914550781,469.6499938964844,464.0299987792969,467.67999267578125,463.9739990234375,20131700
MSFT,2025-06-06,470.0899963378906,473.3399963378906,468.7799987792969,470.3800048828125,466.6525573730469,15285600
MSFT,2025-06-09,469.70001220703125,473.42999267578125,468.6199951171875,472.75,469.0038146972656,16469900
MSFT,2025-06-10,471.19000244140625,472.79998779296875,466.9599914550781,470.9200134277344,467.18829345703125,15375900
MSFT,2025-06-11,470.0199890136719,475.4700012207031,469.6600036621094,472.6199951171875,468.87481689453125,16399200
MSFT,2025-06-12,475.0199890136719,480.4200134277344,473.5199890136719,478.8699951171875,475.07525634765625,18950600
MSFT,2025-06-13,476.4100036621094,479.17999267578125,472.760009765625,474.9599914550781,471.1962890625,16814500
MSFT,2025-06-16,475.2099914550781,480.69000244140625,475.0,479.1400146484375,475.3431701660156,15626100
MSFT,2025-06-17,475.3999938964844,478.739990234375,474.0799865722656,478.0400085449219,474.25189208984375,15414100
MSFT,2025-06-18,478.0,481.0,474.4599914550781,480.239990234375,476.4344482421875,17526500
MSFT,2025-06-20,482.2300109863281,483.4599914550781,476.8699951171875,477.3999938964844,473.616943359375,37576200
MSFT,2025-06-23,478.2099914550781,487.75,472.510009765625,486.0,482.1487731933594,24864000
MSFT,2025-06-24,488.95001220703125,491.8500061035156,486.79998779296875,490.1099853515625,486.2261962890625,22305600
MSFT,2025-06-25,492.0400085449219,494.55999755859375,489.3900146484375,492.2699890136719,488.3691101074219,17495100
MSFT,2025-06-26,492.9800109863281,498.0400085449219,492.80999755859375,497.45001220703125,493.508056640625,21578900
MSFT,2025-06-27,497.54998779296875,499.29998779296875,493.0299987792969,495.94000244140625,492.0100402832031,34539200
MSFT,2025-06-30,497.0400085449219,500.760009765625,495.3299865722656,497.4100036621094,493.4683837890625,28369000
MSFT,2025-07-01,496.4700012207031,498.04998779296875,490.9800109863281,492.04998779296875,488.1508483886719,19945400
MSFT,2025-07-02,489.989990234375,493.5,488.70001220703125,491.0899963378906,487.198486328125,16319600
MSFT,2025-07-03,493.80999755859375,500.1300048828125,493.44000244140625,498.8399963378906,494.8870849609375,13984800
MSFT,2025-07-07,497.3800048828125,498.75,495.2300109863281,497.7200012207031,493.77593994140625,13981600
MSFT,2025-07-08,497.239990234375,498.20001220703125,494.1099853515625,496.6199951171875,492.68463134765625,11846600
MSFT,2025-07-09,500.29998779296875,506.7799987792969,499.739990234375,503.510009765625,499.5200500488281,18659500
MSFT,2025-07-10,503.04998779296875,504.44000244140625,497.75,501.4800109863281,497.5061340332031,16492100
MSFT,2025-07-11,498.4700012207031,505.0299987792969,497.79998779296875,503.32000732421875,499.3315734863281,16459500
MSFT,2025-07-14,501.5199890136719,503.9700012207031,501.0299987792969,503.0199890136719,499.033935546875,12058800
MSFT,2025-07-15,503.0199890136719,508.29998779296875,502.7900085449219,505.82000732421875,501.811767578125,14927200
MSFT,2025-07-16,505.17999267578125,506.7200012207031,501.8900146484375,505.6199951171875,501.61334228515625,15154400
MSFT,2025-07-17,505.67999267578125,513.3699951171875,505.6199951171875,511.70001220703125,507.6451721191406,17503100
MSFT,2025-07-18,514.47998046875,514.6400146484375,507.42999267578125,510.04998779296875,506.0082092285156,21209700
MSFT,2025-07-21,506.7099914550781,512.0900268554688,505.54998779296875,510.05999755859375,506.01812744140625,14066800
MSFT,2025-07-22,510.9700012207031,511.20001220703125,505.2699890136719,505.2699890136719,501.26611328125,13868600
MSFT,2025-07-23,506.75,506.7900085449219,500.70001220703125,505.8699951171875,501.861328125,16396600
MSFT,2025-07-24,508.7699890136719,513.6699829101562,507.29998779296875,510.8800048828125,506.8316345214844,16107000
MSFT,2025-07-25,512.469970703125,518.2899780273438,510.3599853515625,513.7100219726562,509.63922119140625,19125700
MSFT,2025-07-28,514.0800170898438,515.0,510.1199951171875,512.5,508.4388122558594,14308000
MSFT,2025-07-29,515.530029296875,517.6199951171875,511.55999755859375,512.5700073242188,508.5082702636719,16469200
MSFT,2025-07-30,515.1699829101562,515.9500122070312,509.44000244140625,513.239990234375,509.1729431152344,26380400
MSFT,2025-07-31,555.22998046875,555.4500122070312,531.9000244140625,533.5,529.2723388671875,51617300
MSFT,2025-08-01,535.0,535.7999877929688,520.8599853515625,524.1099853515625,519.9568481445312,28977600
MSFT,2025-08-04,528.27001953125,538.25,528.1300048828125,535.6400146484375,531.3954467773438,25349000
MSFT,2025-08-05,537.1799926757812,537.2999877929688,527.239990234375,527.75,523.5679931640625,19171600
MSFT,2025-08-06,530.9000244140625,531.7000122070312,524.030029296875,524.9400024414062,520.7802124023438,21355700
MSFT,2025-08-07,526.7999877929688,528.0900268554688,517.5499877929688,520.8400268554688,516.7127075195312,16079100
MSFT,2025-08-08,522.5999755859375,524.6599731445312,519.4099731445312,522.0399780273438,517.9031982421875,15531000
MSFT,2025-08-11,522.2999877929688,527.5900268554688,519.719970703125,521.77001953125,517.6353759765625,20194400
MSFT,2025-08-12,523.75,530.97998046875,522.7000122070312,529.239990234375,525.046142578125,18667000
MSFT,2025-08-13,532.1099853515625,532.7000122070312,519.3699951171875,520.5800170898438,516.454833984375,19619200
MSFT,2025-08-14,522.5599975585938,525.9500122070312,520.1400146484375,522.47998046875,518.3396606445312,20269100
MSFT,2025-08-15,522.77001953125,526.0999755859375,519.0800170898438,520.1699829101562,516.0479736328125,25213300
MSFT,2025-08-18,521.5900268554688,522.8200073242188,514.02001953125,517.0999755859375,513.0023193359375,23760600
MSFT,2025-08-19,515.0,515.1599731445312,508.54998779296875,509.7699890136719,505.7304382324219,21481000
MSFT,2025-08-20,509.8699951171875,511.0,504.44000244140625,505.7200012207031,501.7125244140625,27723000
MSFT,2025-08-21,503.69000244140625,507.6300048828125,502.7200012207031,504.239990234375,501.066650390625,18443300
MSFT,2025-08-22,504.25,510.7300109863281,502.4100036621094,507.2300109863281,504.0378112792969,24324200
MSFT,2025-08-25,506.6300048828125,508.19000244140625,504.1199951171875,504.260009765625,501.0865173339844,21638600
MSFT,2025-08-26,504.3599853515625,504.9800109863281,498.510009765625,502.0400085449219,498.8804626464844,30835700
MSFT,2025-08-27,502.0,507.2900085449219,499.8999938964844,506.739990234375,503.5509033203125,17277900
MSFT,2025-08-28,507.0899963378906,511.0899963378906,505.5,509.6400146484375,506.4326477050781,18015600
MSFT,2025-08-29,508.6600036621094,509.6000061035156,504.489990234375,506.69000244140625,503.5011901855469,20961600
MSFT,2025-09-02,500.4700012207031,506.0,496.80999755859375,505.1199951171875,501.9410705566406,18128000
MSFT,2025-09-03,503.7900085449219,507.7900085449219,502.32000732421875,505.3500061035156,502.1696472167969,16345100
MSFT,2025-09-04,504.29998779296875,508.1499938964844,503.1499938964844,507.9700012207031,504.77313232421875,15509500
MSFT,2025-09-05,509.07000732421875,511.9700012207031,492.3699951171875,495.0,491.884765625,31994800
MSFT,2025-09-08,498.1099853515625,501.20001220703125,495.0299987792969,498.20001220703125,495.06463623046875,16771000
MSFT,2025-09-09,501.42999267578125,502.25,497.70001220703125,498.4100036621094,495.2733154296875,14410500
MSFT,2025-09-10,502.9800109863281,503.2300109863281,496.7200012207031,500.3699951171875,497.2209777832031,21611800
MSFT,2025-09-11,502.25,503.1700134277344,497.8800048828125,501.010009765625,497.8569641113281,18881600
MSFT,2025-09-12,506.6499938964844,512.5499877929688,503.8500061035156,509.8999938964844,506.6910095214844,23624900
MSFT,2025-09-15,508.7900085449219,515.469970703125,507.0,515.3599853515625,512.1166381835938,17143800
MSFT,2025-09-16,516.8800048828125,517.22998046875,508.6000061035156,509.0400085449219,505.8364562988281,19711900
MSFT,2025-09-17,510.6199951171875,511.2900085449219,505.92999267578125,510.0199890136719,506.81024169921875,15816600
MSFT,2025-09-18,511.489990234375,513.0700073242188,507.6600036621094,508.45001220703125,505.2501525878906,18913700
MSFT,2025-09-19,510.55999755859375,519.2999877929688,510.30999755859375,517.9299926757812,514.6705322265625,52474100
MSFT,2025-09-22,515.5900268554688,517.739990234375,512.5399780273438,514.4500122070312,511.21240234375,20009300
MSFT,2025-09-23,513.7999877929688,514.5900268554688,507.30999755859375,509.2300109863281,506.0252380371094,19799600
MSFT,2025-09-24,510.3800048828125,512.47998046875,506.9200134277344,510.1499938964844,506.9394226074219,13533700
MSFT,2025-09-25,508.29998779296875,510.010009765625,505.0400085449219,507.0299987792969,503.83905029296875,15786500
MSFT,2025-09-26,510.05999755859375,513.9400024414062,506.6199951171875,511.4599914550781,508.2411804199219,16213100
MSFT,2025-09-29,511.5,516.8499755859375,508.8800048828125,514.5999755859375,511.3613586425781,17617800
MSFT,2025-09-30,513.239990234375,518.1599731445312,509.6600036621094,517.9500122070312,514.6903686523438,19728200
MSFT,2025-10-01,514.7999877929688,520.510009765625,511.69000244140625,519.7100219726562,516.439208984375,22632300
MSFT,2025-10-02,517.6400146484375,521.5999755859375,510.67999267578125,515.739990234375,512.4942626953125,21222900
MSFT,2025-10-03,517.0999755859375,520.489990234375,515.0,517.3499755859375,514.0940551757812,15112300
MSFT,2025-10-06,518.6099853515625,531.030029296875,518.2000122070312,528.5700073242188,525.2435302734375,21388600
MSFT,2025-10-07,528.2899780273438,529.7999877929688,521.4400024414062,523.97998046875,520.682373046875,14615200
MSFT,2025-10-08,523.280029296875,526.9500122070312,523.0900268554688,524.8499755859375,521.5468139648438,13363400
MSFT,2025-10-09,522.3400268554688,524.3300170898438,517.4000244140625,522.4000244140625,519.1123046875,18343600
MSFT,2025-10-10,519.6400146484375,523.5800170898438,509.6300048828125,510.9599914550781,507.74432373046875,24133800
MSFT,2025-10-13,516.4099731445312,516.4099731445312,511.67999267578125,514.0499877929688,510.81488037109375,14284200
MSFT,2025-10-14,510.2300109863281,515.280029296875,506.0,513.5700073242188,510.3379211425781,14684300
MSFT,2025-10-15,514.9600219726562,517.1900024414062,510.0,513.4299926757812,510.19879150390625,14694700
MSFT,2025-10-16,512.5800170898438,516.8499755859375,508.1300048828125,511.6099853515625,508.3902587890625,15559600
MSFT,2025-10-17,509.0400085449219,515.47998046875,507.30999755859375,513.5800170898438,510.3478698730469,19867800
MSFT,2025-10-20,514.6099853515625,518.7000122070312,513.4299926757812,516.7899780273438,513.5376586914062,14665600
MSFT,2025-10-21,517.5,518.6900024414062,513.0399780273438,517.6599731445312,514.4021606445312,15586200
MSFT,2025-10-22,521.1500244140625,525.22998046875,517.7100219726562,520.5399780273438,517.2640380859375,18962700
MSFT,2025-10-23,522.4600219726562,523.9500122070312,518.6099853515625,520.5599975585938,517.2838745117188,14023500
MSFT,2025-10-24,522.7899780273438,525.3499755859375,520.7100219726562,523.6099853515625,520.3146362304688,15532400
MSFT,2025-10-27,531.780029296875,534.5800170898438,529.010009765625,531.52001953125,528.1749877929688,18734700
MSFT,2025-10-28,550.0,553.719970703125,540.77001953125,542.0700073242188,538.6585083007812,29986700
MSFT,2025-10-29,544.9400024414062,546.27001953125,536.72998046875,541.5499877929688,538.1417846679688,36023000
MSFT,2025-10-30,530.47998046875,534.969970703125,522.1199951171875,525.760009765625,522.4512329101562,41023100
MSFT,2025-10-31,528.8800048828125,529.3200073242188,515.0999755859375,517.8099975585938,514.5512084960938,34006400
MSFT,2025-11-03,519.8099975585938,524.9600219726562,514.5900268554688,517.030029296875,513.776123046875,22374700
MSFT,2025-11-04,511.760009765625,515.5499877929688,507.8399963378906,514.3300170898438,511.0931701660156,20958700
MSFT,2025-11-05,513.2999877929688,514.8300170898438,506.5799865722656,507.1600036621094,503.96826171875,23024300
MSFT,2025-11-06,505.6600036621094,505.70001220703125,495.80999755859375,497.1000061035156,493.9715576171875,27406500
MSFT,2025-11-07,496.95001220703125,499.3800048828125,493.25,496.82000732421875,493.6933288574219,24019800
MSFT,2025-11-10,500.0400085449219,506.8500061035156,498.79998779296875,506.0,502.8155517578125,26101500
MSFT,2025-11-11,504.79998779296875,509.6000061035156,502.3500061035156,508.67999267578125,505.47869873046875,17980000
MSFT,2025-11-12,509.3599853515625,511.6700134277344,499.1199951171875,511.1400146484375,507.9232177734375,26574900
MSFT,2025-11-13,510.30999755859375,513.5,501.2900085449219,503.2900085449219,500.12261962890625,25273100
MSFT,2025-11-14,498.2300109863281,511.6000061035156,497.44000244140625,510.17999267578125,506.96923828125,28505700
MSFT,2025-11-17,508.45001220703125,512.1199951171875,504.9100036621094,507.489990234375,504.296142578125,19092800
MSFT,2025-11-18,495.3699951171875,502.9800109863281,486.7799987792969,493.7900085449219,490.6824035644531,33815100
MSFT,2025-11-19,490.1000061035156,495.19000244140625,482.8299865722656,487.1199951171875,484.0543518066406,23245300
MSFT,2025-11-20,492.7099914550781,493.57000732421875,475.5,478.42999267578125,476.308837890625,26802500
MSFT,2025-11-21,478.5,478.9200134277344,468.2699890136719,472.1199951171875,470.0268249511719,31769200
MSFT,2025-11-24,475.0,476.8999938964844,468.0199890136719,474.0,471.89849853515625,34421000
MSFT,2025-11-25,474.07000732421875,479.1499938964844,464.8900146484375,476.989990234375,474.8752136230469,28019800
MSFT,2025-11-26,486.30999755859375,488.30999755859375,481.20001220703125,485.5,483.3475341796875,25709100
MSFT,2025-11-28,487.6000061035156,492.6300048828125,486.6499938964844,492.010009765625,489.82867431640625,14386700
MSFT,2025-12-01,488.44000244140625,489.8599853515625,484.6499938964844,486.739990234375,484.5820007324219,23964000
MSFT,2025-12-02,486.7200012207031,493.5,486.32000732421875,490.0,487.82757568359375,19562700
MSFT,2025-12-03,476.32000732421875,484.239990234375,475.20001220703125,477.7300109863281,475.6119689941406,34615100
MSFT,2025-12-04,479.760009765625,481.32000732421875,476.489990234375,480.8399963378906,478.70819091796875,22318200
MSFT,2025-12-05,482.5199890136719,483.3999938964844,478.8800048828125,483.1600036621094,481.01788330078125,22608700
MSFT,2025-12-08,484.8900146484375,492.29998779296875,484.3800048828125,491.0199890136719,488.8430480957031,21965900
MSFT,2025-12-09,489.1000061035156,492.1199951171875,488.5,492.0199890136719,489.8385925292969,14696100
MSFT,2025-12-10,484.0299987792969,484.25,475.0799865722656,478.55999755859375,476.43829345703125,35756200
MSFT,2025-12-11,476.6300048828125,486.0299987792969,475.8599853515625,483.4700012207031,481.3265075683594,24669200
MSFT,2025-12-12,479.82000732421875,482.45001220703125,476.3399963378906,478.5299987792969,476.4084167480469,21248100
MSFT,2025-12-15,480.1000061035156,480.7200012207031,472.5199890136719,474.82000732421875,472.7148742675781,23727700
MSFT,2025-12-16,471.9100036621094,477.8900146484375,470.8800048828125,476.3900146484375,474.2779235839844,20705600
MSFT,2025-12-17,476.9100036621094,480.0,475.0,476.1199951171875,474.00909423828125,24527200
MSFT,2025-12-18,478.19000244140625,489.6000061035156,477.8900146484375,483.9800109863281,481.8342590332031,28573500
MSFT,2025-12-19,487.3599853515625,487.8500061035156,482.489990234375,485.9200134277344,483.7656555175781,70836100
MSFT,2025-12-22,486.1199951171875,488.7300109863281,482.69000244140625,484.9200134277344,482.7701110839844,16963000
MSFT,2025-12-23,484.9800109863281,487.8299865722656,484.739990234375,486.8500061035156,484.6915283203125,14683600
MSFT,2025-12-24,485.67999267578125,489.1600036621094,484.8299865722656,488.0199890136719,485.8563232421875,5855900
MSFT,2025-12-26,486.7099914550781,488.1199951171875,485.9599914550781,487.7099914550781,485.5476989746094,8842200
MSFT,2025-12-29,484.8599853515625,488.3500061035156,484.17999267578125,487.1000061035156,484.9404296875,10893400
MSFT,2025-12-30,485.92999267578125,489.67999267578125,485.5,487.4800109863281,485.3187255859375,13944500
MSFT,2025-12-31,487.8399963378906,488.1400146484375,483.29998779296875,483.6199951171875,481.4758605957031,15601600
MSFT,2026-01-02,484.3900146484375,484.6600036621094,470.1600036621094,472.94000244140625,470.84320068359375,25571600
MSFT,2026-01-05,474.05999755859375,476.07000732421875,469.5,472.8500061035156,470.7536315917969,25250300
MSFT,2026-01-06,473.79998779296875,478.739990234375,469.75,478.510009765625,476.3885192871094,23037700
MSFT,2026-01-07,479.760009765625,489.70001220703125,477.95001220703125,483.4700012207031,481.3265075683594,25564200
MSFT,2026-01-08,481.239990234375,482.6600036621094,475.8599853515625,478.1099853515625,475.9902648925781,18162600
MSFT,2026-01-09,474.05999755859375,479.82000732421875,472.20001220703125,479.2799987792969,477.15509033203125,18491000
MSFT,2026-01-12,476.6700134277344,480.989990234375,475.67999267578125,477.17999267578125,475.06439208984375,23519900
MSFT,2026-01-13,474.67999267578125,475.7799987792969,465.95001220703125,470.6700134277344,468.5832824707031,28545800
MSFT,2026-01-14,466.4599914550781,468.20001220703125,457.1700134277344,459.3800048828125,457.34332275390625,28184300
MSFT,2026-01-15,464.1199951171875,464.25,455.8999938964844,456.6600036621094,454.6353759765625,23225800
MSFT,2026-01-16,457.8299865722656,463.19000244140625,456.4800109863281,459.8599853515625,457.8211669921875,34246700
MSFT,2026-01-20,451.2200012207031,456.79998779296875,449.2799987792969,454.5199890136719,452.5048828125,26130000
MSFT,2026-01-21,452.6000061035156,452.69000244140625,438.67999267578125,444.1099853515625,442.1410217285156,37980500
MSFT,2026-01-22,447.6199951171875,452.8399963378906,444.70001220703125,451.1400146484375,449.1398620605469,25349400
MSFT,2026-01-23,451.8699951171875,471.1000061035156,450.5299987792969,465.95001220703125,463.8841857910156,38000200
MSFT,2026-01-26,465.30999755859375,474.25,462.0,470.2799987792969,468.19500732421875,29291200
MSFT,2026-01-27,473.70001220703125,482.8699951171875,473.1600036621094,480.5799865722656,478.4493103027344,29213900
MSFT,2026-01-28,483.2099914550781,483.739990234375,478.0,481.6300048828125,479.49468994140625,36875400
MSFT,2026-01-29,439.989990234375,442.5,421.0199890136719,433.5,431.57806396484375,128855300
MSFT,2026-01-30,439.1700134277344,439.6000061035156,426.45001220703125,430.2900085449219,428.38232421875,58566800
MSFT,2026-02-02,430.239990234375,430.739990234375,422.25,423.3699951171875,421.49298095703125,42219900
MSFT,2026-02-03,422.010009765625,422.04998779296875,408.55999755859375,411.2099914550781,409.3868713378906,61424100
MSFT,2026-02-04,411.0,419.79998779296875,409.239990234375,414.19000244140625,412.3536682128906,45012400
MSFT,2026-02-05,407.44000244140625,408.29998779296875,392.32000732421875,393.6700134277344,391.9246520996094,66289200
MSFT,2026-02-06,399.1700134277344,401.7900085449219,392.9200134277344,401.1400146484375,399.3615417480469,53515300
MSFT,2026-02-09,404.8500061035156,414.8900146484375,400.8699951171875,413.6000061035156,411.76629638671875,45480500
MSFT,2026-02-10,419.6199951171875,423.67999267578125,412.70001220703125,413.2699890136719,411.437744140625,44857900
MSFT,2026-02-11,416.17999267578125,416.4599914550781,401.010009765625,404.3699951171875,402.57720947265625,42491000
MSFT,2026-02-12,405.0,406.20001220703125,398.010009765625,401.8399963378906,400.05841064453125,40802400
MSFT,2026-02-13,404.45001220703125,405.5400085449219,398.04998779296875,401.32000732421875,399.5407409667969,34091600
MSFT,2026-02-17,399.2200012207031,400.5199890136719,394.5299987792969,396.8599853515625,395.1004943847656,32078800
MSFT,2026-02-18,398.1300048828125,402.55999755859375,396.32000732421875,399.6000061035156,397.828369140625,23223400
MSFT,2026-02-19,400.69000244140625,404.42999267578125,396.6700134277344,398.4599914550781,397.5988464355469,28234000
MSFT,2026-02-20,396.1099853515625,400.1199951171875,395.1600036621094,397.2300109863281,396.37152099609375,34015200
MSFT,2026-02-23,395.0,395.3599853515625,383.1000061035156,384.4700012207031,383.6390686035156,43238300
MSFT,2026-02-24,384.1400146484375,389.3599853515625,381.7099914550781,389.0,388.1593017578125,33884700
MSFT,2026-02-25,390.5299987792969,401.4700012207031,390.1600036621094,400.6000061035156,399.7342224121094,43625500
MSFT,2026-02-26,404.7099914550781,407.489990234375,398.739990234375,401.7200012207031,400.851806640625,34405900
MSFT,2026-02-27,390.8800048828125,396.82000732421875,389.8800048828125,392.739990234375,391.8912048339844,51367200
MSFT,2026-03-02,392.8599853515625,401.19000244140625,390.6300048828125,398.54998779296875,397.6886291503906,35474900
MSFT,2026-03-03,393.1400146484375,406.70001220703125,392.6700134277344,403.92999267578125,403.0570068359375,38199200
MSFT,2026-03-04,401.2699890136719,411.0299987792969,400.30999755859375,405.20001220703125,404.32427978515625,35808000
MSFT,2026-03-05,404.4200134277344,411.6099853515625,404.3999938964844,410.67999267578125,409.79241943359375,39001300
MSFT,2026-03-06,409.20001220703125,413.04998779296875,408.510009765625,408.9599914550781,408.0761413574219,31123900
MSFT,2026-03-09,404.9200134277344,410.2099914550781,403.5,409.4100036621094,408.5251770019531,30131900
MSFT,2026-03-10,410.0299987792969,410.20001220703125,402.92999267578125,405.760009765625,404.8830871582031,31706400
MSFT,2026-03-11,405.57000732421875,409.010009765625,401.5899963378906,404.8800048828125,404.0049743652344,25512100
MSFT,2026-03-12,404.6300048828125,406.1199951171875,401.7099914550781,401.8599853515625,400.9914855957031,27263900
MSFT,2026-03-13,401.0,404.79998779296875,394.25,395.54998779296875,394.69512939453125,26848000
MSFT,2026-03-16,398.07000732421875,400.6300048828125,394.7900085449219,399.95001220703125,399.08563232421875,27733700
MSFT,2026-03-17,400.2699890136719,404.3999938964844,397.75,399.4100036621094,398.5467834472656,26228300
MSFT,2026-03-18,397.1300048828125,398.0,391.0,391.7900085449219,390.9432678222656,25908500
MSFT,2026-03-19,390.1000061035156,392.489990234375,387.05999755859375,389.0199890136719,388.1792297363281,25138800
MSFT,2026-03-20,386.7900085449219,387.0,380.1199951171875,381.8699951171875,381.0447082519531,50853200
MSFT,2026-03-23,383.8999938964844,387.2099914550781,381.67999267578125,383.0,382.1722717285156,29680100
MSFT,2026-03-24,382.3599853515625,382.4700012207031,371.8500061035156,372.739990234375,371.9344177246094,42733600
MSFT,2026-03-25,376.9200134277344,377.05999755859375,369.6300048828125,371.0400085449219,370.2381286621094,31181200
MSFT,2026-03-26,370.82000732421875,374.7200012207031,365.19000244140625,365.9700012207031,365.1790771484375,36836600
MSFT,2026-03-27,361.8999938964844,362.45001220703125,356.510009765625,356.7699890136719,355.9989318847656,37883400
MSFT,2026-03-30,361.8999938964844,365.3599853515625,356.2799987792969,358.9599914550781,358.1842041015625,44797000
MSFT,2026-03-31,364.54998779296875,372.8999938964844,363.07000732421875,370.1700134277344,369.3699951171875,45244400
MSFT,2026-04-01,373.489990234375,373.989990234375,368.20001220703125,369.3699951171875,368.57171630859375,29417200
MSFT,2026-04-02,367.2099914550781,373.6400146484375,364.1499938964844,373.4599914550781,372.6528625488281,24099100
MSFT,2026-04-06,373.489990234375,373.7300109863281,369.5,372.8800048828125,372.0741271972656,16146600
MSFT,2026-04-07,370.3399963378906,372.45001220703125,366.55999755859375,372.2900085449219,371.48541259765625,21443300
MSFT,2026-04-08,384.9800109863281,385.0,371.4100036621094,374.3299865722656,373.52099609375,33064800
MSFT,2026-04-09,372.5,373.5,367.04998779296875,373.07000732421875,372.26373291015625,30435300
MSFT,2026-04-10,372.9800109863281,375.6400146484375,370.0299987792969,370.8699951171875,370.0684814453125,28111100
MSFT,2026-04-13,373.6099853515625,384.5400085449219,371.0199890136719,384.3699951171875,383.539306640625,35745800
MSFT,2026-04-14,387.9200134277344,394.69000244140625,386.5199890136719,393.1099853515625,392.2604064941406,37504500
MSFT,2026-04-15,398.0,414.3699951171875,396.7300109863281,411.2200012207031,410.3312683105469,45063400
MSFT,2026-04-16,419.8599853515625,420.82000732421875,412.1400146484375,420.260009765625,419.35174560546875,41642400
MSFT,2026-04-17,424.82000732421875,431.5799865722656,420.69000244140625,422.7900085449219,421.87628173828125,48568200
MSFT,2026-04-20,421.1499938964844,423.3299865722656,416.29998779296875,418.07000732421875,417.1664733886719,27582200
MSFT,2026-04-21,420.239990234375,427.17999267578125,417.20001220703125,424.1600036621094,423.2433166503906,32048500
MSFT,2026-04-22,426.19000244140625,433.70001220703125,423.6700134277344,432.9200134277344,431.984375,29378200
MSFT,2026-04-23,419.8900146484375,423.6600036621094,411.4100036621094,415.75,414.8514709472656,38308000
MSFT,2026-04-24,416.9700012207031,424.95001220703125,415.79998779296875,424.6199951171875,423.7023010253906,27457400
MSFT,2026-04-27,422.3800048828125,427.1099853515625,417.07000732421875,424.82000732421875,423.9018859863281,30867300
MSFT,2026-04-28,424.57000732421875,429.9200134277344,421.8999938964844,429.25,428.3222961425781,30438100
MSFT,2026-04-29,424.5799865722656,426.82000732421875,420.2900085449219,424.4599914550781,423.5426330566406,38288300
MSFT,2026-04-30,410.80999755859375,414.4200134277344,398.010009765625,407.7799987792969,406.8987121582031,70909400
MSFT,2026-05-01,412.79998779296875,417.1099853515625,410.44000244140625,414.44000244140625,413.5443115234375,31372400
MSFT,2026-05-04,411.5400085449219,420.7799987792969,410.79998779296875,413.6199951171875,412.72607421875,28066500
MSFT,2026-05-05,415.32000732421875,416.7799987792969,408.79998779296875,411.3800048828125,410.4909362792969,25700900
MSFT,2026-05-06,408.0,418.4200134277344,405.1099853515625,413.9599914550781,413.0653381347656,30285900
MSFT,2026-05-07,420.1099853515625,427.9800109863281,418.760009765625,420.7699890136719,419.8606262207031,34942400
MSFT,2026-05-08,417.3900146484375,418.6300048828125,414.0,415.1199951171875,414.22283935546875,33383800
MSFT,2026-05-11,407.8699951171875,412.69000244140625,405.5,412.6600036621094,411.7681579589844,35657900
MSFT,2026-05-12,414.4800109863281,415.5,406.6400146484375,407.7699890136719,406.8887023925781,38594200
MSFT,2026-05-13,403.20001220703125,406.30999755859375,401.0299987792969,405.2099914550781,404.3342590332031,29667100
MSFT,2026-05-14,404.4800109863281,411.8399963378906,400.8800048828125,409.42999267578125,408.5451354980469,27077500
MSFT,2026-05-15,414.2699890136719,428.1700134277344,412.9100036621094,421.9200134277344,421.0081481933594,50771200
MSFT,2026-05-18,416.6199951171875,425.1199951171875,415.6099853515625,423.5400085449219,422.6246643066406,32564100
MSFT,2026-05-19,429.8999938964844,432.70001220703125,416.489990234375,417.4200134277344,416.51788330078125,33018700
MSFT,2026-05-20,414.1700134277344,422.1000061035156,411.29998779296875,421.05999755859375,420.1499938964844,27864000
MSFT,2026-05-21,424.75,426.3399963378906,415.7099914550781,419.0899963378906,419.0899963378906,31393500
MSFT,2026-05-22,419.5400085449219,424.3999938964844,416.3299865722656,418.57000732421875,418.57000732421875,22390300
MSFT,2026-05-26,416.42999267578125,419.7699890136719,413.0199890136719,416.0299987792969,416.0299987792969,30398000
MSFT,2026-05-27,411.010009765625,415.94000244140625,409.5799865722656,412.6700134277344,412.6700134277344,28901500
MSFT,2026-05-28,412.9800109863281,429.489990234375,412.6700134277344,426.989990234375,426.989990234375,47250500
MSFT,2026-05-29,432.54998779296875,450.3299865722656,432.3599853515625,450.239990234375,450.239990234375,79654400
MSFT,2026-06-01,464.8399963378906,466.32000732421875,458.2699890136719,460.5199890136719,460.5199890136719,53628900
MSFT,2026-06-02,446.8800048828125,453.5,440.42999267578125,441.30999755859375,441.30999755859375,37036800
MSFT,2026-06-03,438.45001220703125,440.3900146484375,424.25,427.3399963378906,427.3399963378906,39037000
MSFT,2026-06-04,435.80999755859375,436.1499938964844,426.4100036621094,428.04998779296875,428.04998779296875,26899500
MSFT,2026-06-05,428.3399963378906,429.4700012207031,414.3999938964844,416.6700134277344,416.6700134277344,34782200
MSFT,2026-06-08,414.1400146484375,417.1600036621094,408.55999755859375,411.739990234375,411.739990234375,32086700
MSFT,2026-06-09,409.0299987792969,411.9800109863281,398.4800109863281,403.4100036621094,403.4100036621094,35317300
MSFT,2026-06-10,398.54998779296875,405.0400085449219,397.1600036621094,397.3599853515625,397.3599853515625,32576000
MSFT,2026-06-11,395.2099914550781,396.8500061035156,384.0,390.3399963378906,390.3399963378906,47224100
MSFT,2026-06-12,391.42999267578125,391.739990234375,382.2699890136719,390.739990234375,390.739990234375,34865800
MSFT,2026-06-15,396.79998779296875,401.75,392.8500061035156,399.760009765625,399.760009765625,32266400
MSFT,2026-06-16,395.7900085449219,396.8399963378906,390.69000244140625,393.8299865722656,393.8299865722656,31506800
MSFT,2026-06-17,390.25,390.3699951171875,377.32000732421875,378.9100036621094,378.9100036621094,41987800
MSFT,2026-06-18,377.82000732421875,381.3699951171875,373.2799987792969,379.3999938964844,379.3999938964844,59714200
MSFT,2026-06-22,375.739990234375,381.6300048828125,367.07000732421875,367.3399963378906,367.3399963378906,45171100
MSFT,2026-06-23,372.3800048828125,377.2200012207031,370.6700134277344,373.94000244140625,373.94000244140625,40647600
MSFT,2026-06-24,371.57000732421875,378.8800048828125,364.7799987792969,365.4599914550781,365.4599914550781,44509900
MSFT,2026-06-25,362.7699890136719,364.2300109863281,349.20001220703125,352.8299865722656,352.8299865722656,66179000
MSFT,2026-06-26,357.1499938964844,376.6099853515625,355.42999267578125,372.9700012207031,372.9700012207031,186201600
MSFT,2026-06-29,377.5,380.5,359.8999938964844,368.57000732421875,368.57000732421875,51229900
MSFT,2026-06-30,371.0299987792969,374.1499938964844,367.45001220703125,373.0199890136719,373.0199890136719,44945700
MSFT,2026-07-01,380.8299865722656,388.8299865722656,374.8900146484375,384.2799987792969,384.2799987792969,48065800
MSFT,2026-07-02,384.4800109863281,392.20001220703125,383.70001220703125,390.489990234375,390.489990234375,42128900
MSFT,2026-07-06,387.0400085449219,389.1499938964844,381.2200012207031,386.739990234375,386.739990234375,34224500
MSFT,2026-07-07,392.489990234375,395.57000732421875,388.2200012207031,388.8399963378906,388.8399963378906,29297500
MSFT,2026-07-08,384.0299987792969,385.30999755859375,381.3299865722656,383.3399963378906,383.3399963378906,25908300
MSFT,2026-07-09,374.45001220703125,384.6499938964844,373.3500061035156,384.3599853515625,384.3599853515625,31083200
MSFT,2026-07-10,387.79998779296875,391.9100036621094,381.5,385.1000061035156,385.1000061035156,24644600
MSFT,2026-07-13,387.75,393.6499938964844,384.1499938964844,390.989990234375,390.989990234375,28914900
MSFT,2026-07-14,382.82000732421875,388.19000244140625,378.6499938964844,384.92999267578125,384.92999267578125,27863900
MSFT,2026-07-15,387.79998779296875,398.9599914550781,386.3999938964844,395.6300048828125,395.6300048828125,36253700
MSFT,2026-07-16,398.30999755859375,405.989990234375,392.04998779296875,401.1000061035156,401.1000061035156,37047400
MSFT,2026-07-17,394.8599853515625,398.3900146484375,389.3900146484375,393.82000732421875,393.82000732421875,33049800
MSFT,2026-07-20,391.4100036621094,403.17999267578125,389.6499938964844,402.2900085449219,402.2900085449219,27915800
MSFT,2026-07-21,398.80999755859375,401.4700012207031,396.32000732421875,397.75,397.75,24126600
MSFT,2026-07-22,399.5799865722656,401.0,386.9599914550781,390.3399963378906,390.3399963378906,28142500
MSFT,2026-07-23,389.9700012207031,391.7799987792969,377.3900146484375,381.5799865722656,381.5799865722656,30351800
MSFT,2026-07-24,387.04998779296875,389.0299987792969,380.6499938964844,381.70001220703125,381.70001220703125,27659400
MSFT,2026-07-27,390.0799865722656,394.20001220703125,387.989990234375,389.1000061035156,389.1000061035156,27856200
MSFT,2026-07-28,393.1600036621094,400.32000732421875,391.29998779296875,393.3500061035156,393.3500061035156,32367500
MSFT,2026-07-29,393.3999938964844,401.25,388.739990234375,390.5400085449219,390.5400085449219,47209000
MSFT,2026-07-30,437.8999938964844,458.69000244140625,432.44000244140625,451.1000061035156,451.1000061035156,110160700
MSFT,2026-07-31,450.0,466.8399963378906,449.3299865722656,464.7200012207031,464.7200012207031,60846000
MSFT,2026-08-03,476.1300048828125,491.6499938964844,475.0,487.6499938964844,487.6499938964844,66762100
MSFT,2026-08-04,480.8999938964844,499.44000244140625,479.1700134277344,492.80999755859375,492.80999755859375,50455500
MSFT,2026-08-05,496.3599853515625,498.239990234375,485.67999267578125,487.4599914550781,487.4599914550781,33388900
MSFT,2026-08-06,488.54998779296875,501.55999755859375,488.5199890136719,499.8599853515625,499.8599853515625,36441500
MSFT,2026-08-07,499.2099914550781,505.17999267578125,498.7300109863281,499.989990234375,499.989990234375,28846200
MSFT,2026-08-10,503.44000244140625,513.72998046875,502.2699890136719,506.05999755859375,506.05999755859375,31206100
MSFT,2026-08-11,504.3299865722656,505.3299865722656,499.54998779296875,503.80999755859375,503.80999755859375,23049800
MSFT,2026-08-12,499.989990234375,501.5,491.5199890136719,492.42999267578125,492.42999267578125,29001500
MSFT,2026-08-13,493.2699890136719,501.3399963378906,493.010009765625,496.8800048828125,496.8800048828125,23039000
MSFT,2026-08-14,496.3599853515625,500.010009765625,493.9200134277344,495.3999938964844,495.3999938964844,16205200
NVDA,2019-10-01,4.375,4.525000095367432,4.345250129699707,4.349999904632568,4.3221917152404785,366008000
NVDA,2019-10-02,4.328000068664551,4.340000152587891,4.2532501220703125,4.326000213623047,4.298343658447266,293372000
NVDA,2019-10-03,4.33050012588501,4.539000034332275,4.300000190734863,4.532750129699707,4.503773212432861,450588000
NVDA,2019-10-04,4.534999847412109,4.578750133514404,4.4695000648498535,4.54925012588501,4.520167827606201,265524000
NVDA,2019-10-07,4.614500045776367,4.708499908447266,4.60575008392334,4.608250141143799,4.578790187835693,480984000
NVDA,2019-10-08,4.515999794006348,4.515999794006348,4.412499904632568,4.430749893188477,4.4024248123168945,444436000
NVDA,2019-10-09,4.507999897003174,4.567500114440918,4.479000091552734,4.517749786376953,4.488867282867432,292412000
NVDA,2019-10-10,4.515500068664551,4.626999855041504,4.510250091552734,4.57574987411499,4.546497821807861,309124000
NVDA,2019-10-11,4.660250186920166,4.733500003814697,4.641250133514404,4.649750232696533,4.620023727416992,446404000
NVDA,2019-10-14,4.640999794006348,4.6842498779296875,4.609749794006348,4.663249969482422,4.633436679840088,200040000
NVDA,2019-10-15,4.754000186920166,4.982250213623047,4.739999771118164,4.909249782562256,4.877865791320801,664124000
NVDA,2019-10-16,4.875,4.980500221252441,4.84375,4.855249881744385,4.824211120605469,428944000
NVDA,2019-10-17,4.900000095367432,4.945250034332275,4.802499771118164,4.857250213623047,4.826198577880859,263436000
NVDA,2019-10-18,4.857749938964844,4.890500068664551,4.6875,4.762249946594238,4.731805324554443,307440000
NVDA,2019-10-21,4.823999881744385,4.913750171661377,4.804999828338623,4.90024995803833,4.868922233581543,261868000
NVDA,2019-10-22,4.957499980926514,5.0632500648498535,4.882500171661377,4.890250205993652,4.858986854553223,328720000
NVDA,2019-10-23,4.807750225067139,4.891499996185303,4.775750160217285,4.8772501945495605,4.846068859100342,279916000
NVDA,2019-10-24,4.918749809265137,4.955249786376953,4.884500026702881,4.921500205993652,4.890038013458252,232020000
NVDA,2019-10-25,5.002500057220459,5.134500026702881,4.994750022888184,5.113500118255615,5.080809593200684,423092000
NVDA,2019-10-28,5.15749979019165,5.222499847412109,5.127999782562256,5.169750213623047,5.136700630187988,330792000
NVDA,2019-10-29,5.155749797821045,5.16225004196167,5.053500175476074,5.072999954223633,5.040568828582764,211236000
NVDA,2019-10-30,5.099999904632568,5.10575008392334,5.006499767303467,5.074999809265137,5.042553901672363,205960000
NVDA,2019-10-31,5.053999900817871,5.074999809265137,4.945250034332275,5.0254998207092285,4.993373394012451,209732000
NVDA,2019-11-01,4.989999771118164,5.097249984741211,4.964749813079834,5.0647501945495605,5.032371520996094,283640000
NVDA,2019-11-04,5.146249771118164,5.275000095367432,5.123000144958496,5.262499809265137,5.228857517242432,376716000
NVDA,2019-11-05,5.262249946594238,5.28849983215332,5.191999912261963,5.240250110626221,5.206750392913818,300868000
NVDA,2019-11-06,5.216000080108643,5.2417497634887695,5.102749824523926,5.1907501220703125,5.157565116882324,269012000
NVDA,2019-11-07,5.277750015258789,5.292500019073486,5.16349983215332,5.208499908447266,5.175201416015625,280340000
NVDA,2019-11-08,5.191500186920166,5.226250171661377,5.153749942779541,5.194499969482422,5.161293983459473,189100000
NVDA,2019-11-11,5.193749904632568,5.227749824523926,5.10699987411499,5.204500198364258,5.171227931976318,243436000
NVDA,2019-11-12,5.243000030517578,5.296500205993652,5.207749843597412,5.240250110626221,5.206750392913818,283504000
NVDA,2019-11-13,5.208749771118164,5.236499786376953,5.147500038146973,5.214250087738037,5.180915832519531,300188000
NVDA,2019-11-14,5.223249912261963,5.247000217437744,5.163000106811523,5.244750022888184,5.211221218109131,518080000
NVDA,2019-11-15,5.242499828338623,5.29449987411499,5.015999794006348,5.104750156402588,5.072116374969482,1053628000
NVDA,2019-11-18,5.097249984741211,5.333749771118164,5.094250202178955,5.307000160217285,5.273072242736816,574588000
NVDA,2019-11-19,5.275750160217285,5.299499988555908,5.141250133514404,5.199749946594238,5.166508197784424,414564000
NVDA,2019-11-20,5.176750183105469,5.363749980926514,5.164000034332275,5.2795000076293945,5.245747089385986,472588000
NVDA,2019-11-21,5.275000095367432,5.330999851226807,5.232749938964844,5.254499912261963,5.220908164978027,288388000
NVDA,2019-11-22,5.277249813079834,5.323999881744385,5.248499870300293,5.272250175476074,5.2385454177856445,224100000
NVDA,2019-11-25,5.401000022888184,5.535250186920166,5.388000011444092,5.530250072479248,5.4948954582214355,506476000
NVDA,2019-11-26,5.512499809265137,5.517250061035156,5.418499946594238,5.425000190734863,5.390316963195801,385244000
NVDA,2019-11-27,5.466750144958496,5.50124979019165,5.429500102996826,5.455999851226807,5.4251203536987305,215784000
NVDA,2019-11-29,5.425000190734863,5.453499794006348,5.394499778747559,5.418499946594238,5.387832164764404,141556000
NVDA,2019-12-02,5.411499977111816,5.425000190734863,5.216000080108643,5.231249809265137,5.201641082763672,372036000
NVDA,2019-12-03,5.046750068664551,5.195499897003174,5.009250164031982,5.191500186920166,5.162116527557373,465232000
NVDA,2019-12-04,5.2754998207092285,5.297999858856201,5.20674991607666,5.235499858856201,5.205868244171143,273424000
NVDA,2019-12-05,5.257500171661377,5.273250102996826,5.187749862670898,5.218500137329102,5.188965797424316,184884000
NVDA,2019-12-06,5.288000106811523,5.337250232696533,5.2779998779296875,5.3042497634887695,5.274228572845459,232236000
NVDA,2019-12-09,5.28125,5.359250068664551,5.272500038146973,5.3042497634887695,5.274228572845459,211880000
NVDA,2019-12-10,5.334499835968018,5.401500225067139,5.281499862670898,5.3495001792907715,5.3192219734191895,256388000
NVDA,2019-12-11,5.360000133514404,5.439000129699707,5.357500076293945,5.433499813079834,5.402746200561523,233796000
NVDA,2019-12-12,5.4045000076293945,5.619999885559082,5.395500183105469,5.601749897003174,5.5700459480285645,404348000
NVDA,2019-12-13,5.604750156402588,5.7245001792907715,5.545499801635742,5.59975004196167,5.568056583404541,454704000
NVDA,2019-12-16,5.647500038146973,5.701499938964844,5.6192498207092285,5.628749847412109,5.596891403198242,320976000
NVDA,2019-12-17,5.647500038146973,5.730000019073486,5.638000011444092,5.707250118255615,5.6749467849731445,321196000
NVDA,2019-12-18,5.742249965667725,5.798500061035156,5.733749866485596,5.737750053405762,5.705275058746338,343548000
NVDA,2019-12-19,5.772500038146973,5.900000095367432,5.767499923706055,5.886499881744385,5.853183746337891,445360000
NVDA,2019-12-20,5.953249931335449,6.009749889373779,5.934000015258789,5.984250068664551,5.950380325317383,603044000
NVDA,2019-12-23,6.013000011444092,6.045249938964844,5.959750175476074,5.9704999923706055,5.936707496643066,355060000
NVDA,2019-12-24,5.954999923706055,5.982749938964844,5.920499801635742,5.9654998779296875,5.931735992431641,138864000
NVDA,2019-12-26,5.968999862670898,6.007999897003174,5.949999809265137,5.979750156402588,5.945906162261963,182852000
NVDA,2019-12-27,5.994999885559082,6.008500099182129,5.895249843597412,5.921750068664551,5.8882341384887695,254644000
NVDA,2019-12-30,5.899750232696533,5.90500020980835,5.776500225067139,5.808000087738037,5.77512788772583,258056000
NVDA,2019-12-31,5.772500038146973,5.892000198364258,5.7532501220703125,5.882500171661377,5.849205493927002,231004000
NVDA,2020-01-02,5.96875,5.9977498054504395,5.918000221252441,5.9977498054504395,5.963802814483643,237536000
NVDA,2020-01-03,5.877500057220459,5.9457502365112305,5.852499961853027,5.901750087738037,5.86834716796875,205384000
NVDA,2020-01-06,5.808000087738037,5.9317498207092285,5.781750202178955,5.926499843597412,5.8929572105407715,262636000
NVDA,2020-01-07,5.954999923706055,6.044250011444092,5.909749984741211,5.9982500076293945,5.964300155639648,314856000
NVDA,2020-01-08,5.99399995803833,6.051000118255615,5.953750133514404,6.009500026702881,5.975486755371094,277108000
NVDA,2020-01-09,6.096250057220459,6.148250102996826,6.021500110626221,6.075500011444092,6.04111385345459,255112000
NVDA,2020-01-10,6.1832499504089355,6.213749885559082,6.09375,6.107999801635742,6.073428630828857,316296000
NVDA,2020-01-13,6.191500186920166,6.324749946594238,6.168749809265137,6.299499988555908,6.263845443725586,319840000
NVDA,2020-01-14,6.256499767303467,6.2820000648498535,6.168749809265137,6.182000160217285,6.147010803222656,359088000
NVDA,2020-01-15,6.19474983215332,6.217249870300293,6.113249778747559,6.139249801635742,6.104503631591797,263104000
NVDA,2020-01-16,6.192999839782715,6.229249954223633,6.16949987411499,6.223249912261963,6.1880269050598145,284192000
NVDA,2020-01-17,6.242499828338623,6.25,6.1842498779296875,6.23199987411499,6.196727752685547,253792000
NVDA,2020-01-21,6.195250034332275,6.232250213623047,6.164249897003174,6.198500156402588,6.163418292999268,217916000
NVDA,2020-01-22,6.24399995803833,6.339749813079834,6.224999904632568,6.252749919891357,6.2173614501953125,239240000
NVDA,2020-01-23,6.293000221252441,6.329999923706055,6.203750133514404,6.321499824523926,6.285721302032471,244516000
NVDA,2020-01-24,6.4375,6.487500190734863,6.207499980926514,6.26200008392334,6.226558685302734,373512000
NVDA,2020-01-27,5.955999851226807,6.056250095367432,5.805749893188477,6.005000114440918,5.971014022827148,470536000
NVDA,2020-01-28,6.071249961853027,6.231750011444092,6.017749786376953,6.199250221252441,6.164163112640381,310976000
NVDA,2020-01-29,6.184750080108643,6.2210001945495605,6.098499774932861,6.138500213623047,6.103757381439209,258848000
NVDA,2020-01-30,6.040249824523926,6.158750057220459,5.985000133514404,6.145249843597412,6.110469341278076,290504000
NVDA,2020-01-31,6.099249839782715,6.111249923706055,5.868750095367432,5.910749912261963,5.877295970916748,370420000
NVDA,2020-02-03,5.892499923706055,6.027750015258789,5.886250019073486,6.0082502365112305,5.974246025085449,255564000
NVDA,2020-02-04,6.150750160217285,6.197500228881836,6.100500106811523,6.178249835968018,6.14328145980835,271544000
NVDA,2020-02-05,6.299749851226807,6.309999942779541,6.1852498054504395,6.269000053405762,6.233519554138184,208220000
NVDA,2020-02-06,6.303500175476074,6.356249809265137,6.2220001220703125,6.356249809265137,6.320274353027344,218284000
NVDA,2020-02-07,6.315999984741211,6.338250160217285,6.264249801635742,6.289750099182129,6.254151344299316,189752000
NVDA,2020-02-10,6.3125,6.574999809265137,6.307499885559082,6.574250221252441,6.537040710449219,529608000
NVDA,2020-02-11,6.683000087738037,6.8125,6.6207499504089355,6.697249889373779,6.659343719482422,638556000
NVDA,2020-02-12,6.750249862670898,6.820000171661377,6.711249828338623,6.813499927520752,6.774936676025391,374644000
NVDA,2020-02-13,6.755249977111816,6.836999893188477,6.727749824523926,6.769499778747559,6.7311859130859375,528016000
NVDA,2020-02-14,7.18149995803833,7.3742499351501465,7.150000095367432,7.244750022888184,7.203744888305664,1041924000
NVDA,2020-02-18,7.140999794006348,7.432750225067139,7.121500015258789,7.414249897003174,7.37228536605835,620164000
NVDA,2020-02-19,7.53725004196167,7.885250091552734,7.53725004196167,7.867499828338623,7.822969913482666,694332000
NVDA,2020-02-20,7.819250106811523,7.9079999923706055,7.408750057220459,7.71750020980835,7.673820972442627,810052000
NVDA,2020-02-21,7.604750156402588,7.630000114440918,7.266499996185303,7.351749897003174,7.310141086578369,768180000
NVDA,2020-02-24,6.754749774932861,7.046750068664551,6.699999809265137,6.831999778747559,6.793332099914551,856916000
NVDA,2020-02-25,6.90749979019165,6.969749927520752,6.448999881744385,6.551249980926514,6.514172077178955,1055496000
NVDA,2020-02-26,6.551499843597412,6.886250019073486,6.550000190734863,6.691249847412109,6.653378963470459,747732000
NVDA,2020-02-27,6.372499942779541,6.675000190734863,6.222249984741211,6.315000057220459,6.283014297485352,906416000
NVDA,2020-02-28,6.061500072479248,6.811500072479248,6.044750213623047,6.7517499923706055,6.7175517082214355,1133252000
NVDA,2020-03-02,6.922500133514404,6.9397501945495605,6.525000095367432,6.910749912261963,6.875746726989746,890744000
NVDA,2020-03-03,6.966750144958496,7.026750087738037,6.561500072479248,6.647250175476074,6.613582134246826,652792000
NVDA,2020-03-04,6.755000114440918,7.122250080108643,6.679999828338623,7.112750053405762,7.076723575592041,597408000
NVDA,2020-03-05,6.912499904632568,7.079999923706055,6.787499904632568,6.832250118255615,6.797644138336182,540328000
NVDA,2020-03-06,6.6519999504089355,6.709750175476074,6.449999809265137,6.651000022888184,6.617311477661133,515412000
NVDA,2020-03-09,5.997499942779541,6.485000133514404,5.954500198364258,6.136000156402588,6.104920864105225,614160000
NVDA,2020-03-10,6.41349983215332,6.5269999504089355,6.149750232696533,6.5269999504089355,6.493939399719238,580648000
NVDA,2020-03-11,6.386499881744385,6.414999961853027,6.0642499923706055,6.161749839782715,6.130539894104004,499964000
NVDA,2020-03-12,5.636499881744385,5.9029998779296875,5.394999980926514,5.407750129699707,5.380359649658203,816540000
NVDA,2020-03-13,5.762499809265137,6.0254998207092285,5.490250110626221,6.020999908447266,5.990503311157227,634836000
NVDA,2020-03-16,5.3102498054504395,5.652500152587891,4.849999904632568,4.909999847412109,4.885130882263184,726972000
NVDA,2020-03-17,5.022749900817871,5.521500110626221,4.775000095367432,5.4317498207092285,5.404236793518066,833632000
NVDA,2020-03-18,5.002500057220459,5.248499870300293,4.517000198364258,5.070499897003174,5.04481840133667,874268000
NVDA,2020-03-19,5.048999786376953,5.41825008392334,4.834750175476074,5.324250221252441,5.2972822189331055,765512000
NVDA,2020-03-20,5.474999904632568,5.757999897003174,5.1282501220703125,5.143750190734863,5.1176958084106445,804636000
NVDA,2020-03-23,5.142749786376953,5.4120001792907715,4.9629998207092285,5.317249774932861,5.290316581726074,643876000
NVDA,2020-03-24,5.724999904632568,6.316500186920166,5.701250076293945,6.229499816894531,6.197945594787598,1101644000
NVDA,2020-03-25,6.34499979019165,6.545499801635742,6.0914998054504395,6.140500068664551,6.109398365020752,793432000
NVDA,2020-03-26,6.348499774932861,6.555500030517578,6.25,6.431000232696533,6.398425579071045,696108000
NVDA,2020-03-27,6.25,6.578000068664551,6.2170000076293945,6.3182501792907715,6.286247253417969,638828000
NVDA,2020-03-30,6.383999824523926,6.64900016784668,6.339749813079834,6.639750003814697,6.606119632720947,602252000
NVDA,2020-03-31,6.679999828338623,6.885000228881836,6.443749904632568,6.590000152587891,6.556621551513672,949960000
NVDA,2020-04-01,6.391250133514404,6.538249969482422,6.0320000648498535,6.076749801635742,6.045969486236572,656912000
NVDA,2020-04-02,6.105999946594238,6.400000095367432,6.057750225067139,6.386750221252441,6.354399681091309,675764000
NVDA,2020-04-03,6.348999977111816,6.390749931335449,5.959750175476074,6.097750186920166,6.06686544418335,663212000
NVDA,2020-04-06,6.38100004196167,6.747000217437744,6.323249816894531,6.710000038146973,6.6760125160217285,727884000
NVDA,2020-04-07,6.932499885559082,6.956250190734863,6.432499885559082,6.475749969482422,6.4429497718811035,784520000
NVDA,2020-04-08,6.585249900817871,6.698750019073486,6.514999866485596,6.673749923706055,6.639946937561035,542444000
NVDA,2020-04-09,6.800000190734863,6.822999954223633,6.510499954223633,6.573750019073486,6.540453910827637,525564000
NVDA,2020-04-13,6.513750076293945,6.755000114440918,6.425000190734863,6.746250152587891,6.7120795249938965,398408000
NVDA,2020-04-14,6.875,7.132999897003174,6.847249984741211,7.098750114440918,7.062793254852295,530948000
NVDA,2020-04-15,6.929999828338623,7.104249954223633,6.884500026702881,7.020999908447266,6.985437870025635,366148000
NVDA,2020-04-16,7.177000045776367,7.474999904632568,7.163750171661377,7.367499828338623,7.330183029174805,745620000
NVDA,2020-04-17,7.449999809265137,7.471499919891357,7.173500061035156,7.308000087738037,7.2709856033325195,539120000
NVDA,2020-04-20,7.181000232696533,7.337500095367432,7.131750106811523,7.176249980926514,7.139902114868164,449388000
NVDA,2020-04-21,7.057750225067139,7.1192498207092285,6.677750110626221,6.737750053405762,6.703622341156006,735160000
NVDA,2020-04-22,6.930749893188477,7.196750164031982,6.885000228881836,7.153749942779541,7.117514610290527,483356000
NVDA,2020-04-23,7.196000099182129,7.328499794006348,7.074999809265137,7.100249767303467,7.064286708831787,424160000
NVDA,2020-04-24,7.090000152587891,7.2417497634887695,7.014999866485596,7.239749908447266,7.203080177307129,352328000
NVDA,2020-04-27,7.374750137329102,7.587500095367432,7.349999904632568,7.427000045776367,7.389381408691406,479388000
NVDA,2020-04-28,7.574999809265137,7.605000019073486,7.278500080108643,7.283999919891357,7.247105598449707,442904000
NVDA,2020-04-29,7.419250011444092,7.514500141143799,7.34375,7.46150016784668,7.423707485198975,379160000
NVDA,2020-04-30,7.407249927520752,7.46150016784668,7.293000221252441,7.307000160217285,7.269989967346191,375916000
NVDA,2020-05-01,7.108749866485596,7.222499847412109,7.020999908447266,7.069499969482422,7.03369140625,342096000
NVDA,2020-05-04,7.021999835968018,7.296000003814697,7.021999835968018,7.282249927520752,7.245364665985107,317556000
NVDA,2020-05-05,7.386750221252441,7.506750106811523,7.282249927520752,7.343500137329102,7.306304454803467,368896000
NVDA,2020-05-06,7.423250198364258,7.550000190734863,7.385250091552734,7.44474983215332,7.407041549682617,323464000
NVDA,2020-05-07,7.584499835968018,7.6852498054504395,7.5329999923706055,7.6217498779296875,7.583144664764404,373732000
NVDA,2020-05-08,7.693749904632568,7.818749904632568,7.659749984741211,7.8125,7.772930145263672,339216000
NVDA,2020-05-11,7.807499885559082,8.112500190734863,7.778749942779541,8.065500259399414,8.02464771270752,469060000
NVDA,2020-05-12,8.123499870300293,8.172499656677246,7.792749881744385,7.802499771118164,7.7629780769348145,493060000
NVDA,2020-05-13,7.917500019073486,8.078499794006348,7.594749927520752,7.78000020980835,7.740593433380127,625852000
NVDA,2020-05-14,7.841750144958496,8.03600025177002,7.6875,8.030500411987305,7.98982572555542,602312000
NVDA,2020-05-15,7.889750003814697,8.500499725341797,7.874000072479248,8.490750312805176,8.447744369506836,987660000
NVDA,2020-05-18,8.760499954223633,8.916500091552734,8.680500030517578,8.750249862670898,8.70592975616455,774460000
NVDA,2020-05-19,8.790249824523926,9.087499618530273,8.762749671936035,8.805500030517578,8.76089859008789,717320000
NVDA,2020-05-20,8.991000175476074,9.043000221252441,8.888750076293945,8.970000267028809,8.924564361572266,587536000
NVDA,2020-05-21,9.05150032043457,9.052499771118164,8.737500190734863,8.775250434875488,8.730801582336426,761068000
NVDA,2020-05-22,8.825249671936035,9.093000411987305,8.713250160217285,9.026249885559082,8.980527877807617,1038764000
NVDA,2020-05-26,9.156749725341797,9.181750297546387,8.67199993133545,8.71774959564209,8.67359447479248,770780000
NVDA,2020-05-27,8.625,8.632749557495117,7.9967498779296875,8.525250434875488,8.482070922851562,1175892000
NVDA,2020-05-28,8.412249565124512,8.760499954223633,8.379249572753906,8.487000465393066,8.444011688232422,734896000
NVDA,2020-05-29,8.554499626159668,8.875499725341797,8.484999656677246,8.875499725341797,8.830543518066406,745256000
NVDA,2020-06-01,8.833250045776367,8.840749740600586,8.689499855041504,8.806249618530273,8.761645317077637,389876000
NVDA,2020-06-02,8.796250343322754,8.837249755859375,8.657999992370605,8.825249671936035,8.780549049377441,391320000
NVDA,2020-06-03,8.822250366210938,8.866250038146973,8.699999809265137,8.769499778747559,8.725081443786621,365440000
NVDA,2020-06-04,8.727999687194824,8.943249702453613,8.677499771118164,8.766500473022461,8.726078033447266,424280000
NVDA,2020-06-05,8.794500350952148,8.996999740600586,8.708000183105469,8.920000076293945,8.87887191772461,481748000
NVDA,2020-06-08,8.877249717712402,8.889749526977539,8.685750007629395,8.805000305175781,8.764397621154785,387736000
NVDA,2020-06-09,8.800000190734863,9.109749794006348,8.751250267028809,9.045999526977539,9.004289627075195,468488000
NVDA,2020-06-10,9.167750358581543,9.5,9.153499603271484,9.36674976348877,9.32355785369873,632180000
NVDA,2020-06-11,9.149999618530273,9.261249542236328,8.78600025177002,8.796250343322754,8.755690574645996,583652000
NVDA,2020-06-12,9.162500381469727,9.187250137329102,8.70324993133545,8.932499885559082,8.891310691833496,570908000
NVDA,2020-06-15,8.815250396728516,9.182250022888184,8.743749618530273,9.173749923706055,9.131447792053223,400004000
NVDA,2020-06-16,9.225000381469727,9.26675033569336,8.838749885559082,9.068499565124512,9.026684761047363,535716000
NVDA,2020-06-17,9.113750457763672,9.298999786376953,9.070249557495117,9.236000061035156,9.193412780761719,408304000
NVDA,2020-06-18,9.22700023651123,9.282500267028809,9.114500045776367,9.218000411987305,9.175496101379395,254408000
NVDA,2020-06-19,9.242500305175781,9.444999694824219,9.227250099182129,9.261249542236328,9.218546867370605,524160000
NVDA,2020-06-22,9.300000190734863,9.53125,9.273249626159668,9.526749610900879,9.482821464538574,398468000
NVDA,2020-06-23,9.550999641418457,9.642499923706055,9.407500267028809,9.449999809265137,9.406423568725586,375108000
NVDA,2020-06-24,9.476249694824219,9.556500434875488,9.144499778747559,9.23550033569336,9.192913055419922,449372000
NVDA,2020-06-25,9.35575008392334,9.505000114440918,9.182250022888184,9.489999771118164,9.446242332458496,376072000
NVDA,2020-06-26,9.5,9.5,9.125,9.154999732971191,9.112785339355469,592084000
NVDA,2020-06-29,9.169750213623047,9.204500198364258,8.899999618530273,9.199999809265137,9.157578468322754,342248000
NVDA,2020-06-30,9.314000129699707,9.526249885559082,9.266500473022461,9.497750282287598,9.453956604003906,367892000
NVDA,2020-07-01,9.520750045776367,9.575750350952148,9.413000106811523,9.529999732971191,9.486055374145508,326648000
NVDA,2020-07-02,9.638999938964844,9.737500190734863,9.57824993133545,9.612250328063965,9.567928314208984,364056000
NVDA,2020-07-06,9.74174976348877,9.9087495803833,9.712499618530273,9.839249610900879,9.793879508972168,315892000
NVDA,2020-07-07,9.946249961853027,10.069999694824219,9.850749969482422,9.871749877929688,9.826229095458984,357800000
NVDA,2020-07-08,9.993749618530273,10.225000381469727,9.965499877929688,10.215999603271484,10.16889476776123,365480000
NVDA,2020-07-09,10.380249977111816,10.569999694824219,10.233499526977539,10.508999824523926,10.460542678833008,494548000
NVDA,2020-07-10,10.588749885559082,10.65524959564209,10.37874984741211,10.479249954223633,10.430929183959961,497676000
NVDA,2020-07-13,10.595000267028809,10.79224967956543,10.024999618530273,10.052249908447266,10.005901336669922,457076000
NVDA,2020-07-14,10.074999809265137,10.402750015258789,9.785499572753906,10.376999855041504,10.32915210723877,542676000
NVDA,2020-07-15,10.414250373840332,10.432999610900879,10.055749893188477,10.227250099182129,10.180089950561523,403984000
NVDA,2020-07-16,10.015000343322754,10.20674991607666,9.895500183105469,10.134750366210938,10.088020324707031,344964000
NVDA,2020-07-17,10.225500106811523,10.248499870300293,10.087750434875488,10.201499938964844,10.154459953308105,266284000
NVDA,2020-07-20,10.274250030517578,10.53125,10.156749725341797,10.510749816894531,10.462285041809082,284852000
NVDA,2020-07-21,10.512999534606934,10.5600004196167,10.286749839782715,10.328499794006348,10.280874252319336,277036000
NVDA,2020-07-22,10.367500305175781,10.602499961853027,10.291500091552734,10.438750267028809,10.390615463256836,367292000
NVDA,2020-07-23,10.449999809265137,10.54699993133545,10.03125,10.12975025177002,10.083041191101074,411660000
NVDA,2020-07-24,9.875,10.364749908447266,9.777000427246094,10.194499969482422,10.147493362426758,473292000
NVDA,2020-07-27,10.232250213623047,10.441749572753906,10.21774959564209,10.421500205993652,10.373446464538574,292132000
NVDA,2020-07-28,10.374250411987305,10.381999969482422,10.209250450134277,10.215499877929688,10.168397903442383,271636000
NVDA,2020-07-29,10.39074993133545,10.516249656677246,10.347000122070312,10.465499877929688,10.417243003845215,284508000
NVDA,2020-07-30,10.375,10.623000144958496,10.295249938964844,10.61400032043457,10.565056800842285,308880000
NVDA,2020-07-31,10.563249588012695,10.766500473022461,10.432999610900879,10.614749908447266,10.565803527832031,386080000
NVDA,2020-08-03,10.732500076293945,11.098750114440918,10.715250015258789,11.010250091552734,10.959482192993164,412720000
NVDA,2020-08-04,11.050000190734863,11.227749824523926,10.906000137329102,11.227749824523926,11.175976753234863,310336000
NVDA,2020-08-05,11.244000434875488,11.371749877929688,11.166250228881836,11.286749839782715,11.23470687866211,249924000
NVDA,2020-08-06,11.349749565124512,11.357999801635742,11.178750038146973,11.33549976348877,11.283232688903809,244316000
NVDA,2020-08-07,11.3125,11.50475025177002,11.037500381469727,11.19950008392334,11.147858619689941,342516000
NVDA,2020-08-10,11.334250450134277,11.408249855041504,10.856499671936035,11.164999961853027,11.113518714904785,427796000
NVDA,2020-08-11,11.073749542236328,11.136750221252441,10.79574966430664,10.850000381469727,10.799967765808105,354512000
NVDA,2020-08-12,10.990750312805176,11.467000007629395,10.958250045776367,11.440250396728516,11.38749885559082,464412000
NVDA,2020-08-13,11.545999526977539,11.721750259399414,11.35575008392334,11.442999839782715,11.390238761901855,374460000
NVDA,2020-08-14,11.529999732971191,11.704750061035156,11.440500259399414,11.564000129699707,11.510679244995117,366436000
NVDA,2020-08-17,11.851249694824219,12.409749984741211,11.81725025177002,12.336999893188477,12.280112266540527,621300000
NVDA,2020-08-18,12.449999809265137,12.496000289916992,12.086250305175781,12.260749816894531,12.204216957092285,503448000
NVDA,2020-08-19,12.296500205993652,12.3149995803833,12.097999572753906,12.138500213623047,12.08253002166748,622624000
NVDA,2020-08-20,11.975000381469727,12.375,11.87874984741211,12.140999794006348,12.085018157958984,921388000
NVDA,2020-08-21,12.201749801635742,12.80875015258789,12.195249557495117,12.683500289916992,12.625017166137695,999868000
NVDA,2020-08-24,12.883749961853027,12.912500381469727,12.507499694824219,12.720250129699707,12.661595344543457,490564000
NVDA,2020-08-25,12.630749702453613,12.761249542236328,12.573749542236328,12.75,12.69120979309082,289076000
NVDA,2020-08-26,12.799249649047852,12.868499755859375,12.677749633789062,12.77299976348877,12.714103698730469,321244000
NVDA,2020-08-27,12.781499862670898,12.850000381469727,12.566499710083008,12.628250122070312,12.57002067565918,317604000
NVDA,2020-08-28,12.675000190734863,13.14799976348877,12.642499923706055,13.147749900817871,13.087125778198242,537160000
NVDA,2020-08-31,13.18274974822998,13.574999809265137,13.037750244140625,13.374500274658203,13.31282901763916,500840000
NVDA,2020-09-01,13.479999542236328,13.993749618530273,13.43649959564209,13.821000099182129,13.761385917663574,511316000
NVDA,2020-09-02,14.703749656677246,14.726750373840332,13.899999618530273,14.346500396728516,14.284621238708496,874012000
NVDA,2020-09-03,13.828749656677246,13.884499549865723,12.87874984741211,13.01550006866455,12.959360122680664,945128000
NVDA,2020-09-04,12.7837495803833,13.175000190734863,11.704750061035156,12.6225004196167,12.568056106567383,1463684000
NVDA,2020-09-08,11.73449993133545,12.550000190734863,11.70425033569336,11.913000106811523,11.861616134643555,795728000
NVDA,2020-09-09,12.399999618530273,12.809249877929688,12.231749534606934,12.71500015258789,12.660158157348633,736200000
NVDA,2020-09-10,12.989250183105469,13.065250396728516,12.166999816894531,12.311750411987305,12.258646965026855,698684000
NVDA,2020-09-11,12.48550033569336,12.65250015258789,11.895750045776367,12.16450023651123,12.112030982971191,636928000
NVDA,2020-09-14,13.081000328063965,13.3149995803833,12.631250381469727,12.872249603271484,12.816729545593262,1201744000
NVDA,2020-09-15,13.279999732971191,13.298749923706055,12.827750205993652,12.991000175476074,12.934965133666992,727556000
NVDA,2020-09-16,12.957249641418457,13.09274959564209,12.513750076293945,12.51449966430664,12.460519790649414,556384000
NVDA,2020-09-17,12.13224983215332,12.589750289916992,12.034749984741211,12.463500022888184,12.409741401672363,792512000
NVDA,2020-09-18,12.59375,12.632499694824219,11.988750457763672,12.189249992370605,12.136676788330078,698460000
NVDA,2020-09-21,11.925000190734863,12.522500038146973,11.904500007629395,12.517250061035156,12.463260650634766,721044000
NVDA,2020-09-22,12.574999809265137,12.64799976348877,12.155500411987305,12.637749671936035,12.583239555358887,646452000
NVDA,2020-09-23,12.575499534606934,12.72700023651123,12.07925033569336,12.123749732971191,12.071457862854004,647012000
NVDA,2020-09-24,12.072250366210938,12.569499969482422,12.013999938964844,12.347999572753906,12.294739723205566,731240000
NVDA,2020-09-25,12.447500228881836,12.883500099182129,12.245750427246094,12.873749732971191,12.818221092224121,588016000
NVDA,2020-09-28,13.040249824523926,13.051750183105469,12.75,13.03499984741211,12.978779792785645,573808000
NVDA,2020-09-29,12.9375,13.442749977111816,12.933250427246094,13.225749969482422,13.168704986572266,621460000
NVDA,2020-09-30,13.157500267028809,13.6225004196167,13.150250434875488,13.530500411987305,13.472138404846191,689184000
NVDA,2020-10-01,13.758000373840332,13.762749671936035,13.460749626159668,13.614500045776367,13.555776596069336,525004000
NVDA,2020-10-02,13.225000381469727,13.519499778747559,13.050999641418457,13.062250137329102,13.005908012390137,552496000
NVDA,2020-10-05,13.236000061035156,13.64424991607666,13.222749710083008,13.642499923706055,13.583657264709473,479820000
NVDA,2020-10-06,13.829999923706055,14.142000198364258,13.664999961853027,13.736499786376953,13.677250862121582,784420000
NVDA,2020-10-07,13.999750137329102,14.119250297546387,13.863499641418457,13.96399974822998,13.903770446777344,418084000
NVDA,2020-10-08,14.074999809265137,14.084500312805176,13.758000373840332,13.838749885559082,13.779059410095215,378900000
NVDA,2020-10-09,13.767000198364258,13.824250221252441,13.660750389099121,13.762749671936035,13.703386306762695,346892000
NVDA,2020-10-12,13.989500045776367,14.347000122070312,13.912500381469727,14.22599983215332,14.164639472961426,434744000
NVDA,2020-10-13,14.296500205993652,14.34850025177002,14.018750190734863,14.248250007629395,14.186792373657227,344604000
NVDA,2020-10-14,14.290499687194824,14.34274959564209,13.960000038146973,14.095250129699707,14.034454345703125,276100000
NVDA,2020-10-15,13.810750007629395,14.005749702453613,13.767749786376953,13.970000267028809,13.909744262695312,267224000
NVDA,2020-10-16,14.036749839782715,14.121500015258789,13.792499542236328,13.81149959564209,13.751925468444824,242392000
NVDA,2020-10-19,13.902999877929688,13.983499526977539,13.406749725341797,13.497750282287598,13.439530372619629,298068000
NVDA,2020-10-20,13.583499908447266,13.799750328063965,13.506999969482422,13.645500183105469,13.586644172668457,229212000
NVDA,2020-10-21,13.625,13.791500091552734,13.477499961853027,13.524749755859375,13.466414451599121,219596000
NVDA,2020-10-22,13.522500038146973,13.611749649047852,13.231749534606934,13.361000061035156,13.30337142944336,290480000
NVDA,2020-10-23,13.449999809265137,13.593250274658203,13.291250228881836,13.590250015258789,13.531632423400879,233484000
NVDA,2020-10-26,13.427000045776367,13.692749977111816,13.03849983215332,13.141249656677246,13.084568977355957,336896000
NVDA,2020-10-27,13.305999755859375,13.442000389099121,13.191499710083008,13.396750450134277,13.338966369628906,250520000
NVDA,2020-10-28,13.197999954223633,13.260000228881836,12.609000205993652,12.626999855041504,12.572537422180176,376520000
NVDA,2020-10-29,12.838500022888184,13.192749977111816,12.75,13.02400016784668,12.96782398223877,320080000
NVDA,2020-10-30,12.850000381469727,12.93649959564209,12.300000190734863,12.534000396728516,12.479937553405762,416820000
NVDA,2020-11-02,12.657750129699707,12.836750030517578,12.395000457763672,12.580750465393066,12.526487350463867,299652000
NVDA,2020-11-03,12.708499908447266,13.104999542236328,12.602749824523926,13.019499778747559,12.963343620300293,272900000
NVDA,2020-11-04,13.389249801635742,13.827500343322754,13.336999893188477,13.794249534606934,13.73475170135498,410228000
NVDA,2020-11-05,14.162500381469727,14.33899974822998,13.991000175476074,14.15999984741211,14.098923683166504,319028000
NVDA,2020-11-06,14.109749794006348,14.588749885559082,13.895000457763672,14.562000274658203,14.499192237854004,383348000
NVDA,2020-11-09,14.552499771118164,14.691499710083008,13.610750198364258,13.630749702453613,13.571956634521484,582976000
NVDA,2020-11-10,13.606499671936035,13.606499671936035,12.628250122070312,12.770000457763672,12.714921951293945,644068000
NVDA,2020-11-11,13.053750038146973,13.4350004196167,12.948249816894531,13.418000221252441,13.360125541687012,404744000
NVDA,2020-11-12,13.479000091552734,13.765999794006348,13.315999984741211,13.45674991607666,13.398707389831543,365812000
NVDA,2020-11-13,13.627249717712402,13.668749809265137,13.059249877929688,13.29699993133545,13.239645957946777,346312000
NVDA,2020-11-16,13.172499656677246,13.649499893188477,13.156000137329102,13.515250205993652,13.456954956054688,413776000
NVDA,2020-11-17,13.552499771118164,13.5962495803833,13.303750038146973,13.422249794006348,13.364357948303223,312028000
NVDA,2020-11-18,13.465250015258789,13.60575008392334,13.1850004196167,13.428750038146973,13.370828628540039,510924000
NVDA,2020-11-19,13.212750434875488,13.487500190734863,13.100000381469727,13.440250396728516,13.382279396057129,565936000
NVDA,2020-11-20,13.454000473022461,13.494500160217285,13.0649995803833,13.087750434875488,13.03130054473877,341088000
NVDA,2020-11-23,13.171250343322754,13.382499694824219,13.01550006866455,13.140000343322754,13.083325386047363,361356000
NVDA,2020-11-24,13.142499923706055,13.161999702453613,12.885000228881836,12.95775032043457,12.90185832977295,346500000
NVDA,2020-11-25,13.032500267028809,13.269499778747559,13.020000457763672,13.234749794006348,13.177664756774902,259916000
NVDA,2020-11-27,13.375,13.407500267028809,13.170499801635742,13.261249542236328,13.204048156738281,167276000
NVDA,2020-11-30,13.265000343322754,13.412500381469727,12.972249984741211,13.40149974822998,13.343696594238281,286952000
NVDA,2020-12-01,13.492250442504883,13.5287504196167,13.228249549865723,13.390000343322754,13.332247734069824,296948000
NVDA,2020-12-02,13.350500106811523,13.673500061035156,13.23425006866455,13.544500350952148,13.486080169677734,283360000
NVDA,2020-12-03,13.587499618530273,13.65999984741211,13.329000473022461,13.395999908447266,13.34216022491455,199520000
NVDA,2020-12-04,13.44849967956543,13.5600004196167,13.388750076293945,13.558250427246094,13.503759384155273,202244000
NVDA,2020-12-07,13.601249694824219,13.731249809265137,13.5,13.606749534606934,13.552063941955566,223244000
NVDA,2020-12-08,13.585000038146973,13.598750114440918,13.281499862670898,13.350000381469727,13.296344757080078,271920000
NVDA,2020-12-09,13.30049991607666,13.413999557495117,12.868249893188477,12.930749893188477,12.87878131866455,401300000
NVDA,2020-12-10,12.869000434875488,13.068750381469727,12.849499702453613,12.972249984741211,12.920113563537598,207764000
NVDA,2020-12-11,12.967249870300293,13.020000457763672,12.822999954223633,13.013250350952148,12.960949897766113,209264000
NVDA,2020-12-14,13.088000297546387,13.388750076293945,13.077500343322754,13.30875015258789,13.255260467529297,270156000
NVDA,2020-12-15,13.439749717712402,13.46399974822998,13.186750411987305,13.36050033569336,13.306801795959473,193016000
NVDA,2020-12-16,13.422499656677246,13.437250137329102,13.212499618530273,13.242500305175781,13.189276695251465,223116000
NVDA,2020-12-17,13.36674976348877,13.379500389099121,13.178500175476074,13.3412504196167,13.287630081176758,231384000
NVDA,2020-12-18,13.378999710083008,13.404999732971191,13.070500373840332,13.272000312805176,13.218660354614258,342064000
NVDA,2020-12-21,13.074749946594238,13.369999885559082,12.967499732971191,13.332249641418457,13.278665542602539,302332000
NVDA,2020-12-22,13.319250106811523,13.337249755859375,13.053999900817871,13.278249740600586,13.224883079528809,185580000
NVDA,2020-12-23,13.255999565124512,13.274999618530273,13.005000114440918,13.009249687194824,12.956962585449219,179144000
NVDA,2020-12-24,13.037249565124512,13.132499694824219,12.938750267028809,12.993749618530273,12.941527366638184,97884000
NVDA,2020-12-28,13.0625,13.0625,12.763250350952148,12.899999618530273,12.848151206970215,212564000
NVDA,2020-12-29,12.925000190734863,13.072500228881836,12.842249870300293,12.943249702453613,12.891228675842285,170372000
NVDA,2020-12-30,12.990249633789062,13.213749885559082,12.896750450134277,13.145750045776367,13.092917442321777,225396000
NVDA,2020-12-31,13.136500358581543,13.151000022888184,12.914999961853027,13.055000305175781,13.002528190612793,192424000
NVDA,2021-01-04,13.104249954223633,13.65250015258789,12.962499618530273,13.113499641418457,13.060794830322266,560640000
NVDA,2021-01-05,13.099749565124512,13.443499565124512,13.086999893188477,13.404749870300293,13.350875854492188,322760000
NVDA,2021-01-06,13.22249984741211,13.244999885559082,12.586000442504883,12.614500045776367,12.563801765441895,580424000
NVDA,2021-01-07,12.967499732971191,13.377750396728516,12.886500358581543,13.343999862670898,13.29036808013916,461480000
NVDA,2021-01-08,13.362500190734863,13.420999526977539,13.041999816894531,13.276749610900879,13.223387718200684,292528000
NVDA,2021-01-11,13.418749809265137,13.961000442504883,13.362500190734863,13.621500015258789,13.566756248474121,518344000
NVDA,2021-01-12,13.7524995803833,13.754500389099121,13.345000267028809,13.484749794006348,13.43055248260498,291476000
NVDA,2021-01-13,13.489999771118164,13.625,13.385000228881836,13.531749725341797,13.477365493774414,210028000
NVDA,2021-01-14,13.574999809265137,13.599749565124512,13.180500030517578,13.200249671936035,13.147198677062988,283120000
NVDA,2021-01-15,13.227999687194824,13.325249671936035,12.84850025177002,12.85949993133545,12.807818412780762,277780000
NVDA,2021-01-19,13.016249656677246,13.093999862670898,12.843999862670898,13.025250434875488,12.972901344299316,226188000
NVDA,2021-01-20,13.111749649047852,13.430500030517578,13.056750297546387,13.365750312805176,13.312033653259277,258572000
NVDA,2021-01-21,13.418499946594238,13.999250411987305,13.253000259399414,13.867500305175781,13.811766624450684,337780000
NVDA,2021-01-22,13.739999771118164,13.841750144958496,13.627249717712402,13.712499618530273,13.657387733459473,246820000
NVDA,2021-01-25,13.781749725341797,13.828499794006348,13.236499786376953,13.653249740600586,13.598376274108887,251112000
NVDA,2021-01-26,13.580499649047852,13.644749641418457,13.387499809265137,13.435250282287598,13.381255149841309,163980000
NVDA,2021-01-27,13.229999542236328,13.232749938964844,12.793749809265137,12.917750358581543,12.865832328796387,371272000
NVDA,2021-01-28,12.99625015258789,13.339750289916992,12.96049976348877,13.050999641418457,12.998547554016113,228316000
NVDA,2021-01-29,13.074999809265137,13.334750175476074,12.911499977111816,12.989749908447266,12.937541007995605,271552000
NVDA,2021-02-01,13.053250312805176,13.270750045776367,12.902750015258789,13.237000465393066,13.183799743652344,217204000
NVDA,2021-02-02,13.398750305175781,13.571999549865723,13.285499572753906,13.556750297546387,13.502264022827148,220440000
NVDA,2021-02-03,13.63599967956543,13.931750297546387,13.516500473022461,13.530500411987305,13.476122856140137,245408000
NVDA,2021-02-04,13.531000137329102,13.673500061035156,13.337750434875488,13.664250373840332,13.609331130981445,201340000
NVDA,2021-02-05,13.725000381469727,13.737250328063965,13.54574966430664,13.590999603271484,13.536375045776367,169152000
NVDA,2021-02-08,13.727250099182129,14.473750114440918,13.727250099182129,14.438750267028809,14.380719184875488,434624000
NVDA,2021-02-09,14.340749740600586,14.583250045776367,14.22249984741211,14.263250350952148,14.205925941467285,287560000
NVDA,2021-02-10,14.463250160217285,14.904999732971191,14.341500282287598,14.764249801635742,14.704910278320312,485352000
NVDA,2021-02-11,14.980250358581543,15.272250175476074,14.925000190734863,15.250749588012695,15.18945598602295,450828000
NVDA,2021-02-12,15.050000190734863,15.291250228881836,14.774999618530273,14.961250305175781,14.90112018585205,374756000
NVDA,2021-02-16,15.064249992370605,15.3725004196167,14.949999809265137,15.330249786376953,15.268638610839844,321960000
NVDA,2021-02-17,15.170999526977539,15.22350025177002,14.779999732971191,14.906000137329102,14.846089363098145,274756000
NVDA,2021-02-18,14.729000091552734,14.873250007629395,14.574999809265137,14.829000473022461,14.769402503967285,233868000
NVDA,2021-02-19,15.024499893188477,15.177000045776367,14.846750259399414,14.92650032043457,14.866509437561035,271724000
NVDA,2021-02-22,14.774749755859375,15.13325023651123,14.324999809265137,14.35575008392334,14.298051834106445,325884000
NVDA,2021-02-23,14.075249671936035,14.238750457763672,13.38949966430664,14.142000198364258,14.085161209106445,391780000
NVDA,2021-02-24,14.122750282287598,14.506750106811523,13.755999565124512,14.49899959564209,14.440726280212402,448320000
NVDA,2021-02-25,14.045499801635742,14.374750137329102,13.2162504196167,13.307499885559082,13.254016876220703,824436000
NVDA,2021-02-26,13.7524995803833,13.854499816894531,13.361000061035156,13.714500427246094,13.659379959106445,500932000
NVDA,2021-03-01,13.875,13.925000190734863,13.553250312805176,13.841750144958496,13.78611946105957,353184000
NVDA,2021-03-02,13.899999618530273,13.920499801635742,13.395999908447266,13.40625,13.352368354797363,264116000
NVDA,2021-03-03,13.426250457763672,13.451499938964844,12.798749923706055,12.804750442504883,12.753288269042969,377592000
NVDA,2021-03-04,12.800749778747559,12.975000381469727,12.083749771118164,12.37024974822998,12.32053279876709,573344000
NVDA,2021-03-05,12.550000190734863,12.550000190734863,11.67924976348877,12.46150016784668,12.411417007446289,542840000
NVDA,2021-03-08,12.449999809265137,12.4712495803833,11.566499710083008,11.593250274658203,11.546658515930176,543112000
NVDA,2021-03-09,12.130249977111816,12.61674976348877,12.059249877929688,12.52025032043457,12.474234580993652,521824000
NVDA,2021-03-10,12.840499877929688,12.979999542236328,12.457500457763672,12.468250274658203,12.42242431640625,384376000
NVDA,2021-03-11,12.949999809265137,13.046250343322754,12.73449993133545,12.993499755859375,12.945746421813965,299916000
NVDA,2021-03-12,12.648249626159668,12.888750076293945,12.59000015258789,12.855999946594238,12.808751106262207,243964000
NVDA,2021-03-15,12.864749908447266,13.20674991607666,12.767250061035156,13.19124984741211,13.142768859863281,221988000
NVDA,2021-03-16,13.356499671936035,13.512499809265137,13.11674976348877,13.291250228881836,13.242402076721191,272128000
NVDA,2021-03-17,13.039750099182129,13.45324993133545,12.989500045776367,13.3412504196167,13.292215347290039,243864000
NVDA,2021-03-18,13.136500358581543,13.184000015258789,12.717000007629395,12.72249984741211,12.675741195678711,293896000
NVDA,2021-03-19,12.75,12.921500205993652,12.612500190734863,12.845749855041504,12.798539161682129,299208000
NVDA,2021-03-22,12.912750244140625,13.394499778747559,12.906749725341797,13.186249732971191,13.137785911560059,297804000
NVDA,2021-03-23,13.254249572753906,13.344499588012695,13.021249771118164,13.07075023651123,13.022710800170898,222048000
NVDA,2021-03-24,13.151249885559082,13.159250259399414,12.636750221252441,12.642999649047852,12.596534729003906,245840000
NVDA,2021-03-25,12.499500274658203,12.714750289916992,12.272000312805176,12.535249710083008,12.489178657531738,295144000
NVDA,2021-03-26,12.554499626159668,12.856249809265137,12.373499870300293,12.839249610900879,12.792062759399414,363968000
NVDA,2021-03-29,12.820249557495117,13.0625,12.699999809265137,12.948249816894531,12.90066146850586,273520000
NVDA,2021-03-30,12.842000007629395,12.975250244140625,12.704999923706055,12.871749877929688,12.824440956115723,200204000
NVDA,2021-03-31,13.01550006866455,13.470499992370605,12.982500076293945,13.348250389099121,13.299192428588867,314776000
NVDA,2021-04-01,13.572250366210938,13.869999885559082,13.511249542236328,13.811750411987305,13.760988235473633,308276000
NVDA,2021-04-05,13.867500305175781,14.013999938964844,13.732999801635742,13.987500190734863,13.936092376708984,255672000
NVDA,2021-04-06,13.999750137329102,14.05424976348877,13.773500442504883,13.861499786376953,13.810555458068848,191744000
NVDA,2021-04-07,13.880749702453613,14.243499755859375,13.71150016784668,14.143500328063965,14.09151840209961,251284000
NVDA,2021-04-08,14.252750396728516,14.471500396728516,14.24899959564209,14.317000389099121,14.264381408691406,244416000
NVDA,2021-04-09,14.21399974822998,14.407999992370605,14.175000190734863,14.399999618530273,14.347075462341309,195172000
NVDA,2021-04-12,14.289750099182129,15.352499961853027,14.139249801635742,15.208999633789062,15.153099060058594,869324000
NVDA,2021-04-13,15.231499671936035,15.699999809265137,15.125749588012695,15.679499626159668,15.621871948242188,676212000
NVDA,2021-04-14,15.625,15.720499992370605,15.227499961853027,15.277000427246094,15.220850944519043,385500000
NVDA,2021-04-15,15.662500381469727,16.214250564575195,15.631500244140625,16.137250900268555,16.077939987182617,598480000
NVDA,2021-04-16,16.05299949645996,16.16575050354004,15.865249633789062,15.912500381469727,15.854019165039062,335208000
NVDA,2021-04-19,15.536499977111816,15.807499885559082,15.232999801635742,15.361749649047852,15.305289268493652,404420000
NVDA,2021-04-20,15.323249816894531,15.496999740600586,14.963000297546387,15.171250343322754,15.115490913391113,334132000
NVDA,2021-04-21,15.118749618530273,15.362500190734863,15.102250099182129,15.36050033569336,15.304044723510742,216776000
NVDA,2021-04-22,15.375,15.43850040435791,14.783499717712402,14.850250244140625,14.795672416687012,277788000
NVDA,2021-04-23,14.934249877929688,15.335000038146973,14.900250434875488,15.265250205993652,15.209145545959473,227500000
NVDA,2021-04-26,15.1850004196167,15.479000091552734,15.125,15.477999687194824,15.421113014221191,197796000
NVDA,2021-04-27,15.578499794006348,15.670499801635742,15.354499816894531,15.381750106811523,15.325218200683594,164572000
NVDA,2021-04-28,15.364500045776367,15.53225040435791,15.215499877929688,15.276749610900879,15.220601081848145,209416000
NVDA,2021-04-29,15.399999618530273,15.43649959564209,15.071499824523926,15.324749946594238,15.26842975616455,173196000
NVDA,2021-04-30,15.174500465393066,15.364999771118164,14.996999740600586,15.009499549865723,14.954334259033203,201912000
NVDA,2021-05-03,15.125,15.246749877929688,14.787500381469727,14.836750030517578,14.782218933105469,203912000
NVDA,2021-05-04,14.637249946594238,14.637499809265137,14.010250091552734,14.351249694824219,14.298505783081055,405324000
NVDA,2021-05-05,14.708999633789062,14.81350040435791,14.387499809265137,14.458499908447266,14.405360221862793,292024000
NVDA,2021-05-06,14.49524974822998,14.571249961853027,14.218000411987305,14.52299976348877,14.469623565673828,193380000
NVDA,2021-05-07,14.808250427246094,14.970749855041504,14.67175006866455,14.812250137329102,14.7578125,229328000
NVDA,2021-05-10,14.787249565124512,14.805999755859375,14.25,14.26574993133545,14.2133207321167,268904000
NVDA,2021-05-11,13.824999809265137,14.35474967956543,13.75,14.306249618530273,14.253669738769531,285584000
NVDA,2021-05-12,14.009499549865723,14.260250091552734,13.709250450134277,13.758500099182129,13.707934379577637,303408000
NVDA,2021-05-13,14.0337495803833,14.080750465393066,13.458999633789062,13.665249824523926,13.61502742767334,285404000
NVDA,2021-05-14,13.890000343322754,14.32800006866455,13.748499870300293,14.243000030517578,14.190650939941406,258616000
NVDA,2021-05-17,14.156999588012695,14.169249534606934,13.853500366210938,14.165499687194824,14.113438606262207,216980000
NVDA,2021-05-18,14.267000198364258,14.404250144958496,14.003999710083008,14.01574993133545,13.96423625946045,186256000
NVDA,2021-05-19,13.566499710083008,14.079500198364258,13.54325008392334,14.065750122070312,14.014052391052246,344000000
NVDA,2021-05-20,14.302499771118164,14.68375015258789,14.270500183105469,14.612500190734863,14.558793067932129,321592000
NVDA,2021-05-21,15.163749694824219,15.222000122070312,14.869500160217285,14.99174976348877,14.936650276184082,672992000
NVDA,2021-05-24,15.212499618530273,15.744999885559082,15.175999641418457,15.612000465393066,15.554621696472168,554816000
NVDA,2021-05-25,15.765999794006348,15.818499565124512,15.482500076293945,15.647749900817871,15.590238571166992,435408000
NVDA,2021-05-26,15.73425006866455,15.793749809265137,15.586250305175781,15.699999809265137,15.642297744750977,370440000
NVDA,2021-05-27,15.699749946594238,15.75,15.460000038146973,15.48799991607666,15.43107795715332,581476000
NVDA,2021-05-28,15.50100040435791,16.27750015258789,15.50100040435791,16.24449920654297,16.184797286987305,644536000
NVDA,2021-06-01,16.270000457763672,16.38825035095215,15.903249740600586,16.26449966430664,16.20471954345703,472804000
NVDA,2021-06-02,16.25225067138672,16.918750762939453,16.23550033569336,16.778249740600586,16.716583251953125,594168000
NVDA,2021-06-03,16.70075035095215,17.259000778198242,16.58300018310547,16.969749450683594,16.90738296508789,580008000
NVDA,2021-06-04,17.112499237060547,17.660999298095703,17.095500946044922,17.578250885009766,17.51365089416504,617120000
NVDA,2021-06-07,17.571250915527344,17.8125,17.192750930786133,17.618999481201172,17.554244995117188,575756000
NVDA,2021-06-08,17.527250289916992,17.62150001525879,17.250999450683594,17.457000732421875,17.392841339111328,323848000
NVDA,2021-06-09,17.515750885009766,17.575000762939453,17.25575065612793,17.35824966430664,17.29841423034668,381656000
NVDA,2021-06-10,17.350000381469727,17.492000579833984,17.176000595092773,17.424999237060547,17.36493682861328,287772000
NVDA,2021-06-11,17.47949981689453,17.939250946044922,17.443750381469727,17.82525062561035,17.763809204101562,416308000
NVDA,2021-06-14,17.9060001373291,18.039499282836914,17.662750244140625,18.018749237060547,17.956642150878906,321376000
NVDA,2021-06-15,17.915000915527344,18.016250610351562,17.72800064086914,17.78849983215332,17.727182388305664,243032000
NVDA,2021-06-16,17.79075050354004,17.954750061035156,17.58449935913086,17.81024932861328,17.748857498168945,307124000
NVDA,2021-06-17,17.774499893188477,18.834999084472656,17.756250381469727,18.657249450683594,18.592939376831055,809656000
NVDA,2021-06-18,18.784000396728516,19.375,18.583999633789062,18.638750076293945,18.57450294494629,968856000
NVDA,2021-06-21,18.43524932861328,18.536500930786133,17.822750091552734,18.427249908447266,18.36372947692871,672384000
NVDA,2021-06-22,18.471500396728516,18.9637508392334,18.38599967956543,18.886749267578125,18.82164764404297,580144000
NVDA,2021-06-23,19.007749557495117,19.15275001525879,18.90774917602539,19.057249069213867,18.991559982299805,332356000
NVDA,2021-06-24,19.227750778198242,19.420000076293945,19.08824920654297,19.20549964904785,19.139301300048828,320924000
NVDA,2021-06-25,19.280500411987305,19.345500946044922,18.894500732421875,19.0310001373291,18.96540069580078,278364000
NVDA,2021-06-28,19.361249923706055,20.078750610351562,19.319000244140625,19.985000610351562,19.91611671447754,495436000
NVDA,2021-06-29,19.88249969482422,20.0987491607666,19.656999588012695,20.026750564575195,19.957721710205078,367632000
NVDA,2021-06-30,19.999250411987305,20.162500381469727,19.863750457763672,20.002500534057617,19.933551788330078,326568000
NVDA,2021-07-01,20.125,20.45599937438965,20.018999099731445,20.211999893188477,20.14232635498047,480136000
NVDA,2021-07-02,20.440250396728516,20.505250930786133,20.287750244140625,20.48699951171875,20.416379928588867,342764000
NVDA,2021-07-06,20.737499237060547,20.841999053955078,20.350250244140625,20.69849967956543,20.627153396606445,446708000
NVDA,2021-07-07,20.853500366210938,20.875,20.332000732421875,20.371749877929688,20.301528930664062,418428000
NVDA,2021-07-08,19.85650062561035,20.132999420166016,19.70075035095215,19.90275001525879,19.834144592285156,503300000
NVDA,2021-07-09,19.962499618530273,20.080249786376953,19.754249572753906,20.050249099731445,19.98114013671875,296624000
NVDA,2021-07-12,20.239999771118164,20.53274917602539,20.1877498626709,20.512500762939453,20.441795349121094,321984000
NVDA,2021-07-13,20.40049934387207,20.46125030517578,20.11400032043457,20.25,20.18019676208496,290708000
NVDA,2021-07-14,20.357749938964844,20.417749404907227,19.752750396728516,19.84149932861328,19.773109436035156,380100000
NVDA,2021-07-15,19.811750411987305,19.847000122070312,18.85849952697754,18.966249465942383,18.900875091552734,550564000
NVDA,2021-07-16,19.030500411987305,19.156999588012695,18.072999954223633,18.160999298095703,18.098400115966797,688224000
NVDA,2021-07-19,17.915250778198242,19.04199981689453,17.86549949645996,18.77975082397461,18.715015411376953,749060000
NVDA,2021-07-20,18.729999542236328,18.83799934387207,18.163999557495117,18.61199951171875,18.547842025756836,434687000
NVDA,2021-07-21,18.881999969482422,19.527000427246094,18.742000579833984,19.40999984741211,19.343090057373047,371017000
NVDA,2021-07-22,19.642000198364258,19.886999130249023,19.275999069213867,19.5939998626709,19.526464462280273,323826000
NVDA,2021-07-23,19.6560001373291,19.700000762939453,19.25,19.558000564575195,19.490581512451172,195672000
NVDA,2021-07-26,19.31100082397461,19.441999435424805,18.913999557495117,19.29400062561035,19.227497100830078,203943000
NVDA,2021-07-27,19.264999389648438,19.621999740600586,18.740999221801758,19.20800018310547,19.141788482666016,248863000
NVDA,2021-07-28,19.319000244140625,19.645999908447266,18.9950008392334,19.503000259399414,19.43577766418457,202191000
NVDA,2021-07-29,19.518999099731445,19.85300064086914,19.327999114990234,19.66200065612793,19.594228744506836,190781000
NVDA,2021-07-30,19.417999267578125,19.6299991607666,19.26300048828125,19.499000549316406,19.43178367614746,183497000
NVDA,2021-08-02,19.700000762939453,19.961000442504883,19.361000061035156,19.75,19.681921005249023,217444000
NVDA,2021-08-03,19.739999771118164,20.222000122070312,19.219999313354492,19.815000534057617,19.746700286865234,301811000
NVDA,2021-08-04,19.989999771118164,20.31800079345703,19.827999114990234,20.27400016784668,20.20411491394043,231309000
NVDA,2021-08-05,20.5,20.732999801635742,20.341999053955078,20.636999130249023,20.56586265563965,211435000
NVDA,2021-08-06,20.52400016784668,20.56999969482422,20.209999084472656,20.365999221801758,20.295795440673828,178497000
NVDA,2021-08-09,20.445999145507812,20.507999420166016,20.14299964904785,20.295000076293945,20.225040435791016,146443000
NVDA,2021-08-10,20.32200050354004,20.43000030517578,19.834999084472656,19.93600082397461,19.867279052734375,179238000
NVDA,2021-08-11,20.042999267578125,20.048999786376953,19.43000030517578,19.698999404907227,19.63109588623047,185925000
NVDA,2021-08-12,19.8700008392334,20.02899932861328,19.6200008392334,19.905000686645508,19.83638572692871,151652000
NVDA,2021-08-13,19.905000686645508,20.214000701904297,19.85099983215332,20.187999725341797,20.1184139251709,183063000
NVDA,2021-08-16,20.135000228881836,20.28700065612793,19.452999114990234,19.950000762939453,19.8812313079834,210876000
NVDA,2021-08-17,19.684999465942383,19.770000457763672,19.267000198364258,19.45800018310547,19.390933990478516,204585000
NVDA,2021-08-18,19.5,19.634000778198242,19.0,19.040000915527344,18.974369049072266,285913000
NVDA,2021-08-19,19.493999481201172,20.4950008392334,18.761999130249023,19.79800033569336,19.729751586914062,766555000
NVDA,2021-08-20,19.990999221801758,20.864999771118164,19.933000564575195,20.81599998474121,20.744247436523438,675741000
NVDA,2021-08-23,20.97100067138672,21.996999740600586,20.950000762939453,21.95800018310547,21.882312774658203,575807000
NVDA,2021-08-24,21.753000259399414,21.958999633789062,21.53499984741211,21.792999267578125,21.71787452697754,297299000
NVDA,2021-08-25,21.73699951171875,22.469999313354492,21.722000122070312,22.21299934387207,22.136432647705078,347701000
NVDA,2021-08-26,22.200000762939453,22.34000015258789,21.790000915527344,22.06800079345703,21.991931915283203,237940000
NVDA,2021-08-27,22.18400001525879,22.722000122070312,22.16699981689453,22.63599967956543,22.557973861694336,304722000
NVDA,2021-08-30,22.829999923706055,23.042999267578125,22.551000595092773,22.687999725341797,22.609790802001953,262580000
NVDA,2021-08-31,22.69499969482422,22.69499969482422,22.1200008392334,22.385000228881836,22.311777114868164,259850000
NVDA,2021-09-01,22.485000610351562,22.69700050354004,22.35700035095215,22.44099998474121,22.36758804321289,201767000
NVDA,2021-09-02,22.51799964904785,22.593000411987305,22.295000076293945,22.395999908447266,22.32273292541504,187834000
NVDA,2021-09-03,22.325000762939453,22.986000061035156,22.200000762939453,22.843000411987305,22.768272399902344,280532000
NVDA,2021-09-07,22.83300018310547,22.89900016784668,22.52199935913086,22.66200065612793,22.587867736816406,198107000
NVDA,2021-09-08,22.51300048828125,22.610000610351562,21.976999282836914,22.339000701904297,22.26592445373535,254434000
NVDA,2021-09-09,22.312000274658203,22.538000106811523,22.131000518798828,22.177000045776367,22.104450225830078,196856000
NVDA,2021-09-10,22.347999572753906,22.625999450683594,22.270000457763672,22.47800064086914,22.404470443725586,248376000
NVDA,2021-09-13,22.68400001525879,22.964000701904297,21.857999801635742,22.152000427246094,22.07953453063965,297500000
NVDA,2021-09-14,22.274999618530273,22.40999984741211,22.086000442504883,22.242000579833984,22.169239044189453,199755000
NVDA,2021-09-15,22.30900001525879,22.367000579833984,21.965999603271484,22.340999603271484,22.267915725708008,166538000
NVDA,2021-09-16,22.183000564575195,22.277000427246094,21.927000045776367,22.242000579833984,22.169239044189453,156033000
NVDA,2021-09-17,22.299999237060547,22.320999145507812,21.829999923706055,21.899999618530273,21.828357696533203,294503000
NVDA,2021-09-20,21.145999908447266,21.433000564575195,20.66200065612793,21.113000869750977,21.043935775756836,349440000
NVDA,2021-09-21,21.41699981689453,21.424999237060547,20.950000762939453,21.246000289916992,21.17650032043457,204688000
NVDA,2021-09-22,21.365999221801758,21.959999084472656,21.195999145507812,21.94099998474121,21.869224548339844,268726000
NVDA,2021-09-23,22.139999389648438,22.53499984741211,21.889999389648438,22.48200035095215,22.408458709716797,248555000
NVDA,2021-09-24,22.06999969482422,22.14900016784668,21.861000061035156,22.08099937438965,22.008764266967773,217655000
NVDA,2021-09-27,21.709999084472656,21.798999786376953,21.325000762939453,21.65999984741211,21.589147567749023,245215000
NVDA,2021-09-28,21.214000701904297,21.41900062561035,20.650999069213867,20.698999404907227,20.631284713745117,343069000
NVDA,2021-09-29,20.940000534057617,21.017000198364258,20.466999053955078,20.517000198364258,20.449886322021484,218394000
NVDA,2021-09-30,20.76799964904785,21.06599998474121,20.687999725341797,20.715999603271484,20.648229598999023,221009000
NVDA,2021-10-01,20.75,20.858999252319336,20.202999114990234,20.742000579833984,20.67414665222168,240978000
NVDA,2021-10-04,20.503999710083008,20.54199981689453,19.55500030517578,19.73200035095215,19.667457580566406,345635000
NVDA,2021-10-05,19.950000762939453,20.648000717163086,19.854000091552734,20.451000213623047,20.384103775024414,279282000
NVDA,2021-10-06,20.1200008392334,20.719999313354492,20.079999923706055,20.700000762939453,20.63228416442871,297202000
NVDA,2021-10-07,21.091999053955078,21.32200050354004,20.972000122070312,21.075000762939453,21.006059646606445,256919000
NVDA,2021-10-08,21.10099983215332,21.20599937438965,20.774999618530273,20.83099937438965,20.76285743713379,151258000
NVDA,2021-10-11,20.575000762939453,21.062999725341797,20.51099967956543,20.69499969482422,20.627300262451172,163388000
NVDA,2021-10-12,20.827999114990234,21.05699920654297,20.527999877929688,20.67099952697754,20.603378295898438,162134000
NVDA,2021-10-13,20.917999267578125,20.989999771118164,20.71299934387207,20.93899917602539,20.870506286621094,180652000
NVDA,2021-10-14,21.288000106811523,21.7549991607666,21.121999740600586,21.746000289916992,21.674861907958984,243589000
NVDA,2021-10-15,21.809999465942383,21.930999755859375,21.66200065612793,21.86199951171875,21.790483474731445,226994000
NVDA,2021-10-18,21.749000549316406,22.291000366210938,21.643999099731445,22.222000122070312,22.149303436279297,189494000
NVDA,2021-10-19,22.275999069213867,22.378999710083008,22.03700065612793,22.290000915527344,22.21708106994629,161473000
NVDA,2021-10-20,22.30500030517578,22.433000564575195,21.98200035095215,22.10300064086914,22.03069496154785,146276000
NVDA,2021-10-21,22.097000122070312,22.711000442504883,22.08300018310547,22.691999435424805,22.617769241333008,187590000
NVDA,2021-10-22,22.822999954223633,23.1299991607666,22.56100082397461,22.72599983215332,22.65166473388672,249384000
NVDA,2021-10-25,22.972999572753906,23.354999542236328,22.770000457763672,23.166000366210938,23.090221405029297,230235000
NVDA,2021-10-26,23.98900032043457,25.259000778198242,23.923999786376953,24.716999053955078,24.636146545410156,485898000
NVDA,2021-10-27,24.474000930786133,25.09000015258789,24.281999588012695,24.451000213623047,24.371015548706055,245990000
NVDA,2021-10-28,24.878000259399414,24.950000762939453,24.523000717163086,24.94099998474121,24.859413146972656,234204000
NVDA,2021-10-29,25.000999450683594,25.708999633789062,25.0,25.566999435424805,25.483362197875977,292503000
NVDA,2021-11-01,25.64900016784668,25.893999099731445,25.226999282836914,25.82699966430664,25.742515563964844,265740000
NVDA,2021-11-02,25.82200050354004,26.67799949645996,25.799999237060547,26.400999069213867,26.31463623046875,294112000
NVDA,2021-11-03,26.670000076293945,26.784000396728516,26.235000610351562,26.597999572753906,26.510988235473633,239910000
NVDA,2021-11-04,27.229000091552734,31.364999771118164,27.118000030517578,29.801000595092773,29.703510284423828,1153631000
NVDA,2021-11-05,30.187000274658203,31.399999618530273,29.40999984741211,29.75200080871582,29.654674530029297,851260000
NVDA,2021-11-08,30.14900016784668,31.100000381469727,29.906999588012695,30.804000854492188,30.703235626220703,503101000
NVDA,2021-11-09,32.28200149536133,32.310001373291016,29.964000701904297,30.656999588012695,30.556713104248047,646746000
NVDA,2021-11-10,29.356000900268555,30.850000381469727,28.777999877929688,29.458999633789062,29.362634658813477,636206000
NVDA,2021-11-11,30.468000411987305,30.59000015258789,29.777000427246094,30.389999389648438,30.290590286254883,332172000
NVDA,2021-11-12,30.010000228881836,30.68000030517578,29.6299991607666,30.389999389648438,30.290590286254883,413054000
NVDA,2021-11-15,30.552000045776367,30.643999099731445,29.246999740600586,30.024999618530273,29.926776885986328,384909000
NVDA,2021-11-16,29.759000778198242,30.389999389648438,29.70599937438965,30.202999114990234,30.104204177856445,264484000
NVDA,2021-11-17,30.417999267578125,30.509000778198242,28.799999237060547,29.26099967956543,29.165281295776367,428508000
NVDA,2021-11-18,32.367000579833984,32.7599983215332,31.320999145507812,31.674999237060547,31.571382522583008,781711000
NVDA,2021-11-19,32.24300003051758,33.0880012512207,31.905000686645508,32.98500061035156,32.877105712890625,533867000
NVDA,2021-11-22,33.516998291015625,34.64699935913086,31.899999618530273,31.95599937438965,31.851459503173828,754335000
NVDA,2021-11-23,31.53499984741211,32.36000061035156,30.8799991607666,31.746000289916992,31.642152786254883,532163000
NVDA,2021-11-24,31.461000442504883,32.85499954223633,30.92799949645996,32.67399978637695,32.567108154296875,435162000
NVDA,2021-11-26,32.599998474121094,32.709999084472656,31.350000381469727,31.503000259399414,31.399948120117188,283069000
NVDA,2021-11-29,32.36600112915039,33.4119987487793,32.0359992980957,33.375999450683594,33.26681900024414,454964000
NVDA,2021-11-30,33.16899871826172,33.35300064086914,31.86400032043457,32.67599868774414,32.5691032409668,622066000
NVDA,2021-12-01,33.21900177001953,33.28900146484375,31.3799991607666,31.434999465942383,31.336008071899414,484368000
NVDA,2021-12-02,31.214000701904297,32.47800064086914,31.024999618530273,32.125999450683594,32.02482986450195,472890000
NVDA,2021-12-03,32.0,32.12900161743164,30.1299991607666,30.69300079345703,30.596342086791992,544325000
NVDA,2021-12-06,29.8799991607666,30.240999221801758,28.038000106811523,30.03700065612793,29.94240951538086,658938000
NVDA,2021-12-07,30.957000732421875,32.44900131225586,30.650999069213867,32.426998138427734,32.32488250732422,593053000
NVDA,2021-12-08,31.999000549316406,32.290000915527344,31.42099952697754,31.826000213623047,31.725778579711914,475551000
NVDA,2021-12-09,31.733999252319336,32.20500183105469,30.42799949645996,30.489999771118164,30.393980026245117,488507000
NVDA,2021-12-10,31.149999618530273,31.30500030517578,29.861000061035156,30.197999954223633,30.102903366088867,488825000
NVDA,2021-12-13,30.249000549316406,30.29400062561035,28.115999221801758,28.160999298095703,28.072315216064453,598344000
NVDA,2021-12-14,27.698999404907227,28.67799949645996,27.25,28.336999893188477,28.247760772705078,667035000
NVDA,2021-12-15,28.399999618530273,30.5,27.83799934387207,30.458999633789062,30.36307716369629,698297000
NVDA,2021-12-16,31.152000427246094,31.15999984741211,28.093000411987305,28.386999130249023,28.297603607177734,707366000
NVDA,2021-12-17,27.985000610351562,28.922000885009766,27.760000228881836,27.801000595092773,27.713451385498047,713758000
NVDA,2021-12-20,27.30500030517578,28.143999099731445,27.145000457763672,27.7189998626709,27.6317081451416,461847000
NVDA,2021-12-21,28.374000549316406,29.1200008392334,27.400999069213867,29.075000762939453,28.98343849182129,524385000
NVDA,2021-12-22,28.891000747680664,29.55500030517578,28.448999404907227,29.399999618530273,29.307416915893555,395184000
NVDA,2021-12-23,29.7549991607666,30.05900001525879,29.430999755859375,29.639999389648438,29.54665756225586,343022000
NVDA,2021-12-27,29.65999984741211,31.086999893188477,29.639999389648438,30.94499969482422,30.84754753112793,403686000
NVDA,2021-12-28,31.312000274658203,31.329999923706055,30.011999130249023,30.32200050354004,30.226511001586914,420591000
NVDA,2021-12-29,30.273000717163086,30.54800033569336,29.365999221801758,30.000999450683594,29.906518936157227,343139000
NVDA,2021-12-30,29.82699966430664,30.457000732421875,29.540000915527344,29.586000442504883,29.49283218383789,308864000
NVDA,2021-12-31,29.673999786376953,30.030000686645508,29.33099937438965,29.410999298095703,29.318374633789062,266530000
NVDA,2022-01-03,29.815000534057617,30.711000442504883,29.78499984741211,30.121000289916992,30.026138305664062,391547000
NVDA,2022-01-04,30.277000427246094,30.468000411987305,28.349000930786133,29.290000915527344,29.19776153564453,527154000
NVDA,2022-01-05,28.948999404907227,29.416000366210938,27.533000946044922,27.604000091552734,27.517066955566406,498064000
NVDA,2022-01-06,27.639999389648438,28.437999725341797,27.065000534057617,28.17799949645996,28.08926010131836,454186000
NVDA,2022-01-07,28.141000747680664,28.422000885009766,27.05699920654297,27.246999740600586,27.161190032958984,409939000
NVDA,2022-01-10,26.58099937438965,27.4689998626709,25.643999099731445,27.399999618530273,27.313711166381836,594681000
NVDA,2022-01-11,27.322999954223633,28.065000534057617,26.839000701904297,27.816999435424805,27.729398727416992,404089000
NVDA,2022-01-12,28.066999435424805,28.594999313354492,27.607999801635742,27.999000549316406,27.910825729370117,383413000
NVDA,2022-01-13,28.378999710083008,28.479999542236328,26.49799919128418,26.575000762939453,26.49131202697754,540171000
NVDA,2022-01-14,26.299999237060547,27.19700050354004,26.209999084472656,26.941999435424805,26.857152938842773,395832000
NVDA,2022-01-18,26.260000228881836,26.63800048828125,25.770000457763672,25.902999877929688,25.82142448425293,424270000
NVDA,2022-01-19,26.07900047302246,26.542999267578125,25.052000045776367,25.066999435424805,24.98805809020996,488315000
NVDA,2022-01-20,25.304000854492188,25.57900047302246,24.077999114990234,24.149999618530273,24.073945999145508,435181000
NVDA,2022-01-21,23.506999969482422,24.822999954223633,23.26300048828125,23.374000549316406,23.300392150878906,718958000
NVDA,2022-01-24,22.329999923706055,23.3799991607666,20.88800048828125,23.371999740600586,23.29839324951172,913982000
NVDA,2022-01-25,22.54599952697754,22.94300079345703,22.0,22.323999404907227,22.25369644165039,664616000
NVDA,2022-01-26,23.239999771118164,24.05699920654297,22.299999237060547,22.77199935913086,22.700286865234375,755959000
NVDA,2022-01-27,23.56800079345703,23.9950008392334,21.674999237060547,21.944000244140625,21.874895095825195,573353000
NVDA,2022-01-28,22.011999130249023,22.857999801635742,21.29599952697754,22.84000015258789,22.7680721282959,543774000
NVDA,2022-01-31,23.18199920654297,24.509000778198242,23.052000045776367,24.486000061035156,24.408893585205078,564680000
NVDA,2022-02-01,25.104000091552734,25.145000457763672,23.889999389648438,24.63800048828125,24.560407638549805,518925000
NVDA,2022-02-02,25.79400062561035,25.816999435424805,24.55299949645996,25.242000579833984,25.162506103515625,543419000
NVDA,2022-02-03,24.45800018310547,25.07699966430664,23.780000686645508,23.947999954223633,23.872581481933594,410178000
NVDA,2022-02-04,23.972000122070312,24.635000228881836,23.631999969482422,24.319000244140625,24.242416381835938,354829000
NVDA,2022-02-07,24.371999740600586,25.18199920654297,24.20199966430664,24.72800064086914,24.650121688842773,376868000
NVDA,2022-02-08,24.358999252319336,25.229999542236328,23.979999542236328,25.107999801635742,25.028928756713867,410359000
NVDA,2022-02-09,25.621999740600586,26.725000381469727,25.35300064086914,26.704999923706055,26.62090301513672,524282000
NVDA,2022-02-10,25.9950008392334,26.924999237060547,25.600000381469727,25.823999404907227,25.74267578125,513200000
NVDA,2022-02-11,25.916000366210938,26.152000427246094,23.773000717163086,23.948999404907227,23.873577117919922,605472000
NVDA,2022-02-14,23.93400001525879,24.875,23.7549991607666,24.267000198364258,24.190576553344727,440424000
NVDA,2022-02-15,24.948999404907227,26.545000076293945,24.784000396728516,26.4950008392334,26.411561965942383,699869000
NVDA,2022-02-16,26.259000778198242,26.582000732421875,25.552000045776367,26.51099967956543,26.427513122558594,732676000
NVDA,2022-02-17,25.6299991607666,25.78499984741211,24.165000915527344,24.506999969482422,24.429824829101562,810595000
NVDA,2022-02-18,24.667999267578125,24.986000061035156,23.100000381469727,23.642000198364258,23.567546844482422,761255000
NVDA,2022-02-22,23.03499984741211,24.06399917602539,23.0,23.389999389648438,23.31633949279785,633422000
NVDA,2022-02-23,23.802000045776367,24.155000686645508,22.301000595092773,22.386999130249023,22.316499710083008,566511000
NVDA,2022-02-24,21.014999389648438,23.799999237060547,20.889999389648438,23.74799919128418,23.6732120513916,735801000
NVDA,2022-02-25,23.72100067138672,24.216999053955078,23.381000518798828,24.156999588012695,24.080923080444336,528866000
NVDA,2022-02-28,23.992000579833984,24.665000915527344,23.707000732421875,24.385000228881836,24.308208465576172,477319000
NVDA,2022-03-01,24.291000366210938,24.37700080871582,23.131999969482422,23.476999282836914,23.403064727783203,412056000
NVDA,2022-03-02,23.756000518798828,24.409000396728516,23.415000915527344,24.219999313354492,24.147838592529297,389642000
NVDA,2022-03-03,24.261999130249023,24.326000213623047,23.4689998626709,23.714000701904297,23.643352508544922,365095000
NVDA,2022-03-04,23.384000778198242,23.68000030517578,22.48200035095215,22.93600082397461,22.867666244506836,431415000
NVDA,2022-03-07,22.816999435424805,23.033000946044922,21.329999923706055,21.351999282836914,21.288387298583984,450821000
NVDA,2022-03-08,21.30900001525879,22.37299919128418,20.649999618530273,21.513999938964844,21.449901580810547,557467000
NVDA,2022-03-09,22.386999130249023,23.219999313354492,22.246999740600586,23.013999938964844,22.945432662963867,492742000
NVDA,2022-03-10,22.5310001373291,22.788000106811523,21.881999969482422,22.658000946044922,22.590497970581055,428066000
NVDA,2022-03-11,23.02199935913086,23.145000457763672,22.04599952697754,22.100000381469727,22.034160614013672,367209000
NVDA,2022-03-14,21.868999481201172,22.261999130249023,21.159000396728516,21.329999923706055,21.266454696655273,385354000
NVDA,2022-03-15,21.51799964904785,23.038000106811523,21.32200050354004,22.972999572753906,22.904560089111328,491996000
NVDA,2022-03-16,23.5,24.597000122070312,23.172000885009766,24.496000289916992,24.423017501831055,671422000
NVDA,2022-03-17,24.1200008392334,24.841999053955078,23.9060001373291,24.766000747680664,24.69221305847168,471941000
NVDA,2022-03-18,24.798999786376953,26.569000244140625,24.624000549316406,26.452999114990234,26.374187469482422,730719000
NVDA,2022-03-21,26.506999969482422,27.152000427246094,25.966999053955078,26.733999252319336,26.654348373413086,591727000
NVDA,2022-03-22,26.726999282836914,27.238000869750977,26.07200050354004,26.52400016784668,26.444971084594727,547007000
NVDA,2022-03-23,26.125999450683594,26.61199951171875,25.575000762939453,25.634000778198242,25.557628631591797,502120000
NVDA,2022-03-24,26.166000366210938,28.31999969482422,25.906999588012695,28.149999618530273,28.06612777709961,877379000
NVDA,2022-03-25,27.88599967956543,28.357999801635742,27.270999908447266,27.691999435424805,27.609495162963867,579016000
NVDA,2022-03-28,27.756000518798828,28.25,27.20599937438965,28.2189998626709,28.134923934936523,425494000
NVDA,2022-03-29,28.69499969482422,28.945999145507812,27.979999542236328,28.6560001373291,28.570627212524414,488984000
NVDA,2022-03-30,28.304000854492188,28.496000289916992,27.503000259399414,27.690000534057617,27.607500076293945,463487000
NVDA,2022-03-31,27.781999588012695,28.24799919128418,27.270000457763672,27.285999298095703,27.20470428466797,523440000
NVDA,2022-04-01,27.375,27.496000289916992,26.267000198364258,26.711999893188477,26.632413864135742,517235000
NVDA,2022-04-04,26.72800064086914,27.558000564575195,26.613000869750977,27.360000610351562,27.27848243713379,397120000
NVDA,2022-04-05,27.253999710083008,27.319000244140625,25.81999969482422,25.930999755859375,25.853742599487305,436615000
NVDA,2022-04-06,24.93400001525879,25.299999237060547,24.003000259399414,24.406999588012695,24.33428192138672,703833000
NVDA,2022-04-07,24.44099998474121,24.722000122070312,23.47800064086914,24.20800018310547,24.135879516601562,557992000
NVDA,2022-04-08,23.91699981689453,23.92300033569336,23.062000274658203,23.118999481201172,23.050121307373047,524781000
NVDA,2022-04-11,22.214000701904297,22.31999969482422,21.65999984741211,21.91699981689453,21.85169792175293,575207000
NVDA,2022-04-12,22.53700065612793,22.725000381469727,21.281999588012695,21.503999710083008,21.439924240112305,662258000
NVDA,2022-04-13,21.72800064086914,22.5,21.454999923706055,22.202999114990234,22.1368465423584,516943000
NVDA,2022-04-14,22.5049991607666,22.777000427246094,21.163000106811523,21.257999420166016,21.19466781616211,569097000
NVDA,2022-04-18,21.200000762939453,22.08799934387207,21.07900047302246,21.783000946044922,21.71809959411621,525701000
NVDA,2022-04-19,21.719999313354492,22.37299919128418,21.31399917602539,22.197999954223633,22.131864547729492,512781000
NVDA,2022-04-20,22.517000198364258,22.670000076293945,21.200000762939453,21.48200035095215,21.41799545288086,468974000
NVDA,2022-04-21,21.708999633789062,22.392000198364258,20.0,20.183000564575195,20.122867584228516,656209000
NVDA,2022-04-22,20.30299949645996,20.486000061035156,19.5,19.514999389648438,19.45685577392578,624713000
NVDA,2022-04-25,19.20199966430664,19.94499969482422,19.09600067138672,19.902000427246094,19.842708587646484,641566000
NVDA,2022-04-26,19.718000411987305,19.788000106811523,18.670000076293945,18.788000106811523,18.732025146484375,653143000
NVDA,2022-04-27,18.597999572753906,19.16699981689453,18.290000915527344,18.415000915527344,18.360137939453125,499460000
NVDA,2022-04-28,18.966999053955078,20.03700065612793,18.489999771118164,19.781999588012695,19.72306251525879,570327000
NVDA,2022-04-29,19.402000427246094,20.128000259399414,18.517000198364258,18.547000885009766,18.491744995117188,500435000
NVDA,2022-05-02,18.541000366210938,19.573999404907227,18.391000747680664,19.533000946044922,19.474803924560547,572049000
NVDA,2022-05-03,19.399999618530273,19.825000762939453,19.132999420166016,19.601999282836914,19.543594360351562,475751000
NVDA,2022-05-04,19.92300033569336,20.399999618530273,18.750999450683594,20.333999633789062,20.273420333862305,648855000
NVDA,2022-05-05,19.867000579833984,19.924999237060547,18.5,18.8439998626709,18.787858963012695,626331000
NVDA,2022-05-06,18.736000061035156,19.511999130249023,17.989999771118164,18.674999237060547,18.61936378479004,633297000
NVDA,2022-05-09,18.034000396728516,18.2549991607666,16.82699966430664,16.950000762939453,16.899499893188477,644455000
NVDA,2022-05-10,17.68899917602539,18.197999954223633,17.024999618530273,17.594999313354492,17.542577743530273,761474000
NVDA,2022-05-11,17.347000122070312,17.753000259399414,16.56800079345703,16.6299991607666,16.58045196533203,670167000
NVDA,2022-05-12,16.2189998626709,16.788000106811523,15.567000389099121,16.174999237060547,16.12681007385254,708728000
NVDA,2022-05-13,16.788000106811523,17.92799949645996,16.593000411987305,17.70599937438965,17.653242111206055,670437000
NVDA,2022-05-16,17.509000778198242,17.788000106811523,17.106000900268555,17.263999938964844,17.212570190429688,521446000
NVDA,2022-05-17,18.073999404907227,18.371000289916992,17.634000778198242,18.177000045776367,18.122846603393555,585830000
NVDA,2022-05-18,17.704999923706055,18.118000030517578,16.86400032043457,16.937999725341797,16.88753890991211,545161000
NVDA,2022-05-19,16.937000274658203,17.687000274658203,16.733999252319336,17.124000549316406,17.072980880737305,621310000
NVDA,2022-05-20,17.332000732421875,17.40999984741211,15.755000114440918,16.694000244140625,16.644262313842773,739105000
NVDA,2022-05-23,16.27400016784668,16.915000915527344,16.179000854492188,16.898000717163086,16.84765625,639889000
NVDA,2022-05-24,16.510000228881836,16.597000122070312,15.779999732971191,16.15399932861328,16.10586929321289,588550000
NVDA,2022-05-25,16.020000457763672,17.111000061035156,16.0,16.975000381469727,16.924427032470703,781132000
NVDA,2022-05-26,16.035999298095703,18.091999053955078,16.02199935913086,17.85099983215332,17.79781723022461,996575000
NVDA,2022-05-27,18.18600082397461,18.881000518798828,18.100000381469727,18.81100082397461,18.754955291748047,738379000
NVDA,2022-05-31,18.979999542236328,19.200000762939453,18.350000381469727,18.672000885009766,18.616371154785156,664100000
NVDA,2022-06-01,18.724000930786133,19.05299949645996,18.121999740600586,18.31999969482422,18.26542091369629,544514000
NVDA,2022-06-02,18.29199981689453,19.618999481201172,18.197999954223633,19.591999053955078,19.533628463745117,648656000
NVDA,2022-06-03,19.082000732421875,19.332000732421875,18.52199935913086,18.719999313354492,18.664230346679688,598779000
NVDA,2022-06-06,19.138999938964844,19.336999893188477,18.56399917602539,18.785999298095703,18.730031967163086,422406000
NVDA,2022-06-07,18.472000122070312,19.0,18.187999725341797,18.926000595092773,18.869619369506836,388914000
NVDA,2022-06-08,18.798999786376953,19.18000030517578,18.53499984741211,18.648000717163086,18.59637451171875,363252000
NVDA,2022-06-09,18.481000900268555,18.933000564575195,18.041000366210938,18.04800033569336,17.998031616210938,395574000
NVDA,2022-06-10,17.600000381469727,17.69700050354004,16.868999481201172,16.974000930786133,16.927005767822266,465248000
NVDA,2022-06-13,16.0,16.312000274658203,15.605999946594238,15.647000312805176,15.603680610656738,604153000
NVDA,2022-06-14,15.730999946594238,16.06599998474121,15.411999702453613,15.836000442504883,15.792157173156738,469680000
NVDA,2022-06-15,16.094999313354492,16.868000030517578,15.925999641418457,16.527000427246094,16.481245040893555,563936000
NVDA,2022-06-16,15.859999656677246,15.942000389099121,15.401000022888184,15.60099983215332,15.557808876037598,545749000
NVDA,2022-06-17,15.64799976348877,15.994999885559082,15.32800006866455,15.880000114440918,15.836036682128906,630334000
NVDA,2022-06-21,16.475000381469727,17.007999420166016,16.406999588012695,16.56599998474121,16.520137786865234,483089000
NVDA,2022-06-22,16.22599983215332,16.66200065612793,16.18000030517578,16.360000610351562,16.31470489501953,437135000
NVDA,2022-06-23,16.518999099731445,16.584999084472656,15.852999687194824,16.225000381469727,16.18008041381836,463680000
NVDA,2022-06-24,16.5,17.139999389648438,16.309999465942383,17.125999450683594,17.078584671020508,472153000
NVDA,2022-06-27,17.312000274658203,17.329999923706055,16.625999450683594,16.868999481201172,16.822298049926758,427968000
NVDA,2022-06-28,16.899999618530273,17.20199966430664,15.944999694824219,15.982000350952148,15.937752723693848,461149000
NVDA,2022-06-29,15.814000129699707,15.819999694824219,15.170000076293945,15.541999816894531,15.498970985412598,482352000
NVDA,2022-06-30,15.361000061035156,15.567000389099121,14.862000465393066,15.159000396728516,15.117032051086426,686070000
NVDA,2022-07-01,14.89900016784668,15.062999725341797,14.392000198364258,14.52299976348877,14.482792854309082,577610000
NVDA,2022-07-05,14.175000190734863,14.970999717712402,14.055000305175781,14.96399974822998,14.922572135925293,651397000
NVDA,2022-07-06,15.010000228881836,15.319000244140625,14.788999557495117,15.130000114440918,15.088111877441406,529066000
NVDA,2022-07-07,15.456000328063965,15.944999694824219,15.388999938964844,15.857999801635742,15.814094543457031,492903000
NVDA,2022-07-08,15.430000305175781,16.03700065612793,15.388999938964844,15.838000297546387,15.794150352478027,467972000
NVDA,2022-07-11,15.526000022888184,15.527000427246094,15.038000106811523,15.152000427246094,15.110051155090332,437321000
NVDA,2022-07-12,15.267999649047852,15.430999755859375,14.876999855041504,15.081999778747559,15.040244102478027,458483000
NVDA,2022-07-13,14.59000015258789,15.375,14.46500015258789,15.163999557495117,15.122015953063965,521918000
NVDA,2022-07-14,15.107999801635742,15.472999572753906,14.727999687194824,15.371999740600586,15.329442024230957,456235000
NVDA,2022-07-15,15.659000396728516,15.781999588012695,15.444999694824219,15.76200008392334,15.718361854553223,385935000
NVDA,2022-07-18,16.302000045776367,16.89699935913086,16.00200080871582,16.10099983215332,16.056425094604492,670517000
NVDA,2022-07-19,16.486000061035156,17.110000610351562,16.172000885009766,16.992000579833984,16.944955825805664,702366000
NVDA,2022-07-20,16.94700050354004,17.933000564575195,16.801000595092773,17.80699920654297,17.75769805908203,760538000
NVDA,2022-07-21,17.885000228881836,18.143999099731445,17.545000076293945,18.049999237060547,18.000024795532227,557049000
NVDA,2022-07-22,17.89299964904785,17.966999053955078,17.136999130249023,17.319000244140625,17.27105140686035,536671000
NVDA,2022-07-25,17.018999099731445,17.124000549316406,16.64900016784668,17.02400016784668,16.97686767578125,480748000
NVDA,2022-07-26,16.888999938964844,16.91900062561035,16.47800064086914,16.533000946044922,16.487226486206055,397865000
NVDA,2022-07-27,17.031999588012695,17.93600082397461,16.913000106811523,17.790000915527344,17.740745544433594,569776000
NVDA,2022-07-28,17.975000381469727,18.139999389648438,17.440000534057617,17.983999252319336,17.9342098236084,474646000
NVDA,2022-07-29,17.812999725341797,18.243999481201172,17.691999435424805,18.163000106811523,18.112712860107422,435460000
NVDA,2022-08-01,18.18199920654297,18.84600067138672,17.989999771118164,18.44099998474121,18.38994598388672,476469000
NVDA,2022-08-02,18.121999740600586,18.937999725341797,18.091999053955078,18.525999069213867,18.474708557128906,489527000
NVDA,2022-08-03,18.18400001525879,18.968000411987305,18.136999130249023,18.89299964904785,18.840694427490234,418146000
NVDA,2022-08-04,18.849000930786133,19.27400016784668,18.760000228881836,19.21500015258789,19.16180419921875,409652000
NVDA,2022-08-05,18.809999465942383,19.229000091552734,18.666000366210938,18.98900032043457,18.936431884765625,386068000
NVDA,2022-08-08,17.50200080871582,18.23900032043457,17.242000579833984,17.792999267578125,17.743741989135742,981859000
NVDA,2022-08-09,17.25200080871582,17.44700050354004,16.724000930786133,17.086000442504883,17.038692474365234,668263000
NVDA,2022-08-10,17.697999954223633,18.118000030517578,17.316999435424805,18.097000122070312,18.046897888183594,597422000
NVDA,2022-08-11,18.131000518798828,18.707000732421875,17.875999450683594,17.941999435424805,17.892324447631836,509327000
NVDA,2022-08-12,18.15999984741211,18.718000411987305,17.952999114990234,18.708999633789062,18.657203674316406,478094000
NVDA,2022-08-15,18.701000213623047,19.163999557495117,18.613000869750977,19.031999588012695,18.97930908203125,457666000
NVDA,2022-08-16,18.920000076293945,19.142000198364258,18.500999450683594,18.878999710083008,18.826732635498047,451240000
NVDA,2022-08-17,18.523000717163086,18.687999725341797,18.145000457763672,18.334999084472656,18.28423500061035,446799000
NVDA,2022-08-18,18.301000595092773,18.864999771118164,18.183000564575195,18.773000717163086,18.72102165222168,415447000
NVDA,2022-08-19,18.4060001373291,18.520000457763672,17.770000457763672,17.849000930786133,17.799585342407227,441588000
NVDA,2022-08-22,17.489999771118164,17.558000564575195,16.965999603271484,17.034000396728516,16.98683738708496,409593000
NVDA,2022-08-23,16.98900032043457,17.46500015258789,16.969999313354492,17.180999755859375,17.133438110351562,369986000
NVDA,2022-08-24,17.011999130249023,17.4060001373291,16.895000457763672,17.222000122070312,17.1743221282959,522661000
NVDA,2022-08-25,16.8439998626709,17.94700050354004,16.83300018310547,17.913000106811523,17.863405227661133,770691000
NVDA,2022-08-26,17.85700035095215,17.923999786376953,16.23699951171875,16.260000228881836,16.214981079101562,769127000
NVDA,2022-08-29,16.020000457763672,16.33799934387207,15.767000198364258,15.800999641418457,15.757254600524902,496132000
NVDA,2022-08-30,15.960000038146973,16.038999557495117,15.182000160217285,15.468000411987305,15.425175666809082,530181000
NVDA,2022-08-31,15.383999824523926,15.539999961853027,14.958999633789062,15.093999862670898,15.052209854125977,573710000
NVDA,2022-09-01,14.208999633789062,14.380000114440918,13.270000457763672,13.937000274658203,13.898414611816406,1178865000
NVDA,2022-09-02,14.100000381469727,14.170999526977539,13.590999603271484,13.647000312805176,13.60921573638916,743157000
NVDA,2022-09-06,13.730999946594238,13.779000282287598,13.35099983215332,13.46500015258789,13.427721977233887,535751000
NVDA,2022-09-07,13.562999725341797,13.838000297546387,13.345999717712402,13.71399974822998,13.680094718933105,512657000
NVDA,2022-09-08,13.458999633789062,14.008000373840332,13.369000434875488,13.989999771118164,13.955412864685059,624873000
NVDA,2022-09-09,14.156999588012695,14.473999977111816,14.12600040435791,14.38700008392334,14.351430892944336,486612000
NVDA,2022-09-12,14.369000434875488,14.54699993133545,14.197999954223633,14.505000114440918,14.469138145446777,484159000
NVDA,2022-09-13,13.802000045776367,13.92199993133545,13.098999977111816,13.130999565124512,13.098536491394043,714956000
NVDA,2022-09-14,13.253999710083008,13.289999961853027,12.913000106811523,13.128000259399414,13.095544815063477,588507000
NVDA,2022-09-15,13.015000343322754,13.232999801635742,12.789999961853027,12.928999900817871,12.8970365524292,523625000
NVDA,2022-09-16,12.741999626159668,13.211999893188477,12.616999626159668,13.197999954223633,13.165371894836426,670751000
NVDA,2022-09-19,13.01200008392334,13.463000297546387,13.010000228881836,13.381999969482422,13.348917007446289,569685000
NVDA,2022-09-20,13.21500015258789,13.482999801635742,13.057000160217285,13.175999641418457,13.143426895141602,524818000
NVDA,2022-09-21,13.213000297546387,14.031000137329102,13.109999656677246,13.26099967956543,13.228216171264648,807679000
NVDA,2022-09-22,13.069999694824219,13.14900016784668,12.428000450134277,12.560999870300293,12.529946327209473,759162000
NVDA,2022-09-23,12.420000076293945,12.611000061035156,12.256999969482422,12.515999794006348,12.48505687713623,663309000
NVDA,2022-09-26,12.491000175476074,12.659000396728516,12.21399974822998,12.227999687194824,12.197769165039062,547343000
NVDA,2022-09-27,12.506999969482422,12.736000061035156,12.258000373840332,12.413000106811523,12.382312774658203,553854000
NVDA,2022-09-28,12.40999984741211,12.822999954223633,12.354000091552734,12.736000061035156,12.704514503479004,542414000
NVDA,2022-09-29,12.447999954223633,12.5,11.946000099182129,12.220000267028809,12.189788818359375,532763000
NVDA,2022-09-30,12.086999893188477,12.633000373840332,12.074999809265137,12.138999938964844,12.108987808227539,565638000
NVDA,2022-10-03,12.347000122070312,12.678000450134277,12.104999542236328,12.51200008392334,12.481067657470703,547478000
NVDA,2022-10-04,12.878999710083008,13.220000267028809,12.878999710083008,13.166999816894531,13.134445190429688,584182000
NVDA,2022-10-05,12.91100025177002,13.321000099182129,12.621000289916992,13.208999633789062,13.176342964172363,507131000
NVDA,2022-10-06,13.220000267028809,13.656000137329102,13.102999687194824,13.130000114440918,13.097539901733398,644157000
NVDA,2022-10-07,12.505000114440918,12.670000076293945,12.022000312805176,12.076000213623047,12.046144485473633,672478000
NVDA,2022-10-10,12.036999702453613,12.12399959564209,11.407999992370605,11.670000076293945,11.64114761352539,698699000
NVDA,2022-10-11,11.560999870300293,11.845999717712402,11.282999992370605,11.586000442504883,11.557355880737305,667482000
NVDA,2022-10-12,11.579000473022461,11.734999656677246,11.345000267028809,11.5,11.471570014953613,492590000
NVDA,2022-10-13,10.970999717712402,12.07800006866455,10.812999725341797,11.960000038146973,11.930431365966797,850103000
NVDA,2022-10-14,12.057000160217285,12.111000061035156,11.204000473022461,11.22700023651123,11.199243545532227,713432000
NVDA,2022-10-17,11.517999649047852,11.947999954223633,11.517000198364258,11.887999534606934,11.85860824584961,580774000
NVDA,2022-10-18,12.343999862670898,12.491999626159668,11.618000030517578,11.967000007629395,11.937414169311523,659362000
NVDA,2022-10-19,11.878999710083008,12.350000381469727,11.833999633789062,12.050999641418457,12.021206855773926,523131000
NVDA,2022-10-20,12.11299991607666,12.769000053405762,12.104999542236328,12.194000244140625,12.163853645324707,652398000
NVDA,2022-10-21,12.097999572753906,12.498000144958496,11.88700008392334,12.465999603271484,12.435178756713867,609494000
NVDA,2022-10-24,12.508000373840332,12.710000038146973,12.064000129699707,12.598999977111816,12.567853927612305,517457000
NVDA,2022-10-25,12.694000244140625,13.300000190734863,12.663999557495117,13.26099967956543,13.228216171264648,505482000
NVDA,2022-10-26,12.869000434875488,13.387999534606934,12.708000183105469,12.895999908447266,12.864118576049805,532953000
NVDA,2022-10-27,13.630000114440918,13.838000297546387,13.121999740600586,13.175999641418457,13.143426895141602,583113000
NVDA,2022-10-28,13.104000091552734,13.850000381469727,13.060999870300293,13.833999633789062,13.799799919128418,521040000
NVDA,2022-10-31,13.777999877929688,13.838000297546387,13.29699993133545,13.496999740600586,13.463631629943848,486341000
NVDA,2022-11-01,13.810999870300293,13.925000190734863,13.519000053405762,13.543000221252441,13.50951862335205,432817000
NVDA,2022-11-02,13.850000381469727,14.210000038146973,13.211000442504883,13.218999862670898,13.186318397521973,672628000
NVDA,2022-11-03,13.043000221252441,13.781000137329102,12.956000328063965,13.420999526977539,13.387819290161133,500065000
NVDA,2022-11-04,13.986000061035156,14.229000091552734,13.696999549865723,14.156000137329102,14.121003150939941,612576000
NVDA,2022-11-07,14.227999687194824,14.411999702453613,13.954000473022461,14.300999641418457,14.265645027160645,410061000
NVDA,2022-11-08,14.800999641418457,14.890999794006348,14.215999603271484,14.60200023651123,14.565902709960938,595292000
NVDA,2022-11-09,14.161999702453613,14.211000442504883,13.758999824523926,13.776000022888184,13.741943359375,454414000
NVDA,2022-11-10,14.800000190734863,15.77299976348877,14.54699993133545,15.75,15.71106243133545,700819000
NVDA,2022-11-11,15.807000160217285,16.388999938964844,15.482000350952148,16.32699966430664,16.286638259887695,655487000
NVDA,2022-11-14,16.218000411987305,16.540000915527344,15.92199993133545,16.295000076293945,16.25471305847168,527852000
NVDA,2022-11-15,16.722000122070312,16.99799919128418,16.381999969482422,16.666000366210938,16.62479591369629,545876000
NVDA,2022-11-16,16.16200065612793,16.36199951171875,15.873000144958496,15.90999984741211,15.870667457580566,649547000
NVDA,2022-11-17,15.71500015258789,16.266000747680664,15.53499984741211,15.677000045776367,15.6382417678833,710894000
NVDA,2022-11-18,15.965999603271484,16.00200080871582,15.119999885559082,15.409000396728516,15.370903015136719,492072000
NVDA,2022-11-21,15.147000312805176,15.47700023651123,15.079999923706055,15.317000389099121,15.279132843017578,404739000
NVDA,2022-11-22,15.32800006866455,16.058000564575195,15.121999740600586,16.038000106811523,15.998350143432617,472866000
NVDA,2022-11-23,16.097999572753906,16.527000427246094,16.04800033569336,16.518999099731445,16.478164672851562,427241000
NVDA,2022-11-25,16.31800079345703,16.48699951171875,16.172000885009766,16.270000457763672,16.229780197143555,167934000
NVDA,2022-11-28,16.025999069213867,16.35700035095215,15.725000381469727,15.82699966430664,15.787870407104492,303741000
NVDA,2022-11-29,15.82699966430664,15.932000160217285,15.520000457763672,15.638999938964844,15.600335121154785,298384000
NVDA,2022-11-30,15.696999549865723,16.93000030517578,15.597000122070312,16.92300033569336,16.885478973388672,565298000
NVDA,2022-12-01,16.999000549316406,17.264999389648438,16.635000228881836,17.135000228881836,17.097009658813477,470977000
NVDA,2022-12-02,16.659000396728516,16.933000564575195,16.44499969482422,16.875999450683594,16.838586807250977,371389000
NVDA,2022-12-05,16.679000854492188,16.9950008392334,16.472000122070312,16.610000610351562,16.57317543029785,352255000
NVDA,2022-12-06,16.530000686645508,16.572999954223633,15.819000244140625,15.987000465393066,15.951557159423828,352694000
NVDA,2022-12-07,15.772000312805176,16.18600082397461,15.666999816894531,16.1200008392334,16.08426284790039,372388000
NVDA,2022-12-08,16.273000717163086,17.179000854492188,15.958999633789062,17.16900062561035,17.130935668945312,515456000
NVDA,2022-12-09,17.15999984741211,17.58300018310547,16.975000381469727,17.000999450683594,16.963306427001953,465338000
NVDA,2022-12-12,17.03700065612793,17.538000106811523,16.797000885009766,17.53499984741211,17.496126174926758,457328000
NVDA,2022-12-13,18.5310001373291,18.790000915527344,17.711000442504883,18.07200050354004,18.03193473815918,656589000
NVDA,2022-12-14,17.98699951171875,18.25200080871582,17.420000076293945,17.673999786376953,17.634815216064453,496888000
NVDA,2022-12-15,17.145999908447266,17.31999969482422,16.700000762939453,16.95199966430664,16.914411544799805,478542000
NVDA,2022-12-16,16.86400032043457,17.041000366210938,16.40999984741211,16.570999145507812,16.53426170349121,478232000
NVDA,2022-12-19,16.57200050354004,16.608999252319336,16.145000457763672,16.253999710083008,16.21796226501465,354039000
NVDA,2022-12-20,16.06399917602539,16.309999465942383,15.85200023651123,16.084999084472656,16.049339294433594,403260000
NVDA,2022-12-21,16.11400032043457,16.62700080871582,16.101999282836914,16.500999450683594,16.46441650390625,325025000
NVDA,2022-12-22,16.0939998626709,16.13800048828125,14.881999969482422,15.33899974822998,15.30499267578125,565045000
NVDA,2022-12-23,15.196000099182129,15.33899974822998,14.883000373840332,15.206000328063965,15.17228889465332,349326000
NVDA,2022-12-27,15.074000358581543,15.100000381469727,14.055999755859375,14.121000289916992,14.089693069458008,464902000
NVDA,2022-12-28,13.927000045776367,14.26200008392334,13.883999824523926,14.03600025177002,14.0048828125,351066000
NVDA,2022-12-29,14.402000427246094,14.682999610900879,14.22700023651123,14.602999687194824,14.570625305175781,354923000
NVDA,2022-12-30,14.333999633789062,14.628999710083008,14.232999801635742,14.61400032043457,14.5816011428833,310490000
NVDA,2023-01-03,14.85099983215332,14.996000289916992,14.095999717712402,14.3149995803833,14.283260345458984,401277000
NVDA,2023-01-04,14.567000389099121,14.852999687194824,14.241000175476074,14.74899959564209,14.716300010681152,431324000
NVDA,2023-01-05,14.491000175476074,14.564000129699707,14.14799976348877,14.265000343322754,14.23337459564209,389168000
NVDA,2023-01-06,14.473999977111816,15.010000228881836,14.034000396728516,14.859000205993652,14.826055526733398,405044000
NVDA,2023-01-09,15.284000396728516,16.055999755859375,15.140999794006348,15.628000259399414,15.593351364135742,504231000
NVDA,2023-01-10,15.506999969482422,15.961999893188477,15.472000122070312,15.909000396728516,15.873727798461914,384101000
NVDA,2023-01-11,15.84000015258789,16.027999877929688,15.562999725341797,16.000999450683594,15.965523719787598,353285000
NVDA,2023-01-12,16.100000381469727,16.636999130249023,15.491999626159668,16.51099967956543,16.47439193725586,551409000
NVDA,2023-01-13,16.277999877929688,16.922000885009766,16.165000915527344,16.89900016784668,16.86153793334961,447287000
NVDA,2023-01-17,16.89900016784668,17.72800064086914,16.89900016784668,17.70199966430664,17.662755966186523,511102000
NVDA,2023-01-18,17.66699981689453,17.87299919128418,17.281999588012695,17.37700080871582,17.338476181030273,439624000
NVDA,2023-01-19,17.035999298095703,17.19700050354004,16.731000900268555,16.764999389648438,16.727832794189453,452932000
NVDA,2023-01-20,17.01099967956543,17.856000900268555,16.825000762939453,17.839000701904297,17.799449920654297,564967000
NVDA,2023-01-23,18.06399917602539,19.2450008392334,17.81800079345703,19.19300079345703,19.150449752807617,655163000
NVDA,2023-01-24,18.82699966430664,19.4950008392334,18.81999969482422,19.264999389648438,19.222291946411133,496204000
NVDA,2023-01-25,18.913000106811523,19.3700008392334,18.579999923706055,19.322999954223633,19.2801570892334,449537000
NVDA,2023-01-26,19.701000213623047,20.166000366210938,19.277999877929688,19.802000045776367,19.758100509643555,489535000
NVDA,2023-01-27,19.461999893188477,20.628000259399414,19.405000686645508,20.364999771118164,20.319849014282227,542142000
NVDA,2023-01-30,19.950000762939453,20.139999389648438,19.149999618530273,19.16200065612793,19.11951446533203,488611000
NVDA,2023-01-31,19.170000076293945,19.687000274658203,18.950000762939453,19.53700065612793,19.49368667602539,498017000
NVDA,2023-02-01,19.69099998474121,21.191999435424805,19.611000061035156,20.94300079345703,20.896568298339844,660477000
NVDA,2023-02-02,21.0,21.948999404907227,20.700000762939453,21.708999633789062,21.660863876342773,564276000
NVDA,2023-02-03,21.0,21.7450008392334,20.788999557495117,21.100000381469727,21.053220748901367,429366000
NVDA,2023-02-06,20.805999755859375,21.56999969482422,20.785999298095703,21.089000701904297,21.042245864868164,452197000
NVDA,2023-02-07,21.381999969482422,22.259000778198242,21.149999618530273,22.17300033569336,22.12384033203125,664150000
NVDA,2023-02-08,22.386999130249023,22.878000259399414,22.007999420166016,22.204999923706055,22.15576934814453,559651000
NVDA,2023-02-09,22.606000900268555,23.020000457763672,22.1200008392334,22.336999893188477,22.2874755859375,523876000
NVDA,2023-02-10,21.690000534057617,22.077999114990234,20.81100082397461,21.264999389648438,21.217853546142578,550737000
NVDA,2023-02-13,21.538000106811523,22.04800033569336,20.961999893188477,21.788000106811523,21.739694595336914,474919000
NVDA,2023-02-14,21.577999114990234,23.048999786376953,21.365999221801758,22.97100067138672,22.92007827758789,675474000
NVDA,2023-02-15,22.548999786376953,22.854999542236328,22.106000900268555,22.763999938964844,22.713531494140625,420575000
NVDA,2023-02-16,22.132999420166016,22.549999237060547,21.927000045776367,22.00200080871582,21.953218460083008,412026000
NVDA,2023-02-17,21.631000518798828,21.739999771118164,20.975000381469727,21.38800048828125,21.34058380126953,465888000
NVDA,2023-02-21,21.0,21.493999481201172,20.618000030517578,20.655000686645508,20.609207153320312,410015000
NVDA,2023-02-22,20.707000732421875,21.104000091552734,20.42099952697754,20.753999710083008,20.70798683166504,513184000
NVDA,2023-02-23,23.440000534057617,23.88800048828125,23.024999618530273,23.663999557495117,23.611534118652344,1117995000
NVDA,2023-02-24,23.225000381469727,23.474000930786133,22.94700050354004,23.285999298095703,23.234373092651367,589716000
NVDA,2023-02-27,23.670000076293945,23.8799991607666,23.45400047302246,23.500999450683594,23.448894500732422,452994000
NVDA,2023-02-28,23.371999740600586,23.825000762939453,23.20599937438965,23.215999603271484,23.16452980041504,455963000
NVDA,2023-03-01,23.191999435424805,23.256000518798828,22.507999420166016,22.697999954223633,22.647680282592773,460026000
NVDA,2023-03-02,22.488000869750977,23.3799991607666,22.43199920654297,23.31399917602539,23.262306213378906,389415000
NVDA,2023-03-03,23.31999969482422,23.899999618530273,23.1299991607666,23.889999389648438,23.837034225463867,412393000
NVDA,2023-03-06,23.891000747680664,24.24799919128418,23.48699951171875,23.554000854492188,23.501781463623047,437429000
NVDA,2023-03-07,23.600000381469727,24.125,23.240999221801758,23.288000106811523,23.240312576293945,515154000
NVDA,2023-03-08,23.48699951171875,24.200000762939453,23.423999786376953,24.180999755859375,24.131486892700195,513573000
NVDA,2023-03-09,24.174999237060547,24.45400047302246,23.382999420166016,23.43600082397461,23.388015747070312,501257000
NVDA,2023-03-10,23.409000396728516,23.62700080871582,22.72599983215332,22.96500015258789,22.917978286743164,474866000
NVDA,2023-03-13,22.75200080871582,23.29800033569336,22.297000885009766,22.965999603271484,22.918975830078125,421890000
NVDA,2023-03-14,23.496000289916992,24.2189998626709,23.459999084472656,24.062999725341797,24.013729095458984,474910000
NVDA,2023-03-15,23.76099967956543,24.285999298095703,23.360000610351562,24.22800064086914,24.17839241027832,524486000
NVDA,2023-03-16,24.027000427246094,25.58799934387207,23.893999099731445,25.541000366210938,25.48870277404785,583253000
NVDA,2023-03-17,25.98200035095215,26.39900016784668,25.667999267578125,25.725000381469727,25.672327041625977,848547000
NVDA,2023-03-20,25.614999771118164,26.02400016784668,25.1299991607666,25.899999618530273,25.846965789794922,432747000
NVDA,2023-03-21,26.18000030517578,26.392000198364258,25.381000518798828,26.198999404907227,26.145355224609375,547408000
NVDA,2023-03-22,26.424999237060547,27.589000701904297,26.23699951171875,26.468000411987305,26.41380500793457,797295000
NVDA,2023-03-23,27.114999771118164,27.499000549316406,26.690000534057617,27.19099998474121,27.13532257080078,564889000
NVDA,2023-03-24,27.0310001373291,27.16699981689453,26.354999542236328,26.77899932861328,26.724166870117188,454920000
NVDA,2023-03-27,26.836999893188477,27.0,26.364999771118164,26.5310001373291,26.47667694091797,361026000
NVDA,2023-03-28,26.44700050354004,26.51300048828125,25.850000381469727,26.40999984741211,26.355920791625977,356104000
NVDA,2023-03-29,26.825000762939453,27.077999114990234,26.597000122070312,26.983999252319336,26.92875099182129,393694000
NVDA,2023-03-30,27.229000091552734,27.499000549316406,27.101999282836914,27.382999420166016,27.326929092407227,364516000
NVDA,2023-03-31,27.139999389648438,27.833999633789062,27.104999542236328,27.777000427246094,27.720121383666992,433933000
NVDA,2023-04-03,27.509000778198242,28.0,27.336000442504883,27.96500015258789,27.907739639282227,398716000
NVDA,2023-04-04,27.965999603271484,28.0,27.30699920654297,27.452999114990234,27.396787643432617,368592000
NVDA,2023-04-05,26.82900047302246,26.99799919128418,26.395000457763672,26.881000518798828,26.825958251953125,515015000
NVDA,2023-04-06,26.583999633789062,27.079999923706055,26.427000045776367,27.03700065612793,26.981637954711914,397654000
NVDA,2023-04-10,26.822999954223633,27.621000289916992,26.66900062561035,27.57900047302246,27.52252769470215,395279000
NVDA,2023-04-11,27.724000930786133,27.790000915527344,27.125999450683594,27.16900062561035,27.113367080688477,314378000
NVDA,2023-04-12,27.3700008392334,27.468000411987305,26.447999954223633,26.4950008392334,26.440750122070312,446259000
NVDA,2023-04-13,26.733999252319336,26.886999130249023,26.32900047302246,26.46299934387207,26.408815383911133,353615000
NVDA,2023-04-14,26.503999710083008,26.882999420166016,26.219999313354492,26.757999420166016,26.703208923339844,395660000
NVDA,2023-04-17,26.565000534057617,27.006000518798828,26.433000564575195,27.00200080871582,26.94671058654785,321471000
NVDA,2023-04-18,27.533000946044922,28.110000610351562,27.35700035095215,27.66699981689453,27.610349655151367,604812000
NVDA,2023-04-19,27.361000061035156,28.0,27.23200035095215,27.930999755859375,27.873809814453125,358660000
NVDA,2023-04-20,27.67099952697754,28.030000686645508,27.0,27.104000091552734,27.048498153686523,427713000
NVDA,2023-04-21,26.95199966430664,27.183000564575195,26.722000122070312,27.118999481201172,27.0634765625,345103000
NVDA,2023-04-24,27.01300048828125,27.365999221801758,26.67099952697754,27.04199981689453,26.986629486083984,339282000
NVDA,2023-04-25,27.077999114990234,27.246999740600586,26.225000381469727,26.240999221801758,26.18726921081543,378527000
NVDA,2023-04-26,27.00200080871582,27.329999923706055,26.704999923706055,26.95599937438965,26.900806427001953,406337000
NVDA,2023-04-27,27.363000869750977,27.4950008392334,26.625,27.22599983215332,27.170251846313477,377161000
NVDA,2023-04-28,27.225000381469727,27.757999420166016,27.070999145507812,27.749000549316406,27.692180633544922,292216000
NVDA,2023-05-01,27.84000015258789,29.058000564575195,27.780000686645508,28.90999984741211,28.850801467895508,570329000
NVDA,2023-05-02,28.68000030517578,28.836000442504883,28.08300018310547,28.209999084472656,28.152236938476562,402730000
NVDA,2023-05-03,27.84000015258789,28.367000579833984,27.472000122070312,27.802000045776367,27.745075225830078,383387000
NVDA,2023-05-04,27.650999069213867,27.858999252319336,27.239999771118164,27.562000274658203,27.505565643310547,321850000
NVDA,2023-05-05,27.826000213623047,28.7549991607666,27.731000900268555,28.68000030517578,28.621274948120117,361494000
NVDA,2023-05-08,28.52199935913086,29.219999313354492,28.350000381469727,29.150999069213867,29.091310501098633,344979000
NVDA,2023-05-09,28.89900016784668,28.972999572753906,28.450000762939453,28.570999145507812,28.51249885559082,314869000
NVDA,2023-05-10,29.0049991607666,29.113000869750977,28.461000442504883,28.885000228881836,28.825857162475586,369350000
NVDA,2023-05-11,28.895999908447266,28.950000762939453,28.246000289916992,28.577999114990234,28.51948356628418,322149000
NVDA,2023-05-12,28.52899932861328,28.780000686645508,28.04599952697754,28.34000015258789,28.281970977783203,274222000
NVDA,2023-05-15,28.507999420166016,28.9689998626709,28.152000427246094,28.952999114990234,28.893714904785156,293926000
NVDA,2023-05-16,28.840999603271484,29.8700008392334,28.832000732421875,29.21299934387207,29.153182983398438,449405000
NVDA,2023-05-17,29.583999633789062,30.198999404907227,29.43000030517578,30.17799949645996,30.116207122802734,432535000
NVDA,2023-05-18,30.40999984741211,31.827999114990234,30.31999969482422,31.67799949645996,31.613136291503906,748725000
NVDA,2023-05-19,31.535999298095703,31.579999923706055,30.916000366210938,31.263999938964844,31.19998550415039,473908000
NVDA,2023-05-22,30.900999069213867,31.520000457763672,30.68000030517578,31.176000595092773,31.112167358398438,372000000
NVDA,2023-05-23,31.0,31.288000106811523,30.631000518798828,30.687999725341797,30.625165939331055,356253000
NVDA,2023-05-24,30.209999084472656,30.60700035095215,29.805999755859375,30.538000106811523,30.4754695892334,721419000
NVDA,2023-05-25,38.52299880981445,39.47999954223633,36.6349983215332,37.97999954223633,37.9022331237793,1543911000
NVDA,2023-05-26,37.88999938964844,39.16999816894531,37.54999923706055,38.94599914550781,38.86625289916992,714397000
NVDA,2023-05-30,40.595001220703125,41.9379997253418,39.94900131225586,40.111000061035156,40.028873443603516,923401000
NVDA,2023-05-31,39.487998962402344,40.29499816894531,37.821998596191406,37.83399963378906,37.756526947021484,1002580000
NVDA,2023-06-01,38.48899841308594,40.04999923706055,38.34000015258789,39.77000045776367,39.688568115234375,635873000
NVDA,2023-06-02,40.09700012207031,40.5,39.05799865722656,39.32699966430664,39.2464714050293,482731000
NVDA,2023-06-05,38.909000396728516,39.564998626708984,38.707000732421875,39.17100143432617,39.090797424316406,396094000
NVDA,2023-06-06,38.83000183105469,39.15999984741211,38.14799880981445,38.65399932861328,38.57484817504883,388729000
NVDA,2023-06-07,38.915000915527344,39.499000549316406,37.35599899291992,37.474998474121094,37.40213394165039,511998000
NVDA,2023-06-08,37.7239990234375,38.86399841308594,37.505001068115234,38.5099983215332,38.435123443603516,417772000
NVDA,2023-06-09,39.0369987487793,39.71099853515625,38.56700134277344,38.77000045776367,38.694610595703125,427717000
NVDA,2023-06-12,39.20000076293945,39.529998779296875,38.61800003051758,39.481998443603516,39.40522766113281,388701000
NVDA,2023-06-13,40.18600082397461,41.10100173950195,39.7400016784668,41.02199935913086,40.94223403930664,613208000
NVDA,2023-06-14,40.82400131225586,43.0,40.551998138427734,42.99700164794922,42.91340255737305,740465000
NVDA,2023-06-15,42.60200119018555,43.28900146484375,42.14699935913086,42.65299987792969,42.570072174072266,568622000
NVDA,2023-06-16,43.45000076293945,43.72100067138672,42.6609992980957,42.69200134277344,42.60899353027344,655709000
NVDA,2023-06-20,42.99800109863281,43.9900016784668,42.67399978637695,43.80799865722656,43.72282409667969,451153000
NVDA,2023-06-21,43.500999450683594,43.6150016784668,42.08000183105469,43.04499816894531,42.961299896240234,551603000
NVDA,2023-06-22,42.25299835205078,43.42599868774414,42.23400115966797,43.025001525878906,42.94134521484375,417737000
NVDA,2023-06-23,42.4640007019043,42.808998107910156,42.01499938964844,42.20899963378906,42.12693786621094,358140000
NVDA,2023-06-26,42.46099853515625,42.763999938964844,40.099998474121094,40.63199996948242,40.553001403808594,594322000
NVDA,2023-06-27,40.79899978637695,41.939998626708984,40.448001861572266,41.875999450683594,41.79458236694336,462175000
NVDA,2023-06-28,40.65999984741211,41.845001220703125,40.518001556396484,41.117000579833984,41.03706359863281,582639000
NVDA,2023-06-29,41.55799865722656,41.599998474121094,40.599998474121094,40.821998596191406,40.74262237548828,380514000
NVDA,2023-06-30,41.68000030517578,42.54999923706055,41.500999450683594,42.301998138427734,42.21974563598633,501148000
NVDA,2023-07-03,42.516998291015625,42.89799880981445,42.20199966430664,42.41299819946289,42.33053970336914,198209000
NVDA,2023-07-05,42.1349983215332,43.176998138427734,42.084999084472656,42.31700134277344,42.23472595214844,323618000
NVDA,2023-07-06,41.84400177001953,42.17900085449219,41.34600067138672,42.10300064086914,42.021141052246094,303582000
NVDA,2023-07-07,42.321998596191406,43.2140007019043,42.18000030517578,42.50299835205078,42.42035675048828,355881000
NVDA,2023-07-10,42.65700149536133,42.81100082397461,41.64899826049805,42.18000030517578,42.097991943359375,353908000
NVDA,2023-07-11,42.48099899291992,42.757999420166016,42.06700134277344,42.404998779296875,42.322547912597656,298244000
NVDA,2023-07-12,43.03300094604492,43.935001373291016,42.777000427246094,43.902000427246094,43.81664276123047,481277000
NVDA,2023-07-13,44.518001556396484,46.154998779296875,44.492000579833984,45.97700119018555,45.88760757446289,478204000
NVDA,2023-07-14,46.58300018310547,48.0880012512207,45.060001373291016,45.46900177001953,45.380592346191406,772075000
NVDA,2023-07-17,46.28900146484375,46.49599838256836,45.262001037597656,46.46099853515625,46.370662689208984,510488000
NVDA,2023-07-18,46.70100021362305,47.895999908447266,45.73400115966797,47.49399948120117,47.40165710449219,569164000
NVDA,2023-07-19,47.4640007019043,47.81800079345703,46.742000579833984,47.07699966430664,46.9854621887207,427502000
NVDA,2023-07-20,46.50699996948242,47.08700180053711,45.0620002746582,45.52000045776367,45.43149185180664,537865000
NVDA,2023-07-21,45.78799819946289,45.86600112915039,44.099998474121094,44.308998107910156,44.22284698486328,963769000
NVDA,2023-07-24,44.73099899291992,45.10900115966797,44.040000915527344,44.61199951171875,44.52526092529297,382516000
NVDA,2023-07-25,44.941001892089844,46.18299865722656,44.92300033569336,45.67900085449219,45.590187072753906,348081000
NVDA,2023-07-26,46.020999908447266,46.053001403808594,44.630001068115234,45.45199966430664,45.36363220214844,364237000
NVDA,2023-07-27,46.51900100708008,47.39500045776367,45.75,45.900001525878906,45.810760498046875,455976000
NVDA,2023-07-28,46.667999267578125,47.027000427246094,46.38100051879883,46.75,46.659095764160156,331194000
NVDA,2023-07-31,46.75400161743164,47.130001068115234,46.50600051879883,46.729000091552734,46.638145446777344,251055000
NVDA,2023-08-01,46.459999084472656,46.900001525878906,46.027000427246094,46.50699996948242,46.41657257080078,237858000
NVDA,2023-08-02,45.83100128173828,45.84000015258789,43.387001037597656,44.26900100708008,44.182926177978516,530142000
NVDA,2023-08-03,43.79999923706055,45.11800003051758,43.79999923706055,44.51499938964844,44.42845153808594,324176000
NVDA,2023-08-04,44.98500061035156,45.641998291015625,44.393001556396484,44.68000030517578,44.5931282043457,362666000
NVDA,2023-08-07,45.111000061035156,45.540000915527344,44.5629997253418,45.41699981689453,45.32868957519531,322154000
NVDA,2023-08-08,44.85300064086914,45.242000579833984,44.055999755859375,44.66400146484375,44.5771598815918,353843000
NVDA,2023-08-09,44.27399826049805,44.3120002746582,42.13399887084961,42.55400085449219,42.47126007080078,586449000
NVDA,2023-08-10,42.15999984741211,43.57400131225586,41.834999084472656,42.38800048828125,42.30558395385742,492705000
NVDA,2023-08-11,41.750999450683594,42.018001556396484,40.638999938964844,40.85499954223633,40.775569915771484,533085000
NVDA,2023-08-14,40.486000061035156,43.79999923706055,40.31100082397461,43.75299835205078,43.667930603027344,690286000
NVDA,2023-08-15,44.560001373291016,45.268001556396484,43.709999084472656,43.939998626708984,43.85456466674805,676512000
NVDA,2023-08-16,44.52000045776367,44.67499923706055,43.40599822998047,43.486000061035156,43.40144729614258,527451000
NVDA,2023-08-17,43.970001220703125,44.0620002746582,43.000999450683594,43.34400177001953,43.259727478027344,452395000
NVDA,2023-08-18,42.6349983215332,43.577999114990234,41.65999984741211,43.29899978637695,43.214813232421875,583768000
NVDA,2023-08-21,44.49399948120117,47.064998626708984,44.22200012207031,46.96699905395508,46.87568283081055,692573000
NVDA,2023-08-22,48.1349983215332,48.1870002746582,45.33300018310547,45.667999267578125,45.57920837402344,755293000
NVDA,2023-08-23,45.86600112915039,47.20000076293945,45.20800018310547,47.11600112915039,47.02439498901367,779046000
NVDA,2023-08-24,50.215999603271484,50.26599884033203,47.159000396728516,47.16299819946289,47.0713005065918,1156044000
NVDA,2023-08-25,47.012001037597656,47.80500030517578,45.02399826049805,46.018001556396484,45.92852783203125,925341000
NVDA,2023-08-28,46.481998443603516,46.97999954223633,44.88800048828125,46.834999084472656,46.74393844604492,685192000
NVDA,2023-08-29,46.66600036621094,49.08100128173828,46.39099884033203,48.784000396728516,48.689144134521484,701397000
NVDA,2023-08-30,49.04399871826172,49.926998138427734,48.42499923706055,49.263999938964844,49.168212890625,735206000
NVDA,2023-08-31,49.380001068115234,49.74399948120117,48.95800018310547,49.35499954223633,49.259037017822266,528570000
NVDA,2023-09-01,49.762001037597656,49.79999923706055,48.141998291015625,48.50899887084961,48.41468048095703,463830000
NVDA,2023-09-05,48.222999572753906,48.85100173950195,47.86000061035156,48.54800033569336,48.45361328125,382653000
NVDA,2023-09-06,48.441001892089844,48.54899978637695,46.58000183105469,47.06100082397461,46.973365783691406,468670000
NVDA,2023-09-07,45.525001525878906,46.34400177001953,45.152000427246094,46.24100112915039,46.1548957824707,433330000
NVDA,2023-09-08,45.94200134277344,46.60599899291992,45.270999908447266,45.571998596191406,45.48713684082031,473069000
NVDA,2023-09-11,46.14799880981445,46.16299819946289,44.3120002746582,45.178001403808594,45.09387969970703,473966000
NVDA,2023-09-12,44.737998962402344,45.67300033569336,44.53099822998047,44.869998931884766,44.786441802978516,349256000
NVDA,2023-09-13,44.599998474121094,45.93000030517578,44.50299835205078,45.48500061035156,45.400306701660156,398355000
NVDA,2023-09-14,45.95000076293945,45.98699951171875,45.13100051879883,45.58100128173828,45.496131896972656,370097000
NVDA,2023-09-15,45.340999603271484,45.5989990234375,43.80799865722656,43.900001525878906,43.81825256347656,506831000
NVDA,2023-09-18,42.74800109863281,44.242000579833984,42.0,43.965999603271484,43.88413619995117,500271000
NVDA,2023-09-19,43.83300018310547,43.965999603271484,43.00199890136719,43.52000045776367,43.438961029052734,373064000
NVDA,2023-09-20,43.599998474121094,43.90299987792969,42.222999572753906,42.23899841308594,42.16034698486328,367108000
NVDA,2023-09-21,41.58300018310547,42.099998474121094,40.97999954223633,41.016998291015625,40.940616607666016,450736000
NVDA,2023-09-22,41.571998596191406,42.1150016784668,41.23099899291992,41.61000061035156,41.53252029418945,479236000
NVDA,2023-09-25,41.590999603271484,42.5359992980957,41.176998138427734,42.22200012207031,42.143375396728516,419091000
NVDA,2023-09-26,42.000999450683594,42.81999969482422,41.654998779296875,41.9109992980957,41.83295822143555,402282000
NVDA,2023-09-27,42.33000183105469,42.87200164794922,41.62900161743164,42.46799850463867,42.388919830322266,444935000
NVDA,2023-09-28,42.459999084472656,43.44599914550781,42.1150016784668,43.0890007019043,43.008758544921875,424663000
NVDA,2023-09-29,43.82699966430664,44.14400100708008,43.30699920654297,43.499000549316406,43.417999267578125,397830000
NVDA,2023-10-02,44.029998779296875,45.17499923706055,43.861000061035156,44.78200149536133,44.698604583740234,433298000
NVDA,2023-10-03,44.80799865722656,45.130001068115234,43.24599838256836,43.516998291015625,43.43596267700195,470850000
NVDA,2023-10-04,43.742000579833984,44.143001556396484,43.29199981689453,44.04100036621094,43.958984375,361821000
NVDA,2023-10-05,44.04999923706055,44.900001525878906,43.88800048828125,44.6879997253418,44.60478973388672,393483000
NVDA,2023-10-06,44.19300079345703,45.78900146484375,44.0260009765625,45.762001037597656,45.676788330078125,434436000
NVDA,2023-10-09,44.84199905395508,45.60499954223633,44.36800003051758,45.27299880981445,45.18869400024414,409675000
NVDA,2023-10-10,45.310001373291016,46.25899887084961,45.0880012512207,45.79800033569336,45.71272277832031,368582000
NVDA,2023-10-11,46.19599914550781,46.85900115966797,46.04999923706055,46.805999755859375,46.71884536743164,378137000
NVDA,2023-10-12,46.777000427246094,47.60900115966797,46.33000183105469,46.94499969482422,46.85757827758789,481325000
NVDA,2023-10-13,46.959999084472656,47.11600112915039,45.279998779296875,45.46099853515625,45.376338958740234,474115000
NVDA,2023-10-16,45.0629997253418,46.224998474121094,44.9119987487793,46.095001220703125,46.0091667175293,375099000
NVDA,2023-10-17,44.0,44.75400161743164,42.47999954223633,43.9379997253418,43.85618591308594,812333000
NVDA,2023-10-18,42.590999603271484,43.21900177001953,41.82500076293945,42.19599914550781,42.117427825927734,627294000
NVDA,2023-10-19,42.81100082397461,43.297000885009766,41.88199996948242,42.10100173950195,42.02260971069336,501233000
NVDA,2023-10-20,41.88999938964844,42.470001220703125,41.077999114990234,41.387001037597656,41.3099365234375,477266000
NVDA,2023-10-23,41.229000091552734,43.24800109863281,40.94499969482422,42.974998474121094,42.89497756958008,478530000
NVDA,2023-10-24,43.07699966430664,43.696998596191406,42.691001892089844,43.66299819946289,43.581695556640625,401463000
NVDA,2023-10-25,43.39799880981445,43.650001525878906,41.55500030517578,41.77899932861328,41.701202392578125,398379000
NVDA,2023-10-26,41.85300064086914,42.25600051879883,39.880001068115234,40.32600021362305,40.25090789794922,541001000
NVDA,2023-10-27,41.130001068115234,41.20600128173828,40.01499938964844,40.5,40.42458724975586,416784000
NVDA,2023-10-30,41.08700180053711,41.76599884033203,40.48099899291992,41.1609992980957,41.08435821533203,388028000
NVDA,2023-10-31,40.45000076293945,40.87900161743164,39.22999954223633,40.779998779296875,40.70406723022461,517969000
NVDA,2023-11-01,40.88399887084961,42.38100051879883,40.86899948120117,42.32500076293945,42.24619674682617,437593000
NVDA,2023-11-02,43.327999114990234,43.88399887084961,42.89400100708008,43.50600051879883,43.424983978271484,409172000
NVDA,2023-11-03,44.02000045776367,45.308998107910156,43.722999572753906,45.005001068115234,44.92119216918945,424610000
NVDA,2023-11-06,45.28499984741211,45.935001373291016,44.89899826049805,45.750999450683594,45.66580581665039,400733000
NVDA,2023-11-07,45.71900177001953,46.21799850463867,45.15800094604492,45.95500183105469,45.869422912597656,343165000
NVDA,2023-11-08,46.099998474121094,46.867000579833984,45.96799850463867,46.57400131225586,46.48727035522461,346719000
NVDA,2023-11-09,47.46699905395508,48.22999954223633,46.75,46.95000076293945,46.86256790161133,540496000
NVDA,2023-11-10,47.5,48.47200012207031,47.28300094604492,48.334999084472656,48.244998931884766,421245000
NVDA,2023-11-13,48.31999969482422,49.11600112915039,48.0989990234375,48.619998931884766,48.52946472167969,384136000
NVDA,2023-11-14,49.68000030517578,49.83399963378906,49.040000915527344,49.65599822998047,49.56352996826172,416954000
NVDA,2023-11-15,49.935001373291016,49.959999084472656,48.20000076293945,48.88800048828125,48.796966552734375,475497000
NVDA,2023-11-16,48.67900085449219,49.525001525878906,48.33000183105469,49.47999954223633,49.38786315917969,339756000
NVDA,2023-11-17,49.52399826049805,49.71699905395508,49.00699996948242,49.29800033569336,49.206207275390625,325205000
NVDA,2023-11-20,49.3120002746582,50.54800033569336,49.180999755859375,50.409000396728516,50.315128326416016,414120000
NVDA,2023-11-21,50.125999450683594,50.516998291015625,49.22200012207031,49.944000244140625,49.85099792480469,565747000
NVDA,2023-11-22,49.85200119018555,50.334999084472656,47.689998626708984,48.715999603271484,48.625282287597656,899420000
NVDA,2023-11-24,48.470001220703125,48.92100143432617,47.744998931884766,47.7760009765625,47.687034606933594,294645000
NVDA,2023-11-27,47.79999923706055,48.529998779296875,47.652000427246094,48.242000579833984,48.15217208862305,395662000
NVDA,2023-11-28,48.236000061035156,48.323001861572266,47.472999572753906,47.82099914550781,47.731956481933594,401491000
NVDA,2023-11-29,48.37900161743164,48.762001037597656,47.86000061035156,48.13999938964844,48.05036163330078,382005000
NVDA,2023-11-30,48.02399826049805,48.11000061035156,46.422000885009766,46.77000045776367,46.68291091918945,526247000
NVDA,2023-12-01,46.525001525878906,47.20000076293945,46.1870002746582,46.76499938964844,46.67792510986328,369317000
NVDA,2023-12-04,46.07699966430664,46.07699966430664,45.0099983215332,45.5099983215332,45.425254821777344,437543000
NVDA,2023-12-05,45.465999603271484,46.599998474121094,45.270999908447266,46.566001892089844,46.483375549316406,371718000
NVDA,2023-12-06,47.21500015258789,47.387001037597656,45.4119987487793,45.50299835205078,45.42226028442383,380590000
NVDA,2023-12-07,45.70000076293945,46.62900161743164,45.604000091552734,46.59600067138672,46.513328552246094,350823000
NVDA,2023-12-08,46.595001220703125,47.74100112915039,46.54999923706055,47.50600051879883,47.42170333862305,359224000
NVDA,2023-12-11,47.49100112915039,47.53099822998047,45.83000183105469,46.62699890136719,46.54426574707031,509728000
NVDA,2023-12-12,46.04600143432617,47.66600036621094,46.04600143432617,47.65700149536133,47.57243728637695,372387000
NVDA,2023-12-13,47.62900161743164,48.59400177001953,47.608001708984375,48.0880012512207,48.002681732177734,447792000
NVDA,2023-12-14,48.38999938964844,48.66999816894531,47.422000885009766,48.349998474121094,48.26420593261719,391232000
NVDA,2023-12-15,48.194000244140625,49.40399932861328,48.119998931884766,48.88999938964844,48.803253173828125,479948000
NVDA,2023-12-18,49.400001525878906,50.43299865722656,49.150001525878906,50.07699966430664,49.98814392089844,412587000
NVDA,2023-12-19,49.42399978637695,49.70000076293945,48.89500045776367,49.604000091552734,49.51598358154297,464444000
NVDA,2023-12-20,49.654998779296875,49.999000549316406,48.097999572753906,48.111000061035156,48.025634765625,397894000
NVDA,2023-12-21,48.81100082397461,49.095001220703125,48.41899871826172,48.9900016784668,48.903072357177734,300425000
NVDA,2023-12-22,49.19499969482422,49.382999420166016,48.46699905395508,48.83000183105469,48.74336624145508,252507000
NVDA,2023-12-26,48.96799850463867,49.599998474121094,48.959999084472656,49.27899932861328,49.19156265258789,244200000
NVDA,2023-12-27,49.51100158691406,49.68000030517578,49.084999084472656,49.41699981689453,49.32931900024414,233648000
NVDA,2023-12-28,49.643001556396484,49.88399887084961,49.4119987487793,49.52199935913086,49.43413162231445,246587000
NVDA,2023-12-29,49.8129997253418,49.99700164794922,48.750999450683594,49.52199935913086,49.43413162231445,389293000
NVDA,2024-01-02,49.24399948120117,49.29499816894531,47.595001220703125,48.167999267578125,48.08252716064453,411254000
NVDA,2024-01-03,47.48500061035156,48.183998107910156,47.31999969482422,47.569000244140625,47.48459243774414,320896000
NVDA,2024-01-04,47.766998291015625,48.5,47.507999420166016,47.99800109863281,47.91283416748047,306535000
NVDA,2024-01-05,48.46200180053711,49.547000885009766,48.305999755859375,49.09700012207031,49.009883880615234,415039000
NVDA,2024-01-08,49.512001037597656,52.275001525878906,49.479000091552734,52.25299835205078,52.16028594970703,642510000
NVDA,2024-01-09,52.4010009765625,54.32500076293945,51.689998626708984,53.13999938964844,53.045711517333984,773100000
NVDA,2024-01-10,53.61600112915039,54.599998474121094,53.48899841308594,54.349998474121094,54.25356674194336,533796000
NVDA,2024-01-11,54.999000549316406,55.34600067138672,53.560001373291016,54.821998596191406,54.72472381591797,596759000
NVDA,2024-01-12,54.619998931884766,54.970001220703125,54.33000183105469,54.709999084472656,54.61292266845703,352994000
NVDA,2024-01-16,55.018001556396484,56.834999084472656,54.900001525878906,56.38199996948242,56.28195571899414,449580000
NVDA,2024-01-17,56.34700012207031,56.47100067138672,54.7400016784668,56.053001403808594,55.953548431396484,474394000
NVDA,2024-01-18,57.2599983215332,57.599998474121094,56.106998443603516,57.106998443603516,57.00566864013672,491650000
NVDA,2024-01-19,57.98899841308594,59.5,57.224998474121094,59.49100112915039,59.38544464111328,543501000
NVDA,2024-01-22,60.04899978637695,60.33100128173828,59.06999969482422,59.65399932861328,59.548152923583984,452955000
NVDA,2024-01-23,59.56999969482422,59.90999984741211,58.584999084472656,59.87300109863281,59.76676559448242,294654000
NVDA,2024-01-24,60.30400085449219,62.8489990234375,59.9379997253418,61.36199951171875,61.25312423706055,560271000
NVDA,2024-01-25,62.349998474121094,62.71900177001953,60.849998474121094,61.617000579833984,61.50767517089844,482777000
NVDA,2024-01-26,60.959999084472656,61.78300094604492,60.573001861572266,61.03099822998047,60.92270278930664,390309000
NVDA,2024-01-29,61.231998443603516,62.48899841308594,60.90700149536133,62.46500015258789,62.35416030883789,348733000
NVDA,2024-01-30,62.900001525878906,63.49300003051758,62.2599983215332,62.77399826049805,62.662620544433594,410735000
NVDA,2024-01-31,61.439998626708984,62.26900100708008,60.70000076293945,61.527000427246094,61.41783142089844,453795000
NVDA,2024-02-01,62.099998474121094,63.191001892089844,61.650001525878906,63.027000427246094,62.91516876220703,369146000
NVDA,2024-02-02,63.9739990234375,66.5999984741211,63.689998626708984,66.16000366210938,66.04261779785156,476578000
NVDA,2024-02-05,68.2249984741211,69.49700164794922,67.20500183105469,69.33200073242188,69.20897674560547,680078000
NVDA,2024-02-06,69.62999725341797,69.75399780273438,66.30000305175781,68.2229995727539,68.1019515991211,683111000
NVDA,2024-02-07,68.31900024414062,70.22000122070312,67.5999984741211,70.0989990234375,69.97461700439453,495575000
NVDA,2024-02-08,70.0739974975586,70.79399871826172,69.45500183105469,69.64099884033203,69.5174331665039,414422000
NVDA,2024-02-09,70.53299713134766,72.18499755859375,70.21199798583984,72.13300323486328,72.0050277709961,436637000
NVDA,2024-02-12,72.5999984741211,74.61100006103516,71.25,72.24800109863281,72.11980438232422,613710000
NVDA,2024-02-13,70.4000015258789,73.44999694824219,69.62000274658203,72.12799835205078,72.00003814697266,602580000
NVDA,2024-02-14,73.2020034790039,74.23600006103516,71.93800354003906,73.9000015258789,73.76888275146484,504917000
NVDA,2024-02-15,73.86900329589844,73.9749984741211,72.4000015258789,72.65799713134766,72.5290756225586,420122000
NVDA,2024-02-16,74.0999984741211,74.4020004272461,72.5009994506836,72.61299896240234,72.4841537475586,495327000
NVDA,2024-02-20,71.9469985961914,71.95600128173828,67.73400115966797,69.4520034790039,69.32877349853516,704833000
NVDA,2024-02-21,68.00599670410156,68.88800048828125,66.24800109863281,67.47200012207031,67.352294921875,673755000
NVDA,2024-02-22,75.0250015258789,78.57499694824219,74.22000122070312,78.53800201416016,78.39865112304688,865100000
NVDA,2024-02-23,80.79000091552734,82.39399719238281,77.56999969482422,78.81700134277344,78.67716217041016,829388000
NVDA,2024-02-26,79.69999694824219,80.64600372314453,78.50499725341797,79.09200286865234,78.95167541503906,503973000
NVDA,2024-02-27,79.38099670410156,79.4800033569336,77.16200256347656,78.70099639892578,78.56135559082031,391705000
NVDA,2024-02-28,77.62000274658203,78.93299865722656,77.125,77.66300201416016,77.52519989013672,393110000
NVDA,2024-02-29,79.09400177001953,79.98999786376953,78.3499984741211,79.11199951171875,78.97162628173828,507289000
NVDA,2024-03-01,80.0,82.30000305175781,79.43499755859375,82.27899932861328,82.13300323486328,479135000
NVDA,2024-03-04,84.12999725341797,87.69499969482422,83.71900177001953,85.23699951171875,85.08576202392578,615616000
NVDA,2024-03-05,85.2699966430664,86.09700012207031,83.41699981689453,85.96399688720703,85.81549835205078,520639000
NVDA,2024-03-06,88.02200317382812,89.7239990234375,87.02999877929688,88.69999694824219,88.54676818847656,582520000
NVDA,2024-03-07,90.15799713134766,92.76699829101562,89.60199737548828,92.66899871826172,92.50891876220703,608119000
NVDA,2024-03-08,95.13800048828125,97.4000015258789,86.50599670410156,87.52799987792969,87.37678527832031,1142269000
NVDA,2024-03-11,86.42900085449219,88.7969970703125,84.16600036621094,85.77400207519531,85.62582397460938,678364000
NVDA,2024-03-12,88.04900360107422,91.95999908447266,86.1500015258789,91.91300201416016,91.75421142578125,668075000
NVDA,2024-03-13,91.05500030517578,91.50399780273438,88.43499755859375,90.88800048828125,90.73100280761719,635713000
NVDA,2024-03-14,89.5770034790039,90.64600372314453,86.5999984741211,87.94400024414062,87.79206848144531,602318000
NVDA,2024-03-15,86.93000030517578,89.5459976196289,86.25700378417969,87.83699798583984,87.68526458740234,642086000
NVDA,2024-03-18,90.38800048828125,92.40499877929688,87.08499908447266,88.45500183105469,88.30220794677734,668976000
NVDA,2024-03-19,86.69999694824219,90.54399871826172,85.01000213623047,89.39800262451172,89.24356842041016,672171000
NVDA,2024-03-20,89.7969970703125,90.41000366210938,88.2229995727539,90.37200164794922,90.21587371826172,479063000
NVDA,2024-03-21,92.30000305175781,92.64800262451172,90.40499877929688,91.43499755859375,91.27704620361328,480372000
NVDA,2024-03-22,91.14099884033203,94.77799987792969,90.83399963378906,94.28900146484375,94.12611389160156,586719000
NVDA,2024-03-25,93.94100189208984,96.76599884033203,93.51000213623047,95.00199890136719,94.8378677368164,552136000
NVDA,2024-03-26,95.85099792480469,96.375,92.50199890136719,92.56099700927734,92.4011001586914,513648000
NVDA,2024-03-27,93.11199951171875,93.23999786376953,89.12300109863281,90.25,90.09410095214844,586067000
NVDA,2024-03-28,90.0,91.30000305175781,89.19300079345703,90.35600280761719,90.19991302490234,435212000
NVDA,2024-04-01,90.29900360107422,92.2249984741211,89.2040023803711,90.36299896240234,90.20690155029297,452441000
NVDA,2024-04-02,88.447998046875,90.09400177001953,87.62000274658203,89.4520034790039,89.29747772216797,433064000
NVDA,2024-04-03,88.48400115966797,90.3740005493164,88.4000015258789,88.96399688720703,88.81031036376953,370067000
NVDA,2024-04-04,90.40599822998047,90.63400268554688,85.87999725341797,85.90499877929688,85.75658416748047,434965000
NVDA,2024-04-05,86.86599731445312,88.48100280761719,85.9260025024414,88.00800323486328,87.85597229003906,399678000
NVDA,2024-04-08,88.69999694824219,88.83000183105469,86.73200225830078,87.13300323486328,86.98247528076172,283220000
NVDA,2024-04-09,87.44200134277344,87.63500213623047,83.02200317382812,85.35399627685547,85.20655059814453,501700000
NVDA,2024-04-10,83.9260025024414,87.4000015258789,83.70899963378906,87.03900146484375,86.8886489868164,431929000
NVDA,2024-04-11,87.41999816894531,90.73899841308594,86.9260025024414,90.61599731445312,90.45946502685547,431637000
NVDA,2024-04-12,89.6989974975586,90.17500305175781,87.52999877929688,88.18599700927734,88.0336685180664,426805000
NVDA,2024-04-15,89.0979995727539,90.61299896240234,85.92900085449219,86.0009994506836,85.85243225097656,443077000
NVDA,2024-04-16,86.43299865722656,88.11799621582031,86.06400299072266,87.41500091552734,87.26397705078125,370453000
NVDA,2024-04-17,88.33999633789062,88.7750015258789,83.94999694824219,84.03500366210938,83.88983154296875,495400000
NVDA,2024-04-18,84.97000122070312,86.19000244140625,82.4020004272461,84.6709976196289,84.52473449707031,447260000
NVDA,2024-04-19,83.1500015258789,84.3239974975586,75.60600280761719,76.19999694824219,76.06836700439453,875198000
NVDA,2024-04-22,78.10399627685547,80.072998046875,76.4000015258789,79.51799774169922,79.3806381225586,596341000
NVDA,2024-04-23,80.76899719238281,82.76899719238281,80.26399993896484,82.4229965209961,82.28062438964844,438559000
NVDA,2024-04-24,83.94999694824219,84.08200073242188,79.18299865722656,79.677001953125,79.53936004638672,512208000
NVDA,2024-04-25,78.86799621582031,83.322998046875,78.2229995727539,82.63200378417969,82.48926544189453,424641000
NVDA,2024-04-26,83.81800079345703,88.33100128173828,83.38700103759766,87.73500061035156,87.58344268798828,551011000
NVDA,2024-04-29,87.59500122070312,87.99199676513672,85.26599884033203,87.75700378417969,87.60540771484375,388971000
NVDA,2024-04-30,87.23999786376953,88.81900024414062,86.30000305175781,86.4020004272461,86.25275421142578,363709000
NVDA,2024-05-01,85.0770034790039,86.0,81.25499725341797,83.04100036621094,82.89753723144531,559863000
NVDA,2024-05-02,84.4489974975586,86.23699951171875,83.19999694824219,85.81700134277344,85.66874694824219,377898000
NVDA,2024-05-03,87.78900146484375,89.28099822998047,87.04000091552734,88.78900146484375,88.63561248779297,398341000
NVDA,2024-05-06,89.38999938964844,92.22000122070312,89.05500030517578,92.13999938964844,91.98081970214844,376203000
NVDA,2024-05-07,91.0979995727539,91.78099822998047,89.01100158691406,90.55400085449219,90.39756774902344,437342000
NVDA,2024-05-08,89.48300170898438,91.19400024414062,89.41999816894531,90.41200256347656,90.25581359863281,325721000
NVDA,2024-05-09,90.52899932861328,91.0719985961914,88.23100280761719,88.74700164794922,88.59368133544922,378013000
NVDA,2024-05-10,90.30500030517578,91.4010009765625,89.22699737548828,89.87799835205078,89.72274780273438,335325000
NVDA,2024-05-13,90.47799682617188,90.99800109863281,88.52899932861328,90.39900207519531,90.24282836914062,289680000
NVDA,2024-05-14,89.5989990234375,91.6510009765625,88.93399810791016,91.35600280761719,91.19818115234375,296507000
NVDA,2024-05-15,92.47200012207031,94.86199951171875,91.5989990234375,94.62999725341797,94.4665298461914,417735000
NVDA,2024-05-16,94.91000366210938,95.81900024414062,94.10299682617188,94.35900115966797,94.19599914550781,323952000
NVDA,2024-05-17,94.36900329589844,94.73999786376953,91.80599975585938,92.47899627685547,92.3192367553711,359691000
NVDA,2024-05-20,93.75,95.19999694824219,93.44000244140625,94.77999877929688,94.61626434326172,318764000
NVDA,2024-05-21,93.5989990234375,95.4000015258789,93.18000030517578,95.38600158691406,95.22122192382812,328946000
NVDA,2024-05-22,95.45899963378906,96.0199966430664,93.2490005493164,94.94999694824219,94.78598022460938,548648000
NVDA,2024-05-23,102.02799987792969,106.31999969482422,101.5199966430664,103.79900360107422,103.61969757080078,835065000
NVDA,2024-05-24,104.4489974975586,106.4749984741211,103.0,106.46900177001953,106.28507995605469,429494000
NVDA,2024-05-28,110.24400329589844,114.93900299072266,109.88300323486328,113.9010009765625,113.70423889160156,652728000
NVDA,2024-05-29,113.05000305175781,115.49199676513672,110.9010009765625,114.82499694824219,114.62663269042969,557442000
NVDA,2024-05-30,114.6500015258789,115.81900024414062,109.66300201416016,110.5,110.30911254882812,484553000
NVDA,2024-05-31,112.5199966430664,112.71700286865234,106.94000244140625,109.63300323486328,109.44361114501953,613263000
NVDA,2024-06-03,113.62100219726562,115.0,112.00299835205078,115.0,114.80134582519531,438392000
NVDA,2024-06-04,115.71600341796875,116.5999984741211,114.04499816894531,116.43699645996094,116.23584747314453,403324000
NVDA,2024-06-05,118.37100219726562,122.4489974975586,117.46800231933594,122.44000244140625,122.22850036621094,528402000
NVDA,2024-06-06,124.0479965209961,125.58699798583984,118.31999969482422,120.99800109863281,120.78898620605469,664696000
NVDA,2024-06-07,119.7699966430664,121.69200134277344,118.02200317382812,120.88800048828125,120.6791763305664,412386000
NVDA,2024-06-10,120.37000274658203,123.0999984741211,117.01000213623047,121.79000091552734,121.57959747314453,313434100
NVDA,2024-06-11,121.7699966430664,122.87000274658203,118.73999786376953,120.91000366210938,120.7110595703125,222551200
NVDA,2024-06-12,123.05999755859375,126.87999725341797,122.56999969482422,125.19999694824219,124.99397277832031,299595000
NVDA,2024-06-13,129.38999938964844,129.8000030517578,127.16000366210938,129.61000061035156,129.39671325683594,260704500
NVDA,2024-06-14,129.9600067138672,132.83999633789062,128.32000732421875,131.8800048828125,131.66299438476562,309320400
NVDA,2024-06-17,132.99000549316406,133.72999572753906,129.5800018310547,130.97999572753906,130.7644805908203,288504400
NVDA,2024-06-18,131.13999938964844,136.3300018310547,130.69000244140625,135.5800018310547,135.3568878173828,294335100
NVDA,2024-06-20,139.8000030517578,140.75999450683594,129.52000427246094,130.77999877929688,130.56480407714844,517768400
NVDA,2024-06-21,127.12000274658203,130.6300048828125,124.30000305175781,126.56999969482422,126.36172485351562,649445800
NVDA,2024-06-24,123.23999786376953,124.45999908447266,118.04000091552734,118.11000061035156,117.91564178466797,476060900
NVDA,2024-06-25,121.19999694824219,126.5,119.31999969482422,126.08999633789062,125.88251495361328,414192600
NVDA,2024-06-26,126.12999725341797,128.1199951171875,122.5999984741211,126.4000015258789,126.19200897216797,362975900
NVDA,2024-06-27,124.0999984741211,126.41000366210938,122.91999816894531,123.98999786376953,123.78596496582031,252571700
NVDA,2024-06-28,124.58000183105469,127.70999908447266,122.75,123.54000091552734,123.33672332763672,315516700
NVDA,2024-07-01,123.47000122070312,124.83999633789062,118.83000183105469,124.30000305175781,124.09547424316406,284885500
NVDA,2024-07-02,121.12999725341797,123.41000366210938,121.02999877929688,122.66999816894531,122.4681396484375,218374000
NVDA,2024-07-03,121.66000366210938,128.27999877929688,121.36000061035156,128.27999877929688,128.06890869140625,215749000
NVDA,2024-07-05,127.37999725341797,128.85000610351562,125.68000030517578,125.83000183105469,125.6229476928711,214176700
NVDA,2024-07-08,127.48999786376953,130.77000427246094,127.04000091552734,128.1999969482422,127.98902893066406,237677300
NVDA,2024-07-09,130.35000610351562,133.82000732421875,128.64999389648438,131.3800048828125,131.163818359375,285366600
NVDA,2024-07-10,134.02999877929688,135.10000610351562,132.4199981689453,134.91000366210938,134.68801879882812,248978600
NVDA,2024-07-11,135.75,136.14999389648438,127.05000305175781,127.4000015258789,127.19036102294922,374782700
NVDA,2024-07-12,128.25999450683594,131.9199981689453,127.22000122070312,129.24000549316406,129.02737426757812,252680500
NVDA,2024-07-15,130.55999755859375,131.38999938964844,127.18000030517578,128.44000244140625,128.22865295410156,208326200
NVDA,2024-07-16,128.44000244140625,129.0399932861328,124.58000183105469,126.36000061035156,126.15208435058594,214769500
NVDA,2024-07-17,121.3499984741211,121.8499984741211,116.72000122070312,117.98999786376953,117.79584503173828,390086200
NVDA,2024-07-18,121.8499984741211,122.4000015258789,116.55999755859375,121.08999633789062,120.89073181152344,320979500
NVDA,2024-07-19,120.3499984741211,121.5999984741211,117.37000274658203,117.93000030517578,117.73595428466797,217223800
NVDA,2024-07-22,120.3499984741211,124.06999969482422,119.86000061035156,123.54000091552734,123.33672332763672,258068900
NVDA,2024-07-23,122.77999877929688,124.69000244140625,122.0999984741211,122.58999633789062,122.38827514648438,173911000
NVDA,2024-07-24,119.16999816894531,119.94999694824219,113.44000244140625,114.25,114.06199645996094,327776900
NVDA,2024-07-25,113.04000091552734,116.62999725341797,106.30000305175781,112.27999877929688,112.09525299072266,460067000
NVDA,2024-07-26,116.19000244140625,116.19999694824219,111.58000183105469,113.05999755859375,112.87395477294922,293399100
NVDA,2024-07-29,113.69000244140625,116.27999877929688,111.30000305175781,111.58999633789062,111.4063720703125,248152100
NVDA,2024-07-30,111.5199966430664,111.98999786376953,102.54000091552734,103.7300033569336,103.55931091308594,486833300
NVDA,2024-07-31,112.9000015258789,118.33999633789062,110.87999725341797,117.0199966430664,116.82744598388672,473174200
NVDA,2024-08-01,117.52999877929688,120.16000366210938,106.80999755859375,109.20999908447266,109.0302963256836,523462300
NVDA,2024-08-02,103.76000213623047,108.72000122070312,101.37000274658203,107.2699966430664,107.0934829711914,482027500
NVDA,2024-08-05,92.05999755859375,103.41000366210938,90.69000244140625,100.44999694824219,100.28470611572266,552842400
NVDA,2024-08-06,103.83999633789062,107.70999908447266,100.55000305175781,104.25,104.07846069335938,409012100
NVDA,2024-08-07,107.80999755859375,108.80000305175781,98.69000244140625,98.91000366210938,98.74725341796875,411440400
NVDA,2024-08-08,102.0,105.5,97.5199966430664,104.97000122070312,104.79728698730469,391910000
NVDA,2024-08-09,105.63999938964844,106.5999984741211,103.43000030517578,104.75,104.57762908935547,290844200
NVDA,2024-08-12,106.31999969482422,111.06999969482422,106.26000213623047,109.0199966430664,108.84061431884766,325559900
NVDA,2024-08-13,112.44000244140625,116.2300033569336,111.58000183105469,116.13999938964844,115.94888305664062,312646700
NVDA,2024-08-14,118.52999877929688,118.5999984741211,114.06999969482422,118.08000183105469,117.88570404052734,339246400
NVDA,2024-08-15,118.76000213623047,123.23999786376953,117.47000122070312,122.86000061035156,122.6578369140625,318086700
NVDA,2024-08-16,121.94000244140625,125.0,121.18000030517578,124.58000183105469,124.37500762939453,302589900
NVDA,2024-08-19,124.27999877929688,130.0,123.41999816894531,130.0,129.78610229492188,318333600
NVDA,2024-08-20,128.39999389648438,129.8800048828125,125.88999938964844,127.25,127.04061889648438,300087400
NVDA,2024-08-21,127.31999969482422,129.35000610351562,126.66000366210938,128.5,128.28854370117188,257883600
NVDA,2024-08-22,130.02000427246094,130.75,123.0999984741211,123.73999786376953,123.53638458251953,376189100
NVDA,2024-08-23,125.86000061035156,129.60000610351562,125.22000122070312,129.3699951171875,129.1571044921875,323230300
NVDA,2024-08-26,129.57000732421875,131.25999450683594,124.37000274658203,126.45999908447266,126.25190734863281,331964700
NVDA,2024-08-27,125.05000305175781,129.1999969482422,123.87999725341797,128.3000030517578,128.08888244628906,303134600
NVDA,2024-08-28,128.1199951171875,128.3300018310547,122.63999938964844,125.61000061035156,125.40331268310547,448101100
NVDA,2024-08-29,121.36000061035156,124.43000030517578,116.70999908447266,117.58999633789062,117.39649963378906,453023300
NVDA,2024-08-30,119.52999877929688,121.75,117.22000122070312,119.37000274658203,119.17357635498047,333751600
NVDA,2024-09-03,116.01000213623047,116.20999908447266,107.29000091552734,108.0,107.8222885131836,477155100
NVDA,2024-09-04,105.41000366210938,113.2699966430664,104.12000274658203,106.20999908447266,106.03523254394531,372470300
NVDA,2024-09-05,104.98999786376953,109.6500015258789,104.76000213623047,107.20999908447266,107.03358459472656,306850700
NVDA,2024-09-06,108.04000091552734,108.1500015258789,100.94999694824219,102.83000183105469,102.66080474853516,413638100
NVDA,2024-09-09,104.87999725341797,106.55000305175781,103.69000244140625,106.47000122070312,106.29480743408203,273912000
NVDA,2024-09-10,107.80999755859375,109.4000015258789,104.94999694824219,108.0999984741211,107.92211151123047,268283700
NVDA,2024-09-11,109.38999938964844,117.19000244140625,107.41999816894531,116.91000366210938,116.7176284790039,441422400
NVDA,2024-09-12,116.83999633789062,120.79000091552734,115.37999725341797,119.13999938964844,118.95413208007812,366052700
NVDA,2024-09-13,119.08000183105469,119.95999908447266,117.5999984741211,119.0999984741211,118.9141845703125,238358300
NVDA,2024-09-16,116.79000091552734,118.18000030517578,114.36000061035156,116.77999877929688,116.59780883789062,248772300
NVDA,2024-09-17,118.16999816894531,118.80000305175781,114.83000183105469,115.58999633789062,115.40966796875,231925900
NVDA,2024-09-18,115.88999938964844,117.69999694824219,113.22000122070312,113.37000274658203,113.19313049316406,310318900
NVDA,2024-09-19,117.3499984741211,119.66000366210938,117.25,117.87000274658203,117.68611145019531,293506400
NVDA,2024-09-20,117.05999755859375,118.62000274658203,115.38999938964844,116.0,115.81903076171875,382462400
NVDA,2024-09-23,116.55000305175781,116.98999786376953,114.86000061035156,116.26000213623047,116.07862854003906,206228500
NVDA,2024-09-24,116.5199966430664,121.80000305175781,115.37999725341797,120.87000274658203,120.68143463134766,354966800
NVDA,2024-09-25,122.0199966430664,124.94000244140625,121.61000061035156,123.51000213623047,123.31731414794922,284692900
NVDA,2024-09-26,126.80000305175781,127.66999816894531,121.80000305175781,124.04000091552734,123.84648895263672,302582900
NVDA,2024-09-27,123.97000122070312,124.02999877929688,119.26000213623047,121.4000015258789,121.21060180664062,271009200
NVDA,2024-09-30,118.30999755859375,121.5,118.1500015258789,121.44000244140625,121.25054168701172,226553700
NVDA,2024-10-01,121.7699966430664,122.44000244140625,115.79000091552734,117.0,116.81747436523438,302094500
NVDA,2024-10-02,116.44000244140625,119.37999725341797,115.13999938964844,118.8499984741211,118.6645736694336,221845900
NVDA,2024-10-03,120.91999816894531,124.36000061035156,120.33999633789062,122.8499984741211,122.65834045410156,277118000
NVDA,2024-10-04,124.94000244140625,125.04000091552734,121.83000183105469,124.91999816894531,124.72511291503906,243678100
NVDA,2024-10-07,124.98999786376953,130.63999938964844,124.94999694824219,127.72000122070312,127.52074432373047,346250200
NVDA,2024-10-08,130.25999450683594,133.47999572753906,129.4199981689453,132.88999938964844,132.6826629638672,285722500
NVDA,2024-10-09,134.11000061035156,134.52000427246094,131.3800048828125,132.64999389648438,132.44305419921875,246191600
NVDA,2024-10-10,131.91000366210938,135.0,131.0,134.80999755859375,134.5996856689453,242311300
NVDA,2024-10-11,134.00999450683594,135.77999877929688,133.66000366210938,134.8000030517578,134.58970642089844,170209500
NVDA,2024-10-14,136.47000122070312,139.60000610351562,136.3000030517578,138.07000732421875,137.85459899902344,232347700
NVDA,2024-10-15,137.8699951171875,138.57000732421875,128.74000549316406,131.60000610351562,131.3946990966797,377831000
NVDA,2024-10-16,133.97999572753906,136.6199951171875,131.5800018310547,135.72000122070312,135.50827026367188,264879700
NVDA,2024-10-17,139.33999633789062,140.88999938964844,136.8699951171875,136.92999267578125,136.7163543701172,306435900
NVDA,2024-10-18,138.6699981689453,138.89999389648438,137.27999877929688,138.0,137.7847137451172,176090200
NVDA,2024-10-21,138.1300048828125,143.7100067138672,138.0,143.7100067138672,143.4857940673828,264554500
NVDA,2024-10-22,142.91000366210938,144.4199981689453,141.77999877929688,143.58999633789062,143.36599731445312,226311600
NVDA,2024-10-23,142.02999877929688,142.42999267578125,137.4600067138672,139.55999755859375,139.34226989746094,285930000
NVDA,2024-10-24,140.82000732421875,141.35000610351562,138.4600067138672,140.41000366210938,140.19094848632812,172354900
NVDA,2024-10-25,140.92999267578125,144.1300048828125,140.8000030517578,141.5399932861328,141.31918334960938,205122100
NVDA,2024-10-28,143.0,143.13999938964844,140.0500030517578,140.52000427246094,140.30079650878906,173586700
NVDA,2024-10-29,140.2899932861328,142.25999450683594,138.89999389648438,141.25,141.02963256835938,157593600
NVDA,2024-10-30,139.5399932861328,140.3300018310547,136.80999755859375,139.33999633789062,139.12261962890625,179418100
NVDA,2024-10-31,137.60000610351562,137.61000061035156,132.11000061035156,132.75999450683594,132.55288696289062,270039600
NVDA,2024-11-01,134.6999969482422,137.30999755859375,134.57000732421875,135.39999389648438,135.1887664794922,207127800
NVDA,2024-11-04,137.2100067138672,138.9600067138672,135.57000732421875,136.0500030517578,135.83775329589844,187528200
NVDA,2024-11-05,137.4499969482422,140.3699951171875,137.3300018310547,139.91000366210938,139.6917266845703,160537400
NVDA,2024-11-06,142.9600067138672,146.49000549316406,141.9600067138672,145.61000061035156,145.38282775878906,242043900
NVDA,2024-11-07,146.38999938964844,148.92999267578125,146.1699981689453,148.8800048828125,148.64773559570312,207323300
NVDA,2024-11-08,148.77000427246094,149.77000427246094,146.25999450683594,147.6300048828125,147.39968872070312,175665800
NVDA,2024-11-11,148.67999267578125,148.85000610351562,143.57000732421875,145.25999450683594,145.0333709716797,182325600
NVDA,2024-11-12,146.77999877929688,149.64999389648438,146.00999450683594,148.2899932861328,148.0586395263672,198634700
NVDA,2024-11-13,149.07000732421875,149.3300018310547,145.89999389648438,146.27000427246094,146.0417938232422,191903300
NVDA,2024-11-14,147.63999938964844,149.0,145.5500030517578,146.75999450683594,146.5310516357422,194463300
NVDA,2024-11-15,144.8699951171875,145.24000549316406,140.0800018310547,141.97999572753906,141.7584991455078,250132900
NVDA,2024-11-18,139.5,141.5500030517578,137.14999389648438,140.14999389648438,139.93133544921875,221205300
NVDA,2024-11-19,141.32000732421875,147.1300048828125,140.99000549316406,147.00999450683594,146.78065490722656,227834900
NVDA,2024-11-20,147.41000366210938,147.55999755859375,142.72999572753906,145.88999938964844,145.6623992919922,309871700
NVDA,2024-11-21,149.35000610351562,152.88999938964844,140.6999969482422,146.6699981689453,146.44119262695312,400946600
NVDA,2024-11-22,145.92999267578125,147.16000366210938,141.10000610351562,141.9499969482422,141.7285614013672,236406200
NVDA,2024-11-25,141.99000549316406,142.0500030517578,135.82000732421875,136.02000427246094,135.8078155517578,344941900
NVDA,2024-11-26,137.6999969482422,139.3000030517578,135.6699981689453,136.9199981689453,136.70639038085938,190287700
NVDA,2024-11-27,135.00999450683594,137.22000122070312,131.8000030517578,135.33999633789062,135.12884521484375,226370900
NVDA,2024-11-29,136.77999877929688,139.35000610351562,136.0500030517578,138.25,138.03433227539062,141863200
NVDA,2024-12-02,138.8300018310547,140.4499969482422,137.82000732421875,138.6300048828125,138.41372680664062,171682800
NVDA,2024-12-03,138.25999450683594,140.5399932861328,137.9499969482422,140.25999450683594,140.0411834716797,164414000
NVDA,2024-12-04,142.0,145.7899932861328,140.2899932861328,145.13999938964844,144.91355895996094,231224300
NVDA,2024-12-05,145.11000061035156,146.5399932861328,143.9499969482422,145.05999755859375,144.84368896484375,172621200
NVDA,2024-12-06,144.60000610351562,145.6999969482422,141.30999755859375,142.44000244140625,142.2275848388672,188505600
NVDA,2024-12-09,138.97000122070312,139.9499969482422,137.1300048828125,138.80999755859375,138.6029815673828,189308600
NVDA,2024-12-10,139.00999450683594,141.82000732421875,133.7899932861328,135.07000732421875,134.86856079101562,210020900
NVDA,2024-12-11,137.36000061035156,140.1699981689453,135.2100067138672,139.30999755859375,139.10223388671875,184905200
NVDA,2024-12-12,137.0800018310547,138.44000244140625,135.8000030517578,137.33999633789062,137.1351776123047,159211400
NVDA,2024-12-13,138.94000244140625,139.60000610351562,132.5399932861328,134.25,134.04978942871094,231514900
NVDA,2024-12-16,134.17999267578125,134.39999389648438,130.4199981689453,132.0,131.80313110351562,237951100
NVDA,2024-12-17,129.08999633789062,131.58999633789062,126.86000061035156,130.38999938964844,130.19554138183594,259410300
NVDA,2024-12-18,133.86000061035156,136.6999969482422,128.27999877929688,128.91000366210938,128.71775817871094,277444500
NVDA,2024-12-19,131.75999450683594,134.02999877929688,129.5500030517578,130.67999267578125,130.48509216308594,209719200
NVDA,2024-12-20,129.80999755859375,135.27999877929688,128.22000122070312,134.6999969482422,134.49911499023438,306528600
NVDA,2024-12-23,136.27999877929688,139.7899932861328,135.1199951171875,139.6699981689453,139.46170043945312,176053500
NVDA,2024-12-24,140.0,141.89999389648438,138.64999389648438,140.22000122070312,140.01089477539062,105157000
NVDA,2024-12-26,139.6999969482422,140.85000610351562,137.72999572753906,139.92999267578125,139.72132873535156,116205600
NVDA,2024-12-27,138.5500030517578,139.02000427246094,134.7100067138672,137.00999450683594,136.8056640625,170582600
NVDA,2024-12-30,134.8300018310547,140.27000427246094,134.02000427246094,137.49000549316406,137.28494262695312,167734700
NVDA,2024-12-31,138.02999877929688,138.07000732421875,133.8300018310547,134.2899932861328,134.08973693847656,155659200
NVDA,2025-01-02,136.0,138.8800048828125,134.6300048828125,138.30999755859375,138.10372924804688,198247200
NVDA,2025-01-03,140.00999450683594,144.89999389648438,139.72999572753906,144.47000122070312,144.2545623779297,229322500
NVDA,2025-01-06,148.58999633789062,152.16000366210938,147.82000732421875,149.42999267578125,149.20713806152344,265377400
NVDA,2025-01-07,153.02999877929688,153.1300048828125,140.00999450683594,140.13999938964844,139.93099975585938,351782200
NVDA,2025-01-08,142.5800018310547,143.9499969482422,137.55999755859375,140.11000061035156,139.9010467529297,227349900
NVDA,2025-01-10,137.4499969482422,139.9199981689453,134.22000122070312,135.91000366210938,135.7073211669922,207602500
NVDA,2025-01-13,129.99000549316406,133.49000549316406,129.50999450683594,133.22999572753906,133.0313262939453,204808900
NVDA,2025-01-14,136.0500030517578,136.3800048828125,130.0500030517578,131.75999450683594,131.56349182128906,195590500
NVDA,2025-01-15,133.64999389648438,136.4499969482422,131.2899932861328,136.24000549316406,136.03683471679688,185217300
NVDA,2025-01-16,138.63999938964844,138.75,133.49000549316406,133.57000732421875,133.37081909179688,209235600
NVDA,2025-01-17,136.69000244140625,138.5,135.4600067138672,137.7100067138672,137.504638671875,201188800
NVDA,2025-01-21,139.16000366210938,141.8300018310547,137.08999633789062,140.8300018310547,140.61997985839844,197749000
NVDA,2025-01-22,144.66000366210938,147.7899932861328,143.6699981689453,147.07000732421875,146.85067749023438,237651400
NVDA,2025-01-23,145.0500030517578,147.22999572753906,143.72000122070312,147.22000122070312,147.00045776367188,155915500
NVDA,2025-01-24,148.3699951171875,148.97000122070312,141.8800048828125,142.6199951171875,142.4073028564453,234657600
NVDA,2025-01-27,124.80000305175781,128.39999389648438,116.69999694824219,118.41999816894531,118.24340057373047,818830900
NVDA,2025-01-28,121.80999755859375,129.0,116.25,128.99000549316406,128.79763793945312,579666400
NVDA,2025-01-29,126.5,126.88999938964844,120.05000305175781,123.69999694824219,123.51551818847656,467120600
NVDA,2025-01-30,123.0999984741211,125.0,118.0999984741211,124.6500015258789,124.464111328125,392925500
NVDA,2025-01-31,123.77999877929688,127.8499984741211,119.19000244140625,120.06999969482422,119.89093780517578,388161100
NVDA,2025-02-03,114.75,118.56999969482422,113.01000213623047,116.66000366210938,116.48603057861328,371235700
NVDA,2025-02-04,116.95999908447266,121.19999694824219,116.69999694824219,118.6500015258789,118.47306060791016,256550000
NVDA,2025-02-05,121.76000213623047,125.0,120.76000213623047,124.83000183105469,124.64384460449219,262230800
NVDA,2025-02-06,127.41999816894531,128.77000427246094,125.20999908447266,128.67999267578125,128.48809814453125,251483600
NVDA,2025-02-07,129.22000122070312,130.3699951171875,125.0,129.83999633789062,129.6463623046875,228186300
NVDA,2025-02-10,130.08999633789062,135.0,129.9600067138672,133.57000732421875,133.37081909179688,216989100
NVDA,2025-02-11,132.5800018310547,134.47999572753906,131.02000427246094,132.8000030517578,132.6019744873047,178902400
NVDA,2025-02-12,130.02000427246094,132.24000549316406,129.0800018310547,131.13999938964844,130.94444274902344,160278600
NVDA,2025-02-13,131.55999755859375,136.5,131.1699981689453,135.2899932861328,135.08822631835938,197430000
NVDA,2025-02-14,136.47999572753906,139.25,135.5,138.85000610351562,138.64292907714844,195479600
NVDA,2025-02-18,141.27000427246094,143.44000244140625,137.92999267578125,139.39999389648438,139.19210815429688,219176600
NVDA,2025-02-19,139.50999450683594,141.36000061035156,137.22000122070312,139.22999572753906,139.02235412597656,167536000
NVDA,2025-02-20,140.02999877929688,140.66000366210938,136.7899932861328,140.11000061035156,139.9010467529297,143903600
NVDA,2025-02-21,140.0399932861328,141.4600067138672,134.02999877929688,134.42999267578125,134.22950744628906,228217600
NVDA,2025-02-24,136.55999755859375,138.58999633789062,130.0800018310547,130.27999877929688,130.08572387695312,251381100
NVDA,2025-02-25,129.97999572753906,130.1999969482422,124.44000244140625,126.62999725341797,126.44114685058594,271428700
NVDA,2025-02-26,129.99000549316406,133.72999572753906,128.49000549316406,131.27999877929688,131.084228515625,322553800
NVDA,2025-02-27,135.0,135.00999450683594,120.01000213623047,120.1500015258789,119.97081756591797,443175800
NVDA,2025-02-28,118.0199966430664,125.08999633789062,116.4000015258789,124.91999816894531,124.73370361328125,389091100
NVDA,2025-03-03,123.51000213623047,123.69999694824219,112.27999877929688,114.05999755859375,113.88990020751953,411381400
NVDA,2025-03-04,110.6500015258789,119.30999755859375,110.11000061035156,115.98999786376953,115.8170166015625,398163300
NVDA,2025-03-05,117.58000183105469,118.27999877929688,114.51000213623047,117.30000305175781,117.12506866455078,284337900
NVDA,2025-03-06,113.52999877929688,115.3499984741211,110.22000122070312,110.56999969482422,110.40510559082031,321181900
NVDA,2025-03-07,111.25,113.4800033569336,107.55999755859375,112.69000244140625,112.5219497680664,341755500
NVDA,2025-03-10,109.9000015258789,111.8499984741211,105.45999908447266,106.9800033569336,106.82046508789062,366487400
NVDA,2025-03-11,106.98999786376953,112.23999786376953,104.7699966430664,108.76000213623047,108.5978012084961,354865700
NVDA,2025-03-12,114.12000274658203,116.76000213623047,112.87999725341797,115.73999786376953,115.57803344726562,323857500
NVDA,2025-03-13,117.02999877929688,117.76000213623047,113.79000091552734,115.58000183105469,115.41825103759766,299033100
NVDA,2025-03-14,118.61000061035156,121.87999725341797,118.1500015258789,121.66999816894531,121.49972534179688,277593500
NVDA,2025-03-17,122.73999786376953,122.88999938964844,118.02999877929688,119.52999877929688,119.36272430419922,255501500
NVDA,2025-03-18,118.0,119.0199966430664,114.54000091552734,115.43000030517578,115.2684555053711,299686900
NVDA,2025-03-19,117.2699966430664,120.44999694824219,115.68000030517578,117.5199966430664,117.35552978515625,273426200
NVDA,2025-03-20,116.55000305175781,120.19999694824219,116.47000122070312,118.52999877929688,118.3641128540039,248829700
NVDA,2025-03-21,116.94000244140625,117.98999786376953,115.41999816894531,117.69999694824219,117.5352783203125,266498500
NVDA,2025-03-24,119.87999725341797,122.22000122070312,119.33999633789062,121.41000366210938,121.24009704589844,228452500
NVDA,2025-03-25,120.55000305175781,121.29000091552734,118.91999816894531,120.69000244140625,120.52110290527344,167447200
NVDA,2025-03-26,118.7300033569336,118.83999633789062,112.70999908447266,113.76000213623047,113.60079956054688,293463300
NVDA,2025-03-27,111.3499984741211,114.44999694824219,110.66000366210938,111.43000030517578,111.27406311035156,236902100
NVDA,2025-03-28,111.48999786376953,112.87000274658203,109.06999969482422,109.66999816894531,109.51652526855469,229872500
NVDA,2025-03-31,105.12999725341797,110.95999908447266,103.6500015258789,108.37999725341797,108.22832489013672,299212700
NVDA,2025-04-01,108.5199966430664,110.19999694824219,106.47000122070312,110.1500015258789,109.995849609375,222614000
NVDA,2025-04-02,107.29000091552734,111.9800033569336,106.79000091552734,110.41999816894531,110.26546478271484,220601200
NVDA,2025-04-03,103.51000213623047,105.62999725341797,101.5999984741211,101.80000305175781,101.65753173828125,338769400
NVDA,2025-04-04,98.91000366210938,100.12999725341797,92.11000061035156,94.30999755859375,94.17801666259766,532273800
NVDA,2025-04-07,87.45999908447266,101.75,86.62000274658203,97.63999938964844,97.50335693359375,611041300
NVDA,2025-04-08,103.80999755859375,105.8499984741211,94.45999908447266,96.30000305175781,96.16522979736328,476243400
NVDA,2025-04-09,98.88999938964844,115.0999984741211,97.52999877929688,114.33000183105469,114.16999816894531,612918300
NVDA,2025-04-10,109.37000274658203,110.86000061035156,99.1500015258789,107.56999969482422,107.4194564819336,437812400
NVDA,2025-04-11,108.5,111.55000305175781,107.4800033569336,110.93000030517578,110.7747573852539,313417300
NVDA,2025-04-14,114.11000061035156,114.29000091552734,109.06999969482422,110.70999908447266,110.55506134033203,264705000
NVDA,2025-04-15,110.97000122070312,113.62000274658203,110.5,112.19999694824219,112.04297637939453,228966900
NVDA,2025-04-16,104.55000305175781,106.79000091552734,100.44999694824219,104.48999786376953,104.3437728881836,397016900
NVDA,2025-04-17,104.44999694824219,104.47000122070312,100.05000305175781,101.48999786376953,101.34796142578125,292517500
NVDA,2025-04-21,98.7699966430664,99.44000244140625,95.04000091552734,96.91000366210938,96.77438354492188,288501100
NVDA,2025-04-22,98.77999877929688,99.80999755859375,97.27999877929688,98.88999938964844,98.75160217285156,241004800
NVDA,2025-04-23,104.5199966430664,104.80000305175781,102.0199966430664,102.70999908447266,102.5662612915039,247526000
NVDA,2025-04-24,103.4800033569336,106.54000091552734,103.11000061035156,106.43000030517578,106.28105163574219,220815000
NVDA,2025-04-25,106.8499984741211,111.91999816894531,105.7300033569336,111.01000213623047,110.85465240478516,251064700
NVDA,2025-04-28,109.69000244140625,110.37000274658203,106.0199966430664,108.7300033569336,108.57784271240234,207708500
NVDA,2025-04-29,107.66999816894531,110.19999694824219,107.44000244140625,109.0199966430664,108.867431640625,170444300
NVDA,2025-04-30,104.47000122070312,108.91999816894531,104.08000183105469,108.91999816894531,108.76756286621094,235044600
NVDA,2025-05-01,113.08000183105469,114.94000244140625,111.30000305175781,111.61000061035156,111.45380401611328,236121500
NVDA,2025-05-02,114.18000030517578,115.4000015258789,113.37000274658203,114.5,114.33976745605469,190194800
NVDA,2025-05-05,112.91000366210938,114.66999816894531,112.66000366210938,113.81999969482422,113.66072082519531,133163200
NVDA,2025-05-06,111.4800033569336,114.73999786376953,110.81999969482422,113.54000091552734,113.38111114501953,158525600
NVDA,2025-05-07,113.05000305175781,117.68000030517578,112.27999877929688,117.05999755859375,116.89617919921875,206758800
NVDA,2025-05-08,118.25,118.68000030517578,115.8499984741211,117.37000274658203,117.20575714111328,198428100
NVDA,2025-05-09,117.3499984741211,118.2300033569336,115.20999908447266,116.6500015258789,116.48675537109375,132972200
NVDA,2025-05-12,121.97000122070312,123.0,120.27999877929688,123.0,122.82787322998047,225023300
NVDA,2025-05-13,124.9800033569336,131.22000122070312,124.47000122070312,129.92999267578125,129.7481689453125,330430100
NVDA,2025-05-14,133.1999969482422,135.44000244140625,131.67999267578125,135.33999633789062,135.1505889892578,281180800
NVDA,2025-05-15,134.2899932861328,136.3000030517578,132.66000366210938,134.8300018310547,134.6413116455078,226632600
NVDA,2025-05-16,136.22000122070312,136.35000610351562,133.4600067138672,135.39999389648438,135.21051025390625,226542500
NVDA,2025-05-19,132.38999938964844,135.8699951171875,132.38999938964844,135.57000732421875,135.38026428222656,193154600
NVDA,2025-05-20,134.2899932861328,134.5800018310547,132.6199951171875,134.3800048828125,134.1919403076172,161514200
NVDA,2025-05-21,133.05999755859375,137.39999389648438,130.58999633789062,131.8000030517578,131.6155548095703,270608700
NVDA,2025-05-22,132.22999572753906,134.25,131.5500030517578,132.8300018310547,132.64410400390625,187344000
NVDA,2025-05-23,130.0,132.67999267578125,129.16000366210938,131.2899932861328,131.10626220703125,198821300
NVDA,2025-05-27,134.14999389648438,135.66000366210938,133.30999755859375,135.5,135.31036376953125,192953600
NVDA,2025-05-28,136.02999877929688,137.25,134.7899932861328,134.80999755859375,134.621337890625,304021100
NVDA,2025-05-29,142.25,143.49000549316406,137.91000366210938,139.19000244140625,138.99520874023438,369241900
NVDA,2025-05-30,138.72000122070312,139.6199951171875,132.9199981689453,135.1300048828125,134.94090270996094,333170900
NVDA,2025-06-02,135.49000549316406,138.1199951171875,135.39999389648438,137.3800048828125,137.187744140625,197663100
NVDA,2025-06-03,138.77999877929688,142.0,137.9499969482422,141.22000122070312,141.02235412597656,225578800
NVDA,2025-06-04,142.19000244140625,142.38999938964844,139.5399932861328,141.9199981689453,141.7213897705078,167120800
NVDA,2025-06-05,142.1699981689453,144.0,138.8300018310547,139.99000549316406,139.79409790039062,231397900
NVDA,2025-06-06,142.50999450683594,143.27000427246094,141.50999450683594,141.72000122070312,141.5216522216797,153986200
NVDA,2025-06-09,143.19000244140625,145.0,141.94000244140625,142.6300048828125,142.43040466308594,185114500
NVDA,2025-06-10,142.69000244140625,144.2899932861328,141.52999877929688,143.9600067138672,143.75852966308594,155881900
NVDA,2025-06-11,144.61000061035156,144.99000549316406,141.8699951171875,142.8300018310547,142.6400146484375,167694000
NVDA,2025-06-12,141.97000122070312,145.0,141.85000610351562,145.0,144.80712890625,162365000
NVDA,2025-06-13,142.47999572753906,143.5800018310547,140.85000610351562,141.97000122070312,141.78114318847656,180820600
NVDA,2025-06-16,143.35000610351562,146.17999267578125,143.1999969482422,144.69000244140625,144.49754333496094,183133700
NVDA,2025-06-17,144.49000549316406,145.22000122070312,143.77999877929688,144.1199951171875,143.92828369140625,139108000
NVDA,2025-06-18,144.00999450683594,145.64999389648438,143.1199951171875,145.47999572753906,145.28648376464844,161494100
NVDA,2025-06-20,145.4499969482422,146.1999969482422,142.64999389648438,143.85000610351562,143.65866088867188,242956200
NVDA,2025-06-23,142.5,144.77999877929688,142.02999877929688,144.1699981689453,143.97824096679688,154308900
NVDA,2025-06-24,145.55999755859375,147.9600067138672,145.5,147.89999389648438,147.70326232910156,187566100
NVDA,2025-06-25,149.27000427246094,154.4499969482422,149.25999450683594,154.30999755859375,154.10475158691406,269146500
NVDA,2025-06-26,155.97999572753906,156.72000122070312,154.0,155.02000427246094,154.8137969970703,198145700
NVDA,2025-06-27,156.0399932861328,158.7100067138672,155.25999450683594,157.75,157.54017639160156,263234500
NVDA,2025-06-30,158.39999389648438,158.66000366210938,155.9600067138672,157.99000549316406,157.7798614501953,194580300
NVDA,2025-07-01,156.2899932861328,157.1999969482422,151.49000549316406,153.3000030517578,153.09609985351562,213143600
NVDA,2025-07-02,152.97999572753906,157.60000610351562,152.97000122070312,157.25,157.04083251953125,171224100
NVDA,2025-07-03,158.3699951171875,160.97999572753906,157.77000427246094,159.33999633789062,159.1280517578125,143716100
NVDA,2025-07-07,158.1999969482422,159.30999755859375,157.33999633789062,158.24000549316406,158.02952575683594,140139000
NVDA,2025-07-08,159.3300018310547,160.22000122070312,158.38999938964844,160.0,159.7871856689453,138133000
NVDA,2025-07-09,161.22000122070312,164.4199981689453,161.16000366210938,162.8800048828125,162.66334533691406,183656400
NVDA,2025-07-10,164.32000732421875,164.5,161.61000061035156,164.10000610351562,163.88172912597656,167704100
NVDA,2025-07-11,163.72000122070312,167.88999938964844,163.47000122070312,164.9199981689453,164.7006378173828,193633300
NVDA,2025-07-14,165.3699951171875,165.49000549316406,162.02000427246094,164.07000732421875,163.85177612304688,136975800
NVDA,2025-07-15,171.19000244140625,172.39999389648438,169.1999969482422,170.6999969482422,170.4729461669922,230627400
NVDA,2025-07-16,171.05999755859375,171.75,168.89999389648438,171.3699951171875,171.14205932617188,158831500
NVDA,2025-07-17,172.02000427246094,174.16000366210938,170.8300018310547,173.0,172.7698974609375,160841100
NVDA,2025-07-18,173.63999938964844,174.25,171.25999450683594,172.41000366210938,172.18069458007812,146456400
NVDA,2025-07-21,172.75,173.3800048828125,171.0,171.3800048828125,171.1520538330078,123126100
NVDA,2025-07-22,171.33999633789062,171.38999938964844,164.5800018310547,167.02999877929688,166.80784606933594,193114300
NVDA,2025-07-23,169.52999877929688,171.25999450683594,167.97000122070312,170.77999877929688,170.55284118652344,154082200
NVDA,2025-07-24,172.44000244140625,173.8300018310547,171.3000030517578,173.74000549316406,173.5089111328125,128984600
NVDA,2025-07-25,173.61000061035156,174.72000122070312,172.9600067138672,173.5,173.26922607421875,122316800
NVDA,2025-07-28,174.02000427246094,177.0,173.97000122070312,176.75,176.514892578125,140023500
NVDA,2025-07-29,177.9600067138672,179.3800048828125,175.02000427246094,175.50999450683594,175.2765655517578,154077500
NVDA,2025-07-30,176.50999450683594,179.88999938964844,176.0399932861328,179.27000427246094,179.03155517578125,174312200
NVDA,2025-07-31,182.89999389648438,183.3000030517578,175.92999267578125,177.8699951171875,177.63340759277344,221685400
NVDA,2025-08-01,174.08999633789062,176.5399932861328,170.88999938964844,173.72000122070312,173.4889373779297,204529000
NVDA,2025-08-04,175.16000366210938,180.1999969482422,174.52000427246094,180.0,179.76058959960938,148174600
NVDA,2025-08-05,179.6199951171875,180.25999450683594,175.89999389648438,178.25999450683594,178.02288818359375,156407600
NVDA,2025-08-06,176.3300018310547,179.89999389648438,176.25,179.4199981689453,179.1813507080078,137192300
NVDA,2025-08-07,181.57000732421875,183.8800048828125,178.8000030517578,180.77000427246094,180.52955627441406,151878400
NVDA,2025-08-08,181.5500030517578,183.3000030517578,180.39999389648438,182.6999969482422,182.4569854736328,123396700
NVDA,2025-08-11,182.0500030517578,183.83999633789062,180.25,182.05999755859375,181.8178253173828,138323200
NVDA,2025-08-12,182.9600067138672,184.47999572753906,179.4600067138672,183.16000366210938,182.9163818359375,145485700
NVDA,2025-08-13,182.6199951171875,183.97000122070312,179.35000610351562,181.58999633789062,181.34844970703125,179871700
NVDA,2025-08-14,179.75,183.02000427246094,179.4600067138672,182.02000427246094,181.7778778076172,129554000
NVDA,2025-08-15,181.8800048828125,181.89999389648438,178.0399932861328,180.4499969482422,180.20997619628906,156602200
NVDA,2025-08-18,180.60000610351562,182.94000244140625,180.58999633789062,182.00999450683594,181.76788330078125,132008000
NVDA,2025-08-19,182.42999267578125,182.5,175.49000549316406,175.63999938964844,175.4063720703125,185229200
NVDA,2025-08-20,175.1699981689453,176.0,168.8000030517578,175.39999389648438,175.16668701171875,215142700
NVDA,2025-08-21,174.85000610351562,176.89999389648438,173.80999755859375,174.97999572753906,174.7472381591797,140040900
NVDA,2025-08-22,172.61000061035156,178.58999633789062,171.1999969482422,177.99000549316406,177.75326538085938,172789400
NVDA,2025-08-25,178.35000610351562,181.91000366210938,176.57000732421875,179.80999755859375,179.57083129882812,163012800
NVDA,2025-08-26,180.05999755859375,182.38999938964844,178.80999755859375,181.77000427246094,181.52822875976562,168688200
NVDA,2025-08-27,181.97999572753906,182.49000549316406,179.10000610351562,181.60000610351562,181.3584442138672,235518900
NVDA,2025-08-28,180.82000732421875,184.47000122070312,176.41000366210938,180.1699981689453,179.93035888671875,281787800
NVDA,2025-08-29,178.11000061035156,178.14999389648438,173.14999389648438,174.17999267578125,173.94830322265625,243257900
NVDA,2025-09-02,170.0,172.3800048828125,167.22000122070312,170.77999877929688,170.55284118652344,231164900
NVDA,2025-09-03,171.05999755859375,172.41000366210938,168.8800048828125,170.6199951171875,170.39306640625,164424900
NVDA,2025-09-04,170.57000732421875,171.86000061035156,169.41000366210938,171.66000366210938,171.4316864013672,141670100
NVDA,2025-09-05,168.02999877929688,169.02999877929688,164.07000732421875,167.02000427246094,166.79786682128906,224441400
NVDA,2025-09-08,167.5500030517578,170.9600067138672,167.35000610351562,168.30999755859375,168.08612060546875,163769100
NVDA,2025-09-09,169.08999633789062,170.97999572753906,166.74000549316406,170.75999450683594,170.53285217285156,157548400
NVDA,2025-09-10,176.63999938964844,179.2899932861328,175.47000122070312,177.3300018310547,177.09413146972656,226852000
NVDA,2025-09-11,179.67999267578125,180.27999877929688,176.47999572753906,177.1699981689453,176.9443359375,151159300
NVDA,2025-09-12,177.77000427246094,178.60000610351562,176.4499969482422,177.82000732421875,177.59349060058594,124911000
NVDA,2025-09-15,175.6699981689453,178.85000610351562,174.50999450683594,177.75,177.52357482910156,147061600
NVDA,2025-09-16,177.0,177.5,174.3800048828125,174.8800048828125,174.65724182128906,140737800
NVDA,2025-09-17,172.63999938964844,173.1999969482422,168.41000366210938,170.2899932861328,170.0730743408203,211843800
NVDA,2025-09-18,173.97999572753906,177.10000610351562,172.9600067138672,176.24000549316406,176.01551818847656,191763300
NVDA,2025-09-19,175.77000427246094,178.0800018310547,175.17999267578125,176.6699981689453,176.4449462890625,237182100
NVDA,2025-09-22,175.3000030517578,184.5500030517578,174.7100067138672,183.61000061035156,183.37611389160156,269637000
NVDA,2025-09-23,181.97000122070312,182.4199981689453,176.2100067138672,178.42999267578125,178.2027130126953,192559600
NVDA,2025-09-24,179.77000427246094,179.77999877929688,175.39999389648438,176.97000122070312,176.74456787109375,143564100
NVDA,2025-09-25,174.47999572753906,180.25999450683594,173.1300048828125,177.69000244140625,177.4636688232422,191586700
NVDA,2025-09-26,178.1699981689453,179.77000427246094,174.92999267578125,178.19000244140625,177.96302795410156,148573700
NVDA,2025-09-29,180.42999267578125,184.0,180.32000732421875,181.85000610351562,181.61837768554688,193063500
NVDA,2025-09-30,182.0800018310547,187.35000610351562,181.47999572753906,186.5800018310547,186.3423309326172,236981000
NVDA,2025-10-01,185.24000549316406,188.13999938964844,183.89999389648438,187.24000549316406,187.00149536132812,173844900
NVDA,2025-10-02,189.60000610351562,191.0500030517578,188.05999755859375,188.88999938964844,188.64939880371094,136805800
NVDA,2025-10-03,189.19000244140625,190.36000061035156,185.3800048828125,187.6199951171875,187.38099670410156,137596900
NVDA,2025-10-06,185.5,187.22999572753906,183.3300018310547,185.5399932861328,185.30364990234375,157678100
NVDA,2025-10-07,186.22999572753906,189.05999755859375,184.0,185.0399932861328,184.80429077148438,140088000
NVDA,2025-10-08,186.57000732421875,189.60000610351562,186.5399932861328,189.11000061035156,188.86911010742188,130168900
NVDA,2025-10-09,192.22999572753906,195.3000030517578,191.05999755859375,192.57000732421875,192.32470703125,182997200
NVDA,2025-10-10,193.50999450683594,195.6199951171875,182.0500030517578,183.16000366210938,182.92669677734375,268774400
NVDA,2025-10-13,187.97000122070312,190.11000061035156,185.9600067138672,188.32000732421875,188.0801239013672,153482800
NVDA,2025-10-14,184.77000427246094,184.8000030517578,179.6999969482422,180.02999877929688,179.8006591796875,205641400
NVDA,2025-10-15,184.8000030517578,184.8699951171875,177.2899932861328,179.8300018310547,179.60093688964844,214450500
NVDA,2025-10-16,182.22999572753906,183.27999877929688,179.77000427246094,181.80999755859375,181.5784149169922,179723300
NVDA,2025-10-17,180.17999267578125,184.10000610351562,179.75,183.22000122070312,182.9866180419922,173135200
NVDA,2025-10-20,183.1300048828125,185.1999969482422,181.72999572753906,182.63999938964844,182.4073486328125,128544700
NVDA,2025-10-21,182.7899932861328,182.7899932861328,179.8000030517578,181.16000366210938,180.92922973632812,124240200
NVDA,2025-10-22,181.13999938964844,183.44000244140625,176.75999450683594,180.27999877929688,180.05035400390625,162249600
NVDA,2025-10-23,180.4199981689453,183.02999877929688,179.7899932861328,182.16000366210938,181.92796325683594,111363700
NVDA,2025-10-24,183.83999633789062,187.47000122070312,183.5,186.25999450683594,186.02272033691406,131296700
NVDA,2025-10-27,189.99000549316406,192.0,188.42999267578125,191.49000549316406,191.24607849121094,153452700
NVDA,2025-10-28,193.0500030517578,203.14999389648438,191.91000366210938,201.02999877929688,200.77394104003906,297986200
NVDA,2025-10-29,207.97999572753906,212.19000244140625,204.77999877929688,207.0399932861328,206.77627563476562,308829600
NVDA,2025-10-30,205.14999389648438,206.16000366210938,201.41000366210938,202.88999938964844,202.63156127929688,178864400
NVDA,2025-10-31,206.4499969482422,207.97000122070312,202.07000732421875,202.49000549316406,202.23207092285156,179802200
NVDA,2025-11-03,208.0800018310547,211.33999633789062,205.55999755859375,206.8800048828125,206.61647033691406,180267300
NVDA,2025-11-04,203.0,203.97000122070312,197.92999267578125,198.69000244140625,198.43690490722656,188919300
NVDA,2025-11-05,198.77000427246094,202.9199981689453,194.64999389648438,195.2100067138672,194.9613494873047,171350300
NVDA,2025-11-06,196.4199981689453,197.6199951171875,186.3800048828125,188.0800018310547,187.84042358398438,223029800
NVDA,2025-11-07,184.89999389648438,188.32000732421875,178.91000366210938,188.14999389648438,187.91033935546875,264942300
NVDA,2025-11-10,195.11000061035156,199.94000244140625,193.7899932861328,199.0500030517578,198.7964630126953,198897100
NVDA,2025-11-11,195.16000366210938,195.4199981689453,191.3000030517578,193.16000366210938,192.91395568847656,176483300
NVDA,2025-11-12,195.72000122070312,195.88999938964844,191.1300048828125,193.8000030517578,193.5531463623047,154935300
NVDA,2025-11-13,191.0500030517578,191.44000244140625,183.85000610351562,186.86000061035156,186.62196350097656,207423100
NVDA,2025-11-14,182.86000061035156,191.00999450683594,180.5800018310547,190.1699981689453,189.92776489257812,186591900
NVDA,2025-11-17,185.97000122070312,189.0,184.32000732421875,186.60000610351562,186.3623046875,173628900
NVDA,2025-11-18,183.3800048828125,184.8000030517578,179.64999389648438,181.36000061035156,181.1289825439453,213598900
NVDA,2025-11-19,184.7899932861328,187.86000061035156,182.8300018310547,186.52000427246094,186.2823944091797,247246400
NVDA,2025-11-20,195.9499969482422,196.0,179.85000610351562,180.63999938964844,180.40989685058594,343504800
NVDA,2025-11-21,181.24000549316406,184.55999755859375,172.92999267578125,178.8800048828125,178.6521453857422,346926200
NVDA,2025-11-24,179.49000549316406,183.5,176.47999572753906,182.5500030517578,182.31747436523438,256618300
NVDA,2025-11-25,174.91000366210938,178.16000366210938,169.5500030517578,177.82000732421875,177.59349060058594,320600300
NVDA,2025-11-26,181.6300048828125,182.91000366210938,178.24000549316406,180.25999450683594,180.03038024902344,183852000
NVDA,2025-11-28,179.00999450683594,179.2899932861328,176.5,177.0,176.7745361328125,121332800
NVDA,2025-12-01,174.75999450683594,180.3000030517578,173.67999267578125,179.9199981689453,179.69082641601562,188131000
NVDA,2025-12-02,181.75999450683594,185.66000366210938,180.0,181.4600067138672,181.22885131835938,182632200
NVDA,2025-12-03,181.0800018310547,182.4499969482422,179.11000061035156,179.58999633789062,179.36123657226562,165138000
NVDA,2025-12-04,181.6199951171875,184.52000427246094,179.9600067138672,183.3800048828125,183.1566162109375,167364900
NVDA,2025-12-05,183.88999938964844,184.66000366210938,180.91000366210938,182.41000366210938,182.1877899169922,143971100
NVDA,2025-12-08,182.63999938964844,188.0,182.39999389648438,185.5500030517578,185.323974609375,204378100
NVDA,2025-12-09,185.55999755859375,185.72000122070312,183.32000732421875,184.97000122070312,184.7446746826172,144719700
NVDA,2025-12-10,184.97000122070312,185.47999572753906,182.0399932861328,183.77999877929688,183.55612182617188,162785400
NVDA,2025-12-11,180.27999877929688,181.32000732421875,176.6199951171875,180.92999267578125,180.70957946777344,182136600
NVDA,2025-12-12,181.11000061035156,182.82000732421875,174.6199951171875,175.02000427246094,174.80679321289062,204274900
NVDA,2025-12-15,177.94000244140625,178.4199981689453,175.02999877929688,176.2899932861328,176.0752410888672,164775600
NVDA,2025-12-16,176.25999450683594,178.49000549316406,174.89999389648438,177.72000122070312,177.50350952148438,148588100
NVDA,2025-12-17,176.10000610351562,176.1300048828125,170.30999755859375,170.94000244140625,170.7317657470703,222775500
NVDA,2025-12-18,174.52999877929688,176.14999389648438,171.82000732421875,174.13999938964844,173.9278564453125,176096000
NVDA,2025-12-19,176.6699981689453,181.4499969482422,176.33999633789062,180.99000549316406,180.76951599121094,324925900
NVDA,2025-12-22,183.9199981689453,184.16000366210938,182.35000610351562,183.69000244140625,183.4662322998047,129064400
NVDA,2025-12-23,182.97000122070312,189.3300018310547,182.89999389648438,189.2100067138672,188.97950744628906,174873600
NVDA,2025-12-24,187.94000244140625,188.91000366210938,186.58999633789062,188.61000061035156,188.38023376464844,65528500
NVDA,2025-12-26,189.9199981689453,192.69000244140625,188.0,190.52999877929688,190.2978973388672,139740300
NVDA,2025-12-29,187.7100067138672,188.75999450683594,185.91000366210938,188.22000122070312,187.99070739746094,120006100
NVDA,2025-12-30,188.24000549316406,188.99000549316406,186.92999267578125,187.5399932861328,187.31153869628906,97687300
NVDA,2025-12-31,189.57000732421875,190.55999755859375,186.49000549316406,186.5,186.27281188964844,120100500
NVDA,2026-01-02,189.83999633789062,192.92999267578125,188.25999450683594,188.85000610351562,188.6199493408203,148240500
NVDA,2026-01-05,191.75999450683594,193.6300048828125,186.14999389648438,188.1199951171875,187.89083862304688,183529700
NVDA,2026-01-06,190.52000427246094,192.1699981689453,186.82000732421875,187.24000549316406,187.0119171142578,176862600
NVDA,2026-01-07,188.57000732421875,191.3699951171875,186.55999755859375,189.11000061035156,188.87962341308594,153543200
NVDA,2026-01-08,189.11000061035156,189.5500030517578,183.7100067138672,185.0399932861328,184.81459045410156,172457000
NVDA,2026-01-09,185.0800018310547,186.33999633789062,183.6699981689453,184.86000061035156,184.63479614257812,131327500
NVDA,2026-01-12,183.22000122070312,187.1199951171875,183.02000427246094,184.94000244140625,184.71470642089844,137968500
NVDA,2026-01-13,185.0,188.11000061035156,183.39999389648438,185.80999755859375,185.58364868164062,160128900
NVDA,2026-01-14,184.32000732421875,184.4600067138672,180.8000030517578,183.13999938964844,182.91688537597656,159586100
NVDA,2026-01-15,186.5,189.6999969482422,186.3300018310547,187.0500030517578,186.8221435546875,206188600
NVDA,2026-01-16,189.0800018310547,190.44000244140625,186.0800018310547,186.22999572753906,186.0031280517578,187967200
NVDA,2026-01-20,181.89999389648438,182.3800048828125,177.61000061035156,178.07000732421875,177.8530731201172,223345300
NVDA,2026-01-21,179.0500030517578,185.3800048828125,178.39999389648438,183.32000732421875,183.09669494628906,200381000
NVDA,2026-01-22,184.75,186.1699981689453,183.92999267578125,184.83999633789062,184.6148223876953,139636600
NVDA,2026-01-23,187.5,189.60000610351562,186.82000732421875,187.6699981689453,187.44137573242188,142748100
NVDA,2026-01-26,187.16000366210938,189.1199951171875,185.99000549316406,186.47000122070312,186.2428436279297,124799600
NVDA,2026-01-27,187.24000549316406,190.0,185.6999969482422,188.52000427246094,188.29034423828125,143711600
NVDA,2026-01-28,191.27000427246094,192.35000610351562,189.83999633789062,191.52000427246094,191.2866973876953,148552700
NVDA,2026-01-29,191.33999633789062,193.47999572753906,186.05999755859375,192.50999450683594,192.27548217773438,171764400
NVDA,2026-01-30,191.2100067138672,194.49000549316406,189.47000122070312,191.1300048828125,190.8971710205078,179489500
NVDA,2026-02-02,187.1999969482422,190.3000030517578,184.8800048828125,185.61000061035156,185.38389587402344,165794100
NVDA,2026-02-03,186.24000549316406,186.27000427246094,176.22999572753906,180.33999633789062,180.12030029296875,204019600
NVDA,2026-02-04,179.4600067138672,179.5800018310547,171.91000366210938,174.19000244140625,173.97779846191406,207014100
NVDA,2026-02-05,174.92999267578125,176.82000732421875,171.02999877929688,171.8800048828125,171.6706085205078,206312900
NVDA,2026-02-06,176.69000244140625,187.0,174.60000610351562,185.41000366210938,185.1841278076172,231346200
NVDA,2026-02-09,184.25999450683594,193.66000366210938,183.9499969482422,190.0399932861328,189.80848693847656,196387400
NVDA,2026-02-10,191.3800048828125,192.47999572753906,188.1199951171875,188.5399932861328,188.31031799316406,136764800
NVDA,2026-02-11,192.4499969482422,193.25999450683594,188.77000427246094,190.0500030517578,189.8184814453125,144192700
NVDA,2026-02-12,193.02999877929688,193.61000061035156,186.50999450683594,186.94000244140625,186.7122802734375,189932500
NVDA,2026-02-13,187.47999572753906,187.5,181.58999633789062,182.80999755859375,182.58731079101562,161888000
NVDA,2026-02-17,181.75,187.14999389648438,179.17999267578125,184.97000122070312,184.7446746826172,162276900
NVDA,2026-02-18,188.75,190.3699951171875,186.75999450683594,187.97999572753906,187.75099182128906,164749100
NVDA,2026-02-19,187.05999755859375,188.42999267578125,185.66000366210938,187.89999389648438,187.6710968017578,126554500
NVDA,2026-02-20,186.57000732421875,190.3300018310547,185.94000244140625,189.82000732421875,189.58877563476562,178422300
NVDA,2026-02-23,191.39999389648438,193.9499969482422,189.5800018310547,191.5500030517578,191.31666564941406,171584800
NVDA,2026-02-24,191.49000549316406,193.77000427246094,187.39999389648438,192.85000610351562,192.61508178710938,175123600
NVDA,2026-02-25,194.4499969482422,197.6300048828125,193.7899932861328,195.55999755859375,195.32176208496094,250637100
NVDA,2026-02-26,194.27000427246094,194.2899932861328,184.32000732421875,184.88999938964844,184.66476440429688,360807900
NVDA,2026-02-27,181.25,182.58999633789062,176.3800048828125,177.19000244140625,176.97415161132812,311636500
NVDA,2026-03-02,175.00999450683594,183.4600067138672,174.63999938964844,182.47999572753906,182.25770568847656,209095300
NVDA,2026-03-03,178.49000549316406,180.89999389648438,176.9199981689453,180.0500030517578,179.83065795898438,178099400
NVDA,2026-03-04,180.44000244140625,184.6999969482422,180.05999755859375,183.0399932861328,182.8170166015625,177731200
NVDA,2026-03-05,181.1699981689453,184.05999755859375,177.8800048828125,183.33999633789062,183.1166534423828,198779700
NVDA,2026-03-06,179.83999633789062,182.75999450683594,176.82000732421875,177.82000732421875,177.60337829589844,189021900
NVDA,2026-03-09,176.8300018310547,182.91000366210938,175.55999755859375,182.64999389648438,182.427490234375,177213600
NVDA,2026-03-10,182.39999389648438,186.44000244140625,182.00999450683594,184.77000427246094,184.544921875,179118500
NVDA,2026-03-11,185.91000366210938,187.6199951171875,184.4499969482422,186.02999877929688,185.8134307861328,145280400
NVDA,2026-03-12,184.0500030517578,184.94000244140625,181.75,183.13999938964844,182.9268035888672,155762700
NVDA,2026-03-13,184.9199981689453,186.08999633789062,179.94000244140625,180.25,180.0401611328125,160988400
NVDA,2026-03-16,182.97000122070312,188.8800048828125,181.41000366210938,183.22000122070312,183.0067138671875,217307400
NVDA,2026-03-17,185.05999755859375,185.39999389648438,181.67999267578125,181.92999267578125,181.71820068359375,182497800
NVDA,2026-03-18,182.47999572753906,183.3800048828125,180.3300018310547,180.39999389648438,180.1899871826172,156683100
NVDA,2026-03-19,178.00999450683594,179.97999572753906,175.7899932861328,178.55999755859375,178.3521270751953,170968500
NVDA,2026-03-20,178.0,178.25999450683594,171.72000122070312,172.6999969482422,172.4989471435547,241323500
NVDA,2026-03-23,177.25999450683594,178.3699951171875,174.75999450683594,175.63999938964844,175.43553161621094,182836300
NVDA,2026-03-24,174.8300018310547,176.22000122070312,173.97999572753906,175.1999969482422,174.99603271484375,147667800
NVDA,2026-03-25,177.10000610351562,181.22000122070312,176.85000610351562,178.67999267578125,178.47198486328125,162602100
NVDA,2026-03-26,176.07000732421875,176.50999450683594,171.13999938964844,171.24000549316406,171.04066467285156,186152200
NVDA,2026-03-27,170.0,170.97000122070312,167.00999450683594,167.52000427246094,167.32498168945312,196212700
NVDA,2026-03-30,168.77999877929688,169.4499969482422,164.27000427246094,165.1699981689453,164.97772216796875,185627000
NVDA,2026-03-31,166.97000122070312,174.6199951171875,166.9600067138672,174.39999389648438,174.1969757080078,226181300
NVDA,2026-04-01,176.0,177.3699951171875,174.75,175.75,175.54541015625,168132000
NVDA,2026-04-02,172.17999267578125,177.49000549316406,171.3699951171875,177.38999938964844,177.18348693847656,143143200
NVDA,2026-04-06,177.16000366210938,177.7899932861328,175.75999450683594,177.63999938964844,177.43319702148438,107564300
NVDA,2026-04-07,175.72999572753906,178.22999572753906,173.66000366210938,178.10000610351562,177.89266967773438,132534900
NVDA,2026-04-08,184.5,185.25999450683594,180.3000030517578,182.0800018310547,181.8680419921875,147732700
NVDA,2026-04-09,181.83999633789062,184.0800018310547,180.6199951171875,183.91000366210938,183.69590759277344,116428500
NVDA,2026-04-10,184.30999755859375,190.0,184.3000030517578,188.6300048828125,188.41041564941406,160459500
NVDA,2026-04-13,186.02999877929688,189.66000366210938,185.74000549316406,189.30999755859375,189.08961486816406,133648200
NVDA,2026-04-14,190.83999633789062,196.50999450683594,190.77000427246094,196.50999450683594,196.28123474121094,161307000
NVDA,2026-04-15,196.5399932861328,200.39999389648438,195.74000549316406,198.8699951171875,198.63848876953125,185338400
NVDA,2026-04-16,197.42999267578125,199.85000610351562,195.80999755859375,198.35000610351562,198.1190948486328,134012900
NVDA,2026-04-17,199.89999389648438,201.6999969482422,199.27000427246094,201.67999267578125,201.44520568847656,160324400
NVDA,2026-04-20,199.97999572753906,202.1699981689453,197.83999633789062,202.05999755859375,201.82476806640625,119381400
NVDA,2026-04-21,202.1300048828125,202.75,199.0,199.8800048828125,199.64732360839844,107945300
NVDA,2026-04-22,200.99000549316406,202.5,199.0,202.5,202.26426696777344,107501000
NVDA,2026-04-23,202.4600067138672,203.8300018310547,197.22000122070312,199.63999938964844,199.4075927734375,113561800
NVDA,2026-04-24,199.9600067138672,210.9499969482422,199.80999755859375,208.27000427246094,208.0275421142578,214134400
NVDA,2026-04-27,209.64999389648438,216.8300018310547,207.3800048828125,216.61000061035156,216.3578338623047,187172400
NVDA,2026-04-28,209.49000549316406,214.72999572753906,208.1999969482422,213.1699981689453,212.92184448242188,180275400
NVDA,2026-04-29,212.6999969482422,212.72000122070312,207.5800018310547,209.25,209.00640869140625,123711800
NVDA,2026-04-30,209.92999267578125,210.3000030517578,198.6999969482422,199.57000732421875,199.33767700195312,225239200
NVDA,2026-05-01,201.27999877929688,203.0,197.1199951171875,198.4499969482422,198.21897888183594,128647000
NVDA,2026-05-04,199.5,201.72999572753906,194.74000549316406,198.47999572753906,198.24893188476562,125368100
NVDA,2026-05-05,199.3000030517578,200.24000549316406,196.02999877929688,196.5,196.271240234375,113406600
NVDA,2026-05-06,199.88999938964844,208.27000427246094,198.61000061035156,207.8300018310547,207.5880584716797,188362800
NVDA,2026-05-07,208.33999633789062,214.1999969482422,206.5,211.5,211.2537841796875,168307900
NVDA,2026-05-08,213.02999877929688,217.8000030517578,212.88999938964844,215.1999969482422,214.94947814941406,136421400
NVDA,2026-05-11,214.0399932861328,222.3000030517578,213.88999938964844,219.44000244140625,219.18453979492188,160685800
NVDA,2026-05-12,218.5500030517578,223.75,214.9199981689453,220.77999877929688,220.52297973632812,159176600
NVDA,2026-05-13,224.92999267578125,227.83999633789062,221.57000732421875,225.8300018310547,225.56710815429688,150405400
NVDA,2026-05-14,229.85000610351562,236.5399932861328,229.3000030517578,235.74000549316406,235.465576171875,180782900
NVDA,2026-05-15,229.75999450683594,231.5,224.24000549316406,225.32000732421875,225.05770874023438,180977600
NVDA,2026-05-18,229.8699951171875,230.0,218.3699951171875,222.32000732421875,222.0612030029297,146280900
NVDA,2026-05-19,219.6199951171875,224.47999572753906,217.91000366210938,220.61000061035156,220.35317993164062,140948200
NVDA,2026-05-20,223.17999267578125,226.1300048828125,220.5,223.47000122070312,223.20985412597656,184201600
NVDA,2026-05-21,222.2899932861328,227.39999389648438,217.92999267578125,219.50999450683594,219.25445556640625,203381800
NVDA,2026-05-22,220.89999389648438,221.00999450683594,214.8000030517578,215.3300018310547,215.07933044433594,169275700
NVDA,2026-05-26,216.5399932861328,218.17999267578125,212.0,214.86000061035156,214.60987854003906,187202600
NVDA,2026-05-27,214.1199951171875,214.14999389648438,208.77999877929688,212.60000610351562,212.35250854492188,167601200
NVDA,2026-05-28,211.27999877929688,215.52000427246094,211.22000122070312,214.25,214.00057983398438,143996000
NVDA,2026-05-29,214.5800018310547,217.86000061035156,211.1300048828125,211.13999938964844,210.8942108154297,289410600
NVDA,2026-06-01,215.72999572753906,224.8699951171875,215.6999969482422,224.36000061035156,224.09881591796875,212850700
NVDA,2026-06-02,227.17999267578125,232.27999877929688,221.35000610351562,222.82000732421875,222.56060791015625,193362900
NVDA,2026-06-03,221.72000122070312,222.82000732421875,214.50999450683594,214.75,214.5,160907000
NVDA,2026-06-04,213.91000366210938,221.60000610351562,210.97000122070312,218.66000366210938,218.66000366210938,169022200
NVDA,2026-06-05,214.52999877929688,214.8699951171875,204.3300018310547,205.10000610351562,205.10000610351562,219655500
NVDA,2026-06-08,210.17999267578125,210.47000122070312,206.0,208.63999938964844,208.63999938964844,138372800
NVDA,2026-06-09,210.6199951171875,211.39999389648438,199.33999633789062,208.19000244140625,208.19000244140625,180962500
NVDA,2026-06-10,204.42999267578125,207.22000122070312,199.9199981689453,200.4199981689453,200.4199981689453,161746600
NVDA,2026-06-11,201.49000549316406,205.66000366210938,199.5399932861328,204.8699951171875,204.8699951171875,158643200
NVDA,2026-06-12,204.86000061035156,207.07000732421875,203.44000244140625,205.19000244140625,205.19000244140625,112001800
NVDA,2026-06-15,208.9199981689453,212.7100067138672,208.33999633789062,212.4499969482422,212.4499969482422,149936700
NVDA,2026-06-16,211.17999267578125,211.49000549316406,207.2899932861328,207.41000366210938,207.41000366210938,125694100
NVDA,2026-06-17,208.52999877929688,209.2100067138672,203.0800018310547,204.64999389648438,204.64999389648438,128363500
NVDA,2026-06-18,207.3300018310547,211.38999938964844,206.5,210.69000244140625,210.69000244140625,241272000
NVDA,2026-06-22,211.44000244140625,213.99000549316406,207.72000122070312,208.64999389648438,208.64999389648438,122041400
NVDA,2026-06-23,202.1699981689453,203.77000427246094,200.0,200.0399932861328,200.0399932861328,153496200
NVDA,2026-06-24,200.1199951171875,201.6699981689453,196.5800018310547,199.0,199.0,151810700
NVDA,2026-06-25,200.0800018310547,200.8000030517578,192.1300048828125,195.74000549316406,195.74000549316406,149550000
NVDA,2026-06-26,193.1199951171875,195.5500030517578,191.22000122070312,192.52999877929688,192.52999877929688,179304100
NVDA,2026-06-29,193.85000610351562,196.17999267578125,189.8000030517578,194.97000122070312,194.97000122070312,148835700
NVDA,2026-06-30,197.24000549316406,200.6300048828125,195.11000061035156,200.08999633789062,200.08999633789062,166476700
NVDA,2026-07-01,196.1999969482422,199.85000610351562,193.4499969482422,197.5800018310547,197.5800018310547,146147600
NVDA,2026-07-02,197.13999938964844,200.05999755859375,192.35000610351562,194.8300018310547,194.8300018310547,142068700
NVDA,2026-07-06,194.4199981689453,197.5500030517578,193.99000549316406,195.5500030517578,195.5500030517578,108999000
NVDA,2026-07-07,192.3699951171875,198.41000366210938,191.13999938964844,196.92999267578125,196.92999267578125,124154600
NVDA,2026-07-08,195.17999267578125,205.16000366210938,195.05999755859375,204.1199951171875,204.1199951171875,147419100
NVDA,2026-07-09,204.4600067138672,204.58999633789062,198.9600067138672,202.77999877929688,202.77999877929688,132037400
NVDA,2026-07-10,202.0,211.0,201.9199981689453,210.9600067138672,210.9600067138672,148421000
NVDA,2026-07-13,208.5399932861328,210.57000732421875,203.0,203.52999877929688,203.52999877929688,121411000
NVDA,2026-07-14,208.1999969482422,212.5500030517578,203.8000030517578,211.8000030517578,211.8000030517578,124379600
NVDA,2026-07-15,211.9600067138672,213.80999755859375,206.0399932861328,212.5,212.5,124797200
NVDA,2026-07-16,210.1699981689453,211.0800018310547,205.85000610351562,207.39999389648438,207.39999389648438,122986100
NVDA,2026-07-17,202.63999938964844,206.64999389648438,197.97000122070312,202.80999755859375,202.80999755859375,144281900
NVDA,2026-07-20,205.8699951171875,207.74000549316406,202.27999877929688,203.27999877929688,203.27999877929688,88701500
NVDA,2026-07-21,207.5399932861328,208.64999389648438,204.00999450683594,207.2899932861328,207.2899932861328,108685600
NVDA,2026-07-22,205.80999755859375,214.38999938964844,204.9499969482422,212.05999755859375,212.05999755859375,137645600
NVDA,2026-07-23,209.4600067138672,210.8699951171875,205.9600067138672,208.75999450683594,208.75999450683594,110505300
NVDA,2026-07-24,207.4499969482422,211.91000366210938,204.80999755859375,206.83999633789062,206.83999633789062,114836800
NVDA,2026-07-27,208.1999969482422,208.75,195.44000244140625,196.50999450683594,196.50999450683594,154353700
NVDA,2026-07-28,195.0,198.6999969482422,192.74000549316406,197.00999450683594,197.00999450683594,134111500
NVDA,2026-07-29,195.85000610351562,197.07000732421875,190.00999450683594,190.00999450683594,190.00999450683594,147680800
NVDA,2026-07-30,193.4499969482422,197.25,191.52000427246094,195.0399932861328,195.0399932861328,129010200
NVDA,2026-07-31,198.44000244140625,202.0,194.9499969482422,200.75,200.75,139961200
NVDA,2026-08-03,197.69000244140625,208.74000549316406,196.85000610351562,206.63999938964844,206.63999938964844,128406900
NVDA,2026-08-04,211.3000030517578,213.05999755859375,209.0500030517578,211.94000244140625,211.94000244140625,134922000
NVDA,2026-08-05,216.86000061035156,222.22000122070312,216.39999389648438,219.22000122070312,219.22000122070312,158187400
NVDA,2026-08-06,221.52999877929688,223.6300048828125,217.0,218.99000549316406,218.99000549316406,113940600
NVDA,2026-08-07,221.5399932861328,224.75999450683594,220.66000366210938,223.9600067138672,223.9600067138672,105669400
NVDA,2026-08-10,223.39999389648438,224.13999938964844,216.77000427246094,217.5500030517578,217.5500030517578,115846600
NVDA,2026-08-11,222.1699981689453,222.1999969482422,216.1999969482422,217.5,217.5,101273100
NVDA,2026-08-12,221.0399932861328,225.10000610351562,220.1999969482422,224.08999633789062,224.08999633789062,108783600
NVDA,2026-08-13,225.05999755859375,227.22999572753906,223.7100067138672,225.3000030517578,225.3000030517578,98867200
NVDA,2026-08-14,226.77000427246094,227.49000549316406,224.5,225.16000366210938,225.16000366210938,75504000
QQQ,2019-10-01,189.5,190.58999633789062,186.9600067138672,187.27000427246094,179.88760375976562,32367600
QQQ,2019-10-02,186.0,186.02999877929688,183.02000427246094,184.0500030517578,176.79449462890625,48544300
QQQ,2019-10-03,184.02999877929688,186.2100067138672,181.82000732421875,186.07000732421875,178.73487854003906,39392500
QQQ,2019-10-04,187.0800018310547,189.0800018310547,186.8800048828125,188.80999755859375,181.36683654785156,31887600
QQQ,2019-10-07,188.27000427246094,189.74000549316406,187.91000366210938,188.24000549316406,180.81936645507812,21216000
QQQ,2019-10-08,187.05999755859375,187.86000061035156,185.27000427246094,185.4199981689453,178.1105499267578,32379300
QQQ,2019-10-09,186.99000549316406,188.0800018310547,186.42999267578125,187.22999572753906,179.84913635253906,20147400
QQQ,2019-10-10,187.27999877929688,189.42999267578125,187.1199951171875,188.67999267578125,181.2420196533203,25177700
QQQ,2019-10-11,190.8300018310547,192.6300048828125,190.72000122070312,191.11000061035156,183.57620239257812,40976700
QQQ,2019-10-14,190.83999633789062,191.6999969482422,190.64999389648438,191.08999633789062,183.55697631835938,14975000
QQQ,2019-10-15,191.67999267578125,193.97000122070312,191.55999755859375,193.52000427246094,185.89120483398438,23234200
QQQ,2019-10-16,192.86000061035156,193.52999877929688,192.42999267578125,193.0399932861328,185.43011474609375,20457100
QQQ,2019-10-17,194.1999969482422,194.5,192.80999755859375,193.5500030517578,185.92001342773438,19045200
QQQ,2019-10-18,193.1999969482422,193.6699981689453,190.7100067138672,191.69000244140625,184.1333465576172,27700800
QQQ,2019-10-21,192.7100067138672,193.52000427246094,192.13999938964844,193.38999938964844,185.766357421875,15801200
QQQ,2019-10-22,194.14999389648438,194.4199981689453,191.7899932861328,191.85000610351562,184.28704833984375,22392300
QQQ,2019-10-23,191.4600067138672,192.25999450683594,191.14999389648438,192.22000122070312,184.64244079589844,14828400
QQQ,2019-10-24,193.58999633789062,194.2100067138672,192.74000549316406,194.08999633789062,186.43870544433594,18998500
QQQ,2019-10-25,193.08999633789062,195.74000549316406,193.0500030517578,195.63999938964844,187.92764282226562,21507100
QQQ,2019-10-28,196.5500030517578,197.8300018310547,196.5500030517578,197.57000732421875,189.78155517578125,18818700
QQQ,2019-10-29,197.24000549316406,197.5399932861328,196.00999450683594,196.0399932861328,188.31185913085938,18569700
QQQ,2019-10-30,196.4199981689453,197.32000732421875,195.2899932861328,196.99000549316406,189.2244110107422,21764300
QQQ,2019-10-31,197.55999755859375,197.64999389648438,195.94000244140625,197.0800018310547,189.31085205078125,26801800
QQQ,2019-11-01,197.92999267578125,198.8800048828125,197.6300048828125,198.8699951171875,191.03030395507812,22131900
QQQ,2019-11-04,200.19000244140625,200.52999877929688,198.8699951171875,200.10000610351562,192.2117919921875,19015900
QQQ,2019-11-05,200.35000610351562,200.5500030517578,199.5500030517578,200.2100067138672,192.31748962402344,15048900
QQQ,2019-11-06,199.97999572753906,200.0,198.7899932861328,199.75999450683594,191.8852081298828,19725500
QQQ,2019-11-07,200.75999450683594,201.72000122070312,199.85000610351562,200.42999267578125,192.52882385253906,17832400
QQQ,2019-11-08,200.07000732421875,201.25,199.5399932861328,201.22999572753906,193.29721069335938,15258800
QQQ,2019-11-11,200.2100067138672,201.0399932861328,199.94000244140625,200.9600067138672,193.0378875732422,10147600
QQQ,2019-11-12,201.1300048828125,202.2100067138672,200.82000732421875,201.5399932861328,193.59503173828125,14778300
QQQ,2019-11-13,200.83999633789062,201.77999877929688,200.7100067138672,201.58999633789062,193.64308166503906,15774600
QQQ,2019-11-14,200.8300018310547,201.55999755859375,200.22000122070312,201.42999267578125,193.48934936523438,16945400
QQQ,2019-11-15,202.64999389648438,202.91000366210938,202.0,202.91000366210938,194.91102600097656,18427900
QQQ,2019-11-18,202.58999633789062,203.38999938964844,201.77000427246094,203.07000732421875,195.064697265625,18365900
QQQ,2019-11-19,203.83999633789062,203.83999633789062,202.58999633789062,203.3699951171875,195.35289001464844,16923300
QQQ,2019-11-20,202.83999633789062,203.4499969482422,200.6199951171875,202.14999389648438,194.18099975585938,36629000
QQQ,2019-11-21,201.92999267578125,202.07000732421875,201.07000732421875,201.6999969482422,193.74876403808594,17883600
QQQ,2019-11-22,202.1999969482422,202.32000732421875,200.74000549316406,201.8300018310547,193.87362670898438,17189600
QQQ,2019-11-25,202.6999969482422,204.25999450683594,202.6699981689453,204.22000122070312,196.16937255859375,17752800
QQQ,2019-11-26,204.35000610351562,204.8699951171875,204.0500030517578,204.61000061035156,196.5440216064453,14780600
QQQ,2019-11-27,205.13999938964844,206.0500030517578,204.88999938964844,206.0399932861328,197.91769409179688,16963100
QQQ,2019-11-29,205.52000427246094,205.8300018310547,205.0,205.10000610351562,197.01470947265625,9854600
QQQ,2019-12-02,205.11000061035156,205.17999267578125,201.77999877929688,203.0,194.99746704101562,28007000
QQQ,2019-12-03,200.2100067138672,201.49000549316406,199.22999572753906,201.41000366210938,193.47015380859375,31104100
QQQ,2019-12-04,202.44000244140625,202.91000366210938,202.13999938964844,202.42999267578125,194.449951171875,15300100
QQQ,2019-12-05,203.14999389648438,203.14999389648438,201.83999633789062,202.8300018310547,194.83416748046875,14962300
QQQ,2019-12-06,204.30999755859375,205.14999389648438,204.14999389648438,205.0,196.91867065429688,16555300
QQQ,2019-12-09,204.6300048828125,205.58999633789062,203.97999572753906,204.07000732421875,196.02529907226562,13984100
QQQ,2019-12-10,204.1699981689453,204.8800048828125,203.44000244140625,203.89999389648438,195.8620147705078,21799800
QQQ,2019-12-11,204.36000061035156,205.19000244140625,204.0399932861328,204.97999572753906,196.8994140625,18780800
QQQ,2019-12-12,204.77000427246094,207.32000732421875,204.49000549316406,206.50999450683594,198.3690643310547,32612000
QQQ,2019-12-13,206.39999389648438,207.91000366210938,205.9600067138672,207.19000244140625,199.02227783203125,32519400
QQQ,2019-12-16,208.5500030517578,209.52999877929688,208.47999572753906,209.27000427246094,201.02029418945312,21296600
QQQ,2019-12-17,209.5399932861328,209.7100067138672,209.0399932861328,209.38999938964844,201.13560485839844,15996100
QQQ,2019-12-18,209.57000732421875,210.1300048828125,209.3300018310547,209.5500030517578,201.2892608642578,15443300
QQQ,2019-12-19,209.63999938964844,210.92999267578125,209.6199951171875,210.86000061035156,202.547607421875,17865900
QQQ,2019-12-20,211.86000061035156,212.52000427246094,211.27000427246094,211.7100067138672,203.36415100097656,27672600
QQQ,2019-12-23,212.0,212.14999389648438,211.6300048828125,211.80999755859375,203.90127563476562,23774700
QQQ,2019-12-24,212.0,212.08999633789062,211.44000244140625,211.9199981689453,204.00717163085938,7089000
QQQ,2019-12-26,212.25999450683594,213.80999755859375,212.22999572753906,213.7899932861328,205.8073272705078,17067500
QQQ,2019-12-27,214.5399932861328,214.55999755859375,213.0399932861328,213.61000061035156,205.6340789794922,18134100
QQQ,2019-12-30,213.5,213.6300048828125,211.16000366210938,212.2100067138672,204.28636169433594,21815500
QQQ,2019-12-31,211.52999877929688,212.75999450683594,211.1999969482422,212.61000061035156,204.6714324951172,18170900
QQQ,2020-01-02,214.39999389648438,216.16000366210938,213.97999572753906,216.16000366210938,208.0889129638672,30969400
QQQ,2020-01-03,213.3000030517578,215.47000122070312,213.27999877929688,214.17999267578125,206.1828155517578,27518900
QQQ,2020-01-06,212.5,215.58999633789062,212.24000549316406,215.55999755859375,207.5112762451172,21655300
QQQ,2020-01-07,215.63999938964844,216.13999938964844,214.85000610351562,215.52999877929688,207.4823760986328,22139300
QQQ,2020-01-08,215.5,218.13999938964844,215.16000366210938,217.14999389648438,209.0418701171875,26397300
QQQ,2020-01-09,218.94000244140625,219.41000366210938,217.7100067138672,218.99000549316406,210.81321716308594,23547000
QQQ,2020-01-10,219.85000610351562,219.8699951171875,218.0399932861328,218.42999267578125,210.27410888671875,21898500
QQQ,2020-01-13,219.3300018310547,220.97999572753906,218.97999572753906,220.9499969482422,212.70004272460938,22756900
QQQ,2020-01-14,220.83999633789062,221.2100067138672,219.74000549316406,220.0800018310547,211.8625030517578,24418100
QQQ,2020-01-15,220.1999969482422,221.1999969482422,219.4499969482422,220.1699981689453,211.9490966796875,25742100
QQQ,2020-01-16,221.27000427246094,222.32000732421875,220.8000030517578,222.27999877929688,213.9803466796875,18805000
QQQ,2020-01-17,223.27999877929688,223.55999755859375,222.1199951171875,223.3800048828125,215.03927612304688,24325200
QQQ,2020-01-21,222.75999450683594,223.83999633789062,222.66000366210938,223.27999877929688,214.94300842285156,21146300
QQQ,2020-01-22,224.41000366210938,225.14999389648438,223.58999633789062,223.8699951171875,215.51100158691406,20736400
QQQ,2020-01-23,223.74000549316406,224.69000244140625,222.6999969482422,224.58999633789062,216.20411682128906,26496100
QQQ,2020-01-24,225.63999938964844,225.8800048828125,221.6699981689453,222.6999969482422,214.38467407226562,37436500
QQQ,2020-01-27,217.6699981689453,219.27999877929688,217.17999267578125,218.10000610351562,209.9564666748047,42264400
QQQ,2020-01-28,219.63999938964844,221.9600067138672,219.05999755859375,221.4499969482422,213.1813507080078,26731900
QQQ,2020-01-29,222.67999267578125,222.92999267578125,220.8300018310547,221.80999755859375,213.5279083251953,28924500
QQQ,2020-01-30,220.3800048828125,222.6999969482422,219.69000244140625,222.60000610351562,214.2884063720703,39568100
QQQ,2020-01-31,223.52999877929688,223.55999755859375,218.2899932861328,219.07000732421875,210.8902587890625,52015800
QQQ,2020-02-03,220.13999938964844,222.88999938964844,219.99000549316406,222.3800048828125,214.0766143798828,25408600
QQQ,2020-02-04,225.4199981689453,227.86000061035156,224.64999389648438,227.47000122070312,218.97657775878906,30691200
QQQ,2020-02-05,230.2100067138672,230.25,226.85000610351562,228.22000122070312,219.69851684570312,38534800
QQQ,2020-02-06,228.7899932861328,230.25,227.97999572753906,230.19000244140625,221.59498596191406,22467100
QQQ,2020-02-07,229.16000366210938,230.44000244140625,228.5399932861328,229.1999969482422,220.64198303222656,25884900
QQQ,2020-02-10,228.44000244140625,231.97999572753906,228.3800048828125,231.97000122070312,223.3085479736328,21478900
QQQ,2020-02-11,233.25,234.02000427246094,231.39999389648438,232.00999450683594,223.34703063964844,30198000
QQQ,2020-02-12,233.3800048828125,234.3800048828125,232.8000030517578,234.27000427246094,225.52267456054688,24471300
QQQ,2020-02-13,232.63999938964844,234.92999267578125,232.36000061035156,233.97000122070312,225.23385620117188,22773200
QQQ,2020-02-14,234.33999633789062,234.86000061035156,233.5500030517578,234.63999938964844,225.8788604736328,23438500
QQQ,2020-02-18,233.5,235.1699981689453,233.25,234.72999572753906,225.96548461914062,24394500
QQQ,2020-02-19,236.1300048828125,237.47000122070312,235.85000610351562,236.97999572753906,228.13148498535156,22230500
QQQ,2020-02-20,236.4600067138672,236.9499969482422,231.8800048828125,234.77999877929688,226.01361083984375,42604000
QQQ,2020-02-21,233.61000061035156,234.00999450683594,229.32000732421875,230.27000427246094,221.67205810546875,66017200
QQQ,2020-02-24,221.67999267578125,224.25,220.25999450683594,221.38999938964844,213.1236114501953,84522600
QQQ,2020-02-25,223.25,223.99000549316406,214.74000549316406,215.3699951171875,207.32838439941406,97743000
QQQ,2020-02-26,216.7100067138672,220.27999877929688,214.89999389648438,216.47999572753906,208.39688110351562,79537700
QQQ,2020-02-27,210.89999389648438,216.4199981689453,205.5,205.63999938964844,197.9616241455078,121822600
QQQ,2020-02-28,198.63999938964844,207.1699981689453,198.1699981689453,205.8000030517578,198.11575317382812,148173700
QQQ,2020-03-02,208.8800048828125,216.57000732421875,205.94000244140625,216.4199981689453,208.3391876220703,112933900
QQQ,2020-03-03,217.11000061035156,219.61000061035156,207.6199951171875,209.47999572753906,201.65829467773438,131953500
QQQ,2020-03-04,213.32000732421875,218.3300018310547,211.3699951171875,218.22000122070312,210.07199096679688,73086200
QQQ,2020-03-05,212.69000244140625,216.36000061035156,210.10000610351562,211.58999633789062,203.6895294189453,78705500
QQQ,2020-03-06,204.6699981689453,209.14999389648438,202.91000366210938,208.02000427246094,200.25277709960938,89828400
QQQ,2020-03-09,193.47999572753906,201.16000366210938,192.11000061035156,193.57000732421875,186.34230041503906,116424000
QQQ,2020-03-10,201.11000061035156,204.3000030517578,193.67999267578125,204.11000061035156,196.48880004882812,100599200
QQQ,2020-03-11,199.35000610351562,200.75,192.72999572753906,195.22000122070312,187.93075561523438,89168800
QQQ,2020-03-12,182.08999633789062,190.77999877929688,176.94000244140625,177.32000732421875,170.69915771484375,137820700
QQQ,2020-03-13,187.07000732421875,194.47999572753906,178.1300048828125,192.33999633789062,185.15829467773438,134882000
QQQ,2020-03-16,174.14999389648438,184.67999267578125,169.16000366210938,169.3000030517578,162.97854614257812,92054400
QQQ,2020-03-17,175.47000122070312,184.38999938964844,169.77999877929688,182.13999938964844,175.3391571044922,121257100
QQQ,2020-03-18,171.61000061035156,179.22000122070312,166.8000030517578,176.60000610351562,170.0060272216797,114156300
QQQ,2020-03-19,175.69000244140625,183.49000549316406,171.6300048828125,177.66000366210938,171.02638244628906,120896500
QQQ,2020-03-20,181.74000549316406,182.8699951171875,170.10000610351562,170.6999969482422,164.3262939453125,118983900
QQQ,2020-03-23,170.9199981689453,174.2100067138672,164.92999267578125,170.4600067138672,164.4449462890625,124639800
QQQ,2020-03-24,179.91000366210938,183.8300018310547,177.9499969482422,183.66000366210938,177.1791534423828,94881800
QQQ,2020-03-25,184.4199981689453,189.50999450683594,179.97999572753906,182.3000030517578,175.86712646484375,88754900
QQQ,2020-03-26,183.8699951171875,192.72000122070312,183.61000061035156,191.89999389648438,185.12838745117188,79887600
QQQ,2020-03-27,186.92999267578125,190.50999450683594,184.66000366210938,185.3000030517578,178.76126098632812,58845000
QQQ,2020-03-30,187.05999755859375,192.49000549316406,186.33999633789062,192.0399932861328,185.26344299316406,49356900
QQQ,2020-03-31,191.72000122070312,195.25,189.1999969482422,190.39999389648438,183.68128967285156,62659300
QQQ,2020-04-01,184.77000427246094,187.66000366210938,180.86000061035156,182.30999755859375,175.87677001953125,53715400
QQQ,2020-04-02,181.24000549316406,190.10000610351562,180.97000122070312,186.00999450683594,179.44619750976562,56465300
QQQ,2020-04-03,185.5500030517578,187.07000732421875,181.2899932861328,183.3699951171875,176.8994140625,47487600
QQQ,2020-04-06,190.47999572753906,197.64999389648438,189.19000244140625,196.47999572753906,189.5467529296875,64763500
QQQ,2020-04-07,202.3699951171875,202.66000366210938,196.0,196.39999389648438,189.46958923339844,69904500
QQQ,2020-04-08,198.14999389648438,201.1699981689453,196.1699981689453,200.57000732421875,193.4924774169922,45940400
QQQ,2020-04-09,202.35000610351562,203.22000122070312,199.02999877929688,200.86000061035156,193.772216796875,68252600
QQQ,2020-04-13,200.0,203.4199981689453,198.75,203.02999877929688,195.8656463623047,42853900
QQQ,2020-04-14,207.22999572753906,212.5,206.4199981689453,211.86000061035156,204.384033203125,63959600
QQQ,2020-04-15,208.47999572753906,211.8300018310547,207.1199951171875,209.42999267578125,202.03977966308594,47036000
QQQ,2020-04-16,211.69000244140625,214.3699951171875,209.69000244140625,213.25,205.7250213623047,64657400
QQQ,2020-04-17,216.1699981689453,216.50999450683594,212.0800018310547,215.2899932861328,207.6929931640625,62863200
QQQ,2020-04-20,213.36000061035156,215.8800048828125,212.57000732421875,212.74000549316406,205.23301696777344,38249100
QQQ,2020-04-21,210.60000610351562,211.16000366210938,203.6300048828125,204.88999938964844,197.6600341796875,72932800
QQQ,2020-04-22,209.10000610351562,212.35000610351562,208.3300018310547,210.97000122070312,203.52548217773438,40089100
QQQ,2020-04-23,211.7899932861328,214.44000244140625,210.10000610351562,210.52000427246094,203.09132385253906,43278500
QQQ,2020-04-24,210.97000122070312,214.3000030517578,209.5,213.83999633789062,206.29420471191406,34231900
QQQ,2020-04-27,216.19000244140625,216.6300048828125,214.5,215.55999755859375,207.95347595214844,36451700
QQQ,2020-04-28,217.32000732421875,217.32000732421875,211.2100067138672,211.5,204.0367431640625,46862800
QQQ,2020-04-29,216.19000244140625,219.97000122070312,215.13999938964844,219.0,211.2720947265625,48716400
QQQ,2020-04-30,219.9499969482422,220.0399932861328,217.35000610351562,218.91000366210938,211.1852264404297,43359500
QQQ,2020-05-01,214.5,216.6699981689453,211.67999267578125,212.74000549316406,205.23301696777344,48795000
QQQ,2020-05-04,211.4600067138672,215.4499969482422,211.1199951171875,215.22000122070312,207.6255340576172,32841000
QQQ,2020-05-05,217.44000244140625,220.13999938964844,216.85000610351562,217.66000366210938,209.9793701171875,37783100
QQQ,2020-05-06,219.39999389648438,221.0399932861328,218.11000061035156,219.0,211.2720947265625,36455200
QQQ,2020-05-07,221.82000732421875,222.72999572753906,220.4199981689453,221.82000732421875,213.9925537109375,38624800
QQQ,2020-05-08,223.5500030517578,225.0,222.47999572753906,224.86000061035156,216.92532348632812,31852300
QQQ,2020-05-11,223.49000549316406,227.92999267578125,223.25,226.8699951171875,218.86441040039062,35714100
QQQ,2020-05-12,227.49000549316406,228.10000610351562,222.08999633789062,222.1199951171875,214.281982421875,41054100
QQQ,2020-05-13,222.66000366210938,224.61000061035156,216.7100067138672,219.33999633789062,211.60011291503906,65521200
QQQ,2020-05-14,217.97000122070312,221.8699951171875,215.99000549316406,221.8300018310547,214.0022430419922,51549300
QQQ,2020-05-15,218.77999877929688,223.3300018310547,218.3300018310547,223.27000427246094,215.39141845703125,55747200
QQQ,2020-05-18,226.27999877929688,228.67999267578125,225.47000122070312,227.42999267578125,219.40463256835938,42398100
QQQ,2020-05-19,227.6999969482422,229.85000610351562,226.7100067138672,226.86000061035156,218.85472106933594,36237300
QQQ,2020-05-20,229.5,231.75999450683594,229.47999572753906,231.38999938964844,223.22486877441406,37417000
QQQ,2020-05-21,231.44000244140625,232.13999938964844,228.33999633789062,228.8699951171875,220.7937774658203,43642900
QQQ,2020-05-22,228.4499969482422,229.8699951171875,227.5,229.66000366210938,221.55592346191406,28762400
QQQ,2020-05-26,233.36000061035156,233.57000732421875,228.7899932861328,229.0399932861328,220.95777893066406,33055300
QQQ,2020-05-27,228.69000244140625,230.41000366210938,223.94000244140625,230.2899932861328,222.1636962890625,55665600
QQQ,2020-05-28,229.11000061035156,233.47000122070312,229.0500030517578,229.99000549316406,221.87432861328125,42784300
QQQ,2020-05-29,230.3800048828125,233.60000610351562,228.75999450683594,233.36000061035156,225.12538146972656,50691800
QQQ,2020-06-01,232.4600067138672,234.4499969482422,232.0,234.05999755859375,225.8007049560547,25776000
QQQ,2020-06-02,234.5,235.69000244140625,232.00999450683594,235.6300048828125,227.3153076171875,33383400
QQQ,2020-06-03,236.25999450683594,237.47000122070312,235.35000610351562,236.69000244140625,228.3378448486328,37228700
QQQ,2020-06-04,236.3300018310547,237.7899932861328,233.67999267578125,235.02999877929688,226.73643493652344,38716100
QQQ,2020-06-05,236.22000122070312,240.3000030517578,235.6300048828125,239.69000244140625,231.2320098876953,47365600
QQQ,2020-06-08,239.5399932861328,241.67999267578125,237.91000366210938,241.5500030517578,233.02638244628906,32937300
QQQ,2020-06-09,240.66000366210938,244.17999267578125,240.47000122070312,243.3000030517578,234.714599609375,35046300
QQQ,2020-06-10,245.0500030517578,247.82000732421875,244.50999450683594,246.22000122070312,237.53158569335938,58084400
QQQ,2020-06-11,242.16000366210938,243.58999633789062,233.9600067138672,234.02000427246094,225.76210021972656,72919400
QQQ,2020-06-12,239.08999633789062,240.39999389648438,231.74000549316406,235.8800048828125,227.5564422607422,72034800
QQQ,2020-06-15,232.44000244140625,239.4499969482422,231.47000122070312,238.75,230.32518005371094,45307400
QQQ,2020-06-16,243.77999877929688,244.38999938964844,239.10000610351562,242.85000610351562,234.2804718017578,48890100
QQQ,2020-06-17,244.39999389648438,245.5,242.72999572753906,243.6199951171875,235.0233612060547,34749300
QQQ,2020-06-18,243.2899932861328,244.52999877929688,242.49000549316406,244.27999877929688,235.66004943847656,30578600
QQQ,2020-06-19,246.72999572753906,247.0,242.4499969482422,244.24000549316406,235.62147521972656,49422100
QQQ,2020-06-22,243.67999267578125,246.8699951171875,243.3800048828125,246.74000549316406,238.4471893310547,24068700
QQQ,2020-06-23,248.38999938964844,251.14999389648438,247.82000732421875,248.83999633789062,240.47662353515625,32767400
QQQ,2020-06-24,248.05999755859375,249.3300018310547,242.16000366210938,243.7100067138672,235.5189971923828,46032400
QQQ,2020-06-25,243.8000030517578,246.33999633789062,241.13999938964844,246.02999877929688,237.76101684570312,36940800
QQQ,2020-06-26,245.77999877929688,245.9600067138672,239.67999267578125,240.22000122070312,232.14633178710938,52824600
QQQ,2020-06-29,239.97000122070312,242.85000610351562,237.35000610351562,242.83999633789062,234.67823791503906,34377800
QQQ,2020-06-30,242.77000427246094,248.16000366210938,242.5800018310547,247.60000610351562,239.2782745361328,38909200
QQQ,2020-07-01,247.63999938964844,251.52000427246094,247.0800018310547,250.49000549316406,242.07110595703125,34689200
QQQ,2020-07-02,253.02000427246094,254.27000427246094,251.7100067138672,252.19000244140625,243.71400451660156,31956500
QQQ,2020-07-06,255.4499969482422,258.92999267578125,255.42999267578125,258.3900146484375,249.7056427001953,34589000
QQQ,2020-07-07,258.1300048828125,260.8800048828125,256.29998779296875,256.6099853515625,247.98544311523438,36578200
QQQ,2020-07-08,257.9800109863281,260.0199890136719,256.5,259.989990234375,251.25180053710938,30426300
QQQ,2020-07-09,261.9700012207031,262.8699951171875,257.6300048828125,262.17999267578125,253.36825561523438,40312900
QQQ,2020-07-10,262.0299987792969,264.2300109863281,259.260009765625,263.9700012207031,255.0980682373047,32885300
QQQ,2020-07-13,266.9100036621094,269.7900085449219,257.69000244140625,258.5400085449219,249.85061645507812,64108100
QQQ,2020-07-14,255.92999267578125,260.7900085449219,252.75999450683594,260.3699951171875,251.61903381347656,72230500
QQQ,2020-07-15,261.8299865722656,262.69000244140625,257.489990234375,260.8999938964844,252.13131713867188,54523900
QQQ,2020-07-16,258.0199890136719,259.7799987792969,255.6199951171875,259.1199951171875,250.41107177734375,47594100
QQQ,2020-07-17,259.5899963378906,260.30999755859375,257.1700134277344,259.4200134277344,250.7010040283203,35137900
QQQ,2020-07-20,260.0799865722656,267.42999267578125,258.7900085449219,266.7799987792969,257.8136291503906,40610100
QQQ,2020-07-21,268.3999938964844,268.4100036621094,263.1300048828125,264.0,255.1270751953125,43243800
QQQ,2020-07-22,264.510009765625,265.8900146484375,262.54998779296875,264.92999267578125,256.0258483886719,29865500
QQQ,2020-07-23,264.510009765625,265.239990234375,256.54998779296875,258.010009765625,249.33839416503906,51363500
QQQ,2020-07-24,254.0399932861328,256.92999267578125,251.32000732421875,255.55999755859375,246.97073364257812,54054500
QQQ,2020-07-27,257.260009765625,260.5199890136719,256.45001220703125,260.1199951171875,251.37747192382812,36445700
QQQ,2020-07-28,259.30999755859375,259.8500061035156,256.510009765625,256.80999755859375,248.17874145507812,31302400
QQQ,2020-07-29,258.3999938964844,260.6600036621094,257.9100036621094,259.7699890136719,251.03924560546875,27556900
QQQ,2020-07-30,257.739990234375,261.7099914550781,256.54998779296875,261.1300048828125,252.35354614257812,41774500
QQQ,2020-07-31,265.9100036621094,265.95001220703125,260.8500061035156,265.7900085449219,256.8569641113281,53686300
QQQ,2020-08-03,268.0,270.1499938964844,267.8699951171875,269.3800048828125,260.3262634277344,32081600
QQQ,2020-08-04,268.8599853515625,270.4800109863281,268.0899963378906,270.3800048828125,261.2926940917969,24911300
QQQ,2020-08-05,270.8800048828125,271.5199890136719,269.9599914550781,271.04998779296875,261.9401550292969,21612100
QQQ,2020-08-06,270.8500061035156,274.9800109863281,270.19000244140625,274.6400146484375,265.4094543457031,28048200
QQQ,2020-08-07,274.0799865722656,274.8800048828125,269.25,271.4700012207031,262.3460388183594,44969400
QQQ,2020-08-10,271.7699890136719,271.9800109863281,266.6700134277344,270.30999755859375,261.2249450683594,35088400
QQQ,2020-08-11,269.1099853515625,270.44000244140625,264.6300048828125,265.19000244140625,256.277099609375,43104300
QQQ,2020-08-12,267.4200134277344,272.8399963378906,267.3699951171875,271.8599853515625,262.72296142578125,38773400
QQQ,2020-08-13,272.6600036621094,274.8299865722656,271.510009765625,272.4800109863281,263.3220520019531,31895700
QQQ,2020-08-14,273.1199951171875,273.3999938964844,270.7200012207031,272.1600036621094,263.0128479003906,30799500
QQQ,2020-08-17,273.92999267578125,275.8399963378906,272.20001220703125,275.32000732421875,266.0666198730469,24803000
QQQ,2020-08-18,276.4200134277344,278.4599914550781,274.9100036621094,277.9700012207031,268.6275634765625,23529500
QQQ,2020-08-19,277.92999267578125,279.0199890136719,275.57000732421875,276.1000061035156,266.8203430175781,31999400
QQQ,2020-08-20,275.2799987792969,280.42999267578125,274.8599853515625,279.92999267578125,270.5216369628906,27723400
QQQ,2020-08-21,280.1300048828125,282.3399963378906,279.4599914550781,281.8699951171875,272.3964538574219,34748900
QQQ,2020-08-24,285.25,286.0,281.2699890136719,283.6300048828125,274.0972900390625,36418500
QQQ,2020-08-25,282.8299865722656,286.05999755859375,282.3699951171875,285.8599853515625,276.2523498535156,34866600
QQQ,2020-08-26,287.1499938964844,292.2200012207031,285.8299865722656,291.9599914550781,282.14727783203125,42216700
QQQ,2020-08-27,292.9700012207031,293.8500061035156,288.7099914550781,291.04998779296875,281.2678527832031,49482700
QQQ,2020-08-28,292.3299865722656,293.17999267578125,290.92999267578125,292.5299987792969,282.69818115234375,28021000
QQQ,2020-08-31,293.07000732421875,296.75,292.6199951171875,294.8800048828125,284.9692077636719,36321000
QQQ,2020-09-01,297.6199951171875,300.0400085449219,295.7900085449219,299.9200134277344,289.83984375,36216200
QQQ,2020-09-02,303.2799987792969,303.5,296.8900146484375,302.760009765625,292.5843505859375,50836800
QQQ,2020-09-03,298.1000061035156,298.6199951171875,284.4100036621094,287.4100036621094,277.7502746582031,110083300
QQQ,2020-09-04,285.55999755859375,288.92999267578125,271.79998779296875,283.5799865722656,274.0489807128906,123959000
QQQ,2020-09-08,272.2200012207031,278.2200012207031,269.6600036621094,269.95001220703125,260.87713623046875,99568600
QQQ,2020-09-09,275.6400146484375,280.04998779296875,273.0,277.8800048828125,268.54058837890625,64837900
QQQ,2020-09-10,280.94000244140625,282.20001220703125,270.55999755859375,272.3399963378906,263.18682861328125,69667500
QQQ,2020-09-11,274.1499938964844,275.2200012207031,266.8999938964844,270.45001220703125,261.3602600097656,71809000
QQQ,2020-09-14,274.3599853515625,277.2200012207031,272.9599914550781,275.1600036621094,265.9120178222656,38525200
QQQ,2020-09-15,279.0299987792969,280.45001220703125,275.1300048828125,279.05999755859375,269.6809387207031,41849900
QQQ,2020-09-16,279.8800048828125,280.3599853515625,274.25,274.6099853515625,265.3804016113281,42321000
QQQ,2020-09-17,267.54998779296875,274.3999938964844,266.67999267578125,270.32000732421875,261.23455810546875,81570800
QQQ,2020-09-18,271.7900085449219,272.0899963378906,262.6300048828125,266.8699951171875,257.9006042480469,86251100
QQQ,2020-09-21,262.4700012207031,267.6499938964844,260.1099853515625,267.510009765625,258.51904296875,57168600
QQQ,2020-09-22,269.989990234375,273.0799865722656,266.5400085449219,272.4800109863281,263.3220520019531,41128900
QQQ,2020-09-23,272.1499938964844,272.3399963378906,263.25,264.1600036621094,255.28167724609375,48837300
QQQ,2020-09-24,261.3900146484375,268.70001220703125,261.2200012207031,265.3900146484375,256.47039794921875,70631700
QQQ,2020-09-25,265.9100036621094,272.3999938964844,264.29998779296875,271.55999755859375,262.4329528808594,55242400
QQQ,2020-09-28,276.5799865722656,277.20001220703125,271.6700134277344,277.20001220703125,267.8834533691406,58438300
QQQ,2020-09-29,276.6199951171875,277.7099914550781,275.3699951171875,275.95001220703125,266.67547607421875,27050000
QQQ,2020-09-30,276.1499938964844,281.0899963378906,275.8699951171875,277.8399963378906,268.50189208984375,49380800
QQQ,2020-10-01,281.7900085449219,282.8800048828125,279.8399963378906,282.25,272.763671875,50020200
QQQ,2020-10-02,276.0199890136719,282.239990234375,273.44000244140625,274.30999755859375,265.090576171875,75497400
QQQ,2020-10-05,276.3399963378906,280.489990234375,276.2300109863281,280.1600036621094,270.7439270019531,28184600
QQQ,2020-10-06,279.45001220703125,281.19000244140625,274.25,275.1600036621094,265.9120178222656,49704200
QQQ,2020-10-07,277.8900146484375,280.739990234375,277.2799987792969,279.9200134277344,270.5120544433594,27539700
QQQ,2020-10-08,282.3999938964844,282.4700012207031,280.30999755859375,281.4100036621094,271.951904296875,25443300
QQQ,2020-10-09,283.1099853515625,285.7900085449219,282.7099914550781,285.7099914550781,276.107421875,30201100
QQQ,2020-10-12,290.54998779296875,297.4599914550781,289.4700012207031,294.5299987792969,284.6310119628906,79370700
QQQ,2020-10-13,296.3900146484375,297.04998779296875,293.1099853515625,294.5199890136719,284.6213073730469,64240000
QQQ,2020-10-14,295.3500061035156,296.3500061035156,290.260009765625,292.05999755859375,282.24395751953125,36949100
QQQ,2020-10-15,287.20001220703125,290.7099914550781,286.5400085449219,290.1000061035156,280.3498840332031,42514200
QQQ,2020-10-16,291.79998779296875,293.2699890136719,288.1499938964844,288.510009765625,278.8133239746094,40570700
QQQ,2020-10-19,290.489990234375,291.4800109863281,282.7900085449219,283.79998779296875,274.2615966796875,36756800
QQQ,2020-10-20,284.55999755859375,287.6199951171875,282.95001220703125,284.4100036621094,274.8511047363281,32195400
QQQ,2020-10-21,284.6700134277344,287.32000732421875,283.69000244140625,284.19000244140625,274.6385498046875,29306100
QQQ,2020-10-22,285.04998779296875,285.9800109863281,280.82000732421875,284.17999267578125,274.6288146972656,32196200
QQQ,2020-10-23,284.7699890136719,284.9100036621094,281.7799987792969,284.739990234375,275.1700134277344,24658500
QQQ,2020-10-26,282.3800048828125,285.29998779296875,276.760009765625,280.4700012207031,271.0434875488281,38421100
QQQ,2020-10-27,281.5,283.510009765625,280.20001220703125,282.6600036621094,273.15997314453125,30559100
QQQ,2020-10-28,278.010009765625,278.6400146484375,271.3800048828125,271.6400146484375,262.5103454589844,53413500
QQQ,2020-10-29,273.0,279.489990234375,272.5199890136719,276.3900146484375,267.1006774902344,43246300
QQQ,2020-10-30,274.3399963378906,275.239990234375,267.07000732421875,269.3800048828125,260.3262634277344,65838300
QQQ,2020-11-02,271.8500061035156,273.5199890136719,266.9700012207031,269.9800109863281,260.9060974121094,39987400
QQQ,2020-11-03,271.9599914550781,276.82000732421875,270.8399963378906,274.6499938964844,265.4190979003906,43604100
QQQ,2020-11-04,283.5899963378906,288.7699890136719,281.8699951171875,286.9100036621094,277.26708984375,75728200
QQQ,2020-11-05,293.5299987792969,295.3900146484375,292.0,294.3900146484375,284.4956970214844,52054200
QQQ,2020-11-06,293.7099914550781,295.3599853515625,289.8299865722656,294.6099853515625,284.7081604003906,40959800
QQQ,2020-11-09,297.6499938964844,299.1400146484375,288.1199951171875,288.5899963378906,278.8905944824219,86537100
QQQ,2020-11-10,285.1700134277344,286.6600036621094,280.6199951171875,283.4200134277344,273.8944091796875,69024900
QQQ,2020-11-11,286.0299987792969,290.25,283.3800048828125,289.760009765625,280.0212097167969,36102900
QQQ,2020-11-12,290.760009765625,292.07000732421875,287.25,288.3999938964844,278.70697021484375,34414600
QQQ,2020-11-13,290.1700134277344,291.57000732421875,287.8699951171875,290.92999267578125,281.15185546875,24806900
QQQ,2020-11-16,290.6199951171875,293.510009765625,289.989990234375,293.20001220703125,283.34564208984375,30168400
QQQ,2020-11-17,293.3999938964844,293.739990234375,291.6099853515625,292.2699890136719,282.44696044921875,21843500
QQQ,2020-11-18,291.70001220703125,293.3699951171875,290.0199890136719,290.1099853515625,280.3595886230469,28069600
QQQ,2020-11-19,289.5400085449219,292.70001220703125,288.8500061035156,292.3800048828125,282.55322265625,22718400
QQQ,2020-11-20,292.29998779296875,293.07000732421875,290.2900085449219,290.3800048828125,280.6204833984375,25907300
QQQ,2020-11-23,291.4100036621094,292.75,288.07000732421875,290.3900146484375,280.6300964355469,26875600
QQQ,2020-11-24,291.489990234375,294.9800109863281,289.6300048828125,294.4700012207031,284.57293701171875,24516800
QQQ,2020-11-25,295.57000732421875,296.94000244140625,294.5899963378906,296.2799987792969,286.3221130371094,23326800
QQQ,2020-11-27,298.30999755859375,300.1700134277344,297.8999938964844,299.010009765625,288.9603576660156,17163100
QQQ,2020-11-30,299.3399963378906,299.9700012207031,294.7799987792969,299.6199951171875,289.5498962402344,27836200
QQQ,2020-12-01,301.9700012207031,305.1400146484375,300.8299865722656,303.4599914550781,293.26080322265625,27521300
QQQ,2020-12-02,302.25,304.20001220703125,300.3500061035156,303.8500061035156,293.6377868652344,23620000
QQQ,2020-12-03,304.1700134277344,305.8800048828125,303.5299987792969,304.2799987792969,294.0533752441406,22828700
QQQ,2020-12-04,304.3299865722656,305.6700134277344,303.6300048828125,305.5199890136719,295.2516174316406,19332100
QQQ,2020-12-07,305.7099914550781,307.6300048828125,305.5199890136719,307.25,296.9234924316406,20851000
QQQ,2020-12-08,306.760009765625,308.6000061035156,304.95001220703125,308.2900085449219,297.92852783203125,18341500
QQQ,2020-12-09,308.07000732421875,308.3599853515625,300.2099914550781,301.30999755859375,291.1831359863281,48839300
QQQ,2020-12-10,299.2099914550781,303.67999267578125,298.0899963378906,302.5199890136719,292.3523254394531,27519500
QQQ,2020-12-11,300.80999755859375,301.9800109863281,298.4700012207031,301.8500061035156,291.7049560546875,26760400
QQQ,2020-12-14,303.0799865722656,306.04998779296875,303.010009765625,304.0400085449219,293.8213806152344,28804800
QQQ,2020-12-15,306.3699951171875,307.2900085449219,304.1099853515625,307.2900085449219,296.9620666503906,25709000
QQQ,2020-12-16,307.70001220703125,309.7900085449219,306.6199951171875,308.9800109863281,298.5953674316406,25461900
QQQ,2020-12-17,310.6300048828125,311.239990234375,309.3900146484375,311.0,300.5474548339844,23730500
QQQ,2020-12-18,311.6600036621094,311.9800109863281,307.6099853515625,310.05999755859375,299.6390075683594,41173400
QQQ,2020-12-21,306.4599914550781,309.4700012207031,303.6000061035156,308.9200134277344,299.0784912109375,37095500
QQQ,2020-12-22,309.8500061035156,310.7099914550781,306.8500061035156,309.760009765625,299.8916931152344,26176300
QQQ,2020-12-23,309.80999755859375,310.17999267578125,308.0400085449219,308.20001220703125,298.3813781738281,21201300
QQQ,2020-12-24,308.4700012207031,310.0199890136719,308.3900146484375,309.55999755859375,299.69805908203125,16785000
QQQ,2020-12-28,312.25,313.1700134277344,310.3599853515625,312.67999267578125,302.7186279296875,22497700
QQQ,2020-12-29,314.04998779296875,314.69000244140625,312.0299987792969,312.9599914550781,302.98974609375,25871900
QQQ,2020-12-30,314.1600036621094,314.489990234375,312.3299865722656,312.9700012207031,302.9994201660156,18138100
QQQ,2020-12-31,312.8699951171875,314.239990234375,311.760009765625,313.739990234375,303.7449035644531,21611400
QQQ,2021-01-04,315.1099853515625,315.2900085449219,305.17999267578125,309.30999755859375,299.45599365234375,45305900
QQQ,2021-01-05,308.2900085449219,312.1400146484375,308.2900085449219,311.8599853515625,301.9248046875,29323400
QQQ,2021-01-06,307.0,311.8800048828125,305.9800109863281,307.5400085449219,297.7424011230469,52809600
QQQ,2021-01-07,310.2799987792969,315.8399963378906,310.25,314.9800109863281,304.9454345703125,30394800
QQQ,2021-01-08,317.3399963378906,319.3900146484375,315.0799865722656,319.0299987792969,308.86639404296875,33955800
QQQ,2021-01-11,315.9800109863281,317.19000244140625,313.75,314.4200134277344,304.4031982421875,32746400
QQQ,2021-01-12,314.4599914550781,315.5799865722656,311.20001220703125,313.9200134277344,303.9190979003906,29266800
QQQ,2021-01-13,314.19000244140625,316.8599853515625,313.57000732421875,316.0400085449219,305.97161865234375,22898400
QQQ,2021-01-14,316.5,317.5299987792969,313.8599853515625,314.3500061035156,304.33544921875,23500100
QQQ,2021-01-15,314.1300048828125,315.1199951171875,310.5799865722656,311.8599853515625,301.9248046875,35118700
QQQ,2021-01-19,314.25,316.92999267578125,313.1199951171875,316.4100036621094,306.329833984375,24537000
QQQ,2021-01-20,320.1400146484375,324.739990234375,316.510009765625,323.7699890136719,313.4554138183594,30728100
QQQ,2021-01-21,325.1499938964844,327.1300048828125,323.7300109863281,326.3599853515625,315.96282958984375,25130600
QQQ,2021-01-22,325.2900085449219,326.4599914550781,324.7099914550781,325.4200134277344,315.0528259277344,21609400
QQQ,2021-01-25,328.9100036621094,330.32000732421875,321.4100036621094,328.1099853515625,317.6571044921875,39080600
QQQ,2021-01-26,328.8500061035156,329.760009765625,327.2200012207031,328.5899963378906,318.121826171875,25498100
QQQ,2021-01-27,326.260009765625,326.2699890136719,317.3599853515625,319.42999267578125,309.253662109375,55264000
QQQ,2021-01-28,320.6700134277344,326.4200134277344,320.0299987792969,321.32000732421875,311.0833435058594,42836300
QQQ,2021-01-29,319.5799865722656,320.7200012207031,312.760009765625,314.55999755859375,304.53875732421875,55259000
QQQ,2021-02-01,318.1099853515625,323.5400085449219,316.0199890136719,322.4200134277344,312.1483459472656,35646000
QQQ,2021-02-02,325.4800109863281,328.8699951171875,325.30999755859375,327.67999267578125,317.2408447265625,33930800
QQQ,2021-02-03,329.82000732421875,330.20001220703125,326.32000732421875,326.3800048828125,315.98223876953125,24824500
QQQ,2021-02-04,327.82000732421875,330.3299865722656,326.4599914550781,330.239990234375,319.71923828125,22350900
QQQ,2021-02-05,331.2200012207031,332.3999938964844,329.5299987792969,331.3599853515625,320.80352783203125,22732000
QQQ,2021-02-08,333.1000061035156,333.739990234375,331.4100036621094,333.5799865722656,322.95281982421875,20462800
QQQ,2021-02-09,332.6199951171875,334.80999755859375,332.6099853515625,333.510009765625,322.8851623535156,17597500
QQQ,2021-02-10,334.989990234375,335.4599914550781,329.5,332.75,322.1492919921875,28068700
QQQ,2021-02-11,334.3299865722656,335.0,332.1199951171875,334.5799865722656,323.9210205078125,22046100
QQQ,2021-02-12,333.7099914550781,336.6199951171875,332.6300048828125,336.45001220703125,325.7314147949219,20346800
QQQ,2021-02-16,337.2699890136719,338.19000244140625,334.3399963378906,335.5400085449219,324.850341796875,27080800
QQQ,2021-02-17,332.4700012207031,335.6600036621094,330.1700134277344,333.92999267578125,323.29168701171875,31360300
QQQ,2021-02-18,330.2300109863281,333.8699951171875,328.3599853515625,332.4700012207031,321.878173828125,32236200
QQQ,2021-02-19,333.8599853515625,333.989990234375,329.9700012207031,331.0199890136719,320.474365234375,39157700
QQQ,2021-02-22,326.5,327.79998779296875,322.2300109863281,322.44000244140625,312.16778564453125,47256900
QQQ,2021-02-23,317.0,323.20001220703125,311.0,321.4800109863281,311.2383728027344,97241900
QQQ,2021-02-24,318.739990234375,324.45001220703125,315.9599914550781,324.1300048828125,313.8038635253906,58206300
QQQ,2021-02-25,321.3900146484375,324.0299987792969,311.239990234375,312.8299865722656,302.8638610839844,110182600
QQQ,2021-02-26,315.8500061035156,319.1099853515625,310.8800048828125,314.1400146484375,304.13214111328125,104739800
QQQ,2021-03-01,319.2699890136719,323.94000244140625,317.94000244140625,323.5899963378906,313.2810974121094,49164500
QQQ,2021-03-02,324.25,324.3299865722656,318.1400146484375,318.3999938964844,308.25634765625,48370000
QQQ,2021-03-03,317.2699890136719,318.239990234375,309.1000061035156,309.1600036621094,299.310791015625,86301100
QQQ,2021-03-04,308.7799987792969,312.0400085449219,300.1099853515625,304.1000061035156,294.4120178222656,139131600
QQQ,2021-03-05,306.79998779296875,309.6099853515625,297.45001220703125,308.67999267578125,298.8460998535156,121523700
QQQ,2021-03-08,308.1199951171875,310.05999755859375,299.510009765625,299.94000244140625,290.3844909667969,88409800
QQQ,2021-03-09,307.4700012207031,313.7300109863281,306.9200134277344,311.7699890136719,301.8376770019531,80391100
QQQ,2021-03-10,316.1600036621094,316.4700012207031,310.1700134277344,310.8800048828125,300.9759826660156,76798100
QQQ,2021-03-11,315.7699890136719,319.8599853515625,314.8500061035156,318.0400085449219,307.907958984375,53484800
QQQ,2021-03-12,313.8599853515625,318.2300109863281,311.3900146484375,315.4599914550781,305.4101257324219,69315600
QQQ,2021-03-15,315.7900085449219,319.0,314.1000061035156,318.8299865722656,308.6727294921875,42955700
QQQ,2021-03-16,321.0899963378906,324.20001220703125,319.1000061035156,320.5799865722656,310.3669738769531,54925900
QQQ,2021-03-17,317.45001220703125,323.8500061035156,315.67999267578125,321.8999938964844,311.6449279785156,78258700
QQQ,2021-03-18,316.8699951171875,317.8800048828125,311.57000732421875,312.0400085449219,302.0991516113281,82718100
QQQ,2021-03-19,311.8699951171875,314.7300109863281,309.6600036621094,313.1400146484375,303.1640319824219,78446200
QQQ,2021-03-22,315.2099914550781,320.739990234375,315.2099914550781,318.6099853515625,308.84930419921875,56194800
QQQ,2021-03-23,319.7300109863281,321.0899963378906,316.3800048828125,317.2200012207031,307.501953125,53455400
QQQ,2021-03-24,318.6300048828125,318.6700134277344,311.7200012207031,311.8699951171875,302.3158264160156,64803700
QQQ,2021-03-25,309.9700012207031,312.8900146484375,307.3900146484375,311.3299865722656,301.79241943359375,78729000
QQQ,2021-03-26,311.1099853515625,316.3299865722656,309.6700134277344,316.0,306.3193359375,63519600
QQQ,2021-03-29,315.45001220703125,316.989990234375,312.4700012207031,315.9100036621094,306.2320251464844,54608000
QQQ,2021-03-30,313.8900146484375,314.9100036621094,311.5400085449219,314.32000732421875,304.69073486328125,44635700
QQQ,2021-03-31,316.1600036621094,320.739990234375,315.80999755859375,319.1300048828125,309.3534240722656,55032500
QQQ,2021-04-01,323.07000732421875,324.7099914550781,322.80999755859375,324.57000732421875,314.6267395019531,55685600
QQQ,2021-04-05,327.1300048828125,331.8399963378906,326.8800048828125,331.04998779296875,320.908203125,42172500
QQQ,2021-04-06,330.7300109863281,332.8299865722656,330.0199890136719,330.82000732421875,320.68524169921875,33537200
QQQ,2021-04-07,330.3299865722656,332.4800109863281,329.3699951171875,331.6199951171875,321.4608154296875,32046400
QQQ,2021-04-08,334.55999755859375,335.2699890136719,333.739990234375,335.0799865722656,324.8147888183594,29940800
QQQ,2021-04-09,333.67999267578125,337.32000732421875,332.9200134277344,337.1099853515625,326.7825012207031,36664900
QQQ,2021-04-12,336.0400085449219,337.1000061035156,334.7300109863281,336.6700134277344,326.35614013671875,25833000
QQQ,2021-04-13,338.239990234375,341.0799865722656,338.0199890136719,340.6000061035156,330.1656188964844,30374000
QQQ,2021-04-14,340.8500061035156,340.9800109863281,335.6700134277344,336.510009765625,326.20098876953125,42564300
QQQ,2021-04-15,339.4700012207031,342.010009765625,336.2200012207031,341.6099853515625,331.1446838378906,36342800
QQQ,2021-04-16,342.1499938964844,342.2300109863281,340.0799865722656,342.010009765625,331.53240966796875,40860100
QQQ,2021-04-19,340.3900146484375,341.5799865722656,336.8999938964844,338.8800048828125,328.49835205078125,34533100
QQQ,2021-04-20,338.20001220703125,339.5199890136719,334.3800048828125,336.4100036621094,326.1040344238281,38081800
QQQ,2021-04-21,335.0899963378906,339.4800109863281,333.9700012207031,339.2900085449219,328.89581298828125,36598100
QQQ,2021-04-22,338.8900146484375,339.8999938964844,334.010009765625,335.20001220703125,324.93109130859375,45936100
QQQ,2021-04-23,335.8500061035156,340.7699890136719,335.8500061035156,339.4200134277344,329.0218200683594,36381900
QQQ,2021-04-26,339.6700134277344,341.9200134277344,338.8999938964844,341.6300048828125,331.1641540527344,30812000
QQQ,2021-04-27,341.92999267578125,342.1499938964844,339.1700134277344,340.1499938964844,329.7294616699219,33187200
QQQ,2021-04-28,339.80999755859375,340.8500061035156,338.3299865722656,339.0,328.6146545410156,33615700
QQQ,2021-04-29,342.3699951171875,342.79998779296875,336.8999938964844,340.2200012207031,329.7973327636719,37708900
QQQ,2021-04-30,337.70001220703125,340.260009765625,337.04998779296875,337.989990234375,327.6355895996094,38263400
QQQ,2021-05-03,339.2300109863281,340.0,335.7300109863281,336.19000244140625,325.8907775878906,29729700
QQQ,2021-05-04,333.55999755859375,333.8900146484375,326.2099914550781,330.1400146484375,320.0261535644531,65147000
QQQ,2021-05-05,332.25,333.1400146484375,328.2300109863281,329.0299987792969,318.9500427246094,46219300
QQQ,2021-05-06,328.760009765625,331.6700134277344,326.45001220703125,331.510009765625,321.3541564941406,46814300
QQQ,2021-05-07,334.3699951171875,336.6499938964844,331.69000244140625,334.20001220703125,323.9617614746094,53324500
QQQ,2021-05-10,332.7799987792969,332.9599914550781,325.54998779296875,325.760009765625,315.7803039550781,60700500
QQQ,2021-05-11,319.70001220703125,326.1300048828125,319.0199890136719,325.30999755859375,315.3440856933594,71963600
QQQ,2021-05-12,320.2300109863281,322.6199951171875,316.0,316.8900146484375,307.1820983886719,91164900
QQQ,2021-05-13,319.9200134277344,322.3999938964844,316.8999938964844,319.3399963378906,309.55694580078125,69877800
QQQ,2021-05-14,322.6000061035156,327.3299865722656,322.0799865722656,326.3900146484375,316.39105224609375,44370000
QQQ,2021-05-17,324.6300048828125,326.3699951171875,321.45001220703125,324.4100036621094,314.4717102050781,39395000
QQQ,2021-05-18,325.3900146484375,326.6499938964844,321.94000244140625,322.2200012207031,312.3487548828125,36528500
QQQ,2021-05-19,316.6600036621094,322.8999938964844,316.29998779296875,322.5899963378906,312.7074279785156,66319100
QQQ,2021-05-20,324.1199951171875,329.7099914550781,323.8900146484375,328.8299865722656,318.75628662109375,46466100
QQQ,2021-05-21,330.42999267578125,330.8599853515625,326.6400146484375,327.010009765625,316.9920349121094,50330400
QQQ,2021-05-24,329.3699951171875,333.6700134277344,326.8999938964844,332.510009765625,322.3235168457031,32475800
QQQ,2021-05-25,334.07000732421875,334.80999755859375,331.760009765625,332.9700012207031,322.76947021484375,31280300
QQQ,2021-05-26,333.6600036621094,334.6099853515625,332.95001220703125,334.1300048828125,323.8939208984375,25444900
QQQ,2021-05-27,333.6700134277344,334.5400085449219,332.6700134277344,332.8800048828125,322.6822204589844,27931700
QQQ,2021-05-28,334.1199951171875,335.57000732421875,333.6000061035156,333.92999267578125,323.7000427246094,29927400
QQQ,2021-06-01,335.29998779296875,335.7900085449219,331.42999267578125,332.82000732421875,322.6239929199219,31145400
QQQ,2021-06-02,333.25,334.3399963378906,331.70001220703125,333.4700012207031,323.254150390625,22047900
QQQ,2021-06-03,330.54998779296875,331.8599853515625,328.2799987792969,330.0,319.8904113769531,37057800
QQQ,2021-06-04,331.8500061035156,336.05999755859375,331.7799987792969,335.6000061035156,325.31878662109375,38736500
QQQ,2021-06-07,335.04998779296875,336.6600036621094,334.3399963378906,336.6000061035156,326.2882080078125,32611900
QQQ,2021-06-08,338.3999938964844,339.2900085449219,335.0299987792969,336.760009765625,326.443359375,27282800
QQQ,2021-06-09,338.1700134277344,338.9700012207031,336.6499938964844,336.8399963378906,326.52081298828125,21485300
QQQ,2021-06-10,337.19000244140625,340.4599914550781,336.7300109863281,340.3500061035156,329.92340087890625,33702100
QQQ,2021-06-11,340.3599853515625,341.25,339.69000244140625,341.239990234375,330.7860107421875,21222800
QQQ,2021-06-14,341.67999267578125,344.5199890136719,340.4599914550781,344.510009765625,333.9559020996094,27827700
QQQ,2021-06-15,344.1499938964844,344.4700012207031,341.5199890136719,342.260009765625,331.77484130859375,35963800
QQQ,2021-06-16,342.739990234375,343.8399963378906,337.45001220703125,341.010009765625,330.5631103515625,55399500
QQQ,2021-06-17,339.9700012207031,346.3800048828125,339.9200134277344,345.3399963378906,334.7604064941406,59722700
QQQ,2021-06-18,343.6300048828125,344.80999755859375,341.8599853515625,342.6300048828125,332.1334533691406,55414900
QQQ,2021-06-21,342.42999267578125,344.69000244140625,340.1499938964844,344.3599853515625,334.19769287109375,32992600
QQQ,2021-06-22,344.1499938964844,348.0299987792969,343.8399963378906,347.57000732421875,337.31298828125,28941600
QQQ,2021-06-23,347.510009765625,348.9200134277344,346.8800048828125,347.739990234375,337.4779052734375,27188500
QQQ,2021-06-24,349.7300109863281,351.4599914550781,349.1700134277344,349.8900146484375,339.56451416015625,32581600
QQQ,2021-06-25,350.4700012207031,350.7200012207031,348.8399963378906,349.4599914550781,339.14715576171875,28682800
QQQ,2021-06-28,350.7799987792969,353.8500061035156,350.7200012207031,353.7099914550781,343.271728515625,39130300
QQQ,2021-06-29,353.5299987792969,355.0199890136719,352.6700134277344,354.989990234375,344.5140075683594,29426000
QQQ,2021-06-30,354.8299865722656,355.2300109863281,353.8299865722656,354.42999267578125,343.97052001953125,32724000
QQQ,2021-07-01,354.07000732421875,355.0899963378906,352.67999267578125,354.57000732421875,344.1063537597656,29290000
QQQ,2021-07-02,356.5199890136719,358.9700012207031,356.2799987792969,358.6400146484375,348.05633544921875,32727200
QQQ,2021-07-06,359.260009765625,360.4800109863281,356.489990234375,360.19000244140625,349.5605163574219,38842400
QQQ,2021-07-07,362.45001220703125,362.760009765625,358.94000244140625,360.95001220703125,350.298095703125,35265200
QQQ,2021-07-08,355.739990234375,359.6499938964844,354.4200134277344,358.7699890136719,348.18243408203125,50890000
QQQ,2021-07-09,358.1700134277344,361.5,357.57000732421875,361.010009765625,350.35638427734375,35184500
QQQ,2021-07-12,362.45001220703125,362.8900146484375,360.8299865722656,362.4200134277344,351.7247619628906,25717700
QQQ,2021-07-13,362.0299987792969,365.4700012207031,361.5400085449219,362.4200134277344,351.7247619628906,39723000
QQQ,2021-07-14,364.8299865722656,365.489990234375,362.2200012207031,363.07000732421875,352.35552978515625,35336400
QQQ,2021-07-15,362.9800109863281,363.19000244140625,358.4599914550781,360.5199890136719,349.8808288574219,53391600
QQQ,2021-07-16,361.3999938964844,362.4100036621094,357.239990234375,357.6000061035156,347.04693603515625,47262000
QQQ,2021-07-19,354.04998779296875,355.17999267578125,352.0400085449219,354.6700134277344,344.20343017578125,64404600
QQQ,2021-07-20,355.6300048828125,360.2799987792969,353.79998779296875,358.7900085449219,348.2018737792969,42183700
QQQ,2021-07-21,358.3500061035156,361.55999755859375,358.1199951171875,361.55999755859375,350.89013671875,30259900
QQQ,2021-07-22,361.7699890136719,363.9599914550781,361.7699890136719,363.95001220703125,353.2096862792969,30252200
QQQ,2021-07-23,365.30999755859375,368.489990234375,363.9200134277344,368.20001220703125,357.334228515625,31960800
QQQ,2021-07-26,367.489990234375,368.8900146484375,366.6000061035156,368.489990234375,357.6155700683594,28438100
QQQ,2021-07-27,368.2200012207031,368.2200012207031,360.1600036621094,364.42999267578125,353.6753845214844,57933100
QQQ,2021-07-28,365.6000061035156,367.45001220703125,363.239990234375,365.8299865722656,355.0341491699219,42066200
QQQ,2021-07-29,365.25,367.67999267578125,365.25,366.4800109863281,355.6649475097656,25672500
QQQ,2021-07-30,362.44000244140625,365.1700134277344,362.4100036621094,364.57000732421875,353.81121826171875,36484600
QQQ,2021-08-02,366.2799987792969,366.8800048828125,363.8699951171875,364.6000061035156,353.84039306640625,27334100
QQQ,2021-08-03,365.2799987792969,366.92999267578125,362.0,366.80999755859375,355.9852294921875,35558500
QQQ,2021-08-04,366.7699890136719,368.32000732421875,365.6300048828125,367.3399963378906,356.49951171875,29602200
QQQ,2021-08-05,368.17999267578125,369.9100036621094,367.45001220703125,369.6700134277344,358.7607421875,21443900
QQQ,2021-08-06,368.3699951171875,369.3699951171875,366.9100036621094,368.04998779296875,357.1885986328125,33332100
QQQ,2021-08-09,368.5199890136719,369.2699890136719,367.3900146484375,368.7300109863281,357.8485107421875,25960200
QQQ,2021-08-10,369.260009765625,369.55999755859375,365.6199951171875,366.8399963378906,356.0143737792969,35130800
QQQ,2021-08-11,368.1400146484375,368.6499938964844,364.8399963378906,366.2099914550781,355.4029235839844,34249800
QQQ,2021-08-12,365.69000244140625,367.8999938964844,364.29998779296875,367.5299987792969,356.6839904785156,25969200
QQQ,2021-08-13,367.8900146484375,369.1600036621094,367.3800048828125,368.82000732421875,357.9359130859375,19336200
QQQ,2021-08-16,367.6700134277344,369.0199890136719,363.70001220703125,368.9800109863281,358.0911865234375,34856900
QQQ,2021-08-17,366.1499938964844,367.1499938964844,363.2300109863281,365.7300109863281,354.93707275390625,44793900
QQQ,2021-08-18,365.17999267578125,366.6199951171875,361.8699951171875,362.2099914550781,351.52093505859375,38541900
QQQ,2021-08-19,360.2200012207031,365.67999267578125,359.9599914550781,363.9599914550781,353.21923828125,48499400
QQQ,2021-08-20,365.05999755859375,368.1400146484375,364.739990234375,367.7300109863281,356.8780212402344,39486000
QQQ,2021-08-23,368.79998779296875,373.94000244140625,368.7900085449219,373.2300109863281,362.2157287597656,34034700
QQQ,2021-08-24,373.8399963378906,374.989990234375,373.3599853515625,374.3699951171875,363.322021484375,21732900
QQQ,2021-08-25,374.6300048828125,375.3900146484375,373.8599853515625,374.79998779296875,363.7394104003906,20441900
QQQ,2021-08-26,373.9200134277344,374.6199951171875,371.9700012207031,372.4200134277344,361.4297180175781,29133300
QQQ,2021-08-27,373.07000732421875,376.55999755859375,372.57000732421875,376.0400085449219,364.9428405761719,27104700
QQQ,2021-08-30,376.8500061035156,380.760009765625,376.8299865722656,380.260009765625,369.0382385253906,27295700
QQQ,2021-08-31,380.510009765625,380.5799865722656,378.3599853515625,379.95001220703125,368.7374267578125,29628200
QQQ,2021-09-01,381.0400085449219,382.7099914550781,380.3699951171875,380.5799865722656,369.3487243652344,28138300
QQQ,2021-09-02,381.9700012207031,382.30999755859375,379.1499938964844,380.3999938964844,369.1741638183594,25453400
QQQ,2021-09-03,379.2200012207031,381.9800109863281,379.20001220703125,381.57000732421875,370.3096008300781,24605400
QQQ,2021-09-07,381.67999267578125,382.7799987792969,380.489990234375,382.1099853515625,370.83367919921875,23970200
QQQ,2021-09-08,381.92999267578125,381.92999267578125,378.45001220703125,380.7799987792969,369.54290771484375,32949200
QQQ,2021-09-09,381.010009765625,382.1499938964844,379.2200012207031,379.4700012207031,368.27154541015625,29399000
QQQ,2021-09-10,381.2300109863281,381.9700012207031,376.25,376.5899963378906,365.47662353515625,40249400
QQQ,2021-09-13,378.989990234375,379.42999267578125,374.2200012207031,376.3299865722656,365.22418212890625,48741800
QQQ,2021-09-14,377.8599853515625,378.6099853515625,374.2799987792969,375.260009765625,364.1859130859375,41826600
QQQ,2021-09-15,375.7300109863281,378.4100036621094,373.3699951171875,378.04998779296875,366.8934631347656,34097900
QQQ,2021-09-16,376.67999267578125,378.8999938964844,374.70001220703125,378.30999755859375,367.1458740234375,35193100
QQQ,2021-09-17,377.82000732421875,377.8699951171875,372.760009765625,373.8299865722656,362.79803466796875,60912300
QQQ,2021-09-20,367.4599914550781,369.25,360.92999267578125,365.70001220703125,355.3013916015625,76203200
QQQ,2021-09-21,367.5799865722656,368.80999755859375,364.989990234375,366.1499938964844,355.7386474609375,41927500
QQQ,2021-09-22,367.0899963378906,371.07000732421875,365.9599914550781,369.57000732421875,359.06134033203125,46972900
QQQ,2021-09-23,370.760009765625,374.0400085449219,370.1000061035156,372.9800109863281,362.37445068359375,44652000
QQQ,2021-09-24,370.6499938964844,373.760009765625,370.2699890136719,373.3299865722656,362.7144470214844,36056800
QQQ,2021-09-27,370.20001220703125,371.25,367.7300109863281,370.3500061035156,359.81927490234375,43338100
QQQ,2021-09-28,365.6700134277344,370.29998779296875,359.3500061035156,359.8699951171875,349.63720703125,97701600
QQQ,2021-09-29,361.1700134277344,363.3699951171875,358.6400146484375,359.2799987792969,349.06396484375,58076600
QQQ,2021-09-30,360.9700012207031,362.67999267578125,357.1000061035156,357.9599914550781,347.781494140625,61384600
QQQ,2021-10-01,358.6000061035156,361.25,354.3800048828125,360.17999267578125,349.9383239746094,56375500
QQQ,2021-10-04,358.5199890136719,358.8599853515625,350.32000732421875,352.6199951171875,342.59332275390625,76766000
QQQ,2021-10-05,353.7099914550781,359.69000244140625,353.4800109863281,357.3800048828125,347.218017578125,47232900
QQQ,2021-10-06,354.0799865722656,359.95001220703125,353.1499938964844,359.6700134277344,349.44287109375,56806500
QQQ,2021-10-07,362.79998779296875,365.69000244140625,362.25,362.9700012207031,352.6490478515625,39411200
QQQ,2021-10-08,364.0799865722656,364.32000732421875,360.6099853515625,361.1600036621094,350.8905944824219,41822300
QQQ,2021-10-11,359.5799865722656,363.20001220703125,358.29998779296875,358.3900146484375,348.1993103027344,34847200
QQQ,2021-10-12,359.8800048828125,360.3299865722656,356.4800109863281,357.1400146484375,346.9848327636719,43905100
QQQ,2021-10-13,359.510009765625,360.69000244140625,357.42999267578125,360.0,349.7634582519531,40120800
QQQ,2021-10-14,363.69000244140625,366.8500061035156,363.010009765625,366.6300048828125,356.2049865722656,43433900
QQQ,2021-10-15,367.8800048828125,369.05999755859375,366.82000732421875,368.94000244140625,358.4493103027344,40419900
QQQ,2021-10-18,367.6099853515625,372.8699951171875,366.989990234375,372.6499938964844,362.0537414550781,34513500
QQQ,2021-10-19,373.75,375.5199890136719,372.70001220703125,375.4700012207031,364.7936096191406,29091000
QQQ,2021-10-20,375.94000244140625,376.57000732421875,373.4599914550781,374.9800109863281,364.3175048828125,31390300
QQQ,2021-10-21,374.1600036621094,377.4700012207031,373.8500061035156,377.2699890136719,366.54248046875,25469300
QQQ,2021-10-22,375.9800109863281,376.9700012207031,372.3900146484375,374.1000061035156,363.4625549316406,36275800
QQQ,2021-10-25,375.55999755859375,378.8699951171875,373.55999755859375,377.92999267578125,367.1836853027344,32597800
QQQ,2021-10-26,380.2300109863281,382.7099914550781,377.9100036621094,379.1199951171875,368.33984375,47191300
QQQ,2021-10-27,379.5799865722656,383.1499938964844,379.30999755859375,380.0,369.1947937011719,45760500
QQQ,2021-10-28,381.95001220703125,384.4800109863281,381.1600036621094,384.2200012207031,373.2947692871094,38007000
QQQ,2021-10-29,381.05999755859375,386.2799987792969,380.70001220703125,386.1099853515625,375.1310729980469,37310100
QQQ,2021-11-01,386.55999755859375,387.55999755859375,384.4200134277344,387.42999267578125,376.41357421875,30765300
QQQ,2021-11-02,386.79998779296875,389.5400085449219,386.75,389.04998779296875,377.9875183105469,25135300
QQQ,2021-11-03,389.54998779296875,393.6099853515625,388.4800109863281,393.17999267578125,382.0000305175781,33748900
QQQ,2021-11-04,394.4800109863281,399.20001220703125,393.9200134277344,398.2200012207031,386.8967590332031,40265300
QQQ,2021-11-05,400.0400085449219,400.989990234375,397.1600036621094,398.6000061035156,387.26593017578125,43383800
QQQ,2021-11-08,398.57000732421875,399.6199951171875,397.3999938964844,398.05999755859375,386.7413330078125,29256300
QQQ,2021-11-09,399.1600036621094,399.57000732421875,393.9200134277344,395.32000732421875,384.07916259765625,50490700
QQQ,2021-11-10,392.4700012207031,395.3599853515625,387.5299987792969,389.510009765625,378.43438720703125,54937400
QQQ,2021-11-11,392.57000732421875,392.75,390.239990234375,390.5899963378906,379.48370361328125,32243000
QQQ,2021-11-12,391.7699890136719,395.25,390.1300048828125,394.70001220703125,383.476806640625,34730600
QQQ,2021-11-15,395.9100036621094,396.239990234375,392.1000061035156,394.6099853515625,383.3893127441406,33716900
QQQ,2021-11-16,393.8599853515625,397.92999267578125,393.6600036621094,397.4200134277344,386.1194763183594,27872900
QQQ,2021-11-17,397.75,399.7200012207031,396.6400146484375,397.6300048828125,386.323486328125,28703300
QQQ,2021-11-18,399.7300109863281,402.2699890136719,397.45001220703125,401.75,390.32635498046875,45721500
QQQ,2021-11-19,403.42999267578125,405.29998779296875,402.5799865722656,403.989990234375,392.5026550292969,45191700
QQQ,2021-11-22,405.57000732421875,408.7099914550781,399.19000244140625,399.29998779296875,387.9459533691406,61715400
QQQ,2021-11-23,398.1099853515625,400.2300109863281,392.9200134277344,397.4800109863281,386.17779541015625,70098700
QQQ,2021-11-24,394.92999267578125,399.04998779296875,392.5400085449219,398.760009765625,387.4212646484375,46954400
QQQ,2021-11-26,396.1099853515625,397.5400085449219,389.7699890136719,391.20001220703125,380.0763854980469,51533300
QQQ,2021-11-29,395.8900146484375,400.7300109863281,395.1400146484375,399.69000244140625,388.3249206542969,54447100
QQQ,2021-11-30,398.7799987792969,401.19000244140625,391.75,393.82000732421875,382.6219177246094,81332700
QQQ,2021-12-01,398.2799987792969,400.4800109863281,386.6400146484375,387.1199951171875,376.1123962402344,77766500
QQQ,2021-12-02,385.79998779296875,391.739990234375,384.3399963378906,389.9100036621094,378.8229675292969,84416600
QQQ,2021-12-03,391.30999755859375,392.3399963378906,378.8999938964844,383.1300048828125,372.2358093261719,105349100
QQQ,2021-12-06,383.6300048828125,387.6000061035156,379.29998779296875,386.20001220703125,375.2184753417969,67588800
QQQ,2021-12-07,393.0299987792969,398.4599914550781,392.989990234375,397.8299865722656,386.5177917480469,56005300
QQQ,2021-12-08,398.1700134277344,399.82000732421875,396.2200012207031,399.6099853515625,388.2471618652344,39204000
QQQ,2021-12-09,398.3500061035156,400.20001220703125,393.5299987792969,393.7300109863281,382.5343322753906,49973700
QQQ,2021-12-10,396.6199951171875,398.2799987792969,393.3599853515625,398.010009765625,386.6927185058594,52545800
QQQ,2021-12-13,398.0,398.3299865722656,391.8800048828125,392.260009765625,381.10614013671875,50166400
QQQ,2021-12-14,387.29998779296875,390.0899963378906,383.6300048828125,388.20001220703125,377.1616516113281,75199200
QQQ,2021-12-15,387.94000244140625,397.4200134277344,383.8800048828125,397.04998779296875,385.7599792480469,73858000
QQQ,2021-12-16,398.0400085449219,398.4800109863281,385.2099914550781,386.8399963378906,375.84039306640625,82591400
QQQ,2021-12-17,383.3299865722656,389.19000244140625,381.7699890136719,384.9100036621094,373.9652099609375,80492500
QQQ,2021-12-20,379.57000732421875,381.5,377.4700012207031,380.69000244140625,370.337646484375,65336800
QQQ,2021-12-21,384.04998779296875,389.5299987792969,380.20001220703125,389.2099914550781,378.6258544921875,48899500
QQQ,2021-12-22,388.9100036621094,394.1600036621094,388.2300109863281,393.95001220703125,383.2370300292969,37042200
QQQ,2021-12-23,394.30999755859375,398.42999267578125,394.1400146484375,396.9200134277344,386.126220703125,29595500
QQQ,2021-12-27,398.25,403.4800109863281,398.2200012207031,403.4800109863281,392.5077819824219,32820700
QQQ,2021-12-28,404.3999938964844,404.5799865722656,400.7099914550781,401.6099853515625,390.6886291503906,33113700
QQQ,2021-12-29,401.75,403.04998779296875,399.1099853515625,401.54998779296875,390.6302490234375,32248500
QQQ,2021-12-30,401.3299865722656,403.57000732421875,399.75,400.3500061035156,389.4629821777344,23850100
QQQ,2021-12-31,399.6600036621094,401.05999755859375,397.3399963378906,397.8500061035156,387.0309143066406,34752900
QQQ,2022-01-03,399.04998779296875,401.94000244140625,396.8800048828125,401.67999267578125,390.7568664550781,40575900
QQQ,2022-01-04,402.239990234375,402.2799987792969,393.2900085449219,396.4700012207031,385.68853759765625,58027200
QQQ,2022-01-05,394.739990234375,395.8900146484375,384.0299987792969,384.2900085449219,373.8397216796875,75739800
QQQ,2022-01-06,382.4200134277344,387.3500061035156,380.1300048828125,384.0199890136719,373.5769348144531,70814300
QQQ,2022-01-07,384.0299987792969,385.760009765625,378.0400085449219,379.8599853515625,369.53009033203125,72652300
QQQ,2022-01-10,374.82000732421875,380.6400146484375,369.30999755859375,380.1099853515625,369.77337646484375,91770500
QQQ,2022-01-11,379.3599853515625,385.989990234375,377.2200012207031,385.82000732421875,375.3280944824219,68295700
QQQ,2022-01-12,388.4599914550781,390.20001220703125,385.010009765625,387.3500061035156,376.8164978027344,54576400
QQQ,2022-01-13,388.7699890136719,389.4700012207031,376.70001220703125,377.6600036621094,367.3899841308594,77994000
QQQ,2022-01-14,375.07000732421875,380.3500061035156,374.8599853515625,380.010009765625,369.6761474609375,80121200
QQQ,2022-01-18,374.0400085449219,376.2200012207031,369.7699890136719,370.54998779296875,360.4732971191406,75450900
QQQ,2022-01-19,372.1499938964844,374.69000244140625,366.2099914550781,366.4800109863281,356.5140380859375,81791500
QQQ,2022-01-20,369.7900085449219,373.8699951171875,361.1700134277344,361.7200012207031,351.88348388671875,88610700
QQQ,2022-01-21,359.4700012207031,362.17999267578125,351.3999938964844,351.69000244140625,342.12615966796875,143388900
QQQ,2022-01-24,345.9100036621094,353.9800109863281,334.1499938964844,353.29998779296875,343.6924133300781,198685800
QQQ,2022-01-25,346.6700134277344,351.0299987792969,341.67999267578125,345.1099853515625,335.7251281738281,124398400
QQQ,2022-01-26,352.9100036621094,356.8800048828125,340.7799987792969,344.57000732421875,335.1998596191406,146559500
QQQ,2022-01-27,349.3999938964844,351.2699890136719,340.04998779296875,341.1000061035156,331.82421875,95255700
QQQ,2022-01-28,343.0299987792969,352.0199890136719,337.95001220703125,351.79998779296875,342.23321533203125,108167900
QQQ,2022-01-31,353.20001220703125,363.6499938964844,351.5199890136719,363.04998779296875,353.1772155761719,94326400
QQQ,2022-02-01,364.42999267578125,366.19000244140625,359.1400146484375,365.5199890136719,355.5800476074219,74433000
QQQ,2022-02-02,369.760009765625,370.1000061035156,364.2900085449219,368.489990234375,358.46929931640625,78777100
QQQ,2022-02-03,358.5299987792969,361.92999267578125,352.4599914550781,353.54998779296875,343.93560791015625,95384800
QQQ,2022-02-04,354.0799865722656,361.3999938964844,351.9700012207031,358.010009765625,348.27435302734375,86318300
QQQ,2022-02-07,358.6199951171875,361.04998779296875,353.8399963378906,355.1300048828125,345.4726867675781,58198100
QQQ,2022-02-08,353.9599914550781,360.239990234375,352.79998779296875,359.1199951171875,349.35418701171875,64720900
QQQ,2022-02-09,363.760009765625,366.80999755859375,362.1199951171875,366.7300109863281,356.7572021484375,55766400
QQQ,2022-02-10,359.5199890136719,366.489990234375,356.5400085449219,358.42999267578125,348.682861328125,112468500
QQQ,2022-02-11,358.42999267578125,360.07000732421875,345.79998779296875,347.05999755859375,337.6221008300781,101569100
QQQ,2022-02-14,346.489990234375,350.9800109863281,343.8900146484375,347.489990234375,338.0404357910156,80254400
QQQ,2022-02-15,352.9100036621094,356.3699951171875,351.82000732421875,356.1300048828125,346.4455261230469,55128800
QQQ,2022-02-16,353.82000732421875,357.0899963378906,350.7099914550781,356.0400085449219,346.35797119140625,58947100
QQQ,2022-02-17,352.739990234375,353.4599914550781,345.0199890136719,345.45001220703125,336.0558776855469,61801400
QQQ,2022-02-18,346.4100036621094,346.80999755859375,339.1400146484375,341.510009765625,332.2230224609375,80001500
QQQ,2022-02-22,338.489990234375,344.0400085449219,334.3500061035156,338.0799865722656,328.8863830566406,85967100
QQQ,2022-02-23,341.32000732421875,342.17999267578125,329.1000061035156,329.4200134277344,320.4618835449219,86215400
QQQ,2022-02-24,318.8399963378906,341.0400085449219,318.260009765625,340.489990234375,331.23077392578125,130614100
QQQ,2022-02-25,341.30999755859375,345.9800109863281,337.3900146484375,345.7699890136719,336.3671875,78842100
QQQ,2022-02-28,342.510009765625,348.5400085449219,341.32000732421875,346.79998779296875,337.3691711425781,77515500
QQQ,2022-03-01,345.75,348.0799865722656,338.8999938964844,341.489990234375,332.20355224609375,67407000
QQQ,2022-03-02,343.0799865722656,348.5899963378906,340.239990234375,347.2200012207031,337.7777404785156,70609000
QQQ,2022-03-03,349.92999267578125,350.0400085449219,340.3500061035156,342.260009765625,332.95269775390625,71089400
QQQ,2022-03-04,339.8399963378906,341.30999755859375,334.9200134277344,337.29998779296875,328.12750244140625,76936300
QQQ,2022-03-07,337.2900085449219,338.4800109863281,324.6499938964844,324.8599853515625,316.0257568359375,89933800
QQQ,2022-03-08,324.04998779296875,333.2099914550781,319.94000244140625,323.3500061035156,314.556884765625,116153900
QQQ,2022-03-09,331.75,336.3800048828125,329.0899963378906,334.989990234375,325.8803405761719,64723400
QQQ,2022-03-10,330.82000732421875,332.510009765625,326.7099914550781,331.2699890136719,322.26153564453125,69362700
QQQ,2022-03-11,334.32000732421875,334.6400146484375,323.8999938964844,324.3999938964844,315.57830810546875,66228400
QQQ,2022-03-14,323.1300048828125,326.5899963378906,317.45001220703125,318.1700134277344,309.5177307128906,79802600
QQQ,2022-03-15,320.8800048828125,328.95001220703125,319.2300109863281,328.1499938964844,319.22625732421875,76471000
QQQ,2022-03-16,332.1700134277344,340.44000244140625,328.3999938964844,340.32000732421875,331.0654296875,105243000
QQQ,2022-03-17,338.3699951171875,344.5,337.0400085449219,344.44000244140625,335.0733337402344,67810000
QQQ,2022-03-18,342.739990234375,351.7900085449219,341.54998779296875,351.489990234375,341.931640625,85446300
QQQ,2022-03-21,350.20001220703125,352.4800109863281,345.5799865722656,350.0799865722656,340.98101806640625,73799100
QQQ,2022-03-22,350.5899963378906,357.8500061035156,350.20001220703125,356.9599914550781,347.6822204589844,63345900
QQQ,2022-03-23,354.010009765625,357.6600036621094,351.7699890136719,351.8299865722656,342.685546875,70615500
QQQ,2022-03-24,353.79998779296875,359.70001220703125,351.5899963378906,359.6499938964844,350.30224609375,53555300
QQQ,2022-03-25,359.5899963378906,360.6700134277344,354.94000244140625,359.3500061035156,350.0101013183594,57584200
QQQ,2022-03-28,359.3399963378906,365.010009765625,358.07000732421875,364.9100036621094,355.4255676269531,56833900
QQQ,2022-03-29,368.8999938964844,371.8299865722656,366.05999755859375,371.19000244140625,361.5423583984375,68073000
QQQ,2022-03-30,369.2799987792969,370.9800109863281,365.57000732421875,367.0899963378906,357.54888916015625,68757700
QQQ,2022-03-31,367.239990234375,367.6000061035156,361.67999267578125,362.5400085449219,353.11712646484375,67011400
QQQ,2022-04-01,362.80999755859375,363.6099853515625,358.5899963378906,361.8500061035156,352.4450988769531,54527800
QQQ,2022-04-04,362.7099914550781,369.30999755859375,362.44000244140625,369.29998779296875,359.7014465332031,45950200
QQQ,2022-04-05,367.80999755859375,368.5400085449219,359.92999267578125,361.1000061035156,351.7146301269531,62738700
QQQ,2022-04-06,355.6499938964844,356.7799987792969,350.55999755859375,353.260009765625,344.078369140625,90077100
QQQ,2022-04-07,352.239990234375,356.3500061035156,348.69000244140625,354.1000061035156,344.89654541015625,63777400
QQQ,2022-04-08,352.32000732421875,353.0899963378906,348.5,349.1499938964844,340.0751953125,61956100
QQQ,2022-04-11,344.80999755859375,345.75,340.5400085449219,340.8900146484375,332.0299377441406,66107400
QQQ,2022-04-12,345.760009765625,347.69000244140625,338.0400085449219,339.45001220703125,330.62738037109375,72790200
QQQ,2022-04-13,339.79998779296875,347.42999267578125,339.05999755859375,346.3500061035156,337.3480224609375,61367800
QQQ,2022-04-14,346.44000244140625,346.9700012207031,338.2099914550781,338.42999267578125,329.6337890625,73519400
QQQ,2022-04-18,337.3500061035156,341.0400085449219,335.7900085449219,338.69000244140625,329.8870849609375,58560600
QQQ,2022-04-19,338.0299987792969,346.8500061035156,336.9800109863281,346.260009765625,337.2603454589844,56515700
QQQ,2022-04-20,347.0899963378906,347.55999755859375,339.9599914550781,341.2099914550781,332.34161376953125,65500000
QQQ,2022-04-21,345.19000244140625,347.8699951171875,333.20001220703125,334.1499938964844,325.46502685546875,75801000
QQQ,2022-04-22,334.30999755859375,335.55999755859375,324.9599914550781,325.3999938964844,316.9424743652344,82562100
QQQ,2022-04-25,323.7300109863281,329.8999938964844,322.42999267578125,329.5799865722656,321.0137939453125,101755900
QQQ,2022-04-26,327.4700012207031,327.6600036621094,316.8599853515625,317.1400146484375,308.8971862792969,105819600
QQQ,2022-04-27,317.239990234375,322.8800048828125,315.0,316.760009765625,308.527099609375,111204200
QQQ,2022-04-28,321.8500061035156,329.8900146484375,317.5199890136719,328.010009765625,319.484619140625,99450000
QQQ,2022-04-29,323.70001220703125,327.2300109863281,312.6000061035156,313.25,305.1082763671875,91977900
QQQ,2022-05-02,312.8299865722656,318.7200012207031,309.6499938964844,318.4800109863281,310.20233154296875,115511800
QQQ,2022-05-03,318.5,321.1700134277344,315.9800109863281,318.82000732421875,310.5335693359375,78185500
QQQ,2022-05-04,319.30999755859375,330.2900085449219,313.8900146484375,329.6000061035156,321.0333557128906,116083400
QQQ,2022-05-05,325.1700134277344,325.25,309.6199951171875,313.0,304.8647766113281,154607400
QQQ,2022-05-06,310.95001220703125,315.0899963378906,305.1099853515625,309.25,301.2122497558594,139572800
QQQ,2022-05-09,303.4800109863281,309.3500061035156,295.7200012207031,297.1499938964844,289.42669677734375,113387300
QQQ,2022-05-10,304.510009765625,305.760009765625,296.57000732421875,300.760009765625,292.94287109375,124124600
QQQ,2022-05-11,298.44000244140625,304.0899963378906,290.95001220703125,291.8399963378906,284.2546691894531,140326100
QQQ,2022-05-12,287.45001220703125,295.75,284.94000244140625,291.1499938964844,283.5826721191406,120910900
QQQ,2022-05-13,295.7200012207031,303.0,294.0799865722656,301.94000244140625,294.09228515625,83684900
QQQ,2022-05-16,300.1499938964844,302.260009765625,297.1300048828125,298.44000244140625,290.6831970214844,59190400
QQQ,2022-05-17,304.45001220703125,306.55999755859375,300.54998779296875,306.1700134277344,298.2123107910156,62715300
QQQ,2022-05-18,301.5400085449219,302.25,289.8500061035156,291.1400146484375,283.5729064941406,79477100
QQQ,2022-05-19,289.2900085449219,294.3900146484375,287.5799865722656,289.5799865722656,282.053466796875,79920700
QQQ,2022-05-20,293.1300048828125,293.79998779296875,280.2099914550781,288.67999267578125,281.1769104003906,91764200
QQQ,2022-05-23,289.75,293.8699951171875,287.2900085449219,293.4800109863281,285.8521728515625,63648400
QQQ,2022-05-24,288.1300048828125,288.8599853515625,282.25,287.239990234375,279.77435302734375,73491100
QQQ,2022-05-25,285.7099914550781,293.3900146484375,285.5,291.260009765625,283.6898498535156,67144500
QQQ,2022-05-26,290.44000244140625,300.9200134277344,290.1499938964844,299.3299865722656,291.5500793457031,59462200
QQQ,2022-05-27,302.5400085449219,309.25,302.4200134277344,309.1000061035156,301.06610107421875,66985600
QQQ,2022-05-31,309.07000732421875,311.3299865722656,304.3299865722656,308.2799987792969,300.2674255371094,60968300
QQQ,2022-06-01,310.4700012207031,312.6499938964844,303.7300109863281,306.0,298.0467529296875,65341700
QQQ,2022-06-02,304.8500061035156,314.55999755859375,303.3999938964844,314.3800048828125,306.2088623046875,59291300
QQQ,2022-06-03,309.0299987792969,310.4700012207031,304.9200134277344,306.20001220703125,298.2414855957031,60914700
QQQ,2022-06-06,310.75,312.3500061035156,305.6199951171875,307.2200012207031,299.2350158691406,51785000
QQQ,2022-06-07,303.80999755859375,310.6700134277344,302.69000244140625,309.8699951171875,301.8161315917969,44900300
QQQ,2022-06-08,309.04998779296875,311.7200012207031,306.7699890136719,307.6400146484375,299.6441650390625,38342100
QQQ,2022-06-09,305.9100036621094,309.04998779296875,299.2300109863281,299.3999938964844,291.6181945800781,55900500
QQQ,2022-06-10,293.6499938964844,294.8699951171875,288.3800048828125,288.8399963378906,281.33270263671875,85963500
QQQ,2022-06-13,279.75,282.3399963378906,274.5299987792969,275.4100036621094,268.2518005371094,94442000
QQQ,2022-06-14,277.6600036621094,278.6600036621094,273.3399963378906,275.9100036621094,268.73883056640625,64697500
QQQ,2022-06-15,279.4200134277344,286.8299865722656,276.6099853515625,282.79998779296875,275.44964599609375,86051400
QQQ,2022-06-16,275.5899963378906,276.05999755859375,269.2799987792969,271.3900146484375,264.3362731933594,81910300
QQQ,2022-06-17,272.17999267578125,277.19000244140625,270.510009765625,274.69000244140625,267.5504455566406,82703400
QQQ,2022-06-21,278.75,283.45001220703125,278.6400146484375,281.0799865722656,274.3006591796875,51633700
QQQ,2022-06-22,278.5199890136719,285.17999267578125,277.9100036621094,280.6700134277344,273.9006042480469,67472900
QQQ,2022-06-23,283.2099914550781,285.7200012207031,280.30999755859375,284.8500061035156,277.97967529296875,57457800
QQQ,2022-06-24,287.739990234375,295.0400085449219,287.5,294.6099853515625,287.5043029785156,58422300
QQQ,2022-06-27,296.0,296.5799865722656,291.2900085449219,292.45001220703125,285.396484375,54151500
QQQ,2022-06-28,293.0,295.6499938964844,283.3500061035156,283.5400085449219,276.701416015625,61609800
QQQ,2022-06-29,283.3999938964844,285.3399963378906,280.8399963378906,283.79998779296875,276.955078125,57302700
QQQ,2022-06-30,280.75,283.94000244140625,275.7799987792969,280.2799987792969,273.51995849609375,79313600
QQQ,2022-07-01,278.95001220703125,282.5299987792969,277.0299987792969,282.1300048828125,275.32537841796875,56675100
QQQ,2022-07-05,278.30999755859375,287.0799865722656,276.75,286.9599914550781,280.0388488769531,61829300
QQQ,2022-07-06,287.3500061035156,290.95001220703125,285.5899963378906,288.79998779296875,281.83441162109375,63194700
QQQ,2022-07-07,289.6300048828125,295.70001220703125,289.6300048828125,294.9800109863281,287.86541748046875,56620100
QQQ,2022-07-08,292.0799865722656,296.75,291.1199951171875,295.3500061035156,288.2264709472656,59895500
QQQ,2022-07-11,292.8800048828125,293.1099853515625,288.1400146484375,289.0400085449219,282.0687561035156,55273900
QQQ,2022-07-12,290.32000732421875,292.2799987792969,284.6099853515625,286.239990234375,279.3362121582031,55797100
QQQ,2022-07-13,280.6000061035156,288.04998779296875,280.0199890136719,285.6499938964844,278.76043701171875,73939400
QQQ,2022-07-14,282.989990234375,287.55999755859375,279.79998779296875,286.6700134277344,279.755859375,63741800
QQQ,2022-07-15,289.7300109863281,291.9800109863281,288.0799865722656,291.8699951171875,284.8304748535156,63818100
QQQ,2022-07-18,294.7200012207031,296.1600036621094,288.20001220703125,289.3999938964844,282.4200134277344,59519600
QQQ,2022-07-19,293.1099853515625,298.6000061035156,291.4700012207031,298.29998779296875,291.1053466796875,55172600
QQQ,2022-07-20,298.7300109863281,304.239990234375,297.92999267578125,303.0299987792969,295.7212219238281,67769400
QQQ,2022-07-21,303.5,307.44000244140625,300.7799987792969,307.3800048828125,299.96636962890625,55049400
QQQ,2022-07-22,306.42999267578125,308.54998779296875,300.1199951171875,301.989990234375,294.7064208984375,57127700
QQQ,2022-07-25,302.0199890136719,302.5,298.2200012207031,300.2699890136719,293.0278625488281,40582400
QQQ,2022-07-26,298.5299987792969,298.7900085449219,293.5400085449219,294.3699951171875,287.2701416015625,50074100
QQQ,2022-07-27,299.0400085449219,308.5400085449219,298.4599914550781,306.80999755859375,299.4100646972656,69304400
QQQ,2022-07-28,306.5899963378906,310.3999938964844,302.75,309.80999755859375,302.3376770019531,55139900
QQQ,2022-07-29,311.3900146484375,316.3900146484375,309.92999267578125,315.4599914550781,307.85150146484375,57501000
QQQ,2022-08-01,313.6499938964844,318.80999755859375,312.5299987792969,315.2699890136719,307.666015625,46358800
QQQ,2022-08-02,312.9200134277344,318.54998779296875,311.8399963378906,314.3299865722656,306.74871826171875,48676500
QQQ,2022-08-03,316.04998779296875,323.7300109863281,315.989990234375,322.8900146484375,315.1022644042969,53735700
QQQ,2022-08-04,322.9700012207031,324.7200012207031,320.7699890136719,324.3999938964844,316.5758361816406,38973700
QQQ,2022-08-05,319.19000244140625,323.8299865722656,318.3900146484375,321.75,313.9897766113281,53894000
QQQ,2022-08-08,322.69000244140625,326.4700012207031,319.2099914550781,320.7099914550781,312.9748840332031,43878500
QQQ,2022-08-09,318.7699890136719,319.0299987792969,315.4200134277344,317.0799865722656,309.4324035644531,39764200
QQQ,2022-08-10,324.5899963378906,326.2300109863281,322.05999755859375,325.92999267578125,318.06890869140625,51459600
QQQ,2022-08-11,328.30999755859375,330.3599853515625,323.3599853515625,324.0799865722656,316.2635803222656,45897700
QQQ,2022-08-12,326.17999267578125,330.5899963378906,325.1000061035156,330.3900146484375,322.4214172363281,40928400
QQQ,2022-08-15,329.4200134277344,333.57000732421875,329.3999938964844,333.05999755859375,325.0269775390625,38266600
QQQ,2022-08-16,332.05999755859375,334.4200134277344,329.1600036621094,332.2799987792969,324.2657470703125,41186900
QQQ,2022-08-17,329.07000732421875,331.42999267578125,326.3599853515625,328.489990234375,320.5671691894531,47842200
QQQ,2022-08-18,328.44000244140625,330.489990234375,326.7900085449219,329.2799987792969,321.338134765625,41937200
QQQ,2022-08-19,326.1700134277344,326.8399963378906,322.0799865722656,322.8599853515625,315.07293701171875,51770600
QQQ,2022-08-22,318.5,318.739990234375,313.5299987792969,314.3599853515625,306.7779846191406,51098900
QQQ,2022-08-23,314.1199951171875,317.0,313.3299865722656,314.1000061035156,306.5242614746094,39497100
QQQ,2022-08-24,313.6099853515625,316.8699951171875,312.989990234375,315.010009765625,307.4123229980469,38057100
QQQ,2022-08-25,316.8299865722656,320.6000061035156,315.760009765625,320.5799865722656,312.8479309082031,38098300
QQQ,2022-08-26,320.2799987792969,321.510009765625,307.3500061035156,307.44000244140625,300.02490234375,69047700
QQQ,2022-08-29,304.6199951171875,307.2200012207031,303.2799987792969,304.4100036621094,297.0680236816406,48321900
QQQ,2022-08-30,306.1000061035156,306.7300109863281,298.44000244140625,301.0199890136719,293.75970458984375,51184500
QQQ,2022-08-31,303.989990234375,304.9100036621094,299.1600036621094,299.2699890136719,292.0519714355469,50044000
QQQ,2022-09-01,296.7200012207031,299.7799987792969,292.95001220703125,299.3999938964844,292.1788024902344,57990700
QQQ,2022-09-02,302.3399963378906,303.75,293.5199890136719,295.1700134277344,288.05084228515625,64666800
QQQ,2022-09-06,295.6600036621094,296.6000061035156,290.8699951171875,293.04998779296875,285.98193359375,57005400
QQQ,2022-09-07,293.5400085449219,299.989990234375,293.2699890136719,298.9700012207031,291.7591552734375,49260400
QQQ,2022-09-08,296.8500061035156,301.8699951171875,295.45001220703125,300.5199890136719,293.2717590332031,55649800
QQQ,2022-09-09,302.8299865722656,307.6000061035156,300.5199890136719,307.0899963378906,299.6832580566406,56125200
QQQ,2022-09-12,308.5,311.0799865722656,308.17999267578125,310.739990234375,303.2452087402344,45905700
QQQ,2022-09-13,301.79998779296875,303.0199890136719,292.7900085449219,293.70001220703125,286.6163330078125,79562200
QQQ,2022-09-14,294.8699951171875,296.92999267578125,293.05999755859375,296.0299987792969,288.89007568359375,54907200
QQQ,2022-09-15,294.07000732421875,296.5299987792969,289.4599914550781,291.1000061035156,284.0790710449219,65299400
QQQ,2022-09-16,287.7200012207031,289.7200012207031,285.6199951171875,289.32000732421875,282.3420104980469,79920400
QQQ,2022-09-19,286.1000061035156,291.2099914550781,286.0400085449219,291.04998779296875,284.5406188964844,52613800
QQQ,2022-09-20,288.489990234375,291.07000732421875,286.3800048828125,288.7300109863281,282.27252197265625,51271100
QQQ,2022-09-21,289.5899963378906,293.95001220703125,283.4200134277344,283.55999755859375,277.2181396484375,82931000
QQQ,2022-09-22,282.0,283.0299987792969,278.82000732421875,280.07000732421875,273.8062438964844,62757100
QQQ,2022-09-23,277.54998779296875,277.8500061035156,272.0199890136719,275.510009765625,269.34820556640625,74815200
QQQ,2022-09-26,275.0299987792969,279.489990234375,273.55999755859375,274.3699951171875,268.2337341308594,71176700
QQQ,2022-09-27,277.80999755859375,280.2099914550781,272.1099853515625,274.4800109863281,268.3412780761719,69780100
QQQ,2022-09-28,274.4599914550781,281.25,272.95001220703125,279.94000244140625,273.6790771484375,79652100
QQQ,2022-09-29,275.8599853515625,276.25,268.8399963378906,271.8699951171875,265.78961181640625,81216000
QQQ,2022-09-30,271.0299987792969,275.19000244140625,267.1000061035156,267.260009765625,261.28271484375,78482400
QQQ,2022-10-03,269.07000732421875,275.1600036621094,267.5299987792969,273.5299987792969,267.4124755859375,61267400
QQQ,2022-10-04,278.989990234375,282.8500061035156,278.989990234375,282.1300048828125,275.8201904296875,66696900
QQQ,2022-10-05,278.2799987792969,283.80999755859375,275.4200134277344,281.9800109863281,275.6735534667969,55766300
QQQ,2022-10-06,280.9599914550781,284.17999267578125,279.42999267578125,279.760009765625,273.5031433105469,53489400
QQQ,2022-10-07,275.0199890136719,275.1499938964844,267.739990234375,269.1000061035156,263.08154296875,71354700
QQQ,2022-10-10,269.29998779296875,269.70001220703125,263.6400146484375,266.4100036621094,260.4517517089844,60393000
QQQ,2022-10-11,264.70001220703125,267.6300048828125,261.0299987792969,262.75,256.8735046386719,66522500
QQQ,2022-10-12,263.3999938964844,265.3599853515625,261.95001220703125,262.6600036621094,256.7855529785156,50580200
QQQ,2022-10-13,255.16000366210938,270.1700134277344,254.25999450683594,268.82000732421875,262.80780029296875,112894100
QQQ,2022-10-14,271.20001220703125,271.80999755859375,260.1400146484375,260.739990234375,254.90850830078125,77244300
QQQ,2022-10-17,266.8399963378906,270.239990234375,266.739990234375,269.3500061035156,263.3259582519531,64576500
QQQ,2022-10-18,276.5299987792969,277.2099914550781,268.739990234375,271.4800109863281,265.4082946777344,69781000
QQQ,2022-10-19,269.92999267578125,273.67999267578125,268.07000732421875,270.489990234375,264.4403991699219,53115400
QQQ,2022-10-20,269.5799865722656,274.8399963378906,267.9200134277344,269.1099853515625,263.0913391113281,60605500
QQQ,2022-10-21,267.9800109863281,275.9700012207031,266.82000732421875,275.4200134277344,269.26025390625,77897700
QQQ,2022-10-24,275.69000244140625,279.3999938964844,271.9700012207031,278.45001220703125,272.2224426269531,63963600
QQQ,2022-10-25,279.4100036621094,284.6000061035156,277.8999938964844,284.2099914550781,277.8536376953125,59014500
QQQ,2022-10-26,278.4599914550781,283.9800109863281,277.42999267578125,277.92999267578125,271.71405029296875,63492400
QQQ,2022-10-27,276.7900085449219,278.2799987792969,272.3399963378906,272.8699951171875,266.7672119140625,57760300
QQQ,2022-10-28,272.2300109863281,281.70001220703125,272.05999755859375,281.2200012207031,274.9305114746094,62651300
QQQ,2022-10-31,278.9200134277344,279.760009765625,275.989990234375,277.95001220703125,271.7336120605469,47742000
QQQ,2022-11-01,281.5,282.07000732421875,274.739990234375,275.1099853515625,268.9571228027344,45895900
QQQ,2022-11-02,275.0799865722656,278.2099914550781,265.6099853515625,265.67999267578125,259.738037109375,79803100
QQQ,2022-11-03,263.010009765625,264.5,260.1000061035156,260.489990234375,254.66412353515625,70038900
QQQ,2022-11-04,265.5299987792969,266.6099853515625,259.0799865722656,264.67999267578125,258.7604064941406,78313200
QQQ,2022-11-07,265.75,268.1400146484375,263.57000732421875,267.5899963378906,261.60528564453125,47333800
QQQ,2022-11-08,269.1400146484375,272.8500061035156,265.5199890136719,269.5400085449219,263.5116882324219,63213800
QQQ,2022-11-09,267.760009765625,268.55999755859375,263.0299987792969,263.32000732421875,257.43084716796875,64862100
QQQ,2022-11-10,276.010009765625,283.04998779296875,273.8500061035156,282.75,276.4262390136719,99256700
QQQ,2022-11-11,282.55999755859375,288.6400146484375,281.19000244140625,287.9599914550781,281.5197448730469,66961800
QQQ,2022-11-14,285.8599853515625,289.2099914550781,284.44000244140625,285.44000244140625,279.05609130859375,55290700
QQQ,2022-11-15,292.2099914550781,293.260009765625,285.9700012207031,289.3900146484375,282.917724609375,73985400
QQQ,2022-11-16,287.3900146484375,289.4800109863281,284.6000061035156,285.44000244140625,279.05609130859375,48859800
QQQ,2022-11-17,280.8800048828125,286.32000732421875,280.7200012207031,284.80999755859375,278.4401550292969,55462100
QQQ,2022-11-18,287.8900146484375,287.989990234375,282.32000732421875,284.82000732421875,278.45001220703125,53588600
QQQ,2022-11-21,283.3999938964844,284.5799865722656,281.0400085449219,281.8900146484375,275.5854797363281,40083500
QQQ,2022-11-22,282.6400146484375,286.1099853515625,280.4599914550781,285.95001220703125,279.5547180175781,41873400
QQQ,2022-11-23,285.9700012207031,289.4599914550781,285.7900085449219,288.82000732421875,282.3605041503906,46390000
QQQ,2022-11-25,287.19000244140625,287.9100036621094,286.4200134277344,286.9200134277344,280.5030517578125,15498800
QQQ,2022-11-28,284.8999938964844,286.9599914550781,281.760009765625,282.7099914550781,276.38714599609375,38714200
QQQ,2022-11-29,282.94000244140625,283.3500061035156,279.1700134277344,280.57000732421875,274.2950744628906,35618900
QQQ,2022-11-30,280.8399963378906,293.4700012207031,279.9700012207031,293.3599853515625,286.79901123046875,74718100
QQQ,2022-12-01,293.69000244140625,295.75,290.8800048828125,293.7200012207031,287.15093994140625,51547300
QQQ,2022-12-02,288.5400085449219,293.45001220703125,288.3599853515625,292.54998779296875,286.007080078125,53583200
QQQ,2022-12-05,290.3800048828125,291.67999267578125,286.1499938964844,287.6400146484375,281.2069396972656,41482100
QQQ,2022-12-06,287.4800109863281,287.6199951171875,280.260009765625,281.67999267578125,275.3802185058594,53937600
QQQ,2022-12-07,280.4700012207031,282.57000732421875,278.7799987792969,280.5299987792969,274.2559509277344,45614300
QQQ,2022-12-08,281.9100036621094,284.8399963378906,279.7900085449219,283.8500061035156,277.5016784667969,42594900
QQQ,2022-12-09,282.80999755859375,285.6400146484375,281.5899963378906,282.0400085449219,275.7321472167969,47860500
QQQ,2022-12-12,282.2200012207031,285.6400146484375,281.1600036621094,285.5799865722656,279.1929626464844,35732500
QQQ,2022-12-13,296.6499938964844,296.8800048828125,285.9100036621094,288.6499938964844,282.19427490234375,80667700
QQQ,2022-12-14,288.04998779296875,291.4100036621094,283.19000244140625,286.510009765625,280.10223388671875,64984400
QQQ,2022-12-15,282.3299865722656,283.010009765625,275.6700134277344,276.8900146484375,270.69732666015625,60554100
QQQ,2022-12-16,276.20001220703125,277.7699890136719,272.6099853515625,274.25,268.1163635253906,68300400
QQQ,2022-12-19,273.8699951171875,273.9599914550781,268.489990234375,269.75,264.3483581542969,44167900
QQQ,2022-12-20,268.55999755859375,271.32000732421875,266.95001220703125,269.5400085449219,264.1425476074219,51064200
QQQ,2022-12-21,270.6000061035156,274.7799987792969,269.739990234375,273.45001220703125,267.9742736816406,46394700
QQQ,2022-12-22,270.3800048828125,270.510009765625,262.4599914550781,266.760009765625,261.41827392578125,60278400
QQQ,2022-12-23,265.4700012207031,268.0400085449219,263.5299987792969,267.3599853515625,262.0061950683594,39373600
QQQ,2022-12-27,266.739990234375,266.8500061035156,263.0299987792969,263.5799865722656,258.3019104003906,38009000
QQQ,2022-12-28,263.1700134277344,265.4700012207031,259.7300109863281,260.1000061035156,254.89158630371094,47139000
QQQ,2022-12-29,262.9599914550781,267.3999938964844,262.25,266.44000244140625,261.1046447753906,45893600
QQQ,2022-12-30,263.6199951171875,266.4100036621094,262.2900085449219,266.2799987792969,260.9478454589844,37858300
QQQ,2023-01-03,268.6499938964844,270.1499938964844,262.1300048828125,264.4800109863281,259.1839294433594,42335300
QQQ,2023-01-04,266.6400146484375,267.45001220703125,262.5299987792969,265.739990234375,260.41864013671875,47754900
QQQ,2023-01-05,264.0400085449219,264.2099914550781,261.260009765625,261.5799865722656,256.34197998046875,45396700
QQQ,2023-01-06,263.3500061035156,269.94000244140625,260.3399963378906,268.79998779296875,263.4173583984375,54659700
QQQ,2023-01-09,270.8299865722656,275.2900085449219,269.9200134277344,270.5400085449219,265.12255859375,45568700
QQQ,2023-01-10,269.489990234375,272.94000244140625,268.9700012207031,272.8299865722656,267.36663818359375,35247800
QQQ,2023-01-11,273.9200134277344,277.6600036621094,273.1199951171875,277.54998779296875,271.9921569824219,44077000
QQQ,2023-01-12,278.1199951171875,280.1000061035156,273.739990234375,279.04998779296875,273.4621887207031,60600000
QQQ,2023-01-13,276.5,281.2200012207031,276.1600036621094,280.9700012207031,275.3436584472656,44802900
QQQ,2023-01-17,280.7699890136719,282.8500061035156,279.5799865722656,281.5400085449219,275.9023132324219,36269700
QQQ,2023-01-18,283.1099853515625,284.69000244140625,277.6700134277344,277.8800048828125,272.31561279296875,47754500
QQQ,2023-01-19,276.2200012207031,277.3800048828125,273.8900146484375,275.1499938964844,269.6402587890625,44150400
QQQ,2023-01-20,276.7900085449219,283.0199890136719,275.7099914550781,282.67999267578125,277.0194091796875,60613600
QQQ,2023-01-23,283.5400085449219,290.2099914550781,282.7300109863281,288.9599914550781,283.1737060546875,52799900
QQQ,2023-01-24,287.30999755859375,289.54998779296875,286.7799987792969,288.3699951171875,282.59552001953125,44875100
QQQ,2023-01-25,283.7699890136719,288.3599853515625,281.17999267578125,287.7300109863281,281.96832275390625,50872000
QQQ,2023-01-26,291.2200012207031,293.5199890136719,288.5199890136719,293.3399963378906,287.4660339355469,51596300
QQQ,2023-01-27,292.0,298.260009765625,291.8800048828125,296.260009765625,290.3274841308594,56441900
QQQ,2023-01-30,292.92999267578125,294.3800048828125,289.8900146484375,290.2699890136719,284.45745849609375,49405800
QQQ,2023-01-31,290.30999755859375,294.7200012207031,290.20001220703125,294.6199951171875,288.7203674316406,46705100
QQQ,2023-02-01,294.4100036621094,303.42999267578125,292.29998779296875,300.9200134277344,294.8942565917969,67562200
QQQ,2023-02-02,307.57000732421875,313.67999267578125,306.7300109863281,311.7200012207031,305.4779052734375,83070600
QQQ,2023-02-03,304.94000244140625,312.3900146484375,304.5400085449219,306.17999267578125,300.0488586425781,76170800
QQQ,2023-02-06,303.510009765625,305.9100036621094,302.2200012207031,303.5899963378906,297.5107421875,40802300
QQQ,2023-02-07,303.4599914550781,311.0299987792969,302.32000732421875,309.8800048828125,303.6747741699219,67584000
QQQ,2023-02-08,308.5400085449219,309.5,303.6700134277344,304.3699951171875,298.27508544921875,56720900
QQQ,2023-02-09,308.8399963378906,308.989990234375,300.20001220703125,301.67999267578125,295.63897705078125,49137800
QQQ,2023-02-10,299.4800109863281,301.57000732421875,297.25,299.70001220703125,293.69866943359375,50050100
QQQ,2023-02-13,301.1300048828125,305.1000061035156,299.92999267578125,304.5,298.4024658203125,39636700
QQQ,2023-02-14,302.8900146484375,307.7200012207031,300.9100036621094,306.75,300.6074523925781,64079100
QQQ,2023-02-15,304.8999938964844,309.2699890136719,304.20001220703125,309.1000061035156,302.9103698730469,43100600
QQQ,2023-02-16,304.3800048828125,308.42999267578125,303.1499938964844,303.29998779296875,297.22650146484375,59498600
QQQ,2023-02-17,301.07000732421875,301.92999267578125,298.1000061035156,301.1600036621094,295.1293640136719,58230700
QQQ,2023-02-21,297.260009765625,298.7300109863281,293.8900146484375,294.0299987792969,288.1421813964844,46526700
QQQ,2023-02-22,294.6199951171875,296.3599853515625,292.55999755859375,294.25,288.3577880859375,51389200
QQQ,2023-02-23,297.9700012207031,298.1300048828125,292.54998779296875,296.82000732421875,290.87628173828125,69294400
QQQ,2023-02-24,291.760009765625,292.9700012207031,290.04998779296875,291.8500061035156,286.00579833984375,74332000
QQQ,2023-02-27,295.07000732421875,296.489990234375,293.3399963378906,293.94000244140625,288.0539855957031,48995000
QQQ,2023-02-28,293.29998779296875,296.1199951171875,292.9599914550781,293.55999755859375,287.6815490722656,48243100
QQQ,2023-03-01,293.260009765625,293.92999267578125,290.20001220703125,291.20001220703125,285.36883544921875,58287000
QQQ,2023-03-02,288.6600036621094,294.42999267578125,288.3699951171875,293.6099853515625,287.7305603027344,53565900
QQQ,2023-03-03,295.3900146484375,299.9200134277344,294.8699951171875,299.67999267578125,293.6790466308594,60511500
QQQ,2023-03-06,300.94000244140625,304.0,299.82000732421875,300.0199890136719,294.0122375488281,56736300
QQQ,2023-03-07,300.07000732421875,301.010009765625,295.7200012207031,296.3399963378906,290.4058837890625,65955800
QQQ,2023-03-08,296.7699890136719,298.42999267578125,294.8800048828125,297.82000732421875,291.8563232421875,50876300
QQQ,2023-03-09,298.3299865722656,300.9800109863281,291.8299865722656,292.6600036621094,286.7996520996094,71456700
QQQ,2023-03-10,292.8299865722656,294.3500061035156,287.3800048828125,288.54998779296875,282.7718505859375,98593600
QQQ,2023-03-13,286.7300109863281,294.4700012207031,285.19000244140625,290.69000244140625,284.8690490722656,97123600
QQQ,2023-03-14,294.30999755859375,297.92999267578125,293.45001220703125,297.3699951171875,291.41534423828125,73602500
QQQ,2023-03-15,294.7099914550781,299.2699890136719,293.239990234375,298.92999267578125,292.9440002441406,83631500
QQQ,2023-03-16,298.0,307.17999267578125,297.19000244140625,306.80999755859375,300.666259765625,98198100
QQQ,2023-03-17,306.7200012207031,309.1499938964844,303.3699951171875,305.3599853515625,299.2452392578125,89923700
QQQ,2023-03-20,304.260009765625,306.29998779296875,302.010009765625,305.9700012207031,300.3072509765625,56359500
QQQ,2023-03-21,307.94000244140625,310.79998779296875,306.3999938964844,310.3399963378906,304.596435546875,49757000
QQQ,2023-03-22,310.2699890136719,315.25,305.95001220703125,306.1199951171875,300.45452880859375,75791900
QQQ,2023-03-23,309.9200134277344,314.1499938964844,307.010009765625,309.75,304.017333984375,74576000
QQQ,2023-03-24,309.32000732421875,310.989990234375,306.95001220703125,310.8900146484375,305.13623046875,57195200
QQQ,2023-03-27,311.6000061035156,312.70001220703125,307.8900146484375,308.760009765625,303.0456848144531,50287400
QQQ,2023-03-28,308.1700134277344,308.20001220703125,304.7699890136719,307.1199951171875,301.4360046386719,48585900
QQQ,2023-03-29,310.8800048828125,313.3500061035156,310.04998779296875,312.7200012207031,306.93231201171875,53274300
QQQ,2023-03-30,315.239990234375,316.32000732421875,312.80999755859375,315.67999267578125,309.8374938964844,58354800
QQQ,2023-03-31,315.9100036621094,321.1700134277344,315.6000061035156,320.92999267578125,314.9903869628906,62138100
QQQ,2023-04-03,318.7699890136719,320.4200134277344,317.4200134277344,320.1499938964844,314.2248229980469,47126800
QQQ,2023-04-04,320.6000061035156,321.6300048828125,317.8299865722656,319.07000732421875,313.16485595703125,45875400
QQQ,2023-04-05,318.1000061035156,319.05999755859375,314.07000732421875,315.9200134277344,310.0731201171875,62795700
QQQ,2023-04-06,314.239990234375,318.54998779296875,312.82000732421875,318.04998779296875,312.1636962890625,46916500
QQQ,2023-04-10,315.07000732421875,317.9200134277344,313.25,317.8699951171875,311.987060546875,45134700
QQQ,2023-04-11,317.8299865722656,317.8900146484375,315.30999755859375,315.8299865722656,309.98480224609375,40113600
QQQ,2023-04-12,317.82000732421875,318.4200134277344,312.57000732421875,313.0400085449219,307.2463684082031,62813300
QQQ,2023-04-13,314.8299865722656,319.6499938964844,313.6300048828125,319.1700134277344,313.2630310058594,54613800
QQQ,2023-04-14,317.5899963378906,320.3599853515625,315.6099853515625,318.57000732421875,312.6741027832031,56278300
QQQ,2023-04-17,318.1499938964844,319.20001220703125,316.0400085449219,318.8399963378906,312.9390563964844,43007000
QQQ,2023-04-18,320.989990234375,321.4200134277344,317.6400146484375,318.8599853515625,312.95867919921875,46746900
QQQ,2023-04-19,316.4100036621094,319.7900085449219,316.2799987792969,318.7099914550781,312.8114929199219,38960100
QQQ,2023-04-20,315.69000244140625,319.2699890136719,314.9700012207031,316.2799987792969,310.4264831542969,62462100
QQQ,2023-04-21,315.9100036621094,317.3999938964844,314.1000061035156,316.6099853515625,310.7503356933594,59002300
QQQ,2023-04-24,316.3800048828125,317.739990234375,313.739990234375,315.95001220703125,310.1026306152344,44043100
QQQ,2023-04-25,314.2900085449219,314.9700012207031,309.8900146484375,309.989990234375,304.2528381347656,57121600
QQQ,2023-04-26,313.44000244140625,314.94000244140625,311.3399963378906,311.8699951171875,306.0980224609375,55400500
QQQ,2023-04-27,315.70001220703125,320.8599853515625,315.04998779296875,320.3500061035156,314.42120361328125,65430400
QQQ,2023-04-28,320.1099853515625,322.6499938964844,318.9599914550781,322.55999755859375,316.5902404785156,59712600
QQQ,2023-05-01,322.0899963378906,323.6300048828125,321.0899963378906,322.19000244140625,316.22711181640625,41013400
QQQ,2023-05-02,322.1199951171875,322.45001220703125,317.6099853515625,319.3800048828125,313.4691162109375,56519400
QQQ,2023-05-03,319.75,322.4700012207031,317.17999267578125,317.2900085449219,311.41778564453125,59882100
QQQ,2023-05-04,317.05999755859375,318.2300109863281,315.1199951171875,316.1700134277344,310.3185119628906,50224500
QQQ,2023-05-05,318.4700012207031,323.760009765625,316.2099914550781,322.8900146484375,316.91412353515625,51806100
QQQ,2023-05-08,322.4200134277344,324.0400085449219,321.32000732421875,323.69000244140625,317.6993408203125,36465800
QQQ,2023-05-09,322.0,322.8800048828125,321.32000732421875,321.6400146484375,315.6872253417969,31768800
QQQ,2023-05-10,324.1199951171875,326.010009765625,321.6000061035156,325.1400146484375,319.1224670410156,60446600
QQQ,2023-05-11,325.70001220703125,326.75,324.1199951171875,326.20001220703125,320.1629333496094,44278500
QQQ,2023-05-12,326.739990234375,327.1700134277344,322.94000244140625,325.0299987792969,319.0145263671875,48432800
QQQ,2023-05-15,325.510009765625,327.0299987792969,323.9599914550781,326.7900085449219,320.741943359375,33375600
QQQ,2023-05-16,326.05999755859375,328.8999938964844,326.0199890136719,327.1600036621094,321.1050720214844,40019200
QQQ,2023-05-17,328.239990234375,331.7099914550781,327.0400085449219,331.1199951171875,324.99176025390625,47486100
QQQ,2023-05-18,331.5199890136719,337.489990234375,331.5,337.2699890136719,331.02801513671875,64213500
QQQ,2023-05-19,337.489990234375,338.2099914550781,335.42999267578125,336.510009765625,330.28204345703125,61554900
QQQ,2023-05-22,336.25,338.6700134277344,336.239990234375,337.6400146484375,331.3911437988281,43015900
QQQ,2023-05-23,335.8900146484375,337.05999755859375,333.0,333.3599853515625,327.1903076171875,48216700
QQQ,2023-05-24,331.3699951171875,332.9100036621094,329.55999755859375,331.6499938964844,325.511962890625,62891200
QQQ,2023-05-25,339.1400146484375,341.010009765625,336.6700134277344,339.7200012207031,333.4326171875,66862800
QQQ,2023-05-26,340.760009765625,349.25,340.6600036621094,348.3999938964844,341.9520263671875,63007000
QQQ,2023-05-30,352.7099914550781,353.92999267578125,348.5299987792969,349.9800109863281,343.5028076171875,72652200
QQQ,2023-05-31,348.3699951171875,350.6000061035156,346.510009765625,347.989990234375,341.54962158203125,65105400
QQQ,2023-06-01,347.7300109863281,353.3599853515625,346.6600036621094,352.010009765625,345.49517822265625,50488600
QQQ,2023-06-02,353.79998779296875,355.8299865722656,352.010009765625,354.6499938964844,348.0862731933594,53372100
QQQ,2023-06-05,354.42999267578125,357.5,353.8500061035156,354.8999938964844,348.33172607421875,47266200
QQQ,2023-06-06,354.2799987792969,355.82000732421875,352.92999267578125,354.8399963378906,348.2727966308594,41390400
QQQ,2023-06-07,355.1300048828125,357.1199951171875,348.17999267578125,348.82000732421875,342.36419677734375,69225900
QQQ,2023-06-08,349.1199951171875,353.6199951171875,348.8900146484375,353.1499938964844,346.61407470703125,47153900
QQQ,2023-06-09,354.6300048828125,357.6600036621094,353.0299987792969,354.5,347.93914794921875,53196900
QQQ,2023-06-12,356.19000244140625,360.5899963378906,355.20001220703125,360.489990234375,353.8182678222656,44606500
QQQ,2023-06-13,363.2900085449219,364.1099853515625,360.0299987792969,363.260009765625,356.5369567871094,57097800
QQQ,2023-06-14,363.2699890136719,366.19000244140625,360.4200134277344,365.8999938964844,359.12811279296875,69525600
QQQ,2023-06-15,364.6099853515625,371.7699890136719,363.9800109863281,370.260009765625,363.40740966796875,71138800
QQQ,2023-06-16,372.7200012207031,372.8500061035156,367.4800109863281,367.92999267578125,361.12054443359375,80932000
QQQ,2023-06-20,365.95001220703125,368.32000732421875,363.8900146484375,366.8999938964844,360.6035461425781,49204700
QQQ,2023-06-21,365.739990234375,366.17999267578125,360.9599914550781,361.8999938964844,355.6893310546875,53378300
QQQ,2023-06-22,360.6300048828125,366.3299865722656,360.2200012207031,366.1700134277344,359.88616943359375,47603000
QQQ,2023-06-23,362.2099914550781,364.8800048828125,360.82000732421875,362.5400085449219,356.31842041015625,48922900
QQQ,2023-06-26,362.0,364.8399963378906,357.5899963378906,357.67999267578125,351.54180908203125,52685500
QQQ,2023-06-27,359.25,364.57000732421875,358.510009765625,363.8299865722656,357.5862121582031,49428100
QQQ,2023-06-28,361.9800109863281,366.5199890136719,361.8999938964844,364.5400085449219,358.2841491699219,46498000
QQQ,2023-06-29,364.239990234375,364.8900146484375,362.1400146484375,363.80999755859375,357.56658935546875,46151000
QQQ,2023-06-30,367.54998779296875,370.489990234375,367.2300109863281,369.4200134277344,363.0803527832031,58712500
QQQ,2023-07-03,370.07000732421875,370.92999267578125,368.9700012207031,370.2900085449219,363.93536376953125,19432900
QQQ,2023-07-05,368.70001220703125,372.010009765625,368.6600036621094,370.2799987792969,363.92559814453125,34460900
QQQ,2023-07-06,366.510009765625,367.9100036621094,364.5199890136719,367.4599914550781,361.1539306640625,49374700
QQQ,2023-07-07,367.2300109863281,370.4800109863281,366.010009765625,366.239990234375,359.954833984375,47133700
QQQ,2023-07-10,365.9599914550781,367.04998779296875,363.4100036621094,366.3599853515625,360.07281494140625,48498800
QQQ,2023-07-11,366.7900085449219,368.6300048828125,364.6199951171875,368.1700134277344,361.851806640625,38214100
QQQ,2023-07-12,372.3399963378906,374.19000244140625,370.29998779296875,372.82000732421875,366.4219970703125,61975400
QQQ,2023-07-13,376.04998779296875,379.989990234375,375.4599914550781,379.1499938964844,372.64337158203125,46960000
QQQ,2023-07-14,379.5899963378906,382.8599853515625,378.17999267578125,379.07000732421875,372.5647277832031,55148500
QQQ,2023-07-17,379.79998779296875,383.5,379.30999755859375,382.6099853515625,376.0439758300781,40868900
QQQ,2023-07-18,381.9599914550781,387.1300048828125,380.0,385.739990234375,379.1202087402344,55262000
QQQ,2023-07-19,386.82000732421875,387.9800109863281,384.29998779296875,385.6499938964844,379.0318298339844,54093000
QQQ,2023-07-20,382.6099853515625,384.1000061035156,375.7200012207031,376.760009765625,370.2944030761719,71941700
QQQ,2023-07-21,379.17999267578125,379.9200134277344,375.19000244140625,375.6300048828125,369.18377685546875,60499600
QQQ,2023-07-24,376.6199951171875,377.5799865722656,374.3399963378906,376.2300109863281,369.77349853515625,40380100
QQQ,2023-07-25,376.95001220703125,380.4700012207031,376.92999267578125,378.7799987792969,372.2797546386719,38894400
QQQ,2023-07-26,377.7200012207031,379.239990234375,375.17999267578125,377.5199890136719,371.04132080078125,47075700
QQQ,2023-07-27,383.07000732421875,384.7099914550781,375.30999755859375,376.6199951171875,370.1567687988281,63940200
QQQ,2023-07-28,380.739990234375,384.5199890136719,380.2200012207031,383.4800109863281,376.8990783691406,56902900
QQQ,2023-07-31,383.7900085449219,384.8800048828125,382.3399963378906,383.67999267578125,377.09552001953125,44019900
QQQ,2023-08-01,382.30999755859375,383.55999755859375,380.69000244140625,382.7900085449219,376.2209167480469,41060600
QQQ,2023-08-02,379.260009765625,379.260009765625,373.1300048828125,374.3900146484375,367.9650573730469,72687100
QQQ,2023-08-03,371.94000244140625,375.95001220703125,371.7699890136719,373.7900085449219,367.3753662109375,47666400
QQQ,2023-08-04,375.75,378.1000061035156,371.5299987792969,372.0400085449219,365.6553649902344,61702800
QQQ,2023-08-07,373.8800048828125,375.2900085449219,371.510009765625,375.19000244140625,368.7513122558594,37230400
QQQ,2023-08-08,372.6400146484375,372.6600036621094,368.82000732421875,372.0,365.6160888671875,44726500
QQQ,2023-08-09,372.2900085449219,372.45001220703125,367.1400146484375,367.9100036621094,361.59625244140625,51150900
QQQ,2023-08-10,370.9700012207031,374.3599853515625,367.0400085449219,368.5899963378906,362.26458740234375,72035300
QQQ,2023-08-11,365.989990234375,368.0,364.69000244140625,366.239990234375,359.954833984375,48707200
QQQ,2023-08-14,365.42999267578125,370.4700012207031,364.70001220703125,370.3500061035156,363.9943542480469,42130800
QQQ,2023-08-15,369.3599853515625,370.1700134277344,365.739990234375,366.4200134277344,360.1318359375,45539900
QQQ,2023-08-16,365.8699951171875,367.42999267578125,362.44000244140625,362.5400085449219,356.31842041015625,53190500
QQQ,2023-08-17,363.9599914550781,364.30999755859375,358.1600036621094,358.5799865722656,352.4263610839844,62604300
QQQ,2023-08-18,355.260009765625,359.4100036621094,354.7099914550781,358.1300048828125,351.9841003417969,61191400
QQQ,2023-08-21,359.6199951171875,364.5899963378906,359.1499938964844,363.8999938964844,357.655029296875,50696500
QQQ,2023-08-22,366.54998779296875,366.55999755859375,362.67999267578125,363.3800048828125,357.14398193359375,44530200
QQQ,2023-08-23,364.5799865722656,370.2200012207031,364.3599853515625,369.1099853515625,362.775634765625,51770600
QQQ,2023-08-24,372.6400146484375,372.739990234375,361.010009765625,361.2200012207031,355.02105712890625,66842500
QQQ,2023-08-25,362.07000732421875,365.739990234375,358.5799865722656,364.0199890136719,357.7729797363281,69960500
QQQ,2023-08-28,366.989990234375,367.7099914550781,364.25,366.760009765625,360.46600341796875,40910000
QQQ,2023-08-29,366.55999755859375,375.1300048828125,366.2300109863281,374.7699890136719,368.3385314941406,58492400
QQQ,2023-08-30,374.8800048828125,377.45001220703125,373.8599853515625,376.8599853515625,370.3926086425781,41731500
QQQ,2023-08-31,376.94000244140625,379.7200012207031,376.8699951171875,377.989990234375,371.5032043457031,35730700
QQQ,2023-09-01,380.3999938964844,380.8299865722656,376.0799865722656,377.5899963378906,371.1101379394531,39801200
QQQ,2023-09-05,376.7699890136719,379.30999755859375,375.8299865722656,378.07000732421875,371.58184814453125,32344200
QQQ,2023-09-06,377.2799987792969,377.6300048828125,372.70001220703125,374.739990234375,368.3090515136719,42998700
QQQ,2023-09-07,370.2099914550781,372.8500061035156,369.1499938964844,372.05999755859375,365.67498779296875,52060700
QQQ,2023-09-08,372.010009765625,374.8500061035156,371.6000061035156,372.5799865722656,366.1861267089844,35800100
QQQ,2023-09-11,375.6600036621094,377.489990234375,373.6600036621094,376.9700012207031,370.5008239746094,39936600
QQQ,2023-09-12,375.2699890136719,376.95001220703125,372.5,372.7900085449219,366.39251708984375,41391000
QQQ,2023-09-13,373.0299987792969,375.8399963378906,371.8800048828125,374.2099914550781,367.78814697265625,46300700
QQQ,2023-09-14,375.989990234375,378.2699890136719,373.8900146484375,377.2699890136719,370.7956237792969,48039400
QQQ,2023-09-15,375.9100036621094,376.32000732421875,369.8599853515625,370.80999755859375,364.4465026855469,69811200
QQQ,2023-09-18,369.32000732421875,371.7900085449219,369.0299987792969,370.6600036621094,364.82635498046875,36903500
QQQ,2023-09-19,369.32000732421875,370.67999267578125,366.79998779296875,369.8699951171875,364.0487976074219,37621700
QQQ,2023-09-20,370.95001220703125,371.30999755859375,364.4599914550781,364.5400085449219,358.8027648925781,45514200
QQQ,2023-09-21,360.79998779296875,361.6000061035156,357.69000244140625,357.8599853515625,352.22784423828125,69734800
QQQ,2023-09-22,359.6300048828125,361.79998779296875,357.5899963378906,357.9100036621094,352.2770690917969,51589700
QQQ,2023-09-25,356.92999267578125,359.70001220703125,355.92999267578125,359.6099853515625,353.9502868652344,39168000
QQQ,2023-09-26,356.989990234375,357.5400085449219,353.2099914550781,354.2099914550781,348.6353454589844,53657700
QQQ,2023-09-27,355.3800048828125,356.9800109863281,351.3599853515625,355.0400085449219,349.4522705078125,56066000
QQQ,2023-09-28,354.1099853515625,360.1700134277344,353.239990234375,358.010009765625,352.37548828125,56453300
QQQ,2023-09-29,361.5400085449219,362.95001220703125,357.0199890136719,358.2699890136719,352.6313781738281,64829600
QQQ,2023-10-02,358.5400085449219,362.67999267578125,357.9200134277344,361.260009765625,355.5743103027344,51625100
QQQ,2023-10-03,358.7799987792969,361.010009765625,353.2799987792969,354.9200134277344,349.3341369628906,60478500
QQQ,2023-10-04,355.7699890136719,360.6099853515625,355.29998779296875,359.75,354.0881042480469,54786700
QQQ,2023-10-05,359.739990234375,360.1499938964844,355.1400146484375,358.69000244140625,353.0448303222656,45897400
QQQ,2023-10-06,355.6499938964844,365.9100036621094,354.8500061035156,364.70001220703125,358.9601745605469,75049100
QQQ,2023-10-09,362.29998779296875,367.1099853515625,360.7799987792969,366.55999755859375,360.7909851074219,45304800
QQQ,2023-10-10,366.8999938964844,371.2799987792969,366.3900146484375,368.5899963378906,362.78900146484375,46968800
QQQ,2023-10-11,369.94000244140625,371.4100036621094,368.19000244140625,371.2200012207031,365.3775634765625,38215100
QQQ,2023-10-12,371.7300109863281,373.739990234375,367.5,369.92999267578125,364.10791015625,49587900
QQQ,2023-10-13,370.57000732421875,371.1600036621094,363.8599853515625,365.2799987792969,359.5311584472656,52469900
QQQ,2023-10-16,366.6199951171875,370.4800109863281,366.4700012207031,369.4100036621094,363.5960998535156,44201100
QQQ,2023-10-17,365.80999755859375,369.9200134277344,363.6600036621094,368.20001220703125,362.40509033203125,50999100
QQQ,2023-10-18,365.6700134277344,367.9100036621094,362.0199890136719,363.3699951171875,357.65106201171875,54280500
QQQ,2023-10-19,364.80999755859375,366.0199890136719,359.1600036621094,359.9700012207031,354.3046569824219,72274200
QQQ,2023-10-20,359.4599914550781,360.0400085449219,354.3699951171875,354.6000061035156,349.0192565917969,72559700
QQQ,2023-10-23,353.260009765625,359.260009765625,351.1199951171875,355.6700134277344,350.0723571777344,60665200
QQQ,2023-10-24,357.510009765625,359.9100036621094,355.7900085449219,359.1300048828125,353.4778747558594,47082100
QQQ,2023-10-25,356.70001220703125,356.8800048828125,349.75,350.3399963378906,344.82623291015625,71190500
QQQ,2023-10-26,349.1199951171875,350.07000732421875,342.3500061035156,343.6600036621094,338.2513427734375,78621400
QQQ,2023-10-27,346.42999267578125,348.8399963378906,344.0799865722656,345.30999755859375,339.8753967285156,63476700
QQQ,2023-10-30,347.8299865722656,350.5400085449219,346.45001220703125,349.20001220703125,343.70416259765625,55298500
QQQ,2023-10-31,349.2300109863281,351.25,346.6199951171875,350.8699951171875,345.347900390625,47671900
QQQ,2023-11-01,351.7200012207031,357.5299987792969,351.6199951171875,356.9599914550781,351.3420104980469,58992700
QQQ,2023-11-02,361.5400085449219,363.67999267578125,360.29998779296875,363.44000244140625,357.7200622558594,58162400
QQQ,2023-11-03,364.75,369.0199890136719,364.5199890136719,367.7099914550781,361.9228515625,53280500
QQQ,2023-11-06,368.489990234375,369.7799987792969,366.9100036621094,369.2099914550781,363.3992004394531,38848700
QQQ,2023-11-07,370.2699890136719,373.5799865722656,369.04998779296875,372.70001220703125,366.83428955078125,50777400
QQQ,2023-11-08,373.0799865722656,373.7900085449219,370.6199951171875,372.94000244140625,367.0704650878906,35663400
QQQ,2023-11-09,373.6400146484375,374.79998779296875,369.57000732421875,370.07000732421875,364.2456970214844,53859400
QQQ,2023-11-10,371.82000732421875,378.5400085449219,371.2799987792969,378.3900146484375,372.43475341796875,58309800
QQQ,2023-11-13,376.7900085449219,378.2799987792969,375.239990234375,377.2099914550781,371.2733154296875,40733500
QQQ,2023-11-14,383.7099914550781,386.260009765625,383.17999267578125,385.3299865722656,379.2655334472656,67792600
QQQ,2023-11-15,387.25,387.75,384.239990234375,385.6199951171875,379.5509338378906,54141400
QQQ,2023-11-16,384.8399963378906,386.19000244140625,383.55999755859375,385.95001220703125,379.875732421875,45343500
QQQ,2023-11-17,385.2099914550781,387.07000732421875,384.2900085449219,386.0400085449219,379.9643859863281,46571900
QQQ,2023-11-20,386.04998779296875,391.4100036621094,386.04998779296875,390.739990234375,384.5903625488281,44429600
QQQ,2023-11-21,389.010009765625,389.2300109863281,386.70001220703125,388.4700012207031,382.3561096191406,43337000
QQQ,2023-11-22,390.57000732421875,393.07000732421875,389.0400085449219,390.05999755859375,383.9210510253906,44121000
QQQ,2023-11-24,389.6499938964844,390.25,388.5,389.510009765625,383.3797302246094,15718800
QQQ,2023-11-27,389.010009765625,391.1499938964844,388.2799987792969,389.1700134277344,383.04510498046875,34139700
QQQ,2023-11-28,388.4100036621094,390.7799987792969,388.04998779296875,390.19000244140625,384.04901123046875,35491100
QQQ,2023-11-29,392.69000244140625,394.1400146484375,389.4599914550781,389.80999755859375,383.6749572753906,38811700
QQQ,2023-11-30,390.0799865722656,390.54998779296875,385.82000732421875,388.8299865722656,382.71044921875,52834400
QQQ,2023-12-01,387.75,390.5400085449219,386.07000732421875,389.94000244140625,383.8030090332031,40490100
QQQ,2023-12-04,386.0899963378906,386.6000061035156,382.6600036621094,386.32000732421875,380.23992919921875,51186900
QQQ,2023-12-05,384.3900146484375,388.5,384.2099914550781,387.2900085449219,381.1946716308594,42933000
QQQ,2023-12-06,390.2699890136719,390.3699951171875,384.70001220703125,385.04998779296875,378.98992919921875,41994100
QQQ,2023-12-07,388.07000732421875,391.2699890136719,386.9599914550781,390.42999267578125,384.2852478027344,49593500
QQQ,2023-12-08,388.6700134277344,392.6199951171875,388.4800109863281,392.1700134277344,385.9979248046875,46687500
QQQ,2023-12-11,391.739990234375,395.7900085449219,391.5299987792969,395.5199890136719,389.2951965332031,41198000
QQQ,2023-12-12,395.55999755859375,398.7900085449219,394.4100036621094,398.6700134277344,392.3955383300781,39221200
QQQ,2023-12-13,399.6199951171875,404.3599853515625,398.8399963378906,403.739990234375,397.3858337402344,55408100
QQQ,2023-12-14,404.9800109863281,406.29998779296875,400.3399963378906,403.3900146484375,397.0412902832031,55447800
QQQ,2023-12-15,404.17999267578125,406.5400085449219,403.57000732421875,405.3399963378906,398.9605407714844,62896600
QQQ,2023-12-18,404.92999267578125,407.989990234375,404.6000061035156,407.0799865722656,401.4734802246094,46610000
QQQ,2023-12-19,407.5400085449219,409.2799987792969,407.3500061035156,409.1600036621094,403.5248718261719,35711900
QQQ,2023-12-20,408.3500061035156,410.4700012207031,402.8999938964844,403.0799865722656,397.528564453125,54042400
QQQ,2023-12-21,407.05999755859375,408.1400146484375,404.4700012207031,407.7699890136719,402.1539611816406,45568900
QQQ,2023-12-22,409.0,409.9700012207031,406.4800109863281,408.3800048828125,402.7555847167969,34314000
QQQ,2023-12-26,409.25,411.55999755859375,409.1499938964844,410.8800048828125,405.22119140625,22722500
QQQ,2023-12-27,410.95001220703125,411.7900085449219,410.0799865722656,411.5,406.04608154296875,31980500
QQQ,2023-12-28,412.6700134277344,412.9200134277344,410.94000244140625,411.29998779296875,405.8487548828125,27029200
QQQ,2023-12-29,411.2799987792969,411.6400146484375,407.5799865722656,409.5199890136719,404.0923156738281,42662100
QQQ,2024-01-02,405.8399963378906,406.0899963378906,400.239990234375,402.5899963378906,397.2541809082031,58026900
QQQ,2024-01-03,399.92999267578125,401.0,397.8900146484375,398.3299865722656,393.0506286621094,47002800
QQQ,2024-01-04,396.44000244140625,399.5899963378906,396.05999755859375,396.2799987792969,391.02783203125,39432800
QQQ,2024-01-05,396.45001220703125,399.55999755859375,395.3399963378906,396.75,391.4915771484375,44922800
QQQ,2024-01-08,397.989990234375,405.239990234375,397.8399963378906,404.95001220703125,399.58294677734375,42473800
QQQ,2024-01-09,401.9100036621094,406.69000244140625,401.7099914550781,405.75,400.37237548828125,39132900
QQQ,2024-01-10,406.07000732421875,409.5199890136719,405.1700134277344,408.5,403.08587646484375,33962800
QQQ,2024-01-11,409.7900085449219,411.20001220703125,404.239990234375,409.3500061035156,403.9245910644531,54536200
QQQ,2024-01-12,410.3999938964844,411.25,408.1499938964844,409.55999755859375,404.1318054199219,39595000
QQQ,2024-01-16,408.30999755859375,411.1199951171875,406.8299865722656,409.5199890136719,404.0923156738281,43903000
QQQ,2024-01-17,406.1700134277344,407.5899963378906,402.9200134277344,407.2099914550781,401.81292724609375,54386000
QQQ,2024-01-18,410.5199890136719,413.5799865722656,409.1600036621094,412.989990234375,407.5163879394531,59562500
QQQ,2024-01-19,415.2200012207031,421.3399963378906,414.6300048828125,421.17999267578125,415.5978088378906,70325100
QQQ,2024-01-22,423.4100036621094,424.7300109863281,421.1199951171875,421.7300109863281,416.1405334472656,44880600
QQQ,2024-01-23,422.42999267578125,423.70001220703125,420.57000732421875,423.4800109863281,417.8673095703125,33003800
QQQ,2024-01-24,427.44000244140625,429.8500061035156,425.3299865722656,425.8299865722656,420.1861267089844,46948000
QQQ,2024-01-25,428.3599853515625,429.0400085449219,423.9800109863281,426.3500061035156,420.69927978515625,44367200
QQQ,2024-01-26,424.44000244140625,426.2099914550781,423.1499938964844,423.80999755859375,418.1929016113281,37137000
QQQ,2024-01-29,424.2699890136719,428.3500061035156,423.6099853515625,428.1499938964844,422.47540283203125,38694700
QQQ,2024-01-30,427.1000061035156,427.67999267578125,424.3800048828125,425.29998779296875,419.6632080078125,36739000
QQQ,2024-01-31,420.8500061035156,422.8699951171875,416.7900085449219,416.9700012207031,411.443603515625,64010600
QQQ,2024-02-01,418.7900085449219,422.3800048828125,417.80999755859375,421.8800048828125,416.2885437011719,51008600
QQQ,2024-02-02,423.79998779296875,430.239990234375,422.7900085449219,429.010009765625,423.32403564453125,59602400
QQQ,2024-02-05,429.07000732421875,429.6099853515625,425.0,428.45001220703125,422.771484375,39889200
QQQ,2024-02-06,429.6099853515625,430.2200012207031,425.2200012207031,427.5899963378906,421.9228210449219,35846100
QQQ,2024-02-07,430.4100036621094,432.8299865722656,429.0899963378906,431.989990234375,426.2644958496094,37712700
QQQ,2024-02-08,432.1099853515625,433.55999755859375,431.4200134277344,432.7900085449219,427.05389404296875,29889900
QQQ,2024-02-09,433.94000244140625,437.8500061035156,433.1400146484375,437.04998779296875,431.2574462890625,36943900
QQQ,2024-02-12,436.94000244140625,439.1400146484375,434.6499938964844,435.3399963378906,429.57012939453125,33203300
QQQ,2024-02-13,427.2799987792969,431.2699890136719,425.3299865722656,428.54998779296875,422.8701171875,64491700
QQQ,2024-02-14,431.260009765625,433.6499938964844,428.8800048828125,433.2200012207031,427.47821044921875,45092700
QQQ,2024-02-15,433.9200134277344,434.9800109863281,431.3299865722656,434.510009765625,428.7511291503906,38796100
QQQ,2024-02-16,434.8900146484375,434.989990234375,429.8500061035156,430.57000732421875,424.8633728027344,53716500
QQQ,2024-02-20,428.54998779296875,430.0799865722656,423.5,427.32000732421875,421.65643310546875,53999500
QQQ,2024-02-21,424.54998779296875,425.70001220703125,421.6300048828125,425.6099853515625,419.9691162109375,49779000
QQQ,2024-02-22,434.489990234375,439.1199951171875,433.7099914550781,438.07000732421875,432.263916015625,53887800
QQQ,2024-02-23,439.6499938964844,440.5899963378906,435.7900085449219,436.7799987792969,430.9909973144531,39853900
QQQ,2024-02-26,437.6000061035156,438.6000061035156,436.3599853515625,436.54998779296875,430.7640686035156,33043200
QQQ,2024-02-27,437.6700134277344,437.989990234375,435.0299987792969,437.6000061035156,431.8001708984375,33713200
QQQ,2024-02-28,435.42999267578125,436.6700134277344,434.29998779296875,435.2699890136719,429.50103759765625,32938800
QQQ,2024-02-29,438.2300109863281,440.0899963378906,435.0199890136719,439.0,433.18157958984375,42495200
QQQ,2024-03-01,439.8999938964844,446.5799865722656,439.8399963378906,445.6099853515625,439.70404052734375,43853000
QQQ,2024-03-04,445.6099853515625,446.0400085449219,443.7699890136719,444.0199890136719,438.13507080078125,34325700
QQQ,2024-03-05,440.94000244140625,440.95001220703125,433.6499938964844,436.04998779296875,430.27069091796875,57917100
QQQ,2024-03-06,440.32000732421875,441.989990234375,436.8900146484375,438.7900085449219,432.97442626953125,46234500
QQQ,2024-03-07,442.4200134277344,446.7200012207031,440.8599853515625,445.45001220703125,439.5461120605469,44526700
QQQ,2024-03-08,445.80999755859375,448.6400146484375,438.3399963378906,439.0199890136719,433.2013854980469,72096000
QQQ,2024-03-11,437.510009765625,438.6600036621094,435.44000244140625,437.3900146484375,431.5929870605469,45860000
QQQ,2024-03-12,439.7300109863281,444.0199890136719,436.4599914550781,443.6600036621094,437.77984619140625,55300900
QQQ,2024-03-13,442.6499938964844,442.6700134277344,439.1199951171875,440.25,434.4150390625,37928700
QQQ,2024-03-14,441.5,442.0299987792969,436.3900146484375,439.1400146484375,433.31976318359375,52195200
QQQ,2024-03-15,436.07000732421875,438.8699951171875,432.739990234375,433.9200134277344,428.1689758300781,73069800
QQQ,2024-03-18,438.7300109863281,441.0400085449219,437.239990234375,437.4800109863281,432.2525939941406,47323800
QQQ,2024-03-19,435.45001220703125,438.9800109863281,433.3299865722656,438.57000732421875,433.3295593261719,43004100
QQQ,2024-03-20,439.7799987792969,444.1099853515625,438.05999755859375,443.7699890136719,438.4673767089844,43653500
QQQ,2024-03-21,448.8800048828125,449.3399963378906,445.6700134277344,445.8699951171875,440.5423278808594,39345700
QQQ,2024-03-22,445.3500061035156,447.489990234375,444.489990234375,446.3800048828125,441.0462341308594,28253900
QQQ,2024-03-25,443.54998779296875,446.260009765625,442.5400085449219,444.760009765625,439.4455871582031,27789200
QQQ,2024-03-26,446.29998779296875,447.2300109863281,443.0899963378906,443.32000732421875,438.0227966308594,34142000
QQQ,2024-03-27,446.44000244140625,446.5400085449219,441.92999267578125,444.8299865722656,439.5147705078125,41359200
QQQ,2024-03-28,444.7799987792969,445.6400146484375,443.6499938964844,444.010009765625,438.70452880859375,36839600
QQQ,2024-04-01,444.9700012207031,447.5299987792969,443.0199890136719,444.95001220703125,439.6333312988281,38729000
QQQ,2024-04-02,440.0799865722656,441.42999267578125,438.0299987792969,441.1099853515625,435.83917236328125,44259700
QQQ,2024-04-03,438.9599914550781,444.0,438.95001220703125,442.1000061035156,436.8173828125,39949800
QQQ,2024-04-04,446.3299865722656,446.95001220703125,435.1099853515625,435.3399963378906,430.13812255859375,57267700
QQQ,2024-04-05,436.7799987792969,443.1700134277344,435.9599914550781,440.4700012207031,435.20684814453125,54744600
QQQ,2024-04-08,441.4100036621094,442.5,439.20001220703125,440.6000061035156,435.33526611328125,28144900
QQQ,2024-04-09,442.9599914550781,443.239990234375,437.44000244140625,442.2300109863281,436.94580078125,39443600
QQQ,2024-04-10,437.0,439.239990234375,436.2799987792969,438.3699951171875,433.13189697265625,61502200
QQQ,2024-04-11,440.260009765625,446.3299865722656,437.9599914550781,445.3699951171875,440.04833984375,45474600
QQQ,2024-04-12,441.1000061035156,442.239990234375,436.8800048828125,438.2699890136719,433.0331726074219,53665000
QQQ,2024-04-15,442.05999755859375,442.1499938964844,430.2099914550781,431.05999755859375,425.9092712402344,63453600
QQQ,2024-04-16,430.8999938964844,433.760009765625,429.70001220703125,431.1000061035156,425.9488220214844,47619000
QQQ,2024-04-17,433.1000061035156,433.1199951171875,424.8999938964844,425.8399963378906,420.751708984375,56880500
QQQ,2024-04-18,426.489990234375,428.239990234375,422.8299865722656,423.4100036621094,418.3507080078125,46549400
QQQ,2024-04-19,422.2200012207031,422.75,413.07000732421875,414.6499938964844,409.6953125,75231000
QQQ,2024-04-22,417.30999755859375,421.17999267578125,413.94000244140625,418.82000732421875,413.8155517578125,47807700
QQQ,2024-04-23,420.7699890136719,426.2799987792969,418.8699951171875,425.07000732421875,419.9908447265625,44384700
QQQ,2024-04-24,428.20001220703125,429.7300109863281,424.20001220703125,426.510009765625,421.4136657714844,48440300
QQQ,2024-04-25,419.239990234375,425.32000732421875,418.1400146484375,424.45001220703125,419.3782958984375,57392200
QQQ,2024-04-26,427.6199951171875,432.54998779296875,426.9200134277344,431.0,425.8500061035156,41874900
QQQ,2024-04-29,433.1300048828125,433.760009765625,429.9800109863281,432.75,427.5791320800781,30022200
QQQ,2024-04-30,431.1499938964844,432.55999755859375,424.510009765625,424.5899963378906,419.5165710449219,43665900
QQQ,2024-05-01,423.1499938964844,430.1400146484375,420.6600036621094,421.5199890136719,416.4832458496094,52251700
QQQ,2024-05-02,425.29998779296875,427.80999755859375,420.6300048828125,426.8999938964844,421.7989807128906,36559000
QQQ,2024-05-03,434.44000244140625,436.4800109863281,432.6199951171875,435.4800109863281,430.2764892578125,48515300
QQQ,2024-05-06,437.29998779296875,440.3399963378906,436.5199890136719,440.25,434.9894714355469,30227200
QQQ,2024-05-07,440.70001220703125,441.9700012207031,439.5799865722656,440.32000732421875,435.05865478515625,30996100
QQQ,2024-05-08,437.6700134277344,441.4800109863281,437.54998779296875,440.05999755859375,434.8017578125,24896700
QQQ,2024-05-09,440.3299865722656,441.6000061035156,438.4599914550781,441.0199890136719,435.7502746582031,24580100
QQQ,2024-05-10,442.5400085449219,444.30999755859375,440.5,442.05999755859375,436.77783203125,27116600
QQQ,2024-05-13,443.989990234375,444.0899963378906,441.6499938964844,443.0799865722656,437.78564453125,22994200
QQQ,2024-05-14,442.6499938964844,446.4700012207031,442.4599914550781,445.92999267578125,440.6015930175781,34478300
QQQ,2024-05-15,448.42999267578125,453.1499938964844,446.8999938964844,452.8999938964844,447.4883728027344,41464700
QQQ,2024-05-16,452.7099914550781,454.69000244140625,451.80999755859375,451.9800109863281,446.57928466796875,34780400
QQQ,2024-05-17,452.1099853515625,452.7200012207031,449.5400085449219,451.760009765625,446.3619384765625,35803700
QQQ,2024-05-20,451.9800109863281,455.5799865722656,451.7900085449219,454.9100036621094,449.4742736816406,24474200
QQQ,2024-05-21,453.0400085449219,455.989990234375,452.8399963378906,455.79998779296875,450.3536682128906,23167700
QQQ,2024-05-22,456.05999755859375,456.82000732421875,453.0799865722656,455.7099914550781,450.26470947265625,25120000
QQQ,2024-05-23,460.54998779296875,460.5799865722656,451.8500061035156,453.6600036621094,448.2392883300781,40899200
QQQ,2024-05-24,455.2900085449219,459.2300109863281,453.57000732421875,457.95001220703125,452.47796630859375,29669500
QQQ,2024-05-28,459.17999267578125,459.739990234375,456.69000244140625,459.67999267578125,454.1872863769531,26216800
QQQ,2024-05-29,455.4800109863281,458.239990234375,455.3399963378906,456.44000244140625,450.9859924316406,29739200
QQQ,2024-05-30,455.5,455.6400146484375,450.2099914550781,451.54998779296875,446.15447998046875,30536800
QQQ,2024-05-31,451.7799987792969,452.4800109863281,443.05999755859375,450.7099914550781,445.324462890625,55941300
QQQ,2024-06-03,454.57000732421875,455.5799865722656,447.8999938964844,453.1300048828125,447.715576171875,32997500
QQQ,2024-06-04,452.8699951171875,455.5799865722656,451.1300048828125,454.3699951171875,448.9407958984375,23767400
QQQ,2024-06-05,457.9800109863281,463.6099853515625,454.4100036621094,463.5299987792969,457.9913024902344,33817400
QQQ,2024-06-06,464.2200012207031,464.5400085449219,462.19000244140625,463.3699951171875,457.8332214355469,21966800
QQQ,2024-06-07,463.0,465.739990234375,461.8399963378906,462.9599914550781,457.4281005859375,25829700
QQQ,2024-06-10,461.82000732421875,465.19000244140625,461.5299987792969,464.8299865722656,459.2757568359375,20660800
QQQ,2024-06-11,463.5400085449219,468.1400146484375,462.0299987792969,468.0199890136719,462.4276123046875,22053300
QQQ,2024-06-12,471.989990234375,476.5,471.2900085449219,474.1499938964844,468.4843444824219,34532600
QQQ,2024-06-13,477.7200012207031,478.3900146484375,474.4200134277344,476.7200012207031,471.0237121582031,25859000
QQQ,2024-06-14,476.5199890136719,479.260009765625,476.04998779296875,479.19000244140625,473.4642333984375,23372600
QQQ,2024-06-17,479.4599914550781,486.8599853515625,478.1400146484375,485.05999755859375,479.2640686035156,37054500
QQQ,2024-06-18,485.010009765625,485.8999938964844,483.42999267578125,485.2099914550781,479.4122619628906,24438600
QQQ,2024-06-20,486.4200134277344,486.8399963378906,479.6199951171875,481.4700012207031,475.71697998046875,33918700
QQQ,2024-06-21,481.19000244140625,482.5400085449219,478.6700134277344,480.17999267578125,474.4423828125,37456800
QQQ,2024-06-24,478.17999267578125,479.92999267578125,473.82000732421875,473.9599914550781,469.041015625,37751000
QQQ,2024-06-25,476.07000732421875,479.67999267578125,475.1199951171875,479.3800048828125,474.40478515625,29014700
QQQ,2024-06-26,478.54998779296875,480.9200134277344,478.1300048828125,480.3699951171875,475.38446044921875,22737100
QQQ,2024-06-27,480.1199951171875,483.1000061035156,479.29998779296875,481.6099853515625,476.611572265625,26222100
QQQ,2024-06-28,482.4100036621094,487.20001220703125,478.4599914550781,479.1099853515625,474.1375427246094,34881600
QQQ,2024-07-01,480.0400085449219,482.489990234375,476.260009765625,481.9200134277344,476.9184265136719,24898300
QQQ,2024-07-02,480.4100036621094,487.0400085449219,480.2799987792969,486.9800109863281,481.9259033203125,26723600
QQQ,2024-07-03,486.2200012207031,491.1700134277344,486.2200012207031,491.0400085449219,485.9437255859375,18064900
QQQ,2024-07-05,491.8900146484375,496.6000061035156,491.5899963378906,496.1600036621094,491.01055908203125,28495900
QQQ,2024-07-08,496.5299987792969,497.8999938964844,495.5,497.3399963378906,492.1783447265625,22109400
QQQ,2024-07-09,498.8699951171875,500.0,496.239990234375,497.7699890136719,492.6038818359375,25614500
QQQ,2024-07-10,499.7099914550781,503.5199890136719,498.3900146484375,502.9599914550781,497.7400207519531,28046900
QQQ,2024-07-11,503.07000732421875,503.2799987792969,490.7300109863281,491.92999267578125,486.8244934082031,49966600
QQQ,2024-07-12,492.510009765625,499.6199951171875,492.0400085449219,494.82000732421875,489.6844787597656,37109400
QQQ,2024-07-15,496.6099853515625,501.010009765625,494.0899963378906,496.1499938964844,491.0007629394531,31151400
QQQ,2024-07-16,497.6199951171875,498.44000244140625,493.1499938964844,496.3399963378906,491.18878173828125,25950600
QQQ,2024-07-17,488.2799987792969,488.79998779296875,481.70001220703125,481.7699890136719,476.7699279785156,56268800
QQQ,2024-07-18,485.5299987792969,485.7099914550781,476.2699890136719,479.489990234375,474.51361083984375,49347400
QQQ,2024-07-19,479.1499938964844,481.69000244140625,473.94000244140625,475.239990234375,470.3077087402344,42042900
QQQ,2024-07-22,481.1600036621094,483.3500061035156,477.7099914550781,482.32000732421875,477.3142395019531,40300000
QQQ,2024-07-23,481.4100036621094,484.42999267578125,480.1400146484375,480.6199951171875,475.6319274902344,23282500
QQQ,2024-07-24,473.82000732421875,474.19000244140625,462.510009765625,463.3800048828125,458.57080078125,58818600
QQQ,2024-07-25,463.7200012207031,467.94000244140625,455.6300048828125,458.2699890136719,453.5138244628906,59256800
QQQ,2024-07-26,462.6499938964844,465.92999267578125,459.7699890136719,462.9700012207031,458.1650695800781,39992100
QQQ,2024-07-29,465.7099914550781,467.9100036621094,461.6199951171875,463.8999938964844,459.0854187011719,28218500
QQQ,2024-07-30,465.8500061035156,466.55999755859375,454.1499938964844,457.5299987792969,452.78155517578125,41317200
QQQ,2024-07-31,467.8699951171875,472.7900085449219,466.4100036621094,471.07000732421875,466.1810302734375,44552100
QQQ,2024-08-01,471.760009765625,475.54998779296875,455.9800109863281,459.6600036621094,454.8894348144531,56653900
QQQ,2024-08-02,450.8900146484375,453.57000732421875,444.4700012207031,448.75,444.0926208496094,66323200
QQQ,2024-08-05,424.7099914550781,442.2900085449219,423.45001220703125,435.3699951171875,430.85150146484375,87483500
QQQ,2024-08-06,437.2300109863281,447.07000732421875,434.55999755859375,439.5299987792969,434.96832275390625,63164400
QQQ,2024-08-07,446.489990234375,449.0,434.3699951171875,434.7699890136719,430.25775146484375,54929200
QQQ,2024-08-08,441.05999755859375,448.989990234375,437.1499938964844,448.07000732421875,443.4197692871094,47890100
QQQ,2024-08-09,446.739990234375,452.05999755859375,445.6099853515625,450.4100036621094,445.73541259765625,33574000
QQQ,2024-08-12,451.3900146484375,454.3699951171875,448.54998779296875,451.3800048828125,446.6953430175781,27795000
QQQ,2024-08-13,455.82000732421875,462.8500061035156,455.67999267578125,462.5799865722656,457.7790832519531,40084500
QQQ,2024-08-14,463.510009765625,465.1099853515625,458.3999938964844,462.7300109863281,457.9276123046875,34733700
QQQ,2024-08-15,468.760009765625,474.82000732421875,468.3800048828125,474.4200134277344,469.4962463378906,38280600
QQQ,2024-08-16,472.6199951171875,476.4100036621094,471.6499938964844,475.0299987792969,470.0998840332031,38383600
QQQ,2024-08-19,475.1700134277344,481.30999755859375,473.3699951171875,481.2699890136719,476.27508544921875,23737700
QQQ,2024-08-20,480.3500061035156,482.94000244140625,478.54998779296875,480.260009765625,475.275634765625,29209300
QQQ,2024-08-21,481.04998779296875,484.3699951171875,479.32000732421875,482.5,477.49237060546875,25658800
QQQ,2024-08-22,484.8399963378906,485.5400085449219,473.80999755859375,474.8500061035156,469.9217529296875,37739600
QQQ,2024-08-23,479.239990234375,482.739990234375,475.2799987792969,480.0,475.018310546875,36061500
QQQ,2024-08-26,479.45001220703125,480.3800048828125,473.239990234375,475.3399963378906,470.40667724609375,27452600
QQQ,2024-08-27,473.69000244140625,477.8399963378906,471.7099914550781,476.760009765625,471.81195068359375,27510000
QQQ,2024-08-28,476.2900085449219,477.0199890136719,467.8900146484375,471.3500061035156,466.4580993652344,37372400
QQQ,2024-08-29,473.2799987792969,477.92999267578125,469.3699951171875,470.6600036621094,465.7752685546875,41081500
QQQ,2024-08-30,475.0400085449219,476.8999938964844,470.510009765625,476.2699890136719,471.3269958496094,33466500
QQQ,2024-09-03,473.20001220703125,473.3299865722656,459.4100036621094,461.80999755859375,457.0171203613281,44985200
QQQ,2024-09-04,458.6700134277344,464.45001220703125,457.7300109863281,460.6099853515625,455.8295593261719,32505100
QQQ,2024-09-05,458.9700012207031,465.3599853515625,457.94000244140625,461.0400085449219,456.255126953125,34452400
QQQ,2024-09-06,460.3299865722656,461.2200012207031,448.19000244140625,448.69000244140625,444.0332336425781,50624400
QQQ,2024-09-09,453.05999755859375,455.4599914550781,449.82000732421875,454.4599914550781,449.7433776855469,32981200
QQQ,2024-09-10,456.239990234375,459.1700134277344,452.2300109863281,458.6600036621094,453.8998107910156,29680300
QQQ,2024-09-11,459.9100036621094,469.3699951171875,451.2799987792969,468.6199951171875,463.75640869140625,57843000
QQQ,2024-09-12,468.6499938964844,474.0400085449219,466.8500061035156,473.2200012207031,468.3087158203125,40067800
QQQ,2024-09-13,472.4800109863281,476.5299987792969,472.25,475.3399963378906,470.40667724609375,29111800
QQQ,2024-09-16,473.19000244140625,473.8599853515625,469.8900146484375,473.239990234375,468.3284606933594,22585600
QQQ,2024-09-17,476.2900085449219,477.6000061035156,470.9700012207031,473.489990234375,468.5758972167969,30084400
QQQ,2024-09-18,474.70001220703125,478.8299865722656,470.8299865722656,471.44000244140625,466.5472106933594,39909200
QQQ,2024-09-19,482.6099853515625,486.2300109863281,480.489990234375,483.3599853515625,478.3433837890625,52782500
QQQ,2024-09-20,482.489990234375,483.69000244140625,478.29998779296875,482.44000244140625,477.4330139160156,34577700
QQQ,2024-09-23,482.95001220703125,484.1400146484375,481.6000061035156,483.0400085449219,478.69854736328125,24843000
QQQ,2024-09-24,484.4599914550781,486.3299865722656,480.1700134277344,485.3699951171875,481.007568359375,25952600
QQQ,2024-09-25,484.739990234375,487.7900085449219,484.55999755859375,485.82000732421875,481.45355224609375,26549900
QQQ,2024-09-26,493.3699951171875,493.70001220703125,485.79998779296875,489.4700012207031,485.0707702636719,32020200
QQQ,2024-09-27,490.5,490.6400146484375,485.55999755859375,486.75,482.37518310546875,22851100
QQQ,2024-09-30,485.7799987792969,488.4100036621094,482.9200134277344,488.07000732421875,483.683349609375,30281100
QQQ,2024-10-01,487.70001220703125,488.0,477.3999938964844,481.2699890136719,476.9444580078125,42735400
QQQ,2024-10-02,480.3599853515625,483.8800048828125,477.7200012207031,481.95001220703125,477.61834716796875,23744000
QQQ,2024-10-03,479.739990234375,484.54998779296875,478.989990234375,481.5899963378906,477.26153564453125,25337200
QQQ,2024-10-04,487.45001220703125,487.8800048828125,482.3900146484375,487.32000732421875,482.9400634765625,30686600
QQQ,2024-10-07,485.3900146484375,486.57000732421875,480.8699951171875,482.1000061035156,477.7669372558594,24975100
QQQ,2024-10-08,484.6600036621094,489.989990234375,483.8500061035156,489.29998779296875,484.9022216796875,28272000
QQQ,2024-10-09,489.0,493.7300109863281,487.95001220703125,493.1499938964844,488.7176513671875,24995000
QQQ,2024-10-10,490.8500061035156,494.4700012207031,489.5299987792969,492.5899963378906,488.16265869140625,25750400
QQQ,2024-10-11,490.739990234375,494.3900146484375,490.1700134277344,493.3599853515625,488.9257507324219,20644500
QQQ,2024-10-14,495.7699890136719,498.8299865722656,495.260009765625,497.5,493.0285339355469,26060100
QQQ,2024-10-15,497.8299865722656,498.5,488.67999267578125,490.8500061035156,486.4383239746094,34784500
QQQ,2024-10-16,491.17999267578125,491.69000244140625,487.57000732421875,490.9100036621094,486.49774169921875,22996800
QQQ,2024-10-17,496.44000244140625,496.489990234375,491.19000244140625,491.25,486.834716796875,27210700
QQQ,2024-10-18,494.05999755859375,495.57000732421875,493.29998779296875,494.4700012207031,490.0257873535156,25335000
QQQ,2024-10-21,493.25,496.2300109863281,491.30999755859375,495.4200134277344,490.96728515625,30336500
QQQ,2024-10-22,492.7300109863281,497.45001220703125,491.9700012207031,495.9599914550781,491.50238037109375,26685800
QQQ,2024-10-23,493.5899963378906,494.25,485.04998779296875,488.3599853515625,483.970703125,39346600
QQQ,2024-10-24,492.1099853515625,493.0,489.44000244140625,492.32000732421875,487.8951416015625,22024900
QQQ,2024-10-25,495.1400146484375,500.2799987792969,494.42999267578125,495.32000732421875,490.8681335449219,38762100
QQQ,2024-10-28,498.4599914550781,498.5199890136719,495.1000061035156,495.3999938964844,490.94744873046875,20477800
QQQ,2024-10-29,495.7200012207031,501.3500061035156,493.8500061035156,500.1600036621094,495.6646423339844,28014100
QQQ,2024-10-30,499.3900146484375,500.3500061035156,495.8900146484375,496.3800048828125,491.9186706542969,29756000
QQQ,2024-10-31,492.3800048828125,492.42999267578125,483.75,483.8500061035156,479.5012512207031,41245200
QQQ,2024-11-01,485.5,490.75,485.20001220703125,487.42999267578125,483.0490417480469,33655800
QQQ,2024-11-04,486.82000732421875,489.3800048828125,484.25,486.010009765625,481.6418762207031,23291600
QQQ,2024-11-05,487.6099853515625,492.8800048828125,487.5199890136719,492.2099914550781,487.78607177734375,24353600
QQQ,2024-11-06,500.55999755859375,506.4100036621094,499.6000061035156,505.5799865722656,501.035888671875,43082200
QQQ,2024-11-07,508.3999938964844,514.3300170898438,508.3399963378906,513.5399780273438,508.9244079589844,32853100
QQQ,2024-11-08,513.0399780273438,514.9199829101562,512.4099731445312,514.1400146484375,509.5190124511719,22924500
QQQ,2024-11-11,515.3699951171875,515.5800170898438,510.9200134277344,513.8400268554688,509.22174072265625,24167500
QQQ,2024-11-12,513.77001953125,514.6599731445312,509.8299865722656,512.9099731445312,508.300048828125,25835300
QQQ,2024-11-13,512.4000244140625,514.97998046875,509.95001220703125,512.25,507.64599609375,24567400
QQQ,2024-11-14,511.9100036621094,512.7899780273438,507.7699890136719,508.69000244140625,504.11798095703125,28679500
QQQ,2024-11-15,502.94000244140625,503.3299865722656,494.489990234375,496.57000732421875,492.1069641113281,51461100
QQQ,2024-11-18,498.1300048828125,502.1400146484375,496.7300109863281,500.0199890136719,495.52587890625,27080800
QQQ,2024-11-19,497.4200134277344,503.95001220703125,497.0799865722656,503.4599914550781,498.93499755859375,24523000
QQQ,2024-11-20,503.1600036621094,503.4800109863281,496.55999755859375,503.1700134277344,498.6475830078125,29565500
QQQ,2024-11-21,506.239990234375,506.9599914550781,497.55999755859375,504.9800109863281,500.44134521484375,34526700
QQQ,2024-11-22,504.4200134277344,506.5299987792969,502.7799987792969,505.7900085449219,501.24407958984375,23826600
QQQ,2024-11-25,509.8999938964844,511.45001220703125,504.260009765625,506.5899963378906,502.036865234375,26375200
QQQ,2024-11-26,508.0799865722656,510.1400146484375,507.2300109863281,509.30999755859375,504.73236083984375,26557100
QQQ,2024-11-27,508.1700134277344,508.239990234375,501.92999267578125,505.29998779296875,500.7584533691406,24957400
QQQ,2024-11-29,505.92999267578125,510.3399963378906,505.30999755859375,509.739990234375,505.1585388183594,15334000
QQQ,2024-12-02,511.010009765625,516.260009765625,510.6199951171875,515.2899780273438,510.65863037109375,25147200
QQQ,2024-12-03,513.9500122070312,517.1500244140625,513.3699951171875,516.8699951171875,512.2244262695312,18597900
QQQ,2024-12-04,520.3200073242188,523.52001953125,519.5999755859375,523.260009765625,518.5570678710938,26086200
QQQ,2024-12-05,523.3099975585938,524.0399780273438,521.4199829101562,521.8099975585938,517.1200561523438,18169600
QQQ,2024-12-06,522.47998046875,526.719970703125,522.3499755859375,526.47998046875,521.7481079101562,23762600
QQQ,2024-12-09,525.5499877929688,526.3499755859375,521.219970703125,522.3800048828125,517.6848754882812,20674400
QQQ,2024-12-10,523.6199951171875,525.3800048828125,519.1599731445312,520.5999755859375,515.9208984375,24350000
QQQ,2024-12-11,525.0,530.6099853515625,524.5900268554688,529.9199829101562,525.1571655273438,32168600
QQQ,2024-12-12,527.6799926757812,528.9600219726562,526.02001953125,526.5,521.767822265625,23577500
QQQ,2024-12-13,530.4600219726562,533.1699829101562,527.2999877929688,530.530029296875,525.76171875,28780400
QQQ,2024-12-16,533.0800170898438,539.1500244140625,533.0,538.1699829101562,533.3330078125,31979900
QQQ,2024-12-17,536.3599853515625,537.47998046875,534.1300048828125,535.7999877929688,530.9843139648438,28579100
QQQ,2024-12-18,535.1500244140625,536.8800048828125,515.010009765625,516.469970703125,511.82806396484375,54703200
QQQ,2024-12-19,521.1900024414062,521.760009765625,513.8300170898438,514.1699829101562,509.5487060546875,46441800
QQQ,2024-12-20,510.44000244140625,524.8200073242188,509.2900085449219,518.6599731445312,513.9983520507812,60530000
QQQ,2024-12-23,519.5499877929688,523.25,516.1300048828125,522.8699951171875,519.006103515625,29672800
QQQ,2024-12-24,524.8300170898438,530.0499877929688,524.1900024414062,529.9600219726562,526.0437622070312,17558200
QQQ,2024-12-26,528.3200073242188,531.239990234375,526.3099975585938,529.5999755859375,525.6864013671875,19090500
QQQ,2024-12-27,526.010009765625,526.4500122070312,517.8599853515625,522.5599975585938,518.6983032226562,33839600
QQQ,2024-12-30,515.510009765625,519.3599853515625,511.8299865722656,515.6099853515625,511.7997741699219,34584000
QQQ,2024-12-31,516.9000244140625,517.6599731445312,510.260009765625,511.2300109863281,507.45208740234375,29117000
QQQ,2025-01-02,514.2999877929688,516.6400146484375,505.7099914550781,510.2300109863281,506.45953369140625,36389800
QQQ,2025-01-03,513.3499755859375,519.6500244140625,512.530029296875,518.5800170898438,514.7477416992188,29059500
QQQ,2025-01-06,524.02001953125,527.9199829101562,522.030029296875,524.5399780273438,520.6637573242188,36109700
QQQ,2025-01-07,525.5900268554688,525.989990234375,513.280029296875,515.1799926757812,511.3729248046875,36690300
QQQ,2025-01-08,515.0800170898438,516.9199829101562,510.57000732421875,515.27001953125,511.4622802734375,30777800
QQQ,2025-01-10,511.4800109863281,511.5799865722656,503.9200134277344,507.19000244140625,503.4419860839844,40532500
QQQ,2025-01-13,501.20001220703125,506.0199890136719,499.70001220703125,505.55999755859375,501.8240051269531,31694200
QQQ,2025-01-14,508.739990234375,510.1600036621094,501.5899963378906,505.0799865722656,501.3475341796875,33737200
QQQ,2025-01-15,513.030029296875,517.8499755859375,511.4599914550781,516.7000122070312,512.8817138671875,34957600
QQQ,2025-01-16,518.97998046875,519.0599975585938,512.9500122070312,513.0800170898438,509.2884216308594,28229000
QQQ,2025-01-17,522.8499755859375,524.0700073242188,513.1099853515625,521.739990234375,517.8843994140625,51837900
QQQ,2025-01-21,524.47998046875,525.969970703125,520.0599975585938,524.7999877929688,520.9217529296875,23628000
QQQ,2025-01-22,529.5700073242188,533.8200073242188,529.260009765625,531.510009765625,527.5822143554688,33593000
QQQ,2025-01-23,529.0399780273438,532.760009765625,528.4500122070312,532.6400146484375,528.7039794921875,23096600
QQQ,2025-01-24,533.02001953125,533.7899780273438,528.1500244140625,529.6300048828125,525.7161865234375,19878300
QQQ,2025-01-27,511.0,517.989990234375,510.1499938964844,514.2100219726562,510.4100341796875,60771700
QQQ,2025-01-28,515.219970703125,523.0,511.7799987792969,521.8099975585938,517.9539184570312,33194200
QQQ,2025-01-29,522.4600219726562,522.5900268554688,516.9000244140625,520.8300170898438,516.9811401367188,26649000
QQQ,2025-01-30,523.7100219726562,526.0999755859375,518.2100219726562,523.0499877929688,519.184814453125,27431300
QQQ,2025-01-31,526.9199829101562,531.52001953125,521.1900024414062,522.2899780273438,518.4303588867188,38755200
QQQ,2025-02-03,513.469970703125,520.8499755859375,511.04998779296875,518.1099853515625,514.28125,40580800
QQQ,2025-02-04,518.6300048828125,525.1099853515625,518.22998046875,524.469970703125,520.59423828125,26046800
QQQ,2025-02-05,521.8200073242188,527.010009765625,520.6199951171875,526.8499755859375,522.9566040039062,21134100
QQQ,2025-02-06,527.3599853515625,529.8099975585938,525.739990234375,529.5999755859375,525.6864013671875,19434500
QQQ,2025-02-07,530.1400146484375,532.0999755859375,522.1900024414062,522.9199829101562,519.0557250976562,29605500
QQQ,2025-02-10,527.219970703125,530.3599853515625,526.75,529.25,525.3388671875,20852800
QQQ,2025-02-11,525.9600219726562,529.9199829101562,525.8300170898438,527.989990234375,524.0883178710938,19325500
QQQ,2025-02-12,522.2999877929688,529.1900024414062,521.9500122070312,528.2999877929688,524.3958740234375,25009400
QQQ,2025-02-13,529.97998046875,536.219970703125,529.1900024414062,535.9000244140625,531.9398193359375,28714800
QQQ,2025-02-14,536.010009765625,538.8400268554688,535.6699829101562,538.1500244140625,534.1732788085938,17862600
QQQ,2025-02-18,539.72998046875,540.0,536.0399780273438,539.3699951171875,535.3840942382812,20565000
QQQ,2025-02-19,538.5700073242188,540.8099975585938,536.4600219726562,539.52001953125,535.5330810546875,19666900
QQQ,2025-02-20,538.72998046875,539.0999755859375,532.4600219726562,537.22998046875,533.2599487304688,26550800
QQQ,2025-02-21,538.3800048828125,538.4000244140625,525.7100219726562,526.0800170898438,522.1923217773438,47093800
QQQ,2025-02-24,527.8800048828125,529.0700073242188,519.530029296875,519.8699951171875,516.0283203125,39268400
QQQ,2025-02-25,519.239990234375,519.3200073242188,509.44000244140625,513.3200073242188,509.52667236328125,48940000
QQQ,2025-02-26,515.530029296875,519.6599731445312,511.3699951171875,514.5599975585938,510.7574768066406,34457600
QQQ,2025-02-27,518.1300048828125,519.0700073242188,500.04998779296875,500.2699890136719,496.5731201171875,52448000
QQQ,2025-02-28,500.1300048828125,508.7799987792969,496.92999267578125,508.1700134277344,504.4147033691406,47654000
QQQ,2025-03-03,511.5199890136719,513.0399780273438,493.5799865722656,497.04998779296875,493.37689208984375,44587200
QQQ,2025-03-04,494.17999267578125,503.739990234375,487.739990234375,495.54998779296875,491.88800048828125,67875400
QQQ,2025-03-05,496.20001220703125,503.6300048828125,491.260009765625,502.010009765625,498.3002624511719,46323700
QQQ,2025-03-06,493.69000244140625,498.5799865722656,486.20001220703125,488.20001220703125,484.59228515625,57574300
QQQ,2025-03-07,487.1600036621094,493.2799987792969,480.5299987792969,491.7900085449219,488.15576171875,54714700
QQQ,2025-03-10,483.45001220703125,483.9700012207031,468.6600036621094,472.7300109863281,469.23663330078125,76668000
QQQ,2025-03-11,472.3500061035156,478.80999755859375,467.010009765625,471.6000061035156,468.114990234375,68760800
QQQ,2025-03-12,479.1600036621094,481.05999755859375,471.7900085449219,476.9200134277344,473.3956604003906,46971100
QQQ,2025-03-13,476.25,476.2799987792969,466.42999267578125,468.3399963378906,464.8790588378906,46563300
QQQ,2025-03-14,473.7300109863281,480.55999755859375,473.1199951171875,479.6600036621094,476.11541748046875,43563000
QQQ,2025-03-17,479.6099853515625,485.8399963378906,477.79998779296875,482.7699890136719,479.2024230957031,41744400
QQQ,2025-03-18,479.4100036621094,479.6099853515625,472.4100036621094,474.5400085449219,471.03326416015625,39072300
QQQ,2025-03-19,476.80999755859375,485.3299865722656,474.8699951171875,480.8900146484375,477.3363342285156,40430300
QQQ,2025-03-20,476.8800048828125,484.54998779296875,476.17999267578125,479.260009765625,475.7183532714844,36780500
QQQ,2025-03-21,474.0799865722656,481.6099853515625,472.9100036621094,480.8399963378906,477.28668212890625,42234900
QQQ,2025-03-24,487.739990234375,491.510009765625,484.3999938964844,490.6600036621094,487.76043701171875,34567200
QQQ,2025-03-25,491.3900146484375,493.6199951171875,490.4200134277344,493.4599914550781,490.54388427734375,26035200
QQQ,2025-03-26,492.29998779296875,493.1600036621094,482.82000732421875,484.3800048828125,481.517578125,34627100
QQQ,2025-03-27,482.4100036621094,486.5799865722656,480.25,481.6199951171875,478.7738342285156,33469800
QQQ,2025-03-28,479.80999755859375,480.5199890136719,468.04998779296875,468.94000244140625,466.16876220703125,46363800
QQQ,2025-03-31,461.9200134277344,469.8599853515625,457.3299865722656,468.9200134277344,466.14886474609375,53000300
QQQ,2025-04-01,467.29998779296875,473.6300048828125,464.4200134277344,472.70001220703125,469.90655517578125,41156200
QQQ,2025-04-02,466.1199951171875,479.55999755859375,465.8599853515625,476.1499938964844,473.336181640625,49894500
QQQ,2025-04-03,456.44000244140625,460.07000732421875,450.1400146484375,450.6600036621094,447.99676513671875,70456300
QQQ,2025-04-04,438.1400146484375,440.3699951171875,422.6700134277344,422.6700134277344,420.1722412109375,117088400
QQQ,2025-04-07,408.6600036621094,443.1400146484375,402.3900146484375,423.69000244140625,421.1861877441406,161557000
QQQ,2025-04-08,438.1600036621094,443.1400146484375,409.7900085449219,416.05999755859375,413.60125732421875,101248100
QQQ,2025-04-09,415.57000732421875,467.8299865722656,415.42999267578125,466.0,463.24615478515625,142876900
QQQ,2025-04-10,453.55999755859375,455.5899963378906,432.6300048828125,446.17999267578125,443.5432434082031,108384100
QQQ,2025-04-11,444.6499938964844,455.7900085449219,441.3299865722656,454.3999938964844,451.7146911621094,52483800
QQQ,2025-04-14,464.4599914550781,465.04998779296875,452.6300048828125,457.4800109863281,454.7765197753906,43941200
QQQ,2025-04-15,458.5400085449219,462.3800048828125,456.1499938964844,457.989990234375,455.2834777832031,35404200
QQQ,2025-04-16,449.0299987792969,452.6199951171875,437.760009765625,444.17999267578125,441.5550842285156,48980600
QQQ,2025-04-17,447.1700134277344,447.75,441.3599853515625,444.1000061035156,441.4755859375,44837000
QQQ,2025-04-21,438.2300109863281,439.0799865722656,427.92999267578125,433.1099853515625,430.5504455566406,44149300
QQQ,2025-04-22,438.82000732421875,447.5799865722656,437.6199951171875,444.4800109863281,441.85333251953125,52304400
QQQ,2025-04-23,458.1700134277344,463.3800048828125,452.8800048828125,454.55999755859375,451.873779296875,55801100
QQQ,2025-04-24,456.4800109863281,467.6600036621094,455.8299865722656,467.3500061035156,464.58819580078125,45956100
QQQ,2025-04-25,466.9700012207031,473.0899963378906,465.3900146484375,472.55999755859375,469.76739501953125,38697100
QQQ,2025-04-28,473.0299987792969,474.80999755859375,466.0299987792969,472.4100036621094,469.6182556152344,33550800
QQQ,2025-04-29,470.1700134277344,476.4200134277344,469.5899963378906,475.5299987792969,472.7198181152344,30613100
QQQ,2025-04-30,467.1300048828125,477.20001220703125,462.42999267578125,475.4700012207031,472.66015625,46810600
QQQ,2025-05-01,483.4100036621094,487.17999267578125,480.739990234375,481.67999267578125,478.8334655761719,43316500
QQQ,2025-05-02,486.5400085449219,490.9100036621094,484.8299865722656,488.8299865722656,485.9411926269531,39218100
QQQ,2025-05-05,484.6000061035156,489.0299987792969,484.1000061035156,485.92999267578125,483.058349609375,28309500
QQQ,2025-05-06,479.55999755859375,485.04998779296875,478.19000244140625,481.4100036621094,478.5650634765625,32786300
QQQ,2025-05-07,482.0799865722656,485.79998779296875,476.7799987792969,483.29998779296875,480.44390869140625,38006300
QQQ,2025-05-08,488.5299987792969,492.70001220703125,484.1700134277344,488.2900085449219,485.4044494628906,39577600
QQQ,2025-05-09,490.2099914550781,491.5400085449219,486.20001220703125,487.9700012207031,485.0863037109375,27767400
QQQ,2025-05-12,506.989990234375,507.8900146484375,501.4800109863281,507.8500061035156,504.84881591796875,45090600
QQQ,2025-05-13,509.1600036621094,517.3900146484375,508.4200134277344,515.5900268554688,512.5430908203125,53269600
QQQ,2025-05-14,516.77001953125,519.22998046875,515.75,518.6799926757812,515.61474609375,47014500
QQQ,2025-05-15,516.52001953125,521.9299926757812,515.1699829101562,519.25,516.1815185546875,50153300
QQQ,2025-05-16,520.6599731445312,521.7000122070312,517.0999755859375,521.510009765625,518.4281616210938,48394600
QQQ,2025-05-19,514.239990234375,522.530029296875,514.239990234375,522.010009765625,518.9251708984375,52536200
QQQ,2025-05-20,519.469970703125,520.9299926757812,516.6599731445312,520.27001953125,517.1954345703125,42517600
QQQ,2025-05-21,516.27001953125,523.0,511.239990234375,513.0399780273438,510.0081481933594,71292800
QQQ,2025-05-22,513.6599731445312,517.7100219726562,512.2999877929688,514.0,510.9624938964844,55607200
QQQ,2025-05-23,506.17999267578125,511.8399963378906,505.5799865722656,509.239990234375,506.2305908203125,58368100
QQQ,2025-05-27,516.1500244140625,521.7100219726562,514.5900268554688,521.219970703125,518.1397705078125,47226300
QQQ,2025-05-28,522.1799926757812,523.6799926757812,518.3900146484375,518.9099731445312,515.8434448242188,46637200
QQQ,2025-05-29,526.3300170898438,526.47998046875,517.3200073242188,519.9299926757812,516.8574829101562,58513300
QQQ,2025-05-30,519.4400024414062,520.6799926757812,511.92999267578125,519.1099853515625,516.042236328125,67662800
QQQ,2025-06-02,517.239990234375,523.4500122070312,515.969970703125,523.2100219726562,520.1181640625,44762800
QQQ,2025-06-03,523.5599975585938,528.739990234375,522.6900024414062,527.2999877929688,524.183837890625,44070300
QQQ,2025-06-04,528.010009765625,529.8400268554688,525.969970703125,528.77001953125,525.6452026367188,41359300
QQQ,2025-06-05,530.1799926757812,533.0499877929688,522.6599731445312,524.7899780273438,521.688720703125,61031200
QQQ,2025-06-06,530.0,531.7999877929688,528.2100219726562,529.9199829101562,526.788330078125,42467000
QQQ,2025-06-09,530.1400146484375,532.3499755859375,529.010009765625,530.7000122070312,527.5638427734375,33688700
QQQ,2025-06-10,531.1699829101562,534.9000244140625,528.8900146484375,534.2100219726562,531.0531005859375,40664800
QQQ,2025-06-11,535.6199951171875,536.780029296875,530.1099853515625,532.4099731445312,529.263671875,53701000
QQQ,2025-06-12,531.0900268554688,534.6400146484375,530.8400268554688,533.6599731445312,530.5062255859375,34104900
QQQ,2025-06-13,527.6799926757812,531.8699951171875,525.72998046875,526.9600219726562,523.845947265625,55814400
QQQ,2025-06-16,530.5,535.3699951171875,530.4500122070312,534.2899780273438,531.132568359375,37622100
QQQ,2025-06-17,531.7100219726562,533.3300170898438,527.9099731445312,529.0800170898438,525.953369140625,42180900
QQQ,2025-06-18,530.0999755859375,532.5499877929688,527.4000244140625,528.989990234375,525.8638916015625,43983500
QQQ,2025-06-20,532.260009765625,533.5599975585938,524.8800048828125,526.8300170898438,523.7166748046875,61643500
QQQ,2025-06-23,526.8099975585938,532.1699829101562,523.6500244140625,531.6500244140625,529.1017456054688,50666100
QQQ,2025-06-24,536.8900146484375,540.7000122070312,536.27001953125,539.780029296875,537.1928100585938,45442000
QQQ,2025-06-25,542.0599975585938,543.3099975585938,539.3800048828125,541.1599731445312,538.5661010742188,44804200
QQQ,2025-06-26,543.3499755859375,546.6699829101562,541.52001953125,546.219970703125,543.6018676757812,43811400
QQQ,2025-06-27,547.260009765625,549.989990234375,544.5399780273438,548.0900268554688,545.4629516601562,57577100
QQQ,2025-06-30,551.260009765625,552.7999877929688,549.010009765625,551.6400146484375,548.9959106445312,45548700
QQQ,2025-07-01,549.72998046875,550.7100219726562,544.6599731445312,546.989990234375,544.3682250976562,56166700
QQQ,2025-07-02,546.1599731445312,551.0,546.1199951171875,550.7999877929688,548.159912109375,36538300
QQQ,2025-07-03,553.1799926757812,557.2000122070312,553.1799926757812,556.219970703125,553.553955078125,26443500
QQQ,2025-07-07,553.52001953125,554.3400268554688,549.5800170898438,552.030029296875,549.3840942382812,45349300
QQQ,2025-07-08,553.3800048828125,554.010009765625,551.0999755859375,552.3400268554688,549.6926879882812,36153300
QQQ,2025-07-09,554.47998046875,557.6300048828125,553.0999755859375,556.25,553.5838623046875,43045500
QQQ,2025-07-10,556.8900146484375,557.2999877929688,552.75,555.4500122070312,552.7877197265625,34710900
QQQ,2025-07-11,553.2999877929688,555.7899780273438,552.0499877929688,554.2000122070312,551.5435791015625,39618600
QQQ,2025-07-14,553.989990234375,556.9500122070312,551.6300048828125,556.2100219726562,553.5440063476562,36453300
QQQ,2025-07-15,560.25,560.7999877929688,556.6599731445312,556.719970703125,554.051513671875,43277700
QQQ,2025-07-16,557.280029296875,560.2100219726562,551.5599975585938,557.2899780273438,554.6188354492188,52314700
QQQ,2025-07-17,558.02001953125,562.3099975585938,557.2100219726562,561.7999877929688,559.107177734375,40423800
QQQ,2025-07-18,563.1199951171875,564.72998046875,559.97998046875,561.260009765625,558.56982421875,50484700
QQQ,2025-07-21,562.0900268554688,566.0599975585938,562.0599975585938,564.1699829101562,561.4658813476562,39595200
QQQ,2025-07-22,564.2999877929688,564.3499755859375,558.6099853515625,561.25,558.5598754882812,43270600
QQQ,2025-07-23,562.3400268554688,563.8499755859375,559.5800170898438,563.8099975585938,561.1075439453125,40215300
QQQ,2025-07-24,565.1300048828125,566.239990234375,563.2899780273438,565.010009765625,562.3018798828125,42275500
QQQ,2025-07-25,564.9299926757812,567.7000122070312,564.27001953125,566.3699951171875,563.6553344726562,30630800
QQQ,2025-07-28,567.739990234375,569.0399780273438,566.8699951171875,568.1400146484375,565.4168090820312,31498700
QQQ,2025-07-29,570.760009765625,572.1099853515625,566.530029296875,567.260009765625,564.541015625,45463300
QQQ,2025-07-30,568.1799926757812,570.6199951171875,565.0499877929688,568.02001953125,565.2974853515625,43433800
QQQ,2025-07-31,574.5399780273438,574.6300048828125,563.8699951171875,565.010009765625,562.3018798828125,64613600
QQQ,2025-08-01,558.8300170898438,559.02001953125,551.6799926757812,553.8800048828125,551.2251586914062,69400800
QQQ,2025-08-04,559.0499877929688,564.3200073242188,558.9500122070312,564.0999755859375,561.3961791992188,47669800
QQQ,2025-08-05,565.3900146484375,566.5599975585938,559.72998046875,560.27001953125,557.5845336914062,48666600
QQQ,2025-08-06,561.1099853515625,567.760009765625,560.6300048828125,567.3200073242188,564.6007690429688,41823700
QQQ,2025-08-07,571.6699829101562,573.3200073242188,565.1099853515625,569.239990234375,566.5115356445312,44463000
QQQ,2025-08-08,570.4500122070312,574.77001953125,570.1500244140625,574.5499877929688,571.7960815429688,35255500
QQQ,2025-08-11,574.6900024414062,576.7999877929688,571.5700073242188,572.8499755859375,570.1041870117188,33112900
QQQ,2025-08-12,575.1599731445312,580.3499755859375,572.489990234375,580.0499877929688,577.2697143554688,42143300
QQQ,2025-08-13,582.760009765625,583.3200073242188,578.9400024414062,580.3400268554688,577.558349609375,41209300
QQQ,2025-08-14,578.280029296875,581.8800048828125,577.9099731445312,579.8900146484375,577.1105346679688,45425000
QQQ,2025-08-15,579.7999877929688,579.8400268554688,575.5700073242188,577.3400268554688,574.57275390625,49480200
QQQ,2025-08-18,576.4400024414062,577.77001953125,575.239990234375,577.1099853515625,574.3438110351562,29831000
QQQ,2025-08-19,576.3900146484375,576.5599975585938,568.25,569.280029296875,566.5513916015625,53752600
QQQ,2025-08-20,568.3300170898438,568.4500122070312,558.8400268554688,565.9000244140625,563.1876220703125,76781100
QQQ,2025-08-21,564.3499755859375,566.489990234375,560.97998046875,563.280029296875,560.5801391601562,46436900
QQQ,2025-08-22,564.6699829101562,573.989990234375,563.27001953125,571.969970703125,569.2284545898438,51502100
QQQ,2025-08-25,570.4000244140625,573.2899780273438,569.1599731445312,570.3200073242188,567.5863647460938,34044700
QQQ,2025-08-26,569.8300170898438,572.9199829101562,568.7999877929688,572.6099853515625,569.8654174804688,34103000
QQQ,2025-08-27,571.5900268554688,574.4099731445312,570.3699951171875,573.489990234375,570.7412109375,36927100
QQQ,2025-08-28,574.1099853515625,578.0,572.4600219726562,577.0800170898438,574.31396484375,46787900
QQQ,2025-08-29,574.6599731445312,575.030029296875,568.5399780273438,570.4000244140625,567.666015625,56030400
QQQ,2025-09-02,561.3099975585938,565.969970703125,559.5399780273438,565.6199951171875,562.908935546875,65876800
QQQ,2025-09-03,569.22998046875,571.7000122070312,566.72998046875,570.0700073242188,567.337646484375,54230200
QQQ,2025-09-04,570.739990234375,575.5999755859375,569.030029296875,575.22998046875,572.4728393554688,47526300
QQQ,2025-09-05,580.489990234375,581.1199951171875,571.530029296875,576.0599975585938,573.298828125,68342500
QQQ,2025-09-08,578.3699951171875,580.8400268554688,577.77001953125,578.8699951171875,576.0953369140625,46371400
QQQ,2025-09-09,579.6699829101562,580.9400024414062,577.0399780273438,580.510009765625,577.7276000976562,44007600
QQQ,2025-09-10,583.739990234375,583.77001953125,578.5499877929688,580.7000122070312,577.9166870117188,49308000
QQQ,2025-09-11,583.239990234375,584.8800048828125,581.6199951171875,584.0800170898438,581.2803955078125,44745800
QQQ,2025-09-12,585.0399780273438,587.8599853515625,584.0999755859375,586.6599731445312,583.8480224609375,50745900
QQQ,2025-09-15,588.4400024414062,591.7899780273438,588.2899780273438,591.6799926757812,588.843994140625,44360300
QQQ,2025-09-16,592.6099853515625,592.8599853515625,590.489990234375,591.1799926757812,588.346435546875,36942100
QQQ,2025-09-17,591.0999755859375,591.75,584.3699951171875,590.0,587.1720581054688,69384800
QQQ,2025-09-18,594.9099731445312,598.1400146484375,592.9600219726562,595.3200073242188,592.466552734375,61069300
QQQ,2025-09-19,597.3300170898438,600.0499877929688,595.8499755859375,599.3499755859375,596.4771728515625,58196100
QQQ,2025-09-22,597.739990234375,602.8699951171875,597.719970703125,602.2000122070312,600.0083618164062,57154800
QQQ,2025-09-23,602.3699951171875,602.5700073242188,596.97998046875,598.2000122070312,596.02294921875,64635500
QQQ,2025-09-24,599.5800170898438,599.9000244140625,593.3599853515625,596.0999755859375,593.9305419921875,49850300
QQQ,2025-09-25,592.2000122070312,595.1199951171875,588.5,593.530029296875,591.3699340820312,70920200
QQQ,2025-09-26,594.3499755859375,596.2999877929688,591.0599975585938,595.969970703125,593.801025390625,54337400
QQQ,2025-09-29,599.1099853515625,602.0499877929688,597.4099731445312,598.72998046875,596.5509643554688,48332900
QQQ,2025-09-30,598.4299926757812,600.7100219726562,596.0999755859375,600.3699951171875,598.18505859375,46533800
QQQ,2025-10-01,597.1699829101562,603.7899780273438,596.3400268554688,603.25,601.0545043945312,46899600
QQQ,2025-10-02,607.0599975585938,607.1599731445312,602.9299926757812,605.72998046875,603.5254516601562,43765400
QQQ,2025-10-03,606.510009765625,607.3300170898438,601.3900146484375,603.1799926757812,600.9848022460938,46482100
QQQ,2025-10-06,608.4500122070312,609.3599853515625,605.969970703125,607.7100219726562,605.498291015625,41962100
QQQ,2025-10-07,609.02001953125,609.7100219726562,603.030029296875,604.510009765625,602.3099365234375,58209500
QQQ,2025-10-08,605.4099731445312,611.75,605.260009765625,611.4400024414062,609.2147827148438,50629800
QQQ,2025-10-09,611.47998046875,611.6099853515625,607.47998046875,610.7000122070312,608.4774169921875,45551000
QQQ,2025-10-10,611.4000244140625,613.1799926757812,589.0499877929688,589.5,587.3546142578125,97614800
QQQ,2025-10-13,599.6799926757812,602.9500122070312,597.22998046875,602.010009765625,599.8190307617188,65872600
QQQ,2025-10-14,595.3099975585938,602.6900024414062,590.1300048828125,598.0,595.8236083984375,69203200
QQQ,2025-10-15,604.010009765625,606.7000122070312,595.9299926757812,602.219970703125,600.0281982421875,62805500
QQQ,2025-10-16,605.1099853515625,608.3099975585938,595.5,599.989990234375,597.8063354492188,70982000
QQQ,2025-10-17,597.9500122070312,605.510009765625,596.3699951171875,603.9299926757812,601.7320556640625,72024900
QQQ,2025-10-20,607.1400146484375,612.7999877929688,607.0700073242188,611.5399780273438,609.3142700195312,45761700
QQQ,2025-10-21,611.6400146484375,612.719970703125,609.3200073242188,611.3800048828125,609.1549682617188,44538200
QQQ,2025-10-22,610.8200073242188,611.4099731445312,599.739990234375,605.489990234375,603.286376953125,61478800
QQQ,2025-10-23,604.9099731445312,611.3699951171875,604.52001953125,610.5800170898438,608.3578491210938,42844300
QQQ,2025-10-24,615.989990234375,618.4199829101562,615.1300048828125,617.0999755859375,614.8540649414062,47632500
QQQ,2025-10-27,624.52001953125,628.5499877929688,624.030029296875,628.0900268554688,625.8041381835938,54098600
QQQ,2025-10-28,630.3599853515625,634.6799926757812,629.25,632.9199829101562,630.6165771484375,61195700
QQQ,2025-10-29,635.5900268554688,637.010009765625,630.25,635.77001953125,633.4562377929688,67422800
QQQ,2025-10-30,632.1699829101562,633.5,625.9400024414062,626.0499877929688,623.7715454101562,61628600
QQQ,2025-10-31,634.1699829101562,634.2000122070312,626.6900024414062,629.0700073242188,626.7805786132812,66305100
QQQ,2025-11-03,635.1099853515625,635.8200073242188,629.8499755859375,632.0800170898438,629.7796020507812,37154300
QQQ,2025-11-04,623.280029296875,626.9500122070312,618.4600219726562,619.25,616.996337890625,63830800
QQQ,2025-11-05,618.489990234375,626.5999755859375,617.2100219726562,623.280029296875,621.01171875,48688500
QQQ,2025-11-06,621.7899780273438,622.0399780273438,610.2999877929688,611.6699829101562,609.4439086914062,72115100
QQQ,2025-11-07,608.3099975585938,609.9500122070312,598.6699829101562,609.739990234375,607.5209350585938,81835400
QQQ,2025-11-10,618.9199829101562,624.3099975585938,616.8900146484375,623.22998046875,620.9618530273438,55919900
QQQ,2025-11-11,620.5700073242188,622.719970703125,617.52001953125,621.5700073242188,619.307861328125,44868800
QQQ,2025-11-12,624.8400268554688,624.8599853515625,617.8099975585938,621.0800170898438,618.8196411132812,47444400
QQQ,2025-11-13,617.5399780273438,618.1199951171875,606.0800170898438,608.4000244140625,606.1858520507812,71333600
QQQ,2025-11-14,599.5499877929688,613.3499755859375,597.1699829101562,608.8599853515625,606.6441040039062,80087300
QQQ,2025-11-17,606.2999877929688,612.47998046875,599.8699951171875,603.6599731445312,601.4630737304688,63850400
QQQ,2025-11-18,599.6199951171875,602.3099975585938,591.3400268554688,596.3099975585938,594.1397705078125,83327300
QQQ,2025-11-19,597.0700073242188,606.1599731445312,594.5900268554688,599.8699951171875,597.6868896484375,73111500
QQQ,2025-11-20,611.6199951171875,614.030029296875,584.75,585.6699829101562,583.5385131835938,117743200
QQQ,2025-11-21,587.469970703125,596.97998046875,580.739990234375,590.0700073242188,587.9224853515625,103344200
QQQ,2025-11-24,595.280029296875,606.6799926757812,595.1599731445312,605.1599731445312,602.9575805664062,60168100
QQQ,2025-11-25,603.510009765625,610.260009765625,597.3200073242188,608.8900146484375,606.6740112304688,57560900
QQQ,2025-11-26,612.510009765625,616.1900024414062,610.3900146484375,614.27001953125,612.034423828125,42393600
QQQ,2025-11-28,616.1099853515625,619.3200073242188,615.4199829101562,619.25,616.996337890625,23034400
QQQ,2025-12-01,613.6300048828125,619.4400024414062,612.52001953125,617.1699829101562,614.923828125,40957600
QQQ,2025-12-02,619.4600219726562,623.75,617.5900268554688,622.0,619.736328125,54541800
QQQ,2025-12-03,619.6199951171875,624.219970703125,618.030029296875,623.52001953125,621.2507934570312,47841600
QQQ,2025-12-04,624.9299926757812,624.9400024414062,619.5399780273438,622.9400024414062,620.6729125976562,47067800
QQQ,2025-12-05,624.3800048828125,628.9199829101562,623.7100219726562,625.47998046875,623.20361328125,53614200
QQQ,2025-12-08,627.2100219726562,628.8400268554688,621.6900024414062,624.280029296875,622.008056640625,43462400
QQQ,2025-12-09,623.010009765625,625.8699951171875,621.0,625.0499877929688,622.7752075195312,37156000
QQQ,2025-12-10,623.8499755859375,629.2100219726562,620.989990234375,627.6099853515625,625.3258666992188,55031400
QQQ,2025-12-11,623.8200073242188,625.780029296875,617.719970703125,625.5800170898438,623.3032836914062,58272800
QQQ,2025-12-12,622.0800170898438,623.5399780273438,611.3599853515625,613.6199951171875,611.3868408203125,75158700
QQQ,2025-12-15,618.3699951171875,618.4199829101562,609.3200073242188,610.5399780273438,608.3179931640625,49538200
QQQ,2025-12-16,608.260009765625,613.510009765625,606.9099731445312,611.75,609.5235595703125,55152800
QQQ,2025-12-17,613.0599975585938,613.6500244140625,600.280029296875,600.4099731445312,598.224853515625,70654300
QQQ,2025-12-18,609.7999877929688,612.9299926757812,606.9199829101562,609.1099853515625,606.8932495117188,78875800
QQQ,2025-12-19,611.9500122070312,617.6199951171875,611.8699951171875,617.0499877929688,614.8042602539062,60369800
QQQ,2025-12-22,621.3499755859375,621.6500244140625,617.77001953125,619.2100219726562,617.7513427734375,43703100
QQQ,2025-12-23,618.2000122070312,622.4099731445312,617.780029296875,622.1099853515625,620.6444702148438,41120400
QQQ,2025-12-24,621.989990234375,624.280029296875,621.719970703125,623.9299926757812,622.4602661132812,18468700
QQQ,2025-12-26,624.6599731445312,625.52001953125,623.1400146484375,623.8900146484375,622.4202880859375,28959800
QQQ,2025-12-29,620.0999755859375,622.780029296875,618.72998046875,620.8699951171875,619.4074096679688,32458300
QQQ,2025-12-30,619.8400268554688,622.1799926757812,619.219970703125,619.4299926757812,617.9707641601562,31226800
QQQ,2025-12-31,619.6500244140625,619.9600219726562,614.0499877929688,614.3099975585938,612.8628540039062,40746500
QQQ,2026-01-02,620.0599975585938,622.8499755859375,610.1500244140625,613.1199951171875,611.6757202148438,61859200
QQQ,2026-01-05,619.3200073242188,620.8099975585938,616.719970703125,617.989990234375,616.5341796875,46828400
QQQ,2026-01-06,619.22998046875,624.02001953125,618.5399780273438,623.4199829101562,621.951416015625,43137500
QQQ,2026-01-07,623.0399780273438,627.9400024414062,622.5599975585938,624.02001953125,622.550048828125,44880300
QQQ,2026-01-08,623.030029296875,623.4199829101562,617.7999877929688,620.469970703125,619.0083618164062,50435900
QQQ,2026-01-09,621.4099731445312,627.8900146484375,619.0599975585938,626.6500244140625,625.173828125,49688700
QQQ,2026-01-12,622.3099975585938,628.8499755859375,622.260009765625,627.1699829101562,625.6925659179688,37388700
QQQ,2026-01-13,627.27001953125,629.469970703125,623.7000122070312,626.239990234375,624.7647705078125,44481400
QQQ,2026-01-14,622.239990234375,623.4500122070312,614.5599975585938,619.5499877929688,618.0905151367188,72598700
QQQ,2026-01-15,626.5999755859375,630.0,620.75,621.780029296875,620.3153076171875,53934900
QQQ,2026-01-16,625.5,626.0800170898438,618.8800048828125,621.260009765625,619.7965087890625,61058100
QQQ,2026-01-20,610.530029296875,615.0599975585938,607.0499877929688,608.0599975585938,606.6276245117188,81988900
QQQ,2026-01-21,609.469970703125,620.4199829101562,607.8599853515625,616.280029296875,614.8282470703125,79837900
QQQ,2026-01-22,622.3499755859375,622.4600219726562,617.780029296875,620.760009765625,619.2976684570312,42254800
QQQ,2026-01-23,619.72998046875,625.4000244140625,618.6500244140625,622.719970703125,621.2530517578125,43645800
QQQ,2026-01-26,623.2100219726562,627.6099853515625,622.1199951171875,625.4600219726562,623.9866333007812,35983000
QQQ,2026-01-27,628.9099731445312,632.0399780273438,627.3400268554688,631.1300048828125,629.6432495117188,38997200
QQQ,2026-01-28,635.4600219726562,636.5999755859375,631.8099975585938,633.219970703125,631.7283325195312,50691700
QQQ,2026-01-29,632.6500244140625,633.6699829101562,618.27001953125,629.4299926757812,627.947265625,79944000
QQQ,2026-01-30,625.7100219726562,628.260009765625,619.2999877929688,621.8699951171875,620.4050903320312,65650700
QQQ,2026-02-02,618.7000122070312,628.489990234375,618.6599731445312,626.1400146484375,624.6650390625,49020300
QQQ,2026-02-03,628.2999877929688,629.97998046875,610.9600219726562,616.52001953125,615.0676879882812,81234000
QQQ,2026-02-04,615.02001953125,615.0999755859375,600.469970703125,605.75,604.3230590820312,81850700
QQQ,2026-02-05,600.2100219726562,604.8099975585938,594.760009765625,597.030029296875,595.6236572265625,89354500
QQQ,2026-02-06,600.1900024414062,611.4099731445312,598.77001953125,609.6500244140625,608.2138671875,78019300
QQQ,2026-02-09,607.5399780273438,616.4600219726562,605.0700073242188,614.3200073242188,612.8728637695312,56797600
QQQ,2026-02-10,615.3099975585938,617.02001953125,611.010009765625,611.469970703125,610.029541015625,53938900
QQQ,2026-02-11,616.3800048828125,617.52001953125,607.6900024414062,613.1099853515625,611.6657104492188,58575100
QQQ,2026-02-12,614.7100219726562,615.8099975585938,599.5700073242188,600.6400146484375,599.22509765625,81378900
QQQ,2026-02-13,600.4299926757812,606.47998046875,596.4199829101562,601.9199829101562,600.5020751953125,69237500
QQQ,2026-02-17,598.3800048828125,603.9500122070312,593.3400268554688,601.2999877929688,599.8834838867188,69013800
QQQ,2026-02-18,602.1099853515625,609.77001953125,600.719970703125,605.7899780273438,604.3629150390625,64250700
QQQ,2026-02-19,602.8099975585938,605.8200073242188,600.75,603.469970703125,602.0484008789062,60960800
QQQ,2026-02-20,600.1199951171875,610.3499755859375,599.22998046875,608.8099975585938,607.3758544921875,74127300
QQQ,2026-02-23,606.6099853515625,608.010009765625,599.0499877929688,601.4099731445312,599.9932250976562,63859100
QQQ,2026-02-24,602.4000244140625,608.989990234375,599.72998046875,607.8699951171875,606.4380493164062,55023700
QQQ,2026-02-25,611.0700073242188,616.8300170898438,611.0,616.6799926757812,615.227294921875,55710700
QQQ,2026-02-26,615.5900268554688,615.5900268554688,603.97998046875,609.239990234375,607.8048095703125,96178900
QQQ,2026-02-27,602.97998046875,608.3200073242188,602.1900024414062,607.2899780273438,605.859375,68125200
QQQ,2026-03-02,598.8599853515625,609.9199829101562,597.989990234375,608.0900268554688,606.6575317382812,75264600
QQQ,2026-03-03,596.3300170898438,603.9600219726562,591.8699951171875,601.5800170898438,600.1629028320312,97015500
QQQ,2026-03-04,604.1599731445312,612.8800048828125,603.4299926757812,610.75,609.311279296875,70943900
QQQ,2026-03-05,607.4000244140625,612.760009765625,602.260009765625,608.9099731445312,607.4755249023438,89602400
QQQ,2026-03-06,600.3099975585938,606.0,598.3300170898438,599.75,598.337158203125,86302300
QQQ,2026-03-09,594.22998046875,609.27001953125,591.3300170898438,607.760009765625,606.3283081054688,93068200
QQQ,2026-03-10,607.780029296875,613.2899780273438,605.4199829101562,607.77001953125,606.3383178710938,64078900
QQQ,2026-03-11,608.9500122070312,612.4299926757812,605.030029296875,607.6900024414062,606.2584838867188,60114800
QQQ,2026-03-12,602.760009765625,604.1400146484375,597.0499877929688,597.260009765625,595.8530883789062,71836600
QQQ,2026-03-13,599.72998046875,603.5999755859375,592.5700073242188,593.719970703125,592.3213500976562,63145500
QQQ,2026-03-16,600.0399780273438,603.8599853515625,599.1099853515625,600.3800048828125,598.9656982421875,49077200
QQQ,2026-03-17,603.1400146484375,605.9000244140625,601.8699951171875,603.3099975585938,601.8887939453125,47106600
QQQ,2026-03-18,601.489990234375,603.1599731445312,594.5599975585938,594.9000244140625,593.4986572265625,56128000
QQQ,2026-03-19,589.510009765625,595.7999877929688,587.0800170898438,593.02001953125,591.623046875,75597600
QQQ,2026-03-20,591.0599975585938,591.1699829101562,578.5399780273438,582.0599975585938,580.6888427734375,91964700
QQQ,2026-03-23,590.52001953125,595.0800170898438,585.9600219726562,588.0,587.3545532226562,89936100
QQQ,2026-03-24,584.8099975585938,587.9299926757812,581.9299926757812,583.97998046875,583.3389282226562,57750900
QQQ,2026-03-25,589.1400146484375,591.3699951171875,585.6900024414062,587.8200073242188,587.1747436523438,60475500
QQQ,2026-03-26,582.5999755859375,584.6300048828125,573.4299926757812,573.7899780273438,573.1600952148438,81492100
QQQ,2026-03-27,570.8099975585938,571.02001953125,561.5700073242188,562.5800170898438,561.9624633789062,82702200
QQQ,2026-03-30,567.3800048828125,568.0499877929688,555.5999755859375,558.280029296875,557.6671752929688,70602600
QQQ,2026-03-31,564.2899780273438,578.6400146484375,564.2100219726562,577.1799926757812,576.54638671875,95878000
QQQ,2026-04-01,581.47998046875,587.739990234375,580.4199829101562,584.3099975585938,583.6685791015625,79435100
QQQ,2026-04-02,573.969970703125,586.0499877929688,571.9199829101562,584.97998046875,584.3378295898438,50941700
QQQ,2026-04-06,586.22998046875,590.6099853515625,584.6900024414062,588.5,587.85400390625,35108500
QQQ,2026-04-07,585.6400146484375,588.97998046875,578.4000244140625,588.5900268554688,587.9439086914062,49948200
QQQ,2026-04-08,608.7100219726562,609.9000244140625,602.1199951171875,606.0900268554688,605.4246826171875,63086000
QQQ,2026-04-09,605.9299926757812,610.5,603.030029296875,610.1900024414062,609.5202026367188,37837500
QQQ,2026-04-10,611.8400268554688,613.6699829101562,609.5800170898438,611.0700073242188,610.3992309570312,34038500
QQQ,2026-04-13,609.47998046875,626.739990234375,608.1099853515625,617.3900146484375,616.7122802734375,32972100
QQQ,2026-04-14,620.219970703125,628.5999755859375,620.0999755859375,628.5999755859375,627.909912109375,49921100
QQQ,2026-04-15,629.0800170898438,637.8300170898438,628.2000122070312,637.4000244140625,636.7003173828125,50102400
QQQ,2026-04-16,639.2100219726562,642.1799926757812,635.260009765625,640.469970703125,639.7669067382812,42320600
QQQ,2026-04-17,645.5900268554688,650.0,644.0700073242188,648.8499755859375,648.1376953125,53488900
QQQ,2026-04-20,648.0399780273438,648.760009765625,642.52001953125,646.7899780273438,646.0799560546875,37138500
QQQ,2026-04-21,648.4099731445312,650.2000122070312,642.2100219726562,644.3300170898438,643.6226806640625,39580500
QQQ,2026-04-22,650.1500244140625,655.3300170898438,648.52001953125,655.1099853515625,654.390869140625,37368400
QQQ,2026-04-23,653.5499877929688,656.9199829101562,645.52001953125,651.4199829101562,650.7048950195312,40099800
QQQ,2026-04-24,658.510009765625,664.510009765625,656.530029296875,663.8800048828125,663.1512451171875,45563100
QQQ,2026-04-27,663.4000244140625,664.4299926757812,660.6900024414062,664.22998046875,663.5008544921875,32717000
QQQ,2026-04-28,657.4099731445312,659.6400146484375,653.8099975585938,657.5499877929688,656.8281860351562,34147900
QQQ,2026-04-29,658.6300048828125,661.719970703125,656.5900268554688,661.5700073242188,660.84375,31724900
QQQ,2026-04-30,665.3499755859375,668.9000244140625,657.5599975585938,667.739990234375,667.0069580078125,40622200
QQQ,2026-05-01,669.1599731445312,675.969970703125,668.7999877929688,674.1500244140625,673.4099731445312,39172600
QQQ,2026-05-04,674.6599731445312,676.72998046875,668.9000244140625,672.8800048828125,672.141357421875,34542000
QQQ,2026-05-05,677.9600219726562,682.77001953125,677.510009765625,681.6099853515625,680.8617553710938,37101100
QQQ,2026-05-06,687.780029296875,695.9299926757812,686.47998046875,695.77001953125,695.0062255859375,38778500
QQQ,2026-05-07,696.5800170898438,701.239990234375,691.77001953125,694.9400024414062,694.1771240234375,43779100
QQQ,2026-05-08,699.9199829101562,711.22998046875,699.5,711.22998046875,710.44921875,44320400
QQQ,2026-05-11,710.3599853515625,714.5900268554688,708.9099731445312,713.2899780273438,712.5069580078125,36019100
QQQ,2026-05-12,708.219970703125,710.1799926757812,696.6400146484375,707.239990234375,706.463623046875,45873000
QQQ,2026-05-13,709.9600219726562,716.6500244140625,704.8300170898438,714.7100219726562,713.9254760742188,40012500
QQQ,2026-05-14,714.6199951171875,722.030029296875,714.219970703125,719.7899780273438,718.9998168945312,33327500
QQQ,2026-05-15,710.1400146484375,715.1300048828125,705.5499877929688,708.9299926757812,708.1517944335938,51792700
QQQ,2026-05-18,711.5399780273438,712.0700073242188,698.8499755859375,705.8800048828125,705.1051025390625,49834500
QQQ,2026-05-19,699.8099975585938,706.489990234375,695.25,701.530029296875,700.7599487304688,46827500
QQQ,2026-05-20,705.2899780273438,713.1500244140625,703.7899780273438,713.1500244140625,712.3671875,36779200
QQQ,2026-05-21,708.989990234375,717.1199951171875,706.77001953125,714.510009765625,713.7256469726562,36415400
QQQ,2026-05-22,718.0700073242188,722.1199951171875,715.9500122070312,717.5399780273438,716.7523193359375,33118600
QQQ,2026-05-26,725.9600219726562,731.1699829101562,724.1599731445312,730.280029296875,729.4783935546875,34254700
QQQ,2026-05-27,732.9600219726562,733.3200073242188,725.4400024414062,729.4500122070312,728.6492919921875,35148700
QQQ,2026-05-28,729.72998046875,736.5999755859375,726.4099731445312,735.5999755859375,734.79248046875,32840000
QQQ,2026-05-29,737.8400268554688,741.6300048828125,735.25,738.3099975585938,737.49951171875,37541700
QQQ,2026-06-01,737.0399780273438,745.6500244140625,735.989990234375,742.739990234375,741.9246826171875,33890600
QQQ,2026-06-02,742.4000244140625,746.4400024414062,739.22998046875,746.1599731445312,745.3408813476562,30085200
QQQ,2026-06-03,747.3099975585938,748.6500244140625,741.010009765625,744.2100219726562,743.39306640625,40270200
QQQ,2026-06-04,735.47998046875,743.5,732.6199951171875,740.6099853515625,739.7969970703125,40782600
QQQ,2026-06-05,730.0599975585938,731.6900024414062,704.3200073242188,705.0599975585938,704.2860107421875,99606600
QQQ,2026-06-08,717.8099975585938,723.030029296875,713.0700073242188,716.0700073242188,715.283935546875,47401500
QQQ,2026-06-09,722.97998046875,725.6599731445312,686.3699951171875,707.8300170898438,707.052978515625,91932200
QQQ,2026-06-10,701.6599731445312,711.280029296875,692.9299926757812,693.6900024414062,692.9285278320312,65334300
QQQ,2026-06-11,699.2899780273438,718.3699951171875,695.0,717.1199951171875,716.332763671875,71798900
QQQ,2026-06-12,717.6099853515625,724.010009765625,711.280029296875,721.3400268554688,720.5481567382812,51168400
QQQ,2026-06-15,738.0999755859375,744.760009765625,737.3800048828125,744.0,743.1832885742188,46710200
QQQ,2026-06-16,742.25,744.219970703125,729.6400146484375,729.8599853515625,729.0587768554688,45348700
QQQ,2026-06-17,735.1900024414062,735.6799926757812,720.8499755859375,722.510009765625,721.7168579101562,51669300
QQQ,2026-06-18,737.2000122070312,741.8200073242188,732.510009765625,740.6199951171875,739.8070068359375,50154600
QQQ,2026-06-22,742.02001953125,745.4500122070312,734.3900146484375,737.9500122070312,737.9500122070312,43518600
QQQ,2026-06-23,715.739990234375,723.6099853515625,712.1099853515625,713.6500244140625,713.6500244140625,53354200
QQQ,2026-06-24,715.3699951171875,719.9299926757812,704.4500122070312,710.6199951171875,710.6199951171875,52480400
QQQ,2026-06-25,725.9000244140625,726.8300170898438,705.2999877929688,716.3800048828125,716.3800048828125,49668000
QQQ,2026-06-26,707.1300048828125,715.5599975585938,702.8099975585938,706.52001953125,706.52001953125,47081800
QQQ,2026-06-29,713.989990234375,724.5800170898438,705.1699829101562,724.0800170898438,724.0800170898438,44939100
QQQ,2026-06-30,724.1799926757812,737.6199951171875,723.9099731445312,736.4000244140625,736.4000244140625,42121800
QQQ,2026-07-01,729.1900024414062,731.9199829101562,724.5999755859375,725.1699829101562,725.1699829101562,40803800
QQQ,2026-07-02,725.5800170898438,730.8300170898438,707.5599975585938,712.5999755859375,712.5999755859375,50959800
QQQ,2026-07-06,719.9299926757812,726.0800170898438,718.4500122070312,722.8200073242188,722.8200073242188,30220400
QQQ,2026-07-07,714.1699829101562,716.3499755859375,704.9000244140625,709.4299926757812,709.4299926757812,42483100
QQQ,2026-07-08,704.9500122070312,712.260009765625,700.9099731445312,711.4400024414062,711.4400024414062,35603200
QQQ,2026-07-09,718.3300170898438,724.22998046875,715.1300048828125,723.280029296875,723.280029296875,33654700
QQQ,2026-07-10,720.7000122070312,726.3900146484375,717.0,725.510009765625,725.510009765625,26415900
QQQ,2026-07-13,717.719970703125,718.739990234375,710.0800170898438,711.739990234375,711.739990234375,36552400
QQQ,2026-07-14,720.219970703125,722.2899780273438,714.3400268554688,719.6900024414062,719.6900024414062,29448100
QQQ,2026-07-15,723.8499755859375,724.3599853515625,710.22998046875,717.739990234375,717.739990234375,32627600
QQQ,2026-07-16,712.010009765625,713.5999755859375,702.6099853515625,705.9400024414062,705.9400024414062,39402000
QQQ,2026-07-17,691.6500244140625,702.2999877929688,686.760009765625,695.3300170898438,695.3300170898438,54109300
QQQ,2026-07-20,702.1599731445312,705.7999877929688,695.510009765625,696.0599975585938,696.0599975585938,29687600
QQQ,2026-07-21,706.5700073242188,710.0499877929688,702.7999877929688,708.969970703125,708.969970703125,33728300
QQQ,2026-07-22,703.6199951171875,709.6500244140625,703.6199951171875,705.3499755859375,705.3499755859375,23692200
QQQ,2026-07-23,694.6699829101562,698.6599731445312,687.7899780273438,691.9600219726562,691.9600219726562,44028600
QQQ,2026-07-24,690.4099731445312,692.6300048828125,682.47998046875,684.22998046875,684.22998046875,42876700
QQQ,2026-07-27,691.6799926757812,692.2999877929688,675.9500122070312,682.1199951171875,682.1199951171875,42681500
QQQ,2026-07-28,676.22998046875,679.4000244140625,667.8800048828125,675.489990234375,675.489990234375,51398700
QQQ,2026-07-29,675.510009765625,680.0499877929688,661.1400146484375,661.72998046875,661.72998046875,57233300
QQQ,2026-07-30,674.760009765625,685.1199951171875,673.2999877929688,683.5499877929688,683.5499877929688,66753700
QQQ,2026-07-31,692.1099853515625,695.77001953125,680.0499877929688,687.989990234375,687.989990234375,50540500
QQQ,2026-08-03,688.2999877929688,701.5900268554688,685.8200073242188,700.0700073242188,700.0700073242188,44965100
QQQ,2026-08-04,708.1599731445312,725.6599731445312,707.530029296875,723.8499755859375,723.8499755859375,59778600
QQQ,2026-08-05,726.25,728.5399780273438,716.9199829101562,717.2999877929688,717.2999877929688,33540200
QQQ,2026-08-06,710.8200073242188,719.3200073242188,708.5,714.6500244140625,714.6500244140625,33035900
QQQ,2026-08-07,720.1500244140625,723.6300048828125,716.510009765625,723.030029296875,723.030029296875,31070400
QQQ,2026-08-10,722.3900146484375,724.6699829101562,720.3300170898438,720.8699951171875,720.8699951171875,26243200
QQQ,2026-08-11,723.2899780273438,723.3499755859375,715.5,718.4500122070312,718.4500122070312,29286100
QQQ,2026-08-12,727.0800170898438,727.25,722.9199829101562,723.7000122070312,723.7000122070312,29066000
QQQ,2026-08-13,725.1500244140625,733.9600219726562,724.030029296875,732.0700073242188,732.0700073242188,31599700
QQQ,2026-08-14,733.4099731445312,734.3900146484375,728.3200073242188,731.0700073242188,731.0700073242188,23748000
