Ticker,Filing_Date,Acceptance_DateTime_ET,Accession,Has_8K,Has_EX99,Filing_Block_Count,EightK_Block_Count,EX99_Block_Count,Item_Numbers,Source_Types,Positive_Block_Count,Negative_Block_Count,Neutral_Block_Count,Positive_Ratio,Negative_Ratio,Neutral_Ratio,Mean_Positive,Mean_Negative,Mean_Neutral,Mean_Net_Sentiment,Median_Net_Sentiment,Min_Net_Sentiment,Max_Net_Sentiment,Max_Positive_Probability,Max_Negative_Probability,Most_Positive_Source_Type,Most_Positive_Block_ID,Most_Negative_Source_Type,Most_Negative_Block_ID,Has_Item_1_01,Has_Item_1_02,Has_Item_1_05,Has_Item_2_01,Has_Item_2_02,Has_Item_2_03,Has_Item_5_02,Has_Item_5_03,Has_Item_5_07,Has_Item_7_01,Has_Item_8_01,Publication_Period,Filing_Session_Open_ET,Filing_Session_Close_ET,Feature_Cutoff_Session,Event_Session,Previous_Sentiment_Mean_3,Sentiment_History_Count_3,Sentiment_Momentum_3,Cutoff_Adj_Close,Log_Return_1D,Log_Return_3D,Log_Return_5D,Volatility_14D,Relative_Volume_20D,RSI_14,Price_to_SMA20,Intraday_Return,Daily_Range,Event_Adj_Close,QQQ_Cutoff_Adj_Close,QQQ_Log_Return_1D,QQQ_Log_Return_3D,QQQ_Log_Return_5D,QQQ_Volatility_14D,QQQ_Event_Adj_Close,Stock_vs_QQQ_1D,Stock_vs_QQQ_3D,Stock_vs_QQQ_5D,Event_Return_1D,Target_Event_1D,QQQ_Event_Return_1D,Abnormal_Event_Return_1D,Target_Abnormal_1D,Use_In_Primary_Model
AAPL,2020-01-28,2020-01-28T16:30:40-05:00,0000320193-20-000008,1,1,4,2,2,2.02|9.01,8-K|EX-99.1,1,0,1,0.5,0.0,0.5,0.5000019119959234,1.1054651261055429e-07,0.4999979835189547,0.5000018014494108,0.5000018014494108,3.6066783621890863e-06,0.9999999962204592,1.0,2.173134845406821e-07,EX-99.1,0.0,EX-99.1,1.0,0,0,0,0,1,0,0,0,0,0,0,AFTER_HOURS,2020-01-28T09:30:00-05:00,2020-01-28T16:00:00-05:00,2020-01-28,2020-01-29,,0,,76.44396209716797,0.0278965198627181,-0.0048358566010926,0.0035314966653437,0.0154587140236522,1.2380675907339302,65.67971864742384,0.0285073961869319,0.0162827774744351,0.0195473304395956,78.04412078857422,213.1813507080078,0.0152430075597198,-0.0140797315117044,-0.0082297006467984,0.0092024906692913,213.5279083251953,0.0126535123029983,0.0092438749106118,0.011761197312142101,0.020932440542162034,1,0.0016256469716349198,0.019306793570527114,1,1
AAPL,2020-02-18,2020-02-18T06:24:57-05:00,0001193125-20-039203,1,1,4,2,2,7.01|9.01,8-K|EX-99.1,2,0,0,1.0,0.0,0.0,0.7815770208835602,0.0033845089837995,0.2150384309834407,0.7781925118997606,0.7781925118997606,0.5564577174372971,0.999927306362224,0.999958634376526,0.0067376899532973,EX-99.1,1.0,EX-99.1,0.0,0,0,0,0,0,0,0,0,0,1,0,PRE_MARKET,2020-02-18T09:30:00-05:00,2020-02-18T16:00:00-05:00,2020-02-14,2020-02-18,0.5000018014494108,1,0.2781907104503498,78.37647247314453,0.0002464052806867,0.0165697601087237,0.0152568049014566,0.0199590982752236,0.6065635234495053,61.03964375717721,0.0191718682733861,0.0006467388648521,0.0096322657800619,76.94137573242188,225.8788604736328,0.0028596166242168,0.0112720869026464,0.0234574383195744,0.009647351537093,225.96548461914065,-0.0026132113435301,0.0052976732060773,-0.0082006334181178,-0.018310300214319897,0,0.0003834982402788345,-0.01869379845459873,0,1
AAPL,2020-02-27,2020-02-27T06:14:21-05:00,0001193125-20-050884,1,0,2,2,0,5.07,8-K,0,0,0,,,,,,,,,,,,,,,,,0,0,0,0,0,0,0,0,1,0,0,PRE_MARKET,2020-02-27T09:30:00-05:00,2020-02-27T16:00:00-05:00,2020-02-26,2020-02-27,,,,70.58584594726562,0.0157386051891059,-0.0673858730537296,-0.1005931583865009,0.0203203222462796,1.4254168442546908,36.74142506000017,-0.0738479958199056,0.0213590030477104,0.0388860588421464,65.97177124023438,208.3968811035156,0.0051404095232012,-0.0617547301190839,-0.0904778074125662,0.0152637247138605,197.9616241455078,0.0105981956659047,-0.0056311429346457,-0.010115350973934706,-0.06536827100547049,0,-0.05007395937381787,-0.015294311631652624,0,1
AAPL,2020-04-30,2020-04-30T16:30:41-04:00,0000320193-20-000050,1,1,4,2,2,2.02|9.01,8-K|EX-99.1,2,0,0,1.0,0.0,0.0,0.9887570142745972,5.153467697027736e-07,0.0112424515017437,0.9887564989278276,0.9887564989278276,0.9775165893012172,0.9999964085544376,0.999996781349182,6.578987949978909e-07,EX-99.1,0.0,EX-99.1,1.0,0,0,0,0,1,0,0,0,0,0,0,AFTER_HOURS,2020-04-30T09:30:00-04:00,2020-04-30T16:00:00-04:00,2020-04-30,2020-05-01,0.6390971566745857,2,0.3496593422532419,70.86322784423828,0.0208767441550889,0.0368512227515468,0.0660188216338627,0.0237612135859318,1.1878652219661887,60.588798955273134,0.0724192252649362,0.013243193720005,0.0210346934395929,69.72236633300781,211.1852264404297,-0.0004112523703799,0.0154212174435697,0.0390798497444505,0.0219257801581309,205.23301696777344,0.0212879965254688,0.0214300053079771,0.026938971889412203,-0.01609948552919649,0,-0.028184781544533077,0.012085296015336588,1,1
AAPL,2020-05-11,2020-05-11T16:31:15-04:00,0001193125-20-139112,1,0,3,3,0,8.01|9.01,8-K,0,0,0,,,,,,,,,,,,,,,,,0,0,0,0,0,0,0,0,0,0,1,AFTER_HOURS,2020-05-11T09:30:00-04:00,2020-05-11T16:00:00-04:00,2020-05-11,2020-05-12,,,,76.18468475341797,0.0156132408378197,0.0494274194961147,0.0745896470116615,0.0156252592684398,0.9824228471080784,69.15720066272198,0.0939649471671126,0.0224277946290847,0.0311418597964319,75.31401824951172,218.86441040039065,0.0088992445699352,0.0353055562945026,0.0527162673319182,0.0165194780441607,214.281982421875,0.006713996267884499,0.0141218632016121,0.0218733796797433,-0.01142836656375601,0,-0.020937291586752504,0.009508925022996495,1,1
AAPL,2020-07-30,2020-07-30T18:55:04-04:00,0000320193-20-000060,1,1,4,2,2,2.02|9.01,8-K|EX-99.1,1,0,1,0.5,0.0,0.5,0.5000049124605539,2.797292770750915e-07,0.4999947997930044,0.5000046327312769,0.5000046327312769,9.402567854976953e-06,0.9999998628946988,0.9999998807907104,5.415625423665915e-07,EX-99.1,0.0,EX-99.1,1.0,0,0,0,0,1,0,0,0,0,0,0,AFTER_HOURS,2020-07-30T09:30:00-04:00,2020-07-30T16:00:00-04:00,2020-07-30,2020-07-31,0.7556502707589997,3,-0.2556456380277228,93.0535888671875,0.0120275512259235,0.0144503857669253,0.0353940494655782,0.0188822843436586,1.2712352889063678,58.64810966678355,0.0097786311505976,0.021260808933311,0.0263020970483707,102.79524230957033,252.35354614257807,0.0052217812613619,0.0038753835096433,0.0120200786108223,0.0148257711433413,256.8569641113281,0.0068057699645616,0.010575002257282001,0.0233739708547559,0.10468863760092884,1,0.017845669449026325,0.08684296815190251,1,1
AAPL,2020-08-07,2020-08-07T17:20:23-04:00,0001193125-20-213158,1,0,2,2,0,5.03|9.01,8-K,0,0,0,,,,,,,,,,,,,,,,,0,0,0,0,0,0,0,1,0,0,0,AFTER_HOURS,2020-08-07T09:30:00-04:00,2020-08-07T16:00:00-04:00,2020-08-07,2020-08-10,,,,107.68333435058594,-0.0229981844647382,0.0149143382075466,0.0464557598680124,0.0338623071395604,1.2666333665694738,73.04053520528592,0.1127763498599363,-0.0184841548116371,0.0304421158908515,109.24848175048828,262.3460388183594,-0.011609353094239,0.0040231788870611,0.0211450210948679,0.0134392841943637,261.2249450683594,-0.011388831370499201,0.0108911593204855,0.025310738773144496,0.01453472266011624,1,-0.004273339727367542,0.01880806238748378,1,1
AAPL,2020-08-20,2020-08-20T16:30:57-04:00,0001193125-20-225672,1,0,3,3,0,8.01|9.01,8-K,0,0,0,,,,,,,,,,,,,,,,,0,0,0,0,0,0,0,0,0,0,1,AFTER_HOURS,2020-08-20T09:30:00-04:00,2020-08-20T16:00:00-04:00,2020-08-20,2020-08-21,,,,114.62477111816406,0.0219469408070363,0.0314992506553086,0.027993231498637,0.0187910093425415,0.7158095131947965,75.06750958545214,0.0955482032140428,0.0218142680421504,0.0224899905118777,120.53166198730467,270.5216369628906,0.0137765245332988,0.0166053557851212,0.0269742684834789,0.0117141686583683,272.3964538574219,0.008170416273737501,0.014893894870187399,0.0010189630151581017,0.05153241146323717,1,0.006930376865893484,0.04460203459734369,1,1
AAPL,2020-10-29,2020-10-29T16:30:32-04:00,0000320193-20-000094,1,1,4,2,2,2.02|9.01,8-K|EX-99.1,1,0,1,0.5,0.0,0.5,0.4999997397153208,2.138236165905028e-07,0.5000000393218897,0.4999995258917042,0.4999995258917042,4.1726266886144003e-07,0.9999986345207396,0.9999986886978148,3.734701579105604e-07,EX-99.1,0.0,EX-99.1,1.0,0,0,0,0,1,0,0,0,0,0,0,AFTER_HOURS,2020-10-29T09:30:00-04:00,2020-10-29T16:00:00-04:00,2020-10-29,2020-10-30,0.7556512145196216,3,-0.2556516886279174,111.76097106933594,0.0363804528430288,0.0023440395918678,-0.0037217836896952,0.0269885219894685,1.1424087585620049,49.04425077789817,-0.0124345172329699,0.0262525307122669,0.0410163316809813,105.50032806396484,267.1006774902344,0.0173351640519229,-0.0146536220862251,-0.0277947645970864,0.0162728665116789,260.3262634277344,0.0190452887911059,0.0169976616780929,0.0240729809073912,-0.05601815146619493,0,-0.025362773790596926,-0.030655377675598006,0,1
AAPL,2021-01-05,2021-01-05T16:32:16-05:00,0001193125-21-001982,1,0,1,1,0,5.02,8-K,0,0,0,,,,,,,,,,,,,,,,,0,0,0,0,0,0,1,0,0,0,0,AFTER_HOURS,2021-01-05T09:30:00-05:00,2021-01-05T16:00:00-05:00,2021-01-05,2021-01-06,,,,127.18580627441406,0.0122882648758188,-0.0204741320748953,-0.0424419745409613,0.0209103494203353,0.9002238233489255,57.72290984727338,0.0196045598057168,0.0164480962621353,0.0252653458222235,122.90452575683594,301.9248046875,0.0082105212239868,-0.0035528965935797,-0.0026257581095123,0.0066488612850314,297.7424011230469,0.004077743651832,-0.0169212354813156,-0.039816216431448996,-0.03366162186636534,0,-0.013852467566492277,-0.019809154299873066,0,1
AAPL,2021-01-27,2021-01-27T16:30:35-05:00,0000320193-21-000009,1,1,4,2,2,2.02|9.01,8-K|EX-99.1,1,0,1,0.5,0.0,0.5,0.4999816217185255,3.269786112980455e-07,0.5000180716233444,0.4999812947399142,0.4999812947399142,-4.172590450934877e-07,0.9999630067388736,0.9999630451202391,6.155758569548198e-07,EX-99.1,0.0,EX-99.1,1.0,0,0,0,0,1,0,0,0,0,0,0,AFTER_HOURS,2021-01-27T09:30:00-05:00,2021-01-27T16:00:00-05:00,2021-01-27,2021-01-28,0.6629202191836029,3,-0.16293892444368868,137.91322326660156,-0.0077134612047313,0.0212717926772658,0.0732201528956256,0.0194585049781949,1.26864847860193,67.34826180225204,0.068148279437894,-0.0095516641368331,0.0273827921758479,133.08828735351562,309.253662109375,-0.0282725574767758,-0.0185784730149161,-0.0134952761752634,0.014312845951402,311.0833435058594,0.0205590962720445,0.039850265692181905,0.086715429070889,-0.03498530306813874,0,0.005916442133633515,-0.040901745201772255,0,1
AAPL,2021-02-08,2021-02-08T16:31:03-05:00,0001193125-21-032394,1,0,3,3,0,8.01|9.01,8-K,0,0,0,,,,,,,,,,,,,,,,,0,0,0,0,0,0,0,0,0,0,1,AFTER_HOURS,2021-02-08T09:30:00-05:00,2021-02-08T16:00:00-05:00,2021-02-08,2021-02-09,,,,133.11221313476562,0.0010963587231126,0.0234251843394843,0.0219331623451284,0.0228743811246491,0.655928520303303,56.07767504822707,0.0185879287992647,0.006469197167606,0.0149003614809372,132.2371826171875,322.95281982421875,0.0066773709833878,0.0218202383161842,0.0340277013077301,0.0147760355347991,322.8851623535156,-0.0055810122602752005,0.0016049460233001009,-0.012094538962601698,-0.006573630600613778,0,-0.00020949645443546494,-0.006364134146178313,0,1
AAPL,2021-02-24,2021-02-24T16:31:21-05:00,0001193125-21-054710,1,0,2,2,0,5.07,8-K,0,0,0,,,,,,,,,,,,,,,,,0,0,0,0,0,0,0,0,1,0,0,AFTER_HOURS,2021-02-24T09:30:00-05:00,2021-02-24T16:00:00-05:00,2021-02-24,2021-02-25,,,,121.8728485107422,-0.0040603271428636,-0.0354239276153474,-0.0428654791541921,0.0124625570187886,1.127631979342706,34.39310361920539,-0.0598304552649399,0.0032815433384285,0.0265655703406143,117.63380432128906,313.8038635253906,0.0082090616621377,-0.0210341372075567,-0.0297868191907458,0.0091650509488702,302.8638610839844,-0.0122693888050013,-0.0143897904077907,-0.013078659963446301,-0.03478251506593366,0,-0.03486254859485205,8.003352891838844e-05,1,1
AAPL,2021-04-28,2021-04-28T16:30:33-04:00,0000320193-21-000055,1,1,4,2,2,2.02|9.01,8-K|EX-99.1,1,0,1,0.5,0.0,0.5,0.5000004554640896,1.2868572705215795e-06,0.4999982235260268,0.4999991686068191,0.4999991686068191,-1.6584300510658068e-06,0.9999999956436892,1.0,2.569358230175567e-06,EX-99.1,0.0,EX-99.1,1.0,0,0,0,0,1,0,0,0,0,0,0,AFTER_HOURS,2021-04-28T09:30:00-04:00,2021-04-28T16:00:00-04:00,2021-04-28,2021-04-29,0.4999951511209651,3,4.017485853990976e-06,129.87452697753906,-0.0060457492250686,-0.0055250060434119,0.0005990192693235,0.0138625243362063,1.2492819475795938,58.28461481789891,0.017643576556219,-0.0054351555417205,0.014523150283078,129.77732849121094,328.6146545410156,-0.0033867036007548,-0.0012382694545997,-0.000855221257416,0.0092964944897888,329.7973327636719,-0.0026590456243137995,-0.0042867365888122,0.0014542405267395,-0.0007484030055018298,0,0.003598981987909644,-0.004347384993411474,0,1
AAPL,2021-07-27,2021-07-27T16:35:44-04:00,0000320193-21-000063,1,1,3,2,1,2.02|9.01,8-K|EX-99.1,1,0,0,1.0,0.0,0.0,0.999313235282898,1.275777634646147e-07,0.0006866800249554,0.9993131077051344,0.9993131077051344,0.9993131077051344,0.9993131077051344,0.999313235282898,1.275777634646147e-07,EX-99.1,0.0,EX-99.1,0.0,0,0,0,0,1,0,0,0,0,0,0,AFTER_HOURS,2021-07-27T09:30:00-04:00,2021-07-27T16:00:00-04:00,2021-07-27,2021-07-28,0.49999332974614585,3,0.4993197779589885,142.94110107421875,-0.0150123051268082,-0.000204082853223,0.0042335319844987,0.0151941452423869,1.1924253472834476,61.31328116319898,0.0175616176804245,-0.0157590592923491,0.024937000446733,141.19778442382812,353.6753845214844,-0.011079083249678,0.0013176068608559,0.0155970909112831,0.0076704808124331,355.0341491699219,-0.003933221877130199,-0.0015216897140789,-0.0113635589267844,-0.012196048843120755,0,0.0038418411569012267,-0.01603789000002198,0,1
AAPL,2021-08-05,2021-08-05T16:31:44-04:00,0001193125-21-237787,1,0,3,3,0,8.01|9.01,8-K,0,0,0,,,,,,,,,,,,,,,,,0,0,0,0,0,0,0,0,0,0,1,AFTER_HOURS,2021-08-05T09:30:00-04:00,2021-08-05T16:00:00-04:00,2021-08-05,2021-08-06,,,,143.22348022460938,0.0007481788270375,0.0105267574045807,0.009702807982208,0.0131254303438605,0.5276548638600026,60.15090507028216,0.0045904040968367,0.000544304214044,0.0113558968901786,142.54074096679688,358.7607421875,0.0063228398047903,0.0138097655867104,0.0086665810016445,0.0068322152690008,357.1885986328125,-0.0055746609777528,-0.0032830081821297007,0.0010362269805634997,-0.004766950619701449,0,-0.0043821504691442525,-0.0003848001505571963,0,1
AAPL,2021-10-28,2021-10-28T16:30:23-04:00,0000320193-21-000104,1,1,3,2,1,2.02|9.01,8-K|EX-99.1,1,0,0,1.0,0.0,0.0,0.9999997615814208,7.805731172538799e-09,2.213102590076233e-07,0.9999997537756896,0.9999997537756896,0.9999997537756896,0.9999997537756896,0.9999997615814208,7.805731172538799e-09,EX-99.1,0.0,EX-99.1,0.0,0,0,0,0,1,0,0,0,0,0,0,AFTER_HOURS,2021-10-28T09:30:00-04:00,2021-10-28T16:00:00-04:00,2021-10-28,2021-10-29,0.6664311903506225,3,0.33356856342506713,148.81236267089844,0.0246845737135428,0.0260960071457341,0.0204608265241852,0.009985767499461,1.4005676840494832,66.99469264192092,0.0496586856829825,0.0183553588677167,0.0226125501908823,146.11058044433594,373.2947692871094,0.0110439727717097,0.0165061459773418,0.0182539506138049,0.007554245165059,375.1310729980469,0.013640600941833099,0.009589861168392298,0.0022068759103802994,-0.01815563020484756,0,0.00491917878850634,-0.0230748089933539,0,1
AAPL,2021-11-12,2021-11-12T16:31:14-05:00,0001193125-21-328151,1,0,3,3,0,5.02|5.03|9.01,8-K,0,0,0,,,,,,,,,,,,,,,,,0,0,0,0,0,0,1,1,0,0,0,AFTER_HOURS,2021-11-12T09:30:00-05:00,2021-11-12T16:00:00-05:00,2021-11-12,2021-11-15,,,,146.50942993164062,0.014235088944749,-0.0054519883017862,-0.0085637344492003,0.0117151346592877,0.9498545458930372,54.9764157364465,0.0037444765599363,0.0105100915876912,0.0194679516101384,146.51918029785156,383.476806640625,0.0104674866743318,-0.0015695430817531,-0.0098324742642146,0.0074233176398112,383.3893127441406,0.003767602270417199,-0.0038824452200331,0.0012687398150143005,6.655111698594673e-05,1,-0.00022815955220567563,0.00029471066919162237,1,1
AAPL,2022-01-27,2022-01-27T16:30:36-05:00,0000320193-22-000006,1,1,3,2,1,2.02|9.01,8-K|EX-99.1,1,0,0,1.0,0.0,0.0,0.9999991655349731,1.0816381568190536e-08,8.724067583898432e-07,0.9999991547185916,0.9999991547185916,0.9999991547185916,0.9999991547185916,0.9999991655349731,1.0816381568190536e-08,EX-99.1,0.0,EX-99.1,0.0,0,0,0,0,1,0,0,0,0,0,0,AFTER_HOURS,2022-01-27T09:30:00-05:00,2022-01-27T16:00:00-05:00,2022-01-27,2022-01-28,0.8331040100292144,3,0.16689514468937716,155.5252227783203,-0.002947821326428,-0.0149612494668757,-0.032684518484549,0.0107645023128225,1.2993257025642948,31.557694659870748,-0.0655803172188805,-0.0198830150090317,0.0349202205499719,166.37742614746094,331.82421875,-0.0101215827047094,-0.0351417429831524,-0.0586947420103608,0.0136693602722962,342.23321533203125,0.007173761378281401,0.020180493516276703,0.026010223525811796,0.06977777093178594,1,0.03136900802853537,0.03840876290325057,1,1
AAPL,2022-03-04,2022-03-04T16:35:09-05:00,0001193125-22-066169,1,0,6,6,0,5.02|5.07|9.01,8-K,0,0,0,,,,,,,,,,,,,,,,,0,0,0,0,0,0,1,0,1,0,0,AFTER_HOURS,2022-03-04T09:30:00-05:00,2022-03-04T16:00:00-05:00,2022-03-04,2022-03-07,,,,159.58665466308594,-0.0185796628552452,-0.0001837540752302,-0.0102432174766872,0.0160622348634197,0.9873123060850668,42.77484298045649,-0.0294951672484411,-0.0080248481982913,0.0211435741064976,155.80166625976562,328.12750244140625,-0.014598171298589,-0.0123456304119253,-0.0248011234057465,0.0188892035261403,316.0257568359375,-0.0039814915566562005,0.0121618763366951,0.0145579059290593,-0.023717449377650413,0,-0.03688122914241165,0.013163779764761241,1,1
AAPL,2022-04-28,2022-04-28T16:32:12-04:00,0000320193-22-000058,1,1,4,2,2,2.02|9.01,8-K|EX-99.1,1,0,1,0.5,0.0,0.5,0.500000129181501,2.4820975641493e-07,0.4999996517651715,0.4999998809717446,0.4999998809717446,-2.350299155295943e-07,0.9999999969734048,1.0,4.933929176331731e-07,EX-99.1,0.0,EX-99.1,1.0,0,0,0,0,1,0,0,0,0,0,0,AFTER_HOURS,2022-04-28T09:30:00-04:00,2022-04-28T16:00:00-04:00,2022-04-28,2022-04-29,0.9997706720664717,3,-0.49977079109472716,160.0463409423828,0.0441657753469697,0.0046552025691802,-0.0168458159998577,0.0222115505266114,1.6061140895695176,46.63201832293389,-0.0240294117764737,0.0275667151626275,0.0341604229866142,154.18788146972656,319.484619140625,0.0348994496241934,-0.0047749617451321,-0.0185458792457498,0.0215191684050445,305.1082763671875,0.009266325722776303,0.0094301643143123,0.0017000632458921,-0.03660476983204075,0,-0.04499854425577077,0.008393774423730016,1,1
AAPL,2022-07-28,2022-07-28T16:31:44-04:00,0000320193-22-000069,1,1,3,2,1,2.02|9.01,8-K|EX-99.1,1,0,0,1.0,0.0,0.0,0.9999685287475586,3.878721699379639e-08,3.145523078273982e-05,0.9999684899603416,0.9999684899603416,0.9999684899603416,0.9999684899603416,0.9999685287475586,3.878721699379639e-08,EX-99.1,0.0,EX-99.1,0.0,0,0,0,0,1,0,0,0,0,0,0,AFTER_HOURS,2022-07-28T09:30:00-04:00,2022-07-28T16:00:00-04:00,2022-07-28,2022-07-29,0.8333329298220086,3,0.16663556013833303,154.1205596923828,0.0035653996010629,0.0283612318171342,0.0127919989516815,0.0160946580945237,1.1388272620681688,64.98059524865259,0.0604456692997212,0.0023570543129505,0.0205274585462306,159.17465209960938,302.3376770019531,0.0097304408508651,0.0312768299754912,0.0078741613593041,0.0190661439819649,307.8515014648437,-0.006165041249802201,-0.0029155981583569995,0.0049178375923774,0.03279310961051718,1,0.018237305113827817,0.014555804496689362,1,1
AAPL,2022-08-08,2022-08-08T16:32:16-04:00,0001193125-22-214914,1,0,3,3,0,8.01|9.01,8-K,0,0,0,,,,,,,,,,,,,,,,,0,0,0,0,0,0,0,0,0,0,1,AFTER_HOURS,2022-08-08T09:30:00-04:00,2022-08-08T16:00:00-04:00,2022-08-08,2022-08-09,,,,161.7104949951172,-0.0029075834262179,-0.0062256155413325,0.0219780155538487,0.0170304481216946,0.8488095073807135,68.54704310288474,0.0597265182245512,-0.0090160488310613,0.0218960436541871,161.75958251953125,312.9748840332031,-0.0032374822004488,-0.0067742904259969,0.0171081148443652,0.0170530684621681,309.4324035644531,0.0003298987742309002,0.0005486748846643998,0.0048699007094835,0.0003035518777896318,1,-0.01131873721973864,0.011622289097528271,1,1
AAPL,2022-08-19,2022-08-19T16:31:06-04:00,0001193125-22-225365,1,0,4,4,0,5.02|5.03|9.01,8-K,0,0,0,,,,,,,,,,,,,,,,,0,0,0,0,0,0,1,1,0,0,0,AFTER_HOURS,2022-08-19T09:30:00-04:00,2022-08-19T16:00:00-04:00,2022-08-19,2022-08-22,,,,168.2331085205078,-0.0152171459547648,-0.0087651146123023,-0.003376054430958,0.0144953865183074,1.057273337267569,67.76002010462476,0.0382315301442179,-0.0087267786943809,0.0141674899372683,164.35879516601562,315.07293701171875,-0.0196897899555497,-0.0287592285215872,-0.0230552809679007,0.0143497662437655,306.7779846191406,0.004472644000784901,0.019994113909284898,0.0196792265369427,-0.023029434506465774,0,-0.02632708626532909,0.003297651758863318,1,1
AAPL,2022-10-27,2022-10-27T16:30:22-04:00,0000320193-22-000107,1,1,4,2,2,2.02|9.01,8-K|EX-99.1,1,0,1,0.5,0.0,0.5,0.5000006324910373,6.404620802591411e-07,0.4999986980509164,0.499999992028957,0.499999992028957,-9.568680070515256e-09,0.9999999936265942,1.0,1.2745507547151649e-06,EX-99.1,0.0,EX-99.1,1.0,0,0,0,0,1,0,0,0,0,0,0,AFTER_HOURS,2022-10-27T09:30:00-04:00,2022-10-27T16:00:00-04:00,2022-10-27,2022-10-28,0.8333225085502258,3,-0.3333225165212688,142.025146484375,-0.0309390123406941,-0.0316084593877732,0.0097854025136762,0.0211055678399638,1.24826060725172,46.81557581306004,0.007514571465905,-0.0220841771507502,0.0339778871909739,152.75547790527344,266.7672119140625,-0.0183738150059143,-0.0202431232381877,0.0138751437287015,0.0192500649137699,274.9305114746094,-0.012565197334779801,-0.0113653361495855,-0.0040897412150253006,0.07555233482599455,1,0.030600835469902554,0.044951499356091995,1,1
AAPL,2022-11-07,2022-11-07T06:27:07-05:00,0001193125-22-278435,1,1,3,2,1,7.01|9.01,8-K|EX-99.1,1,0,0,1.0,0.0,0.0,0.9997158646583556,5.702219641534612e-05,0.0002271872072014,0.9996588424619404,0.9996588424619404,0.9996588424619404,0.9996588424619404,0.9997158646583556,5.702219641534612e-05,EX-99.1,0.0,EX-99.1,0.0,0,0,0,0,0,0,0,0,0,1,0,PRE_MARKET,2022-11-07T09:30:00-05:00,2022-11-07T16:00:00-05:00,2022-11-04,2022-11-07,0.6666561209870144,3,0.33300272147492593,135.95335388183594,-0.0019489765131855,-0.0832981112396834,-0.1165266185691253,0.0302280212703838,1.5733259010436211,40.5636201947822,-0.0434054000279273,-0.0261101523731182,0.0599074504524928,136.48387145996094,258.7604064941406,0.0159570477756335,-0.0386494100060799,-0.0606158180836382,0.0196190988291726,261.60528564453125,-0.017906024288819,-0.044648701233603504,-0.0559108004854871,0.0039022029466526664,1,0.01099425985967084,-0.007092056913018174,0,1
AAPL,2023-02-02,2023-02-02T16:30:33-05:00,0000320193-23-000005,1,1,3,2,1,2.02|9.01,8-K|EX-99.1,1,0,0,1.0,0.0,0.0,0.999884843826294,3.111677244760358e-07,0.0001147600778494,0.9998845326585696,0.9998845326585696,0.9998845326585696,0.9998845326585696,0.999884843826294,3.111677244760358e-07,EX-99.1,0.0,EX-99.1,0.0,0,0,0,0,1,0,0,0,0,0,0,AFTER_HOURS,2023-02-02T09:30:00-05:00,2023-02-02T16:00:00-05:00,2023-02-02,2023-02-03,0.833209108150413,3,0.16667542450815653,148.1752166748047,0.0363923477565958,0.0532425016225332,0.0465518951929542,0.0136871121828833,1.6795219637601115,70.78220202852796,0.0927404234878035,0.0128946508155614,0.0199575279184633,151.79066467285156,305.4779052734375,0.0352606129830678,0.0712937412162298,0.0607727424072226,0.0163273682545819,300.0488586425781,0.001131734773528001,-0.018051239593696602,-0.014220847214268403,0.024399815834125427,1,-0.017772305417636525,0.04217212125176195,1,1
AAPL,2023-03-10,2023-03-10T16:30:52-05:00,0001140361-23-011192,1,0,3,3,0,5.07,8-K,0,0,0,,,,,,,,,,,,,,,,,0,0,0,0,0,0,0,0,1,0,0,AFTER_HOURS,2023-03-10T09:30:00-05:00,2023-03-10T16:00:00-05:00,2023-03-10,2023-03-13,,,,146.11862182617188,-0.0139761849845437,-0.0206604478040875,-0.016893516081615,0.0165529128759435,1.1794705348230916,49.79518843716095,-0.0126724068753542,-0.0113841065004713,0.022424254754577,148.05706787109375,282.7718505859375,-0.014143504854022,-0.026639152898111,-0.0378471020688594,0.0126887272350016,284.8690490722656,0.00016731986947830096,0.005978705094023502,0.020953585987244398,0.013266249165886146,1,0.007416574464475412,0.005849674701410734,1,1
AAPL,2023-05-04,2023-05-04T16:30:43-04:00,0000320193-23-000063,1,1,3,2,1,2.02|9.01,8-K|EX-99.1,1,0,0,1.0,0.0,0.0,0.9999994039535522,9.228322106480393e-09,5.446974569167651e-07,0.99999939472523,0.99999939472523,0.99999939472523,0.99999939472523,0.9999994039535522,9.228322106480393e-09,EX-99.1,0.0,EX-99.1,0.0,0,0,0,0,1,0,0,0,0,0,0,AFTER_HOURS,2023-05-04T09:30:00-04:00,2023-05-04T16:00:00-04:00,2023-05-04,2023-05-05,0.8331811223831557,3,0.16681827234207436,163.13133239746094,-0.0099629489856584,-0.0226619091881267,-0.0156797570364186,0.0101840069238573,1.5734809669010847,54.16669862410701,0.0012439250979572,0.0054581472485641,0.0164665892882173,170.78659057617188,310.3185119628906,-0.0035361449262113,-0.0188614357692039,-0.0131342718486847,0.0102311385569385,316.91412353515625,-0.0064268040594470995,-0.003800473418922798,-0.0025454851877338997,0.046926964098223056,1,0.021254328433536473,0.025672635664686583,1,1
AAPL,2023-05-10,2023-05-10T16:31:27-04:00,0001140361-23-023909,1,0,3,3,0,8.01|9.01,8-K,0,0,0,,,,,,,,,,,,,,,,,0,0,0,0,0,0,0,0,0,0,1,AFTER_HOURS,2023-05-10T09:30:00-04:00,2023-05-10T16:00:00-04:00,2023-05-10,2023-05-11,,,,170.77674865722656,0.0103669669178976,-5.7628661027414905e-05,0.0358385945002723,0.016181343941405,0.9456275386199378,65.40246886665764,0.0341755540313799,0.0031209875898654,0.0122724413043011,170.96371459960938,319.1224670410156,0.0108230081340718,0.0069441048283746,0.024439565453469,0.0119511515913416,320.1629333496094,-0.00045604121617420085,-0.007001733489402015,0.011399029046803299,0.0010947974115498305,1,0.003260398173281942,-0.0021656007617321116,0,1
AAPL,2023-08-03,2023-08-03T16:30:21-04:00,0000320193-23-000075,1,1,3,2,1,2.02|9.01,8-K|EX-99.1,1,0,0,1.0,0.0,0.0,1.0,3.264194914365248e-09,4.524494912061528e-08,0.9999999967358052,0.9999999967358052,0.9999999967358052,0.9999999967358052,1.0,3.264194914365248e-09,EX-99.1,0.0,EX-99.1,0.0,0,0,0,0,1,0,0,0,0,0,0,AFTER_HOURS,2023-08-03T09:30:00-04:00,2023-08-03T16:00:00-04:00,2023-08-03,2023-08-04,0.99984758994858,3,0.00015240678722516776,188.36453247070312,-0.0073486732260163,-0.027245018957542,-0.0106664959912278,0.0091770911749501,1.2206758916252258,49.87390294069425,-0.0074221990920753,-0.0020880573157595,0.0087879515189227,179.31927490234375,367.3753662109375,-0.0016038593000059,-0.0261144025376517,-0.0075424937893042,0.011035214456835,365.6553649902344,-0.0057448139260104,-0.0011306164198903006,-0.0031240022019235992,-0.048019961346843276,0,-0.004681863235532102,-0.043338098111311174,0,1
AAPL,2023-11-02,2023-11-02T16:30:32-04:00,0000320193-23-000104,1,1,3,2,1,2.02|9.01,8-K|EX-99.1,1,0,0,1.0,0.0,0.0,0.9999997615814208,6.9570491589843195e-09,2.2115834497071774e-07,0.9999997546243716,0.9999997546243716,0.9999997546243716,0.9999997546243716,0.9999997615814208,6.9570491589843195e-09,EX-99.1,0.0,EX-99.1,0.0,0,0,0,0,1,0,0,0,0,0,0,AFTER_HOURS,2023-11-02T09:30:00-04:00,2023-11-02T16:00:00-04:00,2023-11-02,2023-11-03,0.9999613080398683,3,3.8446584503359915e-05,175.20042419433594,0.0204821826631545,0.0418622665236405,0.0620299507362349,0.0128622951728099,1.4388239177117477,56.67663489907698,0.0148221347978318,0.0116795977772172,0.0130652248112694,174.29263305664062,357.7200622558594,0.017990593572641,0.0399694365940617,0.0559614947038525,0.0138742373478903,361.9228515625,0.002491589090513502,0.0018928299295788015,0.006068456032382402,-0.005181443720069789,0,0.011748821914367769,-0.016930265634437558,0,1
AAPL,2024-02-01,2024-02-01T16:30:30-05:00,0000320193-24-000005,1,1,3,2,1,2.02|9.01,8-K|EX-99.1,1,0,0,1.0,0.0,0.0,0.9999849796295166,1.8463710560467923e-08,1.5022112165752333e-05,0.999984961165806,0.999984961165806,0.999984961165806,0.999984961165806,0.9999849796295166,1.8463710560467923e-08,EX-99.1,0.0,EX-99.1,0.0,0,0,0,0,1,0,0,0,0,0,0,AFTER_HOURS,2024-02-01T09:30:00-05:00,2024-02-01T16:00:00-05:00,2024-02-01,2024-02-02,0.9999997153618022,3,-1.475419599616945e-05,184.6093292236328,0.0132524684112008,-0.0257284482613188,-0.0383743960093907,0.0143598830109484,1.174394148210216,45.0816645389481,-0.0058469294399802,0.0155986468367932,0.0167504528192217,183.6114959716797,416.2885437011719,0.0117066747581215,-0.0147525924653836,-0.0105396441629384,0.0100575072703601,423.3240356445313,0.0015457936530793009,-0.010975855795935201,-0.027834751846452302,-0.005405107402477793,0,0.016900517801445414,-0.022305625203923207,0,1
AAPL,2024-02-28,2024-02-28T17:09:05-05:00,0001140361-24-010155,1,0,2,2,0,5.07,8-K,0,0,0,,,,,,,,,,,,,,,,,0,0,0,0,0,0,0,0,1,0,0,AFTER_HOURS,2024-02-28T09:30:00-05:00,2024-02-28T16:00:00-05:00,2024-02-28,2024-02-29,,,,179.4635467529297,-0.00664751406534,-0.0060450403565492,-0.0049485720589248,0.0071219747759055,0.900513426514485,39.712661534653314,-0.0186851901597328,-0.005972255606253,0.0164810399324919,178.80079650878906,429.50103759765625,-0.0053387566137975,-0.0034630447357934,0.0224429815056565,0.0108002765027742,433.18157958984375,-0.0013087574515425002,-0.0025819956207557998,-0.0273915535645813,-0.0036929518898511926,0,0.008569343656942063,-0.012262295546793256,0,1
AAPL,2024-05-02,2024-05-02T16:30:34-04:00,0000320193-24-000067,1,1,4,2,2,2.02|9.01,8-K|EX-99.1,1,0,1,0.5,0.0,0.5,0.4983063394326272,3.357144038318438e-07,0.5016932976432145,0.4983060037182234,0.4983060037182234,-2.581215383656854e-07,0.9966122655579852,0.9966126084327698,3.428747845646285e-07,EX-99.1,0.0,EX-99.1,0.0,0,0,0,0,1,0,0,0,0,0,0,AFTER_HOURS,2024-05-02T09:30:00-04:00,2024-05-02T16:00:00-04:00,2024-05-02,2024-05-03,0.9999949041753275,3,-0.5016889004571041,171.16403198242188,0.0217927807881576,-0.0027125428506583,0.0183137429155102,0.014679739213395,1.6338804897918129,54.16139134721224,0.018935389035789,0.0030143428729882,0.0146217349427594,181.4024200439453,421.7989807128906,0.0126826167777383,-0.0136105240038274,0.0057554847568443,0.0124887658786269,430.2764892578125,0.0091101640104193,0.0108979811531691,0.012558258158665899,0.05981623558958282,1,0.020098456688050437,0.039717778901532386,1,1
AAPL,2024-05-03,2024-05-03T16:35:42-04:00,0001140361-24-024352,1,1,27,2,25,7.01|9.01,8-K|EX-99.1|EX-99.2,0,0,25,0.0,0.0,1.0,0.000430976405405,0.0013635993323077,0.9982054257392884,-0.0009326229269026,2.4261553335236385e-05,-0.0216067598666995,0.0031425863126059,0.0036845135036855,0.0252912733703851,EX-99.2,3.0,EX-99.2,3.0,0,0,0,0,0,0,0,0,0,1,0,AFTER_HOURS,2024-05-03T09:30:00-04:00,2024-05-03T16:00:00-04:00,2024-05-03,2024-05-06,0.832763573169467,3,-0.8336961960963696,181.4024200439453,0.0580955304435973,0.0738226989104357,0.079888311231755,0.0204922972027161,2.734585047781158,66.84598488016508,0.0755141712064557,-0.0175193630892129,0.0236666824208238,179.7504119873047,430.2764892578125,0.0198991488025845,0.0253249733047643,0.0103408144071349,0.0129802610479792,434.9894714355469,0.0381963816410128,0.04849772560567141,0.0695474968246201,-0.009106868895356612,0,0.010953380664288304,-0.020060249559644916,0,1
AAPL,2024-08-01,2024-08-01T16:30:26-04:00,0000320193-24-000080,1,1,3,2,1,2.02|9.01,8-K|EX-99.1,1,0,0,1.0,0.0,0.0,0.9999953508377076,1.6293993709837196e-08,4.660547801904613e-06,0.9999953345437138,0.9999953345437138,0.9999953345437138,0.9999953345437138,0.9999953508377076,1.6293993709837196e-08,EX-99.1,0.0,EX-99.1,0.0,0,0,0,0,1,0,0,0,0,0,0,AFTER_HOURS,2024-08-01T09:30:00-04:00,2024-08-01T16:00:00-04:00,2024-08-01,2024-08-02,0.4991194473190423,3,0.5008758872246715,216.29815673828125,-0.0168925366321536,0.0005496273042251,0.0039921372457947,0.0140716299496685,1.2081565305083155,48.52354029646096,-0.0297181499128771,-0.0267860883256556,0.0341637270297959,217.78399658203125,454.8894348144531,-0.0245196466558531,-0.009181901120976,0.0030286359918047,0.0176469417814046,444.0926208496094,0.0076271100236995,0.0097315284252011,0.0009635012539900003,0.00686940594481289,1,-0.023735029082941228,0.030604435027754118,1,1
AAPL,2024-08-23,2024-08-23T16:30:44-04:00,0001140361-24-038403,1,0,2,2,0,5.03|9.01,8-K,0,0,0,,,,,,,,,,,,,,,,,0,0,0,0,0,0,0,1,0,0,0,AFTER_HOURS,2024-08-23T09:30:00-04:00,2024-08-23T16:00:00-04:00,2024-08-23,2024-08-26,,,,224.95816040039065,0.010235508220597,0.0014557295183131,0.0034885778151821,0.0086526026482438,0.740875750217796,60.64994856752168,0.0329264757457361,0.0052290731925546,0.0171486486177423,225.2953491210937,475.018310546875,0.0107871540954773,-0.0005415676408518,0.0104081604667279,0.0131896526684339,470.40667724609375,-0.0005516458748803001,0.0019972971591649,-0.0069195826515458005,0.0014988952616916684,1,-0.009708327444203135,0.011207222705894804,1,1
AAPL,2024-08-26,2024-08-26T17:20:33-04:00,0001140361-24-038601,1,0,1,1,0,5.02,8-K,0,0,0,,,,,,,,,,,,,,,,,0,0,0,0,0,0,1,0,0,0,0,AFTER_HOURS,2024-08-26T09:30:00-04:00,2024-08-26T16:00:00-04:00,2024-08-26,2024-08-27,,,,225.2953491210937,0.0014977730394449,0.0034392396873167,0.0056943568464867,0.0075371346295852,0.5878409424449045,61.11819936378215,0.0323142160452785,0.0018521704847396,0.0149220860064312,226.1383056640625,470.40667724609375,-0.0097557605018517,-0.0149505906939933,-0.0123980066034453,0.0138907464558513,471.81195068359375,0.0112535335412966,0.01838983038131,0.018092363449932,0.003741562115051611,1,0.002987358610058166,0.0007542035049934448,1,1
AAPL,2024-09-10,2024-09-10T09:06:34-04:00,0001140361-24-040659,1,0,2,2,0,7.01,8-K,0,0,0,,,,,,,,,,,,,,,,,0,0,0,0,0,0,0,0,0,1,0,PRE_MARKET,2024-09-10T09:30:00-04:00,2024-09-10T16:00:00-04:00,2024-09-09,2024-09-10,,,,219.077377319336,0.0004073975026341,0.0002716031158895,-0.0359666297060768,0.0102360849490593,1.6114562594449375,46.71209722995812,-0.0159209614026197,0.0004075551802624,0.0206418789688149,218.2840118408203,449.7433776855469,0.0127777381102457,-0.0134418179485218,-0.0468749635467274,0.0135838804954102,453.8998107910156,-0.0123703406076116,0.0137134210644113,0.010908333840650597,-0.0036213939030282916,0,0.009241788343518076,-0.012863182246546367,0,1
AAPL,2024-10-31,2024-10-31T16:30:25-04:00,0000320193-24-000120,1,1,4,2,2,2.02|9.01,8-K|EX-99.1,1,0,1,0.5,0.0,0.5,0.4999602149164275,1.123789004608966e-05,0.5000285596652247,0.4999489770263814,0.4999489770263814,-2.8196536732139066e-06,0.999900773706436,0.9999008178710938,2.2431615434470583e-05,EX-99.1,0.0,EX-99.1,1.0,0,0,0,0,1,0,0,0,0,0,0,AFTER_HOURS,2024-10-31T09:30:00-04:00,2024-10-31T16:00:00-04:00,2024-10-31,2024-11-01,0.4991229051116782,3,0.0008260719147032414,224.03591918945312,-0.0183771817113297,-0.0326169260957078,-0.0204177958913905,0.0117723016975018,1.6715158381527506,43.513004269037886,-0.0204719503579817,-0.0149559288852862,0.0197424046813702,221.060775756836,479.5012512207031,-0.025566895531953,-0.0235905892562794,-0.0173540052491411,0.0104336315548345,483.0490417480469,0.007189713820623302,-0.009026336839428401,-0.0030637906422493998,-0.013279760867725976,0,0.007398918184909675,-0.02067867905263565,0,1
AAPL,2025-01-03,2025-01-03T16:30:56-05:00,0001140361-25-000228,1,0,2,2,0,5.02,8-K,0,0,0,,,,,,,,,,,,,,,,,0,0,0,0,0,0,1,0,0,0,0,AFTER_HOURS,2025-01-03T09:30:00-05:00,2025-01-03T16:00:00-05:00,2025-01-03,2025-01-06,,,,241.60665893554688,-0.002011499191627,-0.0356805786124285,-0.0623634740720052,0.0134074880432049,0.8502346199321889,45.36379183335617,-0.0261198224873634,0.0,0.0094099000673465,243.2348480224609,514.7477416992188,0.0162325322167219,0.0057434762396578,-0.0210278811047981,0.0143818920395136,520.6637573242188,-0.018244031408348897,-0.0414240548520863,-0.0413355929672071,0.00673900750123102,1,0.01149303852304584,-0.00475403102181482,0,1
AAPL,2025-01-30,2025-01-30T16:30:23-05:00,0000320193-25-000007,1,1,3,2,1,2.02|9.01,8-K|EX-99.1,1,0,0,1.0,0.0,0.0,0.9999996423721312,6.8808234665596055e-09,3.161626693781727e-07,0.999999635491308,0.999999635491308,0.999999635491308,0.999999635491308,0.9999996423721312,6.8808234665596055e-09,EX-99.1,0.0,EX-99.1,0.0,0,0,0,0,1,0,0,0,0,0,0,AFTER_HOURS,2025-01-30T09:30:00-05:00,2025-01-30T16:00:00-05:00,2025-01-30,2025-01-31,0.4996705628810642,3,0.5003290726102438,235.87823486328125,-0.0074221967659139,0.0330759757438117,0.0604195132011313,0.021962711357902,0.9951452556842436,51.29271637692968,0.0096979267595465,-0.0045250841720381,0.0150679179571782,234.2996826171875,519.184814453125,0.0042535225735481,0.0170455257102137,-0.0181687731606928,0.0136836136442737,518.4303588867188,-0.011675719339462,0.016030450033598,0.0785882863618241,-0.006692233588269425,0,-0.0014531541474319676,-0.0052390794408374575,0,1
AAPL,2025-02-25,2025-02-25T16:47:19-05:00,0001140361-25-005876,1,0,2,2,0,5.07,8-K,0,0,0,,,,,,,,,,,,,,,,,0,0,0,0,0,0,0,0,1,0,0,AFTER_HOURS,2025-02-25T09:30:00-05:00,2025-02-25T16:00:00-05:00,2025-02-25,2025-02-26,,,,245.52981567382807,-0.0002427764314725,0.0049100392788926,0.0104576709320956,0.011548317062822,0.9193427447952808,62.907156382890925,0.0377308397319446,-0.0038709948139805,0.0206039365132073,238.890625,509.5266723632813,-0.0126794469343263,-0.0455268125944786,-0.0495022210932484,0.0100500898546168,510.7574768066406,0.0124366705028538,0.0504368518733712,0.059959892025344005,-0.02704026252619296,0,0.002415583933321086,-0.029455846459514046,0,1
AAPL,2025-05-01,2025-05-01T16:30:21-04:00,0000320193-25-000055,1,1,3,2,1,2.02|9.01,8-K|EX-99.1,1,0,0,1.0,0.0,0.0,0.999998927116394,6.050785206213049e-09,1.1013286211891682e-06,0.9999989210656088,0.9999989210656088,0.9999989210656088,0.9999989210656088,0.999998927116394,6.050785206213049e-09,EX-99.1,0.0,EX-99.1,0.0,0,0,0,0,1,0,0,0,0,0,0,AFTER_HOURS,2025-05-01T09:30:00-04:00,2025-05-01T16:00:00-04:00,2025-05-01,2025-05-02,0.8333146490204678,3,0.16668427204514102,212.01596069335932,0.0038514691279511,0.0150195208207578,0.0234781063349267,0.020458203905605,0.7303518307493785,54.81716170040826,0.0689785614670241,0.0202793450164122,0.0265329245629869,204.0946807861328,478.8334655761719,0.0129762214003989,0.0194327233505996,0.0302014531451801,0.0171104332591669,485.9411926269531,-0.0091247522724478,-0.0044132025298418,-0.006723346810253401,-0.0373617150393839,0,0.014843839375822787,-0.05220555441520669,0,1
AAPL,2025-05-12,2025-05-12T16:30:28-04:00,0001140361-25-018400,1,0,3,3,0,8.01|9.01,8-K,0,0,0,,,,,,,,,,,,,,,,,0,0,0,0,0,0,0,0,0,0,1,AFTER_HOURS,2025-05-12T09:30:00-04:00,2025-05-12T16:00:00-04:00,2025-05-12,2025-05-13,,,,209.7761383056641,0.0612326226551032,0.0727835943182606,0.0594209933849808,0.0235838596091006,1.1070753683637502,55.12351657949864,0.0386318331154478,-0.0008532394820531,0.021443163415852,211.9058380126953,504.8488159179688,0.0399321891312732,0.0495485237314154,0.0441215570333222,0.0135716766598759,512.5430908203125,0.02130043352383,0.023235070586845208,0.015299436351658605,0.010152249556277138,1,0.01524075061630703,-0.005088501060029893,0,1
AAPL,2025-07-08,2025-07-08T21:18:13-04:00,0001140361-25-025275,1,0,1,1,0,5.02,8-K,0,0,0,,,,,,,,,,,,,,,,,0,0,0,0,0,0,1,0,0,0,0,AFTER_HOURS,2025-07-08T09:30:00-04:00,2025-07-08T16:00:00-04:00,2025-07-08,2025-07-09,,,,208.9998779296875,0.0002857234776249,-0.0115044833481189,0.0233162766123388,0.0122325166746944,0.7440402754044184,60.10642722144362,0.0359174674165594,-0.0004284226276285,0.0141897805127653,210.1244659423828,549.6926879882812,0.0005615508635969,0.0027923181576399,0.0012683802089709,0.0077618812653079,553.5838623046875,-0.000275827385972,-0.014296801505758799,0.022047896403367902,0.005380807031254209,1,0.007078817676558158,-0.001698010645303949,0,1
AAPL,2025-07-25,2025-07-25T16:30:49-04:00,0001140361-25-027340,1,0,1,1,0,5.02,8-K,0,0,0,,,,,,,,,,,,,,,,,0,0,0,0,0,0,1,0,0,0,0,AFTER_HOURS,2025-07-25T09:30:00-04:00,2025-07-25T16:00:00-04:00,2025-07-25,2025-07-28,,,,212.8512725830078,0.0005612560321282,-0.0024283329186468,0.0127043240845077,0.0055920216324579,0.7743354472276205,63.14298442508368,0.0154564233129164,-0.003819245817816,0.008603008952089,213.0204620361328,563.6553344726562,0.002404097108604,0.0090811351626199,0.0090633239264283,0.0036774711357014,565.4168090820312,-0.0018428410764757999,-0.0115094680812667,0.0036410001580794004,0.000794871701126576,1,0.0031250917034661985,-0.0023302200023396225,0,1
AAPL,2025-07-31,2025-07-31T16:30:25-04:00,0000320193-25-000071,1,1,3,2,1,2.02|9.01,8-K|EX-99.1,1,0,0,1.0,0.0,0.0,0.9999985694885254,7.422177095151028e-09,1.4606850982090691e-06,0.9999985620663484,0.9999985620663484,0.9999985620663484,0.9999985620663484,0.9999985694885254,7.422177095151028e-09,EX-99.1,0.0,EX-99.1,0.0,0,0,0,0,1,0,0,0,0,0,0,AFTER_HOURS,2025-07-31T09:30:00-04:00,2025-07-31T16:00:00-04:00,2025-07-31,2025-08-01,0.8333158445277661,3,0.16668271753858233,206.57162475585932,-0.0071047699294682,-0.0307410236126222,-0.0293852116225722,0.0070383537798462,1.7534586135907906,45.11823591285084,-0.0180987151073442,-0.0044126727646688,0.012911271287837,201.40658569335932,562.3018798828125,-0.0053132568329536,-0.0055243158626291,0.0,0.0037321018522324,551.2251586914062,-0.0017915130965146,-0.0252167077499931,-0.0293852116225722,-0.025003623167530353,0,-0.019698886999479193,-0.005304736168051161,0,1
AAPL,2025-10-30,2025-10-30T16:30:35-04:00,0000320193-25-000077,1,1,3,2,1,2.02|9.01,8-K|EX-99.1,1,0,0,1.0,0.0,0.0,0.9999990463256836,9.13731224017056e-09,9.096787607631996e-07,0.9999990371883714,0.9999990371883714,0.9999990371883714,0.9999990371883714,0.9999990463256836,9.13731224017056e-09,EX-99.1,0.0,EX-99.1,0.0,0,0,0,0,1,0,0,0,0,0,0,AFTER_HOURS,2025-10-30T09:30:00-04:00,2025-10-30T16:00:00-04:00,2025-10-30,2025-10-31,0.9999990395410885,3,-2.3527171322257345e-09,270.401123046875,0.0062834516395499,0.0095888501702617,0.0445288953668772,0.0134100684102098,1.5663039304005368,71.08555064719391,0.0523784636299242,-0.0021691840107138,0.020854840786283,269.3749389648437,623.7715454101562,-0.0154067291234822,-0.0032532556335968,0.0250209117473581,0.0103572401449844,626.7805786132812,0.0216901807630321,0.0128421058038585,0.019507983619519102,-0.0037950437130892523,0,0.004823934700558308,-0.00861897841364756,0,1
AAPL,2025-12-05,2025-12-05T16:31:42-05:00,0001140361-25-044561,1,0,1,1,0,5.02,8-K,0,0,0,,,,,,,,,,,,,,,,,0,0,0,0,0,0,1,0,0,0,0,AFTER_HOURS,2025-12-05T09:30:00-05:00,2025-12-05T16:00:00-05:00,2025-12-05,2025-12-08,,,,278.02325439453125,-0.0068634581389803,-0.0262329030399732,-0.0002510039760595,0.0113233447935531,1.0250542527862667,59.50595212175106,0.0146439474435573,-0.0062736497897524,0.0110841052765591,277.1356506347656,623.20361328125,0.0040690601080226,0.0055791821224283,0.0100102039474948,0.0116046205788194,622.008056640625,-0.0109325182470029,-0.0318120851624015,-0.0102612079235543,-0.003192552226246703,0,-0.0019184045392969251,-0.001274147686949778,0,1
AAPL,2026-01-02,2026-01-02T16:30:52-05:00,0001140361-26-000199,1,0,1,1,0,5.02,8-K,0,0,0,,,,,,,,,,,,,,,,,0,0,0,0,0,0,1,0,0,0,0,AFTER_HOURS,2026-01-02T09:30:00-05:00,2026-01-02T16:00:00-05:00,2026-01-02,2026-01-05,,,,270.2743225097656,-0.0031314857915477,-0.0100961584268872,-0.0102786770242003,0.0062752529639814,0.91809786968276,43.835335160351455,-0.0138474809984938,-0.0045911994239479,0.0326187078681545,266.5345153808594,611.6757202148438,-0.0019389085586393,-0.0125609569694993,-0.0174775236125914,0.0098298852519125,616.5341796875,-0.0011925772329084,0.0024647985426121,0.0071988465883911,-0.013837078913669698,0,0.007942867947986931,-0.02177994686165663,0,1
AAPL,2026-01-29,2026-01-29T16:30:33-05:00,0000320193-26-000005,1,1,3,2,1,2.02|9.01,8-K|EX-99.1,1,0,0,1.0,0.0,0.0,1.0,3.081718880082462e-09,1.3287168698639109e-08,0.9999999969182812,0.9999999969182812,0.9999999969182812,0.9999999969182812,1.0,3.081718880082462e-09,EX-99.1,0.0,EX-99.1,0.0,0,0,0,0,1,0,0,0,0,0,0,AFTER_HOURS,2026-01-29T09:30:00-05:00,2026-01-29T16:00:00-05:00,2026-01-29,2026-01-30,0.9999988401067762,3,1.156811505031996e-06,257.5788879394531,0.0071494947315545,0.0111741858597371,0.0392052304937022,0.0139721673007264,1.4466835908548292,46.324436482577774,4.455881334886058e-05,0.001085266586422,0.0202880217560038,258.775634765625,627.947265625,-0.0060032571173296,0.0063272438599878,0.0138701478744769,0.0090596830483788,620.4050903320312,0.0131527518488841,0.0048469419997493,0.025335082619225298,0.0046461370951069725,1,-0.012010841842685638,0.01665697893779261,1,1
AAPL,2026-02-24,2026-02-24T16:55:58-05:00,0001140361-26-006577,1,0,3,3,0,5.07|9.01,8-K,0,0,0,,,,,,,,,,,,,,,,,0,0,0,0,0,0,0,0,1,0,0,AFTER_HOURS,2026-02-24T09:30:00-05:00,2026-02-24T16:00:00-05:00,2026-02-24,2026-02-25,,,,271.6552429199219,0.0221440517351656,0.0434069193079004,0.0308222372353688,0.0215024697056742,0.8470470300222758,56.94532304891592,0.020540281475843,0.0159786064770275,0.0263835628973374,273.74151611328125,606.4380493164062,0.0106842149453879,0.0072647363859012,0.0108671357578709,0.0119947990757431,615.227294921875,0.011459836789777699,0.0361421829219992,0.019955101477497898,0.007679856169661159,1,0.014493229135896346,-0.006813372966235187,0,1
AAPL,2026-04-20,2026-04-20T17:29:51-04:00,0001140361-26-015711,1,0,2,2,0,5.02,8-K,0,0,0,,,,,,,,,,,,,,,,,0,0,0,0,0,0,1,0,0,0,0,AFTER_HOURS,2026-04-20T09:30:00-04:00,2026-04-20T16:00:00-04:00,2026-04-20,2026-04-21,,,,272.5635681152344,0.0103813512370385,0.0245433016242634,0.0520548106865453,0.0150397891050529,0.8280217877840864,66.53302888824658,0.0598161476457905,0.0100617813628161,0.0146126731834915,265.69586181640625,646.0799560546875,-0.0031798994389941,0.0146241816023019,0.0465206724263519,0.0106723714463918,643.6226806640625,0.0135612506760326,0.009919120021961502,0.0055341382601934025,-0.025196714096157535,0,-0.00380336112828894,-0.021393352967868595,0,1
AAPL,2026-04-30,2026-04-30T16:30:41-04:00,0000320193-26-000011,1,1,4,2,2,2.02|9.01,8-K|EX-99.1,1,0,1,0.5,0.0,0.5,0.5000000369220068,1.995260563436574e-07,0.4999997730646885,0.4999998373959505,0.4999998373959505,-3.2132648897231775e-07,0.99999999611839,1.0,3.9517050254289643e-07,EX-99.1,0.0,EX-99.1,1.0,0,0,0,0,1,0,0,0,0,0,0,AFTER_HOURS,2026-04-30T09:30:00-04:00,2026-04-30T16:00:00-04:00,2026-04-30,2026-05-01,0.9999991987243337,3,-0.49999936132838324,270.8666381835937,0.0043581821011512,0.0138789162943362,-0.0076360319726716,0.0160765360813548,2.2520360975237783,58.74759718636176,0.0233907693337422,0.0031423515841613,0.0289662250774523,279.6409912109375,667.0069580078125,0.0092830500147749,0.0052703360300055,0.0247442484864788,0.0094859225290591,673.4099731445312,-0.0049248679136237,0.008608580264330699,-0.0323802804591504,0.032393627676644776,1,0.009599622702352262,0.022794004974292514,1,1
AAPL,2026-07-30,2026-07-30T16:30:28-04:00,0000320193-26-000018,1,1,3,2,1,2.02|9.01,8-K|EX-99.1,1,0,0,1.0,0.0,0.0,0.9999710321426392,4.0104367826643283e-08,2.893399869208224e-05,0.9999709920382712,0.9999709920382712,0.9999709920382712,0.9999709920382712,0.9999710321426392,4.0104367826643283e-08,EX-99.1,0.0,EX-99.1,0.0,0,0,0,0,1,0,0,0,0,0,0,AFTER_HOURS,2026-07-30T09:30:00-04:00,2026-07-30T16:00:00-04:00,2026-07-30,2026-07-31,0.8333329571675344,3,0.1666380348707368,333.1426696777344,-0.014174985441458,-0.0103829409058089,0.0359377658431639,0.0177057441953232,1.5091014178446909,61.66274368823122,0.0279849012932242,0.0009906531558665,0.0154755234245733,308.6438293457031,683.5499877929688,0.0324422002785048,0.0020942002332914,-0.0122283937132898,0.0156601544305481,687.989990234375,-0.0466171857199628,-0.012477141139100301,0.0481661595564537,-0.07353858440208272,0,0.00649550511403274,-0.08003408951611546,0,1
MSFT,2020-01-29,2020-01-29T16:03:50-05:00,0001193125-20-018383,1,1,8,2,6,2.02|9.01,8-K|EX-99.1,5,0,1,0.8333333333333334,0.0,0.1666666666666666,0.8452739007771015,2.4248237333601708e-06,0.154723696696692,0.8452714759533682,0.9999691871560366,0.0736660675656821,0.9999997577763264,0.9999997615814208,1.378939032292692e-05,EX-99.1,2.0,EX-99.1,1.0,0,0,0,0,1,0,0,0,0,0,0,AFTER_HOURS,2020-01-29T09:30:00-05:00,2020-01-29T16:00:00-05:00,2020-01-29,2020-01-30,,0,,158.8434600830078,0.0154725466803713,0.0180143748537097,0.0140230803249789,0.0113679537673145,1.476548959528891,65.81835667814809,0.0313409825869228,0.0011915929016081,0.0182099362107405,163.32408142089844,213.5279083251953,0.0016243270379006,-0.0040044014931252,-0.0092444174115148,0.0090627062550732,214.2884063720703,0.0138482196424707,0.022018776346834898,0.023267497736493697,0.028207779757184692,1,0.0035615861778441893,0.024646193579340503,1,1
MSFT,2020-02-26,2020-02-26T17:10:49-05:00,0001193125-20-050232,1,1,3,2,1,7.01|9.01,8-K|EX-99.1,0,0,1,0.0,0.0,1.0,0.0028801101725548,0.1989330351352691,0.7981867790222168,-0.1960529249627143,-0.1960529249627143,-0.1960529249627143,-0.1960529249627143,0.0028801101725548,0.1989330351352691,EX-99.1,0.0,EX-99.1,0.0,0,0,0,0,0,0,0,0,0,1,0,AFTER_HOURS,2020-02-26T09:30:00-05:00,2020-02-26T16:00:00-05:00,2020-02-26,2020-02-27,0.8452714759533682,1,-1.0413244009160825,161.29623413085938,0.0124171951575446,-0.048295007950914,-0.0958068838090919,0.0201439988279527,1.4256042181130495,43.466717677597295,-0.0492358078249131,0.0027104557001973,0.0296761347317821,149.93148803710938,208.3968811035156,0.0051404095232012,-0.0617547301190839,-0.0904778074125662,0.0152637247138605,197.9616241455078,0.0072767856343434,0.013459722168169902,-0.005329076396525703,-0.07045884335110886,0,-0.05007395937381787,-0.02038488397729099,0,1
MSFT,2020-03-13,2020-03-13T17:11:53-04:00,0001193125-20-073072,1,1,4,2,2,5.02|9.01,8-K|EX-99.1,1,0,1,0.5,0.0,0.5,0.4664017594864162,8.129493153319345e-06,0.5335900746285915,0.4663936299932629,0.4663936299932629,-1.4666616152680945e-06,0.9327887266481412,0.9328011274337769,1.2400785635691136e-05,EX-99.1,0.0,EX-99.1,0.0,0,0,0,0,0,0,1,0,0,0,0,AFTER_HOURS,2020-03-13T09:30:00-04:00,2020-03-13T16:00:00-04:00,2020-03-13,2020-03-16,0.3246092754953269,2,0.14178435449793597,150.54757690429688,0.1329286842342027,-0.0130730266718143,-0.0171040603449407,0.0646510721906784,1.567691231401636,46.50120554811939,-0.0517401052210232,0.0768135717359639,0.1333501711918331,128.35833740234375,185.1582946777344,0.0813084106404998,-0.0593943263500672,-0.0783693478872854,0.0514082450158384,162.97854614257812,0.0516202735937029,0.0463212996782529,0.061265287542344705,-0.1473902135008046,0,-0.11978803635969881,-0.0276021771411058,0,1
MSFT,2020-03-31,2020-03-31T06:10:19-04:00,0001193125-20-091746,1,1,6,2,4,7.01|9.01,8-K|EX-99.1,0,0,4,0.0,0.0,1.0,0.0049416805868531,0.0279833643580786,0.9670749753713608,-0.0230416837712254,-0.0275977984128985,-0.0497390718010137,0.0127679335419088,0.0128984143957495,0.0498046539723873,EX-99.1,0.0,EX-99.1,3.0,0,0,0,0,0,0,0,0,0,1,0,PRE_MARKET,2020-03-31T09:30:00-04:00,2020-03-31T16:00:00-04:00,2020-03-30,2020-03-31,0.3718707269946389,3,-0.3949124107658643,151.8745880126953,0.0679770795001335,0.0867217648854962,0.164102289994986,0.0798244609857404,0.8620706997936586,52.71474680965024,0.0591303013994013,0.0511020280856204,0.0660925661802259,149.48602294921875,185.2634429931641,0.0357276501933685,0.0520500816661404,0.1192029871329772,0.0635856341821827,183.6812896728516,0.032249429306765,0.0346716832193558,0.0448993028620088,-0.015727220035499978,0,-0.008540018984592002,-0.0071872010509079765,0,1
MSFT,2020-04-29,2020-04-29T16:03:54-04:00,0001193125-20-126089,1,1,7,2,5,2.02|9.01,8-K|EX-99.1,5,0,0,1.0,0.0,0.0,0.9157213926315309,0.0476592085925778,0.0366193878926495,0.8680621840389529,0.9999888923526612,0.5246735513210297,0.9999998712649578,0.9999998807907104,0.2374583780765533,EX-99.1,0.0,EX-99.1,1.0,0,0,0,0,1,0,0,0,0,0,0,AFTER_HOURS,2020-04-29T09:30:00-04:00,2020-04-29T16:00:00-04:00,2020-04-29,2020-04-30,0.08243300708644108,3,0.7856291769525118,168.1776885986328,0.0438959721026388,0.0163650787202581,0.0222833446865341,0.0268202423611018,1.0712944754283087,58.47659453388567,0.0528034112162736,0.0243043033449359,0.0326888803042848,169.86483764648438,211.2720947265625,0.0348467600146396,0.0238435230634559,0.037355634599741,0.0218886594339691,211.1852264404297,0.009049212087999199,-0.007478444343197797,-0.015072289913206898,0.010031943368409957,1,-0.0004111678177151079,0.010443111186125065,1,1
MSFT,2020-04-30,2020-04-30T16:07:50-04:00,0001193125-20-128779,1,1,15,2,13,8.01|9.01,8-K|EX-99.1,0,0,13,0.0,0.0,1.0,6.846652297554101e-06,2.498453817167956e-06,0.9999906558256882,4.348198480386145e-06,5.149833214090904e-06,-4.842615453526378e-06,1.6165204669960076e-05,1.817403062887024e-05,1.638751564314589e-05,EX-99.1,4.0,EX-99.1,12.0,0,0,0,0,0,0,0,0,0,0,1,AFTER_HOURS,2020-04-30T09:30:00-04:00,2020-04-30T16:00:00-04:00,2020-04-30,2020-05-01,0.4371380434203302,3,-0.4371336952218498,169.86483764648438,0.0099819574504775,0.0292155383058759,0.044441207718648,0.0268070160753596,1.157589508106268,59.67094165562771,0.0548837397322117,-0.0043888515896267,0.0232687797149815,165.46682739257812,211.1852264404297,-0.0004112523703799,0.0154212174435697,0.0390798497444505,0.0219257801581309,205.23301696777344,0.0103932098208574,0.013794320862306201,0.005361357974197498,-0.02589123396484916,0,-0.028184781544533077,0.002293547579683919,1,1
MSFT,2020-05-14,2020-05-14T16:55:20-04:00,0001193125-20-142890,1,1,18,2,16,8.01|9.01,8-K|EX-99.1|EX-99.2,0,0,16,0.0,0.0,1.0,1.4807860729604272e-05,7.995325089105165e-06,0.9999771863222122,6.812535640499107e-06,9.976975334780036e-07,-2.152596880478086e-05,9.446772219234845e-05,9.871052316157149e-05,3.4302483982173726e-05,EX-99.2,0.0,EX-99.1,5.0,0,0,0,0,0,0,0,0,0,0,1,AFTER_HOURS,2020-05-14T09:30:00-04:00,2020-05-14T16:00:00-04:00,2020-05-14,2020-05-15,0.28167494948873595,3,-0.28166813695309545,171.1160125732422,0.0043298418806961,-0.033820642477405,-0.01686260565646,0.0196331444669478,1.0790645919907724,56.12631155486177,0.0153571025742089,0.0168413067828903,0.0277516745111701,173.60885620117188,214.0022430419922,0.0112882628626071,-0.0224659110126294,4.527779837432317e-05,0.0171474863258758,215.39141845703125,-0.006958420981911,-0.011354731464775603,-0.016907883454834325,0.014568149353425763,1,0.006491405862351085,0.008076743491074678,1,1
MSFT,2020-06-01,2020-06-01T16:06:26-04:00,0001193125-20-157234,1,1,8,3,5,8.01|9.01,8-K|EX-99.1,0,0,5,0.0,0.0,1.0,6.5543636566189886e-06,9.160744070868532e-07,0.999992561340332,5.638289249532136e-06,1.694289892384404e-06,-1.031735322953864e-06,2.318941045587053e-05,2.3944534405018203e-05,1.2063273970852606e-06,EX-99.1,0.0,EX-99.1,1.0,0,0,0,0,0,0,0,0,0,0,1,AFTER_HOURS,2020-06-01T09:30:00-04:00,2020-06-01T16:00:00-04:00,2020-06-01,2020-06-02,0.2893577815910246,3,-0.28935214330177506,173.77871704101562,-0.0022946299411781,0.0055945409953529,-0.0037123810410019,0.0113125072681852,0.6568212007055289,56.20790638985095,0.0020763845496969,0.0015887397588938,0.0084230885013929,175.7557373046875,225.8007049560547,0.0029952757738174,0.0162382929285865,0.0189777400036515,0.0118811647400317,227.3153076171875,-0.0052899057149955,-0.010643751933233601,-0.0226901210446534,0.011376653581838037,1,0.006707696778128325,0.004668956803709712,1,1
MSFT,2020-06-26,2020-06-26T09:10:16-04:00,0001193125-20-180036,1,1,4,2,2,7.01|9.01,8-K|EX-99.1,1,0,1,0.5,0.0,0.5,0.5008574430248699,2.057874852745556e-06,0.4991405680183476,0.5008553851500173,0.5008553851500173,0.0017111460488195,0.999999624251215,0.9999996423721312,4.097628789168084e-06,EX-99.1,1.0,EX-99.1,0.0,0,0,0,0,0,0,0,0,0,1,0,PRE_MARKET,2020-06-26T09:30:00-04:00,2020-06-26T16:00:00-04:00,2020-06-25,2020-06-26,5.599674456805796e-06,3,0.5008497854755605,190.4218597412109,0.0125572311231475,-0.0011473854875479,0.0202700249484661,0.0221133064730927,0.7973422974919933,64.03368927488539,0.0477046680545012,0.0128412196508824,0.0256563815693567,186.61038208007807,237.76101684570312,0.0094744606072946,-0.0028818191342909,0.0088757402214206,0.0176182460223428,232.14633178710932,0.003082770515852899,0.001734433646743,0.011394284727045498,-0.020015967002489865,0,-0.023614826068133365,0.0035988590656435004,1,1
MSFT,2020-07-01,2020-07-01T09:01:57-04:00,0001193125-20-184744,1,0,1,1,0,5.02,8-K,0,0,0,,,,,,,,,,,,,,,,,0,0,0,0,0,0,1,0,0,0,0,PRE_MARKET,2020-07-01T09:30:00-04:00,2020-07-01T16:00:00-04:00,2020-06-30,2020-07-01,,,,193.43492126464844,0.0252284290849688,0.0156992063541262,0.0078928944443553,0.022089561513762,0.9691727514845008,64.78718200865303,0.0512829881636538,0.0284515336825346,0.0327256084864991,194.56602478027344,239.2782745361328,0.0194118276584043,0.0063611649358154,-0.0049956821539097,0.0194109224215388,242.07110595703125,0.0058166014265645,0.009338041418310801,0.012888576598264999,0.005847462848124874,1,0.011671897192976122,-0.005824434344851248,0,1
MSFT,2020-07-07,2020-07-07T09:32:33-04:00,0001193125-20-188481,1,0,1,1,0,5.02,8-K,0,0,0,,,,,,,,,,,,,,,,,0,0,0,0,0,0,1,0,0,0,0,INTRADAY,2020-07-07T09:30:00-04:00,2020-07-07T16:00:00-04:00,2020-07-06,2020-07-08,,,,200.2689666748047,0.0212978564786861,0.0347201647571254,0.0706383714211847,0.0151160504615164,0.8899346950823642,70.82965972578265,0.0701324739546707,0.0089546286490977,0.01442813758402,202.2935028076172,249.7056427001953,0.0242873697536157,0.0426555917189668,0.0729148816538548,0.0136286017514761,251.25180053710932,-0.002989513274929599,-0.0079354269618414,-0.002276510232670101,,,,,,0
MSFT,2020-07-22,2020-07-22T16:03:04-04:00,0001193125-20-197109,1,1,8,2,6,2.02|9.01,8-K|EX-99.1,4,0,2,0.6666666666666666,0.0,0.3333333333333333,0.6423109071971945,0.0037650027358703,0.3539240814748628,0.6385459044613242,0.9203571122635594,-0.0095001813024282,0.9999993424599438,0.9999994039535522,0.0225784089416265,EX-99.1,0.0,EX-99.1,1.0,0,0,0,0,1,0,0,0,0,0,0,AFTER_HOURS,2020-07-22T09:30:00-04:00,2020-07-22T16:00:00-04:00,2020-07-22,2020-07-23,0.16695594532496907,3,0.47158995913635515,201.2670135498047,0.0142690743968178,0.0427916608072381,0.0176757610630422,0.0190276249437815,1.4691842906565582,60.53749381748676,0.0255355154445795,0.0121893073085881,0.0184651884869391,192.512939453125,256.0258483886719,0.0035166545201677,0.021017399594867,0.0153283581079291,0.0129667636281213,249.33839416503903,0.0107524198766501,0.0217742612123711,0.0023474029551131016,-0.04349482780253722,0,-0.026120230694365865,-0.017374597108171352,0,1
MSFT,2020-08-03,2020-08-03T08:32:03-04:00,0001193125-20-207517,1,1,4,2,2,7.01|9.01,8-K|EX-99.1,0,0,2,0.0,0.0,1.0,0.0001124002101278,0.000103466988321,0.9997841119766236,8.933221806728401e-06,8.933221806728401e-06,-2.902465348597616e-05,4.689109709943296e-05,0.0001737935672281,0.0002028182207141,EX-99.1,1.0,EX-99.1,1.0,0,0,0,0,0,0,0,0,0,1,0,PRE_MARKET,2020-08-03T09:30:00-04:00,2020-08-03T16:00:00-04:00,2020-07-31,2020-08-03,0.379802309300197,3,-0.37979337607839025,194.86068725585932,0.0054290322862959,0.0146922368349761,0.0182623748742402,0.0196190906863994,1.4858119570545505,52.301340178876536,-0.0107628273747325,0.0029843474978794,0.0297059253688071,205.81988525390625,256.8569641113281,0.0176883049156152,0.03437015184384,0.0392495277493863,0.0143902642585542,260.3262634277344,-0.0122592726293193,-0.0196779150088639,-0.020987152875146103,0.05624119545291917,1,0.013506736437570721,0.04273445901534845,1,1
MSFT,2020-09-21,2020-09-21T16:05:56-04:00,0001193125-20-250163,1,1,5,2,3,7.01|9.01,8-K|EX-99.1,2,0,1,0.6666666666666666,0.0,0.3333333333333333,0.643296344269705,1.2280802697735755e-06,0.3567024029131667,0.6432951161894351,0.9300075580374596,5.095211719208237e-06,0.9998726953191266,0.9998729228973388,2.9991372230142588e-06,EX-99.1,0.0,EX-99.1,1.0,0,0,0,0,0,0,0,0,0,1,0,AFTER_HOURS,2020-09-21T09:30:00-04:00,2020-09-21T16:00:00-04:00,2020-09-21,2020-09-22,0.3798034076110494,3,0.2634917085783857,192.97830200195312,0.010671646624195,-0.0123167109681854,-0.0140708278932752,0.0285344610573315,1.0619060717815527,42.61081164577227,-0.0516081685697136,0.0271311465007779,0.0312530958866585,197.6279296875,258.51904296875,0.0023951025863421,-0.0261949160258004,-0.0281961355761408,0.0239827035183145,263.3220520019531,0.0082765440378529,0.013878205057614999,0.0141253076828656,0.02409404392779768,1,0.018578937079632096,0.005515106848165585,1,1
MSFT,2020-10-27,2020-10-27T16:12:57-04:00,0001193125-20-278410,1,1,6,2,4,2.02|9.01,8-K|EX-99.1,4,0,0,1.0,0.0,0.0,0.999994456768036,6.538254344601313e-07,4.893033173303252e-06,0.9999938029426014,0.9999946134764368,0.9999859925757376,0.9999999922417944,1.0,2.5348497274535475e-06,EX-99.1,0.0,EX-99.1,3.0,0,0,0,0,1,0,0,0,0,0,0,AFTER_HOURS,2020-10-27T09:30:00-04:00,2020-10-27T16:00:00-04:00,2020-10-27,2020-10-28,0.427283317957522,3,0.5727104849850795,203.1826934814453,0.0149765849172146,-0.0076613014009697,-0.0065435366111155,0.0155244092980941,1.376123293639813,49.94209624292695,-0.0044468448299993,0.0078453787553285,0.0203516827099208,193.1117248535156,273.15997314453125,0.0077783271132791,-0.0053628153975821,-0.006171907935188,0.0120591019005279,262.5103454589844,0.0071982578039355,-0.0022984860033876,-0.0003716286759275003,-0.04956607502030874,0,-0.03898677966230457,-0.01057929535800417,0,1
MSFT,2020-12-04,2020-12-04T15:27:34-05:00,0001193125-20-310549,1,0,3,3,0,5.07,8-K,0,0,0,,,,,,,,,,,,,,,,,0,0,0,0,0,0,0,0,1,0,0,INTRADAY,2020-12-04T09:30:00-05:00,2020-12-04T16:00:00-05:00,2020-12-03,2020-12-07,,,,204.66036987304688,-0.005260647835046,0.0007935974410376,0.0017283736215671,0.0089179200947703,0.8818716915637882,51.22248957231489,-0.0031503766178819,-0.0017240348359127,0.0127427694003452,204.7081451416016,294.0533752441406,0.0014143089941616,0.0154336639868324,0.0266438528953596,0.0067412094963918,296.9234924316406,-0.006674956829207599,-0.0146400665457948,-0.0249154792737925,,,,,,0
MSFT,2021-01-26,2021-01-26T16:04:05-05:00,0001193125-21-017683,1,1,6,2,4,2.02|9.01,8-K|EX-99.1,4,0,0,1.0,0.0,0.0,0.9999954104423524,1.9376734267106962e-07,4.405880933866513e-06,0.9999952166750096,0.9999996990881131,0.9999814755889248,0.9999999929348872,1.0,7.622269322382635e-07,EX-99.1,0.0,EX-99.1,3.0,0,0,0,0,1,0,0,0,0,0,0,AFTER_HOURS,2021-01-26T09:30:00-05:00,2021-01-26T16:00:00-05:00,2021-01-26,2021-01-27,0.5477659507846144,3,0.45222926589039514,221.94151306152344,0.0121251267744987,0.0321919125795294,0.0708454034357181,0.0170046060418754,1.8748288923510783,67.84764731158228,0.0543800631051711,0.0020270905695931,0.0176472724676685,222.4860076904297,318.121826171875,0.001461897335814,0.0068098317971098,0.0377720002999354,0.0122979734994513,309.253662109375,0.0106632294386847,0.0253820807824196,0.0330734031357827,0.002453324848494365,1,-0.027876628803547465,0.03032995365204183,1,1
MSFT,2021-02-16,2021-02-16T16:25:04-05:00,0001193125-21-044940,1,1,17,2,15,8.01|9.01,8-K|EX-99.1,0,0,15,0.0,0.0,1.0,1.0857975989135108e-05,4.554828759732269e-06,0.999984582265218,6.303147229402839e-06,5.007155778002925e-06,-6.555746040248778e-06,3.843401282210834e-05,7.682966679567471e-05,3.839565397356637e-05,EX-99.1,14.0,EX-99.1,14.0,0,0,0,0,0,0,0,0,0,0,1,AFTER_HOURS,2021-02-16T09:30:00-05:00,2021-02-16T16:00:00-05:00,2021-02-16,2021-02-17,0.881094711935682,3,-0.8810884087884526,232.8031463623047,-0.0052792217667798,0.0036178656164404,0.0050601734954812,0.0146432708166701,0.8422288838958722,67.03399246249914,0.0313250497769219,-0.0054279142867427,0.0131719604188133,233.8180389404297,324.850341796875,-0.0027085712987653,0.0083495116702845,0.0058583455963729,0.0136148833997397,323.29168701171875,-0.0025706504680145,-0.0047316460538441,-0.0007981721008917001,0.004359445282348329,1,-0.004798070325352621,0.00915751560770095,1,1
MSFT,2021-03-02,2021-03-02T17:19:56-05:00,0001193125-21-065751,1,1,20,2,18,8.01|9.01,8-K|EX-99.1|EX-99.2,0,0,18,0.0,0.0,1.0,1.831815865216413e-05,1.0879811554787013e-05,0.99997079372406,7.438347097377118e-06,1.4332534306049638e-06,-3.238863155274885e-05,4.833143452742661e-05,7.821091276127845e-05,4.1662289731903e-05,EX-99.1,6.0,EX-99.2,9.0,0,0,0,0,0,0,0,0,0,0,1,AFTER_HOURS,2021-03-02T09:30:00-05:00,2021-03-02T16:00:00-05:00,2021-03-02,2021-03-03,0.6666651075882801,3,-0.6666576692411827,223.9272003173828,-0.0130416836945992,0.0210871428277522,0.0025689014563507,0.0132362863080261,0.8837152726530363,48.81362180527421,-0.0228644422968828,-0.0132483838758871,0.0164621635263064,217.88546752929688,308.25634765625,-0.0161691279201042,0.0176483332020431,-0.0096273562328396,0.015600873218359,299.310791015625,0.003127444225505,0.0034388096257091,0.0121962576891903,-0.026980790093935392,0,-0.029019861905976274,0.0020390718120408824,1,1
MSFT,2021-03-17,2021-03-17T17:23:06-04:00,0001193125-21-084239,1,1,8,3,5,8.01|9.01,8-K|EX-99.1,0,0,5,0.0,0.0,1.0,8.8459216613046e-06,1.0316942166355148e-06,0.9999901294708252,7.814227444669086e-06,2.066554657176312e-06,9.926748134603258e-08,2.9218715212664392e-05,3.0500559660140425e-05,1.2818444474760329e-06,EX-99.1,0.0,EX-99.1,0.0,0,0,0,0,0,0,0,0,0,0,1,AFTER_HOURS,2021-03-17T09:30:00-04:00,2021-03-17T16:00:00-04:00,2021-03-17,2021-03-18,0.33333631938977876,3,-0.3333285051623341,226.9624481201172,-0.0028224487755676,0.0054570335769441,0.0196828889538939,0.0167362526142369,0.9728085432585224,54.00763113931582,0.0127340237150497,0.00376878853547,0.0224435009909781,220.9111175537109,311.6449279785156,0.0041091043303509,0.0202089405116084,0.0348340186283095,0.0206364708210587,302.0991516113281,-0.0069315531059185,-0.0147519069346643,-0.015151129674415603,-0.026662254555888887,0,-0.030630295923974038,0.003968041368085151,1,1
MSFT,2021-04-12,2021-04-12T10:51:09-04:00,0001193125-21-112687,1,1,7,2,5,7.01|9.01,8-K|EX-99.1|EX-99.2,2,0,3,0.4,0.0,0.6,0.428406268708477,0.0022455033481694,0.569348225907379,0.4261607653603075,0.2814443351853697,-0.0047959010116755,0.9999972305236168,0.9999972581863404,0.01118431892246,EX-99.1,1.0,EX-99.2,0.0,0,0,0,0,0,0,0,0,0,1,0,INTRADAY,2021-04-12T09:30:00-04:00,2021-04-12T16:00:00-04:00,2021-04-09,2021-04-13,7.185240590483015e-06,3,0.42615358011971705,244.9727325439453,0.010214038192371,0.0317272133060525,0.0542083647866232,0.0147044438430736,0.8182438909537344,69.1366042103708,0.0693007677519772,0.0117847551859486,0.0138753291657985,247.50048828125,326.7825012207031,0.0060396763887377,0.018834729099063,0.0379078334654007,0.0109526476815149,330.1656188964844,0.004174361803633299,0.012892484206989501,0.0163005313212225,,,,,,0
MSFT,2021-04-27,2021-04-27T16:04:57-04:00,0001193125-21-134213,1,1,6,2,4,2.02|9.01,8-K|EX-99.1,4,0,0,1.0,0.0,0.0,0.8905569016933441,0.0001031409393428,0.1093399624946868,0.8904537607540013,0.995836314340043,0.5701609387469944,0.9999814755889248,0.9999822378158568,0.0004107818531338,EX-99.1,3.0,EX-99.1,2.0,0,0,0,0,1,0,0,0,0,0,0,AFTER_HOURS,2021-04-27T09:30:00-04:00,2021-04-27T16:00:00-04:00,2021-04-27,2021-04-28,0.14205867264494984,3,0.7483950881090514,250.83251953125,0.0016044073280229,0.0184924040211079,0.0142629365389224,0.0094499440566171,1.209476707954635,66.47190485775235,0.0322820843346047,0.0014909957506621,0.0117189270142131,243.73757934570312,329.7294616699219,-0.0043416810281299,0.014659372002422,0.0110560506515756,0.0095409132230955,328.6146545410156,0.0059460883561528,0.0038330320186859,0.0032068858873468,-0.02828556759229517,0,-0.003380975188751023,-0.024904592403544146,0,1
MSFT,2021-05-20,2021-05-20T17:15:35-04:00,0001193125-21-167940,1,0,1,1,0,5.02,8-K,0,0,0,,,,,,,,,,,,,,,,,0,0,0,0,0,0,1,0,0,0,0,AFTER_HOURS,2021-05-20T09:30:00-04:00,2021-05-20T16:00:00-04:00,2021-05-20,2021-05-21,,,,236.5460205078125,0.0137256327676335,0.0075946210948551,0.0164022297935804,0.0152762949478889,0.7674670598224884,48.69744296936597,-0.0107767992998604,0.0103295169057258,0.0165936238590806,235.2888946533203,318.7562866210937,0.0191588005008425,0.0135326985695554,0.0292847509166689,0.014593781661532,316.9920349121094,-0.005433167733209,-0.005938077474700301,-0.012882521123088499,-0.005314508575512744,0,-0.005534798160958254,0.00022028958544551003,1,1
MSFT,2021-06-17,2021-06-17T09:01:05-04:00,0001193125-21-192783,1,0,1,1,0,8.01,8-K,0,0,0,,,,,,,,,,,,,,,,,0,0,0,0,0,0,0,0,0,0,1,PRE_MARKET,2021-06-17T09:30:00-04:00,2021-06-17T16:00:00-04:00,2021-06-16,2021-06-17,,,,247.00672912597656,-0.0038003821824988,-0.0019797125950704,0.0148348124222919,0.0091462112451125,1.2761707002553044,59.82819753786278,0.0234447707043738,-0.0077871590639974,0.0239334380544635,250.38487243652344,330.5631103515625,-0.0036589547854731,-0.0006740778567801,0.0123039027898184,0.0071922328952206,334.7604064941406,-0.00014142739702570004,-0.0013056347382903,0.0025309096324735002,0.013676320975142264,1,0.012697412418809284,0.0009789085563329802,1,1
MSFT,2021-07-08,2021-07-08T16:24:37-04:00,0001193125-21-210827,1,1,3,2,1,8.01|9.01,8-K|EX-99.1,0,0,1,0.0,0.0,1.0,9.452071026316844e-06,2.902201686083572e-06,0.9999877214431764,6.549869340233272e-06,6.549869340233272e-06,6.549869340233272e-06,6.549869340233272e-06,9.452071026316844e-06,2.902201686083572e-06,EX-99.1,0.0,EX-99.1,0.0,0,0,0,0,0,0,0,0,0,0,1,AFTER_HOURS,2021-07-08T09:30:00-04:00,2021-07-08T16:00:00-04:00,2021-07-08,2021-07-09,0.43887411344725114,3,-0.4388675635779109,266.23907470703125,-0.009006874079939,-0.0008286225381422,0.023782891944583,0.0089195680500153,1.0524410046979928,72.26679927273598,0.0406847347360752,0.0018780048490878,0.0139139776595322,266.73809814453125,348.18243408203125,-0.0060579157212781,0.0003622281312377,0.0121706221952568,0.0059983127060254,350.3563842773437,-0.0029489583586608994,-0.0011908506693798998,0.0116122697493262,0.0018743433436625434,1,0.006243710143057468,-0.004369366799394925,0,1
MSFT,2021-07-27,2021-07-27T16:41:19-04:00,0001193125-21-225746,1,1,5,2,3,2.02|9.01,8-K|EX-99.1,3,0,0,1.0,0.0,0.0,0.9999926487604776,6.603272832232204e-08,7.3206088136619956e-06,0.9999925827277494,0.9999989125366078,0.9999788521662084,0.999999983480432,1.0,1.6699883076398694e-07,EX-99.1,0.0,EX-99.1,1.0,0,0,0,0,1,0,0,0,0,0,0,AFTER_HOURS,2021-07-27T09:30:00-04:00,2021-07-27T16:00:00-04:00,2021-07-27,2021-07-28,0.4388736919945497,3,0.5611188907331996,274.9915466308594,-0.0087211183238172,0.0013968365671644,0.0255199677028603,0.0091759085711884,1.4072867199960466,67.92744237523623,0.0240485381562314,-0.0099850886362586,0.0231380406488505,274.6844482421875,353.6753845214844,-0.011079083249678,0.0013176068608559,0.0155970909112831,0.0076704808124331,355.0341491699219,0.0023579649258608,7.922970630849986e-05,0.009922876791577198,-0.0011167557418924057,0,0.0038418411569012267,-0.004958596898793632,0,1
MSFT,2021-10-26,2021-10-26T16:04:14-04:00,0001193125-21-307941,1,1,6,2,4,2.02|9.01,8-K|EX-99.1,4,0,0,1.0,0.0,0.0,0.9879875779151917,3.922551400891343e-05,0.0119732313224858,0.9879483524011828,0.999734218200552,0.9523266600590432,0.9999983131445838,0.9999983310699464,0.0001563979167258,EX-99.1,0.0,EX-99.1,2.0,0,0,0,0,1,0,0,0,0,0,0,AFTER_HOURS,2021-10-26T09:30:00-04:00,2021-10-26T16:00:00-04:00,2021-10-26,2021-10-27,0.6301509644503637,3,0.35779738795081917,298.1812438964844,0.0064048968326983,-0.0020942555204214,0.0060805918725885,0.0076900497100831,1.1793947374052585,64.68021229261467,0.040433126210096,-0.0028617834354903,0.0122536776384701,310.73895263671875,368.33984375,0.0031437727110562,0.0048915773475193,0.0096742599115504,0.0078369855384527,369.1947937011719,0.0032611241216421003,-0.0069858328679407,-0.0035936680389619,0.04211434822705984,1,0.0023210900630998843,0.039793258163959955,1,1
MSFT,2021-11-30,2021-11-30T16:25:20-05:00,0001193125-21-343711,1,0,4,4,0,5.07,8-K,0,0,0,,,,,,,,,,,,,,,,,0,0,0,0,0,0,0,0,1,0,0,AFTER_HOURS,2021-11-30T09:30:00-05:00,2021-11-30T16:00:00-05:00,2021-11-30,2021-12-01,,,,318.455078125,-0.0181051150388989,-0.0219004458812403,-0.0275664297202439,0.0126899541757338,1.836643971429526,51.41748531768609,-0.0156887639190973,-0.0141059611207592,0.0265888521803235,317.9637756347656,382.6219177246094,-0.0147950719165013,-0.0124652985145254,-0.0138186928510383,0.0115593898336973,376.1123962402344,-0.0033100431223975994,-0.009435147366714901,-0.0137477368692056,-0.0015427685849038753,0,-0.017012934133742497,0.015470165548838621,1,1
MSFT,2022-01-18,2022-01-18T08:49:05-05:00,0001193125-22-010667,1,1,7,2,5,7.01|9.01,8-K|EX-99.1|EX-99.2,3,0,2,0.6,0.0,0.4,0.5957351683158777,0.0022377856818479,0.4020270338631235,0.5934973826340297,0.9787119247482678,-0.0047959010116755,0.9993722224814974,0.999372899532318,0.01118431892246,EX-99.1,1.0,EX-99.2,0.0,0,0,0,0,0,0,0,0,0,1,0,PRE_MARKET,2022-01-18T09:30:00-05:00,2022-01-18T16:00:00-05:00,2022-01-14,2022-01-18,0.6626491616660908,3,-0.06915177903206104,298.8135070800781,0.0175611141091254,-0.0152919348647456,-0.0123031843891969,0.0167899701499178,1.345431265717813,37.84742004005299,-0.0471158756091002,0.0195563260707682,0.0227917699742066,291.54058837890625,369.6761474609375,0.0062034343013283,-0.0151732168450325,0.0003951728850204,0.0126703250798587,360.4732971191406,0.011357679807797099,-0.0001187180197130995,-0.0126983572742173,-0.024339323788408307,0,-0.024894357953590518,0.000555034165182211,1,1
MSFT,2022-01-25,2022-01-25T16:03:05-05:00,0001193125-22-017041,1,1,6,2,4,2.02|9.01,8-K|EX-99.1,4,0,0,1.0,0.0,0.0,0.9999356418848038,1.883505005850772e-07,6.4181482308352e-05,0.9999354535343032,0.999999875880414,0.9997420671490432,0.9999999952273412,1.0,7.388087510662444e-07,EX-99.1,0.0,EX-99.1,3.0,0,0,0,0,1,0,0,0,0,0,0,AFTER_HOURS,2022-01-25T09:30:00-05:00,2022-01-25T16:00:00-05:00,2022-01-25,2022-01-26,0.8604794392543207,3,0.13945601427998255,277.9003601074219,-0.0269485043556809,-0.0444413683053381,-0.0479166032552241,0.0183420052334946,2.025738073846176,26.432853600221637,-0.0867522570421852,-0.01039379422848,0.0340392288781412,285.8186950683594,335.7251281738281,-0.0234543558396068,-0.0470073548668153,-0.0711251279406244,0.015004518290263,335.1998596191406,-0.003494148516074099,0.0025659865614772043,0.023208524685400293,0.028493431810871606,1,-0.0015645792066405484,0.030058011017512154,1,1
MSFT,2022-04-26,2022-04-26T16:03:59-04:00,0001193125-22-120207,1,1,6,2,4,2.02|9.01,8-K|EX-99.1,3,0,1,0.75,0.0,0.25,0.749871140653795,3.817898505342754e-06,0.2501250512430601,0.7498673227552897,0.9997375564899031,-4.974090188625269e-06,0.999999152131541,0.9999991655349731,1.4772835129406303e-05,EX-99.1,0.0,EX-99.1,2.0,0,0,0,0,1,0,0,0,0,0,0,AFTER_HOURS,2022-04-26T09:30:00-04:00,2022-04-26T16:00:00-04:00,2022-04-26,2022-04-27,0.8604603961898386,3,-0.11059307343454894,260.8392944335937,-0.0381211997111182,-0.0384421194224638,-0.0543047844387585,0.0222637733840093,1.6374411040365262,36.11506096713243,-0.0782853781441088,-0.0262342298353041,0.0309377000732616,273.38800048828125,308.8971862792969,-0.0384756029560431,-0.0522465204566608,-0.0878466795091261,0.0186109808546654,308.527099609375,0.00035440324492490294,0.013804401034197,0.0335418950703676,0.04810895567685369,1,-0.0011980901295334245,0.04930704580638712,1,1
MSFT,2022-06-02,2022-06-02T09:01:35-04:00,0001193125-22-165839,1,1,3,2,1,7.01|9.01,8-K|EX-99.1,0,0,1,0.0,0.0,1.0,0.0008165691979229,0.0005631144740618,0.9986203908920288,0.000253454723861,0.000253454723861,0.000253454723861,0.000253454723861,0.0008165691979229,0.0005631144740618,EX-99.1,0.0,EX-99.1,0.0,0,0,0,0,0,0,0,0,0,1,0,PRE_MARKET,2022-06-02T09:30:00-04:00,2022-06-02T16:00:00-04:00,2022-06-01,2022-06-02,0.781100052974541,3,-0.78084659825068,263.575439453125,0.0020211824738406,0.0242250566544849,0.0481262238918526,0.0204085663654049,0.714720391030234,52.08614576528347,0.0277579546147805,-0.0101017393022697,0.0280816148572495,265.6653137207031,298.0467529296875,-0.0074231328103515,0.0220385734060061,0.0632669669988566,0.0236956716800991,306.2088623046875,0.0094443152841921,0.0021864832484787995,-0.015140743107004001,0.007928941603642103,1,0.02738533231705942,-0.019456390713417315,0,1
MSFT,2022-07-26,2022-07-26T16:02:59-04:00,0001193125-22-202034,1,1,7,2,5,2.02|9.01,8-K|EX-99.1,4,1,0,0.8,0.2,0.0,0.7998608377205301,0.1999998364541113,0.0001393739774911,0.5998610012664187,0.9999174722803446,-0.9999974237745164,0.9999993498288012,0.9999994039535522,0.9999986886978148,EX-99.1,0.0,EX-99.1,1.0,0,0,0,0,1,0,0,0,0,0,0,AFTER_HOURS,2022-07-26T09:30:00-04:00,2022-07-26T16:00:00-04:00,2022-07-26,2022-07-27,0.5833520770044845,3,0.016508924261934177,243.72157287597656,-0.0271392227068763,-0.0500938239787134,-0.0298403071553321,0.016827683108739,1.6137836845764064,42.47529712996917,-0.0296517861634637,-0.0306318475478596,0.040928931355316,260.0148620605469,287.2701416015625,-0.0198446655311957,-0.0432473341473829,-0.013262184752856,0.0164195847351794,299.4100646972656,-0.007294557175680602,-0.006846489831330495,-0.016578122402476102,0.06685205988253462,1,0.04225960633437831,0.024592453548156312,1,1
MSFT,2022-10-25,2022-10-25T16:02:59-04:00,0001193125-22-268356,1,1,6,2,4,2.02|9.01,8-K|EX-99.1,3,1,0,0.75,0.25,0.0,0.7497107390954625,0.1333267074710669,0.1169625267434639,0.6163840316243956,0.9990454692862514,-0.5325443131150678,0.9999895010401474,0.9999901056289672,0.5333051085472107,EX-99.1,0.0,EX-99.1,2.0,0,0,0,0,1,0,0,0,0,0,0,AFTER_HOURS,2022-10-25T09:30:00-04:00,2022-10-25T16:00:00-04:00,2022-10-25,2022-10-26,0.44999392624852314,3,0.16639010537587245,243.03662109375,0.0136973998963094,0.0596302699966534,0.0497281340619643,0.0253530463726251,1.2338208585282848,57.91150960370104,0.0524812390478375,0.0137507450894138,0.0207850928706648,224.2848663330078,277.8536376953125,0.0204749560870966,0.054593223053986,0.0458251170340192,0.0206837053556636,271.71405029296875,-0.006777556190787199,0.005037046942667399,0.0039030170279450993,-0.07715608732689216,0,-0.022096480194642165,-0.05505960713225,0,1
MSFT,2022-12-16,2022-12-16T09:01:06-05:00,0001193125-22-306591,1,0,4,4,0,5.07,8-K,0,0,0,,,,,,,,,,,,,,,,,0,0,0,0,0,0,0,0,1,0,0,PRE_MARKET,2022-12-16T09:30:00-05:00,2022-12-16T16:00:00-05:00,2022-12-15,2022-12-16,,,,242.11721801757807,-0.0324388204172096,-0.0139578141272976,0.0064863881064543,0.0237571011055556,1.4072915561873434,52.72688249783673,0.0040401218188643,-0.0185637974586405,0.0275490974727249,237.91683959960932,270.69732666015625,-0.0341533366364241,-0.0309018442332935,-0.024825660780834,0.0188170512361147,268.1163635253906,0.0017145162192145,0.0169440301059959,0.0313120488872883,-0.01734853246853263,0,-0.009534498055852159,-0.00781403441268047,0,1
MSFT,2023-01-18,2023-01-18T09:15:37-05:00,0001193125-23-009934,1,1,4,2,2,7.01|9.01,8-K|EX-99.1,2,0,0,1.0,0.0,0.0,0.7975751161575317,0.0061184388031847,0.19630644634708,0.791456677354347,0.791456677354347,0.5829651020467281,0.999948252661966,0.9999493360519408,0.0122357942163944,EX-99.1,1.0,EX-99.1,0.0,0,0,0,0,0,0,0,0,0,1,0,PRE_MARKET,2023-01-18T09:30:00-05:00,2023-01-18T16:00:00-05:00,2023-01-17,2023-01-18,0.4054994958715585,3,0.3859571814827885,233.6969451904297,0.0046706605074749,0.0192394817552938,0.0566176147634473,0.0199482247974281,0.9667404572162264,52.8204081723996,0.0170617372960693,0.0100012811304108,0.0158935187319007,229.2826232910156,275.9023132324219,0.0020268809392352,0.0142736342459555,0.039854661170467,0.0133442587091612,272.31561279296875,0.0026437795682397,0.0049658475093383,0.0167629535929803,-0.01888908687196167,0,-0.012999892597608143,-0.005889194274353526,0,1
MSFT,2023-01-24,2023-01-24T16:28:00-05:00,0001193125-23-014230,1,1,6,2,4,2.02|9.01,8-K|EX-99.1,2,1,1,0.5,0.25,0.25,0.5371951835841173,0.2370298375852222,0.2257749610325845,0.3001653459988951,0.5716901791201962,-0.942662252986338,0.999943278741526,0.9999434947967528,0.9427402019500732,EX-99.1,3.0,EX-99.1,2.0,0,0,0,0,1,0,0,0,0,0,0,AFTER_HOURS,2023-01-24T09:30:00-05:00,2023-01-24T16:00:00-05:00,2023-01-24,2023-01-25,0.6692339034150537,3,-0.3690685574161586,235.34017944335932,-0.0022285616147422,0.0426674923589777,0.007006869561792,0.0218593476930126,1.404933455409153,54.23697242391816,0.0279060534265349,-0.001896934902545,0.0145017129573562,233.94972229003903,282.59552001953125,-0.0020438942586162,0.0469279216559495,0.0239697518956351,0.0137291270396517,281.96832275390625,-0.0001846673561259997,-0.0042604292969717975,-0.016962882333843098,-0.005908286279925012,0,-0.002219416873918023,-0.0036888694060069893,0,1
MSFT,2023-04-25,2023-04-25T16:03:03-04:00,0001193125-23-115280,1,1,6,2,4,2.02|9.01,8-K|EX-99.1,4,0,0,1.0,0.0,0.0,0.9998807907104492,8.608382215946619e-07,0.0001183707026157,0.9998799298722276,0.9999408053081212,0.9996385937090508,0.9999995151636174,0.9999995231628418,2.5863294013106497e-06,EX-99.1,0.0,EX-99.1,2.0,0,0,0,0,1,0,0,0,0,0,0,AFTER_HOURS,2023-04-25T09:30:00-04:00,2023-04-25T16:00:00-04:00,2023-04-25,2023-04-26,0.5693353516592126,3,0.43054457821301506,268.4669189453125,-0.0227938385443489,-0.0380791776241069,-0.0459472988407821,0.0144845935776668,1.868857197918674,44.20261129809874,-0.0344288491163283,-0.0146327365568058,0.022620037334225,287.91326904296875,304.2528381347656,-0.0190442490670724,-0.0200880439875026,-0.0282121063649481,0.0088223883979846,306.0980224609375,-0.0037495894772765007,-0.017991133636604296,-0.017735192475834,0.07243480937633717,1,0.006064641294667439,0.06637016808166973,1,1
MSFT,2023-07-03,2023-07-03T16:05:34-04:00,0001193125-23-181341,1,0,2,2,0,5.03|9.01,8-K,0,0,0,,,,,,,,,,,,,,,,,0,0,0,0,0,0,0,1,0,0,0,AFTER_HOURS,2023-07-03T09:30:00-04:00,2023-07-03T13:00:00-04:00,2023-07-03,2023-07-05,,,,330.17755126953125,-0.0075163759783208,0.006351709691428,0.0281748751363795,0.0158866034887176,0.4802465137716649,56.68376440619919,0.0092416871820144,-0.0035378761118955,0.0128109905540783,330.3338317871094,363.9353637695313,0.0023521125088553,0.0156498954647846,0.0346476308730297,0.010310190233141,363.9255981445313,-0.0098684884871761,-0.009298185773356601,-0.006472755736650203,0.0004733226622379849,1,-2.683340497289244e-05,0.0005001560672108774,1,1
MSFT,2023-07-25,2023-07-25T16:02:47-04:00,0000950170-23-034400,1,1,6,2,4,2.02|9.01,8-K|EX-99.1,4,0,0,1.0,0.0,0.0,0.9848443567752838,6.026168299120135e-05,0.0150954219186729,0.9847840950922926,0.99973541612313,0.9396661780483556,0.9999993700745547,0.9999994039535522,0.000240836321609,EX-99.1,0.0,EX-99.1,2.0,0,0,0,0,1,0,0,0,0,0,0,AFTER_HOURS,2023-07-25T09:30:00-04:00,2023-07-25T16:00:00-04:00,2023-07-25,2023-07-26,0.6971673177418233,3,0.2876167773504693,342.86724853515625,0.0168660245685644,0.0117790375035585,-0.0239571141352672,0.0164315789298039,1.4280927255166662,59.36448365686616,0.0266969561139653,0.0111492777450523,0.0194313268868306,329.9626770019531,372.2797546386719,0.006754948173023,0.0053472270006723,-0.0182077280107318,0.0098139645084964,371.0413208007813,0.010111076395541402,0.006431810502886199,-0.005749386124535398,-0.03763722428530514,0,-0.0033266215056270143,-0.03431060277967812,0,1
MSFT,2023-10-11,2023-10-11T16:17:04-04:00,0001193125-23-254151,1,1,4,2,2,8.01|9.01,8-K|EX-99.1,0,0,2,0.0,0.0,1.0,1.3549872619478265e-05,0.0002542368893045,0.9997322261333466,-0.000240687016685,-0.000240687016685,-0.0003934180058422,-8.795602752798004e-05,2.1123421902302653e-05,0.0004145414277445,EX-99.1,1.0,EX-99.1,1.0,0,0,0,0,0,0,0,0,0,0,1,AFTER_HOURS,2023-10-11T09:30:00-04:00,2023-10-11T16:00:00-04:00,2023-10-11,2023-10-12,0.7616097903211384,3,-0.7618504773378234,325.4238586425781,0.0121975122603187,0.0156443298991211,0.0413335511374733,0.0138772766379782,0.9139123467356988,58.93857124729554,0.0312074386846892,0.0036533377732366,0.0110703102314303,324.1903991699219,365.3775634765625,0.0071098373383551,0.0177197914591514,0.0313854751976192,0.0095588400533492,364.10791015625,0.0050876749219636,-0.0020754615600303006,0.009948075939854098,-0.003790316659022186,0,-0.0034749077316947874,-0.00031540892732739856,0,1
MSFT,2023-10-13,2023-10-13T08:37:32-04:00,0001193125-23-255762,1,0,3,3,0,2.01,8-K,0,0,0,,,,,,,,,,,,,,,,,0,0,0,1,0,0,0,0,0,0,0,PRE_MARKET,2023-10-13T09:30:00-04:00,2023-10-13T16:00:00-04:00,2023-10-12,2023-10-13,,,,324.1903991699219,-0.0037975181121612,0.0040548739966441,0.036282874203126,0.0136741213963409,0.872749505965693,57.365462474001006,0.0285016644783842,0.0017847848407854,0.0148266807821368,320.8325500488281,364.10791015625,-0.0034809592466044,0.0091514781432748,0.0308552332256217,0.0096792727288541,359.5311584472656,-0.00031655886555680005,-0.005096604146630699,0.005427640977504301,-0.010357645166826024,0,-0.012569767317113123,0.002212122150287099,1,1
MSFT,2023-10-16,2023-10-16T17:30:10-04:00,0001104659-23-109428,1,1,13,5,8,8.01|9.01,8-K|EX-99.1,0,0,8,0.0,0.0,1.0,3.877868938672219e-05,5.682176637122607e-05,0.9999044090509416,-1.804307698450356e-05,2.456612236301225e-06,-0.0002642187537276,0.0001213799437209,0.0001265872124349,0.0003647021949291,EX-99.1,0.0,EX-99.1,2.0,0,0,0,0,0,0,0,0,0,0,1,AFTER_HOURS,2023-10-16T09:30:00-04:00,2023-10-16T16:00:00-04:00,2023-10-16,2023-10-17,0.6614744459826117,3,-0.6614924890595962,325.6392517089844,0.0148708427097559,0.0006616657305255,0.008514057839331,0.0133316562817418,1.0426820617322554,57.91109499002254,0.0329233289669794,0.004802981163265,0.0166546666094186,325.0714111328125,363.5960998535156,0.0112427907453274,-0.0048876036517068,0.0077448337381722,0.0096269791210735,362.4050903320313,0.003628051964428501,0.0055492693822323,0.0007692241011588007,-0.001743771898479074,0,-0.003275638880516407,0.0015318669820373332,1,1
MSFT,2023-10-24,2023-10-24T16:03:29-04:00,0000950170-23-054848,1,1,7,2,5,2.02|9.01,8-K|EX-99.1,5,0,0,1.0,0.0,0.0,0.99999840259552,4.013537862057603e-08,1.55926624003655e-06,0.9999983624601412,0.9999996373395584,0.999994580738786,0.9999999970848904,1.0,1.7405247376700572e-07,EX-99.1,0.0,EX-99.1,4.0,0,0,0,0,1,0,0,0,0,0,0,AFTER_HOURS,2023-10-24T09:30:00-04:00,2023-10-24T16:00:00-04:00,2023-10-24,2023-10-25,0.3281751216662077,3,0.6718232407939335,323.5736083984375,0.0036674272096347,-0.0023872580688935,-0.0046182591445497,0.0104143693185539,1.4372957049893542,54.463009032528014,0.0162148989642814,-0.0023241444070111,0.0128278529937796,333.500244140625,353.4778747558594,0.0096810263752194,-0.002336261677971,-0.0249417259547291,0.0099701890120217,344.82623291015625,-0.0060135991655847,-5.099639092249987e-05,0.0203234668101794,0.030678137785465465,1,-0.024475766274420052,0.05515390405988552,1,1
MSFT,2023-10-30,2023-10-30T06:04:32-04:00,0001193125-23-265616,1,1,10,2,8,8.01|9.01,8-K|EX-99.1,0,0,8,0.0,0.0,1.0,0.0001200668644969,1.131675939092247e-05,0.9998686164617538,0.000108750105106,4.114950002076512e-06,-6.244150426937267e-06,0.0008288044482469,0.0008671946125105,3.839016426354647e-05,EX-99.1,1.0,EX-99.1,1.0,0,0,0,0,0,0,0,0,0,0,1,PRE_MARKET,2023-10-30T09:30:00-04:00,2023-10-30T16:00:00-04:00,2023-10-27,2023-10-30,0.3332465441221572,3,-0.3331377940170512,322.8687744140625,0.0058383116967832,-0.0021806561030675,0.0095662391567312,0.0158123306283274,1.2133148673284193,51.59157237074429,0.0053175357239905,-0.0018763282115128,0.0252266680385897,330.2109069824219,339.8753967285156,0.0047898334203969,-0.0392418240558378,-0.0265480269313794,0.0115514056232775,343.70416259765625,0.0010484782763863004,0.0370611679527703,0.0361142660881106,0.022740299311024392,1,0.011265204560243491,0.011475094750780901,1,1
MSFT,2023-11-06,2023-11-06T16:14:08-05:00,0001193125-23-271376,1,0,12,12,0,8.01|9.01,8-K,0,0,0,,,,,,,,,,,,,,,,,0,0,0,0,0,0,0,0,0,0,1,AFTER_HOURS,2023-11-06T09:30:00-05:00,2023-11-06T16:00:00-05:00,2023-11-06,2023-11-07,,,,349.0264587402344,0.0105172141766001,0.029777349516457,0.0554161699547041,0.016968815745648,0.9305530605390798,69.97640910302718,0.0627048212752021,0.0087140655422062,0.0117521736060139,352.94219970703125,363.3992004394531,0.0040708838555984,0.0337418177975126,0.0557206608189335,0.0139216232962473,366.8342895507813,0.006446330321001699,-0.003964468281055598,-0.00030449086422940086,0.01121903760800902,1,0.009452660069626306,0.001766377538382713,1,1
MSFT,2023-12-08,2023-12-08T16:31:05-05:00,0001193125-23-291720,1,0,5,5,0,5.07,8-K,0,0,0,,,,,,,,,,,,,,,,,0,0,0,0,0,0,0,0,1,0,0,AFTER_HOURS,2023-12-08T09:30:00-05:00,2023-12-08T16:00:00-05:00,2023-12-08,2023-12-11,,,,367.0974731445313,0.0088033346844357,0.0045798264329503,-0.0007479090060309,0.0109869209038,0.7412578256427307,58.49845333061882,0.0012737615961269,0.0136240482475287,0.0166474635541124,364.2232971191406,385.9979248046875,0.0044468836531155,0.0125217994977344,0.0057025696464982,0.0064664153799534,389.2951965332031,0.004356451031320201,-0.0079419730647841,-0.0064504786525291,-0.007829462842036672,0,0.008542200661270538,-0.01637166350330721,0,1
MSFT,2024-01-19,2024-01-19T16:39:35-05:00,0001193125-24-011295,1,1,6,4,2,1.05|7.01|9.01,8-K|EX-99.1,0,0,2,0.0,0.0,1.0,0.1291517811987432,0.0027563210169318,0.8680919408798218,0.1263954601818113,0.1263954601818113,-6.977429438848048e-05,0.2528606946580112,0.2581406533718109,0.0052799587137997,EX-99.1,1.0,EX-99.1,1.0,0,0,1,0,0,0,0,0,0,1,0,AFTER_HOURS,2024-01-19T09:30:00-05:00,2024-01-19T16:00:00-05:00,2024-01-19,2024-01-22,0.33336302316275424,3,-0.20696756298094293,391.0716247558594,0.0121129726731445,0.0212952713172342,0.0358519924480481,0.0092188888364863,1.3821111202997085,75.80242386808705,0.0526523355763612,0.0073529502483908,0.0129681522402023,388.9528503417969,415.5978088378906,0.0196368392504362,0.0280746309238652,0.0284897821673237,0.0107414216878942,416.1405334472656,-0.007523866577291699,-0.006779359606631001,0.007362210280724396,-0.0054178679299098365,0,0.001305889005749572,-0.0067237569356594085,0,1
MSFT,2024-01-30,2024-01-30T16:03:17-05:00,0000950170-24-008809,1,1,6,2,4,2.02|9.01,8-K|EX-99.1,4,0,0,1.0,0.0,0.0,0.9816137701272964,4.965564147894345e-05,0.0183365758068418,0.9815641144858176,0.9999594127691624,0.9263378756295424,0.9999997567754026,0.9999997615814208,0.0001983864058274,EX-99.1,0.0,EX-99.1,2.0,0,0,0,0,1,0,0,0,0,0,0,AFTER_HOURS,2024-01-30T09:30:00-05:00,2024-01-30T16:00:00-05:00,2024-01-30,2024-01-31,0.37550085758235285,3,0.6060632569034647,400.8026123046875,-0.0027617821875875,0.0091462030380697,0.0240015106104402,0.0071068066056263,1.4371976243326243,76.52615620526285,0.0502425025811847,-0.0089021814893489,0.0161530523142801,390.0024108886719,419.6632080078125,-0.0066787230540327,-0.0024657747515876,0.0042885629891361,0.0075619689349828,411.443603515625,0.0039169408664452,0.0116119777896573,0.0197129476213041,-0.02694643468991509,0,-0.019586192773979105,-0.007360241915935983,0,1
MSFT,2024-04-25,2024-04-25T16:03:19-04:00,0000950170-24-048268,1,1,6,2,4,2.02|9.01,8-K|EX-99.1,4,0,0,1.0,0.0,0.0,0.9999970495700836,5.39519871001204e-08,2.9203803597610545e-06,0.9999969956180964,0.9999970469531534,0.9999938924567396,0.9999999961093398,1.0,1.7405247376700572e-07,EX-99.1,0.0,EX-99.1,3.0,0,0,0,0,1,0,0,0,0,0,0,AFTER_HOURS,2024-04-25T09:30:00-04:00,2024-04-25T16:00:00-04:00,2024-04-25,2024-04-26,0.36935610825757825,3,0.6306408873605182,392.1584777832031,-0.0248000945290003,-0.0048000412630097,-0.0130212924396718,0.0122898780348555,2.248464261763975,37.346056571174586,-0.0401485101253518,0.0127147927344262,0.0297213703267187,399.31298828125,419.3782958984375,-0.0048415635298979,0.0133530193737828,0.0024532716456399,0.011608680312394,425.8500061035156,-0.0199585309991024,-0.0181530606367925,-0.015474564085311698,0.018243926635195917,1,0.015431676527784433,0.0028122501074114847,1,1
MSFT,2024-07-30,2024-07-30T16:03:22-04:00,0000950170-24-087835,1,1,6,2,4,2.02|9.01,8-K|EX-99.1,3,0,1,0.75,0.0,0.25,0.8541971668601036,3.781508115585641e-06,0.1457990503587298,0.8541933853519881,0.992158491848994,0.4324565604001691,0.9999999973097948,1.0,1.4208289940143004e-05,EX-99.1,0.0,EX-99.1,3.0,0,0,0,0,1,0,0,0,0,0,0,AFTER_HOURS,2024-07-30T09:30:00-04:00,2024-07-30T16:00:00-04:00,2024-07-30,2024-07-31,0.7026521900952417,3,0.15154119525674636,416.3763122558594,-0.0089685764029662,0.0107451463278171,-0.0505542105932634,0.0147781769611548,1.7917385415416225,37.09524476108115,-0.0520018453135879,-0.0112222663875191,0.027641166344103,411.87701416015625,452.7815551757813,-0.0138264991112878,-0.0016159619985069,-0.0492345025118807,0.0148596876327413,466.1810302734375,0.0048579227083216,0.012361108326324,-0.001319708081382702,-0.010805845489448407,0,0.029593685839199413,-0.04039953132864782,0,1
MSFT,2024-08-21,2024-08-21T16:08:55-04:00,0001193125-24-204403,1,1,4,3,1,7.01|9.01,8-K|EX-99.1,0,0,1,0.0,0.0,1.0,8.369758870685473e-05,0.0110382540151476,0.988878071308136,-0.0109545564264408,-0.0109545564264408,-0.0109545564264408,-0.0109545564264408,8.369758870685473e-05,0.0110382540151476,EX-99.1,0.0,EX-99.1,0.0,0,0,0,0,0,0,0,0,0,1,0,AFTER_HOURS,2024-08-21T09:30:00-04:00,2024-08-21T16:00:00-04:00,2024-08-21,2024-08-22,0.9452514984853005,3,-0.9562060549117414,418.3301086425781,-0.0015549071830616,0.0134584208993044,0.0191139624132114,0.0138086037150868,0.6609986212139694,52.50842329562806,0.0250242595502796,0.0001415489484828,0.0110340748671412,409.8577575683594,477.4923706054688,0.0046532625512898,0.0156029906588697,0.0418370621173416,0.0173101823015202,469.9217529296875,-0.0062081697343514,-0.0021445697595653002,-0.022723099704130202,-0.02025278816700604,0,-0.015854950030262493,-0.004397838136743548,0,1
MSFT,2024-10-30,2024-10-30T16:04:07-04:00,0000950170-24-118955,1,1,6,2,4,2.02|9.01,8-K|EX-99.1,4,0,0,1.0,0.0,0.0,0.9998846650123596,2.611798297635914e-07,0.0001151191291794,0.99988440383253,0.9999977863917264,0.9995420452725056,0.9999999972741608,1.0,1.0255206461806663e-06,EX-99.1,0.0,EX-99.1,3.0,0,0,0,0,1,0,0,0,0,0,0,AFTER_HOURS,2024-10-30T09:30:00-04:00,2024-10-30T16:00:00-04:00,2024-10-30,2024-10-31,0.6144119415145479,3,0.38547246231798205,426.6051635742188,0.0013418400380588,0.0101779538998418,0.0185040815022956,0.0073409155398438,1.7606533849215449,62.59883574805054,0.0285855094090332,-0.0112244047977004,0.0147966474338119,400.7838134765625,491.9186706542969,-0.0075861744431558,0.0021378746743653,0.0162890251288917,0.0077797908210277,479.5012512207031,0.0089280144812146,0.0080400792254765,0.002215056373403898,-0.060527514203807864,0,-0.025242830114737158,-0.035284684089070706,0,1
MSFT,2024-12-03,2024-12-03T16:00:37-05:00,0000950170-24-132722,1,1,117,3,114,8.01|9.01,8-K|EX-99.1,21,1,92,0.1842105263157894,0.0087719298245614,0.8070175438596491,0.187936371923673,0.0119901276636614,0.8000735024279475,0.1759462442600116,1.3062246125628008e-05,-0.9026545416563748,0.9999996297792776,0.9999996423721312,0.921592116355896,EX-99.1,2.0,EX-99.1,34.0,0,0,0,0,0,0,0,0,0,0,1,AFTER_HOURS,2024-12-03T09:30:00-05:00,2024-12-03T16:00:00-05:00,2024-12-03,2024-12-04,0.6143744109193591,3,-0.4384281666593475,426.1446838378906,0.000510302512867,0.0192234615647038,0.0292024648182966,0.0121633158300505,0.8351681447831653,59.70298758750032,0.0252023003680825,0.0031640049337604,0.0109694129230615,432.291748046875,512.2244262695312,0.0030615369201594,0.022639005737939,0.0200893078402865,0.0089233083314548,518.5570678710938,-0.0025512344072924,-0.0034155441732352,0.0091131569780101,0.01442482903605291,1,0.012363021513211336,0.0020618075228415744,1,1
MSFT,2024-12-11,2024-12-11T16:01:27-05:00,0001193125-24-275524,1,0,6,6,0,5.07|7.01,8-K,0,0,0,,,,,,,,,,,,,,,,,0,0,0,0,0,0,0,0,1,1,0,AFTER_HOURS,2024-12-11T09:30:00-05:00,2024-12-11T16:00:00-05:00,2024-12-11,2024-12-12,,,,443.7261047363281,0.0126862374042448,0.0121448955219355,0.0261067878542822,0.00953979627706,0.8818545391496853,69.30773342723997,0.0492462805164877,0.0111248791289448,0.0140315339931257,444.2894287109375,525.1571655273438,0.0177441245721748,0.0065126611799636,0.0126474956911478,0.0075769684216431,521.767822265625,-0.00505788716793,0.0056322343419718994,0.0134592921631344,0.0012695308403010142,1,-0.0064539598508863705,0.007723490691187385,1,1
MSFT,2025-01-22,2025-01-22T17:15:39-05:00,0001193125-25-010492,1,0,1,1,0,5.02,8-K,0,0,0,,,,,,,,,,,,,,,,,0,0,0,0,0,0,1,0,0,0,0,AFTER_HOURS,2025-01-22T09:30:00-05:00,2025-01-22T16:00:00-05:00,2025-01-22,2025-01-23,,,,440.9688415527344,0.0404766252147697,0.0496668730595438,0.0708755708241245,0.0151486248188304,1.4058263030557374,63.6805648641168,0.0438294209054883,0.0197458970121704,0.0252577066457872,441.4728393554688,527.5822143554688,0.0127048656449949,0.0352902100597138,0.0510051682070999,0.0125043407446934,528.7039794921875,0.027771759569774797,0.014376662999830002,0.0198704026170246,0.0011429329132637278,1,0.0021262375914039566,-0.0009833046781402288,0,1
MSFT,2025-01-29,2025-01-29T16:08:56-05:00,0000950170-25-010484,1,1,5,2,3,2.02|9.01,8-K|EX-99.1,3,0,0,1.0,0.0,0.0,0.999847133954366,3.508657841303868e-07,0.0001525511115237,0.999846783088582,0.9999984348300224,0.999542045270573,0.9999998691651504,0.9999998807907104,1.0255225788569078e-06,EX-99.1,0.0,EX-99.1,2.0,0,0,0,0,1,0,0,0,0,0,0,AFTER_HOURS,2025-01-29T09:30:00-05:00,2025-01-29T16:00:00-05:00,2025-01-29,2025-01-30,0.38829203055536693,3,0.611554752533215,437.1441345214844,-0.0109498330927496,-0.003903546477445,-0.0087112508804823,0.0173930538811047,1.1949191083230195,56.55434798112236,0.0305520590110475,-0.009760719616089,0.0146497212105005,410.1246948242188,516.9811401367188,-0.0018798833776379,-0.0167551033537462,-0.020298315386926,0.0136540176964198,519.184814453125,-0.0090699497151117,0.012851556876301198,0.011587064506443699,-0.06180899516550109,0,0.004262581640451124,-0.06607157680595221,0,1
MSFT,2025-04-30,2025-04-30T16:06:03-04:00,0000950170-25-061032,1,1,7,2,5,2.02|9.01,8-K|EX-99.1,5,0,0,1.0,0.0,0.0,0.9968379378318788,5.20860605446316e-07,0.0031615251185044,0.9968374169712731,0.9999998787415209,0.9841916307709652,0.99999999688621,1.0,2.588341430964647e-06,EX-99.1,0.0,EX-99.1,4.0,0,0,0,0,1,0,0,0,0,0,0,AFTER_HOURS,2025-04-30T09:30:00-04:00,2025-04-30T16:00:00-04:00,2025-04-30,2025-05-01,0.7252258103937078,3,0.27161160657756533,391.4093017578125,0.0030913885770748,0.0086647178812956,0.0542457589772756,0.0200148934887559,1.3845557954215344,57.59199000940867,0.04556875542484,0.0127082298944041,0.03091636117691,421.2556457519531,472.66015625,-0.0001262177472156,0.0061389765431449,0.0449737530362987,0.0213332177247144,478.8334655761719,0.0032176063242903997,0.0025257413381507,0.0092720059409769,0.07625353781859867,1,0.013060777906794163,0.06319275991180451,1,1
MSFT,2025-07-01,2025-07-01T17:00:47-04:00,0001193125-25-154103,1,0,2,2,0,5.03|9.01,8-K,0,0,0,,,,,,,,,,,,,,,,,0,0,0,0,0,0,0,1,0,0,0,AFTER_HOURS,2025-07-01T09:30:00-04:00,2025-07-01T16:00:00-04:00,2025-07-01,2025-07-02,,,,488.1508483886719,-0.0108343179135433,-0.0109147106158587,0.0039505335501208,0.0083549962295947,0.9941506039424794,69.4246308415995,0.0249899125263575,-0.0089028811748274,0.0143684117102658,487.198486328125,544.3682250976562,-0.0084650905031401,0.0014087842188176,0.013268821789591,0.0087242122761894,548.159912109375,-0.002369227410403199,-0.012323494834676301,-0.009318288239470202,-0.001950958527861868,0,0.006965298187708413,-0.008916256715570281,0,1
MSFT,2025-07-30,2025-07-30T16:08:53-04:00,0000950170-25-100226,1,1,6,2,4,2.02|9.01,8-K|EX-99.1,4,0,0,1.0,0.0,0.0,0.9999683797359468,1.9001236195581587e-08,3.160575576632496e-05,0.9999683607347104,0.999998206355029,0.9998770352835038,0.9999999949452802,1.0,5.993896934342048e-08,EX-99.1,0.0,EX-99.1,3.0,0,0,0,0,1,0,0,0,0,0,0,AFTER_HOURS,2025-07-30T09:30:00-04:00,2025-07-30T16:00:00-04:00,2025-07-30,2025-07-31,0.7242101481066223,3,0.2757582126280881,509.1729431152344,0.0013062498105195,-0.000915336752079,0.0144638864696176,0.005442203011614,1.654544188768211,70.26746255308626,0.0150214092336724,-0.0037463220680654,0.0126841436550025,529.2723388671875,565.2974853515625,0.0013390760519236,0.0029091597243495,0.0074395277403117,0.0033832629971773,562.3018798828125,-3.282624140409996e-05,-0.0038244964764284997,0.0070243587293059,0.039474595073690555,1,-0.00529916645018691,0.044773761523877464,1,1
MSFT,2025-09-30,2025-09-30T16:37:10-04:00,0001193125-25-225125,1,0,1,1,0,5.02,8-K,0,0,0,,,,,,,,,,,,,,,,,0,0,0,0,0,0,1,0,0,0,0,AFTER_HOURS,2025-09-30T09:30:00-04:00,2025-09-30T16:00:00-04:00,2025-09-30,2025-10-01,,,,514.6903686523438,0.006488993882919,0.0213086215239825,0.0169789483498633,0.0095739263481717,0.9759253895586244,58.17885253149816,0.0193980282589605,0.0091770362058214,0.0164107911614921,516.439208984375,598.18505859375,0.0027354917335289,0.011458401031432,0.0036209968837105,0.0050198674643983,601.0545043945312,0.0037535021493901003,0.0098502204925505,0.013357951466152799,0.0033978493450546043,1,0.004796919882163131,-0.0013990705371085266,0,1
MSFT,2025-10-29,2025-10-29T16:07:42-04:00,0001193125-25-256310,1,1,8,3,5,2.02|7.01|9.01,8-K|EX-99.1|EX-99.2,4,0,1,0.8,0.0,0.2,0.6660385205119382,2.245278660417682e-06,0.3339592299368746,0.6660362752332778,0.8263159756279492,0.0002955256189807,0.9999997559713654,0.9999997615814208,7.218350674520479e-06,EX-99.1,0.0,EX-99.2,0.0,0,0,0,0,1,0,0,0,0,1,0,AFTER_HOURS,2025-10-29T09:30:00-04:00,2025-10-29T16:00:00-04:00,2025-10-29,2025-10-30,0.9988841869315218,3,-0.332847911698244,538.1417846679688,-0.000959739100833,0.0336883674475777,0.0395686096116593,0.0095311794262279,2.015867619675177,72.34682507380226,0.0390056032484977,-0.006220895205435,0.0176161744576515,522.4512329101562,633.4562377929688,0.0044928826690138,0.0298059704624573,0.0487989130238909,0.0140008898567042,623.7715454101562,-0.0054526217698468,0.0038823969851204017,-0.009230303412231605,-0.029156910325210172,0,-0.015288652640875422,-0.01386825768433475,0,1
MSFT,2025-12-08,2025-12-08T16:00:35-05:00,0001193125-25-311196,1,0,5,5,0,5.02|5.07,8-K,0,0,0,,,,,,,,,,,,,,,,,0,0,0,0,0,0,1,0,1,0,0,AFTER_HOURS,2025-12-08T09:30:00-05:00,2025-12-08T16:00:00-05:00,2025-12-08,2025-12-09,,,,488.8430480957031,0.0161370240809798,0.02743914232149,0.0087548077474065,0.0151301161515136,0.8634645819100084,48.08488820915048,0.0011922402557265,0.0126419892760192,0.0161296547744735,489.8385925292969,622.008056640625,-0.0019202470340958,0.0012181908492857,0.0114546420253997,0.0112728988847775,622.7752075195312,0.018057271115075598,0.026220951472204303,-0.0026998342779932013,0.0020365318428314794,1,0.001233345566373334,0.0008031862764581454,1,1
MSFT,2026-01-28,2026-01-28T16:04:38-05:00,0001193125-26-027198,1,1,5,2,3,2.02|9.01,8-K|EX-99.1,3,0,0,1.0,0.0,0.0,0.8838447332382202,1.3778716644689364e-06,0.1161539148299652,0.8838433553665558,0.999959797766877,0.6515730298528979,0.9999972384798924,0.9999972581863404,3.846787421935005e-06,EX-99.1,0.0,EX-99.1,1.0,0,0,0,0,1,0,0,0,0,0,0,AFTER_HOURS,2026-01-28T09:30:00-05:00,2026-01-28T16:00:00-05:00,2026-01-28,2026-01-29,0.8876140176464205,3,-0.003770662279864667,479.4946899414063,0.0021825494045154,0.0330978986217575,0.0811039352292036,0.0164870135451501,1.4744126703352989,56.076213131923545,0.0238493887875212,-0.0032697721491806,0.0119178418623889,431.57806396484375,631.7283325195312,0.0033060597474741,0.016720958439984,0.0271164923788413,0.0090422347218139,627.947265625,-0.0011235103429587,0.0163769401817735,0.053987442850362305,-0.0999315049399565,0,-0.005985273573928751,-0.09394623136602775,0,1
MSFT,2026-04-29,2026-04-29T16:03:31-04:00,0001193125-26-191457,1,1,5,2,3,2.02|9.01,8-K|EX-99.1,3,0,0,1.0,0.0,0.0,0.9972463448842368,1.4198814448344402e-05,0.0027394205860673,0.9972321460697884,0.9961066972416576,0.9955911863435176,0.99999855462419,0.9999985694885254,4.2117775592487305e-05,EX-99.1,0.0,EX-99.1,2.0,0,0,0,0,1,0,0,0,0,0,0,AFTER_HOURS,2026-04-29T09:30:00-04:00,2026-04-29T16:00:00-04:00,2026-04-29,2026-04-30,0.849949330444848,3,0.1472828156249404,423.5426330566406,-0.0112217631687156,-0.0003769110069999,-0.019735241208533,0.0219033914388424,1.1734694033919644,61.77024833390136,0.0569130397737043,-0.000282620756942,0.0153842503669465,406.8987121582031,660.84375,0.00609495624219,-0.0034856588763563,0.0098125954757831,0.0095298673093031,667.0069580078125,-0.0173167194109056,0.0031087478693564,-0.0295478366843161,-0.03929691983619443,0,0.00932627116139395,-0.048623190997588384,0,1
MSFT,2026-05-14,2026-05-14T16:28:48-04:00,0001193125-26-224155,1,1,4,2,2,5.02|9.01,8-K|EX-99.1,0,0,2,0.0,0.0,1.0,0.1563567575067281,7.958100468385966e-06,0.8436353206634521,0.1563487994062597,0.1563487994062597,0.0051360315173951,0.3075615672951244,0.3075662851333618,1.1198362699360588e-05,EX-99.1,0.0,EX-99.1,1.0,0,0,0,0,0,0,1,0,0,0,0,AFTER_HOURS,2026-05-14T09:30:00-04:00,2026-05-14T16:00:00-04:00,2026-05-14,2026-05-15,0.849037258889874,3,-0.6926884594836143,408.5451354980469,0.0103604892910412,-0.007858068549079,-0.0273204148622152,0.0148182886399252,0.7701670930519139,50.32053279118626,-0.0192095359169757,0.0122378895248311,0.0267689022571365,421.0081481933594,718.9998168945312,0.0070825214082421,0.009071425334037,0.0351339531751436,0.0096965738964082,708.1517944335938,0.0032779678827991,-0.016929493883116,-0.06245436803735879,0.030505840389261074,1,-0.015087656778261405,0.04559349716752248,1,1
MSFT,2026-06-05,2026-06-05T10:36:56-04:00,0001193125-26-258667,1,0,1,1,0,5.02,8-K,0,0,0,,,,,,,,,,,,,,,,,0,0,0,0,0,0,1,0,0,0,0,INTRADAY,2026-06-05T09:30:00-04:00,2026-06-05T16:00:00-04:00,2026-06-04,2026-06-08,,,,428.0499877929688,0.0016600419254277,-0.0731162792783845,0.0024794117909333,0.0255670037466201,0.72357389743378,53.14708756452534,0.0135282379760328,-0.0178059471079059,0.0227543289618918,411.739990234375,739.7969970703125,-0.0048491106715828,-0.0028719118285844,0.00678770043073,0.0087861636626441,715.283935546875,0.0065091525970105,-0.0702443674498001,-0.0043082886397967,,,,,,0
MSFT,2026-07-29,2026-07-29T16:04:53-04:00,0001193125-26-323632,1,1,7,2,5,2.02|9.01,8-K|EX-99.1,4,0,1,0.8,0.0,0.2,0.7998201282462105,7.055921203047433e-06,0.2001728268714487,0.7998130723250074,0.9999180527974544,0.0006358111131703,0.9999993954016392,0.9999994039535522,3.345297591295093e-05,EX-99.1,1.0,EX-99.1,3.0,0,0,0,0,1,0,0,0,0,0,0,AFTER_HOURS,2026-07-29T09:30:00-04:00,2026-07-29T16:00:00-04:00,2026-07-29,2026-07-30,0.6791414336142013,3,0.1206716387108061,390.5400085449219,-0.0071693975998947,0.0228954269602332,0.0005122738709009,0.016926045898523,1.4710336403634503,50.03496482381156,0.001863735081679,-0.0072699171223552,0.0320325945918701,451.1000061035156,661.72998046875,-0.0205807507433664,-0.0334365016246014,-0.063836510666608,0.011876319935173,683.5499877929688,0.0134113531434717,0.0563319285848346,0.0643487845375089,0.15506733300956488,1,0.032974185798204436,0.12209314721136044,1,1
NVDA,2020-02-13,2020-02-13T16:21:20-05:00,0001045810-20-000007,1,1,16,2,14,2.02|9.01,8-K|EX-99.1|EX-99.2,7,1,6,0.5,0.0714285714285714,0.4285714285714285,0.5463225599005455,0.0814947418880972,0.3721826964347653,0.4648278180124481,0.6655048232399849,-0.9869328209897504,0.999999863446293,0.9999998807907104,0.9878877401351928,EX-99.2,2.0,EX-99.2,1.0,0,0,0,0,1,0,0,0,0,0,0,AFTER_HOURS,2020-02-13T09:30:00-05:00,2020-02-13T16:00:00-05:00,2020-02-13,2020-02-14,,0,,6.7311859130859375,-0.0064786789370433,0.0292667687656489,0.0629887235672175,0.0250340247119608,1.6859480488297065,69.1736380735565,0.0758493976073486,0.0021094410545905,0.0161385733414948,7.203744888305664,225.23385620117188,-0.0012814829256569,0.0085847850012427,0.016287895245469,0.0119130555584215,225.8788604736328,-0.0051971960113864,0.0206819837644062,0.0467008283217485,0.07020441588175963,1,0.00286370922799839,0.06734070665376124,1,1
NVDA,2020-03-10,2020-03-10T16:12:46-04:00,0001045810-20-000033,1,0,2,2,0,5.02|9.01,8-K,0,0,0,,,,,,,,,,,,,,,,,0,0,0,0,0,0,1,0,0,0,0,AFTER_HOURS,2020-03-10T09:30:00-04:00,2020-03-10T16:00:00-04:00,2020-03-10,2020-03-11,,,,6.493939399719238,0.0617741968969601,-0.0457067600065431,-0.0182560916837441,0.0517950809674747,0.8000037475547894,48.31167502458075,-0.0526002725549062,0.0176970641967739,0.0577983331666437,6.130539894104004,196.48880004882807,0.0530201252756616,-0.0359914874648524,-0.025969222028365,0.0375643383000263,187.9307556152344,0.008754071621298501,-0.009715272541690696,0.0077131303446209,-0.05595979316205901,0,-0.0435548714810563,-0.012404921681002712,0,1
NVDA,2020-03-31,2020-03-31T17:15:12-04:00,0001193125-20-092939,1,0,8,8,0,1.01|2.03|9.01,8-K,0,0,0,,,,,,,,,,,,,,,,,1,0,0,0,0,1,0,0,0,0,0,AFTER_HOURS,2020-03-31T09:30:00-04:00,2020-03-31T16:00:00-04:00,2020-03-31,2020-04-01,,,,6.556621551513672,-0.0075209736081573,0.0244235060712236,0.0562575814417301,0.0959643477691991,1.363587298525082,54.99810278217785,0.0947208598275031,-0.0134730056981328,0.0669575590337412,6.045969486236572,183.6812896728516,-0.0085766938989763,-0.0078474361946927,0.0360407473890881,0.0625490697530121,175.87677001953125,0.0010557202908189995,0.0322709422659163,0.020216834052641998,-0.07788341316713787,0,-0.042489464589565484,-0.03539394857757239,0,1
NVDA,2020-04-16,2020-04-16T18:06:42-04:00,0001045810-20-000048,1,0,1,1,0,8.01,8-K,0,0,0,,,,,,,,,,,,,,,,,0,0,0,0,0,0,0,0,0,0,1,AFTER_HOURS,2020-04-16T09:30:00-04:00,2020-04-16T16:00:00-04:00,2020-04-16,2020-04-17,,,,7.330183029174805,0.0481728075259334,0.0880916681844311,0.0988965133353555,0.0480112076855204,1.085144284225662,61.386031396782606,0.1569362750875358,0.0265430934021471,0.042246316962776,7.270985603332519,205.7250213623047,0.0180758222924918,0.0491114828910134,0.061301794014743,0.0302210343786906,207.6929931640625,0.0300969852334416,0.03898018529341769,0.0375947193206125,-0.008075845528914494,0,0.009566030367749834,-0.017641875896664327,0,1
NVDA,2020-04-27,2020-04-27T06:19:11-04:00,0001045810-20-000052,1,0,4,4,0,2.01|9.01,8-K,0,0,0,,,,,,,,,,,,,,,,,0,0,0,1,0,0,0,0,0,0,0,PRE_MARKET,2020-04-27T09:30:00-04:00,2020-04-27T16:00:00-04:00,2020-04-24,2020-04-27,,,,7.203080177307129,0.0194566871459347,0.0718607087112047,-0.0093831167095091,0.0425625244169049,0.5806445020812877,57.64137013249415,0.0686628816199625,0.0211212627131913,0.0313201284396032,7.389381408691406,206.2942047119141,0.0156475790513745,0.0427547722565846,-0.0067576668187693,0.025813920152805,207.95347595214844,0.0038091080945601985,0.029105936454620104,-0.0026254498907398,0.025864106298748135,1,0.008043227596002955,0.01782087870274518,1,1
NVDA,2020-05-21,2020-05-21T16:22:07-04:00,0001045810-20-000063,1,1,16,2,14,2.02|9.01,8-K|EX-99.1|EX-99.2,7,1,6,0.5,0.0714285714285714,0.4285714285714285,0.5051508055527977,0.072757019522804,0.4220922008730708,0.4323937860299937,0.5257605527249325,-0.9526790913223522,0.9999993370264376,0.9999994039535522,0.9528821110725404,EX-99.1,0.0,EX-99.2,1.0,0,0,0,0,1,0,0,0,0,0,0,AFTER_HOURS,2020-05-21T09:30:00-04:00,2020-05-21T16:00:00-04:00,2020-05-21,2020-05-22,0.4648278180124481,1,-0.032434031982454425,8.730801582336426,-0.0219503305271866,0.0028528102609793,0.088688236948629,0.0231491775020501,1.5570009889448486,68.60727007365628,0.1195508070490003,-0.0305197896237625,0.0358963636104785,8.980527877807617,220.7937774658203,-0.0109505113019912,0.0063114699060001,0.0312426357671513,0.0123391740801768,221.5559234619141,-0.0109998192251954,-0.0034586596450207996,0.0574456011814777,0.02860290582899294,1,0.0034518454498191353,0.025151060379173806,1,1
NVDA,2020-06-15,2020-06-15T16:22:15-04:00,0001045810-20-000103,1,0,5,5,0,5.02|5.07|9.01,8-K,0,0,0,,,,,,,,,,,,,,,,,0,0,0,0,0,0,1,0,1,0,0,AFTER_HOURS,2020-06-15T09:30:00-04:00,2020-06-15T16:00:00-04:00,2020-06-15,2020-06-16,,,,9.131447792053224,0.0266497842270227,-0.0208200425234835,0.0410264667574119,0.0273828348686035,0.6158995970517182,61.52319889100112,0.0360406300113476,0.0406681048005834,0.0477994721901861,9.026684761047363,230.3251800537109,0.0120938312630429,-0.0308084702928012,-0.0116595398066702,0.0168117860542071,234.2804718017578,0.0145559529639798,0.009988427769317701,0.0526860065640821,-0.011472773364266775,0,0.017172641511121522,-0.028645414875388298,0,1
NVDA,2020-07-13,2020-07-13T16:22:43-04:00,0001045810-20-000127,1,0,1,1,0,5.02,8-K,0,0,0,,,,,,,,,,,,,,,,,0,0,0,0,0,0,1,0,0,0,0,AFTER_HOURS,2020-07-13T09:30:00-04:00,2020-07-13T16:00:00-04:00,2020-07-13,2020-07-14,,,,10.005901336669922,-0.041600300071965,-0.0161584758178326,0.0214174019311967,0.0245106128357624,1.0991573245812956,61.72287531526724,0.0491738637355489,-0.051227026418353,0.0763262023947902,10.32915210723877,249.85061645507807,-0.0207848474608845,-0.0055924205765978,0.0005804101391813,0.0153001672438218,251.61903381347656,-0.020815452611080504,-0.010566055241234799,0.0208369917920154,0.032306012191444244,1,0.007077898719999531,0.025228113471444713,1,1
NVDA,2020-08-19,2020-08-19T16:21:46-04:00,0001045810-20-000145,1,1,16,2,14,2.02|9.01,8-K|EX-99.1|EX-99.2,7,1,6,0.5,0.0714285714285714,0.4285714285714285,0.5190557423772718,0.0721105117252597,0.4088337583061417,0.4469452306520121,0.5549482762626212,-0.9493625228678866,0.9999999930339204,1.0,0.9493817687034608,EX-99.1,0.0,EX-99.1,5.0,0,0,0,0,1,0,0,0,0,0,0,AFTER_HOURS,2020-08-19T09:30:00-04:00,2020-08-19T16:00:00-04:00,2020-08-19,2020-08-20,0.4486108020212209,2,-0.001665571369208807,12.08253002166748,-0.0100209347787562,0.0484853749984751,0.0592444473680594,0.0258653379865824,1.6675219104897172,70.98869004757728,0.0939836628176562,-0.0128491838916564,0.0178770032384936,12.085018157958984,266.8203430175781,-0.0067503385466217,0.0143726770096843,0.0154754609511443,0.0120157197045437,270.5216369628906,-0.0032705962321345006,0.0341126979887908,0.0437689864169151,0.0002059284178927978,1,0.013871858132903592,-0.013665929715010794,0,1
NVDA,2020-09-14,2020-09-14T06:08:02-04:00,0001193125-20-244601,1,1,16,11,5,1.01|7.01|9.01,8-K|EX-99.1|EX-99.2,3,0,2,0.6,0.0,0.4,0.5998383964947607,0.0004669553917132,0.3996946266722034,0.5993714411030474,0.9975765093560084,-0.0007056292379274,0.9999993629012812,0.9999994039535522,0.0023338894825428,EX-99.1,1.0,EX-99.2,0.0,1,0,0,0,0,0,0,0,0,1,0,PRE_MARKET,2020-09-14T09:30:00-04:00,2020-09-14T16:00:00-04:00,2020-09-11,2020-09-14,0.448055611564818,3,0.15131582953822942,12.112030982971191,-0.0120323079433823,0.0208916027685489,-0.0676190617242265,0.0426320414433247,0.988192786711478,49.25099105596224,-0.03983392442805,-0.025709830647672,0.0622097161493055,12.816729545593262,261.3602600097656,-0.0069643928102131,0.001850208049431,-0.0608226552615346,0.024027187326328,265.9120178222656,-0.0050679151331692,0.0190413947191179,-0.0067964064626919035,0.05818170079096019,1,0.01741564617486202,0.04076605461609817,1,1
NVDA,2020-11-09,2020-11-09T16:32:03-05:00,0001045810-20-000181,1,0,1,1,0,5.02,8-K,0,0,0,,,,,,,,,,,,,,,,,0,0,0,0,0,0,1,0,0,0,0,AFTER_HOURS,2020-11-09T09:30:00-05:00,2020-11-09T16:00:00-05:00,2020-11-09,2020-11-10,,,,13.571956634521484,-0.0660872884402227,-0.0119235898789503,0.0801602612436868,0.037532677139284,1.8739496770759267,52.25218839445788,0.008883637806113,-0.0633396380801817,0.079287605987234,12.714921951293944,278.8905944824219,-0.0206450865838487,0.005838305559603,0.0666590078888338,0.0216890210214886,273.8944091796875,-0.045442201856374,-0.017761895438553298,0.013501253354852999,-0.06314746696490292,0,-0.01791449909598608,-0.04523296786891684,0,1
NVDA,2020-11-18,2020-11-18T16:21:51-05:00,0001045810-20-000187,1,1,17,2,15,2.02|9.01,8-K|EX-99.1|EX-99.2,7,0,8,0.4666666666666667,0.0,0.5333333333333333,0.4825605840215454,0.0085772111050447,0.5088621989222635,0.4739833729165008,0.0795632004737854,-0.0085010644397698,0.99999997702834,1.0,0.1162603348493576,EX-99.2,2.0,EX-99.2,3.0,0,0,0,0,1,0,0,0,0,0,0,AFTER_HOURS,2020-11-18T09:30:00-05:00,2020-11-18T16:00:00-05:00,2020-11-18,2020-11-19,0.49290348592835104,3,-0.01892011301185026,13.37082862854004,0.0004840572437797,0.009859556082954,0.0008008010007308,0.0381685371045999,1.4193776367264006,50.52830018231969,0.0069189829181257,-0.00271067949503,0.0313320050720595,13.382279396057127,280.3595886230469,-0.0074177580227129,-0.0028219099709754,0.0012076750251936,0.0192710245716031,282.55322265625,0.0079018152664926,0.0126814660539294,-0.00040687402446280005,0.000856399243098771,1,0.00782435886704258,-0.006967959623943809,0,1
NVDA,2021-02-24,2021-02-24T16:22:27-05:00,0001045810-21-000007,1,1,18,2,16,2.02|9.01,8-K|EX-99.1|EX-99.2,12,1,3,0.75,0.0625,0.1875,0.7661746284844639,0.0363694884282345,0.1974558828656457,0.7298051400562294,0.999903137208932,-0.3233717679977417,0.9999999968490608,1.0,0.5817946195602417,EX-99.1,0.0,EX-99.2,3.0,0,0,0,0,1,0,0,0,0,0,0,AFTER_HOURS,2021-02-24T09:30:00-05:00,2021-02-24T16:00:00-05:00,2021-02-24,2021-02-25,0.5067666815571868,3,0.22303845849904258,14.440726280212402,0.024930581904655,-0.0290585657397144,-0.0276840594021972,0.0277665991221465,1.5090488401072006,54.75081958980164,0.0239234383110871,0.0266413627539938,0.0517794718687116,13.254016876220703,313.8038635253906,0.0082090616621377,-0.0210341372075567,-0.0297868191907458,0.0091650509488702,302.8638610839844,0.0167215202425173,-0.0080244285321577,0.0021027597885486006,-0.08217795843258957,0,-0.03486254859485205,-0.04731540983773752,0,1
NVDA,2021-03-18,2021-03-18T19:30:13-04:00,0001045810-21-000034,1,0,2,2,0,5.02|9.01,8-K,0,0,0,,,,,,,,,,,,,,,,,0,0,0,0,0,0,1,0,0,0,0,AFTER_HOURS,2021-03-18T09:30:00-04:00,2021-03-18T16:00:00-04:00,2021-03-18,2021-03-19,,,,12.675741195678713,-0.0474885268876414,-0.0361816860426914,-0.0210772478100618,0.0392917209520185,0.7498119704173594,44.05705875988759,-0.038910257862688,-0.0315152818382854,0.036706623166074,12.798539161682127,302.0991516113281,-0.0311092083018204,-0.021526307683925,-0.0190456237627707,0.0224322676179631,303.1640319824219,-0.016379318585821,-0.014655378358766395,-0.002031624047291101,0.0096876359423681,1,0.0035249366488250278,0.0061626992935430724,1,1
NVDA,2021-04-12,2021-04-12T14:08:45-04:00,0001045810-21-000047,1,1,3,2,1,7.01|9.01,8-K|EX-99.1,1,0,0,1.0,0.0,0.0,1.0,1.8957513336914644e-09,6.757566506365721e-09,0.9999999981042488,0.9999999981042488,0.9999999981042488,0.9999999981042488,1.0,1.8957513336914644e-09,EX-99.1,0.0,EX-99.1,0.0,0,0,0,0,0,0,0,0,0,1,0,INTRADAY,2021-04-12T09:30:00-04:00,2021-04-12T16:00:00-04:00,2021-04-09,2021-04-13,0.6010533180252592,3,0.3989466800789896,14.347075462341309,0.0057805014463592,0.0381129328507031,0.0417084715369767,0.0196255755936117,0.7310278182506003,63.38399554009288,0.0818445050205816,0.0130856812716246,0.0161805422088977,15.621871948242188,326.7825012207031,0.0060396763887377,0.018834729099063,0.0379078334654007,0.0109526476815149,330.1656188964844,-0.0002591749423784999,0.0192782037516401,0.003800638071576004,,,,,,0
NVDA,2021-05-21,2021-05-21T09:02:17-04:00,0001045810-21-000056,1,1,3,2,1,8.01|9.01,8-K|EX-99.1,0,0,1,0.0,0.0,1.0,2.575527469161898e-05,1.3159132095097448e-06,0.999972939491272,2.443936148210924e-05,2.443936148210924e-05,2.443936148210924e-05,2.443936148210924e-05,2.575527469161898e-05,1.3159132095097448e-06,EX-99.1,0.0,EX-99.1,0.0,0,0,0,0,0,0,0,0,0,0,1,PRE_MARKET,2021-05-21T09:30:00-04:00,2021-05-21T16:00:00-04:00,2021-05-20,2021-05-21,0.7345961703589929,3,-0.7345717309975108,14.558793067932127,0.0381345772257959,0.0310677095242628,0.0670210050042032,0.0247599534967709,1.3058778145493677,52.65780233175797,0.0014871354800436,0.0216745621099536,0.0282805792361559,14.936650276184082,318.7562866210937,0.0191588005008425,0.0135326985695554,0.0292847509166689,0.014593781661532,316.9920349121094,0.0189757767249534,0.0175350109547074,0.0377362540875343,0.025953882748992463,1,-0.005534798160958254,0.03148868090995072,1,1
NVDA,2021-05-26,2021-05-26T16:20:35-04:00,0001045810-21-000063,1,1,17,2,15,2.02|9.01,8-K|EX-99.1|EX-99.2,10,0,5,0.6666666666666666,0.0,0.3333333333333333,0.683217085255698,9.866690478810268e-05,0.3166842765515406,0.6831184183509098,0.984634883214312,0.0004148520638409,0.9999999973091378,1.0,0.0011879164958372,EX-99.1,0.0,EX-99.1,4.0,0,0,0,0,1,0,0,0,0,0,0,AFTER_HOURS,2021-05-26T09:30:00-04:00,2021-05-26T16:00:00-04:00,2021-05-26,2021-05-27,0.5766098591739868,3,0.10650855917692303,15.642297744750977,0.0033336531666582,0.0461606961549683,0.1099180705313975,0.0257016803927639,1.226124758624479,64.05838215980779,0.0739972124041679,-0.0021767964313484,0.0132165290834528,15.43107795715332,323.8939208984375,0.0034777036471979,0.0215394104478953,0.0351480390391325,0.014452041716717,322.6822204589844,-0.00014405048053969978,0.024621285707073004,0.074770031492265,-0.013503117703314027,0,-0.0037410410053144716,-0.009762076697999555,0,1
NVDA,2021-06-04,2021-06-04T18:50:36-04:00,0001045810-21-000075,1,0,6,6,0,5.03|5.07|9.01,8-K,0,0,0,,,,,,,,,,,,,,,,,0,0,0,0,0,0,0,1,1,0,0,AFTER_HOURS,2021-06-04T09:30:00-04:00,2021-06-04T16:00:00-04:00,2021-06-04,2021-06-07,,,,17.51365089416504,0.0352302395706836,0.0776780982898139,0.1265971028833376,0.020683957159291,1.582338687965539,76.65548032645957,0.1595719835322715,0.0272170441907479,0.032170342530099,17.554244995117188,325.3187866210937,0.0168271107980701,0.0083180469756077,0.0081375821419727,0.0094070847880693,326.2882080078125,0.018403128772613502,0.0693600513142062,0.11845952074136488,0.00231785486632452,1,0.0029799120941882418,-0.0006620572278637216,0,1
NVDA,2021-06-16,2021-06-16T16:27:01-04:00,0001193125-21-192149,1,0,8,8,0,1.01|2.03|9.01,8-K,0,0,0,,,,,,,,,,,,,,,,,1,0,0,0,0,1,0,0,0,0,0,AFTER_HOURS,2021-06-16T09:30:00-04:00,2021-06-16T16:00:00-04:00,2021-06-16,2021-06-17,,,,17.748857498168945,0.0012219578413888,-0.0008420492294438,0.0257063132328005,0.0187939548624532,0.6882049852532625,72.0286483944781,0.0754869424879898,0.0010960091351606,0.0207886310333379,18.59293937683105,330.5631103515625,-0.0036589547854731,-0.0006740778567801,0.0123039027898184,0.0071922328952206,334.7604064941406,0.0048809126268619,-0.00016797137266369997,0.013402410442982099,0.04755696972321655,1,0.012697412418809284,0.03485955730440726,1,1
NVDA,2021-06-28,2021-06-28T17:25:47-04:00,0001045810-21-000117,1,0,3,3,0,7.01|8.01,8-K,0,0,0,,,,,,,,,,,,,,,,,0,0,0,0,0,0,0,0,0,1,1,AFTER_HOURS,2021-06-28T09:30:00-04:00,2021-06-28T16:00:00-04:00,2021-06-28,2021-06-29,,,,19.91611671447754,0.0489129860094012,0.04753462008266,0.0811517939842581,0.0197012153879089,1.0185571995289566,80.16117266352654,0.1079452283927329,0.0322164472388626,0.0380160291722687,19.95772171020508,343.271728515625,0.0120882439636429,0.0170223026348042,0.0267896322482407,0.0068655725567086,344.5140075683594,0.0368247420457583,0.030512317447855798,0.054362161736017406,0.0020890114435461182,1,0.003618937854586113,-0.0015299264110399946,0,1
NVDA,2021-08-18,2021-08-18T16:21:07-04:00,0001045810-21-000128,1,1,17,2,15,2.02|9.01,8-K|EX-99.1|EX-99.2,13,0,2,0.8666666666666667,0.0,0.1333333333333333,0.848551597885186,7.94355260573809e-06,0.1514404674106129,0.8485436543325803,0.999791122014166,4.742135752167087e-05,0.9999999962487348,1.0,5.5676227930234745e-05,EX-99.2,2.0,EX-99.2,4.0,0,0,0,0,1,0,0,0,0,0,0,AFTER_HOURS,2021-08-18T09:30:00-04:00,2021-08-18T16:00:00-04:00,2021-08-18,2021-08-19,0.561047618605547,3,0.2874960357270333,18.974369049072266,-0.0217165657297493,-0.05854644033427,-0.034025762810163,0.0156917828659218,1.3230379531279934,42.69623252442532,-0.0374869679489868,-0.0235896966396234,0.033298358598355,19.729751586914062,351.5209350585937,-0.0096712452383267,-0.0180846879728452,-0.0109828731890715,0.0051542178890856,353.21923828125,-0.012045320491422599,-0.040461752361424796,-0.0230428896210915,0.03981068018062661,1,0.004831300367283076,0.034979379813343536,1,1
NVDA,2021-11-17,2021-11-17T16:20:59-05:00,0001045810-21-000160,1,1,18,2,16,2.02|9.01,8-K|EX-99.1|EX-99.2,11,0,5,0.6875,0.0,0.3125,0.7041971249054768,0.0001790834154331,0.2956237977673618,0.7040180414900437,0.997874412598634,-0.0023879919026512,0.999999993335261,1.0,0.0027006093878299,EX-99.1,0.0,EX-99.2,6.0,0,0,0,0,1,0,0,0,0,0,0,AFTER_HOURS,2021-11-17T09:30:00-05:00,2021-11-17T16:00:00-05:00,2021-11-17,2021-11-18,0.5105621706816574,3,0.19345587080838622,29.165281295776367,-0.0316858305474594,-0.0378581075385887,-0.0067439309190113,0.0365183683452521,1.063637734481511,66.2653559153932,0.0682549973881696,-0.0380366761743569,0.0584054393169342,31.571382522583008,386.323486328125,0.0005282202683553,0.007395925123789,0.0206323576496318,0.0072345623054185,390.3263549804688,-0.0322140508158147,-0.0452540326623777,-0.0273762885686431,0.08249881776916324,1,0.01036144266140715,0.07213737510775609,1,1
NVDA,2022-02-08,2022-02-08T08:09:34-05:00,0001045810-22-000005,1,0,1,1,0,1.02,8-K,0,0,0,,,,,,,,,,,,,,,,,0,1,0,0,0,0,0,0,0,0,0,PRE_MARKET,2022-02-08T09:30:00-05:00,2022-02-08T16:00:00-05:00,2022-02-07,2022-02-08,,,,24.650121688842773,0.0166779951914365,-0.0205731963862762,0.0098342800582569,0.0367966796295049,0.7084941163111863,45.86850275775205,-0.0025816583520064,0.0146069630747414,0.0396311677789524,25.028928756713867,345.4726867675781,-0.0080769540772269,-0.0369294340128035,-0.0220563722233259,0.0207960718546923,349.35418701171875,0.0247549492686634,0.016356237626527298,0.031890652281582804,0.01536735082498808,1,0.011235331743467025,0.0041320190815210545,1,1
NVDA,2022-02-16,2022-02-16T16:21:16-05:00,0001045810-22-000008,1,1,18,2,16,2.02|9.01,8-K|EX-99.1|EX-99.2,13,0,3,0.8125,0.0,0.1875,0.808266708917472,0.0001328156915613,0.1916004759134484,0.8081338932259107,0.9998340146603724,-8.966797031462193e-05,0.9999999971875584,1.0,0.0019710294436663,EX-99.1,0.0,EX-99.2,3.0,0,0,0,0,1,0,0,0,0,0,0,AFTER_HOURS,2022-02-16T09:30:00-05:00,2022-02-16T16:00:00-05:00,2022-02-16,2022-02-17,0.7452267047245112,3,0.06290718850139942,26.4275131225586,0.0006037636758044,0.101633343774306,-0.0072911036135632,0.0451764008075196,1.3253136598513673,54.33789783269512,0.0887564561097691,0.0095966675767957,0.038851823737127,24.42982482910156,346.35797119140625,-0.0002527554564782,0.0255456139251533,-0.0295826053275202,0.0225200610689493,336.0558776855469,0.0008565191322825999,0.0760877298491527,0.022291501713957,-0.0755912326745497,0,-0.029744063549113964,-0.04584716912543574,0,1
NVDA,2022-03-09,2022-03-09T16:17:13-05:00,0001045810-22-000023,1,0,3,3,0,5.02|5.03|9.01,8-K,0,0,0,,,,,,,,,,,,,,,,,0,0,0,0,0,0,1,1,0,0,0,AFTER_HOURS,2022-03-09T09:30:00-05:00,2022-03-09T16:00:00-05:00,2022-03-09,2022-03-10,,,,22.945432662963867,0.0673988471376174,0.0033949457689601,-0.0510759726252171,0.0444132710572885,0.8921195012341866,45.628062612016194,-0.0413539698833318,0.0280073628925381,0.0422785945656725,22.59049797058105,325.8803405761719,0.0353653270953646,-0.006871999266125,-0.0358578460998178,0.02237963186027,322.26153564453125,0.0320335200422528,0.0102669450350851,-0.015218126525399299,-0.015468642391551657,0,-0.011104704644785857,-0.0043639377467658,0,1
NVDA,2022-05-25,2022-05-25T16:22:25-04:00,0001045810-22-000073,1,1,17,2,15,2.02|9.01,8-K|EX-99.1|EX-99.2,9,1,5,0.6,0.0666666666666666,0.3333333333333333,0.6304119970300235,0.0649012144941437,0.3046867854108162,0.5655107825358797,0.9854534690321088,-0.8634585700929165,0.9999987837055572,0.9999988079071044,0.9203330874443054,EX-99.1,0.0,EX-99.2,3.0,0,0,0,0,1,0,0,0,0,0,0,AFTER_HOURS,2022-05-25T09:30:00-04:00,2022-05-25T16:00:00-04:00,2022-05-25,2022-05-26,0.7868985296828449,3,-0.22138774714696519,16.924427032470703,0.0495742069692677,0.0166924136390556,0.0021819575505681,0.0525482659465914,1.2781287038095297,41.81164425922623,-0.04794481984323,0.0596129773044569,0.0654491921100601,17.79781723022461,283.6898498535156,0.0138981672024148,0.0088975178154117,0.0004123075584394,0.0248679869343871,291.5500793457031,0.03567603976685291,0.007794895823643899,0.0017696499921286998,0.05160530374695971,1,0.027707122747768986,0.02389818099919072,1,1
NVDA,2022-06-06,2022-06-06T17:29:41-04:00,0001045810-22-000088,1,0,8,8,0,5.02|5.03|5.07|9.01,8-K,0,0,0,,,,,,,,,,,,,,,,,0,0,0,0,0,0,1,1,1,0,0,AFTER_HOURS,2022-06-06T09:30:00-04:00,2022-06-06T16:00:00-04:00,2022-06-06,2022-06-07,,,,18.73003196716309,0.0035193467836472,0.0251185183854761,-0.0013297765361626,0.043688453088783,0.6351022524158803,50.76134538614933,0.0672894072401446,-0.0184440483826153,0.0411477028662215,18.86961936950684,299.2350158691406,0.0033257582072616,0.003978907675445,-0.0061005746361361,0.0238099217531187,301.8161315917969,0.00019358857638560002,0.0211396107100311,0.0047707980999735,0.007452598190353932,1,0.0086257141904309,-0.001173116000076968,0,1
NVDA,2022-08-08,2022-08-08T09:16:50-04:00,0001045810-22-000133,1,1,6,2,4,2.02|9.01,8-K|EX-99.1,2,1,1,0.5,0.25,0.25,0.4880431686971604,0.2500779947499723,0.2618788466240858,0.2379651739471882,0.475876091925187,-0.9998735724475408,0.9999820843859196,0.9999843835830688,0.9999297857284546,EX-99.1,1.0,EX-99.1,0.0,0,0,0,0,1,0,0,0,0,0,0,PRE_MARKET,2022-08-08T09:30:00-04:00,2022-08-08T16:00:00-04:00,2022-08-05,2022-08-08,0.6925542390839446,3,-0.45458906513675645,18.936431884765625,-0.0118312534412951,0.0246849878307587,0.0444736198657646,0.0314322655333065,0.7639393887226393,64.1990021982788,0.102860926436008,0.0095162604771088,0.0296487290453059,17.743741989135742,313.9897766113281,-0.008202394855821,0.0233315216791762,0.0197428982090916,0.0181027956091466,312.9748840332031,-0.0036288585854741,0.0013534661515825011,0.024730721656672998,-0.06298387694618446,0,-0.003232247205874117,-0.05975162974031034,0,1
NVDA,2022-08-24,2022-08-24T16:24:34-04:00,0001045810-22-000136,1,1,15,2,13,2.02|9.01,8-K|EX-99.1|EX-99.2,2,5,6,0.1538461538461538,0.3846153846153846,0.4615384615384615,0.2079984707344762,0.3928740146371077,0.3991275111012774,-0.1848755439026315,-1.2848926871811273e-05,-0.9999960325832262,0.9808730561635456,0.9817332029342652,0.999997854232788,EX-99.1,3.0,EX-99.2,2.0,0,0,0,0,1,0,0,0,0,0,0,AFTER_HOURS,2022-08-24T09:30:00-04:00,2022-08-24T16:00:00-04:00,2022-08-24,2022-08-25,0.5372032832363263,3,-0.7220788271389578,17.1743221282959,0.0023833696524195,-0.0357597928394182,-0.0626238443708306,0.0360258851099528,1.057266147117213,45.74790852728773,-0.054107742638472,0.0123442865364298,0.0296713317816421,17.863405227661133,307.4123229980469,0.0028930093605234,-0.0246142399638396,-0.0419019125287452,0.0142072046119537,312.8479309082031,-0.0005096397081038998,-0.011145552875578599,-0.0207219318420854,0.04012287030705686,1,0.01768181528035484,0.022441055026702017,1,1
NVDA,2022-08-31,2022-08-31T17:00:22-04:00,0001045810-22-000146,1,0,3,3,0,8.01,8-K,0,0,0,,,,,,,,,,,,,,,,,0,0,0,0,0,0,0,0,0,0,1,AFTER_HOURS,2022-08-31T09:30:00-04:00,2022-08-31T16:00:00-04:00,2022-08-31,2022-09-01,,,,15.052209854125977,-0.0244761435975193,-0.0744107583053489,-0.1318905542399005,0.0382240359573249,1.0896736183352198,34.80581813608593,-0.1440205866067906,-0.018850751765528,0.0384921381575497,13.898414611816406,292.0519714355469,-0.0058303310150034,-0.0269337082244887,-0.0512581473288337,0.0165279535755695,292.1788024902344,-0.0186458125825159,-0.04747705008086021,-0.08063240691106681,-0.07665288044023,0,0.0004342756327377906,-0.07708715607296779,0,1
NVDA,2022-09-01,2022-09-01T07:05:16-04:00,0001045810-22-000151,1,0,1,1,0,8.01,8-K,0,0,0,,,,,,,,,,,,,,,,,0,0,0,0,0,0,0,0,0,0,1,PRE_MARKET,2022-09-01T09:30:00-04:00,2022-09-01T16:00:00-04:00,2022-08-31,2022-09-01,,,,15.052209854125977,-0.0244761435975193,-0.0744107583053489,-0.1318905542399005,0.0382240359573249,1.0896736183352198,34.80581813608593,-0.1440205866067906,-0.018850751765528,0.0384921381575497,13.898414611816406,292.0519714355469,-0.0058303310150034,-0.0269337082244887,-0.0512581473288337,0.0165279535755695,292.1788024902344,-0.0186458125825159,-0.04747705008086021,-0.08063240691106681,-0.07665288044023,0,0.0004342756327377906,-0.07708715607296779,0,1
NVDA,2022-11-16,2022-11-16T16:21:18-05:00,0001045810-22-000163,1,1,15,2,13,2.02|9.01,8-K|EX-99.1|EX-99.2,4,5,4,0.3076923076923077,0.3846153846153846,0.3076923076923077,0.2383812182791259,0.408032770720481,0.3535860104592005,-0.1696515524413551,0.0292811286635696,-0.99999423951067,0.999958060464671,0.9999581575393676,0.999996304512024,EX-99.1,3.0,EX-99.2,2.0,0,0,0,0,1,0,0,0,0,0,0,AFTER_HOURS,2022-11-16T09:30:00-05:00,2022-11-16T16:00:00-05:00,2022-11-16,2022-11-17,0.20620013752681213,3,-0.3758516899681672,15.870667457580566,-0.0464227191262027,-0.0258724415135867,0.1440198765883549,0.0479869518907698,1.1767906214309318,63.83609128684967,0.1288131530845064,-0.0155921790920279,0.0307353470427464,15.6382417678833,279.0560913085937,-0.0137433238808562,-0.0087897810333329,0.0806616763825054,0.0269478543038828,278.4401550292969,-0.0326793952453465,-0.0170826604802538,0.06335820020584951,-0.01464498517901014,0,-0.0022072131678203544,-0.012437772011189785,0,1
NVDA,2023-02-22,2023-02-22T16:52:26-05:00,0001045810-23-000014,1,1,18,2,16,2.02|9.01,8-K|EX-99.1|EX-99.2,5,4,7,0.3125,0.25,0.4375,0.3211930106440377,0.2906499967125331,0.3881570019627247,0.0305430139315046,0.0026746027465946,-0.99193661964091,0.9999779542090436,0.9999847412109376,0.9920628666877748,EX-99.2,2.0,EX-99.2,1.0,0,0,0,0,1,0,0,0,0,0,0,AFTER_HOURS,2023-02-22T09:30:00-05:00,2023-02-22T16:00:00-05:00,2023-02-22,2023-02-23,-0.038853974132266135,3,0.06939698806377073,20.70798683166504,0.0047815379999621,-0.0583942925217963,-0.1014938439594666,0.0324985061362273,1.0035205466580717,53.15896382047195,-0.0194929855420594,0.0022697143960372,0.0329093463484711,23.611534118652344,288.3577880859375,0.0007479851202733,-0.030292450503923,-0.0416032398985752,0.0171289513539524,290.87628173828125,0.0040335528796888,-0.028101842017873302,-0.0598906040608914,0.14021388513476474,1,0.00873391930580758,0.13147996582895716,1,1
NVDA,2023-03-08,2023-03-08T16:12:15-05:00,0001045810-23-000039,1,0,4,4,0,5.02|5.03|9.01,8-K,0,0,0,,,,,,,,,,,,,,,,,0,0,0,0,0,0,1,1,0,0,0,AFTER_HOURS,2023-03-08T09:30:00-05:00,2023-03-08T16:00:00-05:00,2023-03-08,2023-03-09,,,,24.131486892700195,0.0376291160056866,0.0122770666614209,0.063460066920917,0.0431554479589771,0.9780871068924868,64.02638308537993,0.0684141521115211,0.0295482717489883,0.0320913520696951,23.388015747070312,291.8563232421875,0.0049820937569121,-0.0062258554138362,0.0224791344468903,0.0124914163235911,286.7996520996094,0.0326470222487745,0.0185029220752571,0.040980932474026704,-0.030809172635557047,0,-0.017325892022500455,-0.013483280613056592,0,1
NVDA,2023-05-24,2023-05-24T16:22:18-04:00,0001045810-23-000087,1,1,14,2,12,2.02|9.01,8-K|EX-99.1|EX-99.2,4,2,6,0.3333333333333333,0.1666666666666666,0.5,0.3620084537161195,0.1641925153993764,0.4737990184717091,0.1978159383167431,-6.72459239012757e-05,-0.5331664830446243,0.9999809798943248,0.9999810457229614,0.7661758661270142,EX-99.1,3.0,EX-99.2,2.0,0,0,0,0,1,0,0,0,0,0,0,AFTER_HOURS,2023-05-24T09:30:00-04:00,2023-05-24T16:00:00-04:00,2023-05-24,2023-05-25,-0.107994694137494,3,0.3058106324542371,30.4754695892334,-0.004900003030095,-0.0234955459575116,0.011858614782604,0.0218456639971618,1.8338460756308128,62.45209376124935,0.0469835956151383,0.0108573661793804,0.0262296349561578,37.9022331237793,325.511962890625,-0.0051427687675629,-0.0145477532490854,0.001599384381984,0.0095501334732362,333.4326171875,0.00024276573746789994,-0.008947792708426201,0.01025923040062,0.24369644289811632,1,0.024332913071881235,0.21936352982623508,1,1
NVDA,2023-06-27,2023-06-27T17:11:03-04:00,0001045810-23-000146,1,0,5,5,0,5.07,8-K,0,0,0,,,,,,,,,,,,,,,,,0,0,0,0,0,0,0,0,1,0,0,AFTER_HOURS,2023-06-27T09:30:00-04:00,2023-06-27T16:00:00-04:00,2023-06-27,2023-06-28,,,,41.79458236694336,0.0301569275056442,-0.0270683970547655,-0.0451035336127024,0.0263907200905775,0.8223057975872506,62.87754554240932,0.0301109568526973,0.0263976977363613,0.0356289231232272,41.03706359863281,357.5862121582031,0.0170478370172581,-0.0064112994804026,-0.0084026587754469,0.0120310735873088,358.2841491699219,0.0131090904883861,-0.020657097574362897,-0.036700874837255495,-0.01812480770018876,0,0.0019518006790764098,-0.02007660837926517,0,1
NVDA,2023-07-24,2023-07-24T16:35:01-04:00,0001045810-23-000164,1,0,1,1,0,5.02,8-K,0,0,0,,,,,,,,,,,,,,,,,0,0,0,0,0,0,1,0,0,0,0,AFTER_HOURS,2023-07-24T09:30:00-04:00,2023-07-24T16:00:00-04:00,2023-07-24,2023-07-25,,,,44.52526092529297,0.0068151337092005,-0.0537815493726253,-0.0406103002803193,0.0222154787317817,0.809324380993246,57.702042156717546,0.023808643007716,-0.0026603358717744,0.0239621683816215,45.59018707275391,369.77349853515625,0.0015960917485226,-0.0247295332199332,-0.0168154414789605,0.0097078696382602,372.2797546386719,0.0052190419606779,-0.029052016152692095,-0.023794858801358797,0.023917347710723957,1,0.006777814292922679,0.017139533417801278,1,1
NVDA,2023-08-23,2023-08-23T16:21:42-04:00,0001045810-23-000171,1,1,14,2,12,2.02|9.01,8-K|EX-99.1|EX-99.2,10,0,2,0.8333333333333334,0.0,0.1666666666666666,0.7921710896468236,5.511093431979456e-06,0.2078233993871349,0.7921655785533916,0.9998861336224588,0.0001963271142813,0.9999999958690484,1.0,2.543116715969517e-05,EX-99.2,2.0,EX-99.2,3.0,0,0,0,0,1,0,0,0,0,0,0,AFTER_HOURS,2023-08-23T09:30:00-04:00,2023-08-23T16:00:00-04:00,2023-08-23,2023-08-24,0.0195691332689642,3,0.7725964452844274,47.02439498901367,0.031214853543167,0.0844831740012986,0.0801737209859074,0.0364293305458301,1.635995143964322,60.39160251947522,0.0554648431274578,0.0272533024294012,0.0422786427560709,47.0713005065918,362.775634765625,0.0156455459157335,0.0301985520314215,0.0179597866919289,0.0099899441445465,355.02105712890625,0.015569307627433502,0.054284621969877093,0.0622139342939785,0.0009974720055214714,1,-0.02137568484093111,0.02237315684645258,1,1
NVDA,2023-10-17,2023-10-17T17:27:14-04:00,0001045810-23-000217,1,0,2,2,0,8.01,8-K,0,0,0,,,,,,,,,,,,,,,,,0,0,0,0,0,0,0,0,0,0,1,AFTER_HOURS,2023-10-17T09:30:00-04:00,2023-10-17T16:00:00-04:00,2023-10-17,2023-10-18,,,,43.85618591308594,-0.0479248743817021,-0.0661969730726498,-0.0414608782072478,0.0232962318024586,1.9480954261786243,46.00531932108706,-0.0027247114008022,-0.0014090971513227,0.0517547928765576,42.11742782592773,362.4050903320313,-0.003281015530073,-0.0046876599351755,-0.0010587818434247,0.0097727885511922,357.65106201171875,-0.0446438588516291,-0.06150931313747429,-0.0404020963638231,-0.039646814946563635,0,-0.013117995434216878,-0.026528819512346757,0,1
NVDA,2023-10-24,2023-10-24T09:00:18-04:00,0001045810-23-000221,1,0,2,2,0,8.01,8-K,0,0,0,,,,,,,,,,,,,,,,,0,0,0,0,0,0,0,0,0,0,1,PRE_MARKET,2023-10-24T09:30:00-04:00,2023-10-24T16:00:00-04:00,2023-10-23,2023-10-24,,,,42.89497756958008,0.0376516812934587,0.0182931284696719,-0.0700859069939704,0.0255886871053555,1.0531321951268895,45.00450780727936,-0.0263182465954163,0.0423487928082466,0.0535893306708417,43.58169555664063,350.0723571777344,0.0030127707492391,-0.021417956055932,-0.0379037678600216,0.0103073494319462,353.4778747558594,0.0346389105442196,0.0397110845256039,-0.032182139133948795,0.016009286540519252,1,0.009728039099059727,0.006281247441459525,1,1
NVDA,2023-11-21,2023-11-21T16:22:00-05:00,0001045810-23-000225,1,1,15,2,13,2.02|9.01,8-K|EX-99.1|EX-99.2,12,0,1,0.9230769230769232,0.0,0.0769230769230769,0.916633188008116,1.3921561068350516e-05,0.0833528885743428,0.9166192664470476,0.9998795324835044,0.0168751867167884,0.9999998763985078,0.9999998807907104,0.0001368636585539,EX-99.1,0.0,EX-99.2,5.0,0,0,0,0,1,0,0,0,0,0,0,AFTER_HOURS,2023-11-21T09:30:00-05:00,2023-11-21T16:00:00-05:00,2023-11-21,2023-11-22,0.34017484360054645,3,0.5764444228465011,49.85099792480469,-0.0092672790832359,0.0093338057877121,0.0057832343793462,0.0146495199653207,1.3562155213486715,67.09089708120612,0.0913834612045565,-0.0036308344678898,0.0259290037364846,48.625282287597656,382.3561096191406,-0.0058263759759393,0.0065082191940763,0.008115822767903,0.0098197579930668,383.9210510253906,-0.003440903107296601,0.002825586593635799,-0.0023325883885567996,-0.024587584767227777,0,0.004092889761350582,-0.02868047452857836,0,1
NVDA,2024-02-21,2024-02-21T16:22:09-05:00,0001045810-24-000028,1,1,16,2,14,2.02|9.01,8-K|EX-99.1|EX-99.2,11,0,3,0.7857142857142857,0.0,0.2142857142857142,0.7538599213065547,1.33771352142098e-05,0.2461266976525239,0.7538465441713404,0.999345512602126,0.0001667953911237,0.9999999920146294,1.0,9.728526492835954e-05,EX-99.2,2.0,EX-99.1,3.0,0,0,0,0,1,0,0,0,0,0,0,AFTER_HOURS,2024-02-21T09:30:00-05:00,2024-02-21T16:00:00-05:00,2024-02-21,2024-02-22,0.6355335944390608,3,0.11831294973227968,67.352294921875,-0.0289230451827298,-0.0740505476944312,-0.0667296719952858,0.028411195554539,1.3696559673358537,56.43877814395823,-0.0003124618069718,-0.0078521984517733,0.0391273325953306,78.39865112304688,419.9691162109375,-0.0040096671412709,-0.020695456320957,-0.0068839045874584,0.009376914169471,432.263916015625,-0.024913378041458902,-0.0533550913734742,-0.059845767407827405,0.16400860897145453,1,0.029275485577640037,0.1347331233938145,1,1
NVDA,2024-03-14,2024-03-14T16:30:50-04:00,0001045810-24-000069,1,0,3,3,0,5.02|5.03|9.01,8-K,0,0,0,,,,,,,,,,,,,,,,,0,0,0,0,0,0,1,1,0,0,0,AFTER_HOURS,2024-03-14T09:30:00-04:00,2024-03-14T16:00:00-04:00,2024-03-14,2024-03-15,,,,87.79206848144531,-0.0329279554196888,0.0249842407610738,-0.0523338985629554,0.0340939291655303,0.9857930081492025,63.493155241507154,0.0771042992526556,-0.0182301614414467,0.0460066091807438,87.68526458740234,433.31976318359375,-0.0025244497690766,0.0039929540102696,-0.0142666924247344,0.0104858179080427,428.1689758300781,-0.0304035056506122,0.020991286750804198,-0.038067206138221,-0.0012165551614214953,0,-0.011886804598232215,0.01067024943681072,1,1
NVDA,2024-05-22,2024-05-22T16:21:29-04:00,0001045810-24-000113,1,1,16,3,13,2.02|8.01|9.01,8-K|EX-99.1|EX-99.2,10,0,3,0.7692307692307693,0.0,0.2307692307692307,0.7576676504692071,2.786804304769167e-05,0.2423044851267957,0.7576397824261594,0.9998067502482116,4.185520174360136e-05,0.999999996736222,1.0,0.0003427111078053,EX-99.1,0.0,EX-99.1,5.0,0,0,0,0,1,0,0,0,0,0,1,AFTER_HOURS,2024-05-22T09:30:00-04:00,2024-05-22T16:00:00-04:00,2024-05-22,2024-05-23,0.8208771297239266,3,-0.0632373472977672,94.78598022460938,-0.0045813259240146,0.0263689750539649,0.0033759201575932,0.019755686308311,1.4132178919987466,60.79949353633608,0.0536870516410454,-0.0053321602729921,0.029183740735247,103.61969757080078,450.26470947265625,-0.0001975503559061,0.0087055089270482,0.0061850982760456,0.0065876327500152,448.2392883300781,-0.0043837755681085,0.017663466126916702,-0.0028091781184524005,0.09319645505863439,1,-0.0044982897836924884,0.09769474484232687,1,1
NVDA,2024-06-07,2024-06-07T16:19:34-04:00,0001045810-24-000144,1,0,2,2,0,5.03|9.01,8-K,0,0,0,,,,,,,,,,,,,,,,,0,0,0,0,0,0,0,1,0,0,0,AFTER_HOURS,2024-06-07T09:30:00-04:00,2024-06-07T16:00:00-04:00,2024-06-07,2024-06-10,,,,120.6791763305664,-0.0009095185212368,0.0375142941421688,0.0977261391284482,0.0344024820557663,0.8960413357639968,74.87835748971303,0.1551058483350393,0.0093345902692696,0.0303586638386088,121.57959747314452,457.4281005859375,-0.0008852572840546,0.0187286938148396,0.0268165686045573,0.0075312642906398,459.2757568359375,-2.4261237182200018e-05,0.0187856003273292,0.07090957052389091,0.007461280147551319,1,0.004039227689845104,0.003422052457706215,1,1
NVDA,2024-07-02,2024-07-02T16:47:41-04:00,0001045810-24-000206,1,0,5,5,0,5.07,8-K,0,0,0,,,,,,,,,,,,,,,,,0,0,0,0,0,0,0,0,1,0,0,AFTER_HOURS,2024-07-02T09:30:00-04:00,2024-07-02T16:00:00-04:00,2024-07-02,2024-07-03,,,,122.4681396484375,-0.013200311262359,-0.0107030735572843,-0.0274981393191469,0.0350502073998543,0.5665384305759007,54.79081339212036,-0.0182919430523065,0.0127136213196266,0.0194016867884409,128.06890869140625,481.9259033203125,0.0104449120164139,0.0110885294359653,0.0157294402951242,0.0076485603047076,485.9437255859375,-0.0236452232787729,-0.0217916029932496,-0.0432275796142711,0.04573245791963987,1,0.008337012470057248,0.03739544544958262,1,1
NVDA,2024-08-28,2024-08-28T16:21:16-04:00,0001045810-24-000262,1,1,14,2,12,2.02|9.01,8-K|EX-99.1|EX-99.2,9,0,3,0.75,0.0,0.25,0.8099079057574272,1.122891163866472e-05,0.1900808691251179,0.8098966768457886,0.9971398024423622,0.1544400314669474,0.9999999984123172,1.0,9.761649562278762e-05,EX-99.2,2.0,EX-99.2,5.0,0,0,0,0,1,0,0,0,0,0,0,AFTER_HOURS,2024-08-28T09:30:00-04:00,2024-08-28T16:00:00-04:00,2024-08-28,2024-08-29,0.8093685310148491,3,0.0005281458309395193,125.40331268310548,-0.0211893722706445,-0.0294944828664873,-0.0227469298001641,0.0307472214611523,1.2203744015591125,55.347085793920485,0.0737182438789034,-0.0195909663010845,0.0452989603833927,117.39649963378906,466.4580993652344,-0.0114122995300694,-0.0181851547107527,-0.0233799849028943,0.0120126098023545,465.7752685546875,-0.0097770727405751,-0.0113093281557346,0.0006330551027301998,-0.06384849712502938,0,-0.001463863123989273,-0.06238463400104011,0,1
NVDA,2024-11-07,2024-11-07T16:35:26-05:00,0001045810-24-000300,1,0,1,1,0,5.02,8-K,0,0,0,,,,,,,,,,,,,,,,,0,0,0,0,0,0,1,0,0,0,0,AFTER_HOURS,2024-11-07T09:30:00-05:00,2024-11-07T16:00:00-05:00,2024-11-07,2024-11-08,,,,148.64773559570312,0.0222088615237545,0.0901181331161819,0.114597603523206,0.0248540132355539,0.9209756438203384,67.59684911929037,0.0696747105688213,0.017009396157837,0.0185383826996002,147.39968872070312,508.9244079589844,0.0156217620407416,0.0550986521356137,0.0595529908875666,0.0131023370790008,509.5190124511719,0.006587099483012901,0.0350194809805682,0.0550446126356394,-0.008396003275788044,0,0.0011683552270014275,-0.009564358502789472,0,1
NVDA,2024-11-20,2024-11-20T16:21:20-05:00,0001045810-24-000315,1,1,14,2,12,2.02|9.01,8-K|EX-99.1|EX-99.2,11,0,1,0.9166666666666666,0.0,0.0833333333333333,0.8658883332730815,4.068476310292724e-06,0.1341076114466244,0.8658842647967712,0.996808551629826,0.0002344959557376,0.9999999980436832,1.0,1.6391344615840353e-05,EX-99.2,2.0,EX-99.2,5.0,0,0,0,0,1,0,0,0,0,0,0,AFTER_HOURS,2024-11-20T09:30:00-05:00,2024-11-20T16:00:00-05:00,2024-11-20,2024-11-21,0.7737943344810961,3,0.09208993031567503,145.6623992919922,-0.0076477184156857,0.0271667110111666,-0.0026012292872858,0.0235523129930426,1.514979301947794,57.45164359012389,0.0234626943050122,-0.010311405160433,0.0331071482024928,146.44119262695312,498.6475830078125,-0.0005762220879411,0.0132035001714305,-0.017884746812197,0.0117944324686133,500.44134521484375,-0.0070714963277446,0.013963210839736099,0.015283517524911201,0.005346563963976703,1,0.003597254389986926,0.0017493095739897768,1,1
NVDA,2025-01-17,2025-01-17T16:59:50-05:00,0001045810-25-000007,1,0,3,3,0,8.01,8-K,0,0,0,,,,,,,,,,,,,,,,,0,0,0,0,0,0,0,0,0,0,1,AFTER_HOURS,2025-01-17T09:30:00-05:00,2025-01-17T16:00:00-05:00,2025-01-17,2025-01-21,,,,137.504638671875,0.0305242902180329,0.0441680897006124,0.0131571358274668,0.031511697512948,0.9537208227902286,50.31838106057403,0.0037977434048601,0.0074621717334315,0.0220753259597851,140.61997985839844,517.8843994140625,0.0167375504554935,0.0324525086028797,0.0282835659625837,0.0131421798896546,520.9217529296875,0.013786739762539399,0.0117155810977327,-0.0151264301351169,0.02265626248404251,1,0.005864925684306188,0.016791336799736323,1,1
NVDA,2025-02-26,2025-02-26T16:21:32-05:00,0001045810-25-000021,1,1,15,2,13,2.02|9.01,8-K|EX-99.1|EX-99.2,11,0,2,0.8461538461538461,0.0,0.1538461538461538,0.7997239467043143,5.494641982004569e-05,0.2002210993494065,0.7996690002844942,0.9940396989029524,0.0100641588214784,0.9999998743969116,0.9999998807907104,0.0003064607735723,EX-99.1,0.0,EX-99.2,6.0,0,0,0,0,1,0,0,0,0,0,0,AFTER_HOURS,2025-02-26T09:30:00-05:00,2025-02-26T16:00:00-05:00,2025-02-26,2025-02-27,0.8111402413562397,3,-0.011471241071745575,131.084228515625,0.0360631247344063,-0.0237109946618528,-0.0587946588952132,0.0253010447155999,1.1884191821749612,48.27340016551352,0.0098112537354488,0.0099237882269391,0.0399146121503571,119.97081756591795,510.7574768066406,0.0024126711003036,-0.0221410800836886,-0.0473677915242316,0.0099675101051557,496.5731201171875,0.033650453634102705,-0.0015699145781641992,-0.0114268673709816,-0.08478068700982089,0,-0.02777121693477025,-0.05700947007505064,0,1
NVDA,2025-03-07,2025-03-07T17:09:13-05:00,0001045810-25-000039,1,0,2,2,0,5.02|9.01,8-K,0,0,0,,,,,,,,,,,,,,,,,0,0,0,0,0,0,1,0,0,0,0,AFTER_HOURS,2025-03-07T09:30:00-05:00,2025-03-07T16:00:00-05:00,2025-03-07,2025-03-10,,,,112.5219497680664,0.0189919325953283,-0.0288631908804284,-0.1030327820773524,0.0426466120236928,1.294460155737243,37.83595978072239,-0.1191035023790991,0.0129438421699437,0.052533549295271,106.82046508789062,488.15576171875,0.0073266505432628,-0.0076165105194006,-0.0327642151075659,0.0144860911426508,469.2366333007813,0.0116652820520655,-0.021246680361027802,-0.0702685669697865,-0.050669977652607834,0,-0.03875633537819212,-0.011913642274415714,0,1
NVDA,2025-04-15,2025-04-15T17:22:59-04:00,0001045810-25-000082,1,0,2,2,0,8.01,8-K,0,0,0,,,,,,,,,,,,,,,,,0,0,0,0,0,0,0,0,0,0,1,AFTER_HOURS,2025-04-15T09:30:00-04:00,2025-04-15T16:00:00-04:00,2025-04-15,2025-04-16,,,,112.04297637939452,0.0133688258435331,0.0421411906503545,0.152814659647603,0.0615289697913644,0.6965633183853269,50.35926626484858,0.0174794006487577,0.0110840381545351,0.0278075118667008,104.3437728881836,455.2834777832031,0.0011141200835363,0.0261249511818319,0.0960178899027016,0.0422731739381839,441.5550842285156,0.0122547057599968,0.0160162394685226,0.05679676974490139,-0.06871652057100175,0,-0.030153507044735517,-0.03856301352626623,0,1
NVDA,2025-05-28,2025-05-28T16:21:30-04:00,0001045810-25-000115,1,1,17,2,15,2.02|9.01,8-K|EX-99.1|EX-99.2,5,0,10,0.3333333333333333,0.0,0.6666666666666666,0.3103928879563985,0.0001612568590108,0.689445838134884,0.3102316310973877,0.0017953069182112,-2.550526460254332e-06,0.9999997535574554,0.9999997615814208,0.0014925665454939,EX-99.2,3.0,EX-99.1,5.0,0,0,0,0,1,0,0,0,0,0,0,AFTER_HOURS,2025-05-28T09:30:00-04:00,2025-05-28T16:00:00-04:00,2025-05-28,2025-05-29,0.8251499806423513,3,-0.5149183495449636,134.621337890625,-0.005105197879147,0.0147963009780971,0.0031947673947342,0.024503289421139,1.463096388164102,66.63880497207467,0.0749755749648313,-0.0089686189197319,0.0182479545910381,138.99520874023438,515.8434448242188,-0.0044417151552581,0.0095071278954325,-0.0026175017126074,0.0138187369860802,516.8574829101562,-0.0006634827238888993,0.0052891730826646,0.0058122691073416,0.032490175169429536,1,0.001965786511609169,0.030524388657820367,1,1
NVDA,2025-06-30,2025-06-30T18:35:29-04:00,0001045810-25-000179,1,0,5,5,0,5.07,8-K,0,0,0,,,,,,,,,,,,,,,,,0,0,0,0,0,0,0,0,1,0,0,AFTER_HOURS,2025-06-30T09:30:00-04:00,2025-06-30T16:00:00-04:00,2025-06-30,2025-07-01,,,,157.7798614501953,0.0015202656094916,0.023568203257544,0.0915385957850239,0.016287815006299,0.9827567319212156,76.80510747950498,0.0844142484765033,-0.0025883107267556,0.0170896693104995,153.09609985351562,548.9959106445312,0.0064561060768522,0.0191807533136885,0.036910243644594,0.0082824684497171,544.3682250976562,-0.004935840467360599,0.004387449943855499,0.054628352140429895,-0.029685420899917325,0,-0.00842936250917059,-0.021256058390746735,0,1
NVDA,2025-08-05,2025-08-05T16:31:08-04:00,0001045810-25-000197,1,0,1,1,0,5.02,8-K,0,0,0,,,,,,,,,,,,,,,,,0,0,0,0,0,0,1,0,0,0,0,AFTER_HOURS,2025-08-05T09:30:00-04:00,2025-08-05T16:00:00-04:00,2025-08-05,2025-08-06,,,,178.02288818359375,-0.0097137804715233,0.0021902086432376,0.0155470262995654,0.0181763329247746,0.9533313349293746,65.34081215903801,0.0360158241454098,-0.0075715435214451,0.0244586600735275,179.1813507080078,557.5845336914062,-0.0068127362813354,-0.008424736715792,-0.0123989174968219,0.008625686307343,564.6007690429688,-0.0029010441901878995,0.0106149453590296,0.0279459437963873,0.006507379675917635,1,0.012583267518402108,-0.006075887842484473,0,1
NVDA,2025-08-27,2025-08-27T16:22:14-04:00,0001045810-25-000207,1,1,15,2,13,2.02|9.01,8-K|EX-99.1|EX-99.2,6,0,7,0.4615384615384615,0.0,0.5384615384615384,0.455738110398635,6.559897298731043e-06,0.5442553220125078,0.4557315505013362,0.0013898872257414,2.815649793319608e-06,0.9999998686514164,0.9999998807907104,4.662168794311583e-05,EX-99.2,2.0,EX-99.1,1.0,0,0,0,0,1,0,0,0,0,0,0,AFTER_HOURS,2025-08-27T09:30:00-04:00,2025-08-27T16:00:00-04:00,2025-08-27,2025-08-28,0.6585949653928843,3,-0.20286341489154813,181.3584442138672,-0.0009357442470729,0.0200789885687174,0.0347374099253619,0.0129445729390894,1.4518826447739102,60.89505026632491,0.0113554588783904,-0.0020880845859143,0.0186673968926856,179.93035888671875,570.7412109375,0.001535662878548,0.0026540306841042,0.0133230594012701,0.0077073183896976,574.31396484375,-0.0024714071256209,0.0174249578846132,0.021414350524091803,-0.007874380116893676,0,0.006259849188709143,-0.014134229305602819,0,1
NVDA,2025-11-19,2025-11-19T16:20:44-05:00,0001045810-25-000228,1,1,14,2,12,2.02|9.01,8-K|EX-99.1|EX-99.2,8,0,4,0.6666666666666666,0.0,0.3333333333333333,0.6226761618776777,6.115296543836764e-06,0.3773177264422013,0.6226700465811339,0.9227120295408896,1.8086101647440955e-06,0.9999999969587356,1.0,2.5107616238528863e-05,EX-99.2,2.0,EX-99.1,6.0,0,0,0,0,1,0,0,0,0,0,0,AFTER_HOURS,2025-11-19T09:30:00-05:00,2025-11-19T16:00:00-05:00,2025-11-19,2025-11-20,0.5218773939610727,3,0.10079265262006121,186.2823944091797,0.0280543836299845,-0.0193800432466603,-0.0382883611119359,0.029045387133953,1.2797722184502829,47.23946813115498,-0.0355465954310222,0.0093620382552279,0.0269676102513341,180.409896850586,597.6868896484375,0.0059524253525715,-0.0148752785879636,-0.0347468379228648,0.0121322392178948,583.5385131835938,0.022101958277413,-0.004504764658696699,-0.003541523189071097,-0.03152470515111816,0,-0.023671886919195972,-0.007852818231922187,0,1
NVDA,2026-01-23,2026-01-23T17:01:33-05:00,0001045810-26-000003,1,0,1,1,0,5.02,8-K,0,0,0,,,,,,,,,,,,,,,,,0,0,0,0,0,0,1,0,0,0,0,AFTER_HOURS,2026-01-23T09:30:00-05:00,2026-01-23T16:00:00-05:00,2026-01-23,2026-01-26,,,,187.44137573242188,0.0151945202909779,0.0525083562347267,0.0033090734782885,0.0185128147003464,0.9212232329460918,53.97849151798132,0.0074375184876123,0.0009066569010416,0.0148132296393705,186.2428436279297,621.2530517578125,0.0031524465518224,0.0238233555536076,0.0015105802461223,0.00915409375013,623.9866333007812,0.0120420737391555,0.0286850006811191,0.0017984932321662,-0.006394170442939551,0,0.004400109641689687,-0.010794280084629237,0,1
NVDA,2026-02-25,2026-02-25T16:31:25-05:00,0001045810-26-000019,1,1,16,2,14,2.02|9.01,8-K|EX-99.1|EX-99.2,7,0,7,0.5,0.0,0.5,0.4738184431152084,0.0002889040803872,0.5258926769838387,0.4735295390348211,0.3160083283028143,1.5410478226840496e-08,0.9999999980654232,1.0,0.0039891297928988,EX-99.1,5.0,EX-99.2,2.0,0,0,0,0,1,0,0,0,0,0,0,AFTER_HOURS,2026-02-25T09:30:00-05:00,2026-02-25T16:00:00-05:00,2026-02-25,2026-02-26,0.46287774272661925,3,0.010651796308201844,195.3217620849609,0.0139544581156473,0.0297908728513988,0.0395316873810664,0.0236874419451325,1.4463107612703572,61.00212221202503,0.0453281589865466,0.005708411559641,0.0196359769105087,184.66476440429688,615.227294921875,0.014389206171659,0.0128439851794805,0.0178169145567599,0.0116297386131028,607.8048095703125,-0.0004347480560116992,0.0169468876719183,0.0217147728243065,-0.0545612407286622,0,-0.012064622965899163,-0.042496617762763034,0,1
NVDA,2026-03-06,2026-03-06T16:11:25-05:00,0001045810-26-000024,1,0,2,2,0,5.02|9.01,8-K,0,0,0,,,,,,,,,,,,,,,,,0,0,0,0,0,0,1,0,0,0,0,AFTER_HOURS,2026-03-06T09:30:00-05:00,2026-03-06T16:00:00-05:00,2026-03-06,2026-03-09,,,,177.60337829589844,-0.0305705479474519,-0.0124627666401006,0.0035491664981909,0.0247777989651585,0.9613752970636084,42.416241840966286,-0.0448078811249618,-0.0112321455449578,0.0334044929589213,182.427490234375,598.337158203125,-0.0151574814026373,-0.0030467183115827,-0.0124934999111885,0.0102337294082338,606.3283081054688,-0.015413066544814601,-0.0094160483285179,0.0160426664093794,0.027162275767295796,1,0.01335559691185173,0.013806678855444066,1,1
NVDA,2026-04-27,2026-04-27T16:10:30-04:00,0001045810-26-000026,1,0,2,2,0,5.02,8-K,0,0,0,,,,,,,,,,,,,,,,,0,0,0,0,0,0,1,0,0,0,0,AFTER_HOURS,2026-04-27T09:30:00-04:00,2026-04-27T16:00:00-04:00,2026-04-27,2026-04-28,,,,216.3578338623047,0.039263190277856,0.0673585805235765,0.0695338391253344,0.0178714333450864,1.239071910827686,76.28291291770307,0.1350494364592582,0.0331982204459482,0.0436267804885024,212.92184448242188,663.5008544921875,0.0005270551084132,0.0138253094605526,0.0266068745209341,0.0102582393678193,656.8281860351562,0.0387361351694428,0.0535332710630239,0.04292696460440029,-0.01588104908680843,0,-0.010056759402575555,-0.005824289684232875,0,1
NVDA,2026-05-08,2026-05-08T16:35:07-04:00,0001045810-26-000028,1,0,1,1,0,5.02,8-K,0,0,0,,,,,,,,,,,,,,,,,0,0,0,0,0,0,1,0,0,0,0,AFTER_HOURS,2026-05-08T09:30:00-04:00,2026-05-08T16:00:00-04:00,2026-05-08,2026-05-11,,,,214.9494781494141,0.0173428358092472,0.0909054338630656,0.0810306416360469,0.0280996374639458,0.8980688787798844,65.85633782248411,0.0591515514225537,0.010186350191897,0.0228160024709028,219.18453979492188,710.44921875,0.0231703225493159,0.0425381892785265,0.0535431556765873,0.0106851759949407,712.5069580078125,-0.005827486740068697,0.0483672445845391,0.027487485959459594,0.01970259096216065,1,0.0028963917525772764,0.016806199209583372,1,1
NVDA,2026-05-20,2026-05-20T16:21:19-04:00,0001045810-26-000051,1,1,13,2,11,2.02|9.01,8-K|EX-99.1|EX-99.2,9,0,2,0.8181818181818182,0.0,0.1818181818181818,0.7990464071854976,2.851792547490397e-05,0.2009250837916299,0.7990178892600226,0.9978323828911472,5.216365991600469e-06,0.9999998727060476,0.9999998807907104,0.0002947585890069,EX-99.2,2.0,EX-99.2,3.0,0,0,0,0,1,0,0,0,0,0,0,AFTER_HOURS,2026-05-20T09:30:00-04:00,2026-05-20T16:00:00-04:00,2026-05-20,2026-05-21,0.5173103787057638,3,0.2817075105542588,223.20985412597656,0.0128807563827863,-0.0082444737656001,-0.0105053329635255,0.0251007680498977,1.176493130540551,61.85465687974998,0.0471932954372087,0.0012994379175519,0.0251935599948925,219.25445556640625,712.3671875,0.0164281040538753,0.0059350216276787,-0.0021850903871767,0.0114762299791902,713.7256469726562,-0.0035473476710889996,-0.014179495393278799,-0.0083202425763488,-0.017720537361840427,0,0.001906965251198045,-0.019627502613038472,0,1
NVDA,2026-06-18,2026-06-18T16:00:24-04:00,0001193125-26-275783,1,0,3,3,0,8.01|9.01,8-K,0,0,0,,,,,,,,,,,,,,,,,0,0,0,0,0,0,0,0,0,0,1,AFTER_HOURS,2026-06-18T09:30:00-04:00,2026-06-18T16:00:00-04:00,2026-06-18,2026-06-22,,,,210.69000244140625,0.0290866973124635,-0.0083187817695183,0.0280122626193134,0.0335167207365033,1.3960120801171327,50.46454645395089,-0.004681653332867,0.016206051129491,0.0232094514831493,208.6499938964844,739.8070068359375,0.0247564521932661,-0.0045533508642649,0.0322445378827645,0.0223015068205785,737.9500122070312,0.004330245119197402,-0.0037654309052534,-0.004232275263451098,-0.009682512322762848,0,-0.002510106841037363,-0.007172405481725486,0,1
NVDA,2026-06-30,2026-06-30T16:27:26-04:00,0001045810-26-000056,1,0,5,5,0,5.07,8-K,0,0,0,,,,,,,,,,,,,,,,,0,0,0,0,0,0,0,0,1,0,0,AFTER_HOURS,2026-06-30T09:30:00-04:00,2026-06-30T16:00:00-04:00,2026-06-30,2026-07-01,,,,200.08999633789065,0.0259215401907442,0.0219799709648429,0.0002499340380115,0.0246581509508929,1.0220098681649894,45.27687486945147,-0.0273556352746776,0.0144493549247306,0.0275876074440988,197.5800018310547,736.4000244140625,0.0168715753911211,0.0275627232639726,0.0313808022262733,0.0210444543951426,725.1699829101562,0.009049964799623101,-0.0055827522991297,-0.031130868188261798,-0.012544327816355949,0,-0.015249920059198452,0.0027055922428425028,1,1
NVDA,2026-07-02,2026-07-02T09:23:16-04:00,0001045810-26-000060,1,0,2,2,0,5.02,8-K,0,0,0,,,,,,,,,,,,,,,,,0,0,0,0,0,0,1,0,0,0,0,PRE_MARKET,2026-07-02T09:30:00-04:00,2026-07-02T16:00:00-04:00,2026-07-01,2026-07-02,,,,197.5800018310547,-0.0126236721423535,0.0258915954828197,-0.0071612498407554,0.0227272737984963,0.9101642258420138,43.32056078107865,-0.0336897758482589,0.0070336641400485,0.0323919885411575,194.8300018310547,725.1699829101562,-0.0153673959523471,0.0260545486282963,0.0202682650107971,0.0206745239754451,712.5999755859375,0.0027437238099936,-0.00016295314547659992,-0.0274295148515525,-0.013918412665829716,0,-0.017333877050142776,0.0034154643843130605,1,1
