Family,Model,Portfolio_Type,Portfolio_Definition,Test_Year,Cost_Bps_Per_Side,Probability_Margin,Num_Candidate_Events,Num_Trades,Trade_Coverage,Active_Sessions,Mean_Trade_Return_Net,Median_Trade_Return_Net,Win_Rate,Avg_Win,Avg_Loss,Profit_Factor,Mean_Daily_Return_Net,Annualized_Return_Arithmetic,Annualized_Volatility,Sharpe,Sortino,HAC_t,HAC_p_value,HAC_p_value_Positive,Max_Drawdown,Cumulative_Return,CAGR,HAC_p_value_Holm,HAC_p_value_Positive_Holm
CatBoost,CAT A - MARKET,Dividend,fixed_ex_ante_dividend_payers,2023,5.0,0.0,52,52,1.0,49,-0.0011357875359582392,-0.0012028980412940307,0.4230769230769231,0.005949516466395943,0.00633167713768464,0.6890715756898401,-0.00025940356744860916,-0.0653696989970495,0.05090933260659253,-1.284041562717018,-1.5909042405627594,-1.1697604057961442,0.24321586476060686,0.8783920676196966,-0.08580324181519794,-0.06400380635795277,-0.06490623119142613,1.0,1.0
CatBoost,CAT A - MARKET,Growth,fixed_ex_ante_growth_companies,2023,5.0,0.0,75,75,1.0,69,0.0007162429065988549,0.0007518957171892557,0.5466666666666666,0.007119570702797607,0.007005417082934934,1.2255322658709975,0.00027703821021680594,0.0698136289746351,0.08962591789439432,0.7789446469814243,1.1399769950814482,0.7415806397266018,0.4590403167020441,0.22952015835102205,-0.06654208167418918,0.06745507883653779,0.06847173919043636,1.0,1.0
CatBoost,CAT A - MARKET,Momentum,positive_relative_momentum_60d,2023,5.0,0.0,80,80,1.0,68,-0.00019990743182945716,-6.249448403824933e-05,0.4875,0.006373020520232881,0.0064522047520838765,0.9395457372160307,0.00012219065722030476,0.0307920456195168,0.07126325446813456,0.43208868089634467,0.6612045069987803,0.3876888361024363,0.6985775188582657,0.34928875942913284,-0.0895736101544794,0.028439562443115074,0.028860234511469685,1.0,1.0
CatBoost,CAT A - MARKET,Value,fixed_ex_ante_mature_semiconductor_proxy,2023,5.0,0.0,16,16,1.0,16,-0.0031764474477045286,-0.0013603806137419952,0.5,0.005950127854569845,0.012303022749978902,0.4836313786853762,-0.0002032926366530898,-0.05122974443657863,0.04248403936117273,-1.2058586049470341,-1.3749244646895808,-1.1094842210240705,0.26829171363860865,0.8658541431806956,-0.07059013541286274,-0.0504105292373912,-0.05112656349341804,1.0,1.0
CatBoost,CAT B - MARKET + SEC,Dividend,fixed_ex_ante_dividend_payers,2023,5.0,0.0,52,52,1.0,49,-0.00018070456801507737,-0.00037536734980073063,0.46153846153846156,0.006394099629420109,0.005816251022959524,0.9423005994037161,-6.07463101164315e-05,-0.015308070149340738,0.05007321018294969,-0.3057137757577455,-0.4366690041727594,-0.2939273627197913,0.7690582664102015,0.6154708667948993,-0.039023540114225486,-0.01629096549141862,-0.016526568082067983,1.0,1.0
CatBoost,CAT B - MARKET + SEC,Growth,fixed_ex_ante_growth_companies,2023,5.0,0.0,75,75,1.0,69,-0.0007964661205482278,-0.0003820028242798581,0.49333333333333335,0.006488394307686905,0.007889619695408752,0.8007543244118632,-0.0001316759752914039,-0.03318234577343378,0.09090849281487473,-0.36500820491003,-0.45654533681155374,-0.3481478264170806,0.7280233183316459,0.6359883408341771,-0.07396546043109464,-0.036362610298022346,-0.036882997440877086,1.0,1.0
CatBoost,CAT B - MARKET + SEC,Momentum,positive_relative_momentum_60d,2023,5.0,0.0,80,80,1.0,68,-0.000500693782375043,-0.0006961236954205465,0.45,0.006670777695384384,0.006368261355087302,0.8570485285024066,2.1083753097638963e-05,0.005313105780605018,0.0716444636769354,0.07415933497057464,0.110844843820843,0.06726080586506952,0.9464280546120961,0.47321402730604806,-0.1001008059543298,0.002743935561901889,0.002784006939628325,1.0,1.0
CatBoost,CAT B - MARKET + SEC,Value,fixed_ex_ante_mature_semiconductor_proxy,2023,5.0,0.0,16,16,1.0,16,-0.002401124063128663,-0.0024701176570284525,0.5,0.0067254512391457105,0.011527699365403037,0.5834166060341713,-0.00015367194004023443,-0.03872532889013908,0.04224057163340747,-0.9167804173254076,-1.1394233082657244,-0.9224599328732666,0.35718167498711473,0.8214091625064426,-0.048810242611238674,-0.03854218227610162,-0.03909312417991695,1.0,1.0
CatBoost,CAT C - MARKET + SEC + FINBERT,Dividend,fixed_ex_ante_dividend_payers,2023,5.0,0.0,52,52,1.0,49,0.000738308805902333,-0.000260766745768414,0.4807692307692308,0.007084866629431228,0.005138133623291089,1.2767401891186976,9.268885324801356e-05,0.023357591018499418,0.049649792098689124,0.4704469048343934,0.75558406608007,0.5195816731354869,0.6038167346835085,0.30190836734175425,-0.03000510727600747,0.022198931962648105,0.02252628577407445,1.0,1.0
CatBoost,CAT C - MARKET + SEC + FINBERT,Growth,fixed_ex_ante_growth_companies,2023,5.0,0.0,75,75,1.0,69,0.0007694234235874942,3.343688735652026e-05,0.5066666666666667,0.007833474749245848,0.006485548208169734,1.2404796055443488,0.00020438435851246082,0.051504858345140125,0.09026222414580819,0.5706136629420963,0.8338842498708452,0.5623435546663023,0.5743878615584336,0.2871939307792168,-0.0729700344658647,0.04818684882560298,0.048906486092491264,1.0,1.0
CatBoost,CAT C - MARKET + SEC + FINBERT,Momentum,positive_relative_momentum_60d,2023,5.0,0.0,80,80,1.0,68,0.000839589640227781,-0.00018298926832702091,0.4875,0.007472021898144445,0.005469309336814899,1.2995302674182556,0.00020294843941612463,0.05114300673286341,0.07087122564299404,0.7216328808886507,1.1483202546701685,0.7362365703297808,0.4622797624895237,0.23113988124476184,-0.06410547589078042,0.04944090514413846,0.050179715369041755,1.0,1.0
CatBoost,CAT C - MARKET + SEC + FINBERT,Value,fixed_ex_ante_mature_semiconductor_proxy,2023,5.0,0.0,16,16,1.0,16,0.00023044500427924993,0.0012388297711870841,0.5625,0.008206240272492109,0.010024148911994426,1.0525462503577045,1.474848027387199e-05,0.0037166170290157414,0.041291172934740696,0.09000996496005889,0.12956470501694353,0.08669738165059583,0.9309817342336605,0.46549086711683024,-0.03828737485187428,0.0028492253708538584,0.002890836575673461,1.0,1.0
LSTM,LSTM A - MARKET SEQUENCE,Dividend,fixed_ex_ante_dividend_payers,2023,5.0,0.0,52,52,1.0,49,-0.0012592604222706502,-0.0015574537774995503,0.4230769230769231,0.005860378750772118,0.006480329149168681,0.6631779011488739,-0.0002058038806654178,-0.05186257792768528,0.05315385325612205,-0.9757068349830681,-1.287558843260791,-0.9621589994565449,0.336903163884886,0.831548418057557,-0.06550479338261139,-0.05148140855663108,-0.05221223160354871,1.0,1.0
LSTM,LSTM A - MARKET SEQUENCE,Growth,fixed_ex_ante_growth_companies,2023,5.0,0.0,75,75,1.0,69,0.0006711258472396414,0.00045189160152270345,0.5466666666666666,0.007088010143775739,0.007066881686818594,1.2094876819276545,0.00019020830630888527,0.04793249318983909,0.09004106374742298,0.5323403699926962,0.7699793568096733,0.5092533834561033,0.6110256214429964,0.3055128107214982,-0.07274460785575987,0.04449921725745787,0.045162604037791265,1.0,1.0
LSTM,LSTM A - MARKET SEQUENCE,Momentum,positive_relative_momentum_60d,2023,5.0,0.0,80,80,1.0,68,-0.00023795191254504493,-0.0005097411822777556,0.4625,0.006761969047956167,0.006261139715767019,0.929293826245864,2.089452039960954e-05,0.005265419140701604,0.07161070627990074,0.07352837884493078,0.11179207764511538,0.06749931759251003,0.9462383735615603,0.47311918678078013,-0.10152978466995244,0.0026997255263718767,0.0027391503963605235,1.0,1.0
LSTM,LSTM A - MARKET SEQUENCE,Value,fixed_ex_ante_mature_semiconductor_proxy,2023,5.0,0.0,16,16,1.0,16,-0.0011775291874323197,0.0012388297711870841,0.5625,0.006954707657637381,0.011633262273950506,0.7686379605154736,-7.536186799566845e-05,-0.018991190734908448,0.041823163976784615,-0.4540830709376786,-0.589523438509712,-0.4539598700593828,0.6502531358472317,0.6748734320763842,-0.034726870622272754,-0.019513933340595924,-0.019795676188765765,1.0,1.0
LSTM,LSTM B - MARKET SEQUENCE + SEC,Dividend,fixed_ex_ante_dividend_payers,2023,5.0,0.0,52,52,1.0,49,-0.0013499153968976275,-0.001739233254231586,0.40384615384615385,0.006048727021946006,0.006361898970952992,0.644072591455871,-0.00028278600155143063,-0.07126207239096052,0.05042709041776167,-1.4131704169443862,-1.7619456351949556,-1.3655527375365362,0.17331168341998318,0.9133441582900084,-0.07011679056698683,-0.06943719608157328,-0.07041330938612234,1.0,1.0
LSTM,LSTM B - MARKET SEQUENCE + SEC,Growth,fixed_ex_ante_growth_companies,2023,5.0,0.0,75,75,1.0,69,0.0003891654173665987,-0.000123117083986545,0.48,0.007853993251817135,0.006501444891356974,1.1151121090624365,0.00020273373274490986,0.051088900651717284,0.09024761886951915,0.566096937422605,0.9315174798822226,0.5709800356703798,0.5685281287792864,0.2842640643896432,-0.0836923775853684,0.04778456135899889,0.04849805285678843,1.0,1.0
LSTM,LSTM B - MARKET SEQUENCE + SEC,Momentum,positive_relative_momentum_60d,2023,5.0,0.0,80,80,1.0,68,-0.0014733265494235091,-0.001449510834293121,0.3875,0.006610387316612973,0.006587512872834345,0.6348498822644963,-0.00022222859791950898,-0.05600160667571626,0.07236619786013325,-0.7738641566322737,-1.0235936066112987,-0.7230135621965595,0.47035013414701804,0.764824932926491,-0.10962778357335301,-0.05650180684803496,-0.05730172269133438,1.0,1.0
LSTM,LSTM B - MARKET SEQUENCE + SEC,Value,fixed_ex_ante_mature_semiconductor_proxy,2023,5.0,0.0,16,16,1.0,16,-0.0034668761439991987,-0.004437954113701375,0.4375,0.006611084752314486,0.011305290174465398,0.45482731783121727,-0.00022188007321594872,-0.05591377845041908,0.04257111426438884,-1.313420600249393,-1.5313799481748542,-1.3352052535822476,0.183028542090479,0.9084857289547605,-0.054815944809734396,-0.054815944809734396,-0.055592703061856485,1.0,1.0
LSTM,LSTM C - MARKET SEQUENCE + SEC + FINBERT,Dividend,fixed_ex_ante_dividend_payers,2023,5.0,0.0,52,52,1.0,49,-0.0012592604222706502,-0.0015574537774995503,0.4230769230769231,0.005860378750772118,0.006480329149168681,0.6631779011488739,-0.0002058038806654178,-0.05186257792768528,0.05315385325612205,-0.9757068349830681,-1.287558843260791,-0.9621589994565449,0.336903163884886,0.831548418057557,-0.06550479338261139,-0.05148140855663108,-0.05221223160354871,1.0,1.0
LSTM,LSTM C - MARKET SEQUENCE + SEC + FINBERT,Growth,fixed_ex_ante_growth_companies,2023,5.0,0.0,75,75,1.0,69,0.0006711258472396414,0.00045189160152270345,0.5466666666666666,0.007088010143775739,0.007066881686818594,1.2094876819276545,0.00019020830630888527,0.04793249318983909,0.09004106374742298,0.5323403699926962,0.7699793568096733,0.5092533834561033,0.6110256214429964,0.3055128107214982,-0.07274460785575987,0.04449921725745787,0.045162604037791265,1.0,1.0
LSTM,LSTM C - MARKET SEQUENCE + SEC + FINBERT,Momentum,positive_relative_momentum_60d,2023,5.0,0.0,80,80,1.0,68,-0.00023795191254504493,-0.0005097411822777556,0.4625,0.006761969047956167,0.006261139715767019,0.929293826245864,2.089452039960954e-05,0.005265419140701604,0.07161070627990074,0.07352837884493078,0.11179207764511538,0.06749931759251003,0.9462383735615603,0.47311918678078013,-0.10152978466995244,0.0026997255263718767,0.0027391503963605235,1.0,1.0
LSTM,LSTM C - MARKET SEQUENCE + SEC + FINBERT,Value,fixed_ex_ante_mature_semiconductor_proxy,2023,5.0,0.0,16,16,1.0,16,-0.0011775291874323197,0.0012388297711870841,0.5625,0.006954707657637381,0.011633262273950506,0.7686379605154736,-7.536186799566845e-05,-0.018991190734908448,0.041823163976784615,-0.4540830709376786,-0.589523438509712,-0.4539598700593828,0.6502531358472317,0.6748734320763842,-0.034726870622272754,-0.019513933340595924,-0.019795676188765765,1.0,1.0
Logistic,MODEL A - MARKET,Dividend,fixed_ex_ante_dividend_payers,2023,5.0,0.0,52,52,1.0,49,-0.0013127463972415496,-0.0007971019587059694,0.4423076923076923,0.0054789183324376566,0.006699239113883679,0.6486332176549313,-0.00015280945586759802,-0.0385079828786347,0.052946426030636096,-0.7273008919686674,-0.9569977809683549,-0.7929679504082617,0.4285514086197407,0.7857242956901296,-0.061462635959984135,-0.03881874457791912,-0.03937355830474054,1.0,1.0
Logistic,MODEL A - MARKET,Growth,fixed_ex_ante_growth_companies,2023,5.0,0.0,75,75,1.0,69,-0.0012624553640566952,-0.000123117083986545,0.49333333333333335,0.00597997355891342,0.008314294052211808,0.7003127141179112,-0.0004349645797159306,-0.10961107408841451,0.09151684676586476,-1.19771471550852,-1.4254342161408746,-1.1471254776797217,0.2524307991403797,0.8737846004298102,-0.09213504316698107,-0.10679893939500962,-0.10826891435598218,1.0,1.0
Logistic,MODEL A - MARKET,Momentum,positive_relative_momentum_60d,2023,5.0,0.0,80,80,1.0,68,-0.0008639472214384949,-0.00037371683091694165,0.4625,0.0060652263313394,0.006826259348247382,0.764535218222374,-0.00015558036800444836,-0.039206252737120986,0.07230718075552126,-0.5422179696050072,-0.7520376981441323,-0.4809009629377712,0.6310091710127502,0.6844954144936248,-0.12183062684891399,-0.04063095645745041,-0.04121111169494718,1.0,1.0
Logistic,MODEL A - MARKET,Value,fixed_ex_ante_mature_semiconductor_proxy,2023,5.0,0.0,16,16,1.0,16,-0.0009000949266107053,0.0012388297711870841,0.5625,0.007201315889478816,0.011316194547297233,0.8181933136926829,-5.760607530308513e-05,-0.014516730976377453,0.041722769984554445,-0.34793305865721463,-0.45536251958568125,-0.34654412292990744,0.7292264982232296,0.6353867508883853,-0.03828737485187428,-0.015147491182317507,-0.015366686139697272,1.0,1.0
Logistic,MODEL B - MARKET + SEC,Dividend,fixed_ex_ante_dividend_payers,2023,5.0,0.0,52,52,1.0,49,-0.0019216981930617915,-0.0023822742993089554,0.36538461538461536,0.006002527221544231,0.006484131007531925,0.5329936297524981,-0.0002794714293982083,-0.07042680020834849,0.05341876760349827,-1.318390583831747,-1.6897352298206185,-1.2718967144646083,0.20459642920616603,0.897701785396917,-0.0735274333895295,-0.06880801251190838,-0.06977561668600596,1.0,1.0
Logistic,MODEL B - MARKET + SEC,Growth,fixed_ex_ante_growth_companies,2023,5.0,0.0,75,75,1.0,69,0.0006952895850903611,0.0011284214671918322,0.5733333333333334,0.006713359471460725,0.007391491824719815,1.2204676679213273,0.00012722586429137292,0.032060917801425975,0.09031684421539532,0.35498270649231684,0.5019386109159638,0.3310215138057719,0.7409066298792318,0.3704533149396159,-0.06238834392130432,0.028157452898151192,0.028573894365073293,1.0,1.0
Logistic,MODEL B - MARKET + SEC,Momentum,positive_relative_momentum_60d,2023,5.0,0.0,80,80,1.0,68,-0.0003505282481723185,-0.00029758987235933756,0.475,0.006416204616968564,0.006472810364252165,0.8968496192397413,1.915822107735282e-05,0.004827871711492911,0.07171615479541808,0.0673191657481525,0.09963077318936144,0.05838718992921162,0.9534870474823922,0.4767435237411961,-0.07677841486419013,0.002255990492588511,0.0022889279781561633,1.0,1.0
Logistic,MODEL B - MARKET + SEC,Value,fixed_ex_ante_mature_semiconductor_proxy,2023,5.0,0.0,16,16,1.0,16,-0.001754288035335085,-0.0007290066854858382,0.5,0.007372287266939288,0.010880863337609459,0.6775461687361832,-0.00011227443426144544,-0.02829315743388425,0.042025031788196554,-0.6732453547323876,-0.8588570357803949,-0.6735978776690844,0.5011917683567729,0.7494041158216136,-0.034726870622272754,-0.028529559366953783,-0.02893953670006555,1.0,1.0
Logistic,MODEL C - MARKET + SEC + FINBERT,Dividend,fixed_ex_ante_dividend_payers,2023,5.0,0.0,52,52,1.0,49,-0.001508589090954141,-0.002026663706443859,0.38461538461538464,0.006189442693206965,0.006319858956054832,0.6121025342738345,-0.00023650808277901264,-0.059600036860311185,0.052725135441273205,-1.1303913467741673,-1.46492904063991,-1.0844436358857859,0.2792170201524361,0.8603914899237819,-0.06570699561914595,-0.05871524580943854,-0.059545498595219515,1.0,1.0
Logistic,MODEL C - MARKET + SEC + FINBERT,Growth,fixed_ex_ante_growth_companies,2023,5.0,0.0,75,75,1.0,69,0.0009817118958849987,0.0011627266099607523,0.5866666666666667,0.006782165771082047,0.007251190378588231,1.3275475199963849,0.00021315255752976423,0.05371444449750058,0.09003472318228169,0.596596986128917,0.8556379133046946,0.5567218491570524,0.5782175002153281,0.28910875010766407,-0.05826746842849684,0.050506390639567744,0.051261508245271425,1.0,1.0
Logistic,MODEL C - MARKET + SEC + FINBERT,Momentum,positive_relative_momentum_60d,2023,5.0,0.0,80,80,1.0,68,-8.200733180234567e-05,-0.00017709508807056597,0.4875,0.006501451592297547,0.006344321918141269,0.9747783438450303,6.212156769654847e-05,0.015654635059530214,0.07115539107571188,0.2200063104547219,0.3288452766076378,0.19051030193748147,0.8490645014338079,0.4245322507169039,-0.07677841486419013,0.013118987623267353,0.013311573995856918,1.0,1.0
Logistic,MODEL C - MARKET + SEC + FINBERT,Value,fixed_ex_ante_mature_semiconductor_proxy,2023,5.0,0.0,16,16,1.0,16,-0.001754288035335085,-0.0007290066854858382,0.5,0.007372287266939288,0.010880863337609459,0.6775461687361832,-0.00011227443426144544,-0.02829315743388425,0.042025031788196554,-0.6732453547323876,-0.8588570357803949,-0.6735978776690844,0.5011917683567729,0.7494041158216136,-0.034726870622272754,-0.028529559366953783,-0.02893953670006555,1.0,1.0
TabNet,TABNET A - MARKET,Dividend,fixed_ex_ante_dividend_payers,2023,5.0,0.0,52,52,1.0,49,-0.0018426378231893568,-0.0022676427222221565,0.38461538461538464,0.0057880260046550116,0.006611802715592087,0.547130095757165,-0.0003648659984668851,-0.09194623161365505,0.05403251232380475,-1.7016834431581096,-2.0815963367513364,-1.754648587683401,0.08054941055728783,0.959725294721356,-0.08851473504264906,-0.08851473504264906,-0.08974584918804629,1.0,1.0
TabNet,TABNET A - MARKET,Growth,fixed_ex_ante_growth_companies,2023,5.0,0.0,75,75,1.0,69,-2.6558728302636554e-05,0.0003923109834141911,0.52,0.006848234298959122,0.007474251174502876,0.9925971602141793,1.1717920996010377e-05,0.002952916090994615,0.09056192425132152,0.032606596154029104,0.04387084027300927,0.03375950649986343,0.9730959727591403,0.48654798637957014,-0.10872333555831826,-0.0011421254623574795,-0.001158771804731229,1.0,1.0
TabNet,TABNET A - MARKET,Momentum,positive_relative_momentum_60d,2023,5.0,0.0,80,80,1.0,68,-0.0010282399830949776,-0.0016262831690830584,0.4125,0.006764158342418691,0.006499498381859895,0.7307183396196939,-0.0001940427515946234,-0.0488987734018451,0.0728543812757979,-0.6711850755651012,-0.8942178072968653,-0.7554650612500227,0.45068401232442024,0.7746579938377899,-0.07910012382488041,-0.049861837627448446,-0.05057028756001447,1.0,1.0
TabNet,TABNET A - MARKET,Value,fixed_ex_ante_mature_semiconductor_proxy,2023,5.0,0.0,16,16,1.0,16,-0.001189058931352054,-0.0007290066854858382,0.5,0.00793751637092232,0.010315634233626428,0.7694646970952081,-7.609977160653145e-05,-0.019177142444845925,0.04182728970869857,-0.45848398446093375,-0.6031980895277637,-0.5014181806489806,0.6165198614714351,0.6917400692642824,-0.034726870622272754,-0.019694711637956552,-0.019979037885535567,1.0,1.0
TabNet,TABNET B - MARKET + SEC,Dividend,fixed_ex_ante_dividend_payers,2023,5.0,0.0,52,52,1.0,49,-0.0007407395777293511,-0.00044254622250044975,0.46153846153846156,0.005796598835230743,0.006344172503123718,0.7831617574859858,-0.0001861961193345824,-0.04692142207231477,0.05307876061295002,-0.8839961885030715,-1.1156733768817273,-0.8955868302552062,0.371338420892391,0.8143307895538046,-0.09198826667362625,-0.046817861526633475,-0.04748415089918023,1.0,1.0
TabNet,TABNET B - MARKET + SEC,Growth,fixed_ex_ante_growth_companies,2023,5.0,0.0,75,75,1.0,69,-0.002592439805841185,-0.002292975167322352,0.3466666666666667,0.00697363523135606,0.007668316356190744,0.4825435041190019,-0.0007274814691729739,-0.18332533023158942,0.09249604358762938,-1.9819802352725473,-2.474274093104215,-1.925346111492806,0.055325026865518115,0.972337486567241,-0.18859828011941882,-0.1698751276725008,-0.17212595306170286,1.0,1.0
TabNet,TABNET B - MARKET + SEC,Momentum,positive_relative_momentum_60d,2023,5.0,0.0,80,80,1.0,68,-0.0018818177151269711,-0.0014902588177222445,0.3875,0.00608593084366845,0.006922638231915911,0.5561872005525531,-0.0005747863118713437,-0.14484615059157863,0.07320538412163784,-1.9786270139762223,-2.329233457800332,-1.9121764769265277,0.05700109823147455,0.9714994508842627,-0.2024968989547652,-0.13619072242644825,-0.13803302912267312,1.0,1.0
TabNet,TABNET B - MARKET + SEC,Value,fixed_ex_ante_mature_semiconductor_proxy,2023,5.0,0.0,16,16,1.0,16,-0.0008224708125676819,-0.003238829771187084,0.4375,0.009633262273950505,0.008954707657637383,0.8367149002115567,-5.263813200433164e-05,-0.013264809265091573,0.041694294664470236,-0.31814446968916277,-0.4206285733919298,-0.3268872797814825,0.7440277597630878,0.6279861201184561,-0.048567431815914275,-0.013923009103583794,-0.014124612277695459,1.0,1.0
TabNet,TABNET C - MARKET + SEC + FINBERT,Dividend,fixed_ex_ante_dividend_payers,2023,5.0,0.0,52,52,1.0,49,-0.0007338915910285062,-0.0013717333568517278,0.4423076923076923,0.006155996614316623,0.00619828568492292,0.7876923379419485,-9.652716376705185e-05,-0.024324845269297065,0.05271047724422398,-0.46148026997730496,-0.6487577409392248,-0.4338145558682364,0.6647987322736025,0.6676006338631988,-0.05992746309245711,-0.02518313729492294,-0.02554566033521599,1.0,1.0
TabNet,TABNET C - MARKET + SEC + FINBERT,Growth,fixed_ex_ante_growth_companies,2023,5.0,0.0,75,75,1.0,69,-0.0004104223908964091,-0.000655375711991423,0.4666666666666667,0.007315724484705812,0.007170800907048353,0.8926839563800515,-0.00014611437314527906,-0.03682082203261032,0.09110545105217545,-0.40415608075441395,-0.5601561143251547,-0.39772870487282025,0.6911709349815108,0.6544145325092445,-0.09878636706292032,-0.03982398335878856,-0.04039286033546707,1.0,1.0
TabNet,TABNET C - MARKET + SEC + FINBERT,Momentum,positive_relative_momentum_60d,2023,5.0,0.0,80,80,1.0,68,-0.0008913676986139856,-0.001440562748435236,0.4125,0.006910794646412744,0.006369481685547648,0.7617982609001485,-0.0001840647835930254,-0.046384325465442404,0.07229161085930254,-0.6416280521915307,-0.9259952560813659,-0.5985630334198713,0.5500084177456261,0.7249957911271869,-0.10710383839281634,-0.047435892795243184,-0.04811075384685781,1.0,1.0
TabNet,TABNET C - MARKET + SEC + FINBERT,Value,fixed_ex_ante_mature_semiconductor_proxy,2023,5.0,0.0,16,16,1.0,16,0.0005299195141046481,0.0015992103849290793,0.625,0.007525195853103217,0.0111288743842263,1.1269776848485207,3.3914848902697487e-05,0.008546541923479766,0.04117069751411293,0.2075879797895115,0.29824914451029716,0.190155261220952,0.8493423989505946,0.4246711994752973,-0.034726870622272754,0.007670656167656498,0.007782954101708928,1.0,1.0
Transformer,TRANSFORMER A - MARKET SEQUENCE,Dividend,fixed_ex_ante_dividend_payers,2023,5.0,0.0,52,52,1.0,49,-0.0012592604222706502,-0.0015574537774995503,0.4230769230769231,0.005860378750772118,0.006480329149168681,0.6631779011488739,-0.0002058038806654178,-0.05186257792768528,0.05315385325612205,-0.9757068349830681,-1.287558843260791,-0.9621589994565449,0.336903163884886,0.831548418057557,-0.06550479338261139,-0.05148140855663108,-0.05221223160354871,1.0,1.0
Transformer,TRANSFORMER A - MARKET SEQUENCE,Growth,fixed_ex_ante_growth_companies,2023,5.0,0.0,75,75,1.0,69,0.0006711258472396414,0.00045189160152270345,0.5466666666666666,0.007088010143775739,0.007066881686818594,1.2094876819276545,0.00019020830630888527,0.04793249318983909,0.09004106374742298,0.5323403699926962,0.7699793568096733,0.5092533834561033,0.6110256214429964,0.3055128107214982,-0.07274460785575987,0.04449921725745787,0.045162604037791265,1.0,1.0
Transformer,TRANSFORMER A - MARKET SEQUENCE,Momentum,positive_relative_momentum_60d,2023,5.0,0.0,80,80,1.0,68,-0.00023795191254504493,-0.0005097411822777556,0.4625,0.006761969047956167,0.006261139715767019,0.929293826245864,2.089452039960954e-05,0.005265419140701604,0.07161070627990074,0.07352837884493078,0.11179207764511538,0.06749931759251003,0.9462383735615603,0.47311918678078013,-0.10152978466995244,0.0026997255263718767,0.0027391503963605235,1.0,1.0
Transformer,TRANSFORMER A - MARKET SEQUENCE,Value,fixed_ex_ante_mature_semiconductor_proxy,2023,5.0,0.0,16,16,1.0,16,-0.0011775291874323197,0.0012388297711870841,0.5625,0.006954707657637381,0.011633262273950506,0.7686379605154736,-7.536186799566845e-05,-0.018991190734908448,0.041823163976784615,-0.4540830709376786,-0.589523438509712,-0.4539598700593828,0.6502531358472317,0.6748734320763842,-0.034726870622272754,-0.019513933340595924,-0.019795676188765765,1.0,1.0
Transformer,TRANSFORMER B - MARKET SEQUENCE + SEC,Dividend,fixed_ex_ante_dividend_payers,2023,5.0,0.0,52,52,1.0,49,-0.0014147817169863556,-0.0015574537774995503,0.4423076923076923,0.005429691607403839,0.0068431571121923725,0.6292866094268093,-0.0002381523099662845,-0.0600143821115037,0.05327351708339346,-1.1265331331054829,-1.464714535204958,-1.05792102518442,0.2911166829618668,0.8544416585190666,-0.07074575881974587,-0.059129120138860625,-0.05996503686837673,1.0,1.0
Transformer,TRANSFORMER B - MARKET SEQUENCE + SEC,Growth,fixed_ex_ante_growth_companies,2023,5.0,0.0,75,75,1.0,69,0.0004078392849275293,0.0003923109834141911,0.5333333333333333,0.007043379245202527,0.007175634955386754,1.1217928908421737,0.00011122233761525169,0.028028029079043424,0.0902961011078608,0.31040132115519914,0.44316804983555613,0.3034303116010645,0.7618153226593177,0.38090766132965886,-0.07903277276964316,0.024055357973499003,0.02441041278012257,1.0,1.0
Transformer,TRANSFORMER B - MARKET SEQUENCE + SEC,Momentum,positive_relative_momentum_60d,2023,5.0,0.0,80,80,1.0,68,-0.0006380117004215657,-0.001138657918422519,0.45,0.006560794204867428,0.006527943804748925,0.8222991330516864,-0.00010313209925723693,-0.025989289012823706,0.0719998762736256,-0.36096296768698605,-0.5299532991334643,-0.33788588467867664,0.7357338738224936,0.6321330630887532,-0.11038252238573121,-0.02794264834605309,-0.028344315237250117,1.0,1.0
Transformer,TRANSFORMER B - MARKET SEQUENCE + SEC,Value,fixed_ex_ante_mature_semiconductor_proxy,2023,5.0,0.0,16,16,1.0,16,-0.0021218174495921983,-0.0024701176570284525,0.5,0.007004757852682175,0.011248392751866572,0.622734110303874,-0.0001357963167739007,-0.03422067182702297,0.0421488978242841,-0.8118995654331613,-1.026424728112423,-0.8154186948778424,0.41561197003619904,0.7921940149819005,-0.034726870622272754,-0.0342312552511862,-0.03472169306986084,1.0,1.0
Transformer,TRANSFORMER C - MARKET SEQUENCE + SEC + FINBERT,Dividend,fixed_ex_ante_dividend_payers,2023,5.0,0.0,52,52,1.0,49,-0.0011660570074694021,-0.0013717333568517278,0.4423076923076923,0.0056674617957312625,0.006585744334145792,0.682517156012432,-0.00018641757038675825,-0.04697722773746308,0.05307961953811244,-0.8850332415011436,-1.1705423710511826,-0.872772098504001,0.3836281615019232,0.8081859192490384,-0.060960132187560245,-0.046868548474746974,-0.047535541064347764,1.0,1.0
Transformer,TRANSFORMER C - MARKET SEQUENCE + SEC + FINBERT,Growth,fixed_ex_ante_growth_companies,2023,5.0,0.0,75,75,1.0,69,-0.0007014616922370841,-0.0009636694678760152,0.4666666666666667,0.007022065043196114,0.007459547585741133,0.8236835869968032,-0.00012067572135520522,-0.030410281781511714,0.09094051474790418,-0.3343975110082886,-0.46126666891414636,-0.3315744044263998,0.7404895501565467,0.6297552249217266,-0.08652002829686467,-0.033683680780783765,-0.034166412968298365,1.0,1.0
Transformer,TRANSFORMER C - MARKET SEQUENCE + SEC + FINBERT,Momentum,positive_relative_momentum_60d,2023,5.0,0.0,80,80,1.0,68,-0.001464170511183664,-0.0016352312549409434,0.4,0.006461875130508417,0.006748200938978385,0.6383800353052997,-0.00026543129631653197,-0.06688868667176606,0.0726042000459102,-0.9212784746539455,-1.2893869499962813,-0.8393036388313603,0.40210400844281946,0.7989479957785903,-0.1343022997756841,-0.06664328766008631,-0.06758156794312864,1.0,1.0
Transformer,TRANSFORMER C - MARKET SEQUENCE + SEC + FINBERT,Value,fixed_ex_ante_mature_semiconductor_proxy,2023,5.0,0.0,16,16,1.0,16,-0.0011775291874323197,0.0012388297711870841,0.5625,0.006954707657637381,0.011633262273950506,0.7686379605154736,-7.536186799566845e-05,-0.018991190734908448,0.041823163976784615,-0.4540830709376786,-0.589523438509712,-0.4539598700593828,0.6502531358472317,0.6748734320763842,-0.034726870622272754,-0.019513933340595924,-0.019795676188765765,1.0,1.0
Tree,TREE A - MARKET,Dividend,fixed_ex_ante_dividend_payers,2023,5.0,0.0,52,52,1.0,49,-0.000865225290984538,-8.793689758845782e-05,0.5,0.005173704333205729,0.006904154915174806,0.7493609857789144,-0.00012384457335790647,-0.03120883248619243,0.0528270248081546,-0.5907739949302409,-0.7787540803890743,-0.6385925458693962,0.5236749564169106,0.7381625217915446,-0.05384168648308585,-0.031826425149737436,-0.032282987320601086,1.0,1.0
Tree,TREE A - MARKET,Growth,fixed_ex_ante_growth_companies,2023,5.0,0.0,75,75,1.0,69,-5.2686451878944836e-05,-0.0003820028242798581,0.4666666666666667,0.007672379015812136,0.006812118736108641,0.9854983300937803,6.026261422159557e-05,0.015186178783842083,0.0902453032124918,0.16827666641093414,0.2411653219351115,0.16440364157036302,0.8695467743984029,0.43477338719920144,-0.07563229592313492,0.011097827463948828,0.011260578629096685,1.0,1.0
Tree,TREE A - MARKET,Momentum,positive_relative_momentum_60d,2023,5.0,0.0,80,80,1.0,68,-0.0008285449136007896,-0.0005186892681356406,0.45,0.006294528291517477,0.006656513899606645,0.7736885522698296,-7.356488861326721e-05,-0.01853835193054334,0.07167347939240327,-0.2586500904895129,-0.37720186999860267,-0.23787693467041868,0.812172169438108,0.5939139152809461,-0.09135272698538821,-0.020707902195795436,-0.0210066982418311,1.0,1.0
Tree,TREE A - MARKET,Value,fixed_ex_ante_mature_semiconductor_proxy,2023,5.0,0.0,16,16,1.0,16,-0.0021236898023070487,-0.0013603806137419952,0.5,0.007002885499967325,0.011250265104581422,0.6224640428353598,-0.00013591614734765112,-0.03425086913160808,0.04214951941628708,-0.8126040250502392,-1.0172687297405196,-0.8138196169111986,0.41652584656583536,0.7917370767170824,-0.04457426700850975,-0.03426047946412858,-0.034751328405602244,1.0,1.0
Tree,TREE B - MARKET + SEC,Dividend,fixed_ex_ante_dividend_payers,2023,5.0,0.0,52,52,1.0,49,-0.000865225290984538,-8.793689758845782e-05,0.5,0.005173704333205729,0.006904154915174806,0.7493609857789144,-0.00012384457335790647,-0.03120883248619243,0.0528270248081546,-0.5907739949302409,-0.7787540803890743,-0.6385925458693962,0.5236749564169106,0.7381625217915446,-0.05384168648308585,-0.031826425149737436,-0.032282987320601086,1.0,1.0
Tree,TREE B - MARKET + SEC,Growth,fixed_ex_ante_growth_companies,2023,5.0,0.0,75,75,1.0,69,-5.2686451878944836e-05,-0.0003820028242798581,0.4666666666666667,0.007672379015812136,0.006812118736108641,0.9854983300937803,6.026261422159557e-05,0.015186178783842083,0.0902453032124918,0.16827666641093414,0.2411653219351115,0.16440364157036302,0.8695467743984029,0.43477338719920144,-0.07563229592313492,0.011097827463948828,0.011260578629096685,1.0,1.0
Tree,TREE B - MARKET + SEC,Momentum,positive_relative_momentum_60d,2023,5.0,0.0,80,80,1.0,68,-0.0008285449136007896,-0.0005186892681356406,0.45,0.006294528291517477,0.006656513899606645,0.7736885522698296,-7.356488861326721e-05,-0.01853835193054334,0.07167347939240327,-0.2586500904895129,-0.37720186999860267,-0.23787693467041868,0.812172169438108,0.5939139152809461,-0.09135272698538821,-0.020707902195795436,-0.0210066982418311,1.0,1.0
Tree,TREE B - MARKET + SEC,Value,fixed_ex_ante_mature_semiconductor_proxy,2023,5.0,0.0,16,16,1.0,16,-0.0021236898023070487,-0.0013603806137419952,0.5,0.007002885499967325,0.011250265104581422,0.6224640428353598,-0.00013591614734765112,-0.03425086913160808,0.04214951941628708,-0.8126040250502392,-1.0172687297405196,-0.8138196169111986,0.41652584656583536,0.7917370767170824,-0.04457426700850975,-0.03426047946412858,-0.034751328405602244,1.0,1.0
Tree,TREE C - MARKET + SEC + FINBERT,Dividend,fixed_ex_ante_dividend_payers,2023,5.0,0.0,52,52,1.0,49,-0.000865225290984538,-8.793689758845782e-05,0.5,0.005173704333205729,0.006904154915174806,0.7493609857789144,-0.00012384457335790647,-0.03120883248619243,0.0528270248081546,-0.5907739949302409,-0.7787540803890743,-0.6385925458693962,0.5236749564169106,0.7381625217915446,-0.05384168648308585,-0.031826425149737436,-0.032282987320601086,1.0,1.0
Tree,TREE C - MARKET + SEC + FINBERT,Growth,fixed_ex_ante_growth_companies,2023,5.0,0.0,75,75,1.0,69,-0.000492594777027299,-0.0009636694678760152,0.44,0.007698081920010954,0.006928126467557355,0.8730344293619653,-4.655140309171052e-05,-0.011730953579111051,0.09044205444358866,-0.12970684546344521,-0.18322981662425591,-0.12401344573553519,0.9014046790132754,0.5492976604933624,-0.07563229592313492,-0.015562572086892712,-0.015787725283086584,1.0,1.0
Tree,TREE C - MARKET + SEC + FINBERT,Momentum,positive_relative_momentum_60d,2023,5.0,0.0,80,80,1.0,68,-0.0010837184669823707,-0.0006961236954205465,0.4375,0.006211316467410455,0.00675763452706568,0.7148986675363697,-0.00015522042569537315,-0.03911554727523404,0.0719283021543571,-0.5438130207952446,-0.7758164672422783,-0.485792435617934,0.6275415418064653,0.6862292290967673,-0.10381488819013951,-0.04051667948117477,-0.04109523819283323,1.0,1.0
Tree,TREE C - MARKET + SEC + FINBERT,Value,fixed_ex_ante_mature_semiconductor_proxy,2023,5.0,0.0,16,16,1.0,16,-0.0021236898023070487,-0.0013603806137419952,0.5,0.007002885499967325,0.011250265104581422,0.6224640428353598,-0.00013591614734765112,-0.03425086913160808,0.04214951941628708,-0.8126040250502392,-1.0172687297405196,-0.8138196169111986,0.41652584656583536,0.7917370767170824,-0.04457426700850975,-0.03426047946412858,-0.034751328405602244,1.0,1.0
XGBoost,XGB A - MARKET,Dividend,fixed_ex_ante_dividend_payers,2023,5.0,0.0,52,52,1.0,49,-0.0018573608397137247,-0.0023822742993089554,0.36538461538461536,0.006111925498893588,0.006445737822548239,0.5459402019337327,-0.00030380887831218674,-0.07655983733467106,0.05384185944527481,-1.4219389546248296,-1.7742512942668214,-1.3444411545568118,0.18002926660104696,0.9099853666994765,-0.1197539533992803,-0.07448063834676877,-0.07552473201685272,1.0,1.0
XGBoost,XGB A - MARKET,Growth,fixed_ex_ante_growth_companies,2023,5.0,0.0,75,75,1.0,69,-0.00020427254064447824,3.343688735652026e-05,0.5066666666666667,0.006880359311084317,0.007480380928906485,0.944646407087939,4.5982098679721e-05,0.011587488867289691,0.09043399088752081,0.12813200825895074,0.18141637552099402,0.11905772962851442,0.9053256150547757,0.45266280752738786,-0.08056900820097013,0.007476869279838372,0.00758631951970834,1.0,1.0
XGBoost,XGB A - MARKET,Momentum,positive_relative_momentum_60d,2023,5.0,0.0,80,80,1.0,68,-0.0006233425726660175,-0.001138657918422519,0.45,0.006574419640268255,0.006512420746884968,0.8259709904858131,-2.0042989790693856e-05,-0.0050508334272548515,0.07133374107911764,-0.07080567135337644,-0.10508478211982519,-0.059893674857407264,0.9522883592633247,0.5238558203683377,-0.10928117823673489,-0.007491493756732526,-0.007600328487554653,1.0,1.0
XGBoost,XGB A - MARKET,Value,fixed_ex_ante_mature_semiconductor_proxy,2023,5.0,0.0,16,16,1.0,16,-0.00020880366977700168,0.0027089474282155366,0.625,0.0069342173059978975,0.012113838629401833,0.9540352316795309,-1.3363434865728107e-05,-0.003367585586163483,0.04146318994156792,-0.08121868073607602,-0.10430672116425417,-0.07141212656319804,0.943127082391075,0.5284364588044625,-0.07059013541286274,-0.004184393549993115,-0.004245286244774715,1.0,1.0
XGBoost,XGB B - MARKET + SEC,Dividend,fixed_ex_ante_dividend_payers,2023,5.0,0.0,52,52,1.0,49,-0.0017014099505536194,-0.001844884229711823,0.38461538461538464,0.005896002558004027,0.0064497927684021485,0.5713364337542006,-0.0002713710933668848,-0.06838551552845498,0.053733156581836736,-1.2726874778760187,-1.6397345175359805,-1.2502788666923623,0.21237139927738707,0.8938143003613065,-0.08679270453337518,-0.06693522424704357,-0.06787746350727153,1.0,1.0
XGBoost,XGB B - MARKET + SEC,Growth,fixed_ex_ante_growth_companies,2023,5.0,0.0,75,75,1.0,69,3.088962002535483e-05,0.0004921983265227534,0.5466666666666666,0.0064931596765832045,0.007761847801117935,1.008778691549862,4.655673559458839e-06,0.0011732297369836274,0.0904061201129383,0.012977326485397121,0.01796385339223447,0.012234250301412704,0.9902485205884681,0.49512426029423406,-0.07050267586165981,-0.0028780382610880118,-0.0029199483159488837,1.0,1.0
XGBoost,XGB B - MARKET + SEC,Momentum,positive_relative_momentum_60d,2023,5.0,0.0,80,80,1.0,68,-0.0009487054018399898,-0.00030653795821722254,0.4625,0.005955422955114229,0.006889467011312225,0.7438069878481592,-0.00012536259216938155,-0.03159137322668415,0.07200384060460246,-0.4387456691395548,-0.6167643566352901,-0.39331949241306213,0.6944200768180819,0.652789961590959,-0.10846323213981524,-0.03333350004143665,-0.03381130197542159,1.0,1.0
XGBoost,XGB B - MARKET + SEC,Value,fixed_ex_ante_mature_semiconductor_proxy,2023,5.0,0.0,16,16,1.0,16,-0.00033486582262767426,0.0012388297711870841,0.5625,0.007703741759685955,0.010670218428459484,0.9282669235208855,-2.1431412648171152e-05,-0.00540071598733913,0.04151153676665078,-0.13010156713056012,-0.17598033101818158,-0.14196772339297006,0.8872202992915506,0.5563898503542247,-0.03828737485187428,-0.006190942854140791,-0.006280943310039144,1.0,1.0
XGBoost,XGB C - MARKET + SEC + FINBERT,Dividend,fixed_ex_ante_dividend_payers,2023,5.0,0.0,52,52,1.0,49,-0.0008727892321140744,-0.0008311646844423029,0.4423076923076923,0.005944666006985175,0.006279736490710031,0.7507855012647451,-0.00016313749152322638,-0.04111064786385305,0.05333274852157407,-0.7708330998021421,-1.011810701197522,-0.7677743194349474,0.4433487345280335,0.7783256327359833,-0.0753877321561115,-0.04131729205608514,-0.04190703162567033,1.0,1.0
XGBoost,XGB C - MARKET + SEC + FINBERT,Growth,fixed_ex_ante_growth_companies,2023,5.0,0.0,75,75,1.0,69,0.00021027029461844737,0.0003923109834141911,0.5333333333333333,0.006820786314494423,0.007344605156668382,1.061348322087093,0.00017034494925859865,0.04292692721316686,0.0900475947118702,0.4767137573249159,0.6857430057083382,0.4451847285345115,0.6565730311849985,0.3282865155924993,-0.07407824892002435,0.03932527879075809,0.03991006832031485,1.0,1.0
XGBoost,XGB C - MARKET + SEC + FINBERT,Momentum,positive_relative_momentum_60d,2023,5.0,0.0,80,80,1.0,68,-0.0005291056218513761,-0.00017709508807056597,0.475,0.006191655247435419,0.006609794027396572,0.8475262273044211,7.779609310561181e-06,0.0019604615462614178,0.07170881085231579,0.02733920034316266,0.04032592903625113,0.02378959434740225,0.9810394935593458,0.4905197467796729,-0.09436053670508959,-0.000590729797330436,-0.0005993420247539794,1.0,1.0
XGBoost,XGB C - MARKET + SEC + FINBERT,Value,fixed_ex_ante_mature_semiconductor_proxy,2023,5.0,0.0,16,16,1.0,16,-0.0009449517269827893,0.0012388297711870841,0.5625,0.007161443178036964,0.011367459462008187,0.8099936341190718,-6.04769105268985e-05,-0.015240181452778423,0.04173914801131656,-0.3651291935486181,-0.47626077230502917,-0.39720495327304234,0.6915565888020733,0.6542217055989634,-0.03828737485187428,-0.015854847378104386,-0.01608419445853526,1.0,1.0
CatBoost,CAT A - MARKET,Dividend,fixed_ex_ante_dividend_payers,2024,5.0,0.0,61,61,1.0,55,0.0001296541468451357,0.0010542428564072068,0.5409836065573771,0.00736523345411346,0.008397992893863962,1.0336343247109672,-1.5198795066193055e-05,-0.00383009635668065,0.07293844795411783,-0.05251134983143575,-0.07360027781181562,-0.057215640140986054,0.9544189405351983,0.5227905297324009,-0.07451552883002843,-0.00645971674727841,-0.0064818277914363565,1.0,1.0
CatBoost,CAT A - MARKET,Growth,fixed_ex_ante_growth_companies,2024,5.0,0.0,69,69,1.0,56,-0.0015295477810784986,-0.0015365640242984693,0.4492753623188406,0.007387800569020356,0.008804226698264406,0.6845450650507579,-0.0004956842277226308,-0.12491242538610296,0.0744592132834642,-1.677595288450937,-1.9132312640809366,-1.7726044719094642,0.07750716631991883,0.9612464168400405,-0.16946111600419667,-0.11990958237766403,-0.1202955365403181,1.0,1.0
CatBoost,CAT A - MARKET,Momentum,positive_relative_momentum_60d,2024,5.0,0.0,63,63,1.0,56,-0.0008127971011372274,0.0010542428564072068,0.5238095238095238,0.006579744012150096,0.008944592325753283,0.8091725312652044,-0.00029845301614657275,-0.07521016006893633,0.0774479234013306,-0.9711062190680272,-1.1716442346147085,-1.0659220485604937,0.2874831199525548,0.8562584400237225,-0.0860110445859652,-0.07524578272896731,-0.07549417317691043,1.0,1.0
CatBoost,CAT A - MARKET,Value,fixed_ex_ante_mature_semiconductor_proxy,2024,5.0,0.0,27,27,1.0,27,0.0023193204612624984,0.0013788202549224202,0.5925925925925926,0.008785139397526866,0.007085507082394763,1.8034537866698528,0.0002484986208495534,0.06262165245408746,0.05960122088851097,1.0506773438622417,1.8693820559236252,1.291276438252988,0.19779575352618292,0.09889787676309146,-0.029496595189374974,0.06274353437611913,0.06296564545118821,1.0,1.0
CatBoost,CAT B - MARKET + SEC,Dividend,fixed_ex_ante_dividend_payers,2024,5.0,0.0,61,61,1.0,55,-6.255146359234807e-05,-0.00017252448531612698,0.4918032786885246,0.008006347762246699,0.007871163617630135,0.9843625232537581,-8.514776532362308e-06,-0.0021457236861553014,0.07269522311218088,-0.029516708172751482,-0.04384281658855412,-0.03499528984946226,0.9721113107628754,0.5139443446185623,-0.04395571219139727,-0.00476139682327581,-0.004777708651617862,1.0,1.0
CatBoost,CAT B - MARKET + SEC,Growth,fixed_ex_ante_growth_companies,2024,5.0,0.0,69,69,1.0,56,-8.072265435696059e-05,0.0001333942733422475,0.5072463768115942,0.007841992013920732,0.008236458342289879,0.9801104433941983,-0.0001901160641831156,-0.04790924817414513,0.0746665357923533,-0.641642841277385,-0.8048797235398449,-0.6312985138129245,0.5284198296038031,0.7357900851980985,-0.10709105246304784,-0.04944196486615404,-0.04960746918611458,1.0,1.0
CatBoost,CAT B - MARKET + SEC,Momentum,positive_relative_momentum_60d,2024,5.0,0.0,63,63,1.0,56,-0.0005494854218627098,0.00025062407823417485,0.5079365079365079,0.0070758084468156394,0.008420756512111329,0.8673876654302463,-0.00022325918914948968,-0.0562613156656714,0.0771944095354563,-0.7288262971922848,-0.917368131394143,-0.8664899729958796,0.3870490522096889,0.8064754738951556,-0.06492524086885199,-0.057526965529806295,-0.05771870294231751,1.0,1.0
CatBoost,CAT B - MARKET + SEC,Value,fixed_ex_ante_mature_semiconductor_proxy,2024,5.0,0.0,27,27,1.0,27,0.0010457812293060153,-0.0004733471206445619,0.48148148148148145,0.00972072697915518,0.0070095255384110666,1.287731856931514,0.00011204798885421595,0.02823609319126242,0.06028098894409186,0.46840792903132755,0.7734850987669432,0.5798769612463944,0.562517738765176,0.281258869382588,-0.029496595189374974,0.026784849884563977,0.026878056049753907,1.0,1.0
CatBoost,CAT C - MARKET + SEC + FINBERT,Dividend,fixed_ex_ante_dividend_payers,2024,5.0,0.0,61,61,1.0,55,0.0007969952593120757,0.0011839808069610833,0.5573770491803278,0.007757668715000741,0.007968297240444022,1.2259728603053723,0.00015570603219354376,0.03923792011277303,0.07226181872846618,0.542996575552782,0.8343094354581932,0.6740085953614092,0.5009260822238658,0.2504630411119329,-0.04395571219139727,0.03731950982513266,0.03745003787905876,1.0,1.0
CatBoost,CAT C - MARKET + SEC + FINBERT,Growth,fixed_ex_ante_growth_companies,2024,5.0,0.0,69,69,1.0,56,-0.00026523515314533653,-0.0007933518685593324,0.4782608695652174,0.008212796805872035,0.008036764448911262,0.9367447708473322,-0.0002431564583613785,-0.06127542750706738,0.07494804627751551,-0.8175720455764578,-1.0259175358456216,-0.7958739325657886,0.426857351715317,0.7865713241423415,-0.11489224032457979,-0.06208502351414669,-0.06229144508551021,1.0,1.0
CatBoost,CAT C - MARKET + SEC + FINBERT,Momentum,positive_relative_momentum_60d,2024,5.0,0.0,63,63,1.0,56,-0.0007582053326404665,0.00025062407823417485,0.5079365079365079,0.006924594149784141,0.008688837056433609,0.8226610889570322,-0.00028079724468356746,-0.070760905660259,0.07748052786221589,-0.9132734070435551,-1.1459572382978944,-1.088938351047125,0.2772254862271033,0.8613872568864483,-0.07950326634164906,-0.07111775256863906,-0.07135304799867359,1.0,1.0
CatBoost,CAT C - MARKET + SEC + FINBERT,Value,fixed_ex_ante_mature_semiconductor_proxy,2024,5.0,0.0,27,27,1.0,27,0.001158936042420961,0.0010542428564072068,0.5185185185185185,0.009101692398958897,0.0073948015723122,1.3255017714328434,0.00012417171883081729,0.03129127314536596,0.06022406790575249,0.5195808624939643,0.8595092490769674,0.6396830701742604,0.5229620799963813,0.26148103999819067,-0.029496595189375086,0.02992981496317748,0.03003412419094409,1.0,1.0
LSTM,LSTM A - MARKET SEQUENCE,Dividend,fixed_ex_ante_dividend_payers,2024,5.0,0.0,61,61,1.0,55,0.00048731352438889343,-0.00017252448531612698,0.4918032786885246,0.008585124453213392,0.007349277697054171,1.1304763947146572,0.00010612084446591902,0.02674245280541159,0.07227257519492052,0.3700221381801698,0.5854138969812345,0.3490178206796476,0.7273685372638654,0.3636842686319327,-0.07046447110767928,0.024444090520469475,0.024529054353825908,1.0,1.0
LSTM,LSTM A - MARKET SEQUENCE,Growth,fixed_ex_ante_growth_companies,2024,5.0,0.0,69,69,1.0,56,-0.0006950052017235626,-0.0001307979144103402,0.4927536231884058,0.00748996070275088,0.008646114937498737,0.8415296208905493,-0.0002614091654243844,-0.06587510968694488,0.07409474784168081,-0.8890658461744287,-1.0963494767983337,-0.8764473591547141,0.38162490768996177,0.8091875461550191,-0.11342097276338259,-0.06633214534877496,-0.06655218069816016,1.0,1.0
LSTM,LSTM A - MARKET SEQUENCE,Momentum,positive_relative_momentum_60d,2024,5.0,0.0,63,63,1.0,56,-0.0010439818404240503,-0.0010657657162175252,0.4603174603174603,0.007407701482739423,0.008252770557239955,0.7656015120992022,-0.00032592129245487316,-0.08213216569862804,0.0774378841796442,-1.0606199610011788,-1.3553701665875377,-1.0016288733267131,0.3174875029104778,0.8412562485447611,-0.1244314582284618,-0.08161610567664146,-0.08188457951819972,1.0,1.0
LSTM,LSTM A - MARKET SEQUENCE,Value,fixed_ex_ante_mature_semiconductor_proxy,2024,5.0,0.0,27,27,1.0,27,0.003136530374998881,0.0013788202549224202,0.5555555555555556,0.01020808113834843,0.005702908079188056,2.2374727499995477,0.0003360568258927373,0.0846863201249698,0.05911895612886111,1.432473197604838,3.5842797351472466,1.3504622058873341,0.17808410326100974,0.08904205163050487,-0.020186316321002762,0.08648952985049907,0.08679907377753882,1.0,1.0
LSTM,LSTM B - MARKET SEQUENCE + SEC,Dividend,fixed_ex_ante_dividend_payers,2024,5.0,0.0,61,61,1.0,55,0.00048731352438889343,-0.00017252448531612698,0.4918032786885246,0.008585124453213392,0.007349277697054171,1.1304763947146572,0.00010612084446591902,0.02674245280541159,0.07227257519492052,0.3700221381801698,0.5854138969812345,0.3490178206796476,0.7273685372638654,0.3636842686319327,-0.07046447110767928,0.024444090520469475,0.024529054353825908,1.0,1.0
LSTM,LSTM B - MARKET SEQUENCE + SEC,Growth,fixed_ex_ante_growth_companies,2024,5.0,0.0,69,69,1.0,56,-0.0006950052017235626,-0.0001307979144103402,0.4927536231884058,0.00748996070275088,0.008646114937498737,0.8415296208905493,-0.0002614091654243844,-0.06587510968694488,0.07409474784168081,-0.8890658461744287,-1.0963494767983337,-0.8764473591547141,0.38162490768996177,0.8091875461550191,-0.11342097276338259,-0.06633214534877496,-0.06655218069816016,1.0,1.0
LSTM,LSTM B - MARKET SEQUENCE + SEC,Momentum,positive_relative_momentum_60d,2024,5.0,0.0,63,63,1.0,56,-0.0010439818404240503,-0.0010657657162175252,0.4603174603174603,0.007407701482739423,0.008252770557239955,0.7656015120992022,-0.00032592129245487316,-0.08213216569862804,0.0774378841796442,-1.0606199610011788,-1.3553701665875377,-1.0016288733267131,0.3174875029104778,0.8412562485447611,-0.1244314582284618,-0.08161610567664146,-0.08188457951819972,1.0,1.0
LSTM,LSTM B - MARKET SEQUENCE + SEC,Value,fixed_ex_ante_mature_semiconductor_proxy,2024,5.0,0.0,27,27,1.0,27,0.003136530374998881,0.0013788202549224202,0.5555555555555556,0.01020808113834843,0.005702908079188056,2.2374727499995477,0.0003360568258927373,0.0846863201249698,0.05911895612886111,1.432473197604838,3.5842797351472466,1.3504622058873341,0.17808410326100974,0.08904205163050487,-0.020186316321002762,0.08648952985049907,0.08679907377753882,1.0,1.0
LSTM,LSTM C - MARKET SEQUENCE + SEC + FINBERT,Dividend,fixed_ex_ante_dividend_payers,2024,5.0,0.0,61,61,1.0,55,0.00048731352438889343,-0.00017252448531612698,0.4918032786885246,0.008585124453213392,0.007349277697054171,1.1304763947146572,0.00010612084446591902,0.02674245280541159,0.07227257519492052,0.3700221381801698,0.5854138969812345,0.3490178206796476,0.7273685372638654,0.3636842686319327,-0.07046447110767928,0.024444090520469475,0.024529054353825908,1.0,1.0
LSTM,LSTM C - MARKET SEQUENCE + SEC + FINBERT,Growth,fixed_ex_ante_growth_companies,2024,5.0,0.0,69,69,1.0,56,-0.0006950052017235626,-0.0001307979144103402,0.4927536231884058,0.00748996070275088,0.008646114937498737,0.8415296208905493,-0.0002614091654243844,-0.06587510968694488,0.07409474784168081,-0.8890658461744287,-1.0963494767983337,-0.8764473591547141,0.38162490768996177,0.8091875461550191,-0.11342097276338259,-0.06633214534877496,-0.06655218069816016,1.0,1.0
LSTM,LSTM C - MARKET SEQUENCE + SEC + FINBERT,Momentum,positive_relative_momentum_60d,2024,5.0,0.0,63,63,1.0,56,-0.0010439818404240503,-0.0010657657162175252,0.4603174603174603,0.007407701482739423,0.008252770557239955,0.7656015120992022,-0.00032592129245487316,-0.08213216569862804,0.0774378841796442,-1.0606199610011788,-1.3553701665875377,-1.0016288733267131,0.3174875029104778,0.8412562485447611,-0.1244314582284618,-0.08161610567664146,-0.08188457951819972,1.0,1.0
LSTM,LSTM C - MARKET SEQUENCE + SEC + FINBERT,Value,fixed_ex_ante_mature_semiconductor_proxy,2024,5.0,0.0,27,27,1.0,27,0.003136530374998881,0.0013788202549224202,0.5555555555555556,0.01020808113834843,0.005702908079188056,2.2374727499995477,0.0003360568258927373,0.0846863201249698,0.05911895612886111,1.432473197604838,3.5842797351472466,1.3504622058873341,0.17808410326100974,0.08904205163050487,-0.020186316321002762,0.08648952985049907,0.08679907377753882,1.0,1.0
Logistic,MODEL A - MARKET,Dividend,fixed_ex_ante_dividend_payers,2024,5.0,0.0,61,61,1.0,55,0.0024142865853739484,0.0014021075996967234,0.5901639344262295,0.008584094866686251,0.006470237339715768,1.9104548966315376,0.0005111058331153524,0.1287986699450688,0.07336331467561447,1.7556277345778208,3.5530953006584847,1.8111565620427972,0.07131201629902416,0.03565600814951208,-0.02498335191629053,0.13440368021334304,0.13489505165093907,1.0,1.0
Logistic,MODEL A - MARKET,Growth,fixed_ex_ante_growth_companies,2024,5.0,0.0,69,69,1.0,56,0.0009287431069036333,0.0021445367954381353,0.5507246376811594,0.008084593278038597,0.007842944199648903,1.2635747936762907,5.8640026874790134e-05,0.014777286772447114,0.07411148608599667,0.19939266573740014,0.2668515194687382,0.1922825269822902,0.8476763798984651,0.42383818994923256,-0.062447605380725024,0.012103307590921819,0.01214512253055089,1.0,1.0
Logistic,MODEL A - MARKET,Momentum,positive_relative_momentum_60d,2024,5.0,0.0,63,63,1.0,56,0.00048216803655039395,0.00025062407823417485,0.5079365079365079,0.008105325351399463,0.007386897578777678,1.1326524254981738,3.465417545378629e-05,0.008732852214354145,0.07642498092527437,0.11426698585496303,0.16682267566200987,0.10802989826740328,0.9140582806194546,0.4570291403097273,-0.06285640779418289,0.005844862489094105,0.005864992877740782,1.0,1.0
Logistic,MODEL A - MARKET,Value,fixed_ex_ante_mature_semiconductor_proxy,2024,5.0,0.0,27,27,1.0,27,0.003568894518339704,0.0013788202549224202,0.5555555555555556,0.010505410608118897,0.005101750593884287,2.5739720157802886,0.00038238155553639683,0.096360151995172,0.05884887380835762,1.6374170949977822,4.3139715248401975,1.5614497201094681,0.11967759747116713,0.059838798735583565,-0.019146392755579167,0.09926045886669477,0.09961776767859543,1.0,1.0
Logistic,MODEL B - MARKET + SEC,Dividend,fixed_ex_ante_dividend_payers,2024,5.0,0.0,61,61,1.0,55,0.0013060708371707517,0.00025062407823417485,0.5081967213114754,0.009037453844009355,0.006683024936562473,1.397376546417595,0.00026822471360169234,0.06759262782762647,0.07433804540523384,0.9092602241444939,1.6782082427796583,0.8962463895169682,0.37097993487786035,0.18548996743893018,-0.04987485580795625,0.06700077692835182,0.06723842981499017,1.0,1.0
Logistic,MODEL B - MARKET + SEC,Growth,fixed_ex_ante_growth_companies,2024,5.0,0.0,69,69,1.0,56,0.0010480883991700386,0.0016396490287408092,0.5362318840579711,0.008426902516874573,0.007483665424425828,1.3019831169007379,6.427717668473715e-05,0.016197848524553762,0.07452919363923352,0.21733562022636618,0.30119679751245687,0.22116226153348503,0.8251459011126634,0.4125729505563317,-0.06371869089298776,0.013513745438152203,0.013560465771612185,1.0,1.0
Logistic,MODEL B - MARKET + SEC,Momentum,positive_relative_momentum_60d,2024,5.0,0.0,63,63,1.0,56,0.0005405504405526062,0.00025062407823417485,0.5079365079365079,0.008160740351707343,0.007325452048381316,1.1499618023345768,6.509505789583117e-05,0.016403954589749456,0.07622615633723544,0.21520112488915238,0.31768050340232024,0.20470227074631223,0.8379706411284836,0.4189853205642418,-0.057156591238407106,0.01360595674247067,0.013652998015381446,1.0,1.0
Logistic,MODEL B - MARKET + SEC,Value,fixed_ex_ante_mature_semiconductor_proxy,2024,5.0,0.0,27,27,1.0,27,0.003266958594543701,0.0013788202549224202,0.5555555555555556,0.010233668276702494,0.00544142850815479,2.350868954118808,0.0003500312779868251,0.08820788205267993,0.059038581131386735,1.4940718486506088,3.762187275536678,1.3604216636800275,0.17491697116514413,0.08745848558257206,-0.019146392755579167,0.0903262662824389,0.09065010598894174,1.0,1.0
Logistic,MODEL C - MARKET + SEC + FINBERT,Dividend,fixed_ex_ante_dividend_payers,2024,5.0,0.0,61,61,1.0,55,0.0014622448223547287,0.0006190994105819145,0.5245901639344263,0.008872636741012541,0.006714739363750444,1.4580604225794345,0.00030602873382479793,0.07711924092384907,0.07417225474001934,1.0397316516015214,1.9346465534500754,1.0270644531991038,0.3053788639486403,0.15268943197432014,-0.04987485580795625,0.07722460355043537,0.07749981898888025,1.0,1.0
Logistic,MODEL C - MARKET + SEC + FINBERT,Growth,fixed_ex_ante_growth_companies,2024,5.0,0.0,69,69,1.0,56,0.0010480883991700386,0.0016396490287408092,0.5362318840579711,0.008426902516874573,0.007483665424425828,1.3019831169007379,6.427717668473715e-05,0.016197848524553762,0.07452919363923352,0.21733562022636618,0.30119679751245687,0.22116226153348503,0.8251459011126634,0.4125729505563317,-0.06371869089298776,0.013513745438152203,0.013560465771612185,1.0,1.0
Logistic,MODEL C - MARKET + SEC + FINBERT,Momentum,positive_relative_momentum_60d,2024,5.0,0.0,63,63,1.0,56,0.0006917665214450286,0.001340646075958852,0.5238095238095238,0.008027484781901403,0.007377523565056983,1.1969102073648665,0.00010289907811893674,0.02593056768597206,0.07609001894595864,0.3407880303511122,0.5053311955053801,0.3252722207932892,0.7452460226087751,0.3726230113043876,-0.057156591238407106,0.02331816294599176,0.023399168701643713,1.0,1.0
Logistic,MODEL C - MARKET + SEC + FINBERT,Value,fixed_ex_ante_mature_semiconductor_proxy,2024,5.0,0.0,27,27,1.0,27,0.003266958594543701,0.0013788202549224202,0.5555555555555556,0.010233668276702494,0.00544142850815479,2.350868954118808,0.0003500312779868251,0.08820788205267993,0.059038581131386735,1.4940718486506088,3.762187275536678,1.3604216636800275,0.17491697116514413,0.08745848558257206,-0.019146392755579167,0.0903262662824389,0.09065010598894174,1.0,1.0
TabNet,TABNET A - MARKET,Dividend,fixed_ex_ante_dividend_payers,2024,5.0,0.0,61,61,1.0,55,0.0018865779729581352,0.0010845635092036074,0.5245901639344263,0.009345968319032288,0.00634447344339955,1.62547652218902,0.0003207121973479163,0.0808194737316749,0.07428426950543451,1.0879756140802097,1.9015553122813513,1.0926951500816453,0.2755753126376093,0.13778765631880466,-0.03894140676085189,0.08120083629682795,0.08149075100264502,1.0,1.0
TabNet,TABNET A - MARKET,Growth,fixed_ex_ante_growth_companies,2024,5.0,0.0,69,69,1.0,56,-0.00025464666623845256,0.0005959664104380211,0.5217391304347826,0.007450348728695925,0.008660096187985047,0.9385176540941449,-1.781953808542536e-06,-0.00044905235975271907,0.0733872083422184,-0.006118945929360103,-0.008054635045958942,-0.0065147879820111115,0.9948071628796257,0.5025964185601872,-0.06524761399734524,-0.0031404664729169918,-0.0031512340316518506,1.0,1.0
TabNet,TABNET A - MARKET,Momentum,positive_relative_momentum_60d,2024,5.0,0.0,63,63,1.0,56,0.0013941143100672316,-0.0001307979144103402,0.49206349206349204,0.009354948072513965,0.006317943397303042,1.4344234152392823,0.0003349789756341619,0.08441470185980879,0.07569560605071007,1.1151862870779794,2.143736271929909,1.1823485499404776,0.2381862623791725,0.11909313118958625,-0.048864549478541575,0.08498785708817036,0.08529181845055578,1.0,1.0
TabNet,TABNET A - MARKET,Value,fixed_ex_ante_mature_semiconductor_proxy,2024,5.0,0.0,27,27,1.0,27,0.002560818707020292,0.0017303494156951657,0.5555555555555556,0.0096899406371677,0.006350583705663969,1.9072933068588287,0.00027437343289503125,0.06914210508954788,0.05946250688252256,1.1627848995022843,2.1735819617011516,1.0731425497336533,0.28423780144270355,0.14211890072135178,-0.03819479639027634,0.06970477718030743,0.06995233191084638,1.0,1.0
TabNet,TABNET B - MARKET + SEC,Dividend,fixed_ex_ante_dividend_payers,2024,5.0,0.0,61,61,1.0,55,-0.0019115068971333902,-0.0015266528793554382,0.4262295081967213,0.007213523121052659,0.008690100624928742,0.6166346521083073,-0.00043463750883015166,-0.10952865222519821,0.07373219749129853,-1.485492850502987,-1.7862390372143366,-1.4858035747506804,0.13858600016544623,0.9307069999172769,-0.11567958406489987,-0.10620367103650796,-0.10654822371173911,1.0,1.0
TabNet,TABNET B - MARKET + SEC,Growth,fixed_ex_ante_growth_companies,2024,5.0,0.0,69,69,1.0,56,-0.00017006506237126438,-0.00046343597570153074,0.463768115942029,0.008556903197172316,0.0077177132868413885,0.9589064340990799,-4.0741294265211545e-05,-0.01026680615483331,0.0727980037608497,-0.14103142427587737,-0.1964921134230441,-0.1353702727163387,0.8924276234353372,0.5537861882823314,-0.04960916441542729,-0.012829025953721152,-0.012872796892007488,1.0,1.0
TabNet,TABNET B - MARKET + SEC,Momentum,positive_relative_momentum_60d,2024,5.0,0.0,63,63,1.0,56,-0.002450440979414101,-0.003403370803208682,0.3333333333333333,0.008497814971668531,0.007924568954955417,0.5361689083640726,-0.0005938115539753147,-0.1496405116017793,0.07788953218484838,-1.9211889891269427,-2.276412533408172,-1.8714422048389834,0.062447016712231886,0.968776491643884,-0.14945773456640066,-0.14163739900462513,-0.14208747522165588,1.0,1.0
TabNet,TABNET B - MARKET + SEC,Value,fixed_ex_ante_mature_semiconductor_proxy,2024,5.0,0.0,27,27,1.0,27,-0.003477217674005892,-0.0015266528793554382,0.4444444444444444,0.005498774783706112,0.010658011640175494,0.4127430120626567,-0.00037255903650063125,-0.09388487719815908,0.0620247695193474,-1.5136674900319227,-1.7008322021977742,-1.3901111612012018,0.1657266421943517,0.9171366789028241,-0.09138821585537871,-0.09138821585537871,-0.09168720151266418,1.0,1.0
TabNet,TABNET C - MARKET + SEC + FINBERT,Dividend,fixed_ex_ante_dividend_payers,2024,5.0,0.0,61,61,1.0,55,0.0016818257493147173,0.0018373266406072073,0.639344262295082,0.007309341886908785,0.00829422558551113,1.562227790288938,0.00039526864494399545,0.09960769852588686,0.0709953140192304,1.4030179301539007,2.2928091306474068,1.28213910670493,0.20097678615894646,0.10048839307947323,-0.05786964965421426,0.10195700322078793,0.10232446304246068,1.0,1.0
TabNet,TABNET C - MARKET + SEC + FINBERT,Growth,fixed_ex_ante_growth_companies,2024,5.0,0.0,69,69,1.0,56,-0.001259581390746452,-0.0019481963916700975,0.43478260869565216,0.007972692845741342,0.00836133080342937,0.7334766193026234,-0.0004270862314345446,-0.10762573032150524,0.07469673977425605,-1.440835713135074,-1.7327350606700083,-1.4435236329626646,0.15011993633668552,0.9249400318316572,-0.1397595953060129,-0.10456473161273394,-0.10490428485929482,1.0,1.0
TabNet,TABNET C - MARKET + SEC + FINBERT,Momentum,positive_relative_momentum_60d,2024,5.0,0.0,63,63,1.0,56,-0.00021808675075746142,0.00031406283366275465,0.5238095238095238,0.007176940555270934,0.008352616787388696,0.94516901849464,-0.00010005403715143076,-0.025213617362160552,0.07680090270206763,-0.3282984506050832,-0.43447785901987684,-0.2985716328382931,0.765513942735979,0.6172430286320105,-0.08971544838400813,-0.02776568959150827,-0.027859698112427722,1.0,1.0
TabNet,TABNET C - MARKET + SEC + FINBERT,Value,fixed_ex_ante_mature_semiconductor_proxy,2024,5.0,0.0,27,27,1.0,27,0.003584744440389295,0.0018790048800921286,0.6666666666666666,0.00867622816433317,0.006598223007498454,2.629868118877824,0.0003840797614702816,0.09678809989051096,0.05883877403953628,1.6449713895377036,3.8164139985696957,1.4858902398585623,0.13856308403076248,0.06928154201538124,-0.029579683807728796,0.09972918102999295,0.10008825268798383,1.0,1.0
Transformer,TRANSFORMER A - MARKET SEQUENCE,Dividend,fixed_ex_ante_dividend_payers,2024,5.0,0.0,61,61,1.0,55,0.0007255741156796402,0.0010542428564072068,0.5081967213114754,0.008510344568734502,0.007318688685810384,1.2015844775684577,0.0001637950352148697,0.04127634887414716,0.0720430632794582,0.5729399472373129,0.9187423600301445,0.5412129964749821,0.5888408004489324,0.2944204002244662,-0.06243983324375979,0.03945736844878289,0.03959551557214924,1.0,1.0
Transformer,TRANSFORMER A - MARKET SEQUENCE,Growth,fixed_ex_ante_growth_companies,2024,5.0,0.0,69,69,1.0,56,-0.00040733911981264196,-0.0001307979144103402,0.4927536231884058,0.007781857168219314,0.008362558371043686,0.9039719732373018,-0.00016144867725044433,-0.04068506666711197,0.07342315134866685,-0.5541176852231459,-0.7091342311346434,-0.5180771800337196,0.6048607754848704,0.6975696122575648,-0.09075154665575857,-0.042458679149093626,-0.04260133429948987,1.0,1.0
Transformer,TRANSFORMER A - MARKET SEQUENCE,Momentum,positive_relative_momentum_60d,2024,5.0,0.0,63,63,1.0,56,-0.0005590745519853001,-0.00017252448531612698,0.47619047619047616,0.007636597419508797,0.008009685435161753,0.8667458100147406,-0.00020469447034518568,-0.05158300652698679,0.0771463454404388,-0.6686383681883116,-0.890781532979903,-0.6071453954577449,0.5443032582785698,0.7278483708607151,-0.0972400564639937,-0.05309504278642252,-0.05327242956987499,1.0,1.0
Transformer,TRANSFORMER A - MARKET SEQUENCE,Value,fixed_ex_ante_mature_semiconductor_proxy,2024,5.0,0.0,27,27,1.0,27,0.0036748228219890874,0.0017303494156951657,0.5925925925925926,0.00996176031934964,0.005469813537808081,2.6490543218019473,0.00039373101664168795,0.09922021619370536,0.05878110627934909,1.687961021389679,4.482770582355255,1.601649973940559,0.11049078278342249,0.055245391391711245,-0.015283946321022923,0.10241208670722446,0.10278126191324444,1.0,1.0
Transformer,TRANSFORMER B - MARKET SEQUENCE + SEC,Dividend,fixed_ex_ante_dividend_payers,2024,5.0,0.0,61,61,1.0,55,0.00048731352438889343,-0.00017252448531612698,0.4918032786885246,0.008585124453213392,0.007349277697054171,1.1304763947146572,0.00010612084446591902,0.02674245280541159,0.07227257519492052,0.3700221381801698,0.5854138969812345,0.3490178206796476,0.7273685372638654,0.3636842686319327,-0.07046447110767928,0.024444090520469475,0.024529054353825908,1.0,1.0
Transformer,TRANSFORMER B - MARKET SEQUENCE + SEC,Growth,fixed_ex_ante_growth_companies,2024,5.0,0.0,69,69,1.0,56,-0.0006950052017235626,-0.0001307979144103402,0.4927536231884058,0.00748996070275088,0.008646114937498737,0.8415296208905493,-0.0002614091654243844,-0.06587510968694488,0.07409474784168081,-0.8890658461744287,-1.0963494767983337,-0.8764473591547141,0.38162490768996177,0.8091875461550191,-0.11342097276338259,-0.06633214534877496,-0.06655218069816016,1.0,1.0
Transformer,TRANSFORMER B - MARKET SEQUENCE + SEC,Momentum,positive_relative_momentum_60d,2024,5.0,0.0,63,63,1.0,56,-0.0010439818404240503,-0.0010657657162175252,0.4603174603174603,0.007407701482739423,0.008252770557239955,0.7656015120992022,-0.00032592129245487316,-0.08213216569862804,0.0774378841796442,-1.0606199610011788,-1.3553701665875377,-1.0016288733267131,0.3174875029104778,0.8412562485447611,-0.1244314582284618,-0.08161610567664146,-0.08188457951819972,1.0,1.0
Transformer,TRANSFORMER B - MARKET SEQUENCE + SEC,Value,fixed_ex_ante_mature_semiconductor_proxy,2024,5.0,0.0,27,27,1.0,27,0.003136530374998881,0.0013788202549224202,0.5555555555555556,0.01020808113834843,0.005702908079188056,2.2374727499995477,0.0003360568258927373,0.0846863201249698,0.05911895612886111,1.432473197604838,3.5842797351472466,1.3504622058873341,0.17808410326100974,0.08904205163050487,-0.020186316321002762,0.08648952985049907,0.08679907377753882,1.0,1.0
Transformer,TRANSFORMER C - MARKET SEQUENCE + SEC + FINBERT,Dividend,fixed_ex_ante_dividend_payers,2024,5.0,0.0,61,61,1.0,55,-0.0013071317110531409,-0.0010779771328032197,0.45901639344262296,0.007317897537436534,0.00862533834613529,0.7198703325141527,-0.00020875371585982937,-0.052605936396677,0.07263268419814153,-0.7242736101170146,-1.0370299339184865,-0.6804497569305207,0.49684689652838115,0.7515765517358094,-0.11139085288165573,-0.05373427521546814,-0.053913736260989276,1.0,1.0
Transformer,TRANSFORMER C - MARKET SEQUENCE + SEC + FINBERT,Growth,fixed_ex_ante_growth_companies,2024,5.0,0.0,69,69,1.0,56,-0.0019039654045654956,-0.0013816912904520686,0.4492753623188406,0.006966114093402686,0.009140082889750064,0.6217539401370283,-0.000596804440206699,-0.15039471893208817,0.07512652537219716,-2.001885727936864,-2.2367294124047103,-2.185299959571728,0.02979164840770238,0.9851041757961488,-0.18537606614662727,-0.14210898599857347,-0.1425604331078122,1.0,1.0
Transformer,TRANSFORMER C - MARKET SEQUENCE + SEC + FINBERT,Momentum,positive_relative_momentum_60d,2024,5.0,0.0,63,63,1.0,56,-0.00230587921420596,-0.0013816912904520686,0.4444444444444444,0.006288341990189754,0.009181256177722532,0.5479286815194491,-0.0005657445888303744,-0.14256763638525435,0.07728491820093301,-1.8447019121453017,-2.236466111001967,-1.749129525739088,0.08149092881786033,0.9592545355910699,-0.17579456326707799,-0.13549086953517708,-0.13592299650728656,1.0,1.0
Transformer,TRANSFORMER C - MARKET SEQUENCE + SEC + FINBERT,Value,fixed_ex_ante_mature_semiconductor_proxy,2024,5.0,0.0,27,27,1.0,27,0.003293723751187404,0.0017303494156951657,0.5925925925925926,0.00964020797836072,0.005937526033791965,2.3616099729068925,0.0003528989733415076,0.0889305412820599,0.05902197033692723,1.5067362335482781,3.7112356023871578,1.4671005341987067,0.14360054558830718,0.07180027279415359,-0.022907054503152446,0.0911149393127535,0.09144172340695467,1.0,1.0
Tree,TREE A - MARKET,Dividend,fixed_ex_ante_dividend_payers,2024,5.0,0.0,61,61,1.0,55,0.0024048994234496936,0.0013788202549224202,0.5573770491803278,0.009177650103463417,0.006123749581012032,1.8872490976546514,0.0004748431352893733,0.11966047009292208,0.07369418864739748,1.6237436396166622,3.3484726618716603,1.6815246640026098,0.09390480655961614,0.04695240327980807,-0.04036892510013901,0.12406385981072932,0.1245153924509177,1.0,1.0
Tree,TREE A - MARKET,Growth,fixed_ex_ante_growth_companies,2024,5.0,0.0,69,69,1.0,56,0.0015128213153758115,0.0022087316333067606,0.5507246376811594,0.008614874809414653,0.007192921677316962,1.4681334782943194,0.0002766504612574108,0.06971591623686753,0.07391771436319237,0.9431557352317547,1.3867223761004226,1.0161693544930106,0.31052724634624246,0.15526362317312123,-0.05419173118455611,0.06927460290170506,0.06952058078930001,1.0,1.0
Tree,TREE A - MARKET,Momentum,positive_relative_momentum_60d,2024,5.0,0.0,63,63,1.0,56,0.0009782374886622852,0.00025062407823417485,0.5079365079365079,0.008610101620801964,0.0068998158090302865,1.2881281298471845,0.00019383289662421092,0.048845889949301155,0.07675141173438804,0.6364168273326499,0.9942856245575227,0.6631379143089916,0.5078507724884931,0.25392538624424654,-0.038904569342312456,0.046985493543892254,0.04715059041608893,1.0,1.0
Tree,TREE A - MARKET,Value,fixed_ex_ante_mature_semiconductor_proxy,2024,5.0,0.0,27,27,1.0,27,0.002763957491810596,0.0013602086089703489,0.5185185185185185,0.010649391653727473,0.005728048528715271,2.0021785027829333,0.0002961383026939925,0.0746268522788861,0.05934336481855439,1.2575433244653693,3.0005864933999185,1.2133311765510137,0.22614379377806598,0.11307189688903299,-0.02691719924337288,0.07560357411480467,0.07587281146531266,1.0,1.0
Tree,TREE B - MARKET + SEC,Dividend,fixed_ex_ante_dividend_payers,2024,5.0,0.0,61,61,1.0,55,0.0024048994234496936,0.0013788202549224202,0.5573770491803278,0.009177650103463417,0.006123749581012032,1.8872490976546514,0.0004748431352893733,0.11966047009292208,0.07369418864739748,1.6237436396166622,3.3484726618716603,1.6815246640026098,0.09390480655961614,0.04695240327980807,-0.04036892510013901,0.12406385981072932,0.1245153924509177,1.0,1.0
Tree,TREE B - MARKET + SEC,Growth,fixed_ex_ante_growth_companies,2024,5.0,0.0,69,69,1.0,56,0.0015128213153758115,0.0022087316333067606,0.5507246376811594,0.008614874809414653,0.007192921677316962,1.4681334782943194,0.0002766504612574108,0.06971591623686753,0.07391771436319237,0.9431557352317547,1.3867223761004226,1.0161693544930106,0.31052724634624246,0.15526362317312123,-0.05419173118455611,0.06927460290170506,0.06952058078930001,1.0,1.0
Tree,TREE B - MARKET + SEC,Momentum,positive_relative_momentum_60d,2024,5.0,0.0,63,63,1.0,56,0.0009782374886622852,0.00025062407823417485,0.5079365079365079,0.008610101620801964,0.0068998158090302865,1.2881281298471845,0.00019383289662421092,0.048845889949301155,0.07675141173438804,0.6364168273326499,0.9942856245575227,0.6631379143089916,0.5078507724884931,0.25392538624424654,-0.038904569342312456,0.046985493543892254,0.04715059041608893,1.0,1.0
Tree,TREE B - MARKET + SEC,Value,fixed_ex_ante_mature_semiconductor_proxy,2024,5.0,0.0,27,27,1.0,27,0.002763957491810596,0.0013602086089703489,0.5185185185185185,0.010649391653727473,0.005728048528715271,2.0021785027829333,0.0002961383026939925,0.0746268522788861,0.05934336481855439,1.2575433244653693,3.0005864933999185,1.2133311765510137,0.22614379377806598,0.11307189688903299,-0.02691719924337288,0.07560357411480467,0.07587281146531266,1.0,1.0
Tree,TREE C - MARKET + SEC + FINBERT,Dividend,fixed_ex_ante_dividend_payers,2024,5.0,0.0,61,61,1.0,55,0.0024048994234496936,0.0013788202549224202,0.5573770491803278,0.009177650103463417,0.006123749581012032,1.8872490976546514,0.0004748431352893733,0.11966047009292208,0.07369418864739748,1.6237436396166622,3.3484726618716603,1.6815246640026098,0.09390480655961614,0.04695240327980807,-0.04036892510013901,0.12406385981072932,0.1245153924509177,1.0,1.0
Tree,TREE C - MARKET + SEC + FINBERT,Growth,fixed_ex_ante_growth_companies,2024,5.0,0.0,69,69,1.0,56,0.0015128213153758115,0.0022087316333067606,0.5507246376811594,0.008614874809414653,0.007192921677316962,1.4681334782943194,0.0002766504612574108,0.06971591623686753,0.07391771436319237,0.9431557352317547,1.3867223761004226,1.0161693544930106,0.31052724634624246,0.15526362317312123,-0.05419173118455611,0.06927460290170506,0.06952058078930001,1.0,1.0
Tree,TREE C - MARKET + SEC + FINBERT,Momentum,positive_relative_momentum_60d,2024,5.0,0.0,63,63,1.0,56,0.0009782374886622852,0.00025062407823417485,0.5079365079365079,0.008610101620801964,0.0068998158090302865,1.2881281298471845,0.00019383289662421092,0.048845889949301155,0.07675141173438804,0.6364168273326499,0.9942856245575227,0.6631379143089916,0.5078507724884931,0.25392538624424654,-0.038904569342312456,0.046985493543892254,0.04715059041608893,1.0,1.0
Tree,TREE C - MARKET + SEC + FINBERT,Value,fixed_ex_ante_mature_semiconductor_proxy,2024,5.0,0.0,27,27,1.0,27,0.002763957491810596,0.0013602086089703489,0.5185185185185185,0.010649391653727473,0.005728048528715271,2.0021785027829333,0.0002961383026939925,0.0746268522788861,0.05934336481855439,1.2575433244653693,3.0005864933999185,1.2133311765510137,0.22614379377806598,0.11307189688903299,-0.02691719924337288,0.07560357411480467,0.07587281146531266,1.0,1.0
XGBoost,XGB A - MARKET,Dividend,fixed_ex_ante_dividend_payers,2024,5.0,0.0,61,61,1.0,55,0.0008306376964584603,0.0012437629884258792,0.5737704918032787,0.00752582630321872,0.008182116197257274,1.2381784588881353,0.00016384963801072429,0.04129010877870252,0.07222874299948125,0.5716575848343238,0.8987912015987715,0.5309149160800837,0.5959471933709182,0.2979735966854591,-0.07703690277700226,0.03945645438555756,0.039594598248072765,1.0,1.0
XGBoost,XGB A - MARKET,Growth,fixed_ex_ante_growth_companies,2024,5.0,0.0,69,69,1.0,56,-0.0003252471482914485,0.0001333942733422475,0.5072463768115942,0.0076162911277366935,0.008500360079496888,0.9223491260362265,-0.00021334097719360174,-0.05376192625278764,0.07387459030375042,-0.7277458464640486,-0.9070056048066605,-0.7391778428187427,0.4604897051349648,0.7697551474325176,-0.10468894745618318,-0.054935117209064854,-0.055118470874987224,1.0,1.0
XGBoost,XGB A - MARKET,Momentum,positive_relative_momentum_60d,2024,5.0,0.0,63,63,1.0,56,5.740999723737064e-06,0.0003502356155889461,0.5238095238095238,0.007388143751787119,0.008114902027545983,1.0014856740572988,-7.125473033362218e-05,-0.01795619204407279,0.07698666516112727,-0.23323769131305847,-0.3136174316874023,-0.21954379195899837,0.826404905740143,0.5867975471299285,-0.09427954669672056,-0.020696542407601104,-0.020766872560417204,1.0,1.0
XGBoost,XGB A - MARKET,Value,fixed_ex_ante_mature_semiconductor_proxy,2024,5.0,0.0,27,27,1.0,27,0.002899910186407134,0.0013788202549224202,0.5555555555555556,0.00996001277665883,0.005925218051407485,2.101191190401194,0.00031070466282933577,0.07829757503299262,0.05926236433606863,1.3212023500948757,3.0192249802590334,1.2391162589313762,0.21645986952609417,0.10822993476304708,-0.03266173238681802,0.07956171074998619,0.07984555984855435,1.0,1.0
XGBoost,XGB B - MARKET + SEC,Dividend,fixed_ex_ante_dividend_payers,2024,5.0,0.0,61,61,1.0,55,0.0004687092328265274,0.0010542428564072068,0.5409836065573771,0.007723992586401112,0.008082160433886376,1.1263420283841723,0.00011795491174036958,0.029724637758573133,0.07222649164488373,0.41154757875711834,0.6437008619846772,0.3845468490530116,0.7008987874210756,0.3504493937105378,-0.0844845645960447,0.02750567546465832,0.027601423521637747,1.0,1.0
XGBoost,XGB B - MARKET + SEC,Growth,fixed_ex_ante_growth_companies,2024,5.0,0.0,69,69,1.0,56,2.730512187093224e-05,0.0012449799167520434,0.5217391304347826,0.007714812299760733,0.008359066344917941,1.0068300124909313,-6.707882250200671e-05,-0.016903863270505692,0.07397666920521587,-0.22850262727581488,-0.30627144844047977,-0.2502079951993832,0.8026311739311243,0.5986844130344379,-0.11035519048965448,-0.01944182219688928,-0.019507931208442297,1.0,1.0
XGBoost,XGB B - MARKET + SEC,Momentum,positive_relative_momentum_60d,2024,5.0,0.0,63,63,1.0,56,-1.0996835408984136e-06,0.0010542428564072068,0.5238095238095238,0.007397573186833163,0.008139639840952366,0.999716285304877,-4.179084692820849e-05,-0.01053129342590854,0.07710819842804657,-0.13657812840402186,-0.18324808685172836,-0.12905364986084017,0.8974185480447494,0.5512907259776253,-0.08615702922761903,-0.013407304396089503,-0.013453034868154412,1.0,1.0
XGBoost,XGB B - MARKET + SEC,Value,fixed_ex_ante_mature_semiconductor_proxy,2024,5.0,0.0,27,27,1.0,27,0.002260153850031043,0.0010542428564072068,0.5185185185185185,0.010163580999154332,0.006251229233640192,1.750918821415948,0.0002421593410747546,0.06102415395083816,0.05963472315395868,1.0232990231763532,2.2170521690478227,0.9847099314479136,0.32571481315693196,0.16285740657846598,-0.04824129902712748,0.06105539324899856,0.06127135773028747,1.0,1.0
XGBoost,XGB C - MARKET + SEC + FINBERT,Dividend,fixed_ex_ante_dividend_payers,2024,5.0,0.0,61,61,1.0,55,0.00011275311760427633,0.0006190994105819145,0.5245901639344263,0.00761503017009121,0.008165621561001996,1.0290449843959808,-9.924010045248872e-06,-0.002500850531402716,0.07288133898020493,-0.034314003644773376,-0.05169225219805318,-0.03239494339318412,0.9741828400058617,0.5129085799970692,-0.09375290739717179,-0.005124744616644361,-0.005142298001017065,1.0,1.0
XGBoost,XGB C - MARKET + SEC + FINBERT,Growth,fixed_ex_ante_growth_companies,2024,5.0,0.0,69,69,1.0,56,-0.0019376832212667336,-0.0020104489165349007,0.42028985507246375,0.007523863390661334,0.008797304514914582,0.6200536708694834,-0.0005418689153397741,-0.13655096666562305,0.07481603005386273,-1.8251565415501885,-2.076324256713889,-1.9537547089642158,0.05184097077557974,0.9740795146122101,-0.17287863112885948,-0.13012152148829192,-0.13053784555346704,1.0,1.0
XGBoost,XGB C - MARKET + SEC + FINBERT,Momentum,positive_relative_momentum_60d,2024,5.0,0.0,63,63,1.0,56,-0.0013416418974369865,-0.0020104489165349007,0.4126984126984127,0.008030369246529615,0.007927379458062166,0.7118319746253751,-0.0003769264004022305,-0.09498545290136208,0.07797276592497032,-1.2181875527252979,-1.5646561159987455,-1.1386171016171782,0.25594846348057493,0.8720257682597126,-0.13728672002935993,-0.0933857340777523,-0.093690912219347,1.0,1.0
XGBoost,XGB C - MARKET + SEC + FINBERT,Value,fixed_ex_ante_mature_semiconductor_proxy,2024,5.0,0.0,27,27,1.0,27,0.002899910186407134,0.0013788202549224202,0.5555555555555556,0.00996001277665883,0.005925218051407485,2.101191190401194,0.00031070466282933577,0.07829757503299262,0.05926236433606863,1.3212023500948757,3.0192249802590334,1.2391162589313762,0.21645986952609417,0.10822993476304708,-0.03266173238681802,0.07956171074998619,0.07984555984855435,1.0,1.0
CatBoost,CAT A - MARKET,Dividend,fixed_ex_ante_dividend_payers,2025,5.0,0.0,72,72,1.0,68,0.001996835178400404,-0.00018045753215722906,0.4583333333333333,0.010448948175377087,0.005154952742118328,1.7151306964696493,0.0004806381174331721,0.12112080559315937,0.09078561181483176,1.3341409852499524,2.480910129342537,1.28158741188825,0.20117953495433072,0.10058976747716536,-0.06717788671328051,0.12309484408604487,0.12390326286607811,1.0,1.0
CatBoost,CAT A - MARKET,Growth,fixed_ex_ante_growth_companies,2025,5.0,0.0,87,87,1.0,70,-0.0007580071337876926,-0.0006052375576555682,0.4942528735632184,0.008820848565563073,0.010119161567244123,0.8518862632287472,-0.0001739484133550746,-0.0438350001654788,0.11629251590630389,-0.3769374135889912,-0.5311787687255057,-0.4492410477855574,0.653648544214521,0.6731757278927395,-0.12849968953593105,-0.04893457188016925,-0.049230293996187724,1.0,1.0
CatBoost,CAT A - MARKET,Momentum,positive_relative_momentum_60d,2025,5.0,0.0,73,73,1.0,65,0.00040756473194178536,-0.0001518413719143732,0.4657534246575342,0.009792727746313326,0.007774372254946225,1.09812722495861,0.00011750591821172411,0.029611491389354476,0.10642720224534212,0.27823235756110887,0.40933640039432784,0.3713442694582979,0.7106968996994133,0.35534844984970665,-0.08157565418781076,0.024074973845798375,0.024225992074706548,1.0,1.0
CatBoost,CAT A - MARKET,Value,fixed_ex_ante_mature_semiconductor_proxy,2025,5.0,0.0,34,34,1.0,34,0.002063676886308464,-9.260004802730173e-05,0.47058823529411764,0.009967504915360647,0.004961948028404588,1.785589917203993,0.00028066005653795115,0.0707263342475637,0.06067077696205409,1.1657397150492856,2.248101448929447,1.0968257000669823,0.27377719940870543,0.13688859970435271,-0.03351287674315995,0.07073909827117975,0.07119281491300256,1.0,1.0
CatBoost,CAT B - MARKET + SEC,Dividend,fixed_ex_ante_dividend_payers,2025,5.0,0.0,72,72,1.0,68,0.002557579972624867,-0.00018045753215722906,0.4722222222222222,0.010749090352351397,0.004771666156604133,2.015565809032129,0.0006228004286806327,0.15694570802751945,0.09046950598926004,1.7347912571353161,3.947855534236665,1.567940117658855,0.11816501441093429,0.05908250720546714,-0.05980367392262176,0.16375752525549947,0.16485197656721873,1.0,1.0
CatBoost,CAT B - MARKET + SEC,Growth,fixed_ex_ante_growth_companies,2025,5.0,0.0,87,87,1.0,70,0.0006076966458652959,0.0012312879439595479,0.5747126436781609,0.008634092054682343,0.010238783636319903,1.1395584065668014,0.0003009382098234927,0.07583642887552017,0.11531195528473029,0.6576631944906627,1.0380888580229028,0.602168548215845,0.5476098869752706,0.2738049434876353,-0.07677564614902832,0.07109740093368444,0.07155349160259306,1.0,1.0
CatBoost,CAT B - MARKET + SEC,Momentum,positive_relative_momentum_60d,2025,5.0,0.0,73,73,1.0,65,0.002041031796555008,2.763098661179384e-05,0.5068493150684932,0.010566354894754373,0.006721105832149894,1.615785411530743,0.0005804808846495953,0.146281182931698,0.10500869670840197,1.3930387436185918,2.637386838063929,1.3073772262310743,0.19229053999601323,0.09614526999800661,-0.0610371797928152,0.14991471251292765,0.1509107781442478,1.0,1.0
CatBoost,CAT B - MARKET + SEC,Value,fixed_ex_ante_mature_semiconductor_proxy,2025,5.0,0.0,34,34,1.0,34,0.0005701431598960887,-0.001573448475075733,0.38235294117647056,0.010651603474587388,0.005670760844436621,1.1627804365002725,7.753946974586801e-05,0.01953994637595874,0.06166146010882815,0.31689075058346183,0.5516132308531273,0.28975430319176704,0.7722453433717027,0.38612267168585135,-0.06903884293677365,0.017672023510135526,0.017782529066830755,1.0,1.0
CatBoost,CAT C - MARKET + SEC + FINBERT,Dividend,fixed_ex_ante_dividend_payers,2025,5.0,0.0,72,72,1.0,68,0.002732951674372943,-0.00011791034816416215,0.4722222222222222,0.01087266800398595,0.0045499524100176434,2.1380831618648957,0.0006926396682732634,0.17454519640486238,0.08984328597566368,1.9427739592265398,4.391633121957239,1.7246657384977764,0.08582865773255778,0.04291432886627889,-0.04665886142618281,0.18430594361939745,0.18554833154063965,1.0,1.0
CatBoost,CAT C - MARKET + SEC + FINBERT,Growth,fixed_ex_ante_growth_companies,2025,5.0,0.0,87,87,1.0,70,-0.0009531852542101236,0.001197815864993402,0.5402298850574713,0.007804388086826306,0.01124333392992793,0.8156082581174116,-0.00033196721391987705,-0.08365573790780902,0.1165378139320738,-0.7178420041118097,-0.8740484724187176,-0.683627219514352,0.4948462508312841,0.752576874584358,-0.16020658089591844,-0.08588325548981623,-0.08639190480319126,1.0,1.0
CatBoost,CAT C - MARKET + SEC + FINBERT,Momentum,positive_relative_momentum_60d,2025,5.0,0.0,73,73,1.0,65,0.0007956229422454344,-3.3358724140230243e-05,0.4931506849315068,0.009566728343234524,0.00773842555601422,1.2028503796237326,0.0001692308364775414,0.04264617079234043,0.10628651274243248,0.4012378399852696,0.5342009540922666,0.3492743635787885,0.7271785357059598,0.3635892678529799,-0.11676702677460249,0.03735666343259991,0.03759251189414914,1.0,1.0
CatBoost,CAT C - MARKET + SEC + FINBERT,Value,fixed_ex_ante_mature_semiconductor_proxy,2025,5.0,0.0,34,34,1.0,34,0.0011617852209596514,-0.00024721299905333585,0.4117647058823529,0.010388090902896222,0.005296628756395949,1.372885275987382,0.00015800279005051256,0.039816703092729167,0.061291305010164714,0.6496305321958125,1.1614481348748014,0.6003381347402782,0.548826899779389,0.2744134498896945,-0.05899302756969538,0.03837178187221113,0.0386141577105894,1.0,1.0
LSTM,LSTM A - MARKET SEQUENCE,Dividend,fixed_ex_ante_dividend_payers,2025,5.0,0.0,72,72,1.0,68,0.0008668289627533287,-0.00039640319800635006,0.4444444444444444,0.00955435419473473,0.006083191222831792,1.2564923698436128,0.0002965637921157073,0.07473407561315824,0.08976158996809178,0.8325841335890387,1.4320172534091233,0.8356598445114076,0.40414743635252864,0.20207371817626432,-0.08294958500907224,0.07269443535611719,0.07316111668211,1.0,1.0
LSTM,LSTM A - MARKET SEQUENCE,Growth,fixed_ex_ante_growth_companies,2025,5.0,0.0,87,87,1.0,70,0.0026758607343639156,0.001197815864993402,0.5402298850574713,0.011140447714596274,0.007270028967409106,1.8005466172599927,0.0007179404732910739,0.18092099926935062,0.11477694412520008,1.576283465710673,2.8792248889050422,1.4456588660675733,0.14953032680353295,0.07476516340176648,-0.06046396432375101,0.18882558287472873,0.1901008095481982,1.0,1.0
LSTM,LSTM A - MARKET SEQUENCE,Momentum,positive_relative_momentum_60d,2025,5.0,0.0,73,73,1.0,65,0.003081172488390873,0.001070287971828344,0.5753424657534246,0.010058604675900385,0.0063721227333962075,2.138657328244651,0.0008488004320506139,0.2138977088767547,0.10434398352305961,2.049928531140314,4.178257548254795,1.9626592884372778,0.0507991972744201,0.02539959863721005,-0.06015449762296299,0.22973005996107387,0.23130732041279356,1.0,1.0
LSTM,LSTM A - MARKET SEQUENCE,Value,fixed_ex_ante_mature_semiconductor_proxy,2025,5.0,0.0,34,34,1.0,34,0.001135415318472351,-0.00018045753215722906,0.47058823529411764,0.009014626500784884,0.005868327954694346,1.3654658355658258,0.00015441648331223967,0.038912953794684395,0.06130841956946168,0.6347081537568671,1.0534256730201386,0.7062976411533207,0.4806634030916971,0.24033170154584854,-0.05457835815451273,0.03743618425626005,0.03767254382602747,1.0,1.0
LSTM,LSTM B - MARKET SEQUENCE + SEC,Dividend,fixed_ex_ante_dividend_payers,2025,5.0,0.0,72,72,1.0,68,0.0018279611889795086,0.0005170936771995436,0.5277777777777778,0.008764944475467802,0.005925137778272114,1.6533141979720969,0.0005384894344181316,0.13569933747336918,0.08886944621933415,1.5269515367346451,2.863698721401344,1.320176605494849,0.1879883473316399,0.09399417366581996,-0.04676986989629206,0.1396446312534807,0.14056837531491828,1.0,1.0
LSTM,LSTM B - MARKET SEQUENCE + SEC,Growth,fixed_ex_ante_growth_companies,2025,5.0,0.0,87,87,1.0,70,0.0014718444041608657,0.001070287971828344,0.5402298850574713,0.01002609217494026,0.008579396726504923,1.37313364576789,0.0003061105336610612,0.07713985448258742,0.11592712573521645,0.6654167779401245,1.070955478791659,0.606020256186194,0.5450533407381173,0.27252667036905864,-0.10637401970999316,0.07241163882608981,0.07287644371893331,1.0,1.0
LSTM,LSTM B - MARKET SEQUENCE + SEC,Momentum,positive_relative_momentum_60d,2025,5.0,0.0,73,73,1.0,65,0.0011205308120752428,5.354104527377588e-05,0.5205479452054794,0.009313982471748312,0.007775216704141233,1.3005841780697347,0.0004403009979444684,0.11095585148200604,0.10590193368233353,1.0477226205786987,1.8667275195403248,0.933803632125752,0.3513098316013974,0.1756549158006987,-0.09238943435480507,0.11022458549414105,0.11094437035008364,1.0,1.0
LSTM,LSTM B - MARKET SEQUENCE + SEC,Value,fixed_ex_ante_mature_semiconductor_proxy,2025,5.0,0.0,34,34,1.0,34,0.0004939067520557186,7.998137078013643e-05,0.5,0.00772716100633033,0.006739347502218894,1.1465740568780887,6.717131827957771e-05,0.016927172206453584,0.06170706452505096,0.27431498057376774,0.39850428511410696,0.3036803673047175,0.7616250155860811,0.38081250779304054,-0.03166647978188153,0.015024040284194351,0.015117864910657808,1.0,1.0
LSTM,LSTM C - MARKET SEQUENCE + SEC + FINBERT,Dividend,fixed_ex_ante_dividend_payers,2025,5.0,0.0,72,72,1.0,68,0.001131892423466399,-0.00011791034816416215,0.4722222222222222,0.00917674748556778,0.006066135789992732,1.3535427412587093,0.00023617505228489864,0.05951611317579446,0.09122726155796484,0.6523939462764489,1.0467560378018665,0.6436486036848925,0.5203956955354807,0.26019784776774035,-0.060117936792262516,0.05648006619070589,0.05683991583047798,1.0,1.0
LSTM,LSTM C - MARKET SEQUENCE + SEC + FINBERT,Growth,fixed_ex_ante_growth_companies,2025,5.0,0.0,87,87,1.0,70,0.0021630144813793773,0.001197815864993402,0.5517241379310345,0.010422754803774947,0.008002819761569017,1.6029357519634257,0.0006565260320768256,0.16544456008336006,0.1152354787559715,1.4357085323844914,2.604416524330397,1.3266064379727724,0.1858542737979199,0.09292713689895996,-0.0710544440771188,0.17066344078258178,0.17180735991690432,1.0,1.0
LSTM,LSTM C - MARKET SEQUENCE + SEC + FINBERT,Momentum,positive_relative_momentum_60d,2025,5.0,0.0,73,73,1.0,65,0.0013298614098854915,2.763098661179384e-05,0.5068493150684932,0.009799240560716486,0.00737477827291303,1.365660270003595,0.00041381328408953176,0.104280947590562,0.10587520261419327,0.9849421301280462,1.7574702035511294,1.0345750800939766,0.3018711269940231,0.15093556349701154,-0.08331952912079632,0.10290513165876924,0.10357492411723013,1.0,1.0
LSTM,LSTM C - MARKET SEQUENCE + SEC + FINBERT,Value,fixed_ex_ante_mature_semiconductor_proxy,2025,5.0,0.0,34,34,1.0,34,0.0007741887001774826,7.998137078013643e-05,0.5,0.008007442954452094,0.00645906555409713,1.2397215800624277,0.00010528966322413761,0.026532995132482678,0.06153705979701516,0.431170992244411,0.634609644684988,0.47831575384894187,0.6328451725495269,0.31642258627476344,-0.029167192982344825,0.02475305838787678,0.024908381635704968,1.0,1.0
Logistic,MODEL A - MARKET,Dividend,fixed_ex_ante_dividend_payers,2025,5.0,0.0,72,72,1.0,68,0.001230609933862303,-5.866902427709066e-05,0.4861111111111111,0.009021222487460333,0.006138888427649347,1.3900869742239501,0.00032061304088863707,0.08079448630393654,0.09100527350020303,0.8878000493428141,1.5164415842459116,0.9615353615381531,0.3372158508265058,0.1686079254132529,-0.08510479001834959,0.07904134297305854,0.0795502599337361,1.0,1.0
Logistic,MODEL A - MARKET,Growth,fixed_ex_ante_growth_companies,2025,5.0,0.0,87,87,1.0,70,0.00020431749627807547,-0.0004178800026207732,0.4942528735632184,0.009770214275561441,0.009144172538021578,1.044180204541798,1.0056385857633242e-05,0.0025342092361235772,0.11668036305049345,0.021719243665936295,0.03087433577123443,0.02469370220350131,0.9803190563560721,0.49015952817803604,-0.11221594244230393,-0.004204196829303397,-0.004230200705364284,1.0,1.0
Logistic,MODEL A - MARKET,Momentum,positive_relative_momentum_60d,2025,5.0,0.0,73,73,1.0,65,0.0013383656791391685,0.00023383111751379502,0.5205479452054794,0.009564173263799922,0.007592511127063935,1.3676581265110024,0.00033214499045826395,0.08370053759548252,0.10638444238954883,0.7867742285943986,1.2086738752953463,1.0953774343978049,0.27440967728376503,0.13720483864188251,-0.06344962330714043,0.0805264021648111,0.08104523516326534,1.0,1.0
Logistic,MODEL A - MARKET,Value,fixed_ex_ante_mature_semiconductor_proxy,2025,5.0,0.0,34,34,1.0,34,0.0011960569221240237,0.00028709939061294463,0.5,0.008453675799752536,0.006061561955504489,1.3946365411766144,0.0001626637414088672,0.040991262835034535,0.06126897552214013,0.6690378366163794,1.1003563686621878,0.7338854693032913,0.46370899817161576,0.23185449908580788,-0.049236736156240024,0.03957932264254449,0.03982947122635472,1.0,1.0
Logistic,MODEL B - MARKET + SEC,Dividend,fixed_ex_ante_dividend_payers,2025,5.0,0.0,72,72,1.0,68,0.002278987046043245,0.000755928525503686,0.5277777777777778,0.009227164295575014,0.005486622821080496,1.8796103491218275,0.0005781146397853628,0.14568488922591144,0.08965920859310497,1.6248736913021893,2.993375035719729,1.829902564626716,0.06846003770840083,0.03423001885420041,-0.041961165157708424,0.15089845661733148,0.15190147987105096,1.0,1.0
Logistic,MODEL B - MARKET + SEC,Growth,fixed_ex_ante_growth_companies,2025,5.0,0.0,87,87,1.0,70,0.0005435419362118016,-0.0004178800026207732,0.4942528735632184,0.010113383185726955,0.008808802921268916,1.1220064356310735,0.00029117530640167846,0.07337617721322297,0.11557498931427632,0.6348793770051359,1.0234124184083693,0.6019760319713734,0.5477378247593679,0.27386891237968397,-0.0797590310485824,0.06845784720491932,0.06889646638163271,1.0,1.0
Logistic,MODEL B - MARKET + SEC,Momentum,positive_relative_momentum_60d,2025,5.0,0.0,73,73,1.0,65,0.0019295564364455126,0.0009042995456412526,0.547945205479452,0.009579123169957588,0.007342645664781245,1.5813180858664382,0.0005811683785542057,0.14645443139565983,0.1053418805096858,1.3902773587015462,2.481064604091392,1.4913580745247506,0.13713327634556224,0.06856663817278112,-0.05177440303030034,0.15006074635319377,0.15105784449060966,1.0,1.0
Logistic,MODEL B - MARKET + SEC,Value,fixed_ex_ante_mature_semiconductor_proxy,2025,5.0,0.0,34,34,1.0,34,0.0022401535238860174,0.0013633006572754966,0.5588235294117647,0.008392743727670895,0.0055531274009081606,1.9143822848324892,0.0003046608792484984,0.0767745415706216,0.060541257194951764,1.2681358981924717,2.233178230273067,1.436547471795083,0.15210184999201312,0.07605092499600656,-0.026863597569030673,0.07718597125915672,0.07768251745284838,1.0,1.0
Logistic,MODEL C - MARKET + SEC + FINBERT,Dividend,fixed_ex_ante_dividend_payers,2025,5.0,0.0,72,72,1.0,68,0.002278987046043245,0.000755928525503686,0.5277777777777778,0.009227164295575014,0.005486622821080496,1.8796103491218275,0.0005781146397853628,0.14568488922591144,0.08965920859310497,1.6248736913021893,2.993375035719729,1.829902564626716,0.06846003770840083,0.03423001885420041,-0.041961165157708424,0.15089845661733148,0.15190147987105096,1.0,1.0
Logistic,MODEL C - MARKET + SEC + FINBERT,Growth,fixed_ex_ante_growth_companies,2025,5.0,0.0,87,87,1.0,70,0.0008981204658096729,2.763098661179384e-05,0.5057471264367817,0.010211355523267419,0.008631701453449417,1.2105178757490358,0.00034704850032683755,0.08745622208236306,0.11569649619009631,0.7559107229891148,1.221161683310974,0.7294946440757539,0.46638480179990943,0.23319240089995472,-0.07163308913324684,0.08346734053124338,0.08400584833140323,1.0,1.0
Logistic,MODEL C - MARKET + SEC + FINBERT,Momentum,positive_relative_momentum_60d,2025,5.0,0.0,73,73,1.0,65,0.0024816787045522553,0.001070287971828344,0.5753424657534246,0.009555175942480943,0.007101769166189838,1.8228869372836987,0.0006617782296977902,0.16676811388384313,0.1052487809491376,1.5845134963077177,2.845593325971181,1.7180130662933129,0.08703736672817634,0.04351868336408817,-0.03247404111225771,0.17346929881506123,0.17463338935808448,1.0,1.0
Logistic,MODEL C - MARKET + SEC + FINBERT,Value,fixed_ex_ante_mature_semiconductor_proxy,2025,5.0,0.0,34,34,1.0,34,0.0022401535238860174,0.0013633006572754966,0.5588235294117647,0.008392743727670895,0.0055531274009081606,1.9143822848324892,0.0003046608792484984,0.0767745415706216,0.060541257194951764,1.2681358981924717,2.233178230273067,1.436547471795083,0.15210184999201312,0.07605092499600656,-0.026863597569030673,0.07718597125915672,0.07768251745284838,1.0,1.0
TabNet,TABNET A - MARKET,Dividend,fixed_ex_ante_dividend_payers,2025,5.0,0.0,72,72,1.0,68,0.0009493698797411153,0.0006469414833742424,0.5277777777777778,0.007976454918858211,0.006904431046330935,1.291179725031475,0.00022562543035288706,0.05685760844892754,0.09211481604263286,0.6172471584007999,0.885105573909338,0.7636935759479705,0.4457728772180676,0.2228864386090338,-0.07871150500421764,0.05359083025572864,0.05393180587081736,1.0,1.0
TabNet,TABNET A - MARKET,Growth,fixed_ex_ante_growth_companies,2025,5.0,0.0,87,87,1.0,70,-0.0007412684698096674,0.00023383111751379502,0.5287356321839081,0.008170219088861884,0.01073952280392897,0.8535376699490673,-0.0001969262952588393,-0.0496254264052275,0.11699276255751778,-0.4241751824676325,-0.5442638602502904,-0.48386150572317216,0.6289094206850517,0.6855452896574741,-0.13248215557575294,-0.05451305588784894,-0.054841507868970796,1.0,1.0
TabNet,TABNET A - MARKET,Momentum,positive_relative_momentum_60d,2025,5.0,0.0,73,73,1.0,65,0.0005970136059393589,0.00023383111751379502,0.5342465753424658,0.008612341862652778,0.008597039394408385,1.1491005532943033,0.00015003371985331033,0.03780849740303421,0.10642035718645239,0.35527504701748297,0.46815086688229796,0.42964407490303724,0.6678261228045459,0.33391306140227295,-0.09337700573068874,0.03237880396282655,0.032582733789932705,1.0,1.0
TabNet,TABNET A - MARKET,Value,fixed_ex_ante_mature_semiconductor_proxy,2025,5.0,0.0,34,34,1.0,34,-0.00032246289868551015,0.0006469414833742424,0.5294117647058824,0.006548016273216156,0.008051751967074885,0.9148963278415979,-4.3854954221229414e-05,-0.011051448463749813,0.06216589709108983,-0.17777348966035922,-0.2254773908120372,-0.19438779379354165,0.8460307460937077,0.5769846269531462,-0.06749639217781145,-0.012802791061528374,-0.012881633883959687,1.0,1.0
TabNet,TABNET B - MARKET + SEC,Dividend,fixed_ex_ante_dividend_payers,2025,5.0,0.0,72,72,1.0,68,0.0005079275312774418,-0.000146526508407018,0.4861111111111111,0.008352139725501235,0.0069122731929883085,1.142991964109041,5.580462822495727e-05,0.014062766312689231,0.09227493943771087,0.15240071029450136,0.21919865886579165,0.21190520108479075,0.8323543419546332,0.4161771709773166,-0.06134810301216764,0.009791934515607004,0.009852926356195058,1.0,1.0
TabNet,TABNET B - MARKET + SEC,Growth,fixed_ex_ante_growth_companies,2025,5.0,0.0,87,87,1.0,70,-0.0010004100306015902,-0.0006376085874646989,0.47126436781609193,0.009026083791684791,0.009937067567856844,0.8095937430670317,-0.0004373681376946894,-0.11021677069906173,0.11655940763102116,-0.9455845129889681,-1.143315194695578,-0.8668008605228357,0.38688563188213027,0.8065571840589348,-0.18226109489654752,-0.10967060649449267,-0.110311433783152,1.0,1.0
TabNet,TABNET B - MARKET + SEC,Momentum,positive_relative_momentum_60d,2025,5.0,0.0,73,73,1.0,65,-0.00022328413239318712,0.00023383111751379502,0.5205479452054794,0.008112400433322451,0.009273455946598739,0.9497806527159274,-0.00012624557674941272,-0.031813885340852006,0.10750211243995776,-0.29593730410293795,-0.362322170100082,-0.27138410045948846,0.7863204847210007,0.6068397576394997,-0.14053405775187622,-0.036653645293319714,-0.03687659597367088,1.0,1.0
TabNet,TABNET B - MARKET + SEC,Value,fixed_ex_ante_mature_semiconductor_proxy,2025,5.0,0.0,34,34,1.0,34,-0.0009980437219518662,-0.0010090253294208753,0.4411764705882353,0.007349708547286008,0.007588374460823873,0.7646435365907748,-0.00013573394618545382,-0.034204954438734364,0.06250533523707533,-0.5472325571729042,-0.6874256464956324,-0.5879329610832591,0.5571101236739294,0.7214449381630352,-0.05336463140780312,-0.03524228767674509,-0.035456812489495615,1.0,1.0
TabNet,TABNET C - MARKET + SEC + FINBERT,Dividend,fixed_ex_ante_dividend_payers,2025,5.0,0.0,72,72,1.0,68,0.001107098866532918,-0.00033970847825945307,0.4722222222222222,0.009214275074108432,0.006146690371824121,1.341266744114587,0.00020506187012615148,0.051675591271790174,0.09210654943076349,0.5610414415821181,0.8851022223673519,0.5123207922094721,0.6088806409912852,0.3044403204956426,-0.10582298780222943,0.048209514141366094,0.048515468014604934,1.0,1.0
TabNet,TABNET C - MARKET + SEC + FINBERT,Growth,fixed_ex_ante_growth_companies,2025,5.0,0.0,87,87,1.0,70,0.0003029998712199951,5.354104527377588e-05,0.5172413793103449,0.009399867047922105,0.009443643532389408,1.0664619104090083,4.6330287706692256e-05,0.01167523250208645,0.11663295640092212,0.10010234553219423,0.14457548995355263,0.10385637319894726,0.9173669297143603,0.45868346485718015,-0.08849729833400721,0.00487654850368191,0.0049068490819041966,1.0,1.0
TabNet,TABNET C - MARKET + SEC + FINBERT,Momentum,positive_relative_momentum_60d,2025,5.0,0.0,73,73,1.0,65,0.00014781612819883753,0.00023383111751379502,0.547945205479452,0.007989996722543235,0.00935785731949134,1.0349425281363502,2.2803061297214237e-05,0.0057463714468979875,0.1068928693789556,0.05375822990143529,0.0739298293859549,0.06962889693949634,0.9445449216791723,0.47227246083958613,-0.08947198145454582,5.2622471858443376e-05,5.294865283977934e-05,1.0,1.0
TabNet,TABNET C - MARKET + SEC + FINBERT,Value,fixed_ex_ante_mature_semiconductor_proxy,2025,5.0,0.0,34,34,1.0,34,0.0009793503175035286,-0.00038841221827101615,0.4411764705882353,0.00950539459973921,0.005751737273735169,1.304694310151914,0.00013319164318047988,0.03356429408148093,0.061408526172161526,0.5465738420000823,0.912520227409669,0.587592740076587,0.5573381574966089,0.27866907874830443,-0.043792255017226944,0.03194081200114196,0.03214194052715702,1.0,1.0
Transformer,TRANSFORMER A - MARKET SEQUENCE,Dividend,fixed_ex_ante_dividend_payers,2025,5.0,0.0,72,72,1.0,68,0.002154564808047305,-0.00018045753215722906,0.4861111111111111,0.010011023404964832,0.005277220351199004,1.7944839090421663,0.0004778493012324402,0.12041802391057493,0.09117354474377294,1.3207561935755423,2.3619651415008867,1.3338396045795673,0.1834751676789843,0.09173758383949215,-0.0551888017666875,0.12226980536685383,0.12307251460734103,1.0,1.0
Transformer,TRANSFORMER A - MARKET SEQUENCE,Growth,fixed_ex_ante_growth_companies,2025,5.0,0.0,87,87,1.0,70,0.0014365926641709292,-0.0005437241194481404,0.4942528735632184,0.01103035589883396,0.007939130496977033,1.35778924356349,0.0004321844201892178,0.10891047388768288,0.11549666638465134,0.9429750424567778,1.5500177385411662,0.8912135017945358,0.3736749931681981,0.18683749658409904,-0.06800155933063567,0.10679422982570785,0.10749054748807518,1.0,1.0
Transformer,TRANSFORMER A - MARKET SEQUENCE,Momentum,positive_relative_momentum_60d,2025,5.0,0.0,73,73,1.0,65,0.0023658507292746243,0.0013771289383774374,0.5753424657534246,0.009489479329547515,0.007285517051740259,1.7646947826830865,0.0006138422933447661,0.15468825792288105,0.1049549921734442,1.4738532652858454,2.487326327570011,1.5822080873386413,0.11487139614352262,0.05743569807176131,-0.042805242892086315,0.15952461033464482,0.16058886718195997,1.0,1.0
Transformer,TRANSFORMER A - MARKET SEQUENCE,Value,fixed_ex_ante_mature_semiconductor_proxy,2025,5.0,0.0,34,34,1.0,34,0.0015850167899513362,-0.00018045753215722906,0.47058823529411764,0.009492328064231306,0.005443704342741971,1.5499785467286027,0.00021556228343338173,0.054321695425212195,0.06100866544529371,0.8903931110232579,1.5445998714606328,1.0139733334597867,0.3115797302085144,0.1557898651042572,-0.039999648807882315,0.05343378778734342,0.05377373893274551,1.0,1.0
Transformer,TRANSFORMER B - MARKET SEQUENCE + SEC,Dividend,fixed_ex_ante_dividend_payers,2025,5.0,0.0,72,72,1.0,68,0.0022763434974914145,2.0740046893064946e-05,0.5,0.009826940333159917,0.005274253338177088,1.863190806939196,0.0005129215637923439,0.12925623407567066,0.09102788607240472,1.4199630426752814,2.549696338028717,1.4305009464394227,0.15382697827394112,0.07691348913697056,-0.0551888017666875,0.13216320708562912,0.13303463060658838,1.0,1.0
Transformer,TRANSFORMER B - MARKET SEQUENCE + SEC,Growth,fixed_ex_ante_growth_companies,2025,5.0,0.0,87,87,1.0,70,0.0016119199255769376,0.00023383111751379502,0.5172413793103449,0.010665156433800482,0.008087976333234003,1.4128321907885684,0.0004931983071585086,0.12428597340394418,0.1153009977659241,1.077926260935406,1.7773887802837145,1.0156382128137889,0.31078754484076515,0.15539377242038258,-0.06800155933063523,0.12382334770674341,0.1246368111164593,1.0,1.0
Transformer,TRANSFORMER B - MARKET SEQUENCE + SEC,Momentum,positive_relative_momentum_60d,2025,5.0,0.0,73,73,1.0,65,0.002485961217493472,0.0015590648013599781,0.589041095890411,0.009347492201418221,0.007348899859465336,1.8231398456341037,0.0006489145559046697,0.16352646808797677,0.1048169721009417,1.5601144052367415,2.6394304439093426,1.6676997856316738,0.0966324316512739,0.04831621582563695,-0.042805242892086315,0.16974643285716762,0.17088376868824717,1.0,1.0
Transformer,TRANSFORMER B - MARKET SEQUENCE + SEC,Value,fixed_ex_ante_mature_semiconductor_proxy,2025,5.0,0.0,34,34,1.0,34,0.0015850167899513362,-0.00018045753215722906,0.47058823529411764,0.009492328064231306,0.005443704342741971,1.5499785467286027,0.00021556228343338173,0.054321695425212195,0.06100866544529371,0.8903931110232579,1.5445998714606328,1.0139733334597867,0.3115797302085144,0.1557898651042572,-0.039999648807882315,0.05343378778734342,0.05377373893274551,1.0,1.0
Transformer,TRANSFORMER C - MARKET SEQUENCE + SEC + FINBERT,Dividend,fixed_ex_ante_dividend_payers,2025,5.0,0.0,72,72,1.0,68,0.0016890685782129388,-0.0002657684121469819,0.4583333333333333,0.010130001248800017,0.005453259066129974,1.5718196062704906,0.0005062807585880382,0.12758275116418563,0.08870321171703438,1.4383103914115087,2.9855818094896756,1.2627074873113848,0.20787555006743322,0.10393777503371661,-0.07838521872302795,0.13053450728451432,0.13139458149733785,1.0,1.0
Transformer,TRANSFORMER C - MARKET SEQUENCE + SEC + FINBERT,Growth,fixed_ex_ante_growth_companies,2025,5.0,0.0,87,87,1.0,70,0.0005953145266458119,-0.0006376085874646989,0.47126436781609193,0.010724626943110188,0.008432985670637655,1.1335139174360909,0.0001765576068915507,0.04449251693667078,0.11619953213284194,0.38289755664253383,0.6135581017435037,0.3490897303273237,0.7273169681115782,0.3636584840557891,-0.08447607381438704,0.03821061483757182,0.038451953932107985,1.0,1.0
Transformer,TRANSFORMER C - MARKET SEQUENCE + SEC + FINBERT,Momentum,positive_relative_momentum_60d,2025,5.0,0.0,73,73,1.0,65,0.0017845909745941892,0.00023383111751379502,0.5342465753424658,0.009708464374453676,0.007304557925244635,1.524552182022033,0.0005218394863859954,0.13150355056927082,0.10555554641299725,1.2458232185616216,2.247688354689088,1.1694329403375228,0.24334746141697128,0.12167373070848564,-0.06853948993549352,0.133118391184059,0.13399647754199173,1.0,1.0
Transformer,TRANSFORMER C - MARKET SEQUENCE + SEC + FINBERT,Value,fixed_ex_ante_mature_semiconductor_proxy,2025,5.0,0.0,34,34,1.0,34,0.001142384885988477,-0.00012121620827015758,0.47058823529411764,0.009014626500784884,0.005855163216052774,1.368535946540689,0.0001553643444944328,0.039151814812597066,0.061303901815269075,0.6386512710165775,1.0600775439677022,0.7154500591830231,0.47500131609443763,0.23750065804721882,-0.05435407499484679,0.0376822961020844,0.03792023775992348,1.0,1.0
Tree,TREE A - MARKET,Dividend,fixed_ex_ante_dividend_payers,2025,5.0,0.0,72,72,1.0,68,0.0014240418458348315,-0.0006058374504243616,0.4444444444444444,0.010246184963803749,0.005633672648540302,1.4549918822789334,0.0003414409926860098,0.08604313015687448,0.09085021839541277,0.9470877635360642,1.6533254697950768,0.9073856724115107,0.36508018277803944,0.18254009138901972,-0.08736274878509354,0.08468865880169263,0.08523535183542763,1.0,1.0
Tree,TREE A - MARKET,Growth,fixed_ex_ante_growth_companies,2025,5.0,0.0,87,87,1.0,70,-0.00024849574956017375,-0.0005437241194481404,0.4827586206896552,0.009574968795004923,0.00941706265782093,0.9489835489819811,-6.205904565923797e-05,-0.015638879506127967,0.11635970167089392,-0.13440116536531013,-0.19087408990996813,-0.15647198103691942,0.875787792450808,0.562106103774596,-0.09683128594335288,-0.02195921060095718,-0.022093806644590597,1.0,1.0
Tree,TREE A - MARKET,Momentum,positive_relative_momentum_60d,2025,5.0,0.0,73,73,1.0,65,0.0004986334795607414,-0.0001518413719143732,0.4931506849315068,0.00933852895976536,0.008102345906584292,1.1214204367396048,0.00015871264129456314,0.039995585606229914,0.1063914114422272,0.3759287057484745,0.5516085419561073,0.5333228202386353,0.5942858400947469,0.29714292004737347,-0.054182754428358515,0.03468023324580227,0.03489890154870978,1.0,1.0
Tree,TREE A - MARKET,Value,fixed_ex_ante_mature_semiconductor_proxy,2025,5.0,0.0,34,34,1.0,34,0.0011137452417123016,-0.0005767760735628227,0.4411764705882353,0.009710437267682481,0.00567311688405363,1.3513091377618114,0.00015146935287287303,0.038170276923964006,0.06132244055649619,0.6224520188298417,1.0553490118976607,0.7054347418599175,0.4811991321192887,0.24059956605964436,-0.04151854543533484,0.036671996209019175,0.036903445647728184,1.0,1.0
Tree,TREE B - MARKET + SEC,Dividend,fixed_ex_ante_dividend_payers,2025,5.0,0.0,72,72,1.0,68,0.0014240418458348315,-0.0006058374504243616,0.4444444444444444,0.010246184963803749,0.005633672648540302,1.4549918822789334,0.0003414409926860098,0.08604313015687448,0.09085021839541277,0.9470877635360642,1.6533254697950768,0.9073856724115107,0.36508018277803944,0.18254009138901972,-0.08736274878509354,0.08468865880169263,0.08523535183542763,1.0,1.0
Tree,TREE B - MARKET + SEC,Growth,fixed_ex_ante_growth_companies,2025,5.0,0.0,87,87,1.0,70,-0.00024849574956017375,-0.0005437241194481404,0.4827586206896552,0.009574968795004923,0.00941706265782093,0.9489835489819811,-6.205904565923797e-05,-0.015638879506127967,0.11635970167089392,-0.13440116536531013,-0.19087408990996813,-0.15647198103691942,0.875787792450808,0.562106103774596,-0.09683128594335288,-0.02195921060095718,-0.022093806644590597,1.0,1.0
Tree,TREE B - MARKET + SEC,Momentum,positive_relative_momentum_60d,2025,5.0,0.0,73,73,1.0,65,0.0004986334795607414,-0.0001518413719143732,0.4931506849315068,0.00933852895976536,0.008102345906584292,1.1214204367396048,0.00015871264129456314,0.039995585606229914,0.1063914114422272,0.3759287057484745,0.5516085419561073,0.5333228202386353,0.5942858400947469,0.29714292004737347,-0.054182754428358515,0.03468023324580227,0.03489890154870978,1.0,1.0
Tree,TREE B - MARKET + SEC,Value,fixed_ex_ante_mature_semiconductor_proxy,2025,5.0,0.0,34,34,1.0,34,0.0011137452417123016,-0.0005767760735628227,0.4411764705882353,0.009710437267682481,0.00567311688405363,1.3513091377618114,0.00015146935287287303,0.038170276923964006,0.06132244055649619,0.6224520188298417,1.0553490118976607,0.7054347418599175,0.4811991321192887,0.24059956605964436,-0.04151854543533484,0.036671996209019175,0.036903445647728184,1.0,1.0
Tree,TREE C - MARKET + SEC + FINBERT,Dividend,fixed_ex_ante_dividend_payers,2025,5.0,0.0,72,72,1.0,68,0.0010106601811417535,-0.0006058374504243616,0.4305555555555556,0.01010339524532804,0.005864334623486902,1.3026460788867644,0.00022706025268521833,0.05721918367667502,0.091258390581916,0.6270018933252338,1.053509691591252,0.6195654819087857,0.5361104004577757,0.26805520022888785,-0.10006392204809467,0.05407873256872531,0.05442289195587513,1.0,1.0
Tree,TREE C - MARKET + SEC + FINBERT,Growth,fixed_ex_ante_growth_companies,2025,5.0,0.0,87,87,1.0,70,-9.861478101709334e-05,-0.0006376085874646989,0.45977011494252873,0.010247783941673775,0.00890406050245613,0.9794989876615532,-4.886632063505723e-05,-0.012314312800034422,0.11650721524705356,-0.1056957096942187,-0.15176516054227907,-0.11984454081529611,0.9047029366510735,0.5476485316744633,-0.084339153934334,-0.018742138970662015,-0.01885720700083693,1.0,1.0
Tree,TREE C - MARKET + SEC + FINBERT,Momentum,positive_relative_momentum_60d,2025,5.0,0.0,73,73,1.0,65,0.00022485020015436825,-0.0003875778827696621,0.4794520547945205,0.009337119726025026,0.008168029626305449,1.0528828969139012,6.230184675522248e-05,0.015700065382316067,0.10664572115527905,0.14721702110726362,0.2119197287550654,0.20767461251442537,0.8356527921382002,0.4178263960691001,-0.0650021886502834,0.010013366959211956,0.010075744923872865,1.0,1.0
Tree,TREE C - MARKET + SEC + FINBERT,Value,fixed_ex_ante_mature_semiconductor_proxy,2025,5.0,0.0,34,34,1.0,34,0.0004283184958104985,-0.0005767760735628227,0.4117647058823529,0.009586669859093332,0.0059825274584874855,1.121711341557626,5.825131543022779e-05,0.014679331488417402,0.06174591979258895,0.23773767623394107,0.380655437247561,0.2669951451626902,0.7896938922519479,0.39484694612597393,-0.06362027000124015,0.01276726772806458,0.012846909855040112,1.0,1.0
XGBoost,XGB A - MARKET,Dividend,fixed_ex_ante_dividend_payers,2025,5.0,0.0,72,72,1.0,68,0.002509642133631027,0.00022970676156886059,0.5,0.010019181632576738,0.004999897365314684,2.003877459981851,0.0006540938755713141,0.16483165664397118,0.08953658781573175,1.8409419061534746,3.7776771813645436,1.917546813796235,0.05631256432084027,0.028156282160420137,-0.029278121904753318,0.1729765428533434,0.17413708792229277,1.0,1.0
XGBoost,XGB A - MARKET,Growth,fixed_ex_ante_growth_companies,2025,5.0,0.0,87,87,1.0,70,-0.0023565271358528396,-0.002778012552575703,0.41379310344827586,0.008798913006371619,0.010230955471540692,0.6070789217624264,-0.0005848635768050284,-0.14738562135486716,0.11739233185647249,-1.2554961557034696,-1.653595614390845,-1.3709220643026194,0.17163364165037187,0.9141831791748141,-0.1861167330955411,-0.1419405885305226,-0.14275437633708465,1.0,1.0
XGBoost,XGB A - MARKET,Momentum,positive_relative_momentum_60d,2025,5.0,0.0,73,73,1.0,65,0.00020504380716760066,-0.0001518413719143732,0.4657534246575342,0.0095874978887474,0.007974531546004533,1.0481282122386117,0.00017140339028874188,0.043193654352762956,0.10634467885379839,0.4061665785097265,0.6149535099118021,0.6103982354219805,0.5421547428248905,0.27107737141244526,-0.06614537589003122,0.03797961176667264,0.0382194651532517,1.0,1.0
XGBoost,XGB A - MARKET,Value,fixed_ex_ante_mature_semiconductor_proxy,2025,5.0,0.0,34,34,1.0,34,0.0022021851832203366,-0.00018045753215722906,0.4411764705882353,0.010883261219352566,0.0046512958979366865,1.847237526831876,0.00029949718491796573,0.07547329059932736,0.06056934946856287,1.2460640779789132,2.679216725180114,1.4127259576288982,0.1589850095533697,0.07949250477668485,-0.024370316419861537,0.07580279788455435,0.07629013468492185,1.0,1.0
XGBoost,XGB B - MARKET + SEC,Dividend,fixed_ex_ante_dividend_payers,2025,5.0,0.0,72,72,1.0,68,0.003615746675926792,0.00020439646143200017,0.5,0.011145590464628133,0.0039140971127745484,2.8475508255152784,0.0009804078370433465,0.24706277493492332,0.08792553938088832,2.809909119404566,9.173079099763093,2.5915963871757675,0.010117322346599721,0.0050586611732998605,-0.021734344622792556,0.2727966583090973,0.2747010960026739,0.8498550771143766,0.4249275385571883
XGBoost,XGB B - MARKET + SEC,Growth,fixed_ex_ante_growth_companies,2025,5.0,0.0,87,87,1.0,70,-0.0025074947766990916,-0.002778012552575703,0.40229885057471265,0.008891250738644751,0.010179727335103602,0.5878836920155606,-0.0006685284428071104,-0.1684691675873918,0.11688109004032284,-1.4413723171923842,-1.8812517818607528,-1.5576424173464336,0.12058810288739373,0.9397059485563032,-0.19200532365894196,-0.1596636753321854,-0.16056925579178183,1.0,1.0
XGBoost,XGB B - MARKET + SEC,Momentum,positive_relative_momentum_60d,2025,5.0,0.0,73,73,1.0,65,0.0017625171122410573,-8.397932441395108e-05,0.4931506849315068,0.01060525958690146,0.006841232322563659,1.5083000346859834,0.0005794261244764639,0.1460153833680689,0.1049733628235497,1.3909755717124828,2.3981781167544454,1.5939133234448442,0.11222397655304339,0.056111988276521696,-0.05671572134955816,0.14958995466381775,0.15058372456797087,1.0,1.0
XGBoost,XGB B - MARKET + SEC,Value,fixed_ex_ante_mature_semiconductor_proxy,2025,5.0,0.0,34,34,1.0,34,0.0032253355474665016,-0.00018045753215722906,0.47058823529411764,0.011288069734895816,0.003941539285804,2.545665293884067,0.0004386456344554441,0.11053869988277192,0.05976827249985844,1.8494544891360838,5.297584453141025,1.8520576616902493,0.06520114931408846,0.03260057465704423,-0.02178400284770521,0.11392845566910004,0.11467365310399669,1.0,1.0
XGBoost,XGB C - MARKET + SEC + FINBERT,Dividend,fixed_ex_ante_dividend_payers,2025,5.0,0.0,72,72,1.0,68,0.0026101261166123543,-0.00011791034816416215,0.4722222222222222,0.010775818774925025,0.004696019946088456,2.0531263010937413,0.0006572659076382138,0.1656310087248299,0.09000998638136117,1.8401403597937658,4.361276674911484,1.8754647024951507,0.061899010508088964,0.030949505254044482,-0.04825933131950155,0.17387186586783931,0.17503885391713858,1.0,1.0
XGBoost,XGB C - MARKET + SEC + FINBERT,Growth,fixed_ex_ante_growth_companies,2025,5.0,0.0,87,87,1.0,70,-0.00040641597464833803,-0.0013947624423444318,0.47126436781609193,0.00968257234595411,0.009398775129967911,0.9182173964958982,-0.00011343562093613643,-0.02858577647590638,0.1157122073825514,-0.24704201157791514,-0.35121881366990854,-0.2928547006082944,0.7698771147201996,0.6150614426399001,-0.0875776584615684,-0.034370180609945566,-0.03457949246816605,1.0,1.0
XGBoost,XGB C - MARKET + SEC + FINBERT,Momentum,positive_relative_momentum_60d,2025,5.0,0.0,73,73,1.0,65,0.002375242816652406,-3.3358724140230243e-05,0.4931506849315068,0.01121060984738754,0.006221330510549347,1.753261681493529,0.0006738230173268139,0.1698034003663571,0.10444985229087153,1.6256930636291307,2.950434509327815,2.0805427712088265,0.03849835325585371,0.019249176627926856,-0.04011464475911164,0.17709516610891662,0.17828538515450632,1.0,1.0
XGBoost,XGB C - MARKET + SEC + FINBERT,Value,fixed_ex_ante_mature_semiconductor_proxy,2025,5.0,0.0,34,34,1.0,34,0.0021508180778189575,-9.260004802730173e-05,0.47058823529411764,0.010085979843654065,0.004902659047367804,1.8286638597466394,0.00029251125858337825,0.07371283716301132,0.060607157423524495,1.216239802304272,2.600635025505349,1.3481352760356673,0.1788399748908803,0.08941998744544015,-0.024779611576114635,0.07392366201431577,0.07439850500286038,1.0,1.0
CatBoost,CAT A - MARKET,Dividend,fixed_ex_ante_dividend_payers,2026,5.0,0.0,46,46,1.0,41,-0.0007844961751373737,-0.0008791228829780331,0.45652173913043476,0.009797937227388979,0.009673740233259509,0.8507843990590186,-0.0001230130933001989,-0.03099929951165012,0.09687893909664674,-0.3199797582498826,-0.4611115134201714,-0.25436446681447294,0.7995533287726727,0.6002233356136637,-0.08096774077937074,-0.02169150161494715,-0.03512718769094625,1.0,1.0
CatBoost,CAT A - MARKET,Growth,fixed_ex_ante_growth_companies,2026,5.0,0.0,66,66,1.0,53,-0.0009103487670504267,-0.00030700435591357513,0.48484848484848486,0.008458524858219324,0.009728112179069015,0.81834629637295,-6.532742315650492e-05,-0.01646251063543924,0.10607703549831574,-0.1551939169312535,-0.21160011301479456,-0.14606184798687397,0.8840635806149657,0.5579682096925171,-0.05871606949957908,-0.013481284405394311,-0.02188872550315768,1.0,1.0
CatBoost,CAT A - MARKET,Momentum,positive_relative_momentum_60d,2026,5.0,0.0,35,35,1.0,33,-0.0013114934891860631,-0.0018596205965912818,0.45714285714285713,0.011184144414742834,0.01183413593459987,0.7958525174648804,-0.0001948079098573802,-0.049091593284059806,0.11063567179691229,-0.4437230098279197,-0.592707596128364,-0.3921660119490979,0.6954777551469304,0.6522611224265348,-0.08681092909565924,-0.03338161551690577,-0.05385613943294887,1.0,1.0
CatBoost,CAT A - MARKET,Value,fixed_ex_ante_mature_semiconductor_proxy,2026,5.0,0.0,18,18,1.0,18,-0.0033440210675275755,-0.005753525117048686,0.3888888888888889,0.014204527482749989,0.014511279235886026,0.6229116409941426,-0.0003883379304225572,-0.09786115846648441,0.0947267837788573,-1.033088579202102,-1.349270168988443,-0.6927077978608808,0.4895362128865534,0.7552318935567233,-0.11780985391005361,-0.06101112666556019,-0.09755517181095874,1.0,1.0
CatBoost,CAT B - MARKET + SEC,Dividend,fixed_ex_ante_dividend_payers,2026,5.0,0.0,46,46,1.0,41,-0.002709452622032901,-0.0038696073622795915,0.3695652173913043,0.009734275499798318,0.010004051865864994,0.5703988251387243,-0.000625153626578244,-0.15753871389771748,0.0984634094071204,-1.5999721606869834,-2.149496506476576,-1.1757798141397413,0.24149736551547762,0.8792513172422611,-0.11949814743329545,-0.09506166591458087,-0.15030361554896954,1.0,1.0
CatBoost,CAT B - MARKET + SEC,Growth,fixed_ex_ante_growth_companies,2026,5.0,0.0,66,66,1.0,53,0.00042192202986048337,-0.00030700435591357513,0.4696969696969697,0.010151384560923906,0.008195601926224262,1.0970794343512031,1.5327264488036325e-05,0.003862470650985154,0.10580752970834012,0.03650468602406754,0.05140263866099463,0.031630729904369,0.9748074938873855,0.48740374694369276,-0.06575190758340699,-0.001049146597406403,-0.001710151879504851,1.0,1.0
CatBoost,CAT B - MARKET + SEC,Momentum,positive_relative_momentum_60d,2026,5.0,0.0,35,35,1.0,33,-0.0012971553583544942,-0.002348361452156277,0.42857142857142855,0.011955840488589768,0.01123690224356269,0.7979850827285787,-0.00019157026741154206,-0.048275707387708595,0.11062968314951652,-0.4363721020737605,-0.5837420706111087,-0.3726833784998173,0.7098965274903167,0.6450517362548416,-0.09397741148169614,-0.032895809101401,-0.053080649105720856,1.0,1.0
CatBoost,CAT B - MARKET + SEC,Value,fixed_ex_ante_mature_semiconductor_proxy,2026,5.0,0.0,18,18,1.0,18,-0.003239062792380349,-0.004222932213290814,0.4444444444444444,0.01242203960694687,0.015767944711842126,0.6302426769732445,-0.00037614922750223406,-0.09478960533056298,0.09470662056716297,-1.0008762298021305,-1.3032521664904764,-0.679132003691638,0.4980736423664204,0.7509631788167899,-0.1045091178866383,-0.05923392882027778,-0.09476842686444165,1.0,1.0
CatBoost,CAT C - MARKET + SEC + FINBERT,Dividend,fixed_ex_ante_dividend_payers,2026,5.0,0.0,46,46,1.0,41,-8.460466838469682e-05,-0.0029317425732134908,0.391304347826087,0.012496507700866723,0.008172462620046323,0.9829924723749827,-0.00011345496006092997,-0.028590649935354352,0.09648424178299055,-0.29632455421746057,-0.4733627197930053,-0.23682210521605057,0.813109526960003,0.5934452365199985,-0.08153107535050175,-0.02020753433082645,-0.03273955019425212,1.0,1.0
CatBoost,CAT C - MARKET + SEC + FINBERT,Growth,fixed_ex_ante_growth_companies,2026,5.0,0.0,66,66,1.0,53,-0.001552204653678187,-0.0018094792404002571,0.42424242424242425,0.00901952645828089,0.00934190126249014,0.7114148048943223,-0.000730722974027254,-0.18414218945486802,0.10641988848347703,-1.7303362376991995,-2.0840380991810563,-1.5298731864933621,0.12809963724517898,0.9359501813774105,-0.14058187909663544,-0.11022671805987838,-0.1733990087331514,1.0,1.0
CatBoost,CAT C - MARKET + SEC + FINBERT,Momentum,positive_relative_momentum_60d,2026,5.0,0.0,35,35,1.0,33,0.0014365757565027813,0.000348361452156277,0.5142857142857142,0.012454327879936047,0.010229279433014793,1.2891362963186495,0.0003932955178996969,0.09911047051072362,0.1092534816953254,0.9071607510606615,1.498518589521575,0.7403729239202675,0.46020102878610475,0.23010051439305237,-0.0571861681776592,0.05899190772427376,0.09796741678292076,1.0,1.0
CatBoost,CAT C - MARKET + SEC + FINBERT,Value,fixed_ex_ante_mature_semiconductor_proxy,2026,5.0,0.0,18,18,1.0,18,0.002836299732297746,0.00041298303715078897,0.5,0.017006064397519758,0.011333464932924265,1.5005176702948377,0.0003293767431055447,0.08300293926259726,0.09284298408438511,0.8940141259048264,1.648915708553555,0.7249025726733078,0.46961179149611915,0.23480589574805957,-0.03089989043893937,0.049627358994523973,0.08217996608051514,1.0,1.0
LSTM,LSTM A - MARKET SEQUENCE,Dividend,fixed_ex_ante_dividend_payers,2026,5.0,0.0,46,46,1.0,41,-0.002726123615537543,-0.0034617944955031,0.41304347826086957,0.008584171086629719,0.010685219887433024,0.5653335214928158,-0.0006747293768367995,-0.17003180296287349,0.0972190682375569,-1.7489552825932986,-2.369778647411821,-1.2793599663210857,0.2026945480014547,0.8986527259992727,-0.1454416161203772,-0.10192439188364266,-0.16078558795266173,1.0,1.0
LSTM,LSTM A - MARKET SEQUENCE,Growth,fixed_ex_ante_growth_companies,2026,5.0,0.0,66,66,1.0,53,-0.0005918461790405282,-0.0017822017020561179,0.4393939393939394,0.009831741127602114,0.00876168487884152,0.8795065525334805,-0.00036556008884469415,-0.09212114238886293,0.1064863273802659,-0.8650983150155563,-1.1504084164681432,-0.7787327402449663,0.4373320948636112,0.7813339525681944,-0.10366022728246271,-0.05837350633901839,-0.09341804310875623,1.0,1.0
LSTM,LSTM A - MARKET SEQUENCE,Momentum,positive_relative_momentum_60d,2026,5.0,0.0,35,35,1.0,33,-0.0016654453364669496,-0.001704782807520954,0.4857142857142857,0.010144525653881811,0.012819306827351891,0.747383694326628,-0.0004380005441014392,-0.11037613711356269,0.11101614143997807,-0.9942350335895849,-1.278860572333106,-0.8393621290343448,0.4025672205916102,0.7987163897041949,-0.1152275075702196,-0.06917798486929871,-0.11031848948033418,1.0,1.0
LSTM,LSTM A - MARKET SEQUENCE,Value,fixed_ex_ante_mature_semiconductor_proxy,2026,5.0,0.0,18,18,1.0,18,-0.003679272671607577,-0.009339492241012715,0.3333333333333333,0.01623573799042165,0.013636778002622191,0.5952923039188477,-0.00042727037476733153,-0.10767213444136754,0.09478849644521335,-1.1359198476536738,-1.512184187912128,-0.7725272065927259,0.4409862383081963,0.7795068808459018,-0.11101031805068051,-0.06666327800678695,-0.10639595167325644,1.0,1.0
LSTM,LSTM B - MARKET SEQUENCE + SEC,Dividend,fixed_ex_ante_dividend_payers,2026,5.0,0.0,46,46,1.0,41,-0.002796541830146528,-0.0029317425732134908,0.41304347826086957,0.008507285987309529,0.010751087331319308,0.5568375061280145,-0.0006956276856884982,-0.17529817679350154,0.09723623139608677,-1.8028071869572306,-2.3753989776403834,-1.300970678913781,0.19521169118035286,0.9023941544098235,-0.14821099150720562,-0.10483479394808337,-0.1652156629426773,1.0,1.0
LSTM,LSTM B - MARKET SEQUENCE + SEC,Growth,fixed_ex_ante_growth_companies,2026,5.0,0.0,66,66,1.0,53,-0.001314626272420452,-0.002516049136339376,0.3939393939393939,0.010133799116752187,0.008756102775382666,0.7522718262750235,-0.0006098206228126393,-0.1536747969487851,0.10398373694623121,-1.4778733815678176,-1.8913565012559062,-1.3557786251917399,0.17715443304546305,0.9114227834772685,-0.10970931607308743,-0.09323111904760573,-0.14749918511591187,1.0,1.0
LSTM,LSTM B - MARKET SEQUENCE + SEC,Momentum,positive_relative_momentum_60d,2026,5.0,0.0,35,35,1.0,33,-0.004486362469852022,-0.006026392296762605,0.3142857142857143,0.011671463952202825,0.011892032913293826,0.4498323387679972,-0.0009117138087174353,-0.2297518797967937,0.11136748211389265,-2.0630068619297006,-2.5489522890033776,-1.6572287142883342,0.09950907758800794,0.9502454612059961,-0.16811753355486525,-0.13514080575771048,-0.2108048297479701,1.0,1.0
LSTM,LSTM B - MARKET SEQUENCE + SEC,Value,fixed_ex_ante_mature_semiconductor_proxy,2026,5.0,0.0,18,18,1.0,18,-0.005832265314042819,-0.010615805034484616,0.2777777777777778,0.015807498832122548,0.014155251524106422,0.4295089516968407,-0.0006772953267920694,-0.1706784223516015,0.0950875564947841,-1.7949606514598346,-2.251831104406004,-1.2392733114270693,0.2171296369006484,0.8914351815496758,-0.13819657025834187,-0.1021809792790096,-0.16117651744197492,1.0,1.0
LSTM,LSTM C - MARKET SEQUENCE + SEC + FINBERT,Dividend,fixed_ex_ante_dividend_payers,2026,5.0,0.0,46,46,1.0,41,-0.0036624025055572466,-0.0051029322307725436,0.34782608695652173,0.009035302260969467,0.010434511714371493,0.4618163268608016,-0.000952592789358776,-0.24005338291841155,0.09735405574990028,-2.4657769115967976,-3.1601185623820744,-1.8134956771564965,0.0717023881899327,0.9641488059050336,-0.17298710094745384,-0.1398232466714917,-0.21776005256372344,1.0,1.0
LSTM,LSTM C - MARKET SEQUENCE + SEC + FINBERT,Growth,fixed_ex_ante_growth_companies,2026,5.0,0.0,66,66,1.0,53,-0.0020554988459971315,-0.003361433285339054,0.3333333333333333,0.011007743705042506,0.008587120121516951,0.6409450170296408,-0.0009165898383217012,-0.23098063925706872,0.10423713446068197,-2.2159150906454945,-2.7473686910660406,-1.960075492782161,0.05179182907349783,0.9741040854632511,-0.15109707949641915,-0.13538491960065957,-0.21116802066063212,1.0,1.0
LSTM,LSTM C - MARKET SEQUENCE + SEC + FINBERT,Momentum,positive_relative_momentum_60d,2026,5.0,0.0,35,35,1.0,33,-0.004628070704796231,-0.006170694164769785,0.2857142857142857,0.012604658876611613,0.011521162537359369,0.43761760449915776,-0.0009437124424145148,-0.23781553548845774,0.11137274996786739,-2.1353116948003072,-2.6324451138566562,-1.7497239945732443,0.08215784340097769,0.9589210782995111,-0.1636240843194321,-0.13942403887624555,-0.2171680043855685,1.0,1.0
LSTM,LSTM C - MARKET SEQUENCE + SEC + FINBERT,Value,fixed_ex_ante_mature_semiconductor_proxy,2026,5.0,0.0,18,18,1.0,18,-0.005832265314042819,-0.010615805034484616,0.2777777777777778,0.015807498832122548,0.014155251524106422,0.4295089516968407,-0.0006772953267920694,-0.1706784223516015,0.0950875564947841,-1.7949606514598346,-2.251831104406004,-1.2392733114270693,0.2171296369006484,0.8914351815496758,-0.13819657025834187,-0.1021809792790096,-0.16117651744197492,1.0,1.0
Logistic,MODEL A - MARKET,Dividend,fixed_ex_ante_dividend_payers,2026,5.0,0.0,46,46,1.0,41,-0.0028189803892072424,-0.0034617944955031,0.391304347826087,0.009047957265580615,0.010447726024428007,0.5567282241939461,-0.0005059175131878383,-0.12749121332333524,0.09721751960168537,-1.3114016264320023,-1.7950977484423452,-1.1520405610239286,0.2510896887647722,0.8744551556176139,-0.11641847111575343,-0.07810223762312951,-0.12418495048825973,1.0,1.0
Logistic,MODEL A - MARKET,Growth,fixed_ex_ante_growth_companies,2026,5.0,0.0,66,66,1.0,53,-0.0025547562216152327,-0.002990628413404777,0.36363636363636365,0.0093316029169718,0.009346961443664967,0.5704896244755516,-0.0008909798486149274,-0.2245269218509617,0.10460218135872366,-2.1464841261863086,-2.647603678197181,-1.8758469106244111,0.0625689562402797,0.9687155218798602,-0.14773790753225668,-0.13196357345174226,-0.2060718711535201,1.0,1.0
Logistic,MODEL A - MARKET,Momentum,positive_relative_momentum_60d,2026,5.0,0.0,35,35,1.0,33,-0.004090430746813164,-0.005961960740999527,0.34285714285714286,0.011192909052284256,0.012064347163733558,0.4840526019948481,-0.0008223098712570482,-0.20722208755677615,0.11134040043724422,-1.861158094842443,-2.279257020638729,-1.6753265697233009,0.09589948877643321,0.9520502556117834,-0.14279200021474447,-0.12306348556660884,-0.19275569095851486,1.0,1.0
Logistic,MODEL A - MARKET,Value,fixed_ex_ante_mature_semiconductor_proxy,2026,5.0,0.0,18,18,1.0,18,-0.005981259634798064,-0.009339492241012715,0.3333333333333333,0.012918879836264024,0.015431329370329108,0.4185925763824358,-0.0006945978930733235,-0.17503866905447754,0.09510204984349963,-1.8405351865971555,-2.230177241172002,-1.4726771258112887,0.14287897131351487,0.9285605143432426,-0.13811559786299843,-0.10459288885797646,-0.1648477921469712,1.0,1.0
Logistic,MODEL B - MARKET + SEC,Dividend,fixed_ex_ante_dividend_payers,2026,5.0,0.0,46,46,1.0,41,-0.003817088575878187,-0.004354298410650658,0.32608695652173914,0.009521586020126564,0.010271285961041775,0.4485532833446137,-0.0007785914329482398,-0.19620504110295642,0.09814367122198553,-1.999161419783977,-2.6066818271716907,-1.648504917792847,0.10128770780664052,0.9493561460966797,-0.14424387671487315,-0.11632940420038418,-0.18262342377720475,1.0,1.0
Logistic,MODEL B - MARKET + SEC,Growth,fixed_ex_ante_growth_companies,2026,5.0,0.0,66,66,1.0,53,-0.0006123836686845915,-0.0021199720924123247,0.4090909090909091,0.010557657935334606,0.008345489394544036,0.8758201533590037,-0.0004150523538763267,-0.10459319317683433,0.10654107296404801,-0.9817170999594591,-1.3267712781247578,-0.7979305036123445,0.4261395085646097,0.7869302457176952,-0.09651840909633591,-0.06557249135232657,-0.10469242565163095,1.0,1.0
Logistic,MODEL B - MARKET + SEC,Momentum,positive_relative_momentum_60d,2026,5.0,0.0,35,35,1.0,33,-0.005001253795545806,-0.006170694164769785,0.2857142857142857,0.012037550527458984,0.011816775524747723,0.4074732739823616,-0.0010279795919386125,-0.2590508571685304,0.11137546618351463,-2.325923886519939,-2.7875660719260686,-1.9472474364585144,0.053324277436297265,0.9733378612818514,-0.17365145568745788,-0.15060707292601394,-0.23368744427699661,1.0,1.0
Logistic,MODEL B - MARKET + SEC,Value,fixed_ex_ante_mature_semiconductor_proxy,2026,5.0,0.0,18,18,1.0,18,-0.005981259634798064,-0.009339492241012715,0.3333333333333333,0.012918879836264024,0.015431329370329108,0.4185925763824358,-0.0006945978930733235,-0.17503866905447754,0.09510204984349963,-1.8405351865971555,-2.230177241172002,-1.4726771258112887,0.14287897131351487,0.9285605143432426,-0.13811559786299843,-0.10459288885797646,-0.1648477921469712,1.0,1.0
Logistic,MODEL C - MARKET + SEC + FINBERT,Dividend,fixed_ex_ante_dividend_payers,2026,5.0,0.0,46,46,1.0,41,-0.003817088575878187,-0.004354298410650658,0.32608695652173914,0.009521586020126564,0.010271285961041775,0.4485532833446137,-0.0007785914329482398,-0.19620504110295642,0.09814367122198553,-1.999161419783977,-2.6066818271716907,-1.648504917792847,0.10128770780664052,0.9493561460966797,-0.14424387671487315,-0.11632940420038418,-0.18262342377720475,1.0,1.0
Logistic,MODEL C - MARKET + SEC + FINBERT,Growth,fixed_ex_ante_growth_companies,2026,5.0,0.0,66,66,1.0,53,-0.000580521473701876,-0.0020148498111676174,0.42424242424242425,0.010182436310302285,0.008511121946125995,0.8815345209577483,-0.0004083875815551749,-0.10291367055190408,0.10646937897496266,-0.9666034642327094,-1.3072002242137657,-0.7806970449261068,0.43617908667788224,0.7819104566610589,-0.09225372546390442,-0.0646019061911638,-0.10317556850230802,1.0,1.0
Logistic,MODEL C - MARKET + SEC + FINBERT,Momentum,positive_relative_momentum_60d,2026,5.0,0.0,35,35,1.0,33,-0.004866840828516463,-0.006170694164769785,0.3142857142857143,0.011066157472509396,0.01216946504981998,0.4167799341057999,-0.0009976282768029542,-0.25140232575434446,0.11137635117931778,-2.257232555137154,-2.7081286522038637,-1.907555266062845,0.058310139815838144,0.970844930092081,-0.1697508614228982,-0.1465977027849208,-0.2277805235038065,1.0,1.0
Logistic,MODEL C - MARKET + SEC + FINBERT,Value,fixed_ex_ante_mature_semiconductor_proxy,2026,5.0,0.0,18,18,1.0,18,-0.005981259634798064,-0.009339492241012715,0.3333333333333333,0.012918879836264024,0.015431329370329108,0.4185925763824358,-0.0006945978930733235,-0.17503866905447754,0.09510204984349963,-1.8405351865971555,-2.230177241172002,-1.4726771258112887,0.14287897131351487,0.9285605143432426,-0.13811559786299843,-0.10459288885797646,-0.1648477921469712,1.0,1.0
TabNet,TABNET A - MARKET,Dividend,fixed_ex_ante_dividend_payers,2026,5.0,0.0,46,46,1.0,41,-0.003419195288206897,-0.0025305929037578714,0.43478260869565216,0.007348766795916906,0.011702243045225207,0.4830610262899311,-0.0007383672718234301,-0.18606855249950438,0.09658969749032179,-1.92638094262743,-2.502885900085772,-1.530376619379755,0.1279750931583413,0.9360124534208294,-0.14306947827103533,-0.11071625439757737,-0.1741404356602022,1.0,1.0
TabNet,TABNET A - MARKET,Growth,fixed_ex_ante_growth_companies,2026,5.0,0.0,66,66,1.0,53,-0.001141105542182744,-0.0020148498111676174,0.42424242424242425,0.009562950167541887,0.009028304486190367,0.7804770369404725,-0.0005735816768460673,-0.14454258256520897,0.10682034000799188,-1.3531372635061345,-1.7540271223853945,-1.1876516877028889,0.23679922465713382,0.8816003876714331,-0.10928678803060832,-0.08828567951994326,-0.1399048290719227,1.0,1.0
TabNet,TABNET A - MARKET,Momentum,positive_relative_momentum_60d,2026,5.0,0.0,35,35,1.0,33,-0.003980720443848178,-0.0046334060508468325,0.42857142857142855,0.008929308115787953,0.013663241863575277,0.4901458346202881,-0.0007975365770391481,-0.20097921741386532,0.11132967308655303,-1.8052619022568621,-2.1829266527636526,-1.5990033727478663,0.1118695154946355,0.9440652422526823,-0.15579621210500405,-0.11968816243310632,-0.18768320481141343,1.0,1.0
TabNet,TABNET A - MARKET,Value,fixed_ex_ante_mature_semiconductor_proxy,2026,5.0,0.0,18,18,1.0,18,-0.007323128719815707,-0.011033468332432905,0.2777777777777778,0.013287291450485073,0.015250213400700622,0.33510984911793057,-0.000850427851333437,-0.21430781853602612,0.09519654590588388,-2.2512142273302826,-2.6715098488094213,-1.780863468945415,0.07690613530299886,0.9615469323485005,-0.14917049573119978,-0.1259832613160936,-0.19713365517905757,1.0,1.0
TabNet,TABNET B - MARKET + SEC,Dividend,fixed_ex_ante_dividend_payers,2026,5.0,0.0,46,46,1.0,41,-0.0008618174523723548,-0.0005122321036541691,0.4782608695652174,0.009226286018125635,0.01010924563366218,0.836603358591526,-0.00012145141873616297,-0.03060575752151307,0.0963463210682767,-0.31766399777552506,-0.4998211346825336,-0.24792191082371604,0.8045250906205386,0.5977374546897307,-0.0827269357250503,-0.02141331034841809,-0.03467976410422757,1.0,1.0
TabNet,TABNET B - MARKET + SEC,Growth,fixed_ex_ante_growth_companies,2026,5.0,0.0,66,66,1.0,53,-0.0014922672217140276,-0.002300842219103232,0.3939393939393939,0.009938715318932147,0.008922405873134042,0.7240384543319065,-0.0005572626334138908,-0.14043018362030046,0.10739888389892005,-1.3075571972653672,-1.7071487112431083,-1.1958769395241418,0.23358267623858706,0.8832086618807065,-0.10969279240803276,-0.08600932212432266,-0.13640044231379322,1.0,1.0
TabNet,TABNET B - MARKET + SEC,Momentum,positive_relative_momentum_60d,2026,5.0,0.0,35,35,1.0,33,0.0006339838960907985,0.0019188437625241592,0.5428571428571428,0.011089313036092178,0.01178171945766084,1.1177111522373633,8.122541163740714e-05,0.0204688037326266,0.11003717483646738,0.186017168861764,0.2625225301951049,0.16659045800290376,0.8679108312495288,0.4339554156247644,-0.056355489031766126,0.008924123874080037,0.014592399630223074,1.0,1.0
TabNet,TABNET B - MARKET + SEC,Value,fixed_ex_ante_mature_semiconductor_proxy,2026,5.0,0.0,18,18,1.0,18,0.0009416576641609639,0.00041298303715078897,0.5,0.015111422329382975,0.013228107001061048,1.14237224783341,0.00010935379325740226,0.02755715590086537,0.09357304661743203,0.29449886369021633,0.4535838985030226,0.20509463762761707,0.8377690227191192,0.4188845113595596,-0.05213186387604429,0.014384392243386168,0.02356109399078732,1.0,1.0
TabNet,TABNET C - MARKET + SEC + FINBERT,Dividend,fixed_ex_ante_dividend_payers,2026,5.0,0.0,46,46,1.0,41,-0.0029816133604322567,-0.0039980060012357035,0.34782608695652173,0.01001393665708664,0.009912573369775668,0.5387870553773002,-0.0006773994237277676,-0.17070465477939742,0.09814397867107202,-1.7393288624614596,-2.3509930892410105,-1.1923725771327782,0.23494923992508515,0.8825253800374574,-0.13302758985844065,-0.1023462359346492,-0.16142826063639537,1.0,1.0
TabNet,TABNET C - MARKET + SEC + FINBERT,Growth,fixed_ex_ante_growth_companies,2026,5.0,0.0,66,66,1.0,53,-0.0006742993517094119,-0.0017704145386215888,0.4393939393939394,0.00971361224809887,0.008816176011018605,0.8635684850788049,-0.00019765621237192993,-0.04980936551772634,0.10430625307433294,-0.47753000467028694,-0.6824401734324708,-0.38689489292062873,0.699368127762926,0.650315936118537,-0.11035903612144937,-0.03339359759723093,-0.05387526326232828,1.0,1.0
TabNet,TABNET C - MARKET + SEC + FINBERT,Momentum,positive_relative_momentum_60d,2026,5.0,0.0,35,35,1.0,33,-0.0028356633409420138,-0.0046334060508468325,0.34285714285714286,0.013022778185846351,0.01110963283317942,0.6115857354202086,-0.0006834120692246849,-0.1722198414446206,0.11137000983357598,-1.5463753815050802,-1.962057651114961,-1.2406532586320587,0.21662062244488386,0.891689688777558,-0.14577496668050371,-0.10396142134201036,-0.1638872092225352,1.0,1.0
TabNet,TABNET C - MARKET + SEC + FINBERT,Value,fixed_ex_ante_mature_semiconductor_proxy,2026,5.0,0.0,18,18,1.0,18,-0.003754205082582803,-0.009339492241012715,0.3333333333333333,0.016123339373958812,0.01369297731085361,0.5887448364198632,-0.00043597220313864807,-0.10986499519093931,0.09480172991971182,-1.1588923038006234,-1.5417876954792162,-0.780482978325015,0.436304653592797,0.7818476732036015,-0.11220977099185325,-0.06792256537426744,-0.10836107136946849,1.0,1.0
Transformer,TRANSFORMER A - MARKET SEQUENCE,Dividend,fixed_ex_ante_dividend_payers,2026,5.0,0.0,46,46,1.0,41,-0.0023167155150299263,-0.0020807499393131193,0.43478260869565216,0.008575781847881991,0.010695559640346786,0.6167751374801032,-0.0005532276179764746,-0.1394133597300716,0.09709662700445641,-1.4358208315894743,-1.9772116602419456,-1.0404391951684508,0.29976660339495914,0.8501166983025205,-0.13466861952542009,-0.08483310874972516,-0.13458753703095927,1.0,1.0
Transformer,TRANSFORMER A - MARKET SEQUENCE,Growth,fixed_ex_ante_growth_companies,2026,5.0,0.0,66,66,1.0,53,-0.0005918461790405282,-0.0017822017020561179,0.4393939393939394,0.009831741127602114,0.00876168487884152,0.8795065525334805,-0.00036556008884469415,-0.09212114238886293,0.1064863273802659,-0.8650983150155563,-1.1504084164681432,-0.7787327402449663,0.4373320948636112,0.7813339525681944,-0.10366022728246271,-0.05837350633901839,-0.09341804310875623,1.0,1.0
Transformer,TRANSFORMER A - MARKET SEQUENCE,Momentum,positive_relative_momentum_60d,2026,5.0,0.0,35,35,1.0,33,-0.0011273661186569392,0.000348361452156277,0.5142857142857142,0.01004851791264811,0.01296065509297993,0.8209158507265806,-0.00031649878524111423,-0.07975769388076079,0.11084313572286177,-0.7195546513604315,-0.9352435304228977,-0.6042017168288194,0.5465986093516108,0.7267006953241946,-0.1152275075702196,-0.051463504636114044,-0.08254498942826805,1.0,1.0
Transformer,TRANSFORMER A - MARKET SEQUENCE,Value,fixed_ex_ante_mature_semiconductor_proxy,2026,5.0,0.0,18,18,1.0,18,-0.00263300752586589,-0.005753525117048686,0.3888888888888889,0.015118687750600728,0.013929540883617374,0.6906891759321334,-0.0003057686159070066,-0.07705369120856566,0.09458231751268953,-0.8146733262084411,-1.1015008503093031,-0.551285824962224,0.5822367247921766,0.7088816376039118,-0.11101031805068051,-0.04890094036984105,-0.07850000038139204,1.0,1.0
Transformer,TRANSFORMER B - MARKET SEQUENCE + SEC,Dividend,fixed_ex_ante_dividend_payers,2026,5.0,0.0,46,46,1.0,41,-0.0020486341797321225,-0.0034617944955031,0.41304347826086957,0.009404289877341543,0.01010809925693211,0.6547060381159197,-0.0006718196001367163,-0.1692985392344525,0.097586421087059,-1.7348575482998558,-2.3230942639970995,-1.3024308915895144,0.19471355881059108,0.9026432205947045,-0.13618027137294708,-0.10154043487981823,-0.1602004700755375,1.0,1.0
Transformer,TRANSFORMER B - MARKET SEQUENCE + SEC,Growth,fixed_ex_ante_growth_companies,2026,5.0,0.0,66,66,1.0,53,-0.0008297062991172282,-0.00221170100589707,0.4090909090909091,0.010317271330755898,0.008546844658260163,0.8357150026126645,-0.0005198105075645854,-0.13099224790627553,0.10641210060026253,-1.2309901521289242,-1.615845667861255,-1.2623308138946616,0.20873805353854102,0.8956309732307295,-0.10859979188861024,-0.08062537661323554,-0.12809010278484434,1.0,1.0
Transformer,TRANSFORMER B - MARKET SEQUENCE + SEC,Momentum,positive_relative_momentum_60d,2026,5.0,0.0,35,35,1.0,33,-0.001905226765915421,-0.0046334060508468325,0.37142857142857144,0.013196613714855506,0.010829041595461879,0.7201005688805935,-0.00032887671428013843,-0.08287693199859489,0.11086231808370603,-0.7475662915150222,-1.0524954852631505,-0.6174960893063378,0.5378195526069953,0.7310902236965023,-0.09566566404181043,-0.05326684835456075,-0.08538742731521443,1.0,1.0
Transformer,TRANSFORMER B - MARKET SEQUENCE + SEC,Value,fixed_ex_ante_mature_semiconductor_proxy,2026,5.0,0.0,18,18,1.0,18,-0.0013733892062415265,-0.005753525117048686,0.3888888888888889,0.016738197018689196,0.012898944076651986,0.8257714629730163,-0.00015949035943449986,-0.040191570577493965,0.09428082315554988,-0.4262963477862685,-0.6408426326435682,-0.352168166893472,0.7251936101211236,0.6374031949394382,-0.08189396349353861,-0.02705401714778466,-0.04373619925406569,1.0,1.0
Transformer,TRANSFORMER C - MARKET SEQUENCE + SEC + FINBERT,Dividend,fixed_ex_ante_dividend_payers,2026,5.0,0.0,46,46,1.0,41,-0.0018238213899595232,-0.0020807499393131193,0.43478260869565216,0.009142610091712956,0.010259537914322967,0.685486720001994,-0.0006051009657525901,-0.1524854433696527,0.09752370703503392,-1.5635730839771567,-2.1046894758451278,-1.1699050707131273,0.24384656771717889,0.8780767161414106,-0.13618027137294708,-0.09219142574239048,-0.14590476560551402,1.0,1.0
Transformer,TRANSFORMER C - MARKET SEQUENCE + SEC + FINBERT,Growth,fixed_ex_ante_growth_companies,2026,5.0,0.0,66,66,1.0,53,-0.0011911926044609199,-0.0023757149105194933,0.3787878787878788,0.010745491114162698,0.008469658286548491,0.7736001272393804,-0.0006120665573968848,-0.15424077246401496,0.1068605327063017,-1.443383900096534,-1.8844096084170652,-1.4259635463950224,0.1559027956188212,0.9220486021905894,-0.1212887942715486,-0.09371259230021001,-0.14823715705872187,1.0,1.0
Transformer,TRANSFORMER C - MARKET SEQUENCE + SEC + FINBERT,Momentum,positive_relative_momentum_60d,2026,5.0,0.0,35,35,1.0,33,-0.0016097585279285763,-0.003352226923013512,0.4,0.012551905175563668,0.011050867663590072,0.7572198888309407,-0.0002621580798960122,-0.06606383613379507,0.11075473208268012,-0.5964877065882603,-0.8431974511514861,-0.49200774646079776,0.6234144785871307,0.6882927607064346,-0.09566566404181054,-0.04341552367724488,-0.0698181984959918,1.0,1.0
Transformer,TRANSFORMER C - MARKET SEQUENCE + SEC + FINBERT,Value,fixed_ex_ante_mature_semiconductor_proxy,2026,5.0,0.0,18,18,1.0,18,-0.0013733892062415265,-0.005753525117048686,0.3888888888888889,0.016738197018689196,0.012898944076651986,0.8257714629730163,-0.00015949035943449986,-0.040191570577493965,0.09428082315554988,-0.4262963477862685,-0.6408426326435682,-0.352168166893472,0.7251936101211236,0.6374031949394382,-0.08189396349353861,-0.02705401714778466,-0.04373619925406569,1.0,1.0
Tree,TREE A - MARKET,Dividend,fixed_ex_ante_dividend_payers,2026,5.0,0.0,46,46,1.0,41,-0.0020363207445521143,-0.0034617944955031,0.41304347826086957,0.009427553617239608,0.010103491591738881,0.6566249238769316,-0.0005904152528195094,-0.14878464371051636,0.09768652853360345,-1.5230825165348727,-1.830765936797494,-1.248707326362303,0.21366705107262943,0.8931664744636852,-0.11101594778171586,-0.09015446585151976,-0.14277765132836084,1.0,1.0
Tree,TREE A - MARKET,Growth,fixed_ex_ante_growth_companies,2026,5.0,0.0,66,66,1.0,53,-0.0041380890692200405,-0.003361433285339054,0.36363636363636365,0.00720258951245592,0.010618476830177732,0.3876041264216054,-0.0015002798958898406,-0.3780705337642398,0.1054237086277414,-3.586200283460277,-3.8123398456546886,-2.6712512487414863,0.00836937258625509,0.9958153137068725,-0.21606265745256836,-0.2103431724006266,-0.3195988153451278,0.6946579246591724,1.0
Tree,TREE A - MARKET,Momentum,positive_relative_momentum_60d,2026,5.0,0.0,35,35,1.0,33,-0.0006499538894701848,-0.0018596205965912818,0.45714285714285713,0.011951752277402135,0.011261916977362665,0.8936874172479157,-2.659675016331629e-05,-0.006702381041155705,0.11040098078470124,-0.06070943386115719,-0.08261015008015639,-0.040635205307994096,0.9676393512447786,0.5161803243776106,-0.07885666382685386,-0.00783175734667263,-0.012738745777231997,1.0,1.0
Tree,TREE A - MARKET,Value,fixed_ex_ante_mature_semiconductor_proxy,2026,5.0,0.0,18,18,1.0,18,-0.004260693646664864,-0.006090720966437202,0.3333333333333333,0.015363606527835721,0.014072843733915158,0.5458600556620217,-0.0004947902299352745,-0.12468713794368919,0.09488582243548813,-1.3140755356624818,-1.6311694235776895,-1.0331119025186057,0.30317120856841256,0.8484143957157937,-0.12156108054220716,-0.07640272235551337,-0.12155074763034235,1.0,1.0
Tree,TREE B - MARKET + SEC,Dividend,fixed_ex_ante_dividend_payers,2026,5.0,0.0,46,46,1.0,41,0.0004290632345509355,-0.0005122321036541691,0.4782608695652174,0.010575843099909076,0.008872151642027358,1.0926912921168288,0.0001224158392851107,0.030848791499847893,0.09633117459059647,0.3202368457662226,0.5011524387557124,0.24999865071836577,0.8029215744166828,0.4014607872083414,-0.04154838389350923,0.016280634315201103,0.026682879279341654,1.0,1.0
Tree,TREE B - MARKET + SEC,Growth,fixed_ex_ante_growth_companies,2026,5.0,0.0,66,66,1.0,53,-0.00047433524591045757,-0.001692995644086425,0.45454545454545453,0.00961490776496034,0.008882037754969456,0.9020928933773152,-0.00045051427267614447,-0.1135295967143884,0.10534826070294047,-1.077659905886036,-1.3431365542059772,-0.9494574192473666,0.34387563698353696,0.8280621815082315,-0.09617084522667663,-0.070638940748318,-0.11259427964608115,1.0,1.0
Tree,TREE B - MARKET + SEC,Momentum,positive_relative_momentum_60d,2026,5.0,0.0,35,35,1.0,33,0.004207546578989661,0.004284742488676275,0.6285714285714286,0.012283377028930976,0.009459243413218717,2.1975598391438553,0.0008881589206790858,0.22381604801112961,0.10724011768413534,2.0870552256419246,3.6896488010320194,1.4260433966912354,0.15587978188516363,0.07793989094258182,-0.04580084953166008,0.14351468482341945,0.24442247803938466,1.0,1.0
Tree,TREE B - MARKET + SEC,Value,fixed_ex_ante_mature_semiconductor_proxy,2026,5.0,0.0,18,18,1.0,18,0.00207715724947593,0.00041298303715078897,0.5,0.01624692191469794,0.012092607415746082,1.3435416660878632,0.00024121826122946283,0.06078700182982463,0.09315201932217008,0.6525569952444112,1.1103677627217707,0.5420678442603184,0.5885552540021526,0.2942776270010763,-0.06017535957765574,0.035362104263407135,0.058300864950789455,1.0,1.0
Tree,TREE C - MARKET + SEC + FINBERT,Dividend,fixed_ex_ante_dividend_payers,2026,5.0,0.0,46,46,1.0,41,-0.00404834415513733,-0.004751818478681862,0.2826086956521739,0.010686917882247191,0.009853144351682747,0.4272745636669308,-0.0008931902190516972,-0.2250839352010277,0.09779409828103548,-2.301610620246157,-2.9610219795925428,-1.7872554404972725,0.0758630408847905,0.9620684795576048,-0.13501500733736027,-0.13188260399669383,-0.2059511121741867,1.0,1.0
Tree,TREE C - MARKET + SEC + FINBERT,Growth,fixed_ex_ante_growth_companies,2026,5.0,0.0,66,66,1.0,53,-0.003513786992019899,-0.0046409625374240196,0.2727272727272727,0.011037452459065542,0.00897050178617694,0.4614061477059871,-0.0013758606908283201,-0.3467168940887367,0.10398936791777348,-3.3341571454006034,-3.7438548857193883,-2.974243026585859,0.003410668039909953,0.998294665980045,-0.19762857616884288,-0.19486002513299672,-0.2977112086920408,0.286496115352436,1.0
Tree,TREE C - MARKET + SEC + FINBERT,Momentum,positive_relative_momentum_60d,2026,5.0,0.0,35,35,1.0,33,-0.006022602305943121,-0.006929609871080932,0.22857142857142856,0.013062738292829605,0.011677518038912817,0.33144380190686107,-0.0012586066749315544,-0.31716888208275174,0.1113001818734867,-2.8496708338111523,-3.3506024742405653,-2.417251176364308,0.016806701123305463,0.9915966494383472,-0.19556036045546266,-0.18046433438998677,-0.2771212673229554,1.0,1.0
Tree,TREE C - MARKET + SEC + FINBERT,Value,fixed_ex_ante_mature_semiconductor_proxy,2026,5.0,0.0,18,18,1.0,18,-0.006981091858523112,-0.010615805034484616,0.2777777777777778,0.01373961105205802,0.014950592977977394,0.35346195278255776,-0.000810707441634942,-0.20429827529200537,0.09517861338699597,-2.146472490215099,-2.56477703370255,-1.6889580437857898,0.09325119270294159,0.9533744036485292,-0.13811559786299865,-0.12057977012899701,-0.18902432030619565,1.0,1.0
XGBoost,XGB A - MARKET,Dividend,fixed_ex_ante_dividend_payers,2026,5.0,0.0,46,46,1.0,41,-0.00232826742852623,-0.0029317425732134908,0.391304347826087,0.00962499683040138,0.010012508737836837,0.6179767852804563,-0.0005120276981827158,-0.12903097994204438,0.09833761368883841,-1.3121223416131131,-1.7655678519993085,-1.047501733771597,0.2965094746878694,0.8517452626560653,-0.13591891023902392,-0.07903913312532573,-0.1256358048072631,1.0,1.0
XGBoost,XGB A - MARKET,Growth,fixed_ex_ante_growth_companies,2026,5.0,0.0,66,66,1.0,53,-0.002628712666665485,-0.0016542500258239215,0.4393939393939394,0.007481613337093843,0.010553022237179552,0.5556670950142775,-0.0008435499642980209,-0.21257459100310125,0.10716166739539504,-1.9836812562720172,-2.3244705337879865,-1.8719979313677069,0.06310317385403462,0.9684484130729827,-0.13948700332071184,-0.12570985800031687,-0.1967241001001977,1.0,1.0
XGBoost,XGB A - MARKET,Momentum,positive_relative_momentum_60d,2026,5.0,0.0,35,35,1.0,33,-0.0022946522842117734,-0.0018596205965912818,0.45714285714285713,0.010108814482683463,0.012739676930018288,0.6682026496367577,-0.00041681150873415344,-0.10503650020100666,0.11098841860898306,-0.9463735182231467,-1.2099933374601277,-0.8340674038167517,0.40553488607747834,0.7972325569612608,-0.12682037574562455,-0.06611439266223307,-0.1055388918664617,1.0,1.0
XGBoost,XGB A - MARKET,Value,fixed_ex_ante_mature_semiconductor_proxy,2026,5.0,0.0,18,18,1.0,18,-0.0028276559613924007,-0.005753525117048686,0.3888888888888889,0.014868425476352356,0.014088798694502701,0.6715778618389361,-0.00032837295035524654,-0.08274998348952213,0.09462370546823945,-0.8745164129859326,-1.1646507991083024,-0.5922664772938847,0.5545407416662941,0.722729629166853,-0.11260952857677098,-0.05223260551029907,-0.08375766657095829,1.0,1.0
XGBoost,XGB B - MARKET + SEC,Dividend,fixed_ex_ante_dividend_payers,2026,5.0,0.0,46,46,1.0,41,-0.0020075503057623858,-0.0025262578210905598,0.41304347826086957,0.009454022987936487,0.010073101882809741,0.6604550483961902,-0.0004168471327173168,-0.10504547744476384,0.09820604850432797,-1.0696436629372628,-1.4766670818669048,-0.7764504895735793,0.4386739533555636,0.7806630233222183,-0.14483084449436834,-0.06533544239531397,-0.10432205067874312,1.0,1.0
XGBoost,XGB B - MARKET + SEC,Growth,fixed_ex_ante_growth_companies,2026,5.0,0.0,66,66,1.0,53,-0.000818565637663284,-0.00030700435591357513,0.48484848484848486,0.008550514029904626,0.009636522971844847,0.8351085386184866,-0.00036132847830833647,-0.0910547765337008,0.10396689936269342,-0.875805444731519,-1.0700782229110402,-0.883755682944241,0.37820570285854715,0.8108971485707264,-0.10239495271668553,-0.05761702547595704,-0.0922301467943849,1.0,1.0
XGBoost,XGB B - MARKET + SEC,Momentum,positive_relative_momentum_60d,2026,5.0,0.0,35,35,1.0,33,-0.002183783075130601,-0.002348361452156277,0.42857142857142855,0.010978749525457061,0.012055682525571348,0.6830025696701535,-0.00042420486343687334,-0.10689962558609208,0.11110630011389858,-0.9621382898765048,-1.2433685423356746,-0.7708713746778081,0.4419642568531854,0.7790178715734073,-0.12782607525543932,-0.06719001132239677,-0.10721812329006664,1.0,1.0
XGBoost,XGB B - MARKET + SEC,Value,fixed_ex_ante_mature_semiconductor_proxy,2026,5.0,0.0,18,18,1.0,18,-0.002578272398753831,-0.004222932213290814,0.4444444444444444,0.013165428799776703,0.015173233357578258,0.694139659729216,-0.000299412278564961,-0.07545189419837017,0.0945704291049541,-0.797838128815444,-1.0637396628689684,-0.5397740478717293,0.5901325080174118,0.7049337459912941,-0.11142609573033901,-0.047964320294492935,-0.07701983561372483,1.0,1.0
XGBoost,XGB C - MARKET + SEC + FINBERT,Dividend,fixed_ex_ante_dividend_payers,2026,5.0,0.0,46,46,1.0,41,-0.0013206215093248493,-0.0005122321036541691,0.4782608695652174,0.008746627231311664,0.01054893285490832,0.7600523900360004,-0.0002129843931294028,-0.053672067068609504,0.0978446761767301,-0.5485435607315553,-0.7710627700702949,-0.3970980620166392,0.6918449471251513,0.6540775264374243,-0.08204430736014812,-0.03529866134045789,-0.056913911504609005,1.0,1.0
XGBoost,XGB C - MARKET + SEC + FINBERT,Growth,fixed_ex_ante_growth_companies,2026,5.0,0.0,66,66,1.0,53,-0.0003620333837597517,0.0002091133056184866,0.5151515151515151,0.008431823921640135,0.009705506770747132,0.9230649288448224,-0.0001273299137442083,-0.032087138263540496,0.10682841114673634,-0.30036146675874975,-0.38016941866158527,-0.26774042482925914,0.789257391726779,0.6053713041366104,-0.08123238322662596,-0.02297832215620854,-0.03719577691515663,1.0,1.0
XGBoost,XGB C - MARKET + SEC + FINBERT,Momentum,positive_relative_momentum_60d,2026,5.0,0.0,35,35,1.0,33,-0.0025162977440567405,-0.0018596205965912818,0.45714285714285713,0.00986638976097803,0.01294382406408602,0.6418921259243365,-0.0004992888209363242,-0.1258207828759537,0.11119852038089902,-1.1314969160108215,-1.4419360661537743,-0.8018559582607783,0.42387186248101527,0.7880640687594924,-0.1210203447907997,-0.0779950830258982,-0.12401895412541353,1.0,1.0
XGBoost,XGB C - MARKET + SEC + FINBERT,Value,fixed_ex_ante_mature_semiconductor_proxy,2026,5.0,0.0,18,18,1.0,18,-0.004285327938122036,-0.009339492241012715,0.3888888888888889,0.012994275791985683,0.01528143940273604,0.5411194833792592,-0.000497650986362559,-0.12540804856336488,0.09488967475815456,-1.3216195427267776,-1.696173813836506,-0.9020428429727035,0.3684427615913315,0.8157786192043343,-0.113836896853314,-0.0768032917846102,-0.12217189499520575,1.0,1.0
