Family,Model,Portfolio_Type,Portfolio_Definition,Cost_Bps_Per_Side,Probability_Margin,Num_Candidate_Events,Num_Trades,Trade_Coverage,Active_Sessions,Mean_Trade_Return_Net,Median_Trade_Return_Net,Win_Rate,Avg_Win,Avg_Loss,Profit_Factor,Mean_Daily_Return_Net,Annualized_Return_Arithmetic,Annualized_Volatility,Sharpe,Sortino,HAC_t,HAC_p_value,HAC_p_value_Positive,Max_Drawdown,Cumulative_Return,CAGR,HAC_p_value_Holm,HAC_p_value_Positive_Holm,HAC_p_value_Positive_Global_Holm
CatBoost,CAT A - MARKET,Dividend,fixed_ex_ante_dividend_payers,0.0,0.0,231,231,1.0,213,0.0012447327267369477,0.0007909263075999151,0.5541125541125541,0.008158021474969399,0.007346538727377165,1.379986433194606,0.00027057498531193983,0.06818489629860884,0.07827461784220471,0.871098424728998,1.4364324392900178,1.6262648410299514,0.10424107095352252,0.05212053547676126,-0.06352367037646556,0.26417060066803555,0.06706642045661293,1.0,1.0,1.0
CatBoost,CAT A - MARKET,Growth,fixed_ex_ante_growth_companies,0.0,0.0,297,297,1.0,248,0.00040117771661831825,0.0008692020855896598,0.5353535353535354,0.00832430014566716,0.008727637255981434,1.0989276010077718,0.00015295950743117063,0.038545795872655,0.09695513049903645,0.3975632405862016,0.5697746884792529,0.82717345643696,0.40835655867930315,0.20417827933965157,-0.1455290227460928,0.12955127695999935,0.0343092671957379,1.0,1.0,1.0
CatBoost,CAT A - MARKET,Momentum,positive_relative_momentum_60d,0.0,0.0,251,251,1.0,222,0.0006679328342320175,0.000876882916013455,0.5617529880478087,0.007882987326119749,0.008580455196278617,1.177624758887498,0.0001946182555250023,0.04904380039230058,0.09103737977499853,0.5387215725399143,0.7872802906121793,1.1465853558359493,0.25185575263872595,0.12592787631936297,-0.07757954854368154,0.1754109536966033,0.04577087630508081,1.0,1.0,1.0
CatBoost,CAT A - MARKET,Value,fixed_ex_ante_mature_semiconductor_proxy,0.0,0.0,95,95,1.0,95,0.0012291697706295422,0.0009666412758597698,0.5578947368421052,0.009404496899126313,0.009087314462949716,1.3059501207658086,0.00012874435304278557,0.03244357696678196,0.06380132266944058,0.5085094729912508,0.8005780116437152,0.9050153927280515,0.36569782761744,0.18284891380872,-0.10794396899468739,0.11568774915719349,0.03077824732532708,1.0,1.0,1.0
CatBoost,CAT B - MARKET + SEC,Dividend,fixed_ex_ante_dividend_payers,0.0,0.0,231,231,1.0,213,0.001200427102162597,0.0004803383925531257,0.5324675324675324,0.00844804430209549,0.007053803597760978,1.3639993877277312,0.00028056118394186036,0.07070141835334881,0.0784670767308476,0.9010329083096084,1.5960387526614739,1.6307033538008704,0.10330048416600496,0.05165024208300248,-0.10288894634580037,0.275631704075993,0.0697365919571038,1.0,1.0,1.0
CatBoost,CAT B - MARKET + SEC,Growth,fixed_ex_ante_growth_companies,0.0,0.0,297,297,1.0,248,0.0010518910436677627,0.0011333942733422475,0.5622895622895623,0.008504159594179167,0.00852140778660458,1.2820151929684924,0.000269880966322517,0.06801000351327428,0.09711899480771553,0.7002749940722338,1.0311629781471876,1.288571289821723,0.1978761188367554,0.0989380594183777,-0.10025678677350758,0.2558351817088902,0.06511344571860556,1.0,1.0,1.0
CatBoost,CAT B - MARKET + SEC,Momentum,positive_relative_momentum_60d,0.0,0.0,251,251,1.0,222,0.0011152262925846787,0.000827475514683873,0.549800796812749,0.008461134362363358,0.007855882677587514,1.3153285464530906,0.0003158064523950919,0.07958322600356316,0.09095857349911028,0.8749392491774468,1.3962745017132754,1.6588153057988277,0.09749912846712334,0.04874956423356167,-0.0882348193701259,0.3120423620970849,0.0781059720949624,1.0,1.0,1.0
CatBoost,CAT B - MARKET + SEC,Value,fixed_ex_ante_mature_semiconductor_proxy,0.0,0.0,95,95,1.0,95,0.0004831562668928906,-0.00043224925585805263,0.4842105263157895,0.01006527596143921,0.008512303038191409,1.1100444302383046,5.0606224205980824e-05,0.012752768499907167,0.06382902341569892,0.19979576401870172,0.30993248327779266,0.3637394628584363,0.7161374331680727,0.35806871658403633,-0.09657350832325595,0.03935562847819685,0.010746484575655746,1.0,1.0,1.0
CatBoost,CAT C - MARKET + SEC + FINBERT,Dividend,fixed_ex_ante_dividend_payers,0.0,0.0,231,231,1.0,213,0.0022116427469009263,0.0008167337437686162,0.5541125541125541,0.009030506688476738,0.0062622852581641604,1.7920578161624958,0.00047517588939762764,0.11974432412820217,0.07800432458337275,1.535098531623292,2.998687721185159,2.888083371024908,0.003968249788900642,0.001984124894450321,-0.06757721671652284,0.5220156061150263,0.12334838225799194,0.3333329822676539,0.16666649113382695,1.0
CatBoost,CAT C - MARKET + SEC + FINBERT,Growth,fixed_ex_ante_growth_companies,0.0,0.0,297,297,1.0,248,0.0005085283062053635,0.0007047828075209539,0.5353535353535354,0.008424561545375815,0.008612118686751895,1.1270815457226524,4.5828883866432595e-05,0.011548878734341014,0.09718165786408904,0.11883805018527681,0.15834469841669546,0.2223697023669933,0.8240762128279145,0.4120381064139573,-0.16527556305914037,0.024799591682364452,0.006806651244337214,1.0,1.0,1.0
CatBoost,CAT C - MARKET + SEC + FINBERT,Momentum,positive_relative_momentum_60d,0.0,0.0,251,251,1.0,222,0.001509007416427838,0.0009981281159100464,0.5697211155378487,0.008510881629709512,0.007761992699306226,1.4518227663907624,0.00033654323989813745,0.08480889645433064,0.09096025503787257,0.9323731163574606,1.3999925956941575,1.7193940769546905,0.08588419041405985,0.04294209520702993,-0.11311650667694384,0.33684576046477677,0.08371159350056101,1.0,1.0,1.0
CatBoost,CAT C - MARKET + SEC + FINBERT,Value,fixed_ex_ante_mature_semiconductor_proxy,0.0,0.0,95,95,1.0,95,0.0023213945885033854,0.0008481586280856268,0.5473684210526316,0.01058305797120581,0.0076694541533693155,1.6687128393250112,0.00024314496792483088,0.06127253191705738,0.06371715436487155,0.9616332136583625,1.8016111907485812,1.871281155907302,0.06162821525286762,0.03081410762643381,-0.05138051787392117,0.2377140943492546,0.06083514265853829,1.0,1.0,1.0
LSTM,LSTM A - MARKET SEQUENCE,Dividend,fixed_ex_ante_dividend_payers,0.0,0.0,231,231,1.0,213,0.0005725306581522145,0.00015880204892304572,0.5108225108225108,0.008191418727750394,0.007383476352578626,1.1585153761423188,0.00017403459455157683,0.04385671782699736,0.07806993922201587,0.5617619055943838,0.9267221249114651,1.017855274561424,0.30901846432389685,0.15450923216194842,-0.1161848395502334,0.158283553636821,0.04152873764781506,1.0,1.0,1.0
LSTM,LSTM A - MARKET SEQUENCE,Growth,fixed_ex_ante_growth_companies,0.0,0.0,297,297,1.0,248,0.0016603269888789002,0.0010698651590806962,0.5488215488215489,0.009267161902403526,0.007592763241751803,1.484669198575188,0.00038864418020079103,0.09793833341059933,0.09713450715297957,1.0082753933816107,1.5974572117104946,1.8494995780534842,0.06471123697987162,0.03235561848993581,-0.0912632416229533,0.39867804538831786,0.0973655830088449,1.0,1.0,1.0
LSTM,LSTM A - MARKET SEQUENCE,Momentum,positive_relative_momentum_60d,0.0,0.0,251,251,1.0,222,0.001326007951895904,0.0009981281159100464,0.5537848605577689,0.008590572951436707,0.007689836110034198,1.3864423756931294,0.0003190755105603141,0.08040702866119916,0.09108957493423216,0.882724820258016,1.425655620419994,1.6034363657532835,0.10918688122744576,0.05459344061372288,-0.09815241085303139,0.31589219946068714,0.078981038913301,1.0,1.0,1.0
LSTM,LSTM A - MARKET SEQUENCE,Value,fixed_ex_ante_mature_semiconductor_proxy,0.0,0.0,95,95,1.0,95,0.0014023480617386978,0.0008167337437686162,0.5368421052631579,0.009934594205517244,0.008487300877640982,1.3567443873066563,0.00014688320382048102,0.037014567362761215,0.06379143745712827,0.5802435066248078,0.9674866560755501,1.0381675058351765,0.29946906458063105,0.14973453229031553,-0.10287065997778277,0.1342107036821545,0.03548897848147825,1.0,1.0,1.0
LSTM,LSTM B - MARKET SEQUENCE + SEC,Dividend,fixed_ex_ante_dividend_payers,0.0,0.0,231,231,1.0,213,0.0008376744838477506,0.0006775368681061211,0.5454545454545454,0.007914377156685562,0.0076543687235576235,1.240762358206401,0.00021592725439952562,0.05441366810868046,0.07751756695484818,0.7019527346669033,1.1655567616594729,1.185501562151862,0.23613003467421523,0.11806501733710761,-0.11774228933228603,0.20332182784462272,0.05258910569446118,1.0,1.0,1.0
LSTM,LSTM B - MARKET SEQUENCE + SEC,Growth,fixed_ex_ante_growth_companies,0.0,0.0,297,297,1.0,248,0.0010758154093125076,0.0006179971757201419,0.5420875420875421,0.008843151680286742,0.008119340029120226,1.289357385666107,0.00023683986811310806,0.05968364676450323,0.09673361434769516,0.6169897317180654,0.9606127004805418,1.143848349570473,0.25298866045113594,0.12649433022556797,-0.07815744555233162,0.2189970085030195,0.05636830751308941,1.0,1.0,1.0
LSTM,LSTM B - MARKET SEQUENCE + SEC,Momentum,positive_relative_momentum_60d,0.0,0.0,251,251,1.0,222,-3.131839467698694e-05,0.0003947624423444318,0.5139442231075697,0.007936009176393833,0.008455787711628917,0.9923799238316983,5.8511900723715e-05,0.01474499898237618,0.09120423037988977,0.16167012123187002,0.24258656412917368,0.2843849238881071,0.7761803955293688,0.3880901977646844,-0.14605690478238764,0.038898391054631665,0.010623334593758749,1.0,1.0,1.0
LSTM,LSTM B - MARKET SEQUENCE + SEC,Value,fixed_ex_ante_mature_semiconductor_proxy,0.0,0.0,95,95,1.0,95,0.00037924584987480384,0.0007909263075999151,0.5263157894736842,0.009161338988356891,0.009378635415105292,1.0853674433515108,3.9722553184240755e-05,0.01001008340242867,0.06383096620795359,0.1568217433810578,0.2389855891924119,0.2792232136182624,0.7801372556332927,0.39006862781664636,-0.12853830138838396,0.029144504432492058,0.007986887679499732,1.0,1.0,1.0
LSTM,LSTM C - MARKET SEQUENCE + SEC + FINBERT,Dividend,fixed_ex_ante_dividend_payers,0.0,0.0,231,231,1.0,213,0.00046870269378180185,0.00030556303201756396,0.5151515151515151,0.008021809075544232,0.0075564728368407805,1.12792996505088,0.00010990447999963799,0.027695928959908772,0.07849700010366369,0.35282786505641417,0.5576536707265942,0.6318830224992756,0.5276227242966003,0.26381136214830014,-0.143379359022349,0.09269855234350421,0.02485235518078044,1.0,1.0,1.0
LSTM,LSTM C - MARKET SEQUENCE + SEC + FINBERT,Growth,fixed_ex_ante_growth_companies,0.0,0.0,297,297,1.0,248,0.0011848431503981233,0.0006547813003374703,0.5387205387205387,0.00899961275048362,0.00794189506867983,1.323424264864749,0.00027754911793783835,0.06994237772033526,0.09680260112820314,0.7225258092776369,1.1244716610326924,1.3169000416015817,0.18820512312512733,0.09410256156256366,-0.1101189016300641,0.2647931056972612,0.06721189826755469,1.0,1.0,1.0
LSTM,LSTM C - MARKET SEQUENCE + SEC + FINBERT,Momentum,positive_relative_momentum_60d,0.0,0.0,251,251,1.0,222,0.000403547407583483,0.0005296567358811788,0.5179282868525896,0.00829477570721918,0.008074631757314373,1.1036716921842018,0.0001127556304844627,0.0284144188820846,0.09115683533862509,0.311709141465169,0.48048842427900723,0.583991215489494,0.5593715886341465,0.27968579431707324,-0.14144891917172364,0.09132121150858752,0.024494468278603465,1.0,1.0,1.0
LSTM,LSTM C - MARKET SEQUENCE + SEC + FINBERT,Value,fixed_ex_ante_mature_semiconductor_proxy,0.0,0.0,95,95,1.0,95,0.0008651315082033305,0.0008481586280856268,0.5473684210526316,0.009252817657470184,0.009278116858351934,1.206004847986671,9.061465631677663e-05,0.02283489339182771,0.06381785684365035,0.3578135418707609,0.5586306263269305,0.6375454952549732,0.5239306664414671,0.26196533322073356,-0.12853830138838407,0.07776536605333129,0.020954584215606697,1.0,1.0,1.0
Logistic,MODEL A - MARKET,Dividend,fixed_ex_ante_dividend_payers,0.0,0.0,231,231,1.0,213,0.0011642402008043425,0.0008481586280856268,0.5541125541125541,0.0080853895472724,0.007436799763738486,1.351100346596782,0.00033663985849637687,0.08483324434108697,0.07914761511014813,1.0718357618612546,1.8634786027232422,2.154917988898985,0.03143116926615221,0.015715584633076107,-0.08758669751985981,0.34190504653908294,0.08484575196705335,1.0,1.0,1.0
Logistic,MODEL A - MARKET,Growth,fixed_ex_ante_growth_companies,0.0,0.0,297,297,1.0,248,0.0003890937158979327,0.0005821199973792268,0.5252525252525253,0.008472879801628853,0.008554669612995851,1.0958050301616065,2.0339979903593363e-05,0.005125674935705527,0.09702477408824213,0.052828517086201385,0.07264003848942267,0.10459147128164448,0.9167231317897065,0.4583615658948533,-0.1261619146215276,0.00149315237390657,0.0004132522691062679,1.0,1.0,1.0
Logistic,MODEL A - MARKET,Momentum,positive_relative_momentum_60d,0.0,0.0,251,251,1.0,222,0.0006645275977143187,0.0007047828075209539,0.5378486055776892,0.008230176709628988,0.008140322661841545,1.1766392184582037,0.00016253139777614746,0.04095791223958916,0.09124084802574926,0.4488988553463505,0.6682738107701719,0.9247122786134467,0.3553618144323938,0.1776809072161969,-0.11744310461200969,0.14164415772023076,0.03736380640230985,1.0,1.0,1.0
Logistic,MODEL A - MARKET,Value,fixed_ex_ante_mature_semiconductor_proxy,0.0,0.0,95,95,1.0,95,0.0011574936325816048,0.0009666412758597698,0.5578947368421052,0.009340258850875803,0.009168376761932504,1.285562038667674,0.00012123692954272596,0.03055170624476694,0.06380503294129661,0.4788290960193663,0.7571575744731864,0.9086286132492409,0.36378783019512667,0.18189391509756334,-0.12758474416516208,0.10812084378026943,0.0288375665953291,1.0,1.0,1.0
Logistic,MODEL B - MARKET + SEC,Dividend,fixed_ex_ante_dividend_payers,0.0,0.0,231,231,1.0,213,0.0008625238435191339,0.0003741265021349749,0.5238095238095238,0.008265137378383683,0.007280351044831868,1.2487929579544075,0.0002586237688174621,0.06517318974200045,0.07922147479570582,0.8226707456540956,1.4066147241407005,1.5881410702557626,0.1126033412218503,0.05630167061092515,-0.11710351196509983,0.2502307101056309,0.063795051529143,1.0,1.0,1.0
Logistic,MODEL B - MARKET + SEC,Growth,fixed_ex_ante_growth_companies,0.0,0.0,297,297,1.0,248,0.0014422075580530426,0.0010334368873565203,0.5555555555555556,0.008958525179479607,0.007953189468730162,1.4080082611356992,0.0003356836012645933,0.08459226751867752,0.09730344974610737,0.8693655542470798,1.3550900881961812,1.6035786640545515,0.1091554863744628,0.0545777431872314,-0.09597828787419882,0.33301069045572773,0.0828498022306361,1.0,1.0,1.0
Logistic,MODEL B - MARKET + SEC,Momentum,positive_relative_momentum_60d,0.0,0.0,251,251,1.0,222,0.0008877536052487973,0.000827475514683873,0.545816733067729,0.008314516202521827,0.008037390919544229,1.243190285700766,0.000252644727394878,0.06366647130350926,0.0911073885410688,0.698806895061097,1.0982400409085806,1.307570208216433,0.1913508334865726,0.0956754167432863,-0.15172039508288282,0.23894537354165313,0.06112727079793978,1.0,1.0,1.0
Logistic,MODEL B - MARKET + SEC,Value,fixed_ex_ante_mature_semiconductor_proxy,0.0,0.0,95,95,1.0,95,0.001301492840769243,0.0016075575053661195,0.5684210526315789,0.009293957064543156,0.009225167356396398,1.3268942477401087,0.00013631953679501445,0.034352523272343644,0.06379735279105202,0.5384631457178863,0.8565110340803261,1.0116357635903022,0.3119823294863885,0.15599116474319424,-0.12758474416516163,0.12338467600061964,0.03274253491555146,1.0,1.0,1.0
Logistic,MODEL C - MARKET + SEC + FINBERT,Dividend,fixed_ex_ante_dividend_payers,0.0,0.0,231,231,1.0,213,0.0009967588496049367,0.00043224925585805263,0.5324675324675324,0.008256794845425495,0.0072716154789684755,1.29318882915191,0.0002809693583996247,0.07080427831670542,0.07910245962158392,0.8950957865965744,1.536818275878032,1.729993256861932,0.08397203380150753,0.041986016900753764,-0.11710351196509972,0.27586478052204,0.06979071306478613,1.0,1.0,1.0
Logistic,MODEL C - MARKET + SEC + FINBERT,Growth,fixed_ex_ante_growth_companies,0.0,0.0,297,297,1.0,248,0.0016254833501522744,0.001233831117513795,0.5656565656565656,0.00896055422464804,0.007927167091051514,1.472097012236862,0.00037590742871847,0.09472867203705444,0.09734708964975226,0.9731022506978001,1.5243502669030724,1.805804374445847,0.07128069924285027,0.035640349621425135,-0.08588968794266227,0.3825032573317635,0.09383666382784717,1.0,1.0,1.0
Logistic,MODEL C - MARKET + SEC + FINBERT,Momentum,positive_relative_momentum_60d,0.0,0.0,251,251,1.0,222,0.0011906128316378,0.0009666412758597698,0.5657370517928287,0.008289419384910636,0.008057373687304793,1.3402704820724802,0.0003023959582470772,0.07620378147826345,0.09105261187192415,0.836920324542175,1.3212957551369047,1.5748653823859253,0.11563662712509576,0.05781831356254788,-0.1477202936868257,0.2961401900241216,0.07447161434516114,1.0,1.0,1.0
Logistic,MODEL C - MARKET + SEC + FINBERT,Value,fixed_ex_ante_mature_semiconductor_proxy,0.0,0.0,95,95,1.0,95,0.001301492840769243,0.0016075575053661195,0.5684210526315789,0.009293957064543156,0.009225167356396398,1.3268942477401087,0.00013631953679501445,0.034352523272343644,0.06379735279105202,0.5384631457178863,0.8565110340803261,1.0116357635903022,0.3119823294863885,0.15599116474319424,-0.12758474416516163,0.12338467600061964,0.03274253491555146,1.0,1.0,1.0
TabNet,TABNET A - MARKET,Dividend,fixed_ex_ante_dividend_payers,0.0,0.0,231,231,1.0,213,0.0006984231066166359,0.00043224925585805263,0.5324675324675324,0.007976650306277942,0.007590668981886519,1.196800759728863,0.00015938523105903403,0.04016507822687657,0.07941818183113782,0.5057415984701994,0.7746247646062254,1.0323936125208686,0.3021632666505369,0.15108163332526844,-0.11954091132466116,0.14252670475781892,0.03758581115871418,1.0,1.0,1.0
TabNet,TABNET A - MARKET,Growth,fixed_ex_ante_growth_companies,0.0,0.0,297,297,1.0,248,0.0004634146557217074,0.0010276309866117939,0.5353535353535354,0.008382427098225984,0.008660664897598438,1.115158471636842,0.00012386294836096997,0.03121346298696443,0.09723132397631876,0.3210227086341707,0.4413533158944262,0.6633552601529299,0.5072717979140547,0.2536358989570274,-0.1342475242306469,0.09996011992657139,0.026733819607908105,1.0,1.0,1.0
TabNet,TABNET A - MARKET,Momentum,positive_relative_momentum_60d,0.0,0.0,251,251,1.0,222,0.0006407441457590619,0.00043224925585805263,0.5179282868525896,0.008523761789073296,0.007828613652843007,1.1697806285925374,0.00018940934342162374,0.04773115454224918,0.09126737664855938,0.5229815548007494,0.7530484264266659,1.1290473479165377,0.25917671640154205,0.12958835820077103,-0.1360156137541183,0.16973441824918178,0.04436988534778186,1.0,1.0,1.0
TabNet,TABNET A - MARKET,Value,fixed_ex_ante_mature_semiconductor_proxy,0.0,0.0,95,95,1.0,95,2.460112290447385e-05,0.0007909263075999151,0.5157894736842106,0.009004516834423548,0.009540961265452801,1.005325109855744,2.5767438543825975e-06,0.0006493394513044146,0.06383407112948303,0.010172302029542724,0.014289774806356553,0.019168947025440967,0.9847105502913713,0.49235527514568567,-0.13962400972893374,-0.00497743969192066,-0.0013808118619325072,1.0,1.0,1.0
TabNet,TABNET B - MARKET + SEC,Dividend,fixed_ex_ante_dividend_payers,0.0,0.0,231,231,1.0,213,0.0003151809553064268,0.0004803383925531257,0.5281385281385281,0.00767920917373654,0.007927125857982324,1.0842615989381872,5.738534188896405e-05,0.01446110615601894,0.07863696554782447,0.1838970521722912,0.2706575972679118,0.3853017337840544,0.7001043176375868,0.3500521588187934,-0.10349498816422398,0.04179841966921072,0.01140375054766718,1.0,1.0,1.0
TabNet,TABNET B - MARKET + SEC,Growth,fixed_ex_ante_growth_companies,0.0,0.0,297,297,1.0,248,-0.0003188309226840743,-0.0006812084806518959,0.4713804713804714,0.00869030314446195,0.008352453657718747,0.9277890334330999,-0.0001541950562854487,-0.038857154183933075,0.09708201559899425,-0.4002507976805503,-0.5311858724561073,-0.7403987215552916,0.45924992099572826,0.7703750395021358,-0.19265474270949723,-0.14520325439441373,-0.04251528531374604,1.0,1.0,1.0
TabNet,TABNET B - MARKET + SEC,Momentum,positive_relative_momentum_60d,0.0,0.0,251,251,1.0,222,-0.00019136854268832885,-0.0003816912904520686,0.4940239043824701,0.008094023307898233,0.008281042475544497,0.9543274207640906,-9.956840678409055e-05,-0.02509123850959082,0.09122771384367842,-0.27503965026006744,-0.3593625066086321,-0.5095512232384184,0.6104899919645731,0.6947550040177135,-0.23875702286091927,-0.09999769831052341,-0.028753643162840126,1.0,1.0,1.0
TabNet,TABNET B - MARKET + SEC,Value,fixed_ex_ante_mature_semiconductor_proxy,0.0,0.0,95,95,1.0,95,-0.00030555851358640023,-0.00043224925585805263,0.49473684210526314,0.009054015790498667,0.009470141686336362,0.9361412695990642,-3.2004474962191864e-05,-0.00806512769047235,0.06383206018071189,-0.12634916792031395,-0.17321963836766438,-0.22730989833095352,0.820234059080178,0.589882970459911,-0.1133860631719521,-0.03571006972616442,-0.01001898329205686,1.0,1.0,1.0
TabNet,TABNET C - MARKET + SEC + FINBERT,Dividend,fixed_ex_ante_dividend_payers,0.0,0.0,231,231,1.0,213,0.0010302420423601813,0.0008167337437686162,0.5454545454545454,0.00809089741865529,0.007442544409193948,1.3045373152752033,0.0002588141835037022,0.06522117424293296,0.07885169223186089,0.8271372800871816,1.3454530210031266,1.4133212002898405,0.15790477307226752,0.07895238653613376,-0.11539503529820849,0.25055638196629526,0.0638717792982213,1.0,1.0,1.0
TabNet,TABNET C - MARKET + SEC + FINBERT,Growth,fixed_ex_ante_growth_companies,0.0,0.0,297,297,1.0,248,0.0005426411996787299,0.00034462428800857703,0.5084175084175084,0.008904444042354633,0.008105524754047718,1.1361868645870137,9.348570606526913e-05,0.02355839792844782,0.09698978450050201,0.24289566215425387,0.3552645206547921,0.4701534457711043,0.6383585412808337,0.31917927064041685,-0.131649943900906,0.07024741378969823,0.01897749859449749,1.0,1.0,1.0
TabNet,TABNET C - MARKET + SEC + FINBERT,Momentum,positive_relative_momentum_60d,0.0,0.0,251,251,1.0,222,0.00030873896111038217,0.0005296567358811788,0.5179282868525896,0.008203249091585534,0.008172966137747217,1.0783610217374424,5.572445571561263e-05,0.014042562840334383,0.09114704375683783,0.1540649291687084,0.21945256176194572,0.3096982218763581,0.7568616706229807,0.37843083531149035,-0.12402109536948458,0.03625668093398171,0.009911061568262713,1.0,1.0,1.0
TabNet,TABNET C - MARKET + SEC + FINBERT,Value,fixed_ex_ante_mature_semiconductor_proxy,0.0,0.0,95,95,1.0,95,0.0017472529623664729,0.0016863254613823653,0.5684210526315789,0.009686060875207389,0.008708737947228876,1.464879410324787,0.00018300885493364378,0.046118231443278236,0.06376786770420868,0.7232205357281287,1.21714860742268,1.256363645270569,0.20930800460311716,0.10465400230155858,-0.10407988556724868,0.17199004701048737,0.04492717063271767,1.0,1.0,1.0
Transformer,TRANSFORMER A - MARKET SEQUENCE,Dividend,fixed_ex_ante_dividend_payers,0.0,0.0,231,231,1.0,213,0.001118347322884908,0.000414198597016302,0.5281385281385281,0.00843958389058338,0.007076064248300538,1.3349426229009485,0.00026079098481758474,0.06571932817403135,0.07868027175003067,0.8352707319418446,1.410405038547853,1.5120024154451392,0.13088196106952263,0.06544098053476131,-0.11618483955023351,0.25287548783873093,0.06441773957966235,1.0,1.0,1.0
Transformer,TRANSFORMER A - MARKET SEQUENCE,Growth,fixed_ex_ante_growth_companies,0.0,0.0,297,297,1.0,248,0.001364140583306724,0.0006547813003374703,0.531986531986532,0.009282048790280422,0.007636071623181364,1.3817075808133643,0.0003376530332816829,0.08508856438698409,0.09701037717147984,0.8771078607041984,1.356784519465107,1.625464711065974,0.1044113530593421,0.05220567652967105,-0.10608144162612454,0.33552398644854753,0.08341477541347886,1.0,1.0,1.0
Transformer,TRANSFORMER A - MARKET SEQUENCE,Momentum,positive_relative_momentum_60d,0.0,0.0,251,251,1.0,222,0.0013147069295034956,0.0010334368873565203,0.549800796812749,0.008642546101010545,0.00763433559853166,1.3825189744740933,0.00030875841807798745,0.07780712135565283,0.09098086824767047,0.8552031086782365,1.333439198601001,1.615527940719901,0.10654456610679588,0.05327228305339794,-0.09815241085303084,0.3036592356161154,0.07619404728709589,1.0,1.0,1.0
Transformer,TRANSFORMER A - MARKET SEQUENCE,Value,fixed_ex_ante_mature_semiconductor_proxy,0.0,0.0,95,95,1.0,95,0.001914486153553134,0.0011933214657005031,0.5578947368421052,0.010018695544199346,0.008312254267976608,1.5209640138182012,0.00020052501057061492,0.05053230266379496,0.06375457738194215,0.7926066603981243,1.3536991775720992,1.4241379688639906,0.15475085631554947,0.07737542815777473,-0.10287065997778289,0.1907600622310055,0.04953475363248061,1.0,1.0,1.0
Transformer,TRANSFORMER B - MARKET SEQUENCE + SEC,Dividend,fixed_ex_ante_dividend_payers,0.0,0.0,231,231,1.0,213,0.001111762057385872,0.0003741265021349749,0.5238095238095238,0.008503046582529204,0.007018650920271794,1.3326423193048502,0.00022525107854546366,0.05676327179345684,0.07878571559353638,0.7204766925809802,1.1977367008533086,1.2994285044665992,0.19412746257848304,0.09706373128924152,-0.10892209412679366,0.2131030740281996,0.054951456816269006,1.0,1.0,1.0
Transformer,TRANSFORMER B - MARKET SEQUENCE + SEC,Growth,fixed_ex_ante_growth_companies,0.0,0.0,297,297,1.0,248,0.0012293232499464499,0.0006547813003374703,0.531986531986532,0.009155337562406999,0.007780103090836045,1.3376155123171396,0.00027856606707164793,0.07019864890205528,0.09709015032368076,0.7230254425194096,1.1024261357112448,1.3793595324103636,0.1681243000570554,0.0840621500285277,-0.10489353346137853,0.2658149213608103,0.06745058173703566,1.0,1.0,1.0
Transformer,TRANSFORMER B - MARKET SEQUENCE + SEC,Momentum,positive_relative_momentum_60d,0.0,0.0,251,251,1.0,222,0.0009919539445798547,0.0006547813003374703,0.5258964143426295,0.008728529260087409,0.0075897934642184415,1.2756692412854653,0.00024844273180794804,0.0626075684156029,0.09102097372471614,0.687836724368092,1.0837247962301084,1.3029048376326997,0.1929382989359125,0.09646914946795625,-0.09683811777812557,0.23427521920852268,0.06001813499327091,1.0,1.0,1.0
Transformer,TRANSFORMER B - MARKET SEQUENCE + SEC,Value,fixed_ex_ante_mature_semiconductor_proxy,0.0,0.0,95,95,1.0,95,0.0018411242744999225,0.0008167337437686162,0.5368421052631579,0.010343258325245835,0.008013622011591932,1.4960496861255999,0.00019284102103361923,0.04859593730047205,0.06376055738650367,0.7621629937438165,1.3656720619021696,1.4775070250518385,0.13988729878583844,0.06994364939291922,-0.07444358424406305,0.1825065304021094,0.04751522910514261,1.0,1.0,1.0
Transformer,TRANSFORMER C - MARKET SEQUENCE + SEC + FINBERT,Dividend,fixed_ex_ante_dividend_payers,0.0,0.0,231,231,1.0,213,0.0005556153893097106,0.00030556303201756396,0.5108225108225108,0.008174861833247775,0.00740076585303269,1.1534727017330721,0.00016159780701432378,0.04072264736760959,0.07790864822098867,0.522697393646202,0.8805280926386336,0.9006009129545307,0.36803987352647116,0.18401993676323558,-0.10892209412679321,0.14535658021220788,0.038296831274809096,1.0,1.0,1.0
Transformer,TRANSFORMER C - MARKET SEQUENCE + SEC + FINBERT,Growth,fixed_ex_ante_growth_companies,0.0,0.0,297,297,1.0,248,0.0002902034077136858,-0.0005821199973792268,0.48148148148148145,0.009140447820200981,0.007927880689595946,1.070596168447031,1.8418341847278097e-05,0.004641422145514081,0.09732928558270187,0.04768782712958689,0.06954690103530597,0.09122956729095172,0.9273303475934911,0.46366517379674554,-0.16081116594795353,-0.0003009298955750639,-8.334086810823926e-05,1.0,1.0,1.0
Transformer,TRANSFORMER C - MARKET SEQUENCE + SEC + FINBERT,Momentum,positive_relative_momentum_60d,0.0,0.0,251,251,1.0,222,0.00024912175808050694,0.00034462428800857703,0.50199203187251,0.008404289070840239,0.0079712868931813,1.0627547969266502,0.0001134508365471111,0.028589610809871997,0.09106176086041504,0.31395846664656396,0.4930109654994915,0.5644564919831375,0.5725832142705095,0.28629160713525476,-0.13924801441063617,0.09205776698476953,0.02468589473849714,1.0,1.0,1.0
Transformer,TRANSFORMER C - MARKET SEQUENCE + SEC + FINBERT,Value,fixed_ex_ante_mature_semiconductor_proxy,0.0,0.0,95,95,1.0,95,0.0018864226809937221,0.0011933214657005031,0.5578947368421052,0.009993544318792322,0.008343992719085466,1.511374900333388,0.00019758561708313517,0.049791575504950066,0.06375689259986973,0.780959884877636,1.387853911540646,1.527900067574235,0.1268863802478448,0.0634431901239224,-0.07444358424406283,0.18760516721708953,0.048763993309265175,1.0,1.0,1.0
Tree,TREE A - MARKET,Dividend,fixed_ex_ante_dividend_payers,0.0,0.0,231,231,1.0,213,0.0014786467893937063,0.0005296567358811788,0.5454545454545454,0.00850193510343602,0.0069492991874570715,1.4681080564983588,0.00032584918493707175,0.08211399460414208,0.07924891697469358,1.0361528931728294,1.7175899308444933,1.9465551440724114,0.051896872734450795,0.025948436367225398,-0.08269962882280624,0.32876844919304515,0.08189442319945694,1.0,1.0,1.0
Tree,TREE A - MARKET,Growth,fixed_ex_ante_growth_companies,0.0,0.0,297,297,1.0,248,0.00034579184542004254,3.633053212398485e-05,0.5016835016835017,0.008827777995222379,0.008193505021610686,1.0846914867810318,9.341061137214088e-05,0.0235394740657795,0.09716583118834766,0.24226082129787213,0.3414593925535363,0.4718830564878048,0.637123886950832,0.318561943475416,-0.19964803798731978,0.07007612165439303,0.018932335011275114,1.0,1.0,1.0
Tree,TREE A - MARKET,Momentum,positive_relative_momentum_60d,0.0,0.0,251,251,1.0,222,0.0010358455241997555,0.0006358933474359119,0.5298804780876494,0.00870431771108147,0.007607432449149974,1.289633373891565,0.0003175417109639595,0.08002051116291779,0.09112797134395893,0.878111407318435,1.3603437813662584,1.7277578182958693,0.08437242159015598,0.04218621079507799,-0.07938028715844081,0.3139951960001688,0.0785500823124845,1.0,1.0,1.0
Tree,TREE A - MARKET,Value,fixed_ex_ante_mature_semiconductor_proxy,0.0,0.0,95,95,1.0,95,0.0010191859791602537,-0.0005266528793554381,0.49473684210526314,0.010392853309763903,0.008159196615389152,1.2472227367684037,0.00010675046088227575,0.026901116142333488,0.06381156192878881,0.42157119069353105,0.6699611946308761,0.802290416087342,0.4225953753190423,0.21129768765952114,-0.1090652443059863,0.09365191916342486,0.025099886097515567,1.0,1.0,1.0
Tree,TREE B - MARKET + SEC,Dividend,fixed_ex_ante_dividend_payers,0.0,0.0,231,231,1.0,213,0.001969589053630677,0.000827475514683873,0.5627705627705628,0.008676520419633144,0.006663094882808143,1.676067766757842,0.00044766706727027584,0.11281210095210951,0.07911385926074258,1.4259461238049917,2.6333737212404964,2.6730651553192244,0.007651308757172843,0.0038256543785864217,-0.06043579257936604,0.4840454966215495,0.1155169935307101,0.635058626845346,0.317529313422673,1.0
Tree,TREE B - MARKET + SEC,Growth,fixed_ex_ante_growth_companies,0.0,0.0,297,297,1.0,248,0.0011599593617110607,0.0006179971757201419,0.5185185185185185,0.009326251931541239,0.007634509559644514,1.3155600694202083,0.0002728082647328056,0.06874768271266701,0.0970780526115856,0.7081691573246748,1.043656238466661,1.4633751270586952,0.1437115954101294,0.0718557977050647,-0.07700309924550053,0.2591862845462012,0.06589972686087386,1.0,1.0,1.0
Tree,TREE B - MARKET + SEC,Momentum,positive_relative_momentum_60d,0.0,0.0,251,251,1.0,222,0.0017131862269730408,0.0010276309866117939,0.5537848605577689,0.008940147581092682,0.007255989025014729,1.5291315480019727,0.0004738671012402244,0.11941450951253656,0.09093412586207933,1.3131979702939434,2.178212479951083,2.602248077694956,0.009412710434464264,0.004706355217232132,-0.07938028715844081,0.5142183801027456,0.12175181608117414,0.7718422556260697,0.38592112781303484,1.0
Tree,TREE B - MARKET + SEC,Value,fixed_ex_ante_mature_semiconductor_proxy,0.0,0.0,95,95,1.0,95,0.0022200419384290357,0.0008167337437686162,0.5263157894736842,0.01091009527248341,0.0074355728771869365,1.6303152804445786,0.0002325291997252022,0.05859735833075096,0.06372715022549924,0.9195038240907297,1.7216423469971764,1.8040995977291003,0.07154771924164283,0.03577385962082141,-0.052570888627532675,0.22585499359659233,0.0580106861167593,1.0,1.0,1.0
Tree,TREE C - MARKET + SEC + FINBERT,Dividend,fixed_ex_ante_dividend_payers,0.0,0.0,231,231,1.0,213,0.00094913788573647,0.00030556303201756396,0.5151515151515151,0.008488113820676706,0.00706102404513753,1.277239799329042,0.00024257983017832095,0.06113011720493688,0.07930425842285987,0.7708301977806,1.3064648397041083,1.4482556163737808,0.14789154610422414,0.07394577305211207,-0.11096864754915647,0.23214225239491215,0.05951055752018353,1.0,1.0,1.0
Tree,TREE C - MARKET + SEC + FINBERT,Growth,fixed_ex_ante_growth_companies,0.0,0.0,297,297,1.0,248,0.0004173422055962403,-0.0005365640242984693,0.48148148148148145,0.009272476571848251,0.00780528256306634,1.103119169248076,8.8867781947945e-05,0.02239468105088214,0.09691047076485147,0.23108628896480898,0.33242291621493825,0.4626199753307192,0.6437478731519443,0.32187393657597213,-0.1874269794863891,0.06578715913959754,0.017799781630609246,1.0,1.0,1.0
Tree,TREE C - MARKET + SEC + FINBERT,Momentum,positive_relative_momentum_60d,0.0,0.0,251,251,1.0,222,0.00012571501326850263,-6.576571621752514e-05,0.49800796812749004,0.008347623011615707,0.00803093974699658,1.031183435093025,5.791864454230728e-05,0.014595498424661435,0.09124044074229992,0.15996742569323022,0.23376569117210433,0.33304036922803226,0.739180861833358,0.369590430916679,-0.17305584203316227,0.038304750767527374,0.01046338807773961,1.0,1.0,1.0
Tree,TREE C - MARKET + SEC + FINBERT,Value,fixed_ex_ante_mature_semiconductor_proxy,0.0,0.0,95,95,1.0,95,0.00025843148259067727,-0.0007146476942934132,0.4842105263157895,0.009833223195040186,0.008730148492361922,1.057391993956449,2.7068347129122758e-05,0.006821223476538935,0.06383263639354975,0.1068610645263622,0.16414023684849052,0.20267158156312884,0.8394372404071064,0.4197186202035532,-0.12758474416516152,0.017402108008262918,0.004788873972691121,1.0,1.0,1.0
XGBoost,XGB A - MARKET,Dividend,fixed_ex_ante_dividend_payers,0.0,0.0,231,231,1.0,213,0.001119827133021991,0.0005296567358811788,0.5281385281385281,0.008440984858377094,0.007074496192604822,1.335460160825817,0.0002894124199285155,0.0729319298219859,0.07876602060605822,0.9259313757482933,1.5756079961507794,1.703197234841796,0.088874124937925,0.0444370624689625,-0.11311239139343854,0.2857864879266927,0.07208796544761187,1.0,1.0,1.0
XGBoost,XGB A - MARKET,Growth,fixed_ex_ante_growth_companies,0.0,0.0,297,297,1.0,248,-0.00040160064174937576,-8.51897758460396e-05,0.4983164983164983,0.008137507682050512,0.008883399513711681,0.9098874281244819,-7.853642805987598e-05,-0.019791179871088745,0.0971941761789576,-0.20362516201226374,-0.27700538599880736,-0.4040322499174623,0.6862843543867497,0.6568578228066251,-0.21439076346299724,-0.08446625644351125,-0.024140981857284527,1.0,1.0,1.0
XGBoost,XGB A - MARKET,Momentum,positive_relative_momentum_60d,0.0,0.0,251,251,1.0,222,0.0005424288651200678,0.0006775368681061211,0.5258964143426295,0.00830113988529799,0.008063872434573089,1.1418815431876008,0.0001954554842631153,0.049254782034305056,0.09099271178247771,0.5413046942929989,0.8078036152669456,1.1241935683243176,0.26122868164937324,0.13061434082468662,-0.1046034571808202,0.17633631678400885,0.045998795464550435,1.0,1.0,1.0
XGBoost,XGB A - MARKET,Value,fixed_ex_ante_mature_semiconductor_proxy,0.0,0.0,95,95,1.0,95,0.002041402160431462,0.0009666412758597698,0.5473684210526316,0.01032729565710165,0.007978748114611555,1.5652609251103906,0.00021381830787319613,0.05388221358404542,0.0637436788389206,0.8452950090973733,1.4649039017755225,1.489903113486008,0.13659774262499638,0.06829887131249819,-0.10508052117308575,0.20520648977517575,0.05304536338046595,1.0,1.0,1.0
XGBoost,XGB B - MARKET + SEC,Dividend,fixed_ex_ante_dividend_payers,0.0,0.0,231,231,1.0,213,0.0014679843825770105,0.0005296567358811788,0.5324675324675324,0.008699287114191953,0.0067676659506511186,1.463949537085869,0.00039181093506781103,0.09873635563708838,0.07863174828873527,1.2556805334472423,2.3479242594615215,2.157709931152995,0.031212629591770163,0.015606314795885081,-0.12662386984323226,0.410967331217436,0.10002710953712723,1.0,1.0,1.0
XGBoost,XGB B - MARKET + SEC,Growth,fixed_ex_ante_growth_companies,0.0,0.0,297,297,1.0,248,9.772187627070183e-05,0.0006179971757201419,0.5286195286195287,0.008143315483244953,0.008924836668693278,1.0232284340957725,1.005736524783841e-05,0.0025344560424552793,0.09657840906245503,0.026242470414027066,0.036265673071994735,0.05326788745246308,0.9575302087612505,0.47876510438062525,-0.15938858441243797,-0.007634212700136533,-0.002119883510009135,1.0,1.0,1.0
XGBoost,XGB B - MARKET + SEC,Momentum,positive_relative_momentum_60d,0.0,0.0,251,251,1.0,222,0.0009054407543974126,0.0008481586280856268,0.5418326693227091,0.00839197394826207,0.007948198500955572,1.2486378345618905,0.00028581349042794575,0.07202499958784234,0.09106640365495754,0.7909063792695562,1.2227190452163952,1.5127881026039671,0.13068222391937406,0.06534111195968703,-0.10563371178166303,0.27676971778637083,0.07000077469879318,1.0,1.0,1.0
XGBoost,XGB B - MARKET + SEC,Value,fixed_ex_ante_mature_semiconductor_proxy,0.0,0.0,95,95,1.0,95,0.0022517769076325,0.0008481586280856268,0.5263157894736842,0.010940243493226703,0.007402074854138836,1.6422187485429645,0.00023585314909050443,0.059434993570807115,0.06372406852408993,0.9326930145450241,1.6795480401928875,1.6478199126911763,0.0997363609504022,0.0498681804752011,-0.10508052117308575,0.22954226633489094,0.05889098451523567,1.0,1.0,1.0
XGBoost,XGB C - MARKET + SEC + FINBERT,Dividend,fixed_ex_ante_dividend_payers,0.0,0.0,231,231,1.0,213,0.00138386749381418,0.000827475514683873,0.5497835497835498,0.00834879381412207,0.00712137907040796,1.431627438458568,0.00033188387272578486,0.08363473592689778,0.07887660977045015,1.060323664649063,1.8956780697573175,1.9184290343412391,0.05537063789379412,0.02768531894689706,-0.07513218022493906,0.3362475221102412,0.0835772791626137,1.0,1.0,1.0
XGBoost,XGB C - MARKET + SEC + FINBERT,Growth,fixed_ex_ante_growth_companies,0.0,0.0,297,297,1.0,248,0.0004034267229172732,0.0006358933474359119,0.5218855218855218,0.008541275487719182,0.008479436365422838,1.09950978365202,0.00011680289832926175,0.02943433037897396,0.09700324095576256,0.30343656654108314,0.4265495314366721,0.6199761558518899,0.5354293797269003,0.26771468986345015,-0.14904148764941794,0.0930815308612738,0.024951809982081574,1.0,1.0,1.0
XGBoost,XGB C - MARKET + SEC + FINBERT,Momentum,positive_relative_momentum_60d,0.0,0.0,251,251,1.0,222,0.0008345434871992019,0.0006547813003374703,0.5219123505976095,0.008644357633055466,0.007691170288693886,1.2269598420703758,0.00024258592779807228,0.06113165380511421,0.09108155757606629,0.6711748836097851,1.045017443932578,1.250819154543741,0.21132338239197,0.105661691195985,-0.1077241400543898,0.22769257681879584,0.05844962915757601,1.0,1.0,1.0
XGBoost,XGB C - MARKET + SEC + FINBERT,Value,fixed_ex_ante_mature_semiconductor_proxy,0.0,0.0,95,95,1.0,95,0.0016228448332727997,0.0009666412758597698,0.5473684210526316,0.009944959637100948,0.008441107952751938,1.4247493201456407,0.00016997823501754795,0.04283451522442208,0.06377696559373151,0.6716298717829277,1.1403312703665012,1.205049538579023,0.2284988406495406,0.1142494203247703,-0.10508052117308564,0.158223050520653,0.04151367200239653,1.0,1.0,1.0
CatBoost,CAT A - MARKET,Dividend,fixed_ex_ante_dividend_payers,0.0,0.05,231,176,0.7619047619047619,165,0.001694230332375835,0.0011086326770469723,0.5625,0.008723885823277393,0.007343898155926169,1.5273121156884462,0.0002990198230246098,0.07535299540220167,0.0707707069045979,1.0647483782206797,1.9017891397913542,2.016616506642718,0.04403017311501887,0.022015086557509434,-0.060126608198653786,0.2998227272709424,0.07531609545161655,1.0,1.0,1.0
CatBoost,CAT A - MARKET,Growth,fixed_ex_ante_growth_companies,0.0,0.05,297,228,0.7676767676767676,203,0.00039982299350398983,0.0009484165361007268,0.5394736842105263,0.008744246079606569,0.009375072621644746,1.0926059036176672,0.000142587470898363,0.03593204266638748,0.09399095930095282,0.3822925410446707,0.5496497324120856,0.7981455667332154,0.4249951726913306,0.2124975863456653,-0.1121846930318593,0.12011934370989641,0.03191040085002417,1.0,1.0,1.0
CatBoost,CAT A - MARKET,Momentum,positive_relative_momentum_60d,0.0,0.05,251,197,0.7848605577689243,179,0.0007886559952412317,0.0010334368873565203,0.5583756345177665,0.008324466298125551,0.00873938001989986,1.2043402677908357,0.0001991044881351752,0.05017433101006415,0.08392946491590328,0.5978154520624964,0.9046632183326827,1.2493439396150923,0.21186197055265818,0.10593098527632909,-0.08226126505153075,0.18286449226918,0.04760302848857312,1.0,1.0,1.0
CatBoost,CAT A - MARKET,Value,fixed_ex_ante_mature_semiconductor_proxy,0.0,0.05,95,76,0.8,76,0.002290218694928734,0.0018270809590276438,0.5657894736842105,0.009851170791653307,0.00756193100686389,1.6974994945338469,0.00019190366131707144,0.048359722651902005,0.054764014224282745,0.8830565716721871,1.661515721300001,1.6409099905366444,0.10116318332649735,0.05058159166324867,-0.07672346866651658,0.18375612108565753,0.047821639963035345,1.0,1.0,1.0
CatBoost,CAT B - MARKET + SEC,Dividend,fixed_ex_ante_dividend_payers,0.0,0.05,231,188,0.8138528138528138,178,0.0017723723623768743,0.0007799266077226641,0.5478723404255319,0.009060390663113569,0.007058990990280532,1.5553301657678855,0.0003424005797284984,0.0862849460915816,0.0780436269965502,1.105598873504376,2.004299824218322,2.022352489828738,0.043433348837963806,0.021716674418981903,-0.09374931878485193,0.34936436569662166,0.08651230798062359,1.0,1.0,1.0
CatBoost,CAT B - MARKET + SEC,Growth,fixed_ex_ante_growth_companies,0.0,0.05,297,248,0.835016835016835,211,0.0008091703155989477,0.001061703102177236,0.5604838709677419,0.008160033422196043,0.00856486612308909,1.214953512530272,0.00018806241283218588,0.04739172803371084,0.0868278496341686,0.5458125271256423,0.7869860687246094,1.0339721373953052,0.30142509914295007,0.15071254957147504,-0.097936155547376,0.16999373298007336,0.04443399226363298,1.0,1.0,1.0
CatBoost,CAT B - MARKET + SEC,Momentum,positive_relative_momentum_60d,0.0,0.05,251,210,0.8366533864541833,188,0.0012326583578879896,0.0008538896123384543,0.5476190476190477,0.008867927062630806,0.008010035337327,1.3401762443907683,0.0003280785661527797,0.08267579867050048,0.08653139286723929,0.9554428275220966,1.5426137011090828,1.9031241684302174,0.05734107082133878,0.02867053541066939,-0.06761354717511903,0.3285903455567494,0.08185426494408299,1.0,1.0,1.0
CatBoost,CAT B - MARKET + SEC,Value,fixed_ex_ante_mature_semiconductor_proxy,0.0,0.05,95,82,0.8631578947368421,82,0.0010867763001837017,0.0006587895934776766,0.5121951219512195,0.01074172661207914,0.009050921527306507,1.2461507823987945,9.82532046472586e-05,0.024759807571109165,0.06265132511337515,0.39520006203066416,0.6275307876055057,0.7191229685843032,0.4722505916975309,0.23612529584876546,-0.09743841958456634,0.08554583071551525,0.02299023305044834,1.0,1.0,1.0
CatBoost,CAT C - MARKET + SEC + FINBERT,Dividend,fixed_ex_ante_dividend_payers,0.0,0.05,231,180,0.7792207792207793,170,0.0028217802593925637,0.001613328457974017,0.5944444444444444,0.00914186542751345,0.006441906219907914,2.08008625098049,0.0005343370049258915,0.13465292524132466,0.0728768978471962,1.8476764135001553,4.086809417665468,3.3527086247221196,0.0008333976378998984,0.0004166988189499492,-0.06551689814209316,0.6081201825268887,0.14059785284127857,0.07000540158359146,0.03500270079179573,0.31460760830721163
CatBoost,CAT C - MARKET + SEC + FINBERT,Growth,fixed_ex_ante_growth_companies,0.0,0.05,297,241,0.8114478114478114,210,0.0010801362960104284,0.0007047828075209539,0.5311203319502075,0.008975679238136067,0.00786348756763631,1.2929557014563307,0.00023613447045303204,0.05950588655416408,0.08510182160880903,0.699231643098043,1.050368713860077,1.3684177102177453,0.17152059691416358,0.08576029845708179,-0.11364146630787275,0.2227967195379359,0.05727910094572941,1.0,1.0,1.0
CatBoost,CAT C - MARKET + SEC + FINBERT,Momentum,positive_relative_momentum_60d,0.0,0.05,251,192,0.7649402390438247,178,0.002043868053984101,0.0013714112023784641,0.5729166666666666,0.008793686907360815,0.0070107669932285635,1.682613225823299,0.0004159156854253896,0.10481075272719818,0.07767292587156778,1.3493859224577534,2.2840836199163257,2.678947991278089,0.007519233791799865,0.0037596168958999327,-0.04560834433819483,0.44247099703795945,0.10677421596079761,0.6240964047193889,0.31204820235969444,1.0
CatBoost,CAT C - MARKET + SEC + FINBERT,Value,fixed_ex_ante_mature_semiconductor_proxy,0.0,0.05,95,71,0.7473684210526316,71,0.0029832197843422566,0.0016863254613823653,0.5774647887323944,0.010244912611618317,0.00694109374626836,2.017172088583166,0.00023352657628258015,0.0588486972232102,0.05325589965743287,1.1050174272099964,2.294083847664479,2.080084274577975,0.0377983983291371,0.01889919916456855,-0.047195379281578353,0.22965669729456373,0.058918273171119084,1.0,1.0,1.0
LSTM,LSTM A - MARKET SEQUENCE,Dividend,fixed_ex_ante_dividend_payers,0.0,0.05,231,118,0.5108225108225108,110,0.00040999440301525973,-0.00020289804129403066,0.4915254237288136,0.009462095305301265,0.008340369802527881,1.0966770473037804,6.438070489866441e-05,0.01622393763446343,0.06433563193830147,0.25217654891495206,0.40763945242091604,0.44287843950982114,0.6579593830131407,0.32897969150657036,-0.11563608396454628,0.052314639725843604,0.014220623464454185,1.0,1.0,1.0
LSTM,LSTM A - MARKET SEQUENCE,Growth,fixed_ex_ante_growth_companies,0.0,0.05,297,159,0.5353535353535354,142,0.0009518012452874279,0.0010276309866117939,0.5283018867924528,0.0092338491684918,0.00832409242870147,1.2424070440462562,0.00017835711599670622,0.04494599323116997,0.0803070903399911,0.5596765247113914,0.867237252118983,1.0659607665867605,0.28672535696629514,0.14336267848314757,-0.09648936004549402,0.16206311313986377,0.042468745077244296,1.0,1.0,1.0
LSTM,LSTM A - MARKET SEQUENCE,Momentum,positive_relative_momentum_60d,0.0,0.05,251,129,0.5139442231075697,118,0.0010932985400740772,0.0008481586280856268,0.5426356589147286,0.00930693687647036,0.00865169609632829,1.276296390275821,0.00017737115364287314,0.04469753071800403,0.07361603264181381,0.6071711434856093,0.9678571019288782,1.1625089786966492,0.24533490020468443,0.12266745010234222,-0.10260524837974971,0.16319211489888663,0.042749108197187136,1.0,1.0,1.0
LSTM,LSTM A - MARKET SEQUENCE,Value,fixed_ex_ante_mature_semiconductor_proxy,0.0,0.05,95,49,0.5157894736842106,49,3.775559059927909e-05,0.0007909263075999151,0.5306122448979592,0.010127014136400141,0.011367493200306044,1.0070759508744174,2.039717683974284e-06,0.0005140088563615196,0.050993306017685945,0.010079928063170616,0.01478303256171697,0.018055466207249887,0.9855985802851667,0.49279929014258333,-0.102870659977783,-0.0028106567353335388,-0.0007791033018399451,1.0,1.0,1.0
LSTM,LSTM B - MARKET SEQUENCE + SEC,Dividend,fixed_ex_ante_dividend_payers,0.0,0.05,231,114,0.4935064935064935,104,0.0021239937740952066,0.0016688910525712586,0.5789473684210527,0.009393735974087145,0.007871901750893709,1.6408216683984156,0.0002717152287921432,0.06847223765562009,0.06173216968891132,1.1091824246689237,2.16072320130233,1.9036811248105303,0.05726835451334037,0.028634177256670185,-0.06794087818599026,0.2707724558636668,0.06860662673259665,1.0,1.0,1.0
LSTM,LSTM B - MARKET SEQUENCE + SEC,Growth,fixed_ex_ante_growth_companies,0.0,0.05,297,164,0.5521885521885522,138,0.0019781876113209806,0.0010405860159427849,0.5548780487804879,0.01064147536291014,0.008821253284495645,1.503800011975173,0.0002415426639220909,0.0608687513083669,0.08173622626095987,0.7446973526038598,1.2139922239373977,1.3754859553504861,0.16932081233290958,0.08466040616645479,-0.06388256073753662,0.2301055003182464,0.059025282703596416,1.0,1.0,1.0
LSTM,LSTM B - MARKET SEQUENCE + SEC,Momentum,positive_relative_momentum_60d,0.0,0.05,251,111,0.44223107569721115,103,0.0015313730287972304,0.0008692020855896598,0.5675675675675675,0.009533249652981293,0.008971090040444352,1.394745801583571,0.00018096614526776056,0.04560346860747566,0.06989717113066227,0.6524365417053407,1.1148537948896982,1.1837943626819036,0.2368049693660875,0.11840248468304375,-0.0753772958770299,0.1681328790136689,0.043973730315089776,1.0,1.0,1.0
LSTM,LSTM B - MARKET SEQUENCE + SEC,Value,fixed_ex_ante_mature_semiconductor_proxy,0.0,0.05,95,53,0.5578947368421052,53,0.0017509466909988165,0.002009232330532962,0.5849056603773585,0.009055041279133664,0.008541186592282106,1.4938646065172785,0.00010231551777611606,0.02578351047958125,0.04631167669325028,0.5567388684793414,0.9500106619001359,1.0704434759470682,0.2847048221805339,0.14235241109026694,-0.07444358424406294,0.09304176952739174,0.024941485625960658,1.0,1.0,1.0
LSTM,LSTM C - MARKET SEQUENCE + SEC + FINBERT,Dividend,fixed_ex_ante_dividend_payers,0.0,0.05,231,122,0.5281385281385281,113,0.0016184960912729598,0.0020966065687470226,0.5573770491803278,0.010097371254734555,0.009058605966419418,1.4036605956632304,0.00022638843978299743,0.05704988682531535,0.07025358546922865,0.8120565867816587,1.3728519581330934,1.4954352427035538,0.1351491160887787,0.06757455804438935,-0.0858575630795958,0.21712478731325535,0.0559187796549514,1.0,1.0,1.0
LSTM,LSTM C - MARKET SEQUENCE + SEC + FINBERT,Growth,fixed_ex_ante_growth_companies,0.0,0.05,297,178,0.5993265993265994,153,0.0022473018633636273,0.0025704591941937416,0.5898876404494382,0.010595286885475138,0.00976007385337211,1.5614427138653377,0.0003424676156634419,0.08630183914718735,0.09113807525753197,0.9469350642233919,1.5119079793012316,1.740659995525569,0.0820826874011201,0.04104134370056005,-0.0745888579774413,0.3440518981087737,0.08532608517189044,1.0,1.0,1.0
LSTM,LSTM C - MARKET SEQUENCE + SEC + FINBERT,Momentum,positive_relative_momentum_60d,0.0,0.05,251,131,0.5219123505976095,122,0.0013288777219652782,0.0010334368873565203,0.549618320610687,0.010568747913799519,0.009946896071459559,1.2966311288054266,0.0001868440699728531,0.04708470563315898,0.08180433159230223,0.5755771695296101,0.9182861056093776,1.0757050295031616,0.2823455680215998,0.1411727840107999,-0.10992176723774194,0.17056367581838794,0.04457485551853346,1.0,1.0,1.0
LSTM,LSTM C - MARKET SEQUENCE + SEC + FINBERT,Value,fixed_ex_ante_mature_semiconductor_proxy,0.0,0.05,95,51,0.5368421052631579,51,0.0013541706868593318,0.0008481586280856268,0.5490196078431373,0.011494717668005434,0.010990843029318532,1.2732025466685957,7.614410697885989e-05,0.01918831495867269,0.05468143031130261,0.3509109920759787,0.5602305137442392,0.6285002663149114,0.5298346795795775,0.26491733978978876,-0.10287065997778289,0.06578295927041933,0.017798670989663368,1.0,1.0,1.0
Logistic,MODEL A - MARKET,Dividend,fixed_ex_ante_dividend_payers,0.0,0.05,231,163,0.7056277056277056,151,0.0016023946434488973,0.0006775368681061211,0.5460122699386503,0.009536021689309048,0.007939400046842366,1.4445674724911992,0.00028123788469161884,0.07087194694228795,0.07599258396133629,0.9326166218843981,1.6127135550301803,1.7869827936565403,0.0742744997124229,0.03713724985621145,-0.10461663076460426,0.27727309307293946,0.0701175758013517,1.0,1.0,1.0
Logistic,MODEL A - MARKET,Growth,fixed_ex_ante_growth_companies,0.0,0.05,297,209,0.7037037037037037,182,0.0011386518784748496,0.0007047828075209539,0.5406698564593302,0.009075315950679588,0.00820346312318281,1.302182138186354,0.00017614271892903827,0.044387965170117644,0.0857751078537198,0.5174923853878043,0.7661581530209995,1.011506282049159,0.3120442317895195,0.15602211589475976,-0.11569691746697242,0.15781046754040284,0.041410921146214585,1.0,1.0,1.0
Logistic,MODEL A - MARKET,Momentum,positive_relative_momentum_60d,0.0,0.05,251,183,0.7290836653386454,168,0.0009268485298352338,0.0006358933474359119,0.5300546448087432,0.009140329508038371,0.008337193968835747,1.2365601016833367,0.00019711689918951042,0.04967345859575663,0.08407298582418149,0.5908373315019021,0.9316636375129206,1.1611408551347593,0.24589045512651495,0.12294522756325747,-0.14667761071464236,0.18071153449551458,0.04707467000565879,1.0,1.0,1.0
Logistic,MODEL A - MARKET,Value,fixed_ex_ante_mature_semiconductor_proxy,0.0,0.05,95,73,0.7684210526315789,73,0.0016615937271194697,0.0016075575053661195,0.5616438356164384,0.01080290587222713,0.01005071245879972,1.3771385068998345,0.00013373356348370593,0.03370085799789389,0.061598348612393224,0.5471065175781918,0.8841384149278807,1.0240907654382532,0.3060657590519142,0.1530328795259571,-0.1357153478246489,0.12130976883375943,0.03221397053787034,1.0,1.0,1.0
Logistic,MODEL B - MARKET + SEC,Dividend,fixed_ex_ante_dividend_payers,0.0,0.05,231,179,0.7748917748917749,167,0.0014645540671887713,0.0012506240782341749,0.5754189944134078,0.008689005051795115,0.008326478188264564,1.4142700141887412,0.00032921924761828125,0.08296325039980687,0.07661101646474602,1.0829154112318031,1.8988343245948387,2.0990405550901845,0.03608954519350059,0.018044772596750296,-0.10241412018158425,0.33385104215177797,0.08303879367243572,1.0,1.0,1.0
Logistic,MODEL B - MARKET + SEC,Growth,fixed_ex_ante_growth_companies,0.0,0.05,297,230,0.7744107744107744,199,0.001978765788478443,0.0013426430753682717,0.5782608695652174,0.009588968043227933,0.008455841426796635,1.554873092230491,0.00040612636171775957,0.10234384315287541,0.0943408838802486,1.0848302341833618,1.742686756048608,2.028358271729746,0.0428158028280902,0.0214079014140451,-0.06263324693907124,0.4223905105712442,0.10248607079183958,1.0,1.0,1.0
Logistic,MODEL B - MARKET + SEC,Momentum,positive_relative_momentum_60d,0.0,0.05,251,194,0.7729083665338645,175,0.00150023644232365,0.0011436860813937855,0.5824742268041238,0.009067457496642523,0.009056504040861939,1.39674899611826,0.0003224066373400981,0.08124647260970472,0.0884654370745474,0.9183979110535626,1.470362549145422,1.7438935389200954,0.08151681547099691,0.04075840773549846,-0.11798976653711923,0.3209771820260692,0.08013402100982892,1.0,1.0,1.0
Logistic,MODEL B - MARKET + SEC,Value,fixed_ex_ante_mature_semiconductor_proxy,0.0,0.05,95,84,0.8842105263157894,84,0.0015078531431550455,0.0020468979198682846,0.5833333333333334,0.009637589648771544,0.009873777964708053,1.366510929910212,0.00013964681810917732,0.035190998163512684,0.06247799478104906,0.563254283157418,0.9027214015033508,1.064032473508495,0.2875974912728751,0.14379874563643755,-0.135715347824649,0.12711729509128888,0.03369161233748419,1.0,1.0,1.0
Logistic,MODEL C - MARKET + SEC + FINBERT,Dividend,fixed_ex_ante_dividend_payers,0.0,0.05,231,179,0.7748917748917749,167,0.0013906657050995928,0.0012506240782341749,0.5698324022346368,0.00875542768022212,0.008365252755452324,1.3864612754719363,0.0003146370901607697,0.07928854672051396,0.07680906555444424,1.0322811005207742,1.798062239173435,2.0129977486547825,0.04441025815193529,0.022205129075967646,-0.09193212635162451,0.3162585133720812,0.07906420545384685,1.0,1.0,1.0
Logistic,MODEL C - MARKET + SEC + FINBERT,Growth,fixed_ex_ante_growth_companies,0.0,0.05,297,225,0.7575757575757576,194,0.0016233610380371843,0.001233831117513795,0.5733333333333334,0.009164899377248334,0.008510581105277798,1.4470614151764738,0.0003016746860454327,0.07602202088344903,0.0885375688851447,0.8586413862579462,1.2950195195374976,1.6650471495126007,0.09624908427994207,0.048124542139971034,-0.06351556025487959,0.29626585808718486,0.07450046117527198,1.0,1.0,1.0
Logistic,MODEL C - MARKET + SEC + FINBERT,Momentum,positive_relative_momentum_60d,0.0,0.05,251,193,0.7689243027888446,174,0.001166198481313564,0.0010334368873565203,0.5751295336787565,0.008738425712297812,0.00908401155087243,1.302160889550272,0.0002496728303750812,0.06291755325452046,0.08471399776897201,0.7427055139825443,1.1320817240630163,1.4801311506129091,0.13918588694061698,0.06959294347030849,-0.10768966486106613,0.23806420402342043,0.06091822958469795,1.0,1.0,1.0
Logistic,MODEL C - MARKET + SEC + FINBERT,Value,fixed_ex_ante_mature_semiconductor_proxy,0.0,0.05,95,86,0.9052631578947369,86,0.0014770410288702505,0.0020468979198682846,0.5813953488372093,0.009678397542186912,0.00991373190629178,1.3559191367744965,0.00014005019678372827,0.03529264958949953,0.06306343019327858,0.559637328342807,0.8949210910210653,1.0584420853391017,0.2901360535144454,0.1450680267572227,-0.12562224520892618,0.1273807719456712,0.033758519571510215,1.0,1.0,1.0
TabNet,TABNET A - MARKET,Dividend,fixed_ex_ante_dividend_payers,0.0,0.05,231,95,0.41125541125541126,92,-0.0007511507813889797,0.0003741265021349749,0.5157894736842106,0.0075284542763809055,0.0095707300820569,0.8379131326538284,-6.115202347134863e-05,-0.015410309914779855,0.05753073602260864,-0.26786220688579154,-0.37193865818523153,-0.4798251119229015,0.6314675673667197,0.6842662163166402,-0.1592989700865276,-0.05956482468399249,-0.016862231315382448,1.0,1.0,1.0
TabNet,TABNET A - MARKET,Growth,fixed_ex_ante_growth_companies,0.0,0.05,297,132,0.4444444444444444,118,-1.2055059430153011e-05,0.001370336217785234,0.5606060606060606,0.007565175284444528,0.009679555842994401,0.9971656083252967,8.208618903618413e-06,0.00206857196371184,0.06925232561115098,0.029870072166627137,0.03992595557281077,0.05987126332142983,0.952271370770187,0.4761356853850935,-0.10242419776433798,-0.0012158258110100961,-0.0003368276874105014,1.0,1.0,1.0
TabNet,TABNET A - MARKET,Momentum,positive_relative_momentum_60d,0.0,0.05,251,103,0.4103585657370518,95,-0.00038332870432705187,0.0010276309866117939,0.5339805825242718,0.007962428670931415,0.009946175696810713,0.9172989160414466,-9.1685156418912e-06,-0.0023104659417565823,0.06322362184298366,-0.036544346470606226,-0.049190813792422225,-0.07140594928991299,0.9430904338124532,0.5284547830937734,-0.14178017156364908,-0.015402634200987309,-0.004289174195049705,1.0,1.0,1.0
TabNet,TABNET A - MARKET,Value,fixed_ex_ante_mature_semiconductor_proxy,0.0,0.05,95,46,0.4842105263157895,46,-0.0025134218787984555,-0.0014193634151928869,0.4782608695652174,0.008285938596057153,0.012412835647416097,0.6119023830492339,-0.00012747233343410027,-0.03212302802539327,0.04693840105550273,-0.684365621815901,-0.848484578099829,-1.271121643827618,0.20401162764132866,0.8979941861793357,-0.16529412711289204,-0.11272748533960097,-0.032577359592011024,1.0,1.0,1.0
TabNet,TABNET B - MARKET + SEC,Dividend,fixed_ex_ante_dividend_payers,0.0,0.05,231,117,0.5064935064935064,108,0.0018437724679064439,0.0021240791360923605,0.6153846153846154,0.008100621671249641,0.008167186257442671,1.5869596046237109,0.0002279061781142376,0.05743235688478788,0.05550461489704019,1.0347312019248058,1.7874093516484824,2.056499609508483,0.040020309486829886,0.020010154743414943,-0.058100638181140085,0.22284090731025952,0.05728968074055474,1.0,1.0,1.0
TabNet,TABNET B - MARKET + SEC,Growth,fixed_ex_ante_growth_companies,0.0,0.05,297,158,0.531986531986532,143,0.00024100551096213038,-0.0009350347565630912,0.4430379746835443,0.009557578427893848,0.007169904763869919,1.060351490624681,1.7828220487030515e-05,0.00449271156273169,0.07000034708827044,0.06418127551662538,0.09724442428144142,0.12245498185882739,0.9025658534810765,0.45128292674053827,-0.14674603382732698,0.007410392623948159,0.0020465694004785373,1.0,1.0,1.0
TabNet,TABNET B - MARKET + SEC,Momentum,positive_relative_momentum_60d,0.0,0.05,251,139,0.5537848605577689,126,0.0010542719784627061,0.0006345691624459748,0.5251798561151079,0.009049472434040558,0.007788904283009768,1.2850671418259993,0.00013900969294242593,0.03503044262149133,0.06783262219357852,0.5164247155523872,0.7586473074713912,1.0102952773283989,0.3126235792806857,0.15631178964034284,-0.13190794942238948,0.12501712667445597,0.03315789143109016,1.0,1.0,1.0
TabNet,TABNET B - MARKET + SEC,Value,fixed_ex_ante_mature_semiconductor_proxy,0.0,0.05,95,45,0.47368421052631576,45,0.0025749203221550276,0.0028373266406072073,0.5777777777777777,0.01084353540989539,0.008740026640015993,1.6977662369950963,0.00012775238643547546,0.032193601381739816,0.045560044546571574,0.706619181393281,1.2088470862896077,1.2851915012587525,0.1990538113843215,0.09952690569216074,-0.05018366448599609,0.11868238432068234,0.03154365167306428,1.0,1.0,1.0
TabNet,TABNET C - MARKET + SEC + FINBERT,Dividend,fixed_ex_ante_dividend_payers,0.0,0.05,231,123,0.5324675324675324,116,0.0008684298929648722,0.0014921983265227534,0.5365853658536586,0.008901734018548421,0.00843329067350029,1.2222122262705601,9.910170583715566e-05,0.024973629870963226,0.06238948693918628,0.400285866997209,0.5967510224601481,0.7000563855863254,0.48407180674704037,0.24203590337352018,-0.10940146786642224,0.0864242588361741,0.023219397879495673,1.0,1.0,1.0
TabNet,TABNET C - MARKET + SEC + FINBERT,Growth,fixed_ex_ante_growth_companies,0.0,0.05,297,179,0.6026936026936027,166,0.00047420596309923947,0.0003947624423444318,0.5195530726256983,0.009460515897556969,0.009243547803232955,1.1067782746404382,6.0946396563921406e-05,0.015358491934108194,0.08715034715434408,0.17622984228517374,0.2533495119358332,0.3416066237497913,0.7327261666647107,0.36636308333235534,-0.11424493299839056,0.04250502145512547,0.011593663487766914,1.0,1.0,1.0
TabNet,TABNET C - MARKET + SEC + FINBERT,Momentum,positive_relative_momentum_60d,0.0,0.05,251,150,0.5976095617529881,137,0.00034653909438797425,0.0007869924465553069,0.5266666666666666,0.008898333149094034,0.009168837389017363,1.0798492563708775,3.481703517400237e-05,0.008773892863848597,0.07651278608673877,0.11467224385087833,0.16803043796337302,0.22249142494259114,0.8239814939914111,0.41199074699570554,-0.11214019831637756,0.021305427896114892,0.005854881483325025,1.0,1.0,1.0
TabNet,TABNET C - MARKET + SEC + FINBERT,Value,fixed_ex_ante_mature_semiconductor_proxy,0.0,0.05,95,50,0.5263157894736842,50,0.0019322049284092768,0.002709473549926039,0.62,0.010487565103261506,0.012026540620033836,1.422794049614997,0.00010651625845696123,0.02684209713115423,0.05167003638181491,0.5194905792750945,0.8171145548229815,0.9080873047584601,0.3640735745509962,0.1820367872754981,-0.10346939941684608,0.09616805293054131,0.025752423342990438,1.0,1.0,1.0
Transformer,TRANSFORMER A - MARKET SEQUENCE,Dividend,fixed_ex_ante_dividend_payers,0.0,0.05,231,125,0.5411255411255411,119,0.0005204613256566501,-0.0002631283211503299,0.488,0.008300291884395213,0.006894689675641042,1.1474360811719393,0.00010539468590035157,0.026559460846888597,0.05753618416751533,0.46161317840545896,0.7903769143006291,0.844336628091613,0.3987042134401058,0.1993521067200529,-0.11164137108512084,0.09381871329606106,0.02514317627027096,1.0,1.0,1.0
Transformer,TRANSFORMER A - MARKET SEQUENCE,Growth,fixed_ex_ante_growth_companies,0.0,0.05,297,176,0.5925925925925926,157,0.0014062802209634773,0.0011518481382972456,0.5568181818181818,0.009132709908236704,0.008301285283559294,1.3822474479046383,0.00021438759352301025,0.05402567356779858,0.08036679173897288,0.6722387742348997,1.0250467988858305,1.3178025685550159,0.1879028602114034,0.0939514301057017,-0.09514718011896783,0.20062425142568063,0.05193514963650703,1.0,1.0,1.0
Transformer,TRANSFORMER A - MARKET SEQUENCE,Momentum,positive_relative_momentum_60d,0.0,0.05,251,136,0.5418326693227091,123,0.0007661824313623988,0.0009231433719978366,0.5441176470588235,0.008278743788090933,0.008200423058926496,1.2049477477515518,0.0001221718188199461,0.03078729834262642,0.06842913918284667,0.4499150319626404,0.6717058985081668,0.8474584190371859,0.3969634659490954,0.1984817329745477,-0.11148985150628365,0.1078249202730468,0.028761476781836492,1.0,1.0,1.0
Transformer,TRANSFORMER A - MARKET SEQUENCE,Value,fixed_ex_ante_mature_semiconductor_proxy,0.0,0.05,95,55,0.5789473684210527,55,0.0009487149053570076,-0.0009666412758597698,0.4909090909090909,0.011596009903061337,0.009318319556715025,1.199987468145989,5.7529569784603543e-05,0.014497451585720094,0.05363182300720037,0.27031435391957,0.43875690409130647,0.47537231139692004,0.6346362106944021,0.31731810534720106,-0.1054816193735375,0.04815712847396614,0.013109436860074597,1.0,1.0,1.0
Transformer,TRANSFORMER B - MARKET SEQUENCE + SEC,Dividend,fixed_ex_ante_dividend_payers,0.0,0.05,231,151,0.6536796536796536,140,0.0019162625544773243,0.0007909263075999151,0.5231788079470199,0.009716005347074235,0.00664178856517762,1.6050822565976535,0.00033703140770386704,0.08493191474137449,0.06807457021994433,1.247630568462867,2.450783630573032,2.2433138266473414,0.02511753917981715,0.012558769589908574,-0.055410228546683093,0.3463269588930791,0.0858344986249322,1.0,1.0,1.0
Transformer,TRANSFORMER B - MARKET SEQUENCE + SEC,Growth,fixed_ex_ante_growth_companies,0.0,0.05,297,195,0.6565656565656566,171,0.0009356391154430455,0.0005365640242984693,0.5333333333333333,0.009431249998716505,0.008773630465440907,1.2285189659584,0.00012685623428251725,0.03196777103919435,0.08640568779771828,0.3699729943014067,0.5372204933762489,0.7165867579406958,0.47381379139653595,0.23690689569826798,-0.07157590341179298,0.10696779789979982,0.028541004831687644,1.0,1.0,1.0
Transformer,TRANSFORMER B - MARKET SEQUENCE + SEC,Momentum,positive_relative_momentum_60d,0.0,0.05,251,160,0.6374501992031872,143,0.0007612860301358371,0.0005435152780977615,0.51875,0.008776275531205127,0.007878248107380411,1.200792489405224,0.00012773097881117613,0.032188206660416385,0.07185922629760595,0.4479342224909087,0.6926753135993275,0.8366049173781706,0.4030352828933364,0.2015176414466682,-0.09062899636889854,0.11247833170262811,0.029956295415646483,1.0,1.0,1.0
Transformer,TRANSFORMER B - MARKET SEQUENCE + SEC,Value,fixed_ex_ante_mature_semiconductor_proxy,0.0,0.05,95,66,0.6947368421052632,66,0.0029688344947940938,0.002444321670311833,0.5757575757575758,0.01099894402625862,0.007929171297907763,1.8825596976684997,0.00021603426312724388,0.05444063430806546,0.053860749130953386,1.0107663778627027,2.031366947669649,1.9614193201793617,0.050136037777190584,0.025068018888595292,-0.04449361471478497,0.21016519025621072,0.05424335544470571,1.0,1.0,1.0
Transformer,TRANSFORMER C - MARKET SEQUENCE + SEC + FINBERT,Dividend,fixed_ex_ante_dividend_payers,0.0,0.05,231,95,0.41125541125541126,89,0.0008132411070353889,0.00015880204892304572,0.5157894736842106,0.009051528692574497,0.007962326103647575,1.2109332945813023,0.00011537300385062237,0.029073996970356838,0.05451706055404277,0.5333008910400769,0.9262933027438424,1.027374974133262,0.30451813726066773,0.15225906863033387,-0.053637176079952775,0.10443010414170639,0.02788752596992672,1.0,1.0,1.0
Transformer,TRANSFORMER C - MARKET SEQUENCE + SEC + FINBERT,Growth,fixed_ex_ante_growth_companies,0.0,0.05,297,130,0.4377104377104377,117,0.0007759984069409395,-0.0007609283299725433,0.46923076923076923,0.011539525868565848,0.008739583841741951,1.1672878263503468,5.8917009416132864e-05,0.014847086372865482,0.08007097726117601,0.18542406850408685,0.2844678496450763,0.35686098114837983,0.7212789792386689,0.36063948961933445,-0.08532720740922473,0.04284679920716772,0.011685489493329593,1.0,1.0,1.0
Transformer,TRANSFORMER C - MARKET SEQUENCE + SEC + FINBERT,Momentum,positive_relative_momentum_60d,0.0,0.05,251,92,0.3665338645418327,82,0.0008818947614304328,0.0004232239264371773,0.5217391304347826,0.010518151207734772,0.0096303849981743,1.1914733184861839,0.0001127521361435954,0.02841353830818604,0.06817339959614191,0.4167833565071916,0.6927698492442168,0.7394416971622134,0.45983036958737783,0.22991518479368891,-0.07745364323761594,0.09852372169348866,0.02636236447313145,1.0,1.0,1.0
Transformer,TRANSFORMER C - MARKET SEQUENCE + SEC + FINBERT,Value,fixed_ex_ante_mature_semiconductor_proxy,0.0,0.05,95,43,0.45263157894736844,43,0.0014452308309009993,0.00043224925585805263,0.5348837209302325,0.011608837591333646,0.010242916943596544,1.3033556069572225,6.851700741868023e-05,0.01726628586950742,0.04730668071031925,0.36498620512474544,0.6162932501362782,0.696167994731925,0.4865021782044408,0.2432510891022204,-0.044493614714784635,0.05987020822214051,0.016231915835253075,1.0,1.0,1.0
Tree,TREE A - MARKET,Dividend,fixed_ex_ante_dividend_payers,0.0,0.05,231,171,0.7402597402597403,158,0.001069291981620913,0.0002631283211503299,0.52046783625731,0.008492932944165347,0.006988074428945607,1.319095769333352,0.0001975917149708016,0.049793112172642005,0.06626153615990622,0.7514632931611841,1.2116307568110147,1.4137587533314522,0.15777625345354948,0.07888812672677474,-0.09151368421818162,0.1868787992145844,0.04858632749049607,1.0,1.0,1.0
Tree,TREE A - MARKET,Growth,fixed_ex_ante_growth_companies,0.0,0.05,297,229,0.7710437710437711,199,-0.0003447437748093633,-0.00044887945505656113,0.4847161572052402,0.00809188810603877,0.008280897493234301,0.9192072298600634,-5.943091905364968e-05,-0.014976591601519719,0.07925857634757949,-0.1889586249422596,-0.24812325405326957,-0.34306572793439577,0.7316285980374753,0.6341857009812624,-0.19819537906503648,-0.0631702257859924,-0.017907402442561504,1.0,1.0,1.0
Tree,TREE A - MARKET,Momentum,positive_relative_momentum_60d,0.0,0.05,251,194,0.7729083665338645,174,0.0007853876630299029,0.00047852320261945747,0.5103092783505154,0.008766106140520384,0.007531361066144386,1.21295543610336,0.0002148741137913608,0.05414827667542292,0.07810308792472259,0.6932923923265644,1.0652909120379275,1.2051373728559365,0.22846495336241524,0.11423247668120762,-0.07841028269683903,0.20191429090832202,0.05224801799865331,1.0,1.0,1.0
Tree,TREE A - MARKET,Value,fixed_ex_ante_mature_semiconductor_proxy,0.0,0.05,95,70,0.7368421052631579,70,0.0008097507928909611,-0.0007824843517410529,0.4714285714285714,0.011289749239249115,0.008537274848455501,1.1794437905206474,6.249454851418664e-05,0.015748626225575033,0.05645771449142011,0.2789455146642246,0.43242243309575423,0.51291645300332,0.6081347977065575,0.30406739885327877,-0.10906524430598619,0.052286337879420275,0.014213069912040854,1.0,1.0,1.0
Tree,TREE B - MARKET + SEC,Dividend,fixed_ex_ante_dividend_payers,0.0,0.05,231,171,0.7402597402597403,158,0.0017324946894498037,0.0008167337437686162,0.543859649122807,0.008737364124194473,0.006619465021207302,1.5737867671170649,0.0003194095973040057,0.08049121852060945,0.0661595516472833,1.2166227931793225,2.2871671026651335,2.2875076578680824,0.022395925835954022,0.011197962917977011,-0.05002788992383567,0.3255749247204627,0.08117376558836287,1.0,0.9182329592741149,1.0
Tree,TREE B - MARKET + SEC,Growth,fixed_ex_ante_growth_companies,0.0,0.05,297,229,0.7710437710437711,199,0.0007111852747034421,0.00020664813144066763,0.5065502183406113,0.008785374620168275,0.007577363079933021,1.1902048983525482,0.00011996673430701505,0.03023161704536779,0.07923828689312994,0.3815278980745976,0.531940496785417,0.7594745536105818,0.4477662883706244,0.2238831441853122,-0.07773892163716334,0.10239185677837925,0.02736187234354115,1.0,1.0,1.0
Tree,TREE B - MARKET + SEC,Momentum,positive_relative_momentum_60d,0.0,0.05,251,194,0.7729083665338645,174,0.0016617408403293598,0.0009190876673202675,0.5412371134020618,0.009074769201043479,0.007083966776243476,1.5113267356302984,0.00037119950406762576,0.09354227502504169,0.07792880296108046,1.2003555998641349,2.0273613574069955,2.104698854846737,0.03559242898163208,0.01779621449081604,-0.07841028269683903,0.3850588770351222,0.09439621257738051,1.0,1.0,1.0
Tree,TREE B - MARKET + SEC,Value,fixed_ex_ante_mature_semiconductor_proxy,0.0,0.05,95,70,0.7368421052631579,70,0.0024394838804700225,0.0013922851002207692,0.5142857142857142,0.011933399526680221,0.007612897391987835,1.6597313157035685,0.0001882732873571131,0.0474448684139925,0.05638720027160043,0.841412025875813,1.6061971060065638,1.6008851056057527,0.10975097271197388,0.05487548635598694,-0.05257088862753234,0.17948904891941253,0.04677434903562783,1.0,1.0,1.0
Tree,TREE C - MARKET + SEC + FINBERT,Dividend,fixed_ex_ante_dividend_payers,0.0,0.05,231,176,0.7619047619047619,162,0.00032369822446369994,-0.00045917281945995203,0.4772727272727273,0.008558559979226943,0.00719508859510274,1.0860654832876397,0.00010975165234480137,0.027657416390889946,0.06711715142429993,0.4120767315651676,0.6785534853803843,0.7713387802946896,0.44070727161571843,0.22035363580785922,-0.10855478911034622,0.09579916805759026,0.02565682408252945,1.0,1.0,1.0
Tree,TREE C - MARKET + SEC + FINBERT,Growth,fixed_ex_ante_growth_companies,0.0,0.05,297,242,0.8148148148148148,208,-0.00019109098902418882,-0.0010902639711394269,0.4669421487603306,0.008429202173423588,0.007742200503416428,0.9536978188630991,-6.268247879164315e-05,-0.015795984655494075,0.07970265717575185,-0.1981864245838435,-0.26632025835215545,-0.3876734422723263,0.6983487706430478,0.6508256146784761,-0.17934562853120806,-0.06603550177165796,-0.018740094555838693,1.0,1.0,1.0
Tree,TREE C - MARKET + SEC + FINBERT,Momentum,positive_relative_momentum_60d,0.0,0.05,251,199,0.7928286852589641,178,-0.00028332939045075097,-0.0006547813003374703,0.4723618090452261,0.008350933832749584,0.008013050752172955,0.9329872390815401,-2.0765201213170324e-05,-0.005232830705718922,0.07869859505945802,-0.06649204730739394,-0.09517475344180447,-0.12386639907538344,0.9014485319179892,0.5492757340410054,-0.18090702154092364,-0.029522713072033024,-0.008264032846065361,1.0,1.0,1.0
Tree,TREE C - MARKET + SEC + FINBERT,Value,fixed_ex_ante_mature_semiconductor_proxy,0.0,0.05,95,71,0.7473684210526316,71,-0.0002307049011174985,-0.0009666412758597698,0.4507042253521127,0.010513308947130186,0.009046306007372008,0.9535720735184857,-1.805958983389459e-05,-0.004551016638141437,0.05646725186369988,-0.08059568135397555,-0.11987646899461,-0.14780931184013885,0.8825261480722905,0.5587369259638548,-0.12758474416516163,-0.02185370385999319,-0.006100027000596753,1.0,1.0,1.0
XGBoost,XGB A - MARKET,Dividend,fixed_ex_ante_dividend_payers,0.0,0.05,231,188,0.8138528138528138,175,0.001428900650778682,0.0008038300256842656,0.5372340425531915,0.00893005565131064,0.007279336763631981,1.4241786631910467,0.00029640671319247115,0.07469449172450274,0.0737428538089093,1.0129048154016311,1.786553419250573,1.8123927135811786,0.07025644479306473,0.03512822239653236,-0.08918477244723422,0.29575053490686387,0.074382157002854,1.0,1.0,1.0
XGBoost,XGB A - MARKET,Growth,fixed_ex_ante_growth_companies,0.0,0.05,297,242,0.8148148148148148,213,-7.76138922336809e-05,0.00012148933178232624,0.5041322314049587,0.008061346718372175,0.008352223846349633,0.9812599192481735,3.942638614813684e-05,0.009935449309330484,0.08659089503242778,0.11474011563929114,0.16065700791837692,0.2284001805256984,0.8193866889142228,0.4096933444571114,-0.12418034910810927,0.022518275343054617,0.00618551350948926,1.0,1.0,1.0
XGBoost,XGB A - MARKET,Momentum,positive_relative_momentum_60d,0.0,0.05,251,205,0.8167330677290837,189,0.0007685011510118575,0.0007047828075209539,0.5219512195121951,0.008846952821535815,0.00805184914231532,1.1996533851948037,0.0002113314060448097,0.05325551432329204,0.08636400734054439,0.6166401486362103,0.9512916259803241,1.2194156079306253,0.22300384996006686,0.11150192498003343,-0.08426681603000852,0.19517554550753458,0.050611007810980047,1.0,1.0,1.0
XGBoost,XGB A - MARKET,Value,fixed_ex_ante_mature_semiconductor_proxy,0.0,0.05,95,78,0.8210526315789474,78,0.0023717594067134127,0.0018270809590276438,0.5512820512820513,0.010922684087451943,0.00813366234390821,1.649846898698194,0.00020396607907788994,0.051399451927628265,0.05988423195934093,0.858313620228552,1.5273253275795724,1.4869422294417067,0.13737798629016665,0.06868899314508332,-0.10508052117308553,0.19551082658279673,0.050692613544983445,1.0,1.0,1.0
XGBoost,XGB B - MARKET + SEC,Dividend,fixed_ex_ante_dividend_payers,0.0,0.05,231,186,0.8051948051948052,177,0.0016339005730984309,0.0008038300256842656,0.5483870967741935,0.008806982052797263,0.007076269795107291,1.5112754038966436,0.0003660479253478016,0.092244077187646,0.07456367901880222,1.2371181036330767,2.345076062031599,2.1609223995266196,0.030962790302084937,0.015481395151042469,-0.1137489432889831,0.37992971853825885,0.09327243540215346,1.0,1.0,1.0
XGBoost,XGB B - MARKET + SEC,Growth,fixed_ex_ante_growth_companies,0.0,0.05,297,248,0.835016835016835,219,6.562465890405298e-05,0.0006496028281860189,0.532258064516129,0.00793419449614255,0.008888265155884579,1.0157849695567907,5.0396250652433627e-05,0.012699855164413274,0.09179428762531618,0.13835125793721775,0.1921584707905961,0.2869741436958675,0.7741977353816385,0.38709886769081925,-0.1328772202103703,0.03101325890909945,0.008493401485157204,1.0,1.0,1.0
XGBoost,XGB B - MARKET + SEC,Momentum,positive_relative_momentum_60d,0.0,0.05,251,206,0.8207171314741036,188,0.0010775119957555327,0.0009570743957480476,0.5631067961165048,0.008635266991409008,0.008663594443086724,1.2846745944689695,0.00028356321663251517,0.07145793059139383,0.08828763887764673,0.809376391755404,1.258473309559656,1.6109602032095307,0.10753670229085235,0.05376835114542618,-0.10444192925343887,0.27530781982484753,0.06966137310909626,1.0,1.0,1.0
XGBoost,XGB B - MARKET + SEC,Value,fixed_ex_ante_mature_semiconductor_proxy,0.0,0.05,95,76,0.8,76,0.0024667315846061996,0.0018270809590276438,0.5526315789473685,0.011473656738349668,0.00865947007590044,1.6367445758868906,0.00020669415703425707,0.05208692757263278,0.061620989490579946,0.8452789869691295,1.5054803669488104,1.4575255734027581,0.1453178734352727,0.07265893671763635,-0.1050805211730853,0.19802144495364105,0.051303160162559536,1.0,1.0,1.0
XGBoost,XGB C - MARKET + SEC + FINBERT,Dividend,fixed_ex_ante_dividend_payers,0.0,0.05,231,195,0.8441558441558441,182,0.0014257217965680557,0.0007909263075999151,0.5435897435897435,0.008387925481860911,0.006866341019623436,1.4549398969114924,0.00028149730722704347,0.07093732142121495,0.07221124186015448,0.9823584194631825,1.7712403891412356,1.7488242119742081,0.08066005240429266,0.04033002620214633,-0.08170093506606568,0.2788724061062704,0.07048845299773943,1.0,1.0,1.0
XGBoost,XGB C - MARKET + SEC + FINBERT,Growth,fixed_ex_ante_growth_companies,0.0,0.05,297,244,0.8215488215488216,208,0.0007138715104743504,0.0009522569513126244,0.5327868852459017,0.008571825164662907,0.008246952832021372,1.1852727358539228,0.00014252440452803538,0.035916149941064915,0.08863702279079669,0.4052048321369628,0.5956770778102569,0.7920163097184716,0.42855848413771414,0.21427924206885707,-0.13806849145027844,0.12204430408465483,0.032401167746697546,1.0,1.0,1.0
XGBoost,XGB C - MARKET + SEC + FINBERT,Momentum,positive_relative_momentum_60d,0.0,0.05,251,201,0.8007968127490039,183,0.0014943365048697825,0.0009666412758597698,0.5522388059701493,0.008601429934004888,0.0072710787243968475,1.4589898767489078,0.00034355180754589955,0.08657505550156669,0.0799489936870238,1.0828786143385611,1.849625625543087,2.059156973673816,0.0397645349611559,0.01988226748057795,-0.08900966116194542,0.35003555700177125,0.08666193811904854,1.0,1.0,1.0
XGBoost,XGB C - MARKET + SEC + FINBERT,Value,fixed_ex_ante_mature_semiconductor_proxy,0.0,0.05,95,81,0.8526315789473684,81,0.0022466550838009373,0.0016075575053661195,0.5679012345679012,0.009963644096988461,0.007895673333531238,1.658512776014572,0.00020063843637031523,0.05056088596531944,0.05779249811370074,0.8748693622110978,1.6349319378355243,1.5704868285487241,0.11665104926870609,0.058325524634353046,-0.07672346866651658,0.19244483899662979,0.0499457503214773,1.0,1.0,1.0
CatBoost,CAT A - MARKET,Dividend,fixed_ex_ante_dividend_payers,0.0,0.1,231,115,0.49783549783549785,110,0.002428701519700585,0.0019678364566729223,0.6,0.009411068856418561,0.008044849485376376,1.7547380234134238,0.0003174498402309526,0.07999735973820006,0.06385036165675816,1.2528881225175152,2.4450222748392183,2.4362915837221077,0.01503044222361889,0.007515221111809445,-0.05429566253799012,0.3239472384942381,0.08080597532212708,1.0,0.608732910056565,1.0
CatBoost,CAT A - MARKET,Growth,fixed_ex_ante_growth_companies,0.0,0.1,297,160,0.5387205387205387,145,0.0008811839476245333,0.0007869924465553069,0.54375,0.009339204805759543,0.009198923102481575,1.209955236658545,0.0001402634481198703,0.03534638892620731,0.08191376933756894,0.4315072937315808,0.6403980752683143,0.8501298687563512,0.3954774868573164,0.1977387434286582,-0.10330594887189593,0.1220614377769349,0.032405533231451455,1.0,1.0,1.0
CatBoost,CAT A - MARKET,Momentum,positive_relative_momentum_60d,0.0,0.1,251,140,0.5577689243027888,131,0.0013185714884335232,0.001242227597873985,0.5714285714285714,0.009116603078953256,0.00907880396559279,1.3388845951520663,0.0002107538249267814,0.05310996388154891,0.07612895992615991,0.6976315443303323,1.1149885637623778,1.3899350321462602,0.16489001198919112,0.08244500599459556,-0.08424179967965362,0.1981357007708311,0.051330923530808814,1.0,1.0,1.0
CatBoost,CAT A - MARKET,Value,fixed_ex_ante_mature_semiconductor_proxy,0.0,0.1,95,55,0.5789473684210527,55,0.003107582599016337,0.0019678364566729223,0.5636363636363636,0.01121407016299144,0.00736329717111817,1.9671677362164166,0.00018844216421819024,0.04748742538298394,0.04949464217279711,0.9594457763164443,2.009824008858305,1.8426791286051407,0.06570243537949005,0.03285121768974503,-0.046053631915106585,0.18121424517869333,0.04719810279687575,1.0,1.0,1.0
CatBoost,CAT B - MARKET + SEC,Dividend,fixed_ex_ante_dividend_payers,0.0,0.1,231,138,0.5974025974025974,135,0.0016049035591236798,0.0013714112023784641,0.5652173913043478,0.009112593277948488,0.008155093075348568,1.4526347096077368,0.00023503332642902376,0.05922839826011399,0.07376695401279247,0.8029123481205792,1.361686349306764,1.4411416053231187,0.1498901999328478,0.0749450999664239,-0.10445741056462943,0.2255937566094668,0.057948245884055005,1.0,1.0,1.0
CatBoost,CAT B - MARKET + SEC,Growth,fixed_ex_ante_growth_companies,0.0,0.1,297,187,0.6296296296296297,163,0.0003978912093832272,0.0008692020855896598,0.5347593582887701,0.008051681296278295,0.008399568660611102,1.101819207821426,7.320728228610853e-05,0.01844823513609935,0.07678152989836909,0.24026917880534715,0.3285192588054506,0.4584461442916817,0.6467418917340668,0.3233709458670334,-0.12382101659163502,0.057334955933391774,0.0155581907766702,1.0,1.0,1.0
CatBoost,CAT B - MARKET + SEC,Momentum,positive_relative_momentum_60d,0.0,0.1,251,169,0.6733067729083665,152,0.0008067542532841359,0.0008692020855896598,0.5384615384615384,0.008722907604652448,0.008428757989978893,1.2073813901004737,0.00019922131580650881,0.05020377158324022,0.07662061752338944,0.6552253584737147,1.001402476973927,1.2932826824499433,0.19624295821658977,0.09812147910829488,-0.10695819362041548,0.18547203312789318,0.048242016147691746,1.0,1.0,1.0
CatBoost,CAT B - MARKET + SEC,Value,fixed_ex_ante_mature_semiconductor_proxy,0.0,0.1,95,66,0.6947368421052632,66,0.0008505437927974681,0.0008038300256842656,0.5151515151515151,0.01101240421264763,0.009946432903293329,1.1763694170262724,6.189183056740121e-05,0.015596741302985107,0.058672857977586854,0.2658254913872287,0.4148592110418618,0.5082955534839507,0.6113698240884485,0.30568491204422427,-0.09743841958456645,0.05123832757287161,0.013933260258898628,1.0,1.0,1.0
CatBoost,CAT C - MARKET + SEC + FINBERT,Dividend,fixed_ex_ante_dividend_payers,0.0,0.1,231,139,0.6017316017316018,131,0.0037386053000639445,0.0024021075996967234,0.6618705035971223,0.009311442222228431,0.007169926547577179,2.5420975709564693,0.0005707805607062368,0.14383670129797166,0.06828486658838123,2.106421356360176,5.055633772163998,3.840174828425978,0.00013150083787197476,6.575041893598738e-05,-0.03894550670025132,0.6640653418759344,0.15145042953542442,0.01104607038124588,0.00552303519062294,0.04970731671560646
CatBoost,CAT C - MARKET + SEC + FINBERT,Growth,fixed_ex_ante_growth_companies,0.0,0.1,297,193,0.6498316498316499,172,0.0008566510236597996,0.0006812084806518959,0.533678756476684,0.008914963215757502,0.008365639596185345,1.219593553773531,0.0001429703633137987,0.03602853155507727,0.0791961183536217,0.45492799778651855,0.658325597291162,0.9121817968532814,0.36191567545976716,0.18095783772988358,-0.1123998547637377,0.1256767972534958,0.03332561266935574,1.0,1.0,1.0
CatBoost,CAT C - MARKET + SEC + FINBERT,Momentum,positive_relative_momentum_60d,0.0,0.1,251,153,0.6095617529880478,142,0.002148642413442393,0.0016863254613823653,0.5947712418300654,0.008886355399254468,0.0077405814850882325,1.6849995698935052,0.0003409067131552894,0.08590849171513293,0.07316354141620707,1.1741981053981982,1.944051151112327,2.3303383543597738,0.020007028939869897,0.010003514469934948,-0.04997902835688994,0.3492707836207771,0.0864914412501403,1.0,0.8002811575947959,1.0
CatBoost,CAT C - MARKET + SEC + FINBERT,Value,fixed_ex_ante_mature_semiconductor_proxy,0.0,0.1,95,59,0.6210526315789474,59,0.0034084775020858157,0.0019678364566729223,0.6101694915254238,0.010368550769330055,0.007485550220557343,2.1680485079384226,0.0002217201462216793,0.05587347684786319,0.050810157810527945,1.0996517085464772,2.297074717047439,2.1441213357379882,0.0322886954640309,0.01614434773201545,-0.05796794483844114,0.2171148601316224,0.05591639476642296,1.0,1.0,1.0
LSTM,LSTM A - MARKET SEQUENCE,Dividend,fixed_ex_ante_dividend_payers,0.0,0.1,231,36,0.15584415584415584,36,0.0019629782826730297,0.00032412927308109185,0.5,0.013008668579250047,0.009082712013903989,1.4322449681698737,7.791314021634957e-05,0.01963411133452009,0.045120294511281946,0.4351503363882244,0.7455838836176776,0.7479390018249237,0.45469104353751155,0.22734552176875578,-0.06779043888581293,0.06932732212955695,0.018734842075890157,1.0,1.0,1.0
LSTM,LSTM A - MARKET SEQUENCE,Growth,fixed_ex_ante_growth_companies,0.0,0.1,297,62,0.20875420875420875,57,0.0004585718631914412,-3.203815961397294e-05,0.5,0.011431400201279031,0.010514256474896148,1.0872285861175877,6.196030411822608e-05,0.015613996637792973,0.06392397373452235,0.2442588550993128,0.36754628900738506,0.4554405381898781,0.648901463313816,0.324450731656908,-0.10452763379492713,0.05008013879863138,0.013623799184699914,1.0,1.0,1.0
LSTM,LSTM A - MARKET SEQUENCE,Momentum,positive_relative_momentum_60d,0.0,0.1,251,38,0.15139442231075698,37,0.0015816499632301075,0.001030533936984157,0.5263157894736842,0.012738294492972308,0.010814621736483447,1.308752251592787,6.713511010324579e-05,0.01691804774601794,0.05260101327263645,0.32162969291732013,0.5338447040000017,0.6288393881315639,0.5296127180145801,0.26480635900729005,-0.06545662712672251,0.05755157300200642,0.01561580081456393,1.0,1.0,1.0
LSTM,LSTM A - MARKET SEQUENCE,Value,fixed_ex_ante_mature_semiconductor_proxy,0.0,0.1,95,20,0.21052631578947367,20,0.0014191363656776367,0.0027143334241127026,0.6,0.011919726645050038,0.014331749053380964,1.247551146826502,3.129297388484315e-05,0.007885829418980474,0.03619417683282037,0.21787563937162718,0.3281957563629027,0.4158366732796327,0.6776279959718081,0.33881399798590406,-0.05143558274287752,0.026374101644583314,0.0072347627297058015,1.0,1.0,1.0
LSTM,LSTM B - MARKET SEQUENCE + SEC,Dividend,fixed_ex_ante_dividend_payers,0.0,0.1,231,41,0.1774891774891775,39,0.004786324652791146,0.002009232330532962,0.6097560975609756,0.013371321658137867,0.008627733168063107,2.421573509966436,0.00021819877258128181,0.05498609069048302,0.050484066659918975,1.0891771271298625,2.4752843747812454,1.9212190044485633,0.05501760330718981,0.027508801653594903,-0.03769850024795374,0.21331870104089012,0.05500337930022803,1.0,1.0,1.0
LSTM,LSTM B - MARKET SEQUENCE + SEC,Growth,fixed_ex_ante_growth_companies,0.0,0.1,297,73,0.24579124579124578,65,0.002120520890363639,0.003228275854260443,0.6027397260273972,0.011204960746941715,0.011662767167892751,1.4576840859526325,0.00015432282253074217,0.03888935127774703,0.06317426355456698,0.615588518007119,0.927767118869766,1.1800297212133384,0.23829813001083888,0.11914906500541944,-0.049026101487213314,0.14200184741888866,0.03745379821626371,1.0,1.0,1.0
LSTM,LSTM B - MARKET SEQUENCE + SEC,Momentum,positive_relative_momentum_60d,0.0,0.1,251,38,0.15139442231075698,38,0.0021657890608912014,0.0011307310520627945,0.5789473684210527,0.010842837805147843,0.009765152962461682,1.5267453607116794,9.073868171319255e-05,0.022866147791724523,0.04616948085316575,0.4952654300889034,0.8184869367839926,1.0027411115540024,0.31625352134332346,0.15812676067166173,-0.0555283621389685,0.08164220262757294,0.02197022730447662,1.0,1.0,1.0
LSTM,LSTM B - MARKET SEQUENCE + SEC,Value,fixed_ex_ante_mature_semiconductor_proxy,0.0,0.1,95,22,0.23157894736842105,22,0.005102253370763913,0.004442130701058922,0.6363636363636364,0.01434048045691162,0.011064644029994575,2.2681109967536517,0.00012375917768115335,0.031187312775650646,0.040259344851596574,0.774660215922859,1.5823979026691486,1.520693404515996,0.1286856984573193,0.06434284922865965,-0.03320337893378944,0.11556223764718432,0.030746135186781487,1.0,1.0,1.0
LSTM,LSTM C - MARKET SEQUENCE + SEC + FINBERT,Dividend,fixed_ex_ante_dividend_payers,0.0,0.1,231,45,0.19480519480519481,44,0.0035341678169601245,0.0019042995456412526,0.5555555555555556,0.01351077888405461,0.008936596016907983,1.8898105691602685,0.00018597015170073047,0.046864478228584076,0.0515750955840221,0.9086648836595204,1.8511255389426469,1.627210100279164,0.10404018750368836,0.05202009375184418,-0.039827716415966274,0.178129543335678,0.04644010270678933,1.0,1.0,1.0
LSTM,LSTM C - MARKET SEQUENCE + SEC + FINBERT,Growth,fixed_ex_ante_growth_companies,0.0,0.1,297,72,0.24242424242424243,63,0.0036167169254525747,0.0037605754486709497,0.5972222222222222,0.013018768549081053,0.010324256171651721,1.869741604234622,0.00027169855205307953,0.06846803511737604,0.0673057589785036,1.0172685986535512,1.8015772857274917,1.8884319073461338,0.05928724397622369,0.029643621988111844,-0.04902610148721309,0.2691036741242989,0.06821784903934258,1.0,1.0,1.0
LSTM,LSTM C - MARKET SEQUENCE + SEC + FINBERT,Momentum,positive_relative_momentum_60d,0.0,0.1,251,42,0.16733067729083664,42,0.0037424688554861924,0.0015690653315775238,0.5952380952380952,0.013661018722045499,0.010843633889453964,1.8526753687535664,0.00017330065262449845,0.04367176446137361,0.057773493449145986,0.7559135142107141,1.4245975919209937,1.3734664273136976,0.1699471574529001,0.08497357872645005,-0.06363148489117865,0.16327002646143973,0.042768448586156804,1.0,1.0,1.0
LSTM,LSTM C - MARKET SEQUENCE + SEC + FINBERT,Value,fixed_ex_ante_mature_semiconductor_proxy,0.0,0.1,95,23,0.24210526315789474,23,0.002302330711596699,0.0007909263075999151,0.5217391304347826,0.013720146770352446,0.010153468625227752,1.4741201645313355,5.8383248474888736e-05,0.014712578615671962,0.03873102174741087,0.37986549158506216,0.6696921729453668,0.7762178057359369,0.4378229782324079,0.21891148911620395,-0.03958385758438321,0.051562444779137184,0.014019818274933371,1.0,1.0,1.0
Logistic,MODEL A - MARKET,Dividend,fixed_ex_ante_dividend_payers,0.0,0.1,231,100,0.4329004329004329,95,0.001234702830866014,0.0003186274116426524,0.52,0.01012176906266965,0.008392952253587925,1.3064830451292697,0.00018041565127801713,0.045464744122060315,0.06477035387782698,0.7019375593935794,1.1899218884007274,1.3447916209980384,0.17902908753088256,0.08951454376544128,-0.11471847744509167,0.16896713896004423,0.04418014093501843,1.0,1.0,1.0
Logistic,MODEL A - MARKET,Growth,fixed_ex_ante_growth_companies,0.0,0.1,297,121,0.4074074074074074,110,0.0006534947625915947,0.0003947624423444318,0.5289256198347108,0.009596004551761822,0.009387217983143398,1.1477800207099338,8.78121641532962e-05,0.02212866536663064,0.07481656220779734,0.29577228241482084,0.43300507677083355,0.5904823356655745,0.5550145801682107,0.27750729008410535,-0.08092116304227726,0.07205868496676837,0.019454746199056627,1.0,1.0,1.0
Logistic,MODEL A - MARKET,Momentum,positive_relative_momentum_60d,0.0,0.1,251,111,0.44223107569721115,106,0.0005220427691789916,-0.0001758051903979485,0.4864864864864865,0.010667294825218691,0.009089248652332304,1.11184748509187,8.960291966466639e-05,0.02257993575549593,0.07493762387597427,0.30131640940293114,0.477093083717865,0.5762449808452238,0.56459272447703,0.282296362238515,-0.13870011375817426,0.07382479976486667,0.019919534566004593,1.0,1.0,1.0
Logistic,MODEL A - MARKET,Value,fixed_ex_ante_mature_semiconductor_proxy,0.0,0.1,95,54,0.5684210526315789,54,0.002677792468447436,0.002444321670311833,0.5925925925925926,0.011906557184149553,0.010745865299846552,1.6116551015894052,0.00015942755600458825,0.04017574411315624,0.05676562892722295,0.707747714108198,1.2015862299586362,1.2325752314588954,0.2180540301102134,0.1090270150551067,-0.11802970101722232,0.14892731002465798,0.039192184336260594,1.0,1.0,1.0
Logistic,MODEL B - MARKET + SEC,Dividend,fixed_ex_ante_dividend_payers,0.0,0.1,231,134,0.5800865800865801,129,0.0014431174448703607,0.000819542467842771,0.5522388059701493,0.009654333436865328,0.008684048945256765,1.371135896845007,0.00023392665433162924,0.05894951689157057,0.0737721829593218,0.7990751327512635,1.372065372038259,1.4888804521321921,0.13686684325527435,0.06843342162763717,-0.1182062080046179,0.22436857773622898,0.05765527812037341,1.0,1.0,1.0
Logistic,MODEL B - MARKET + SEC,Growth,fixed_ex_ante_growth_companies,0.0,0.1,297,160,0.5387205387205387,142,0.0014900169040965184,0.001030533936984157,0.575,0.009385693246381893,0.009192368735466047,1.3813948535114084,0.00022954642192067598,0.05784569832401035,0.08027699107857937,0.7205763139202355,1.0678071407373615,1.3799711408248592,0.1679359625242069,0.08396798126210345,-0.06715882002964568,0.21723196819240842,0.05594452770380243,1.0,1.0,1.0
Logistic,MODEL B - MARKET + SEC,Momentum,positive_relative_momentum_60d,0.0,0.1,251,146,0.5816733067729084,137,0.0010365849730165618,0.0008730425008015574,0.5616438356164384,0.009161412588256203,0.009373350409009228,1.2522800670527778,0.00017192310038097162,0.043324621296004846,0.07799502603299532,0.5554792850210297,0.8316188410376582,1.1150946326574627,0.2651055646113333,0.13255278230566664,-0.1276943634489751,0.15603887062929545,0.040969416377375056,1.0,1.0,1.0
Logistic,MODEL B - MARKET + SEC,Value,fixed_ex_ante_mature_semiconductor_proxy,0.0,0.1,95,70,0.7368421052631579,70,0.001105807083315231,0.000819542467842771,0.5285714285714286,0.01088520906276776,0.009858976954252755,1.2379203643273222,8.534343531650073e-05,0.021506545699758184,0.06044321592497851,0.3558140540776633,0.5630152986764564,0.654772405710595,0.5127804906314143,0.25639024531570714,-0.135715347824649,0.07343422573116443,0.019816794842006047,1.0,1.0,1.0
Logistic,MODEL C - MARKET + SEC + FINBERT,Dividend,fixed_ex_ante_dividend_payers,0.0,0.1,231,137,0.5930735930735931,131,0.0012250697620114737,0.0008503210091886926,0.5547445255474452,0.009197814196710055,0.008708185599252332,1.315954013089579,0.00021638993505081392,0.05453026363280511,0.07248738382957406,0.7522724749042102,1.2703636638648723,1.447275711729472,0.14816562892254287,0.07408281446127143,-0.11820620800461767,0.2054522131173513,0.05310481250326604,1.0,1.0,1.0
Logistic,MODEL C - MARKET + SEC + FINBERT,Growth,fixed_ex_ante_growth_companies,0.0,0.1,297,163,0.5488215488215489,144,0.0017044532731695634,0.0022449799167520434,0.5950920245398773,0.009329082205663848,0.009501440763981127,1.4430362918952904,0.00025052799663687037,0.06313305515249133,0.0812552247137428,0.7769722547061464,1.1452563155890556,1.494789360773376,0.13531762918698464,0.06765881459349232,-0.062168026656666986,0.2402548126522539,0.06143771258453401,1.0,1.0,1.0
Logistic,MODEL C - MARKET + SEC + FINBERT,Momentum,positive_relative_momentum_60d,0.0,0.1,251,147,0.5856573705179283,138,0.0007566754132035854,0.0009160206755860489,0.564625850340136,0.008663949195546805,0.009498070273272777,1.182983362904002,0.00014147175621109762,0.0356508825651966,0.07716734950997829,0.46199439000540876,0.6751633578733106,0.9381300708446993,0.3484275870951702,0.1742137935475851,-0.127694363448975,0.12479929146808999,0.0331024912137039,1.0,1.0,1.0
Logistic,MODEL C - MARKET + SEC + FINBERT,Value,fixed_ex_ante_mature_semiconductor_proxy,0.0,0.1,95,70,0.7368421052631579,70,0.0008809323993914669,0.001228939257277406,0.5428571428571428,0.010124376076726213,0.010095656967443543,1.1908780805333568,6.798816753848146e-05,0.01713301821969733,0.05885679972357821,0.2910966668280095,0.4487448145118813,0.5583153913284513,0.5767669812681586,0.2883834906340793,-0.1357153478246489,0.05702366894358546,0.015475388008918678,1.0,1.0,1.0
TabNet,TABNET A - MARKET,Dividend,fixed_ex_ante_dividend_payers,0.0,0.1,231,36,0.15584415584415584,36,-0.002825402074280577,-0.0021842655999197436,0.4166666666666667,0.009162332737274782,0.01138806979682012,0.5746824089184212,-0.00011214385300341871,-0.028260250956861514,0.044056427367925664,-0.6414558021433164,-0.8211743414016414,-1.1342378061016323,0.2569948221878309,0.8715025889060846,-0.1259643663635085,-0.09986969247877597,-0.028715392528947947,1.0,1.0,1.0
TabNet,TABNET A - MARKET,Growth,fixed_ex_ante_growth_companies,0.0,0.1,297,63,0.21212121212121213,60,0.0007744942296109594,0.0019561153714322543,0.6349206349206349,0.0076542329094813665,0.011190268691902792,1.1895790685907257,6.609433664499542e-05,0.016655772834538844,0.05495909992959478,0.30305759839363605,0.42836727873714114,0.6234085701280997,0.5331729731247764,0.2665864865623882,-0.08253266131426895,0.05601804263359034,0.015207769477482369,1.0,1.0,1.0
TabNet,TABNET A - MARKET,Momentum,positive_relative_momentum_60d,0.0,0.1,251,59,0.2350597609561753,53,-0.0012417603898705403,0.0006124221172303379,0.5254237288135594,0.007898166729788028,0.011360965415206812,0.769688011522654,-3.987515128161792e-05,-0.010048538122967717,0.05211444501678772,-0.19281675396774856,-0.2482745299154617,-0.35988996202197837,0.7190132973205416,0.6404933513397292,-0.13778713404428045,-0.040243986704092904,-0.011310136738326815,1.0,1.0,1.0
TabNet,TABNET A - MARKET,Value,fixed_ex_ante_mature_semiconductor_proxy,0.0,0.1,95,23,0.24210526315789474,23,-0.005705110712555516,-0.004620483613542836,0.34782608695652173,0.00831868307767454,0.013184467400678213,0.33650437593948873,-0.0001446720467351454,-0.03645735577725664,0.0358977329097267,-1.0155893651818415,-1.1389212819840546,-1.7425043073979933,0.08175954208270035,0.9591202289586498,-0.13393394305312845,-0.12502998879249727,-0.03631061094396926,1.0,1.0,1.0
TabNet,TABNET B - MARKET + SEC,Dividend,fixed_ex_ante_dividend_payers,0.0,0.1,231,43,0.18614718614718614,43,0.003242077120072467,0.0021240791360923605,0.6511627906976745,0.008158277769371404,0.005934830758618881,2.566001591094611,0.00015370376644224486,0.03873334914344571,0.03339626862405672,1.159810683626627,2.5470754972852716,2.2246257016882893,0.026352042873963404,0.013176021436981702,-0.01824859608868956,0.14729680984018345,0.03878358980061303,1.0,1.0,1.0
TabNet,TABNET B - MARKET + SEC,Growth,fixed_ex_ante_growth_companies,0.0,0.1,297,63,0.21212121212121213,59,-0.002200083415745547,-0.0032427030511734123,0.3492063492063492,0.010430592112834093,0.008977519065227306,0.6234353883595631,-0.00017972084209806646,-0.04528965220871275,0.04977955043396137,-0.9098043637174864,-1.131561328789889,-1.8641874650414063,0.0626186174222091,0.9686906912888954,-0.15804265748065416,-0.1542234688239137,-0.04532391906883981,1.0,1.0,1.0
TabNet,TABNET B - MARKET + SEC,Momentum,positive_relative_momentum_60d,0.0,0.1,251,62,0.24701195219123506,60,0.00025877652850040024,-0.00027663532694519044,0.5,0.008507879963771168,0.007990326906770368,1.0647724508695968,6.970515078969485e-06,0.0017565697999003104,0.04628747296862269,0.03794914017213799,0.05081645947469628,0.07876972828991463,0.9372331761542099,0.46861658807710493,-0.0814765199255979,0.0024546613766032177,0.0006791285196301455,1.0,1.0,1.0
TabNet,TABNET B - MARKET + SEC,Value,fixed_ex_ante_mature_semiconductor_proxy,0.0,0.1,95,14,0.14736842105263157,14,0.008317579636795516,0.008339492241012714,0.7857142857142857,0.011143609973571156,0.002044531598048497,19.98497028631316,0.00012838601423940157,0.0323532755883292,0.023244642631501198,1.3918594534331088,15.746510575773403,2.57340200883905,0.010228429578769745,0.005114214789384872,-0.0027303494156951658,0.12241131074366618,0.03249466664714107,0.8489596550378888,0.4244798275189444,1.0
TabNet,TABNET C - MARKET + SEC + FINBERT,Dividend,fixed_ex_ante_dividend_payers,0.0,0.1,231,62,0.2683982683982684,61,0.0009441217108634338,0.0006070006729503585,0.532258064516129,0.00925390258759098,0.008511835838516188,1.2371365172305484,6.761847721457613e-05,0.017039856258073183,0.04766240484846269,0.35751146657936195,0.5711898453175878,0.6589595166809418,0.5100892019810909,0.25504460099054543,-0.09412303004590006,0.0589326273266344,0.0159828963840547,1.0,1.0,1.0
TabNet,TABNET C - MARKET + SEC + FINBERT,Growth,fixed_ex_ante_growth_companies,0.0,0.1,297,101,0.3400673400673401,96,-0.0007317091231649651,-0.0009689732490508751,0.44554455445544555,0.010286938398657956,0.00958597945320124,0.8623312646341347,-8.070441354007866e-05,-0.020337512212099822,0.06847270642566954,-0.2970163335690139,-0.40929306736393717,-0.5576040962671464,0.5772524988266826,0.7113737505866586,-0.15738677377804278,-0.07839741068147699,-0.022353975332355724,1.0,1.0,1.0
TabNet,TABNET C - MARKET + SEC + FINBERT,Momentum,positive_relative_momentum_60d,0.0,0.1,251,88,0.350597609561753,86,-0.0003507806779855528,-0.0003941136538141432,0.4772727272727273,0.009554053095279517,0.009394324557923226,0.9285676490967929,-2.4881364877385194e-05,-0.0062701039491010685,0.06167799908464846,-0.10165867962895195,-0.1434490142470756,-0.20031823877657096,0.8412766547279142,0.5793616726360429,-0.09380329702262857,-0.028976295465036106,-0.008109438923893153,1.0,1.0,1.0
TabNet,TABNET C - MARKET + SEC + FINBERT,Value,fixed_ex_ante_mature_semiconductor_proxy,0.0,0.1,95,30,0.3157894736842105,30,0.0015014034666911127,0.002709473549926039,0.5666666666666667,0.011853578114220649,0.012036055687770587,1.2878665005136263,4.9660533628151475e-05,0.012514454474294171,0.04194813004037135,0.2983316410588534,0.4790970538552208,0.5389119335793002,0.5900800141973276,0.2950400070986638,-0.08560810168366972,0.04278289696640769,0.011668322424580602,1.0,1.0,1.0
Transformer,TRANSFORMER A - MARKET SEQUENCE,Dividend,fixed_ex_ante_dividend_payers,0.0,0.1,231,5,0.021645021645021644,5,0.00021978850350630187,0.0008481586280856268,0.6,0.005768311340741572,0.008102995752346603,1.067810878292344,1.2116235033423476e-06,0.0003053291228422716,0.010649545787782325,0.028670623980279045,0.03747734264793229,0.05442314277732618,0.9566100391204471,0.47830501956022353,-0.015437064596847905,0.0008948633500762693,0.0002477203541015882,1.0,1.0,1.0
Transformer,TRANSFORMER A - MARKET SEQUENCE,Growth,fixed_ex_ante_growth_companies,0.0,0.1,297,7,0.02356902356902357,7,-0.0043232525266093825,-0.0023522269230135118,0.2857142857142857,0.0036615284725782793,0.007517164926284447,0.19483560669397654,-3.336578576214518e-05,-0.008408178012060586,0.010767252201119779,-0.7809028575727192,-0.8213422719336921,-1.4836099767196855,0.13826020438076211,0.9308698978096189,-0.03001336529267251,-0.03001336529267251,-0.008402903118000071,1.0,1.0,1.0
Transformer,TRANSFORMER A - MARKET SEQUENCE,Momentum,positive_relative_momentum_60d,0.0,0.1,251,7,0.027888446215139442,7,-0.0032677801869355127,-0.0007689269078454131,0.42857142857142855,0.0020217212497889068,0.007234906264478827,0.20957990081864694,-2.5219913239855114e-05,-0.006355418136443488,0.010157164676226352,-0.6257078957594188,-0.6424692423604568,-1.1154695820797387,0.264945025545309,0.8675274872273455,-0.022797911707735707,-0.022797911707735707,-0.00636579551241967,1.0,1.0,1.0
Transformer,TRANSFORMER A - MARKET SEQUENCE,Value,fixed_ex_ante_mature_semiconductor_proxy,0.0,0.1,95,2,0.021052631578947368,2,0.006560682894150072,0.006560682894150072,1.0,0.006560682894150072,,,1.4466775951819342e-05,0.003645627539858474,0.006484198242610085,0.5622325850406141,,1.0706072859274267,0.28463116971980107,0.14231558485990053,0.0,0.013131775414847446,0.003619241416735086,1.0,1.0,1.0
Transformer,TRANSFORMER B - MARKET SEQUENCE + SEC,Dividend,fixed_ex_ante_dividend_payers,0.0,0.1,231,53,0.22943722943722944,49,0.001573796399770584,-0.0001426677614377314,0.4716981132075472,0.01030777283369648,0.006224396844806109,1.478596052112966,0.00012003829325037496,0.03024964989909449,0.03950837365376784,0.7656516100659496,1.577905608511714,1.416819279606932,0.1568795232506492,0.0784397616253246,-0.04230300597310299,0.11191892409580961,0.02981285220305052,1.0,1.0,1.0
Transformer,TRANSFORMER B - MARKET SEQUENCE + SEC,Growth,fixed_ex_ante_growth_companies,0.0,0.1,297,67,0.2255892255892256,58,0.00019463972855027792,0.0013923109834141911,0.5522388059701493,0.00842621776152178,0.009957639845447907,1.0436544603449387,-1.649821630126454e-05,-0.004157550507918665,0.047893315608799614,-0.08680857558240931,-0.11541990554738128,-0.16049220513209586,0.8725291378142036,0.5637354310928981,-0.06784807002481974,-0.01892094065061478,-0.005275716052290602,1.0,1.0,1.0
Transformer,TRANSFORMER B - MARKET SEQUENCE + SEC,Momentum,positive_relative_momentum_60d,0.0,0.1,251,56,0.22310756972111553,48,-0.0001984673395757106,-0.0014307707550564597,0.44642857142857145,0.009933426217708773,0.008369349240611586,0.957162542107162,1.0507261885235299e-05,0.0026478299950792954,0.045456337703258576,0.05824996312647254,0.08977475152420447,0.09928669251879003,0.9209326075695423,0.46046630378477116,-0.09412900981842753,0.0058473544304185054,0.0016158045447691727,1.0,1.0,1.0
Transformer,TRANSFORMER B - MARKET SEQUENCE + SEC,Value,fixed_ex_ante_mature_semiconductor_proxy,0.0,0.1,95,24,0.25263157894736843,24,0.0052102057225857255,0.002554584835308793,0.625,0.012452846105617548,0.006860861582467311,3.0250928778975212,0.00013786652408165093,0.03474236406857603,0.034733634766809296,1.0002513212862791,2.69014006096834,1.7862011424303612,0.07440102374652406,0.03720051187326203,-0.02535732429061277,0.13076472731767907,0.03461683671987115,1.0,1.0,1.0
Transformer,TRANSFORMER C - MARKET SEQUENCE + SEC + FINBERT,Dividend,fixed_ex_ante_dividend_payers,0.0,0.1,231,22,0.09523809523809523,21,0.002666620088621611,0.0011122044335505898,0.5454545454545454,0.011008487704651284,0.007343621050613996,1.798865321962255,7.273125808335566e-05,0.018328277037005628,0.029542478495367442,0.6204041763076746,1.5650995093862419,1.2488944553895587,0.2120262706714119,0.10601313533570594,-0.02663450965227765,0.06653702305981368,0.01799802985878829,1.0,1.0,1.0
Transformer,TRANSFORMER C - MARKET SEQUENCE + SEC + FINBERT,Growth,fixed_ex_ante_growth_companies,0.0,0.1,297,39,0.13131313131313133,34,0.001205205945333821,-0.0005821199973792268,0.48717948717948717,0.012203733636730519,0.009243395361493042,1.25425198225226,3.970149507148491e-06,0.0010004776758014199,0.0401703670733073,0.02490586341856519,0.035257080730457475,0.05351981428666825,0.9573295422486792,0.4786647711243396,-0.07908542013249154,0.0006972378837031279,0.00019302650957730982,1.0,1.0,1.0
Transformer,TRANSFORMER C - MARKET SEQUENCE + SEC + FINBERT,Momentum,positive_relative_momentum_60d,0.0,0.1,251,17,0.06772908366533864,17,0.0015149228334504462,-0.0023522269230135118,0.47058823529411764,0.01406435443709992,0.00964012748090464,1.2968343430412905,2.839436402277573e-05,0.007155379733739484,0.03390406928731062,0.21104781473584208,0.3461509666742241,0.41349608530414994,0.6793410433187459,0.33967052165937295,-0.036547067592700544,0.023978924120734213,0.006583321993977931,1.0,1.0,1.0
Transformer,TRANSFORMER C - MARKET SEQUENCE + SEC + FINBERT,Value,fixed_ex_ante_mature_semiconductor_proxy,0.0,0.1,95,11,0.11578947368421053,11,0.005375116833083186,0.002009232330532962,0.6363636363636364,0.014209415606679385,0.01008490602071016,2.4657123487936947,6.518884803077734e-05,0.01642758970375589,0.02810757700663067,0.5844541384652462,1.2889352298241457,1.1337557763799235,0.2571969117189155,0.12859845585945776,-0.029584638448971634,0.0594194080006738,0.016112204164814736,1.0,1.0,1.0
Tree,TREE A - MARKET,Dividend,fixed_ex_ante_dividend_payers,0.0,0.1,231,118,0.5108225108225108,111,0.0012566159321408302,0.0009359665203731438,0.5423728813559322,0.008133679950490393,0.0068939784599771695,1.3983097037977847,0.0001623755409267297,0.040918636313535886,0.05285286135732092,0.7741990738571061,1.313378870635689,1.5127073858706623,0.13070273278016267,0.06535136639008134,-0.05002788992383567,0.15287812048185034,0.04018050014380359,1.0,1.0,1.0
Tree,TREE A - MARKET,Growth,fixed_ex_ante_growth_companies,0.0,0.1,297,158,0.531986531986532,139,-0.00010974549806723554,0.00019047741006628094,0.5063291139240507,0.008182073862567698,0.008614175611538962,0.9741931215139593,2.627624336159972e-07,6.62161332712313e-05,0.07171563065195621,0.0009233152196985538,0.0012283432614076182,0.0017257075760649843,0.9986234651436457,0.4993117325718229,-0.12495931941258553,-0.00901082752909299,-0.0025033985420059857,1.0,1.0,1.0
Tree,TREE A - MARKET,Momentum,positive_relative_momentum_60d,0.0,0.1,251,147,0.5856573705179283,131,0.0009354327763300866,0.0006358933474359119,0.5306122448979592,0.008667966748739238,0.007805692583784605,1.2553109159878786,0.00019512550686703555,0.04917162773049296,0.06828093433519039,0.7201370076324668,1.1217156784068578,1.2770402784764525,0.20191521114763084,0.10095760557381542,-0.07841028269683903,0.1836371140148363,0.047792468439833424,1.0,1.0,1.0
Tree,TREE A - MARKET,Value,fixed_ex_ante_mature_semiconductor_proxy,0.0,0.1,95,48,0.5052631578947369,48,0.0008966637766138265,5.104302473760147e-05,0.5,0.009769156794333858,0.007975829241106206,1.2248452792827005,4.745298928055532e-05,0.01195815329869994,0.04127046486854133,0.2897508747912147,0.4668070186339817,0.5671233192553703,0.5707708820901226,0.2853854410450613,-0.0381697470358231,0.040800134023403434,0.011135283098873128,1.0,1.0,1.0
Tree,TREE B - MARKET + SEC,Dividend,fixed_ex_ante_dividend_payers,0.0,0.1,231,118,0.5108225108225108,111,0.0012566159321408302,0.0009359665203731438,0.5423728813559322,0.008133679950490393,0.0068939784599771695,1.3983097037977847,0.0001623755409267297,0.040918636313535886,0.05285286135732092,0.7741990738571061,1.313378870635689,1.5127073858706623,0.13070273278016267,0.06535136639008134,-0.05002788992383567,0.15287812048185034,0.04018050014380359,1.0,1.0,1.0
Tree,TREE B - MARKET + SEC,Growth,fixed_ex_ante_growth_companies,0.0,0.1,297,159,0.5353535353535354,140,-0.00011753553551433643,3.633053212398485e-05,0.5031446540880503,0.008182073862567698,0.008522203280407535,0.972242053511994,-1.2238543824328198e-06,-0.0003084113043730706,0.07171915371849402,-0.004300264132837103,-0.005720690821629932,-0.008025251642004027,0.9935986110574512,0.5032006944712744,-0.12613919053535827,-0.010347039128757007,-0.002876026132906051,1.0,1.0,1.0
Tree,TREE B - MARKET + SEC,Momentum,positive_relative_momentum_60d,0.0,0.1,251,148,0.5896414342629482,132,0.0009200017342457193,0.0006269452615780269,0.527027027027027,0.008667966748739238,0.007713444996189916,1.2521761061101258,0.00019363889005098676,0.04879700029284866,0.06828570485092023,0.7146005214324309,1.113023300973045,1.2666348886080159,0.20561140371560846,0.10280570185780423,-0.07841028269683903,0.1820411433569571,0.047401052185675585,1.0,1.0,1.0
Tree,TREE B - MARKET + SEC,Value,fixed_ex_ante_mature_semiconductor_proxy,0.0,0.1,95,48,0.5052631578947369,48,0.0008966637766138265,5.104302473760147e-05,0.5,0.009769156794333858,0.007975829241106206,1.2248452792827005,4.745298928055532e-05,0.01195815329869994,0.04127046486854133,0.2897508747912147,0.4668070186339817,0.5671233192553703,0.5707708820901226,0.2853854410450613,-0.0381697470358231,0.040800134023403434,0.011135283098873128,1.0,1.0,1.0
Tree,TREE C - MARKET + SEC + FINBERT,Dividend,fixed_ex_ante_dividend_payers,0.0,0.1,231,115,0.49783549783549785,108,0.0007455910095768572,0.0002631283211503299,0.5130434782608696,0.008285414895224025,0.007198152012801408,1.2127107613098145,0.00011179111330444894,0.028171360552721132,0.054789147161311134,0.5141777525716642,0.8740418461634949,0.9906062238891254,0.3221423802178305,0.16107119010891524,-0.051232121446946666,0.10078566405437317,0.026947148088533712,1.0,1.0,1.0
Tree,TREE C - MARKET + SEC + FINBERT,Growth,fixed_ex_ante_growth_companies,0.0,0.1,297,176,0.5925925925925926,156,-0.0001702391215963877,-0.0007477147398153305,0.48295454545454547,0.008342013858510841,0.008121244652465777,0.9594577309495392,-2.0607044242571847e-05,-0.0051929751491281055,0.07294612083862172,-0.07118918853295154,-0.0966143839115911,-0.14039548149037637,0.8883787339568432,0.5558106330215784,-0.11875887026522469,-0.02789455671393315,-0.007803575954773878,1.0,1.0,1.0
Tree,TREE C - MARKET + SEC + FINBERT,Momentum,positive_relative_momentum_60d,0.0,0.1,251,147,0.5856573705179283,130,0.0005291447524207315,0.00034462428800857703,0.5102040816326531,0.008395763052352014,0.007665249310007687,1.140939604071131,0.00012700797750236063,0.03200601033059488,0.06646673354329587,0.48153427473228305,0.7421937091863959,0.8784627267657011,0.37992556440417674,0.18996278220208837,-0.07841028269683903,0.1132251715160324,0.030147718691827086,1.0,1.0,1.0
Tree,TREE C - MARKET + SEC + FINBERT,Value,fixed_ex_ante_mature_semiconductor_proxy,0.0,0.1,95,50,0.5263157894736842,50,0.00023733793740455367,-0.0009084811425242312,0.46,0.009863368830352142,0.007962614304735985,1.055197285976279,1.3083679018994139e-05,0.003297087112786523,0.04220253518128485,0.078125332959823,0.12580921023441996,0.15455295491625923,0.8772081825282817,0.43860409126414085,-0.0381697470358231,0.008721464757441177,0.002407521235420651,1.0,1.0,1.0
XGBoost,XGB A - MARKET,Dividend,fixed_ex_ante_dividend_payers,0.0,0.1,231,152,0.658008658008658,145,0.001960492977728067,0.0008324461859271215,0.5460526315789473,0.008842660429230952,0.006318056275529026,1.6835594605369937,0.0003038248389595924,0.07656385941781728,0.0658585753152622,1.1625495852485324,2.2773164540623383,2.045705708568141,0.041073654444716154,0.020536827222358077,-0.07184902265517035,0.3070874873311735,0.07697699390086465,1.0,1.0,1.0
XGBoost,XGB A - MARKET,Growth,fixed_ex_ante_growth_companies,0.0,0.1,297,176,0.5925925925925926,163,-5.0307356009964e-05,-3.203815961397294e-05,0.5,0.008697152828921289,0.008797767540941215,0.9885636087164491,2.458158806112711e-06,0.0006194560191404032,0.08350892741267883,0.007417841880296425,0.010163053894380507,0.014763654260715362,0.9882239864898845,0.49411199324494226,-0.1327674652203067,-0.010280282947283892,-0.0028574012927430337,1.0,1.0,1.0
XGBoost,XGB A - MARKET,Momentum,positive_relative_momentum_60d,0.0,0.1,251,153,0.6095617529880478,146,0.001537894520013248,0.0009160206755860489,0.5294117647058824,0.009375920595583462,0.007279884815003242,1.4489117531493108,0.0002597436383372875,0.06545539686099644,0.07599782639337027,0.8612798545341884,1.4555394656631784,1.711124722636471,0.08740037885130354,0.04370018942565177,-0.0595055305073251,0.2526262376865491,0.06435909656442673,1.0,1.0,1.0
XGBoost,XGB A - MARKET,Value,fixed_ex_ante_mature_semiconductor_proxy,0.0,0.1,95,71,0.7473684210526316,71,0.0029394093593075018,0.0019678364566729223,0.5633802816901409,0.010735374481560521,0.007119900475857684,1.9455463109645106,0.00023009709427875702,0.05798446775824677,0.055020081884986145,1.0538782526615897,2.1325000102722265,1.888390545262917,0.05929279945486179,0.029646399727430894,-0.05847969200415082,0.22541987937883512,0.057906680834380664,1.0,1.0,1.0
XGBoost,XGB B - MARKET + SEC,Dividend,fixed_ex_ante_dividend_payers,0.0,0.1,231,141,0.6103896103896104,136,0.001763733188047109,0.0009160206755860489,0.5602836879432624,0.008801065143124447,0.007203189786970788,1.5568464466378789,0.0002859190950658854,0.07205161195660312,0.06689679788723188,1.0770562154269434,2.0456411861081074,1.9197537252702386,0.05520278033262998,0.02760139016631499,-0.08595626004099444,0.2857179220443067,0.07207213389767775,1.0,1.0,1.0
XGBoost,XGB B - MARKET + SEC,Growth,fixed_ex_ante_growth_companies,0.0,0.1,297,188,0.632996632996633,170,8.355478043685656e-05,0.0007869924465553069,0.5372340425531915,0.008365160298745775,0.009530722890243613,1.018944539654012,9.794658908893593e-06,0.002468254045041185,0.08782738073352708,0.028103468695371878,0.03870631346121538,0.05520768360557305,0.9559851793373069,0.47799258966865343,-0.14181366028301434,-0.004993067361379833,-0.001385155054555276,1.0,1.0,1.0
XGBoost,XGB B - MARKET + SEC,Momentum,positive_relative_momentum_60d,0.0,0.1,251,151,0.601593625498008,144,0.001280193260786772,0.001233831117513795,0.5827814569536424,0.00873214130263908,0.009128877019895818,1.336120172679626,0.00022040914102831424,0.05554310353913519,0.0787060523980246,0.7057030793292491,1.1276160761033591,1.3769794384485758,0.1688587336350125,0.08442936681750625,-0.09417648640479714,0.2078118093064929,0.05367523625605042,1.0,1.0,1.0
XGBoost,XGB B - MARKET + SEC,Value,fixed_ex_ante_mature_semiconductor_proxy,0.0,0.1,95,61,0.6421052631578947,61,0.0029799288880689788,0.002009232330532962,0.5737704918032787,0.010914743903465696,0.007701552863426602,1.9077872665406028,0.00020041418100574167,0.0505043736134469,0.053080229228559636,0.9514724097361885,1.8537371941192249,1.742374693781318,0.08178221810311712,0.04089110905155856,-0.07672346866651669,0.19331839246253102,0.05015868602621332,1.0,1.0,1.0
XGBoost,XGB C - MARKET + SEC + FINBERT,Dividend,fixed_ex_ante_dividend_payers,0.0,0.1,231,142,0.6147186147186147,137,0.0022829119265053207,0.0013714112023784641,0.5845070422535211,0.009242408906022691,0.007507566875188608,1.7318570828538897,0.0003870877628949663,0.09754611624953151,0.06952123372213155,1.4031125603928756,2.8070093098261606,2.521635797656918,0.011851546658851077,0.0059257733294255386,-0.05693032446259538,0.40834144155684937,0.09945982524015284,0.9718268260257883,0.48591341301289415,1.0
XGBoost,XGB C - MARKET + SEC + FINBERT,Growth,fixed_ex_ante_growth_companies,0.0,0.1,297,189,0.6363636363636364,170,0.0006226252299517021,0.0010276309866117939,0.5238095238095238,0.009077103794407702,0.008677301190949898,1.1506819867290377,5.526670325873788e-05,0.013927209221201947,0.08765869221994958,0.15887995666483784,0.22315913897065967,0.31284796723326835,0.7544681685455978,0.3772340842727989,-0.11215534122523307,0.03696580362660251,0.01010238809122499,1.0,1.0,1.0
XGBoost,XGB C - MARKET + SEC + FINBERT,Momentum,positive_relative_momentum_60d,0.0,0.1,251,142,0.5657370517928287,136,0.0021034716345652315,0.0013206683097393146,0.5915492957746479,0.00921502948190055,0.00819602593743764,1.628338522689307,0.0003270718353866195,0.08242210251742811,0.07686833664809657,1.0722503713688603,1.8474778002753627,2.071981858573774,0.038549573734232484,0.019274786867116242,-0.06297927925400071,0.3311674066552399,0.08243495378781573,1.0,1.0,1.0
XGBoost,XGB C - MARKET + SEC + FINBERT,Value,fixed_ex_ante_mature_semiconductor_proxy,0.0,0.1,95,64,0.6736842105263158,64,0.0030783901157575237,0.001988534393602942,0.59375,0.010658297319568452,0.007999935797504604,1.9472045603066754,0.00021721826616150113,0.054739003072698286,0.05409869598285531,1.0118359061750009,2.0456730067830335,1.8229526990754914,0.06863999373845175,0.03431999686922588,-0.05847969200415071,0.21140984895314197,0.05454350001889563,1.0,1.0,1.0
CatBoost,CAT A - MARKET,Dividend,fixed_ex_ante_dividend_payers,5.0,0.0,231,231,1.0,213,0.0002447327267369468,-0.0002090736924000849,0.47186147186147187,0.008481780163385938,0.007114596540433055,1.0651319260904293,3.573485300763977e-05,0.009005182957925222,0.07789600668094378,0.1156051939197574,0.17502775411363425,0.21625026358919994,0.8288413545222838,0.4144206772611419,-0.09725816779205843,0.02176688345510258,0.0059807114458498845,1.0,1.0,1.0
CatBoost,CAT A - MARKET,Growth,fixed_ex_ante_growth_companies,5.0,0.0,297,297,1.0,248,-0.0005988222833816825,-0.0001307979144103402,0.494949494949495,0.00796526190637118,0.008991624789339486,0.8681363881529549,-0.00012046937900763882,-0.030358283509924984,0.09692441361233547,-0.3132160657824327,-0.42387267069306117,-0.6498249617941341,0.5159700142738068,0.7420149928630966,-0.2356197242213346,-0.11856026550500276,-0.03434264582351243,1.0,1.0,1.0
CatBoost,CAT A - MARKET,Momentum,positive_relative_momentum_60d,5.0,0.0,251,251,1.0,222,-0.0003320671657679833,-0.000123117083986545,0.4860557768924303,0.00801293775984077,0.008224242366731301,0.9214377259090045,-5.014469927102873e-05,-0.012636464216299239,0.0908860715309425,-0.13903631220320828,-0.1914304751516768,-0.29622962113510926,0.7671226167275477,0.6164386916362261,-0.13672989324473228,-0.0585616199201513,-0.016571927258671515,1.0,1.0,1.0
CatBoost,CAT A - MARKET,Value,fixed_ex_ante_mature_semiconductor_proxy,5.0,0.0,95,95,1.0,95,0.0002291697706295413,-3.3358724140230243e-05,0.49473684210526314,0.009512234557915084,0.008860497833587552,1.0511895809418632,2.4003448963402907e-05,0.006048869138777532,0.06353038663319564,0.0952122198421645,0.14002048512004384,0.16953038723128183,0.8654173172499656,0.4327086586249828,-0.11780985391005383,0.014631799218817632,0.004030499344426897,1.0,1.0,1.0
CatBoost,CAT B - MARKET + SEC,Dividend,fixed_ex_ante_dividend_payers,5.0,0.0,231,231,1.0,213,0.00020042710216259616,-0.0005196616074468743,0.45454545454545453,0.008805719804285737,0.006970650149606688,1.0527138329154024,4.5721051637560294e-05,0.011521705012665194,0.07806470940937627,0.14759172358209452,0.2372801315009069,0.2674350965710627,0.7891950463503395,0.3945975231751698,-0.11949814743329512,0.031039636035367968,0.008500546081566807,1.0,1.0,1.0
CatBoost,CAT B - MARKET + SEC,Growth,fixed_ex_ante_growth_companies,5.0,0.0,297,297,1.0,248,5.1891043667762015e-05,0.0001333942733422475,0.5151515151515151,0.008241423751597381,0.008649487458507459,1.0123735976354864,-3.547920116292464e-06,-0.0008940758693057009,0.09686733626063007,-0.00922990043723419,-0.012803405666539149,-0.016919995399729357,0.9865041662676648,0.5067479168661676,-0.13737465011343597,-0.01991133255455768,-0.005553885734582931,1.0,1.0,1.0
CatBoost,CAT B - MARKET + SEC,Momentum,positive_relative_momentum_60d,5.0,0.0,251,251,1.0,222,0.0001152262925846778,-0.00017252448531612698,0.47808764940239046,0.008640555048055805,0.00769423516280872,1.0286938324967612,7.104349759906084e-05,0.01790296139496333,0.09055250216795925,0.19770808057580153,0.2945203685843644,0.37426985557470066,0.7082911330932072,0.3541455665466036,-0.10528742336167474,0.05098828039711045,0.013866470032304123,1.0,1.0,1.0
CatBoost,CAT B - MARKET + SEC,Value,fixed_ex_ante_mature_semiconductor_proxy,5.0,0.0,95,95,1.0,95,-0.0005168437331071103,-0.0014322492558580526,0.4421052631578947,0.009952862444461762,0.008813592024765463,0.8948875771002374,-5.413467987340183e-05,-0.013641939328097262,0.0638352657008886,-0.21370537395456263,-0.3098402061643733,-0.38666218685870246,0.6990971084706207,0.6504514457646897,-0.10502026231074468,-0.05485341620167439,-0.015500797200120653,1.0,1.0,1.0
CatBoost,CAT C - MARKET + SEC + FINBERT,Dividend,fixed_ex_ante_dividend_payers,5.0,0.0,231,231,1.0,213,0.0012116427469009252,-0.00018326625623138384,0.4805194805194805,0.009328741016188549,0.006296673152190129,1.3704197806381315,0.0002403357570933276,0.060564610787518555,0.07711392360330781,0.7853913788523742,1.3761916473010296,1.4870952596756242,0.13733757601764787,0.06866878800882394,-0.08153107535050175,0.23039901104950133,0.05909525013327488,1.0,1.0,1.0
CatBoost,CAT C - MARKET + SEC + FINBERT,Growth,fixed_ex_ante_growth_companies,5.0,0.0,297,297,1.0,248,-0.0004914716937946372,-0.0002952171924790461,0.49158249158249157,0.008137310383409733,0.008834532510164424,0.8905805723923059,-0.00022760000257237686,-0.05735520064823897,0.09735292964331883,-0.5891471459397952,-0.7465858252476043,-1.1059284918440495,0.269051046396778,0.8654744768016109,-0.2812402755437008,-0.2003808212237047,-0.06004520635609589,1.0,1.0,1.0
CatBoost,CAT C - MARKET + SEC + FINBERT,Momentum,positive_relative_momentum_60d,5.0,0.0,251,251,1.0,222,0.0005090074164278371,-1.8718840899536668e-06,0.49800796812749004,0.00865260791212814,0.007569961329306591,1.1339471956785192,9.178028510210641e-05,0.023128631845730815,0.09051054966374866,0.2555352048093274,0.3607562052044679,0.4746478182030565,0.6351524019349224,0.3175762009674612,-0.12309257220459735,0.07087651273275553,0.019143324553513308,1.0,1.0,1.0
CatBoost,CAT C - MARKET + SEC + FINBERT,Value,fixed_ex_ante_mature_semiconductor_proxy,5.0,0.0,95,95,1.0,95,0.0013213945885033843,-0.0001518413719143732,0.4842105263157895,0.010864515396871272,0.007637453517311366,1.3354373891375813,0.0001384040638454482,0.03487782408905295,0.06303730061718969,0.5532886679405509,0.9485452828922212,1.077866416992604,0.2813802710309781,0.14069013551548906,-0.05899302756969538,0.125722363051896,0.03333719514878486,1.0,1.0,1.0
LSTM,LSTM A - MARKET SEQUENCE,Dividend,fixed_ex_ante_dividend_payers,5.0,0.0,231,231,1.0,213,-0.00042746934184778633,-0.0008411979510769543,0.4458874458874459,0.008304083990202568,0.007453641163732054,0.896500440399567,-6.080553775272322e-05,-0.015322995513686252,0.0779298303145885,-0.19662554700594262,-0.29724119052602427,-0.35692457856784976,0.7212313830083327,0.6393843084958337,-0.14544161612037743,-0.06389829120389545,-0.0181188144492902,1.0,1.0,1.0
LSTM,LSTM A - MARKET SEQUENCE,Growth,fixed_ex_ante_growth_companies,5.0,0.0,297,297,1.0,248,0.0006603269888788993,6.986515908069622e-05,0.5084175084175084,0.008966812020363056,0.007930626708067046,1.1693772718323419,0.00011521529376198165,0.029034254028019374,0.09665793314219052,0.300381490521921,0.4450830977999652,0.5504822460617197,0.5821243476348359,0.29106217381741795,-0.14263063669631348,0.09168498529461755,0.02458902262972451,1.0,1.0,1.0
LSTM,LSTM A - MARKET SEQUENCE,Momentum,positive_relative_momentum_60d,5.0,0.0,251,251,1.0,222,0.0003260079518959032,-1.8718840899536668e-06,0.49800796812749004,0.008479476242221028,0.0077627502726329905,1.0836595943816114,7.431255576428307e-05,0.018726764052599335,0.09067722156958072,0.20652114972699562,0.31094554415260345,0.3749976205339392,0.7077500009024966,0.3538750004512483,-0.12861474569024045,0.05407518799164501,0.014690212200546116,1.0,1.0,1.0
LSTM,LSTM A - MARKET SEQUENCE,Value,fixed_ex_ante_mature_semiconductor_proxy,5.0,0.0,95,95,1.0,95,0.00040234806173869696,-0.00018326625623138384,0.4842105263157895,0.009942652998892411,0.008553856573140301,1.0911942539610164,4.214229974109839e-05,0.010619859534756793,0.06345593170997794,0.16735802703668923,0.25881611890828077,0.29879027851909906,0.7651685871169774,0.3825842935584887,-0.1110103180506804,0.03149402552464364,0.008623602790513996,1.0,1.0,1.0
LSTM,LSTM B - MARKET SEQUENCE + SEC,Dividend,fixed_ex_ante_dividend_payers,5.0,0.0,231,231,1.0,213,-0.00016232551615225017,-0.0003224631318938789,0.4675324675324675,0.008141512267443753,0.007453500155407279,0.9590990499368777,-1.8912877904774435e-05,-0.004766045232003157,0.07727187643820378,-0.06167891154830026,-0.09382627489757064,-0.10474664413528571,0.91660003283155,0.541699983584225,-0.14821099150720551,-0.027461969899020056,-0.0076813303847853565,1.0,1.0,1.0
LSTM,LSTM B - MARKET SEQUENCE + SEC,Growth,fixed_ex_ante_growth_companies,5.0,0.0,297,297,1.0,248,7.581540931250706e-05,-0.0003820028242798581,0.48148148148148145,0.008895856854662208,0.008114223075655074,1.0180196465986047,-3.658901832570143e-05,-0.00922043261807676,0.09654370285964774,-0.09550527217172458,-0.13915499652565855,-0.17757276577208678,0.8590982063120911,0.5704508968439544,-0.14980339746581806,-0.04868897976883502,-0.013726879217953347,1.0,1.0,1.0
LSTM,LSTM B - MARKET SEQUENCE + SEC,Momentum,positive_relative_momentum_60d,5.0,0.0,251,251,1.0,222,-0.0010313183946769875,-0.0006052375576555682,0.4342629482071713,0.00827580538729461,0.008175519044218565,0.7770215940033001,-0.00018625105407231606,-0.046935265626223646,0.09133755938657916,-0.5138659927136193,-0.7235803779415918,-0.9042309288572785,0.3661133327431982,0.8169433336284009,-0.22717276472115844,-0.16800334770586622,-0.04965669268032047,1.0,1.0,1.0
LSTM,LSTM B - MARKET SEQUENCE + SEC,Value,fixed_ex_ante_mature_semiconductor_proxy,5.0,0.0,95,95,1.0,95,-0.000620754150125197,-0.0002090736924000849,0.4631578947368421,0.009313591854764915,0.009191562468069606,0.8741991087750225,-6.501835089514192e-05,-0.016384624425575763,0.06387570282856476,-0.2565079318117292,-0.3662205840359379,-0.45850949013760994,0.6466964087952625,0.6766517956023688,-0.13819657025834187,-0.06414823772719747,-0.018191420089375354,1.0,1.0,1.0
LSTM,LSTM C - MARKET SEQUENCE + SEC + FINBERT,Dividend,fixed_ex_ante_dividend_payers,5.0,0.0,231,231,1.0,213,-0.0005312973062181988,-0.0006944369679824361,0.44155844155844154,0.008265258007825535,0.0074867131359271965,0.8729224917000948,-0.00012493565230466206,-0.03148378438077484,0.07851547961548973,-0.40098824505637537,-0.5842173179943431,-0.7209296976836707,0.471138747725905,0.7644306261370475,-0.1729871009474545,-0.11695442665403777,-0.0338557994208204,1.0,1.0,1.0
LSTM,LSTM C - MARKET SEQUENCE + SEC + FINBERT,Growth,fixed_ex_ante_growth_companies,5.0,0.0,297,297,1.0,248,0.00018484315039812266,-0.00034521869966252974,0.4882154882154882,0.008880894288830812,0.008110731948764641,1.0445303567634336,4.1202314990288525e-06,0.0010382983377552708,0.09653555900828562,0.010755604964862263,0.01566815278552017,0.01957102352656592,0.9843898884003208,0.4921949442001604,-0.15840354227774855,-0.012913101858062603,-0.003592642081562958,1.0,1.0,1.0
LSTM,LSTM C - MARKET SEQUENCE + SEC + FINBERT,Momentum,positive_relative_momentum_60d,5.0,0.0,251,251,1.0,222,-0.0005964525924165178,-0.00047034326411882123,0.450199203187251,0.00843924502023405,0.007995248463644881,0.8643128873488549,-0.00013200732431156836,-0.033265845726515225,0.09117695240768493,-0.364849283158442,-0.5261851984309511,-0.6820197736711718,0.49540076298551644,0.7522996185072418,-0.1661277829648088,-0.12597768087029393,-0.036599763294398735,1.0,1.0,1.0
LSTM,LSTM C - MARKET SEQUENCE + SEC + FINBERT,Value,fixed_ex_ante_mature_semiconductor_proxy,5.0,0.0,95,95,1.0,95,-0.00013486849179667032,-0.0001518413719143732,0.4842105263157895,0.00936690457348394,0.009054900348998876,0.9711228485222972,-1.4126247762606032e-05,-0.00355981443617672,0.06368236502980987,-0.055899532539508585,-0.0815659492419857,-0.09982351796848216,0.9205065201055463,0.5397467399472269,-0.13819657025834198,-0.019889601200070106,-0.005547779905666461,1.0,1.0,1.0
Logistic,MODEL A - MARKET,Dividend,fixed_ex_ante_dividend_payers,5.0,0.0,231,231,1.0,213,0.00016424020080434178,-0.0001518413719143732,0.48484848484848486,0.008157576381145839,0.007358899733634712,1.0433243045653788,0.0001017997261920768,0.025653531000403355,0.0786111418306097,0.3263345424454114,0.5176662862839961,0.6576545279740647,0.5109271960021199,0.25546359800105994,-0.11641847111575376,0.08466035121710402,0.022759092905017875,1.0,1.0,1.0
Logistic,MODEL A - MARKET,Growth,fixed_ex_ante_growth_companies,5.0,0.0,297,297,1.0,248,-0.0006109062841020681,-0.0004178800026207732,0.4781144781144781,0.008257403169730481,0.008735422041806726,0.8659967129974229,-0.0002530889065352161,-0.06377840444687445,0.09724437877178767,-0.6558569785976947,-0.8547272159169449,-1.2969806396836039,0.19496804103265025,0.9025159794836749,-0.21563372735301234,-0.21858396974691208,-0.06601999566656158,1.0,1.0,1.0
Logistic,MODEL A - MARKET,Momentum,positive_relative_momentum_60d,5.0,0.0,251,251,1.0,222,-0.000335472402285682,-0.0002952171924790461,0.47410358565737054,0.008248212421480243,0.008073794326741325,0.9209905739425894,-8.223155701988359e-05,-0.020722352369010665,0.09115696811408436,-0.2273260376878301,-0.3180573862673274,-0.4678571131637048,0.6399992935927051,0.6800003532036474,-0.14350114255446955,-0.0856336399383556,-0.02448570624703783,1.0,1.0,1.0
Logistic,MODEL A - MARKET,Value,fixed_ex_ante_mature_semiconductor_proxy,5.0,0.0,95,95,1.0,95,0.00015749363258160383,-3.3358724140230243e-05,0.49473684210526314,0.00943869722852064,0.008930351555108702,1.0349041295736496,1.6496025463343323e-05,0.004156998416762517,0.06356079489639523,0.06540192619583299,0.09654427224966967,0.12357978855665286,0.9016754059270676,0.4508377029635338,-0.1381155978629982,0.0077434262871469706,0.0021382892095413997,1.0,1.0,1.0
Logistic,MODEL B - MARKET + SEC,Dividend,fixed_ex_ante_dividend_payers,5.0,0.0,231,231,1.0,213,-0.00013747615648086677,-0.0006258734978650251,0.4458874458874459,0.008618107960265818,0.007182985250425466,0.9654598342472762,2.3783636513161998e-05,0.005993476401316824,0.07887666377541115,0.07598541969754581,0.1186738761844119,0.14672385392172146,0.8833826309449161,0.44169131547245805,-0.14424387671487304,0.010488505680479987,0.002893469712371699,1.0,1.0,1.0
Logistic,MODEL B - MARKET + SEC,Growth,fixed_ex_ante_growth_companies,5.0,0.0,297,297,1.0,248,0.00044220755805304194,3.343688735652026e-05,0.5050505050505051,0.008802680610916425,0.008088887393848368,1.1104527380152984,6.22547148257839e-05,0.01568818813609754,0.09692791151035807,0.16185418515306654,0.23631922586283166,0.2976587855317321,0.7660318420877489,0.38301592104387444,-0.13931807786974226,0.040380681301052546,0.011022424758054816,1.0,1.0,1.0
Logistic,MODEL B - MARKET + SEC,Momentum,positive_relative_momentum_60d,5.0,0.0,251,251,1.0,222,-0.00011224639475120351,-0.00017252448531612698,0.47808764940239046,0.00840416582310278,0.007913540029426609,0.9728228430115464,7.88177259884693e-06,0.0019862066949094264,0.09083456492156332,0.021866199245018002,0.03211791660546687,0.040730731742687626,0.9675195352734483,0.4837597676367241,-0.17776436230605097,-0.007621753817016352,-0.0021164143114662526,1.0,1.0,1.0
Logistic,MODEL B - MARKET + SEC,Value,fixed_ex_ante_mature_semiconductor_proxy,5.0,0.0,95,95,1.0,95,0.00030149284076924225,0.0006075575053661195,0.5052631578947369,0.00936372358602881,0.008953551324602231,1.068062425817224,3.1578632715631774e-05,0.007957815444339208,0.0634994621931675,0.1253209896507669,0.18600564327332847,0.23480582199018593,0.8144125046615809,0.40720625233079044,-0.1381155978629982,0.021638599448688067,0.005945735015047582,1.0,1.0,1.0
Logistic,MODEL C - MARKET + SEC + FINBERT,Dividend,fixed_ex_ante_dividend_payers,5.0,0.0,231,231,1.0,213,-3.2411503950640646e-06,-0.0005677507441419474,0.45454545454545453,0.008582564410574187,0.007158079117869439,0.9991698737943837,4.6129226095324644e-05,0.01162456497602181,0.07870233961133451,0.14770291497595672,0.231621068732073,0.28525838985474145,0.7755113867344574,0.3877556933672287,-0.1442438767148727,0.03122800903105616,0.008551565577673559,1.0,1.0,1.0
Logistic,MODEL C - MARKET + SEC + FINBERT,Growth,fixed_ex_ante_growth_companies,5.0,0.0,297,297,1.0,248,0.0006254833501522738,0.00023383111751379502,0.5151515151515151,0.00878835651479869,0.008047569387284546,1.1603042294642907,0.00010247854227966056,0.02582459265447446,0.09689565865005847,0.2665196048436055,0.3909785884640001,0.49292920347694746,0.6221820557516283,0.31109102787581416,-0.1297034647947316,0.0790477090904198,0.021290820915312425,1.0,1.0,1.0
Logistic,MODEL C - MARKET + SEC + FINBERT,Momentum,positive_relative_momentum_60d,5.0,0.0,251,251,1.0,222,0.00019061283163779923,-3.3358724140230243e-05,0.49800796812749004,0.008332069853473229,0.007886229451929095,1.0481488479810364,5.76330034510461e-05,0.014523516869663617,0.09067514478706859,0.16017087046035636,0.23636045174944595,0.29979890833891165,0.7643993148967121,0.38219965744835604,-0.17388318210118536,0.038237417857035494,0.010445242168248381,1.0,1.0,1.0
Logistic,MODEL C - MARKET + SEC + FINBERT,Value,fixed_ex_ante_mature_semiconductor_proxy,5.0,0.0,95,95,1.0,95,0.00030149284076924225,0.0006075575053661195,0.5052631578947369,0.00936372358602881,0.008953551324602231,1.068062425817224,3.1578632715631774e-05,0.007957815444339208,0.0634994621931675,0.1253209896507669,0.18600564327332847,0.23480582199018593,0.8144125046615809,0.40720625233079044,-0.1381155978629982,0.021638599448688067,0.005945735015047582,1.0,1.0,1.0
TabNet,TABNET A - MARKET,Dividend,fixed_ex_ante_dividend_payers,5.0,0.0,231,231,1.0,213,-0.00030157689338336475,-0.0005677507441419474,0.47619047619047616,0.007862837537609852,0.007723771830649925,0.925458996177828,-7.545490124526602e-05,-0.01901463511380704,0.07931611609603446,-0.23973230220683622,-0.34033152832039343,-0.48279917930296057,0.6293549677951236,0.6853225161024382,-0.1430694782710351,-0.07664573044806322,-0.02183976595189341,1.0,1.0,1.0
TabNet,TABNET A - MARKET,Growth,fixed_ex_ante_growth_companies,5.0,0.0,297,297,1.0,248,-0.0005365853442782935,2.763098661179384e-05,0.5016835016835017,0.007911989091753547,0.009042244742715755,0.8809149391720943,-0.00014956593807783947,-0.037690616395615543,0.09725554826917289,-0.3875420689758463,-0.5052731241449786,-0.8041886132998357,0.4214990112988278,0.7892504943505861,-0.22544871864889082,-0.14167457549631257,-0.04142238781254637,1.0,1.0,1.0
TabNet,TABNET A - MARKET,Momentum,positive_relative_momentum_60d,5.0,0.0,251,251,1.0,222,-0.00035925585424093895,-0.0005677507441419474,0.4701195219123506,0.008330860762101926,0.00806928413039476,0.9159784040343688,-5.5353611374407314e-05,-0.013949110066350643,0.09112734182624134,-0.1530727198533713,-0.20790819747799727,-0.32639937573801747,0.7441975917722121,0.6279012041138939,-0.15916847127335432,-0.0631128964808032,-0.017890760491076074,1.0,1.0,1.0
TabNet,TABNET A - MARKET,Value,fixed_ex_ante_mature_semiconductor_proxy,5.0,0.0,95,95,1.0,95,-0.000975398877095527,-0.0002090736924000849,0.4842105263157895,0.008546738928156744,0.009914548653454801,0.809262174034074,-0.00010216416022500006,-0.025745368376700016,0.06401000612122104,-0.4022084973393673,-0.5343205854696943,-0.7574559243412501,0.4489737139607566,0.7755131430196217,-0.15501603860644153,-0.09520758804523966,-0.027324937466693733,1.0,1.0,1.0
TabNet,TABNET B - MARKET + SEC,Dividend,fixed_ex_ante_dividend_payers,5.0,0.0,231,231,1.0,213,-0.0006848190446935741,-0.0005196616074468743,0.46320346320346323,0.007681992112002002,0.007904567381519595,0.8386057647587416,-0.000177454790415336,-0.04471860718466467,0.07878419720949677,-0.5676088450295744,-0.7775761941923959,-1.1854199670006187,0.23616226195643852,0.8819188690217807,-0.20891502830733977,-0.15812877812085824,-0.04654664073227677,1.0,1.0,1.0
TabNet,TABNET B - MARKET + SEC,Growth,fixed_ex_ante_growth_companies,5.0,0.0,297,297,1.0,248,-0.0013188309226840752,-0.001681208480651896,0.4208754208754209,0.008668891616608674,0.00857735020996078,0.7345003325760796,-0.00042762394272425816,-0.10776123356651306,0.0976297291778998,-1.103774787392391,-1.392401380461907,-2.039911991469933,0.04164868625733552,0.9791756568713322,-0.34917083126522164,-0.33314980666645466,-0.10613710521256403,1.0,1.0,1.0
TabNet,TABNET B - MARKET + SEC,Momentum,positive_relative_momentum_60d,5.0,0.0,251,251,1.0,222,-0.0011913685426883298,-0.0013816912904520686,0.4342629482071713,0.00812923059367675,0.008345912950179833,0.7476765261557196,-0.0003443313615801216,-0.08677150311819064,0.09169008620248158,-0.9463564351610588,-1.1774924358347603,-1.7544869713945461,0.07968513291919121,0.9601574335404044,-0.36319305242065336,-0.2793413297752456,-0.08672137746469977,1.0,1.0,1.0
TabNet,TABNET B - MARKET + SEC,Value,fixed_ex_ante_mature_semiconductor_proxy,5.0,0.0,95,95,1.0,95,-0.001305558513586401,-0.0014322492558580526,0.45263157894736844,0.008829454941764275,0.009686435024741766,0.7537633845008966,-0.00013674537904157454,-0.034459835518476784,0.06412990556555834,-0.5373442423558443,-0.6984930451276238,-0.9656431942789252,0.33448043365784985,0.8327597831710751,-0.17058756030511824,-0.12318088803991878,-0.03574707922973064,1.0,1.0,1.0
TabNet,TABNET C - MARKET + SEC + FINBERT,Dividend,fixed_ex_ante_dividend_payers,5.0,0.0,231,231,1.0,213,3.0242042360180548e-05,-0.00018326625623138384,0.48484848484848486,0.008037148167426766,0.007505669604761313,1.0078214395441647,2.3974051199402155e-05,0.006041460902249343,0.07850478886463921,0.07695659066947176,0.11515609588147051,0.13090218914255788,0.8958817429219246,0.4479408714609623,-0.133027589858441,0.01075206213538138,0.0029658968902197547,1.0,1.0,1.0
TabNet,TABNET C - MARKET + SEC + FINBERT,Growth,fixed_ex_ante_growth_companies,5.0,0.0,297,297,1.0,248,-0.00045735880032127073,-0.000655375711991423,0.468013468013468,0.008632517371858313,0.008454148597365336,0.8983080616972053,-0.0001799431803735403,-0.045345681454132154,0.09707144678392668,-0.46713717531240717,-0.6431668347580921,-0.9004892100583879,0.3680992571595692,0.8159503714202154,-0.24527767291370262,-0.16488280066811278,-0.048670987461724824,1.0,1.0,1.0
TabNet,TABNET C - MARKET + SEC + FINBERT,Momentum,positive_relative_momentum_60d,5.0,0.0,251,251,1.0,222,-0.0006912610388896185,-0.00047034326411882123,0.4701195219123506,0.0079726141422665,0.0083780074402161,0.8442875211337545,-0.00018903849908041842,-0.04763770176826544,0.09128627434508965,-0.5218495563547764,-0.701679653664563,-1.0366108691367517,0.30019383368463426,0.8499030831576828,-0.19263606752835638,-0.17012110865813868,-0.05032716580820218,1.0,1.0,1.0
TabNet,TABNET C - MARKET + SEC + FINBERT,Value,fixed_ex_ante_mature_semiconductor_proxy,5.0,0.0,95,95,1.0,95,0.0007472529623664719,0.0006863254613823653,0.5157894736842106,0.009607041239364698,0.008690347593566423,1.1775809076642012,7.826795085426113e-05,0.019723523615273804,0.0633034790533094,0.311570926436194,0.4861942580439369,0.5395330522900369,0.5896516655936329,0.29482583279681646,-0.11220977099185292,0.0658869463242635,0.017826169077263865,1.0,1.0,1.0
Transformer,TRANSFORMER A - MARKET SEQUENCE,Dividend,fixed_ex_ante_dividend_payers,5.0,0.0,231,231,1.0,213,0.00011834732288490743,-0.000585801402983698,0.4675324675324675,0.008468985835918194,0.007213920639778468,1.030810159484208,2.595085251328469e-05,0.006539614833347742,0.07832773770058084,0.08349040870229613,0.1288972228018542,0.1513060072087708,0.8797680134214343,0.43988400671071715,-0.13466861952542042,0.012628411243380322,0.0034811366086757722,1.0,1.0,1.0
Transformer,TRANSFORMER A - MARKET SEQUENCE,Growth,fixed_ex_ante_growth_companies,5.0,0.0,297,297,1.0,248,0.0003641405833067233,-0.00034521869966252974,0.494949494949495,0.008942975210643427,0.008043117351483246,1.089641655522327,6.422414684287343e-05,0.016184485004404104,0.09662996424643566,0.16748929931432832,0.24290689704556861,0.3099269735858749,0.7566877624296532,0.3783438812148266,-0.1480945538781555,0.04234430691264168,0.011550476515528985,1.0,1.0,1.0
Transformer,TRANSFORMER A - MARKET SEQUENCE,Momentum,positive_relative_momentum_60d,5.0,0.0,251,251,1.0,222,0.0003147069295034947,3.343688735652026e-05,0.5059760956175299,0.008336395524632311,0.007901054776797794,1.080625657501373,6.399546328195639e-05,0.01612685674705301,0.09058972162525682,0.17802082242580566,0.2598382882072335,0.335751482338587,0.7371360144560752,0.3685680072280376,-0.11522750757021971,0.04426639447291647,0.012066661811313217,1.0,1.0,1.0
Transformer,TRANSFORMER A - MARKET SEQUENCE,Value,fixed_ex_ante_mature_semiconductor_proxy,5.0,0.0,95,95,1.0,95,0.0009144861535531332,0.0001933214657005031,0.5052631578947369,0.009993512443963263,0.008357710908993383,1.221164560420546,9.578410649123227e-05,0.024137594835790532,0.06322755291452302,0.3817575364401975,0.6035652601498431,0.6840712713153905,0.4941050906504566,0.2470525453252283,-0.1110103180506804,0.08297489377900247,0.022318754119452944,1.0,1.0,1.0
Transformer,TRANSFORMER B - MARKET SEQUENCE + SEC,Dividend,fixed_ex_ante_dividend_payers,5.0,0.0,231,231,1.0,213,0.00011176205738587127,-0.0006258734978650251,0.4675324675324675,0.008471185187314227,0.00722821922742927,1.0290382166027625,-9.589053758836386e-06,-0.002416441547226769,0.07852107404815051,-0.03077443318904381,-0.046865986945569975,-0.055670598341881615,0.9556164963580974,0.5221917518209513,-0.13618027137294697,-0.019549070589645057,-0.0054521142694191616,1.0,1.0,1.0
Transformer,TRANSFORMER B - MARKET SEQUENCE + SEC,Growth,fixed_ex_ante_growth_companies,5.0,0.0,297,297,1.0,248,0.0002293232499464492,-0.00034521869966252974,0.49158249158249157,0.008869124651733302,0.008124392012708388,1.055518371601196,5.137180632838462e-06,0.0012945695194752926,0.09682197606029086,0.0133706165908984,0.01913644824916384,0.025428026141215056,0.979719156146478,0.489859578073239,-0.15278924903453606,-0.012114972009948266,-0.0033696067829660503,1.0,1.0,1.0
Transformer,TRANSFORMER B - MARKET SEQUENCE + SEC,Momentum,positive_relative_momentum_60d,5.0,0.0,251,251,1.0,222,-8.046055420146271e-06,-0.00034521869966252974,0.4820717131474104,0.008467025432469221,0.007896381824917174,0.9980326336062852,3.6797770119169856e-06,0.0009273038070030803,0.09075671218306987,0.010217468049443769,0.015041329218127467,0.019367029882821143,0.9845525760027054,0.4922762880013527,-0.14889716209405046,-0.01136618111105725,-0.0031604775563129905,1.0,1.0,1.0
Transformer,TRANSFORMER B - MARKET SEQUENCE + SEC,Value,fixed_ex_ante_mature_semiconductor_proxy,5.0,0.0,95,95,1.0,95,0.0008411242744999218,-0.00018326625623138384,0.4842105263157895,0.010395737131634981,0.008128512285259522,1.2006211084156044,8.810011695423659e-05,0.02220122947246762,0.06326102206630715,0.350946423995448,0.578152443090671,0.6833374486919862,0.494568345150453,0.2472841725752265,-0.08189396349353861,0.07546099702764963,0.020349639542499798,1.0,1.0,1.0
Transformer,TRANSFORMER C - MARKET SEQUENCE + SEC + FINBERT,Dividend,fixed_ex_ante_dividend_payers,5.0,0.0,231,231,1.0,213,-0.00044438461069029004,-0.0006944369679824361,0.45021645021645024,0.008196105724949054,0.007520061735938257,0.8925154942818706,-7.324232528997628e-05,-0.018457065973074022,0.07779911268112741,-0.23724005759195965,-0.364841849342662,-0.4112709636771936,0.6809711218072647,0.6595144390963676,-0.15303867376847524,-0.07435595092965008,-0.02116865899603415,1.0,1.0,1.0
Transformer,TRANSFORMER C - MARKET SEQUENCE + SEC + FINBERT,Growth,fixed_ex_ante_growth_companies,5.0,0.0,297,297,1.0,248,-0.0007097965922863149,-0.0015821199973792268,0.4444444444444444,0.008864157544916155,0.008368959902048292,0.8473366008358256,-0.0002550105445915314,-0.06426265723706591,0.09755181552770521,-0.6587540876552419,-0.9044360369536065,-1.2538188933936558,0.2102312634024318,0.8948843682987841,-0.25981317133373794,-0.2199851992885662,-0.06648407447256033,1.0,1.0,1.0
Transformer,TRANSFORMER C - MARKET SEQUENCE + SEC + FINBERT,Momentum,positive_relative_momentum_60d,5.0,0.0,251,251,1.0,222,-0.000750878241919494,-0.000655375711991423,0.450199203187251,0.008293897017373162,0.008157107258586668,0.8325720413462826,-0.00013131211824891998,-0.03309065379872783,0.09108044464896657,-0.363312387486278,-0.5323822032059427,-0.6546129370212599,0.5128831363308755,0.7435584318345623,-0.23072232327827713,-0.12538714409875384,-0.03641955675785935,1.0,1.0,1.0
Transformer,TRANSFORMER C - MARKET SEQUENCE + SEC + FINBERT,Value,fixed_ex_ante_mature_semiconductor_proxy,5.0,0.0,95,95,1.0,95,0.0008864226809937213,0.0001933214657005031,0.5052631578947369,0.009963272910747717,0.008383552021733765,1.2137167413508012,9.284471300375251e-05,0.023396867676945633,0.06324038593924308,0.3699671867819355,0.6053675491062208,0.7251223614551563,0.4685642041170019,0.23428210205850095,-0.0818939634935385,0.08010273328402939,0.02156723690909912,1.0,1.0,1.0
Tree,TREE A - MARKET,Dividend,fixed_ex_ante_dividend_payers,5.0,0.0,231,231,1.0,213,0.0004786467893937055,-0.00047034326411882123,0.4805194805194805,0.008590611295048447,0.007024920378336932,1.1311609270938117,9.100905263277167e-05,0.02293428126345846,0.07873959231897251,0.2912674626324219,0.44361770543754436,0.5499212525514782,0.5825089228158702,0.2912544614079351,-0.11101594778171586,0.0740313961195973,0.01997386840070714,1.0,1.0,1.0
Tree,TREE A - MARKET,Growth,fixed_ex_ante_growth_companies,5.0,0.0,297,297,1.0,248,-0.0006542081545799582,-0.0009636694678760152,0.468013468013468,0.008423808244606696,0.008640564353864419,0.857677617117369,-0.00018001827506666847,-0.045364605316800456,0.09724748718198058,-0.4664861440780371,-0.6215963979771741,-0.9055202998533417,0.3654305506595322,0.8172847246702339,-0.2778476151265946,-0.1650166967385791,-0.048713227251734104,1.0,1.0,1.0
Tree,TREE A - MARKET,Momentum,positive_relative_momentum_60d,5.0,0.0,251,251,1.0,222,3.5845524199754804e-05,-0.00036410665256408816,0.47808764940239046,0.00857951124458566,0.007790413150962906,1.0088161073816815,7.277875616792844e-05,0.018340246554317968,0.09071901388468613,0.2021654090908709,0.29329150805550314,0.3994825865754401,0.6896318042860262,0.3448159021430131,-0.09135272698538821,0.05255400664385412,0.014284502841079183,1.0,1.0,1.0
Tree,TREE A - MARKET,Value,fixed_ex_ante_mature_semiconductor_proxy,5.0,0.0,95,95,1.0,95,1.9185979160252804e-05,-0.0015266528793554382,0.45263157894736844,0.010301227100794763,0.00848327110219136,1.004131815152315,2.0095568028931026e-06,0.0005064083143290619,0.0636187984610303,0.007960042103581417,0.011794663364292848,0.015203886803472686,0.9878728681160058,0.4939364340580029,-0.12156108054220693,-0.005427945982064752,-0.0015060349387184813,1.0,1.0,1.0
Tree,TREE B - MARKET + SEC,Dividend,fixed_ex_ante_dividend_payers,5.0,0.0,231,231,1.0,213,0.0009695890536306764,-0.00017252448531612698,0.4935064935064935,0.008834235817726532,0.006693400101129389,1.2860006604345888,0.0002128269349659758,0.0536323876114259,0.07830393038688838,0.6849258695755889,1.1456472891637157,1.2899099389029156,0.19741107891040466,0.09870553945520233,-0.08736274878509254,0.19967320556715085,0.05170434041368632,1.0,1.0,1.0
Tree,TREE B - MARKET + SEC,Growth,fixed_ex_ante_growth_companies,5.0,0.0,297,297,1.0,248,0.0001599593617110601,-0.0003820028242798581,0.4882154882154882,0.008872375383794472,0.008151226975144827,1.038344187301211,-6.206217060037891e-07,-0.00015639666991295486,0.09682074594146194,-0.001615321885740404,-0.0022419211650785923,-0.0033255421001302243,0.9973473382696801,0.5013263308651599,-0.1606947807415655,-0.01729341144859764,-0.00481903538566919,1.0,1.0,1.0
Tree,TREE B - MARKET + SEC,Momentum,positive_relative_momentum_60d,5.0,0.0,251,251,1.0,222,0.00071318622697304,2.763098661179384e-05,0.50199203187251,0.008797996885304178,0.007436302916624747,1.1925792910560815,0.0002291041464441934,0.05773424490393674,0.09019466876785089,0.6401070672207582,0.9880669082270173,1.2685077030378349,0.2049425351937854,0.1024712675968927,-0.09135272698538821,0.21311176010652444,0.05495354853275325,1.0,1.0,1.0
Tree,TREE B - MARKET + SEC,Value,fixed_ex_ante_mature_semiconductor_proxy,5.0,0.0,95,95,1.0,95,0.0012200419384290348,-0.00018326625623138384,0.4842105263157895,0.010804204856509608,0.0077773354948710936,1.3041385360330704,0.00012778829564581953,0.032202650502746524,0.06308542160038423,0.5104610492537374,0.8741607985536539,1.0034130353228656,0.3159295289719424,0.1579647644859712,-0.06017535957765596,0.1149255629204653,0.030583201613371136,1.0,1.0,1.0
Tree,TREE C - MARKET + SEC + FINBERT,Dividend,fixed_ex_ante_dividend_payers,5.0,0.0,231,231,1.0,213,-5.08621142635307e-05,-0.0006944369679824361,0.45021645021645024,0.008641265396687385,0.007168824800396563,0.9870950982813681,7.739697874020906e-06,0.0019504038642532682,0.07899902180634608,0.02468896221315731,0.03826479879585607,0.04627681808542977,0.9630998140986882,0.4815499070493441,-0.14377379758073883,-0.004145890703983635,-0.0011497814934571249,1.0,1.0,1.0
Tree,TREE C - MARKET + SEC + FINBERT,Growth,fixed_ex_ante_growth_companies,5.0,0.0,297,297,1.0,248,-0.0005826577944037604,-0.0015365640242984693,0.43434343434343436,0.00922470889959883,0.008113314363012894,0.873041312392145,-0.0001845611044908644,-0.04650939833169783,0.09700092648922518,-0.4794737536539311,-0.6504696503028031,-0.9551572368637505,0.33975296656013154,0.8301235167199342,-0.26184970661793394,-0.16836662999039553,-0.04977161838145738,1.0,1.0,1.0
Tree,TREE C - MARKET + SEC + FINBERT,Momentum,positive_relative_momentum_60d,5.0,0.0,251,251,1.0,222,-0.0008742849867314982,-0.0010657657162175252,0.43824701195219123,0.008402003863441287,0.008111106075518779,0.8081209549047377,-0.00018684431025372378,-0.04708476618393839,0.09137495394429904,-0.5152918185068597,-0.7085945206853009,-1.0649645442337001,0.2871757078680096,0.8564121460659953,-0.21488656985629873,-0.1684792833345552,-0.04980726405936553,1.0,1.0,1.0
Tree,TREE C - MARKET + SEC + FINBERT,Value,fixed_ex_ante_mature_semiconductor_proxy,5.0,0.0,95,95,1.0,95,-0.0007415685174093237,-0.0017146476942934133,0.43157894736842106,0.009951853669256584,0.00886064832580381,0.8527634510865023,-7.767255695025989e-05,-0.01957348435146549,0.06392209827259997,-0.3062084143106988,-0.4400434251438681,-0.5796523540929328,0.5622931865183274,0.7188534067408363,-0.14217852074229298,-0.07483680067852239,-0.02130949064307608,1.0,1.0,1.0
XGBoost,XGB A - MARKET,Dividend,fixed_ex_ante_dividend_payers,5.0,0.0,231,231,1.0,213,0.00011982713302199021,-0.00047034326411882123,0.4675324675324675,0.008458064692700192,0.007201552187671066,1.0312489856598643,5.457228762421546e-05,0.013752216481302296,0.07834338238379937,0.1755376914150967,0.27302687917069707,0.3244175314963636,0.7456968339070686,0.3728484169535343,-0.13591891023902436,0.03925545487067805,0.010719507681726359,1.0,1.0,1.0
XGBoost,XGB A - MARKET,Growth,fixed_ex_ante_growth_companies,5.0,0.0,297,297,1.0,248,-0.0014016006417493768,-0.0010851897758460396,0.46464646464646464,0.007693851436935422,0.009295766596834294,0.7183573629635965,-0.00035196531449868543,-0.08869525925366872,0.09759927252400892,-0.9087696758380054,-1.172784824418538,-1.80281544803887,0.07174939791495916,0.9641253010425204,-0.34989919698981564,-0.28571809146258054,-0.08896636283400217,1.0,1.0,1.0
XGBoost,XGB A - MARKET,Momentum,positive_relative_momentum_60d,5.0,0.0,251,251,1.0,222,-0.0004575711348799331,-0.0003224631318938789,0.47410358565737054,0.008136166477302347,0.008204955800407896,0.8939569612517693,-4.9307470532915766e-05,-0.012425482574294773,0.09083957312487258,-0.1367849071374883,-0.1918396048907834,-0.28377523199968185,0.7766474719752691,0.6116762640123654,-0.13148135081320533,-0.05781967522358822,-0.01635736963013068,1.0,1.0,1.0
XGBoost,XGB A - MARKET,Value,fixed_ex_ante_mature_semiconductor_proxy,5.0,0.0,95,95,1.0,95,0.0010414021604314612,-3.3358724140230243e-05,0.49473684210526314,0.010341920453928009,0.008065355335283908,1.2555508538481581,0.00010907740379381349,0.027487505756041,0.06316905259295118,0.43514196632273444,0.696924522329331,0.7660894970116561,0.44382259630403353,0.22191129815201677,-0.11260952857677087,0.09612689624577131,0.025741758434831175,1.0,1.0,1.0
XGBoost,XGB B - MARKET + SEC,Dividend,fixed_ex_ante_dividend_payers,5.0,0.0,231,231,1.0,213,0.0004679843825770097,-0.00047034326411882123,0.4675324675324675,0.008830365740821513,0.0068745943710035295,1.127847179274054,0.000156970802763511,0.03955664229640477,0.0779552358213408,0.5074276522883132,0.8557672857328156,0.8766256696990723,0.38092236391095574,0.19046118195547787,-0.1448308444943679,0.14054079827391575,0.037086081650208325,1.0,1.0,1.0
XGBoost,XGB B - MARKET + SEC,Growth,fixed_ex_ante_growth_companies,5.0,0.0,297,297,1.0,248,-0.0009022781237292989,-0.0003820028242798581,0.48484848484848486,0.007838632044033417,0.009129017105153032,0.8081413318065576,-0.000263371521190971,-0.0663696233401247,0.09681849553957193,-0.6855056254514709,-0.8973887183136225,-1.3895559929587349,0.16500511634133716,0.9174974418293315,-0.2804938545520095,-0.22571255715489025,-0.06838723268613467,1.0,1.0,1.0
XGBoost,XGB B - MARKET + SEC,Momentum,positive_relative_momentum_60d,5.0,0.0,251,251,1.0,222,-9.455924560258833e-05,-0.0001518413719143732,0.4820717131474104,0.00835488555797545,0.007959042485855992,0.9770610494643449,4.105053563191475e-05,0.010344734979242518,0.09072382562867568,0.1140244572752319,0.16510263269398603,0.21781966122292026,0.8276186722685491,0.41380933613427456,-0.13597965918732913,0.022705784084467995,0.006236604595921014,1.0,1.0,1.0
XGBoost,XGB B - MARKET + SEC,Value,fixed_ex_ante_mature_semiconductor_proxy,5.0,0.0,95,95,1.0,95,0.0012517769076324993,-0.0001518413719143732,0.49473684210526314,0.010586305446422998,0.007888282286599864,1.3140702930849606,0.00013111224501112178,0.03304028574280269,0.06307040665282489,0.5238635280199645,0.8677109514059427,0.9251878987732788,0.355114535781182,0.177557267890591,-0.11142609573033924,0.11828250528891071,0.031441531625982844,1.0,1.0,1.0
XGBoost,XGB C - MARKET + SEC + FINBERT,Dividend,fixed_ex_ante_dividend_payers,5.0,0.0,231,231,1.0,213,0.0003838674938141793,-0.00017252448531612698,0.4805194805194805,0.008461368658016983,0.007087821083073415,1.104255583899682,9.704374042148482e-05,0.024455022586214174,0.07834999895750702,0.31212537219658826,0.5065304177808799,0.5677891306393034,0.570318834815276,0.285159417407638,-0.11992942181943311,0.08008291989610217,0.02156204760713365,1.0,1.0,1.0
XGBoost,XGB C - MARKET + SEC + FINBERT,Growth,fixed_ex_ante_growth_companies,5.0,0.0,297,297,1.0,248,-0.0005965732770827276,-0.00036410665256408816,0.48484848484848486,0.008157576183533601,0.008835772769427508,0.8689357412560825,-0.00015662598810954771,-0.039469749003606024,0.09704085865840087,-0.4067333033660159,-0.5408793937074441,-0.831356270716042,0.40599144113089947,0.7970042794345502,-0.2408942405275758,-0.14704730625732243,-0.043087720825993214,1.0,1.0,1.0
XGBoost,XGB C - MARKET + SEC + FINBERT,Momentum,positive_relative_momentum_60d,5.0,0.0,251,251,1.0,222,-0.0001654565128007989,-0.00034521869966252974,0.46215139442231074,0.008668247331844103,0.007755898334866047,0.9603364381342235,-2.1770269979587783e-06,-0.0005486108034856121,0.09082975872684124,-0.0060399896595067296,-0.008796629473596477,-0.011281010006111902,0.9910017307129548,0.5044991346435226,-0.1372867200293596,-0.016644082857567355,-0.004636988008820397,1.0,1.0,1.0
XGBoost,XGB C - MARKET + SEC + FINBERT,Value,fixed_ex_ante_mature_semiconductor_proxy,5.0,0.0,95,95,1.0,95,0.0006228448332727989,-3.3358724140230243e-05,0.49473684210526314,0.009918910389246381,0.008479552690284668,1.1453748537857953,6.52373309381653e-05,0.016439807396417656,0.06335911057026905,0.2594702995109902,0.40785578752088764,0.4653801489279494,0.6417710877474484,0.3208855438737242,-0.11383689685331377,0.0533538556031794,0.014497880787730733,1.0,1.0,1.0
CatBoost,CAT A - MARKET,Dividend,fixed_ex_ante_dividend_payers,5.0,0.05,231,176,0.7619047619047619,165,0.0006942303323758341,0.0001086326770469723,0.5,0.008738864303796499,0.00735040363904483,1.1888958393218383,0.00011710141067620842,0.029509555490404522,0.07016132942717145,0.4205957288913104,0.6829945696057992,0.7943852014342278,0.42717924334615126,0.21358962167307563,-0.0850128236440062,0.10229997632843069,0.0273381602949041,1.0,1.0,1.0
CatBoost,CAT A - MARKET,Growth,fixed_ex_ante_growth_companies,5.0,0.05,297,228,0.7676767676767676,203,-0.0006001770064960111,-5.158346389927317e-05,0.5,0.008401460635271881,0.009601814648263903,0.8749867543830314,-8.122730308179153e-05,-0.020469280376611467,0.09392702068875432,-0.21792749548013943,-0.2966515213110468,-0.4539387156935289,0.6499816548605897,0.6750091725697052,-0.18070089088496677,-0.08567456457616807,-0.024497796926254423,1.0,1.0,1.0
CatBoost,CAT A - MARKET,Momentum,positive_relative_momentum_60d,5.0,0.05,251,197,0.7848605577689243,179,-0.00021134400475876912,3.343688735652026e-05,0.5076142131979695,0.008091727117566908,0.008771211141176991,0.9510644065993543,1.7505741329700168e-06,0.0004411446815084442,0.08368682050484116,0.0052713758133865855,0.007492738164312374,0.010992464992327885,0.9912318785160316,0.4956159392580158,-0.0985906832714386,-0.010934841952005003,-0.00304006116494715,1.0,1.0,1.0
CatBoost,CAT A - MARKET,Value,fixed_ex_ante_mature_semiconductor_proxy,5.0,0.05,95,76,0.8,76,0.0012902186949287331,0.0008270809590276438,0.5131578947368421,0.009773791899635339,0.007651926034356607,1.3463414216284344,0.00010811093805356532,0.02724395638949846,0.05412718501472384,0.5033322235783642,0.8636872767875333,0.9335943601332782,0.35076191441171223,0.17538095720585611,-0.08232335880069475,0.09726205953985367,0.02603580656956983,1.0,1.0,1.0
CatBoost,CAT B - MARKET + SEC,Dividend,fixed_ex_ante_dividend_payers,5.0,0.05,231,188,0.8138528138528138,178,0.0007723723623768734,-0.00022007339227733593,0.4787234042553192,0.009294205357306688,0.007053800796232139,1.2100561048524676,0.00014614920155870773,0.03682959879279435,0.07740636504313378,0.4757954823517613,0.7872408599090528,0.8692022793962068,0.3849667040701126,0.1924833520350563,-0.10796546475551705,0.12956617810993265,0.03431304559290749,1.0,1.0,1.0
CatBoost,CAT B - MARKET + SEC,Growth,fixed_ex_ante_growth_companies,5.0,0.05,297,248,0.835016835016835,211,-0.00019082968440105305,6.170310217723605e-05,0.5120967741935484,0.00789156830144526,0.00867400773566123,0.9549087331139146,-4.4572647807285055e-05,-0.011232307247435834,0.08666774125363096,-0.12960193821787475,-0.17610608621161317,-0.24431789572506463,0.8070399420127631,0.5964800289936185,-0.13482277095897177,-0.052533440060231196,-0.014832206849196727,1.0,1.0,1.0
CatBoost,CAT B - MARKET + SEC,Momentum,positive_relative_momentum_60d,5.0,0.05,251,210,0.8366533864541833,188,0.00023265835788798884,-0.00014611038766154574,0.4857142857142857,0.008925790393628856,0.007977521898089498,1.0567082431396657,0.00012080182965884354,0.03044206107402857,0.08601111450166131,0.3539317127839401,0.533885939040171,0.70369216593799,0.4818053049339212,0.2409026524669606,-0.09124879307453437,0.10108428661712421,0.027024286516600826,1.0,1.0,1.0
CatBoost,CAT B - MARKET + SEC,Value,fixed_ex_ante_mature_semiconductor_proxy,5.0,0.05,95,82,0.8631578947368421,82,8.67763001837009e-05,-0.0003412104065223234,0.4634146341463415,0.010793948582855636,0.009160327034851153,1.0176543335089343,7.845266389265143e-06,0.001977007130094816,0.062456721825868464,0.031654032941510785,0.04700304043707602,0.05725869431832644,0.9543517488308393,0.47717587441541964,-0.10562212827487638,0.00011705384889526549,3.241251636509901e-05,1.0,1.0,1.0
CatBoost,CAT C - MARKET + SEC + FINBERT,Dividend,fixed_ex_ante_dividend_payers,5.0,0.05,231,180,0.7792207792207793,170,0.001821780259392563,0.000613328457974017,0.5222222222222223,0.00932802669038736,0.00638272165355524,1.597398516942614,0.0003469059134154172,0.08742029018068513,0.07162676369637622,1.2204975580253385,2.3899120991641376,2.219732174672839,0.02668384941073361,0.013341924705366805,-0.08406534505299712,0.35723140471312353,0.08826275434466058,1.0,1.0,1.0
CatBoost,CAT C - MARKET + SEC + FINBERT,Growth,fixed_ex_ante_growth_companies,5.0,0.05,297,241,0.8114478114478114,210,8.013629601042752e-05,-0.0002952171924790461,0.4979253112033195,0.008549836576636605,0.008319566461635368,1.019184931007977,4.601945645975653e-06,0.0011596903027858644,0.08482717172010615,0.013671212646489652,0.019201917328521296,0.026741206051416916,0.9786720360124032,0.4893360180062016,-0.1476654948545446,-0.008737754432635025,-0.0024272917182887044,1.0,1.0,1.0
CatBoost,CAT C - MARKET + SEC + FINBERT,Momentum,positive_relative_momentum_60d,5.0,0.05,251,192,0.7649402390438247,178,0.0010438680539841003,0.0003714112023784641,0.5208333333333334,0.008613612139338773,0.007184114647488372,1.3032394873958304,0.00021966430725559898,0.05535540542841094,0.0768388443093835,0.7204091358470756,1.1260960782151137,1.4425606273564067,0.1494898922502693,0.07474494612513465,-0.06891391475909991,0.20758732326512952,0.05362100227840916,1.0,1.0,1.0
CatBoost,CAT C - MARKET + SEC + FINBERT,Value,fixed_ex_ante_mature_semiconductor_proxy,5.0,0.05,95,71,0.7473684210526316,71,0.0019832197843422557,0.0006863254613823653,0.5211267605633803,0.010259971814082083,0.007023833895080497,1.5896252120307899,0.00015524653218114683,0.039122126109649,0.05240028162759412,0.746601447444267,1.398898773375066,1.4018103332139666,0.16131438456555283,0.08065719228277642,-0.054837522170751773,0.14556894112834007,0.03835013673811605,1.0,1.0,1.0
LSTM,LSTM A - MARKET SEQUENCE,Dividend,fixed_ex_ante_dividend_payers,5.0,0.05,231,118,0.5108225108225108,110,-0.0005900055969847412,-0.0012028980412940307,0.4406779661016949,0.009481174667907656,0.008524874896596934,0.8762611176851556,-5.689823666693655e-05,-0.014338355640068011,0.06432273942771793,-0.22291270190972826,-0.33360573699026613,-0.38836172129133656,0.6978396060402068,0.6510801969798966,-0.14017447280839435,-0.05731134319231357,-0.016210439277516753,1.0,1.0,1.0
LSTM,LSTM A - MARKET SEQUENCE,Growth,fixed_ex_ante_growth_companies,5.0,0.05,297,159,0.5353535353535354,142,-4.819875471257296e-05,2.763098661179384e-05,0.5031446540880503,0.00867766039488121,0.008884511817592351,0.9890812661138898,2.1797027793839528e-05,0.005492851004047561,0.08004148717099421,0.0686250493111538,0.10026167758936554,0.13000191537461525,0.8965937681895401,0.44829688409477003,-0.14238342265122605,0.00829895097493627,0.0022912358484874495,1.0,1.0,1.0
LSTM,LSTM A - MARKET SEQUENCE,Momentum,positive_relative_momentum_60d,5.0,0.05,251,129,0.5139442231075697,118,9.329854007407642e-05,-0.0001518413719143732,0.49612403100775193,0.009125024696600762,0.008799477983275274,1.0210423525514918,4.727192541795572e-05,0.011912525205324842,0.07328042560010865,0.16256080812537174,0.24327096307743182,0.30891574477648587,0.7574566410296395,0.37872832051481975,-0.11871910786664486,0.0338096277272093,0.00925010068902088,1.0,1.0,1.0
LSTM,LSTM A - MARKET SEQUENCE,Value,fixed_ex_ante_mature_semiconductor_proxy,5.0,0.05,95,49,0.5157894736842106,49,-0.0009622444094007217,-0.0002090736924000849,0.4489795918367347,0.010837834103178783,0.010577123197428465,0.8348988305177607,-5.198453810433887e-05,-0.013100103602293394,0.051110043439549384,-0.2563117289811659,-0.3551268305476177,-0.4564669847778324,0.6481636128609114,0.6759181935695443,-0.11101031805068029,-0.05052550763839059,-0.014254498885014844,1.0,1.0,1.0
LSTM,LSTM B - MARKET SEQUENCE + SEC,Dividend,fixed_ex_ante_dividend_payers,5.0,0.05,231,114,0.4935064935064935,104,0.0011239937740952057,0.0006688910525712586,0.5087719298245614,0.009599279170182958,0.007653980386138538,1.2989464393093246,0.0001570515022210296,0.03957697855969946,0.060951581597211514,0.6493183199287167,1.1479975463750176,1.1224563787861077,0.26196581600969737,0.13098290800484869,-0.08647196924872946,0.14545965933514338,0.0383227064218552,1.0,1.0,1.0
LSTM,LSTM B - MARKET SEQUENCE + SEC,Growth,fixed_ex_ante_growth_companies,5.0,0.05,297,164,0.5521885521885522,138,0.0009781876113209795,4.058601594278486e-05,0.5060975609756098,0.010620326656334644,0.008902028940976973,1.2224805172281372,8.93927190488824e-05,0.022526965200318362,0.08130206379562503,0.27707740921492535,0.42282276436628735,0.5109202399277945,0.609531380870065,0.3047656904350325,-0.08605464992057543,0.07167864678440172,0.019354659187290846,1.0,1.0,1.0
LSTM,LSTM B - MARKET SEQUENCE + SEC,Momentum,positive_relative_momentum_60d,5.0,0.05,251,111,0.44223107569721115,103,0.0005313730287972295,-0.0001307979144103402,0.4864864864864865,0.010011161147283721,0.008449478872926816,1.1224666126326888,6.740495452906146e-05,0.016986048541323486,0.06949871593670597,0.24440809175227154,0.3892214400691872,0.449407369117594,0.6532453036176057,0.32662265180880284,-0.08831134418735098,0.05390465850363113,0.014644751910562803,1.0,1.0,1.0
LSTM,LSTM B - MARKET SEQUENCE + SEC,Value,fixed_ex_ante_mature_semiconductor_proxy,5.0,0.05,95,53,0.5578947368421052,53,0.0007509466909988155,0.0010092323305329618,0.5094339622641509,0.009304472106095692,0.008131560470832556,1.1882511914566525,4.388111865814468e-05,0.011058041901852458,0.04593521929787595,0.24073123130520865,0.37988628923826107,0.46292048784986567,0.6435325287843915,0.32176626439219574,-0.0818939634935385,0.03667983476036252,0.010025242972545811,1.0,1.0,1.0
LSTM,LSTM C - MARKET SEQUENCE + SEC + FINBERT,Dividend,fixed_ex_ante_dividend_payers,5.0,0.05,231,122,0.5281385281385281,113,0.0006184960912729592,0.0010966065687470225,0.5245901639344263,0.009685787889392838,0.009386791410100702,1.1385962977099515,0.00010180189072015277,0.0256540764614785,0.06973583151792669,0.3678751067144545,0.5763022946651912,0.6788729068404831,0.4973917686194871,0.24869588430974354,-0.10584096787310104,0.08721859300524937,0.023426508903251042,1.0,1.0,1.0
LSTM,LSTM C - MARKET SEQUENCE + SEC + FINBERT,Growth,fixed_ex_ante_growth_companies,5.0,0.05,297,178,0.5993265993265994,153,0.0012473018633636262,0.0015704591941937416,0.5617977528089888,0.01010747817245504,0.010111898532907417,1.281490840432267,0.00017377963330401507,0.043792467592611795,0.09054214726476524,0.4836694171229775,0.7279897350692331,0.8884077464432869,0.37455725924928923,0.18727862962464462,-0.08939664508058986,0.15360679641467367,0.04036251462756968,1.0,1.0,1.0
LSTM,LSTM C - MARKET SEQUENCE + SEC + FINBERT,Momentum,positive_relative_momentum_60d,5.0,0.05,251,131,0.5219123505976095,122,0.0003288777219652773,3.343688735652026e-05,0.5114503816793893,0.01031747117865678,0.010127931053008639,1.0664668414135485,5.233469841827746e-05,0.01318834400140592,0.08148450975219575,0.16185093389545166,0.24308455093307785,0.30242537402481073,0.7623972291377739,0.38119861456888693,-0.12678587481449233,0.03621024434207776,0.009898529331555661,1.0,1.0,1.0
LSTM,LSTM C - MARKET SEQUENCE + SEC + FINBERT,Value,fixed_ex_ante_mature_semiconductor_proxy,5.0,0.05,95,51,0.5368421052631579,51,0.0003541706868593309,-0.0001518413719143732,0.49019607843137253,0.011791952446858012,0.010643696390062478,1.0652705036638117,1.9914779525717613e-05,0.005018524440480838,0.054471900093349304,0.09213051925636005,0.13812575863401402,0.1644789930874645,0.8693907702398137,0.43469538511990685,-0.11101031805068051,0.012824150963746117,0.0035348463608886327,1.0,1.0,1.0
Logistic,MODEL A - MARKET,Dividend,fixed_ex_ante_dividend_payers,5.0,0.05,231,163,0.7056277056277056,151,0.0006023946434488965,-0.0003224631318938789,0.4662576687116564,0.010065556783771223,0.007664275732005088,1.147257808354741,0.00011475497399702117,0.028918253447249336,0.07544272114052548,0.38331402963824635,0.6113773393440634,0.7347579322529585,0.46267706309400314,0.23133853154700157,-0.12157535263032027,0.09843508202292228,0.026339430594419566,1.0,1.0,1.0
Logistic,MODEL A - MARKET,Growth,fixed_ex_ante_growth_companies,5.0,0.05,297,209,0.7037037037037037,182,0.0001386518784748488,-0.0002952171924790461,0.4880382775119617,0.008997274230566007,0.00830601615809803,1.0326058476233324,-2.4518802570410627e-05,-0.006178738247743478,0.08559668983711598,-0.07218431296234877,-0.10084397367497416,-0.14052986664057823,0.8882725931075885,0.5558637034462057,-0.15642361461149312,-0.03480675524899435,-0.009762265125883074,1.0,1.0,1.0
Logistic,MODEL A - MARKET,Momentum,positive_relative_momentum_60d,5.0,0.05,251,183,0.7290836653386454,168,-7.315147016476699e-05,-0.00036410665256408816,0.45901639344262296,0.009453479432659471,0.008156353448318667,0.9834215884462637,1.1890879343865301e-05,0.002996501594654056,0.08381709530712311,0.03575048244841052,0.052837176516641875,0.06988170670463036,0.9443032343893549,0.47215161719467746,-0.16789115151788525,-0.001811519375858217,-0.0005019645569594999,1.0,1.0,1.0
Logistic,MODEL A - MARKET,Value,fixed_ex_ante_mature_semiconductor_proxy,5.0,0.05,95,73,0.7684210526315789,73,0.0006615937271194688,0.0006075575053661195,0.5068493150684932,0.010889272484786017,0.009850187218260038,1.136196909565645,5.324844771744347e-05,0.013418608824795755,0.06124525841517136,0.21909628879077056,0.3312867580893839,0.4086291357875831,0.6829084098112486,0.3414542049056243,-0.14444574799219279,0.04244481899594921,0.011577486536646031,1.0,1.0,1.0
Logistic,MODEL B - MARKET + SEC,Dividend,fixed_ex_ante_dividend_payers,5.0,0.05,231,179,0.7748917748917749,167,0.00046455406718877055,0.00025062407823417485,0.5027932960893855,0.008863070797372037,0.00802832801951341,1.116378882468017,0.0001450957636050507,0.03656413242847278,0.0759711828365464,0.481289497718382,0.7746855981119378,0.9324189955905354,0.3513684384639769,0.17568421923198846,-0.12205140007740911,0.12892358004734317,0.034150073025261296,1.0,1.0,1.0
Logistic,MODEL B - MARKET + SEC,Growth,fixed_ex_ante_growth_companies,5.0,0.05,297,230,0.7744107744107744,199,0.000978765788478442,0.00034264307536827163,0.5217391304347826,0.00957292203453649,0.008396677389039427,1.2437285833646277,0.00018672173106726328,0.047053876228950346,0.09372008581215294,0.5020682153798108,0.757550353687349,0.933942629928257,0.3505823243093795,0.17529116215468976,-0.0949496750477884,0.16599644496419597,0.04344465241524498,1.0,1.0,1.0
Logistic,MODEL B - MARKET + SEC,Momentum,positive_relative_momentum_60d,5.0,0.05,251,194,0.7729083665338645,175,0.0005002364423236492,0.00014368608139378545,0.5154639175257731,0.009162318332228431,0.00871474429161761,1.1184662264067302,0.00012946286666755107,0.03262464240022287,0.08794391240313022,0.37097101446514275,0.5572783604165796,0.702125221598452,0.4827814095822016,0.2413907047911008,-0.13730242412411164,0.10909994310226145,0.029089214421037957,1.0,1.0,1.0
Logistic,MODEL B - MARKET + SEC,Value,fixed_ex_ante_mature_semiconductor_proxy,5.0,0.05,95,84,0.8842105263157894,84,0.0005078531431550446,0.0010468979198682846,0.5238095238095238,0.009654399652493588,0.009553348017117354,1.1116353762800948,4.703380818635477e-05,0.011852519662961402,0.0621350628894919,0.19075412676480716,0.2856546517329786,0.3587797046972545,0.719843485453082,0.359921742726541,-0.144445747992193,0.03638021486120224,0.009944398739470506,1.0,1.0,1.0
Logistic,MODEL C - MARKET + SEC + FINBERT,Dividend,fixed_ex_ante_dividend_payers,5.0,0.05,231,179,0.7748917748917749,167,0.00039066570509959194,0.00025062407823417485,0.5027932960893855,0.008850999448065848,0.008164727967562915,1.0962335690331888,0.0001305136061475392,0.032889428749179876,0.0762102890453229,0.43156152746803333,0.6903356054845804,0.8409925130380315,0.40057402979846507,0.20028701489923253,-0.11267667869407327,0.11401903257883572,0.030351092245818112,1.0,1.0,1.0
Logistic,MODEL C - MARKET + SEC + FINBERT,Growth,fixed_ex_ante_growth_companies,5.0,0.05,297,225,0.7575757575757576,194,0.0006233610380371833,0.00023383111751379502,0.5155555555555555,0.009133709453389779,0.008433523514081175,1.1525761366725111,8.77827345570092e-05,0.02212124910836632,0.0881003106338343,0.25109161306260835,0.35636890970695945,0.48363561506221325,0.6287613598497218,0.3143806799248609,-0.0948973304073436,0.06783820276413888,0.01834179532223379,1.0,1.0,1.0
Logistic,MODEL C - MARKET + SEC + FINBERT,Momentum,positive_relative_momentum_60d,5.0,0.05,251,193,0.7689243027888446,174,0.000166198481313563,3.343688735652026e-05,0.5077720207253886,0.008813938493209623,0.00875462805727395,1.0385676391403857,5.783159553494876e-05,0.014573562074807088,0.08434315130034258,0.17278892061918838,0.2474218881704349,0.3425309933106154,0.7320307728684698,0.3660153864342349,-0.1280905529364038,0.04045990261982135,0.011043742639865961,1.0,1.0,1.0
Logistic,MODEL C - MARKET + SEC + FINBERT,Value,fixed_ex_ante_mature_semiconductor_proxy,5.0,0.05,95,86,0.9052631578947369,86,0.0004770410288702496,0.0010468979198682846,0.5232558139534884,0.009677145978427951,0.009620635135278447,1.1040079612055678,4.523211519607662e-05,0.011398493029411308,0.06272707231101635,0.18171568685518685,0.2714124657968286,0.34198263107970167,0.7324432736303906,0.3662216368151953,-0.13531015310473782,0.034550377637311946,0.009450300098169606,1.0,1.0,1.0
TabNet,TABNET A - MARKET,Dividend,fixed_ex_ante_dividend_payers,5.0,0.05,231,95,0.41125541125541126,92,-0.0017511507813889806,-0.0006258734978650251,0.47368421052631576,0.007160311228710011,0.009771466590478072,0.6594997840056802,-0.00016258532005348765,-0.04097150065347889,0.05796985703089938,-0.7067724978455624,-0.9250405505301329,-1.2515795783742956,0.21104614586858805,0.894476927065706,-0.18184909908103863,-0.14232155325540274,-0.04162252531408683,1.0,1.0,1.0
TabNet,TABNET A - MARKET,Growth,fixed_ex_ante_growth_companies,5.0,0.05,297,132,0.4444444444444444,118,-0.0010120550594301537,0.00037033621778523405,0.5303030303030303,0.006974963915916469,0.01002965712836989,0.7851673451159741,-0.00012189060932129898,-0.030716433548967345,0.0694322180680838,-0.44239453100644777,-0.5640061764552513,-0.8791080574091299,0.3795757852054452,0.8102121073972774,-0.13954380404407207,-0.11244567347210832,-0.03249228222107692,1.0,1.0,1.0
TabNet,TABNET A - MARKET,Momentum,positive_relative_momentum_60d,5.0,0.05,251,103,0.4103585657370518,95,-0.0013833287043270527,2.763098661179384e-05,0.5048543689320388,0.007395082331540978,0.010333865446780732,0.7296479700375672,-0.00011390941972127387,-0.028705173769761016,0.06344307716726906,-0.4524555720095228,-0.5793308567403302,-0.8775002868134035,0.38044759033016484,0.8097762048349175,-0.15722865410751663,-0.10469675896978492,-0.03016054487952191,1.0,1.0,1.0
TabNet,TABNET A - MARKET,Value,fixed_ex_ante_mature_semiconductor_proxy,5.0,0.05,95,46,0.4842105263157895,46,-0.0035134218787984564,-0.002419363415192887,0.43478260869565216,0.00805337367748997,0.012410956922097245,0.499147879387821,-0.0001781889817251698,-0.04490362339474279,0.047711783848542744,-0.9411432516815084,-1.1206182689034498,-1.7349616716027394,0.08308766117980754,0.9584561694100963,-0.178699861601071,-0.15274186140432455,-0.0448611075942571,1.0,1.0,1.0
TabNet,TABNET B - MARKET + SEC,Dividend,fixed_ex_ante_dividend_payers,5.0,0.05,231,117,0.5064935064935064,108,0.0008437724679064429,0.0011240791360923605,0.5470085470085471,0.00806088502823014,0.007871231378522173,1.2366424557883215,0.00010883230821346574,0.027425741669793367,0.054826326239141326,0.5002294253707213,0.7847861454786479,0.98778789325512,0.32352026053871974,0.16176013026935987,-0.06691367957601946,0.09781142866590775,0.026178033957513724,1.0,1.0,1.0
TabNet,TABNET B - MARKET + SEC,Growth,fixed_ex_ante_growth_companies,5.0,0.05,297,158,0.531986531986532,143,-0.0007589944890378705,-0.0019350347565630912,0.3987341772151899,0.00956120322938443,0.007602915081254764,0.8339679369012816,-0.00013983440354825075,-0.03523826969415919,0.07018529269279158,-0.5020748413545956,-0.7091559649982873,-0.940262997055089,0.34733329193918183,0.8263333540304091,-0.19292311642830573,-0.12688663306745296,-0.036877308708950896,1.0,1.0,1.0
TabNet,TABNET B - MARKET + SEC,Momentum,positive_relative_momentum_60d,5.0,0.05,251,139,0.5537848605577689,126,5.427197846270546e-05,-0.0003654308375540252,0.48201438848920863,0.008811171232169228,0.0080945092715142,1.012943968067451,9.01780581920873e-08,2.2724870664406e-05,0.06760952388500953,0.0003361193713337861,0.0004630545539361146,0.000652647357877274,0.9994794064579413,0.49973970322897066,-0.17159996326227211,-0.008122009364078364,-0.002255736135762132,1.0,1.0,1.0
TabNet,TABNET B - MARKET + SEC,Value,fixed_ex_ante_mature_semiconductor_proxy,5.0,0.05,95,45,0.47368421052631576,45,0.0015749203221550267,0.0018373266406072073,0.5555555555555556,0.01024460747654046,0.009262188620826764,1.382584599592456,7.813827397682052e-05,0.01969084504215877,0.04501503067978183,0.4374282266345932,0.6932323466715427,0.7922540607886122,0.42841994120526217,0.21420997060263108,-0.05213186387604418,0.06954956180079552,0.018793467349301762,1.0,1.0,1.0
TabNet,TABNET C - MARKET + SEC + FINBERT,Dividend,fixed_ex_ante_dividend_payers,5.0,0.05,231,123,0.5324675324675324,116,-0.00013157010703512874,0.0004921983265227534,0.5121951219512195,0.008305945442448283,0.00899096143399271,0.9700011259749964,-2.8792450722932625e-05,-0.007255697582179021,0.06226539258015928,-0.11652857681477195,-0.1618309132959377,-0.20267059736420723,0.8394380094915355,0.5802809952542323,-0.12277045406434661,-0.032548764212130044,-0.00912131261612481,1.0,1.0,1.0
TabNet,TABNET C - MARKET + SEC + FINBERT,Growth,fixed_ex_ante_growth_companies,5.0,0.05,297,179,0.6026936026936027,166,-0.0005257940369007613,-0.0006052375576555682,0.48044692737430167,0.009193438777189929,0.009513471692941613,0.8936232522453632,-0.00012207455161689461,-0.030762787007457444,0.08722259963002194,-0.35269284724310057,-0.4803084294311515,-0.6785779470101865,0.49757860666118736,0.7512106966694063,-0.16872944610876117,-0.11699867531151942,-0.03386920582255537,1.0,1.0,1.0
TabNet,TABNET C - MARKET + SEC + FINBERT,Momentum,positive_relative_momentum_60d,5.0,0.05,251,150,0.5976095617529881,137,-0.0006534609056120266,-0.00021300755344469315,0.4866666666666667,0.008575629119063276,0.00940311768225225,0.8646219442136776,-0.00011623037386679157,-0.029290054214431475,0.0766266461971687,-0.3822437189677462,-0.5279053484959558,-0.7325997071871556,0.4639920930069644,0.7680039534965177,-0.13022206940496173,-0.10950367062869426,-0.03160527282203429,1.0,1.0,1.0
TabNet,TABNET C - MARKET + SEC + FINBERT,Value,fixed_ex_ante_mature_semiconductor_proxy,5.0,0.05,95,50,0.5263157894736842,50,0.000932204928409276,0.0017094735499260392,0.62,0.009487565103261505,0.013026540620033836,1.1883209775941699,5.1389466836233515e-05,0.012950145642730846,0.05130450795022413,0.252417305225793,0.37208040296607103,0.43769376517463104,0.6617126111567191,0.33085630557835954,-0.10982475248102685,0.042772070541598595,0.011665413875644237,1.0,1.0,1.0
Transformer,TRANSFORMER A - MARKET SEQUENCE,Dividend,fixed_ex_ante_dividend_payers,5.0,0.05,231,125,0.5411255411255411,119,-0.0004795386743433504,-0.00126312832115033,0.432,0.008295689700295279,0.007153656029702308,0.8819822722853419,-2.5807078156980378e-05,-0.006503383695559055,0.057384393100961655,-0.11333018167704681,-0.17621865475356613,-0.20522475158906012,0.8374426309335536,0.5812786845332232,-0.12585338591552409,-0.028875584733465298,-0.008080952441731681,1.0,1.0,1.0
Transformer,TRANSFORMER A - MARKET SEQUENCE,Growth,fixed_ex_ante_growth_companies,5.0,0.05,297,176,0.5925925925925926,157,0.00040628022096347654,0.00015184813829724562,0.5113636363636364,0.008905527330411552,0.008488280707528694,1.097953546193743,4.128946783392524e-05,0.010404945894149161,0.0800342714647955,0.13000612992055488,0.1865302421840451,0.2539082373488863,0.7996240610341233,0.39981203051706166,-0.12637394685676673,0.026273716331905783,0.00720748199991883,1.0,1.0,1.0
Transformer,TRANSFORMER A - MARKET SEQUENCE,Momentum,positive_relative_momentum_60d,5.0,0.05,251,136,0.5418326693227091,123,-0.000233817568637602,-7.685662800216344e-05,0.49264705882352944,0.008079379745384311,0.008306052641673374,0.9445154231105037,-1.3440088567044052e-05,-0.003386902318895101,0.06825566915160548,-0.04962082067311233,-0.06961621608828916,-0.09254572431788947,0.92628492366638,0.5368575381668099,-0.1318079616898724,-0.02035879950056363,-0.0056796316758880305,1.0,1.0,1.0
Transformer,TRANSFORMER A - MARKET SEQUENCE,Value,fixed_ex_ante_mature_semiconductor_proxy,5.0,0.05,95,55,0.5789473684210527,55,-5.128509464299335e-05,-0.00196664127585977,0.41818181818181815,0.012487139106406255,0.009063277489147141,0.9902743509151964,-3.1099009981969353e-06,-0.0007836950515456277,0.05351145726625991,-0.014645369264495136,-0.02221373185656738,-0.02564865128646905,0.9795432287605301,0.5102283856197349,-0.11271288339993668,-0.007920528608001742,-0.0021996173720688628,1.0,1.0,1.0
Transformer,TRANSFORMER B - MARKET SEQUENCE + SEC,Dividend,fixed_ex_ante_dividend_payers,5.0,0.05,231,151,0.6536796536796536,140,0.0009162625544773235,-0.0002090736924000849,0.4900662251655629,0.009339597718593268,0.0071788907201276115,1.2502930658678664,0.00018267639116582946,0.04603445057378902,0.06725528840933077,0.6844733204266858,1.2090163514878463,1.236134462233727,0.21672896552712922,0.10836448276356461,-0.0704644711076794,0.17069722836799373,0.04460785629992259,1.0,1.0,1.0
Transformer,TRANSFORMER B - MARKET SEQUENCE + SEC,Growth,fixed_ex_ante_growth_companies,5.0,0.05,297,195,0.6565656565656566,171,-6.436088455695534e-05,-0.00046343597570153074,0.48717948717948717,0.009284166486260854,0.008945461886833875,0.9859701235694959,-6.167739306037155e-05,-0.01554270305121363,0.08632844132850014,-0.18004151137248,-0.2472990017869637,-0.3475577611340948,0.7282530576813142,0.6358734711593429,-0.12781847421426906,-0.06702114263021897,-0.01902696353350075,1.0,1.0,1.0
Transformer,TRANSFORMER B - MARKET SEQUENCE + SEC,Momentum,positive_relative_momentum_60d,5.0,0.05,251,160,0.6374501992031872,143,-0.00023871396986416366,-0.00045648472190223856,0.48125,0.00841438667796368,0.00826628926965626,0.9443315503292303,-2.9931645224105165e-05,-0.007542774596474501,0.0717144735870273,-0.10517785628477293,-0.15172356533789508,-0.19581619104883335,0.8447979458022197,0.5776010270988902,-0.11746932926901277,-0.03572991060101016,-0.010024623936341515,1.0,1.0,1.0
Transformer,TRANSFORMER B - MARKET SEQUENCE + SEC,Value,fixed_ex_ante_mature_semiconductor_proxy,5.0,0.05,95,66,0.6947368421052632,66,0.001968834494794093,0.001444321670311833,0.5454545454545454,0.010576019373176933,0.008359787359265314,1.518127519565003,0.00014326689818788327,0.036103258343346586,0.05307478100693803,0.6802337693796062,1.2387024373750954,1.3262350654584492,0.18509607672335354,0.09254803836167677,-0.04835364897281513,0.13304607656553213,0.0351944377519835,1.0,1.0,1.0
Transformer,TRANSFORMER C - MARKET SEQUENCE + SEC + FINBERT,Dividend,fixed_ex_ante_dividend_payers,5.0,0.05,231,95,0.41125541125541126,89,-0.00018675889296461192,-0.0008411979510769543,0.4421052631578947,0.009486290329381633,0.007852194125767296,0.9573677750580813,1.7247314765727046e-05,0.004346323320963215,0.05423961370610093,0.0801319003581756,0.12706510535542864,0.15437567390123833,0.8773479145160407,0.43867395725802033,-0.06763762809292628,0.010433116950730348,0.0028782467607577633,1.0,1.0,1.0
Transformer,TRANSFORMER C - MARKET SEQUENCE + SEC + FINBERT,Growth,fixed_ex_ante_growth_companies,5.0,0.05,297,130,0.4377104377104377,117,-0.00022400159305906143,-0.0017609283299725434,0.4461538461538462,0.011121225957810203,0.009363212675703746,0.9568046422943518,-7.007968297636999e-05,-0.01766008011004524,0.08008629240227944,-0.22051314376419545,-0.31987011625657585,-0.4202395475034735,0.6744101130565144,0.6627949434717428,-0.12401722380559532,-0.0723249142375405,-0.020574390338113924,1.0,1.0,1.0
Transformer,TRANSFORMER C - MARKET SEQUENCE + SEC + FINBERT,Momentum,positive_relative_momentum_60d,5.0,0.05,251,92,0.3665338645418327,82,-0.00011810523856956796,-0.0005767760735628227,0.4782608695652174,0.010425318795465096,0.009782910603101344,0.9768608358893474,2.234419788560195e-05,0.0056307378671716915,0.0679456535025253,0.08287120039197823,0.12937731564154328,0.14625356522409383,0.8837537556988662,0.4418768778494331,-0.08488274834647802,0.012084416893889616,0.0033318285354482224,1.0,1.0,1.0
Transformer,TRANSFORMER C - MARKET SEQUENCE + SEC + FINBERT,Value,fixed_ex_ante_mature_semiconductor_proxy,5.0,0.05,95,43,0.45263157894736844,43,0.00044523083090099847,-0.0005677507441419474,0.46511627906976744,0.01226829452200998,0.00983569411788942,1.0846293169740575,2.11079666248544e-05,0.005319207589463309,0.047078482940720055,0.11298595998008498,0.17686483440344708,0.21599000976529117,0.8290441526371283,0.41452207631856414,-0.0483536489728148,0.015294953653209653,0.004212174669277369,1.0,1.0,1.0
Tree,TREE A - MARKET,Dividend,fixed_ex_ante_dividend_payers,5.0,0.05,231,171,0.7402597402597403,158,6.929198162091235e-05,-0.0007368716788496701,0.47368421052631576,0.008289022618164846,0.007328465591268629,1.0179648472712475,2.339105344930206e-05,0.005894545469224119,0.0659132276962451,0.08942886997415113,0.13210383281866764,0.16864096735289688,0.8661166953907233,0.43305834769536167,-0.11868507378726889,0.013501903453470687,0.0037207594283374945,1.0,1.0,1.0
Tree,TREE A - MARKET,Growth,fixed_ex_ante_growth_companies,5.0,0.05,297,229,0.7710437710437711,199,-0.0013447437748093643,-0.0014488794550565611,0.44541484716157204,0.007757120395716189,0.008654902399955871,0.7198380644785567,-0.00027883554970414593,-0.07026655852544478,0.07967769937104226,-0.8818848822206603,-1.0953451037237598,-1.5980603994730445,0.11037821257779679,0.9448108937111016,-0.25388546227081665,-0.2323566192355807,-0.07060780149052115,1.0,1.0,1.0
Tree,TREE A - MARKET,Momentum,positive_relative_momentum_60d,5.0,0.05,251,194,0.7729083665338645,174,-0.00021461233697009778,-0.0005214767973805426,0.4639175257731959,0.008577065165608919,0.007822794791125017,0.9488246128979453,2.3032878951228358e-05,0.0058042854957095465,0.0777919512329613,0.07461293107724759,0.10696173350143667,0.1306225016174355,0.8961029384279646,0.4480514692139823,-0.08903109357141958,0.010051763507436196,0.0027734197963344975,1.0,1.0,1.0
Tree,TREE A - MARKET,Value,fixed_ex_ante_mature_semiconductor_proxy,5.0,0.05,95,70,0.7368421052631579,70,-0.00019024920710903972,-0.001782484351741053,0.45714285714285713,0.01061703097348288,0.009291116727607499,0.9622801998939665,-1.468295975483216e-05,-0.0037001058582177043,0.05635905080616497,-0.06565238067872073,-0.09515018047595243,-0.12124046263809317,0.9035274593398742,0.548236270330063,-0.12156108054220682,-0.01884463849028939,-0.0052542936206185775,1.0,1.0,1.0
Tree,TREE B - MARKET + SEC,Dividend,fixed_ex_ante_dividend_payers,5.0,0.05,231,171,0.7402597402597403,158,0.0007324946894498029,-0.00018326625623138384,0.49122807017543857,0.008630426923116661,0.006893095053400958,1.2088656735731544,0.00014520893578250614,0.03659265181719155,0.06542393883045534,0.5593159395679398,0.9417361660125766,1.0552093397684839,0.2916108974742075,0.14580544873710374,-0.07266849126334418,0.13206288173445913,0.034945611802080334,1.0,1.0,1.0
Tree,TREE B - MARKET + SEC,Growth,fixed_ex_ante_growth_companies,5.0,0.05,297,229,0.7710437710437711,199,-0.00028881472529655874,-0.0007933518685593324,0.47161572052401746,0.0083964015278974,0.008040908571122572,0.9320226359337151,-9.943789634348121e-05,-0.025058349878557266,0.07921277311240539,-0.31634228791610025,-0.4144556108696128,-0.6278346097010151,0.5302705019305033,0.7348647490347484,-0.13284531243295072,-0.09654695490493448,-0.027723867172437022,1.0,1.0,1.0
Tree,TREE B - MARKET + SEC,Momentum,positive_relative_momentum_60d,5.0,0.05,251,194,0.7729083665338645,174,0.0006617408403293589,-8.091233267973254e-05,0.4948453608247423,0.00886398044898802,0.0073731061232546365,1.177669593201475,0.00017935826922749334,0.04519828384532832,0.07720524706649241,0.5854302079546699,0.9133990976352677,1.0291263410386682,0.30369496957562464,0.15184748478781232,-0.08903109357141958,0.16412617774757332,0.042980913762633355,1.0,1.0,1.0
Tree,TREE B - MARKET + SEC,Value,fixed_ex_ante_mature_semiconductor_proxy,5.0,0.05,95,70,0.7368421052631579,70,0.0014394838804700216,0.0003922851002207692,0.5,0.011251018549049124,0.00837205078810908,1.3438784395609584,0.0001110957790880943,0.02799613633019976,0.055765767785526034,0.5020308594669102,0.8741038210135802,0.9581166414875553,0.33825954502837347,0.16912977251418673,-0.06017535957765563,0.09988531180257731,0.026714482754734314,1.0,1.0,1.0
Tree,TREE C - MARKET + SEC + FINBERT,Dividend,fixed_ex_ante_dividend_payers,5.0,0.05,231,176,0.7619047619047619,162,-0.0006763017755363008,-0.001459172819459952,0.4318181818181818,0.008404616633858173,0.0075777997666761,0.8429239143823414,-6.885915250635639e-05,-0.01735250643160181,0.06705399563839848,-0.2587840779120536,-0.38852028664080074,-0.4804972390456628,0.6309898638631898,0.684505068068405,-0.13501500733736005,-0.06808491936576,-0.019336819807761363,1.0,1.0,1.0
Tree,TREE C - MARKET + SEC + FINBERT,Growth,fixed_ex_ante_growth_companies,5.0,0.05,297,242,0.8148148148148148,208,-0.0011910909890241897,-0.002090263971139427,0.4132231404958678,0.008459794197513667,0.00798748900771282,0.7458666349076787,-0.0002920099319338704,-0.07358650284733534,0.08013410149095933,-0.9182919815434296,-1.1631402470385102,-1.7872026721587049,0.07423894025707319,0.9628805298714634,-0.24568398920815793,-0.24156701765672495,-0.07370919047766955,1.0,1.0,1.0
Tree,TREE C - MARKET + SEC + FINBERT,Momentum,positive_relative_momentum_60d,5.0,0.05,251,199,0.7928286852589641,178,-0.0012833293904507517,-0.0016547813003374703,0.41708542713567837,0.008373248096649159,0.008192777075186033,0.7312787012898097,-0.00021701657938296098,-0.05468817800450617,0.07900432551962777,-0.6922175165069852,-0.9306855152613024,-1.2807622807686097,0.200604937417489,0.8996975312912555,-0.2108351832598554,-0.187872145658615,-0.05599628573178095,1.0,1.0,1.0
Tree,TREE C - MARKET + SEC + FINBERT,Value,fixed_ex_ante_mature_semiconductor_proxy,5.0,0.05,95,71,0.7473684210526316,71,-0.0012307049011174992,-0.00196664127585977,0.4225352112676056,0.010160607541893246,0.009565811566735118,0.7772044047120628,-9.633963393532794e-05,-0.02427758775170264,0.05670230825824687,-0.42815872047275383,-0.5980017568371027,-0.7834564691186079,0.43356386086087756,0.7832180695695612,-0.13811559786299876,-0.08895172131821671,-0.025467265361819758,1.0,1.0,1.0
XGBoost,XGB A - MARKET,Dividend,fixed_ex_ante_dividend_payers,5.0,0.05,231,188,0.8138528138528138,175,0.000428900650778681,-0.00019616997431573437,0.48404255319148937,0.008843284499655837,0.007465005846621539,1.111355755303528,0.00010346294251992419,0.026072661515020894,0.07318875573967464,0.3562386223337209,0.572898763439194,0.6418509344066905,0.5211323305892586,0.2605661652946293,-0.10802287135665789,0.08790319999032326,0.023604922397771233,1.0,1.0,1.0
XGBoost,XGB A - MARKET,Growth,fixed_ex_ante_growth_companies,5.0,0.05,297,242,0.8148148148148148,213,-0.0010776138922336817,-0.0008785106682176738,0.47107438016528924,0.007595591408886685,0.008802187363544009,0.7685389232405518,-0.00019541374615616322,-0.04924426403135313,0.08676458856090338,-0.5675617766202706,-0.7502322006684834,-1.1197793247714012,0.26310457545189075,0.8684477122740546,-0.22768743885362186,-0.1737264074207865,-0.051471437858849334,1.0,1.0,1.0
XGBoost,XGB A - MARKET,Momentum,positive_relative_momentum_60d,5.0,0.05,251,205,0.8167330677290837,189,-0.00023149884898814334,-0.0002952171924790461,0.47804878048780486,0.008597789302216902,0.008318136594951644,0.946679664716888,2.952133718458934e-06,0.0007439376970516514,0.08611589572315731,0.00863879648239669,0.012489851777836044,0.017001825528937854,0.9864389026830745,0.4932194513415373,-0.10240028896702125,-0.010580022814987378,-0.002941035230757061,1.0,1.0,1.0
XGBoost,XGB A - MARKET,Value,fixed_ex_ante_mature_semiconductor_proxy,5.0,0.05,95,78,0.8210526315789474,78,0.0013717594067134116,0.0008270809590276438,0.5128205128205128,0.010680489927024483,0.008426904298877191,1.3341341703991139,0.00011796828414955471,0.029728007605687785,0.05926119064312319,0.5016437787204246,0.824353615689661,0.866938896669785,0.38620503044222954,0.19310251522111477,-0.11142609573033924,0.10595243267810028,0.02827966933030801,1.0,1.0,1.0
XGBoost,XGB B - MARKET + SEC,Dividend,fixed_ex_ante_dividend_payers,5.0,0.05,231,186,0.8051948051948052,177,0.0006339005730984302,-0.00019616997431573437,0.478494623655914,0.009008121584967832,0.007049663035730196,1.1724225229488539,0.0001708990830104255,0.04306656891862723,0.07382897191847572,0.5833288450255367,0.9990625934795079,1.0203402601913938,0.3078394909473542,0.1539197454736771,-0.12570712237750503,0.15633607720188425,0.041043518220172936,1.0,1.0,1.0
XGBoost,XGB B - MARKET + SEC,Growth,fixed_ex_ante_growth_companies,5.0,0.05,297,248,0.835016835016835,219,-0.0009343753410959479,-0.00035039717181398113,0.4838709677419355,0.00768051122281681,0.009010831494764159,0.7990915461658201,-0.00019105909664635378,-0.04814689235488115,0.09194079115950421,-0.5236728088553549,-0.6894939131761404,-1.0830769519756172,0.2790624262197713,0.8604687868901144,-0.24953102662739013,-0.17184269343344516,-0.05087312368432273,1.0,1.0,1.0
XGBoost,XGB B - MARKET + SEC,Momentum,positive_relative_momentum_60d,5.0,0.05,251,206,0.8207171314741036,188,7.751199575553201e-05,-4.2925604251952375e-05,0.49514563106796117,0.008731243087019442,0.00840980118990715,1.0182564810678678,7.628648013857894e-05,0.019224192994921892,0.08787913293528042,0.21875719926685858,0.31932205077245285,0.433159508182763,0.6650019953216332,0.3325009976608166,-0.12316042724993692,0.05688188148233242,0.015437666504226177,1.0,1.0,1.0
XGBoost,XGB B - MARKET + SEC,Value,fixed_ex_ante_mature_semiconductor_proxy,5.0,0.05,95,76,0.8,76,0.0014667315846061985,0.0008270809590276438,0.5131578947368421,0.011293276008493126,0.008890977402734075,1.3388543037622653,0.00012290143377075092,0.03097116131022923,0.06099970431506049,0.5077264170046579,0.8367179107779253,0.8746982993641451,0.3819698953946717,0.19098494769733584,-0.11142609573033913,0.11049677080976039,0.029447948769347088,1.0,1.0,1.0
XGBoost,XGB C - MARKET + SEC + FINBERT,Dividend,fixed_ex_ante_dividend_payers,5.0,0.05,231,195,0.8441558441558441,182,0.000425721796568055,-0.0002090736924000849,0.4717948717948718,0.00856722282402746,0.006846298538638405,1.1177246586608047,8.08357857275946e-05,0.020370618003353838,0.07170353508138949,0.2840950307433447,0.46426293180931694,0.5077234608642721,0.6117708687274344,0.3058854343637172,-0.11480715753451953,0.06622527560004654,0.01791562264040847,1.0,1.0,1.0
XGBoost,XGB C - MARKET + SEC + FINBERT,Growth,fixed_ex_ante_growth_companies,5.0,0.05,297,244,0.8215488215488216,208,-0.00028612848952565034,-4.7743048687375576e-05,0.5,0.008102921370240542,0.00867517834929184,0.9340351338024063,-8.680304861419193e-05,-0.021874368250776367,0.08857588977351791,-0.24695623500602176,-0.3420465770931423,-0.4830675180472728,0.6291645050021318,0.685417747498934,-0.1927750331322089,-0.0886703988815557,-0.025383943999880643,1.0,1.0,1.0
XGBoost,XGB C - MARKET + SEC + FINBERT,Momentum,positive_relative_momentum_60d,5.0,0.05,251,201,0.8007968127490039,183,0.0004943365048697817,-3.3358724140230243e-05,0.4925373134328358,0.008555886009170031,0.007330108602245166,1.1328948524001998,0.0001417877502140361,0.035730513053937096,0.07933539646847675,0.4503729059718548,0.710958398962221,0.8588318346466611,0.3906604628796365,0.19533023143981826,-0.11407892731092562,0.12448862477614164,0.0330234685128723,1.0,1.0,1.0
XGBoost,XGB C - MARKET + SEC + FINBERT,Value,fixed_ex_ante_mature_semiconductor_proxy,5.0,0.05,95,81,0.8526315789473684,81,0.0012466550838009364,0.0006075575053661195,0.5061728395061729,0.01008240282016585,0.0078099863459731,1.3232369984870127,0.00011133303394473636,0.02805592455407356,0.05716902928532438,0.4907539082752221,0.8384229624565489,0.8851946716421033,0.37628651225340837,0.18814325612670418,-0.08232335880069452,0.09980776239083577,0.026694436313110304,1.0,1.0,1.0
CatBoost,CAT A - MARKET,Dividend,fixed_ex_ante_dividend_payers,5.0,0.1,231,115,0.49783549783549785,110,0.0014287015197005843,0.0009678364566729223,0.5565217391304348,0.00909275448637359,0.008188933575732207,1.3934067639399945,0.0001961708986653516,0.0494350664636686,0.0629524276722708,0.7852765698096135,1.3903034731031858,1.53080689068598,0.12616619677136498,0.06308309838568249,-0.06119495648381856,0.1862964266143734,0.04844382539846048,1.0,1.0,1.0
CatBoost,CAT A - MARKET,Growth,fixed_ex_ante_growth_companies,5.0,0.1,297,160,0.5387205387205387,145,-0.00011881605237546752,-0.00021300755344469315,0.49375,0.00923976849192288,0.009246324435086202,0.9746171165947776,-1.9604247580240066e-05,-0.004940270390220497,0.08175752105534066,-0.06042588286007949,-0.08475841218866866,-0.1185823505727981,0.9056325347457729,0.5471837326271136,-0.13252480153633717,-0.029362070282961228,-0.008218576830606339,1.0,1.0,1.0
CatBoost,CAT A - MARKET,Momentum,positive_relative_momentum_60d,5.0,0.1,251,140,0.5577689243027888,131,0.0003185714884335224,0.00024222759787398494,0.5214285714285715,0.008936895782067559,0.009071543040451322,1.0733802136976796,6.632163088047479e-05,0.016713050981879647,0.07573515880664367,0.22067757228249898,0.33033505919334394,0.43771683525104566,0.6616958915759267,0.33084794578796334,-0.09253139230620155,0.05113634241658649,0.013906020339944813,1.0,1.0,1.0
CatBoost,CAT A - MARKET,Value,fixed_ex_ante_mature_semiconductor_proxy,5.0,0.1,95,55,0.5789473684210527,55,0.0021075825990163363,0.0009678364566729223,0.5272727272727272,0.010932017758667796,0.007735056617517984,1.5763820520090865,0.00012780269343538975,0.032206278745718214,0.04873167199634899,0.6608900829040124,1.2506424452638238,1.2639243739133612,0.20658226548339578,0.10329113274169789,-0.048957902193385694,0.11815251564624596,0.0314083295288905,1.0,1.0,1.0
CatBoost,CAT B - MARKET + SEC,Dividend,fixed_ex_ante_dividend_payers,5.0,0.1,231,138,0.5974025974025974,135,0.0006049035591236791,0.0003714112023784641,0.5072463768115942,0.00910355255611623,0.0081437057024863,1.1507419894880613,8.619098905305895e-05,0.021720129241370855,0.07329793650809034,0.2963266126731067,0.4653167499986392,0.5298579603580332,0.5963402337088599,0.29817011685442996,-0.11347184794472998,0.07095609364525157,0.019164296490603583,1.0,1.0,1.0
CatBoost,CAT B - MARKET + SEC,Growth,fixed_ex_ante_growth_companies,5.0,0.1,297,187,0.6296296296296297,163,-0.0006021087906167735,-0.0001307979144103402,0.49732620320855614,0.007621576086151845,0.008738307658058065,0.8629240105247561,-0.00010650605839746381,-0.02683952671616088,0.07682638996786151,-0.3493529596716514,-0.45283933034785206,-0.6674520531085519,0.5046533923863165,0.7476733038068417,-0.18652208422387495,-0.1017302968058097,-0.029271764701063407,1.0,1.0,1.0
CatBoost,CAT B - MARKET + SEC,Momentum,positive_relative_momentum_60d,5.0,0.1,251,169,0.6733067729083665,152,-0.00019324574671586485,-0.0001307979144103402,0.4970414201183432,0.008408403390433068,0.008693699011663046,0.9558050015829677,3.1635869279496595e-05,0.007972239058433143,0.07630359769235966,0.10448051336420025,0.1495590556989068,0.20692520030286266,0.8361147712664345,0.41805738563321726,-0.13322085187055155,0.018391821856827306,0.005059447046927845,1.0,1.0,1.0
CatBoost,CAT B - MARKET + SEC,Value,fixed_ex_ante_mature_semiconductor_proxy,5.0,0.1,95,66,0.6947368421052632,66,-0.00014945620720253273,-0.00019616997431573437,0.48484848484848486,0.01065044009933284,0.010314064495706413,0.9718713342421226,-1.0875534371959376e-05,-0.002740634661733763,0.058571072247514296,-0.046791608153461346,-0.06853341722484729,-0.08889632766114934,0.9291839482705059,0.5354080258647471,-0.10562212827487671,-0.015892689479959365,-0.0044264339521382645,1.0,1.0,1.0
CatBoost,CAT C - MARKET + SEC + FINBERT,Dividend,fixed_ex_ante_dividend_payers,5.0,0.1,231,139,0.6017316017316018,131,0.0027386053000639436,0.0014021075996967234,0.5899280575539568,0.009373456182659536,0.006806267899459538,1.9812063489485678,0.0004263483666599302,0.1074397883983024,0.06669034143524727,1.611024716414455,3.4316325552955704,2.9496856147112194,0.003262797665359858,0.001631398832679929,-0.04242193946481232,0.46038409717901807,0.11056324304428555,0.27407500389022804,0.13703750194511402,1.0
CatBoost,CAT C - MARKET + SEC + FINBERT,Growth,fixed_ex_ante_growth_companies,5.0,0.1,297,193,0.6498316498316499,172,-0.00014334897634020108,-0.00031879151934810415,0.49222797927461137,0.00863510166250525,0.008653071534404668,0.9673746232666239,-4.6665799861504655e-05,-0.011759781565099173,0.07907172021621409,-0.14872297621631567,-0.2022975052426612,-0.2981490631926393,0.7656577565769238,0.6171711217115381,-0.15750087198585105,-0.052183559629713216,-0.014731478104536455,1.0,1.0,1.0
CatBoost,CAT C - MARKET + SEC + FINBERT,Momentum,positive_relative_momentum_60d,5.0,0.1,251,153,0.6095617529880478,142,0.0011486424134423917,0.0006863254613823653,0.5359477124183006,0.008800366050389393,0.007688559533454147,1.3219385243604302,0.00018434662495242266,0.04645534948801051,0.07239571549483245,0.6416864474711416,0.9875664936755505,1.2882724030904162,0.197980060118747,0.0989900300593735,-0.06604976824301778,0.17091264127053218,0.0446610790056976,1.0,1.0,1.0
CatBoost,CAT C - MARKET + SEC + FINBERT,Value,fixed_ex_ante_mature_semiconductor_proxy,5.0,0.1,95,59,0.6210526315789474,59,0.0024084775020858148,0.0009678364566729223,0.5423728813559322,0.010557667741892752,0.007249822041389074,1.7259446268285714,0.0001566705321092206,0.03948097409152359,0.04992416303369844,0.7908189480287178,1.498965425907944,1.5384562506118202,0.12428625508472999,0.06214312754236499,-0.06272523999549229,0.14756897291746163,0.0388518215782403,1.0,1.0,1.0
LSTM,LSTM A - MARKET SEQUENCE,Dividend,fixed_ex_ante_dividend_payers,5.0,0.1,231,36,0.15584415584415584,36,0.0009629782826730286,-0.0006758707269189082,0.4722222222222222,0.012727359301111818,0.009563046839087994,1.190795931571726,3.822185024942562e-05,0.009631906262855256,0.04480742734029947,0.21496226930646364,0.3428325464735445,0.36682710532314217,0.7138336432686732,0.3569168216343366,-0.07414714095939945,0.031563119838407205,0.008642311318998397,1.0,1.0,1.0
LSTM,LSTM A - MARKET SEQUENCE,Growth,fixed_ex_ante_growth_companies,5.0,0.1,297,62,0.20875420875420875,57,-0.0005414281368085598,-0.001032038159613973,0.4838709677419355,0.010811235856917532,0.01118455063092677,0.9062083896186305,-8.842383294035195e-07,-0.0002228280590096869,0.0638109283739181,-0.003492004656380537,-0.00501893680417703,-0.006498694049579726,0.9948162594793981,0.5025918702603009,-0.12236628184487885,-0.008087572972679924,-0.0022461439275049955,1.0,1.0,1.0
LSTM,LSTM A - MARKET SEQUENCE,Momentum,positive_relative_momentum_60d,5.0,0.1,251,38,0.15139442231075698,37,0.0005816499632301066,3.053393698415705e-05,0.5263157894736842,0.011738294492972307,0.011814621736483448,1.103932883129099,2.6341284303907277e-05,0.006638003644584634,0.05238555667318508,0.12671438591359802,0.1986611589749756,0.245641186657262,0.8060156365442613,0.40300781827213067,-0.07667381634495463,0.01917043028893528,0.005272173436235317,1.0,1.0,1.0
LSTM,LSTM A - MARKET SEQUENCE,Value,fixed_ex_ante_mature_semiconductor_proxy,5.0,0.1,95,20,0.21052631578947367,20,0.0004191363656776359,0.0017143334241127026,0.55,0.011931435766636411,0.013651451791049755,1.0682282119298814,9.242257236552062e-06,0.0023290488236111196,0.03605575928563664,0.06459575029775984,0.09182859764867142,0.12206130310773702,0.9028775363462527,0.45143876817312634,-0.054328944955125635,0.006064316659267988,0.0016756270763764736,1.0,1.0,1.0
LSTM,LSTM B - MARKET SEQUENCE + SEC,Dividend,fixed_ex_ante_dividend_payers,5.0,0.1,231,41,0.1774891774891775,39,0.0037863246527911443,0.0010092323305329618,0.5365853658536586,0.014089382711347954,0.008143532046590424,2.003310356426286,0.00017519987511711418,0.044150368529512776,0.04953445839654537,0.8913061726862832,1.8508282827646478,1.5788383739263576,0.11472218889478786,0.05736109444739393,-0.045914495698036295,0.16710797410607814,0.043720004804127965,1.0,1.0,1.0
LSTM,LSTM B - MARKET SEQUENCE + SEC,Growth,fixed_ex_ante_growth_companies,5.0,0.1,297,73,0.24579124579124578,65,0.0011205208903636384,0.002228275854260443,0.5753424657534246,0.010724981745749033,0.011891974462093995,1.2218845975528505,8.265799342379611e-05,0.02082981434279662,0.06273345983163381,0.3320367535713858,0.4744704110414877,0.6399606360206147,0.5223599871384224,0.2611799935692112,-0.05382224390652912,0.07023249974545709,0.01897356650448545,1.0,1.0,1.0
LSTM,LSTM B - MARKET SEQUENCE + SEC,Momentum,positive_relative_momentum_60d,5.0,0.1,251,38,0.15139442231075698,38,0.0011657890608912007,0.00013073105206279443,0.5263157894736842,0.01085083681085304,0.009595375105733066,1.2564892161629753,4.8842320081439493e-05,0.012308264660522752,0.04580265311558199,0.2687238363564468,0.41686241973819443,0.5444652576812116,0.5862553255518305,0.29312766277591523,-0.06498459709226179,0.041368983881665544,0.011288285839538448,1.0,1.0,1.0
LSTM,LSTM B - MARKET SEQUENCE + SEC,Value,fixed_ex_ante_mature_semiconductor_proxy,5.0,0.1,95,22,0.23157894736842105,22,0.004102253370763912,0.0034421307010589217,0.5454545454545454,0.015593970121756428,0.009687806730427106,1.931579011308654,9.950338936803315e-05,0.025074854120744353,0.039570908138992146,0.6336689072858614,1.1955750143009334,1.2452081685202636,0.2133772007374637,0.10668860036873185,-0.03613376799735146,0.09139218945719696,0.02451291909901987,1.0,1.0,1.0
LSTM,LSTM C - MARKET SEQUENCE + SEC + FINBERT,Dividend,fixed_ex_ante_dividend_payers,5.0,0.1,231,45,0.19480519480519481,44,0.0025341678169601236,0.0009042995456412526,0.5333333333333333,0.013040772741406888,0.009473380668121893,1.5732229916660012,0.00013745857507449006,0.034639560918771496,0.05081687454578819,0.6816546910526692,1.2732113432465801,1.219955408667928,0.22279923988528555,0.11139961994264277,-0.04485795607601928,0.12757061277586268,0.033806720687497016,1.0,1.0,1.0
LSTM,LSTM C - MARKET SEQUENCE + SEC + FINBERT,Growth,fixed_ex_ante_growth_companies,5.0,0.1,297,72,0.24242424242424243,63,0.0026167169254525738,0.0027605754486709497,0.5833333333333334,0.012319340123050974,0.010966955551185183,1.5726402912618256,0.00020223879461096257,0.05096417624196257,0.06647410056217076,0.7666771842109795,1.278919960636896,1.4264777610550683,0.1540749758043109,0.07703748790215545,-0.05097586640254759,0.19185370225796028,0.04980159197385525,1.0,1.0,1.0
LSTM,LSTM C - MARKET SEQUENCE + SEC + FINBERT,Momentum,positive_relative_momentum_60d,5.0,0.1,251,42,0.16733067729083664,42,0.0027424688554861915,0.0005690653315775238,0.5714285714285714,0.013213779400366376,0.011219278537687387,1.5703659085242287,0.00012699414766308715,0.03200252521109796,0.05714478812274741,0.5600252667374724,0.9890238580420787,1.022386336712962,0.30687099408119806,0.15343549704059903,-0.07172009924220268,0.1155633249688488,0.03074641338940909,1.0,1.0,1.0
LSTM,LSTM C - MARKET SEQUENCE + SEC + FINBERT,Value,fixed_ex_ante_mature_semiconductor_proxy,5.0,0.1,95,23,0.24210526315789474,23,0.0013023307115966984,-0.0002090736924000849,0.4782608695652174,0.013895530448784494,0.01024143571415878,1.243728900279359,3.3024924329353984e-05,0.008322280930997204,0.03843977798358167,0.21650179495188043,0.3555831330594803,0.441371975154393,0.6590490404605245,0.32952452023026224,-0.045370910305522205,0.02768968590240628,0.007592107935566972,1.0,1.0,1.0
Logistic,MODEL A - MARKET,Dividend,fixed_ex_ante_dividend_payers,5.0,0.1,231,100,0.4329004329004329,95,0.0002347028308660132,-0.0006813725883573476,0.46,0.010370927450635316,0.008399858882270801,1.051743115933943,7.567474719863446e-05,0.019070036294055886,0.06432231045746954,0.29647623287203206,0.46654872389068697,0.5688949207046988,0.5695684454331749,0.28478422271658743,-0.1262661478462972,0.06313471583772667,0.01709772109638874,1.0,1.0,1.0
Logistic,MODEL A - MARKET,Growth,fixed_ex_ante_growth_companies,5.0,0.1,297,121,0.4074074074074074,110,-0.00034650523740840613,-0.0006052375576555682,0.47107438016528924,0.009719813953600318,0.009311820766900552,0.9296473288227471,-3.346677741230477e-05,-0.008433627907900802,0.07473600591476263,-0.11284557964630146,-0.1568188685333471,-0.22515284345740288,0.8219111463044207,0.5890444268477897,-0.10141311499369277,-0.03960888974139165,-0.011129010724379884,1.0,1.0,1.0
Logistic,MODEL A - MARKET,Momentum,positive_relative_momentum_60d,5.0,0.1,251,111,0.44223107569721115,106,-0.00047795723082100927,-0.0011758051903979485,0.44144144144144143,0.01070028662850267,0.009312375764802627,0.9081117810821479,-2.7265878571276373e-05,-0.006871001399961646,0.07484490035856718,-0.09180320057938526,-0.13684815029107802,-0.1756441431683121,0.8606127685003828,0.5696936157498086,-0.15080902377232397,-0.03416753824956509,-0.00958070729571514,1.0,1.0,1.0
Logistic,MODEL A - MARKET,Value,fixed_ex_ante_mature_semiconductor_proxy,5.0,0.1,95,54,0.5684210526315789,54,0.0016777924684474351,0.001444321670311833,0.5370370370370371,0.012052428411996946,0.010356785226069998,1.3499185946932726,9.989062105420231e-05,0.025172436505658983,0.05622109251270667,0.4477400808241088,0.7104388769106091,0.7775606131290252,0.4370310747450372,0.2185155373725186,-0.12517204517700464,0.08864622574345393,0.02379846839577282,1.0,1.0,1.0
Logistic,MODEL B - MARKET + SEC,Dividend,fixed_ex_ante_dividend_payers,5.0,0.1,231,134,0.5800865800865801,129,0.0004431174448703598,-0.00018045753215722906,0.47761194029850745,0.010071063321501338,0.00835957592804939,1.1014708642839075,9.169953195015174e-05,0.023108282051438236,0.07329304424335366,0.3152861542319378,0.5008023885678914,0.587678131149616,0.5568947956446738,0.2784473978223369,-0.1331879634811638,0.07632627231316369,0.020576902047728662,1.0,1.0,1.0
Logistic,MODEL B - MARKET + SEC,Growth,fixed_ex_ante_growth_companies,5.0,0.1,297,160,0.5387205387205387,142,0.0004900169040965177,3.053393698415705e-05,0.50625,0.009589140004386229,0.008839463743035972,1.1122736998856815,7.298633371780928e-05,0.01839255609688794,0.07987503950615207,0.23026662910722348,0.32253718225619304,0.4375557715002828,0.6618126228661558,0.3309063114330779,-0.09208547497042341,0.05621680636021775,0.015260679336316363,1.0,1.0,1.0
Logistic,MODEL B - MARKET + SEC,Momentum,positive_relative_momentum_60d,5.0,0.1,251,146,0.5816733067729084,137,3.658497301656096e-05,-0.0001269574991984426,0.4863013698630137,0.009480347790278712,0.00890351049399161,1.0079989513709564,2.0875691340177677e-05,0.005260674217724775,0.0777298652212671,0.06767893142165696,0.09547114590254158,0.13547332782755514,0.8922677436166994,0.4461338718083497,-0.14509499054035613,0.008097657637382571,0.0022358229591232792,1.0,1.0,1.0
Logistic,MODEL B - MARKET + SEC,Value,fixed_ex_ante_mature_semiconductor_proxy,5.0,0.1,95,70,0.7368421052631579,70,0.00010580708331522994,-0.00018045753215722906,0.4714285714285714,0.01111323262115689,0.009711626504489495,1.020611950319164,8.165927047481929e-06,0.002057813615965446,0.0602628627653423,0.034147292736131235,0.050672203854370414,0.06261457113208782,0.9500872367829961,0.47504361839149806,-0.14444574799219323,0.0008928435179254013,0.0002471613948655804,1.0,1.0,1.0
Logistic,MODEL C - MARKET + SEC + FINBERT,Dividend,fixed_ex_ante_dividend_payers,5.0,0.1,231,137,0.5930735930735931,131,0.00022506976201147296,-0.00014967899081130744,0.48905109489051096,0.009353550896677176,0.008512190752597128,1.051748567423163,7.195774100450731e-05,0.018133350733135843,0.07205680777360494,0.2516535396642738,0.3932755067706411,0.48345757831684455,0.6288876901714743,0.31444384508573714,-0.1331879634811638,0.05756267666804127,0.015618753641982952,1.0,1.0,1.0
Logistic,MODEL C - MARKET + SEC + FINBERT,Growth,fixed_ex_ante_growth_companies,5.0,0.1,297,163,0.5488215488215489,144,0.0007044532731695627,0.0012449799167520434,0.5337423312883436,0.009335561680111121,0.009175894508460906,1.1646560874381526,9.176283676917459e-05,0.023124234865831997,0.08080698493627005,0.28616628728406784,0.3990403741548557,0.5466547580027763,0.5847505432014072,0.2923752716007036,-0.08813595621308734,0.0740627074332012,0.019982102464134233,1.0,1.0,1.0
Logistic,MODEL C - MARKET + SEC + FINBERT,Momentum,positive_relative_momentum_60d,5.0,0.1,251,147,0.5856573705179283,138,-0.0002433245867964154,-8.397932441395108e-05,0.4965986394557823,0.00876031913674685,0.009125297449210718,0.9470306577740328,-1.0678188662110863e-05,-0.0026909035428519376,0.0769858679619885,-0.03495321432474544,-0.04823949081821201,-0.07057974059789321,0.9437478105728537,0.5281260947135731,-0.14509499054035613,-0.020151629468670995,-0.005621408156445629,1.0,1.0,1.0
Logistic,MODEL C - MARKET + SEC + FINBERT,Value,fixed_ex_ante_mature_semiconductor_proxy,5.0,0.1,95,70,0.7368421052631579,70,-0.00011906760060853402,0.00022893925727740603,0.5,0.009921053856306337,0.010159189057523405,0.9765596249987378,-9.189340730537336e-06,-0.0023157138640954086,0.05874039529612532,-0.039422851215442194,-0.05707580521073239,-0.07506567826215814,0.9401790265702543,0.5299104867148728,-0.14444574799219312,-0.014423581710019784,-0.004015098897349634,1.0,1.0,1.0
TabNet,TABNET A - MARKET,Dividend,fixed_ex_ante_dividend_payers,5.0,0.1,231,36,0.15584415584415584,36,-0.003825402074280578,-0.0031842655999197436,0.3888888888888889,0.008785910128804546,0.01185078256715293,0.47178603494312304,-0.00015183514297034266,-0.03826245602852635,0.04477635132144884,-0.854523758620721,-1.0518780941979613,-1.49844720549421,0.13436542724371517,0.9328172863781424,-0.13737657213611265,-0.13180817216813168,-0.038383722837287526,1.0,1.0,1.0
TabNet,TABNET A - MARKET,Growth,fixed_ex_ante_growth_companies,5.0,0.1,297,63,0.21212121212121213,60,-0.00022550577038904133,0.0009561153714322543,0.6031746031746031,0.007040014834997377,0.011269097090576396,0.9495723094039543,-5.781329987784799e-08,-1.4568951569217692e-05,0.05481738008967435,-0.0002657724894072778,-0.00035887358727531877,-0.0005430814663104649,0.9995668032560913,0.5002165983719544,-0.09239215861822092,-0.0054606916763498825,-0.0015151385560504549,1.0,1.0,1.0
TabNet,TABNET A - MARKET,Momentum,positive_relative_momentum_60d,5.0,0.1,251,59,0.2350597609561753,53,-0.002241760389870541,-0.0003875778827696621,0.4915254237288136,0.00740684473277036,0.011568745341756746,0.6189046172968505,-9.83095503995893e-05,-0.024774006700696505,0.052428420530039696,-0.4725300981840917,-0.5846206328681389,-0.8771667156824412,0.3806286217459138,0.8096856891270431,-0.14682978360194665,-0.08985264344516664,-0.025734223431659764,1.0,1.0,1.0
TabNet,TABNET A - MARKET,Value,fixed_ex_ante_mature_semiconductor_proxy,5.0,0.1,95,23,0.24210526315789474,23,-0.0067051107125555166,-0.005620483613542836,0.30434782608695654,0.00844531648079118,0.013333422609644697,0.27711009157344935,-0.00017003037088068014,-0.042847653461931395,0.036959795840833476,-1.1593043870278357,-1.269695640869542,-1.9691947324629269,0.04923511132025318,0.9753824443398734,-0.14915875225827446,-0.14505081858464908,-0.04246800575419396,1.0,1.0,1.0
TabNet,TABNET B - MARKET + SEC,Dividend,fixed_ex_ante_dividend_payers,5.0,0.1,231,43,0.18614718614718614,43,0.002242077120072466,0.0011240791360923605,0.5813953488372093,0.008082149666649994,0.0058691347501741,1.9125830890173774,0.00010629472564841901,0.02678627086340159,0.032447318400464296,0.8255311127041641,1.5862617986226046,1.5761281404056566,0.1153453659602105,0.05767268298010525,-0.027515809382489653,0.09913402185362274,0.026520232062942517,1.0,1.0,1.0
TabNet,TABNET B - MARKET + SEC,Growth,fixed_ex_ante_growth_companies,5.0,0.1,297,63,0.21212121212121213,59,-0.003200083415745548,-0.004242703051173412,0.31746031746031744,0.010458243385223115,0.009552793555730972,0.5092017555453988,-0.00024477045621052514,-0.06168215496505233,0.05077526330601457,-1.2148071905270807,-1.4511281001319587,-2.45174231379604,0.014404473504724336,0.9927977632476378,-0.2028415541590487,-0.2028415541590487,-0.06084710127317505,1.0,1.0,1.0
TabNet,TABNET B - MARKET + SEC,Momentum,positive_relative_momentum_60d,5.0,0.1,251,62,0.24701195219123506,60,-0.0007412234714996004,-0.0012766353269451905,0.45161290322580644,0.008383752526673671,0.008255909587642295,0.8362817825678419,-5.918163486590377e-05,-0.01491377198620775,0.04642015230923279,-0.3212779632186054,-0.4078509743793892,-0.6692606423153747,0.5034997338735412,0.7482501330632294,-0.10311062850765906,-0.055953457923398564,-0.015818231329297494,1.0,1.0,1.0
TabNet,TABNET B - MARKET + SEC,Value,fixed_ex_ante_mature_semiconductor_proxy,5.0,0.1,95,14,0.14736842105263157,14,0.007317579636795516,0.007339492241012713,0.7857142857142857,0.010143609973571156,0.003044531598048497,12.216406817259266,0.00011295051258559782,0.02846352917157065,0.02191732770241892,1.2986769900980795,9.784036669534295,2.4022631060214215,0.016494341307000858,0.008247170653500429,-0.0037303494156952777,0.10692617293237605,0.028530294772691978,1.0,0.6845151642405356,1.0
TabNet,TABNET C - MARKET + SEC + FINBERT,Dividend,fixed_ex_ante_dividend_payers,5.0,0.1,231,62,0.2683982683982684,61,-5.587828913656708e-05,-0.0003929993270496415,0.5,0.00884313003730511,0.008954886615578243,0.9875200454153469,3.6379143728833306e-07,9.167544219665994e-05,0.04749429273883007,0.0019302412334210536,0.00285383334591978,0.003562921709188851,0.9971579901252375,0.49857899506261877,-0.10681270303100054,-0.0037089213660050913,-0.0010284336236341396,1.0,1.0,1.0
TabNet,TABNET C - MARKET + SEC + FINBERT,Growth,fixed_ex_ante_growth_companies,5.0,0.1,297,101,0.3400673400673401,96,-0.001731709123164966,-0.001968973249050875,0.40594059405940597,0.010251916417587475,0.009920519909345801,0.7061601894559117,-0.00018654785345187584,-0.04701005906987271,0.06891151765207383,-0.6821799993902469,-0.8944789820495996,-1.2713229932445755,0.20394004875696697,0.8980299756215165,-0.22152671713432726,-0.162872933249112,-0.04803752830071173,1.0,1.0,1.0
TabNet,TABNET C - MARKET + SEC + FINBERT,Momentum,positive_relative_momentum_60d,5.0,0.1,251,88,0.350597609561753,86,-0.0013507806779855538,-0.0013941136538141432,0.45454545454545453,0.00899823884616957,0.009974963614781491,0.7517353106628085,-0.00011969944646503688,-0.030164260509189293,0.06194507002553212,-0.48695175413889086,-0.6496275896690363,-0.9510104908194897,0.34185267529620383,0.829073662351898,-0.12547613525889112,-0.10906491630840875,-0.03147317070749489,1.0,1.0,1.0
TabNet,TABNET C - MARKET + SEC + FINBERT,Value,fixed_ex_ante_mature_semiconductor_proxy,5.0,0.1,95,30,0.3157894736842105,30,0.000501403466691112,0.0017094735499260392,0.5666666666666667,0.010853578114220648,0.013036055687770588,1.088760354423679,1.6584458655714847e-05,0.004179283581240142,0.041755074216820925,0.10009043594410683,0.1503319518925161,0.18134008840412247,0.8561412013550033,0.42807060067750163,-0.09116289677589495,0.011988073550337264,0.003305379493698579,1.0,1.0,1.0
Transformer,TRANSFORMER A - MARKET SEQUENCE,Dividend,fixed_ex_ante_dividend_payers,5.0,0.1,231,5,0.021645021645021644,5,-0.0007802114964936985,-0.0001518413719143732,0.4,0.007228387697069544,0.006119277625535861,0.7874990196996833,-4.301055658730423e-06,-0.0010838660260000666,0.01068587502922477,-0.10142978680134332,-0.12437580972129923,-0.19255416799145056,0.8473512939460938,0.5763243530269531,-0.016586410142323538,-0.004098925007861465,-0.0011367371136008497,1.0,1.0,1.0
Transformer,TRANSFORMER A - MARKET SEQUENCE,Growth,fixed_ex_ante_growth_companies,5.0,0.1,297,7,0.02356902356902357,7,-0.005323252526609383,-0.003352226923013512,0.2857142857142857,0.0026615284725782793,0.008517164926284449,0.12499598143812635,-4.108353658904706e-05,-0.01035305122043986,0.011600461311681123,-0.8924689236293406,-0.9184193595916423,-1.7074743654518632,0.0880765202603612,0.9559617398698194,-0.03681252112755884,-0.03681252112755884,-0.010332531058942385,1.0,1.0,1.0
Transformer,TRANSFORMER A - MARKET SEQUENCE,Momentum,positive_relative_momentum_60d,5.0,0.1,251,7,0.027888446215139442,7,-0.004267780186935514,-0.001768926907845413,0.2857142857142857,0.0016085025606405465,0.0066182932859659375,0.09721555036259087,-3.2937664066756994e-05,-0.008300291344822762,0.010850191061108688,-0.7649903396239943,-0.7738244943536305,-1.3267070071817024,0.1849399124318981,0.907530043784051,-0.029640423877348776,-0.029640423877348776,-0.008297344139341689,1.0,1.0,1.0
Transformer,TRANSFORMER A - MARKET SEQUENCE,Value,fixed_ex_ante_mature_semiconductor_proxy,5.0,0.1,95,2,0.021052631578947368,2,0.005560682894150071,0.005560682894150071,0.5,0.011273207160214516,0.0001518413719143732,74.24331733891164,1.2261704286990234e-05,0.003089949480321539,0.005942784216258381,0.5199498026308943,38.606873538569445,0.9896384641083928,0.32261508438165915,0.16130754219082957,-0.00015184137191426306,0.011119654049059013,0.003066890945898404,1.0,1.0,1.0
Transformer,TRANSFORMER B - MARKET SEQUENCE + SEC,Dividend,fixed_ex_ante_dividend_payers,5.0,0.1,231,53,0.22943722943722944,49,0.0005737963997705834,-0.0011426677614377314,0.4528301886792453,0.009734014321233699,0.007007073604198891,1.1496576809410453,6.60140374620618e-05,0.016635537440439573,0.03894239829365174,0.4271831774457365,0.7826354596943879,0.8018839124114074,0.4228303817790586,0.2114151908895293,-0.04807627011326687,0.05883176490087405,0.015956098046011835,1.0,1.0,1.0
Transformer,TRANSFORMER B - MARKET SEQUENCE + SEC,Growth,fixed_ex_ante_growth_companies,5.0,0.1,297,67,0.2255892255892256,58,-0.000805360271449723,0.0003923109834141911,0.5223880597014925,0.007886481286301905,0.010312061975240566,0.8364805145278891,-8.044529458130871e-05,-0.020272214234489796,0.048131720027363496,-0.42118200269935885,-0.532940282905805,-0.7746173230954718,0.4387679215815275,0.7806160392092363,-0.08411609105555029,-0.07425321860070111,-0.02113857753053694,1.0,1.0,1.0
Transformer,TRANSFORMER B - MARKET SEQUENCE + SEC,Momentum,positive_relative_momentum_60d,5.0,0.1,251,56,0.22310756972111553,48,-0.0011984673395757115,-0.0024307707550564597,0.44642857142857145,0.008933426217708772,0.009369349240611587,0.7689302423263003,-4.2414458070663314e-05,-0.010688443433807156,0.04554011564451411,-0.23470391505461002,-0.33891765233728255,-0.3966526993445515,0.6917169940259095,0.6541415029870452,-0.10502915152554548,-0.04131387185215296,-0.011615457922076522,1.0,1.0,1.0
Transformer,TRANSFORMER B - MARKET SEQUENCE + SEC,Value,fixed_ex_ante_mature_semiconductor_proxy,5.0,0.1,95,24,0.25263157894736843,24,0.004210205722585725,0.001554584835308793,0.625,0.011452846105617547,0.007860861582467312,2.428242329730055,0.00011140566410370163,0.02807422735413281,0.03384085510698722,0.8295956844286789,1.967509212959048,1.4908688068280915,0.13634400802885283,0.06817200401442641,-0.027330804153111954,0.10406964908935956,0.027794617532023835,1.0,1.0,1.0
Transformer,TRANSFORMER C - MARKET SEQUENCE + SEC + FINBERT,Dividend,fixed_ex_ante_dividend_payers,5.0,0.1,231,22,0.09523809523809523,21,0.00166662008862161,0.00011220443355058982,0.5,0.010937356922565044,0.0076041167453218235,1.4383467914658048,4.957800560265002e-05,0.012493657411867806,0.029027857259955013,0.4304023304228956,0.9481468144067161,0.8660359748654394,0.3866997097553286,0.1933498548776643,-0.032486402997285335,0.04442804947670309,0.012110043663781545,1.0,1.0,1.0
Transformer,TRANSFORMER C - MARKET SEQUENCE + SEC + FINBERT,Growth,fixed_ex_ante_growth_companies,5.0,0.1,297,39,0.13131313131313133,34,0.0002052059453338201,-0.0015821199973792268,0.4358974358974359,0.012610925241805841,0.009381031692849106,1.0387776299803293,-3.351606879494636e-05,-0.008446049336326483,0.040259567386473676,-0.20978986821314352,-0.2808202262790003,-0.44498785647859823,0.6564348200352188,0.6717825899823906,-0.09287907660634143,-0.03277316248975293,-0.009184961790523083,1.0,1.0,1.0
Transformer,TRANSFORMER C - MARKET SEQUENCE + SEC + FINBERT,Momentum,positive_relative_momentum_60d,5.0,0.1,251,17,0.06772908366533864,17,0.0005149228334504453,-0.003352226923013512,0.47058823529411764,0.013064354437099919,0.010640127480904642,1.091411688486371,9.651254871728304e-06,0.0024321162276755327,0.03376488906955436,0.0720309260505926,0.11124087359586272,0.1411596884693712,0.8877751703933516,0.4438875851966758,-0.04139125626981277,0.006731661242971754,0.0018595741169176172,1.0,1.0,1.0
Transformer,TRANSFORMER C - MARKET SEQUENCE + SEC + FINBERT,Value,fixed_ex_ante_mature_semiconductor_proxy,5.0,0.1,95,11,0.11578947368421053,11,0.004375116833083185,0.0010092323305329618,0.5454545454545454,0.015445830489859294,0.008909739555048146,2.080307339323904,5.306095387421724e-05,0.013371360376302745,0.0275783582150459,0.4848497605273597,0.9804975235449995,0.9413390491962624,0.34678205682579744,0.17339102841289872,-0.032522328231783915,0.047882973584544075,0.013036050986835912,1.0,1.0,1.0
Tree,TREE A - MARKET,Dividend,fixed_ex_ante_dividend_payers,5.0,0.1,231,118,0.5108225108225108,111,0.00025661593214082944,-6.403347962685626e-05,0.5,0.007781080028892031,0.007267848164610373,1.0706167565223443,3.9994063528714194e-05,0.010078504009235977,0.05242727838742077,0.19223778764098845,0.29434585181927814,0.3748756585155975,0.707840675887086,0.353920337943543,-0.0707530035972822,0.03183976937631461,0.00871721008261539,1.0,1.0,1.0
Tree,TREE A - MARKET,Growth,fixed_ex_ante_growth_companies,5.0,0.1,297,158,0.531986531986532,139,-0.0011097454980672364,-0.0008095225899337191,0.46835443037974683,0.007802022544538458,0.008960588773696062,0.767048964129647,-0.00015298971827200703,-0.03855340900454577,0.07194273128692838,-0.5358902604181602,-0.6770438023052981,-1.0032434138016044,0.31601129752487345,0.8419943512375633,-0.16730695612375457,-0.13768930155499437,-0.04019197398305263,1.0,1.0,1.0
Tree,TREE A - MARKET,Momentum,positive_relative_momentum_60d,5.0,0.1,251,147,0.5856573705179283,131,-6.45672236699142e-05,-0.00036410665256408816,0.48299319727891155,0.008463231563312941,0.008031326616772319,0.9844500653956065,5.069331282072895e-05,0.012774714830823696,0.06789129693248538,0.18816424796726938,0.2730405031403622,0.33592194896404265,0.7370075027034309,0.3685037513517154,-0.08903109357141958,0.0384059743886902,0.010490665776766273,1.0,1.0,1.0
Tree,TREE A - MARKET,Value,fixed_ex_ante_mature_semiconductor_proxy,5.0,0.1,95,48,0.5052631578947369,48,-0.00010333622338617424,-0.0009489569752623985,0.4791666666666667,0.009158392579141042,0.008624126721711214,0.9769941287618178,-5.468730675343286e-06,-0.001378120130186508,0.04114875564479177,-0.03349117387856995,-0.049687516458414516,-0.06547545530165341,0.9478098925462642,0.5260950537268678,-0.056318639917617874,-0.007965360279131195,-0.002212103697665335,1.0,1.0,1.0
Tree,TREE B - MARKET + SEC,Dividend,fixed_ex_ante_dividend_payers,5.0,0.1,231,118,0.5108225108225108,111,0.00025661593214082944,-6.403347962685626e-05,0.5,0.007781080028892031,0.007267848164610373,1.0706167565223443,3.9994063528714194e-05,0.010078504009235977,0.05242727838742077,0.19223778764098845,0.29434585181927814,0.3748756585155975,0.707840675887086,0.353920337943543,-0.0707530035972822,0.03183976937631461,0.00871721008261539,1.0,1.0,1.0
Tree,TREE B - MARKET + SEC,Growth,fixed_ex_ante_growth_companies,5.0,0.1,297,159,0.5353535353535354,140,-0.0011175355355143373,-0.0009636694678760152,0.46540880503144655,0.007802022544538458,0.008882797864030888,0.7646632449308471,-0.0001555788709204704,-0.039205875471958536,0.07195199059405764,-0.5448893789909471,-0.688339279036439,-1.0174037832400247,0.3092329897876517,0.8453835051061742,-0.16926242036947214,-0.13971431875900453,-0.04081666292884445,1.0,1.0,1.0
Tree,TREE B - MARKET + SEC,Momentum,positive_relative_momentum_60d,5.0,0.1,251,148,0.5896414342629482,132,-7.999826575428147e-05,-0.00037305473842197314,0.4797297297297297,0.008463231563312941,0.007957521874374708,0.9806770370426522,4.8104160172265586e-05,0.012122248363410928,0.06790306805044992,0.17852283720677342,0.25900437333199994,0.31844968237994076,0.7502172502705651,0.37510862513528254,-0.08903109357141958,0.03596742182674717,0.009832990146196652,1.0,1.0,1.0
Tree,TREE B - MARKET + SEC,Value,fixed_ex_ante_mature_semiconductor_proxy,5.0,0.1,95,48,0.5052631578947369,48,-0.00010333622338617424,-0.0009489569752623985,0.4791666666666667,0.009158392579141042,0.008624126721711214,0.9769941287618178,-5.468730675343286e-06,-0.001378120130186508,0.04114875564479177,-0.03349117387856995,-0.049687516458414516,-0.06547545530165341,0.9478098925462642,0.5260950537268678,-0.056318639917617874,-0.007965360279131195,-0.002212103697665335,1.0,1.0,1.0
Tree,TREE C - MARKET + SEC + FINBERT,Dividend,fixed_ex_ante_dividend_payers,5.0,0.1,231,115,0.49783549783549785,108,-0.00025440899042314353,-0.0007368716788496701,0.46956521739130436,0.008007286872733905,0.007568041393873646,0.936625147568076,-7.282756596322896e-06,-0.0018352546622733697,0.054576779637268744,-0.033627023698923654,-0.05187370475847735,-0.06409960473611954,0.9489050561259619,0.525547471937019,-0.07801849854557041,-0.011868113148441162,-0.0033006491028779728,1.0,1.0,1.0
Tree,TREE C - MARKET + SEC + FINBERT,Growth,fixed_ex_ante_growth_companies,5.0,0.1,297,176,0.5925925925925926,156,-0.0011702391215963886,-0.0017477147398153306,0.4318181818181818,0.008268639143793685,0.008343786603292843,0.7531551378367202,-0.00019260263409924232,-0.04853586379300907,0.0732507567499314,-0.6625988037052535,-0.8501895200958668,-1.3012124006026655,0.193516566478134,0.903241716760933,-0.1752178230466791,-0.16840274907967245,-0.04978304677350531,1.0,1.0,1.0
Tree,TREE C - MARKET + SEC + FINBERT,Momentum,positive_relative_momentum_60d,5.0,0.1,251,147,0.5856573705179283,130,-0.0004708552475792694,-0.000655375711991423,0.4557823129251701,0.00832948509071067,0.007841140280897094,0.8896593497332607,-1.6321680711531432e-05,-0.004113063539305921,0.06628653885530361,-0.06204975565679024,-0.08909663345931247,-0.1128912553067409,0.9101417775601608,0.5449291112199196,-0.10535047717477886,-0.022448449576034535,-0.006267409908882415,1.0,1.0,1.0
Tree,TREE C - MARKET + SEC + FINBERT,Value,fixed_ex_ante_mature_semiconductor_proxy,5.0,0.1,95,50,0.5263157894736842,50,-0.0007626620625954473,-0.0019084811425242312,0.44,0.009275752581386333,0.008649987854295419,0.8425550921816936,-4.204311260173358e-05,-0.010594864375636861,0.04228424128257081,-0.2505629533431873,-0.3713980934416128,-0.4938574435117252,0.6215265634399028,0.6892367182800486,-0.056318639917617874,-0.04049316843686057,-0.011381225613171453,1.0,1.0,1.0
XGBoost,XGB A - MARKET,Dividend,fixed_ex_ante_dividend_payers,5.0,0.1,231,152,0.658008658008658,145,0.000960492977728066,-0.00016755381407287852,0.4868421052631579,0.00884477042189623,0.0065194625462263464,1.287098804854649,0.00014395714325948203,0.03627720010138947,0.06513406087351184,0.5569620504982574,0.9796842440103067,0.9810148348594427,0.32684731311835535,0.16342365655917768,-0.08115824209691724,0.13087218122765965,0.03464406122665431,1.0,1.0,1.0
XGBoost,XGB A - MARKET,Growth,fixed_ex_ante_growth_companies,5.0,0.1,297,176,0.5925925925925926,163,-0.0010503073560099647,-0.001032038159613973,0.4772727272727273,0.008096198065629145,0.00940146448011524,0.7862797182466564,-0.00017725518187745962,-0.04466830583311982,0.08372522632412659,-0.5335107206541887,-0.6953034739307563,-1.0608237068543418,0.2890527321200342,0.8554736339399829,-0.232320971612883,-0.15923073081888495,-0.046892395199653825,1.0,1.0,1.0
XGBoost,XGB A - MARKET,Momentum,positive_relative_momentum_60d,5.0,0.1,251,153,0.6095617529880478,146,0.000537894520013247,-8.397932441395108e-05,0.49673202614379086,0.008949125934823589,0.0077641001231761805,1.1376596617705914,9.877340680476254e-05,0.02489089851480016,0.07549690534849815,0.32969428879107443,0.5172083942348591,0.6575763561621768,0.5109774166260764,0.2554887083130382,-0.07926640962309595,0.08262046075188301,0.022226092700452726,1.0,1.0,1.0
XGBoost,XGB A - MARKET,Value,fixed_ex_ante_mature_semiconductor_proxy,5.0,0.1,95,71,0.7473684210526316,71,0.0019394093593075006,0.0009678364566729223,0.5211267605633803,0.010539436772512612,0.007419444002121591,1.5458553326489066,0.00015181705017732364,0.038257896644685555,0.0542070382007465,0.7057736027377843,1.296594614746828,1.2661912256988492,0.20577008875724534,0.10288504437862267,-0.06323495960331627,0.14161751760245744,0.03735710315000196,1.0,1.0,1.0
XGBoost,XGB B - MARKET + SEC,Dividend,fixed_ex_ante_dividend_payers,5.0,0.1,231,141,0.6103896103896104,136,0.0007637331880471085,-8.397932441395108e-05,0.49645390070921985,0.0088591005635364,0.007217614928632475,1.2101399957778207,0.000135974221857506,0.03426550390809151,0.06621711565789587,0.5174720095801337,0.8904816742886749,0.9224784582659992,0.356524650462129,0.1782623252310645,-0.09784967354252205,0.1224264565802089,0.03249852473717496,1.0,1.0,1.0
XGBoost,XGB B - MARKET + SEC,Growth,fixed_ex_ante_growth_companies,5.0,0.1,297,188,0.632996632996633,170,-0.0009164452195631441,-0.00021300755344469315,0.4946808510638298,0.008046507033183258,0.009690703740672778,0.8128518935168038,-0.00017763643260158065,-0.04476438101559832,0.08802303822627348,-0.5085530097305466,-0.6672160180353884,-0.9973180948699695,0.31887641856340776,0.8405617907182961,-0.23020572705045517,-0.160634969265393,-0.04733347159004764,1.0,1.0,1.0
XGBoost,XGB B - MARKET + SEC,Momentum,positive_relative_momentum_60d,5.0,0.1,251,151,0.601593625498008,144,0.0002801932607867711,0.00023383111751379502,0.5165562913907285,0.00877194909172776,0.008793189681862507,1.0659121276549957,6.164398116061844e-05,0.015534283252475847,0.07832486140125948,0.19833144897497457,0.29661449893967845,0.3871803527940042,0.6987136245220524,0.3493568122610262,-0.11928995492626349,0.0459401870394216,0.012515607047610455,1.0,1.0,1.0
XGBoost,XGB B - MARKET + SEC,Value,fixed_ex_ante_mature_semiconductor_proxy,5.0,0.1,95,61,0.6421052631578947,61,0.001979928888068978,0.0010092323305329618,0.5409836065573771,0.010526574293503448,0.008092903196907362,1.5329875325579838,0.00013315949522845386,0.03355619279757037,0.052335619739077334,0.6411731238660586,1.1437373869259033,1.1760421432012913,0.2398869606013595,0.11994348030067975,-0.08232335880069463,0.12286042703290834,0.03260905378694101,1.0,1.0,1.0
XGBoost,XGB C - MARKET + SEC + FINBERT,Dividend,fixed_ex_ante_dividend_payers,5.0,0.1,231,142,0.6147186147186147,137,0.0012829119265053196,0.0003714112023784641,0.5070422535211268,0.009561114507075159,0.007231810727795085,1.35986540265493,0.00023604035385417244,0.05948216917125145,0.06855468786071385,0.8676601269355131,1.5678812910196611,1.568160448517143,0.11719286540381214,0.05859643270190607,-0.07010312044970446,0.22835800743094992,0.0586084632343562,1.0,1.0,1.0
XGBoost,XGB C - MARKET + SEC + FINBERT,Growth,fixed_ex_ante_growth_companies,5.0,0.1,297,189,0.6363636363636364,170,-0.00037737477004829865,2.763098661179384e-05,0.5026455026455027,0.008441611738630082,0.00929018028413815,0.9183262173495843,-0.0001321643882517364,-0.03330542583943757,0.08774856031798596,-0.3795552396386258,-0.5069995820111324,-0.7503277590767656,0.45325213811828075,0.7733739309408596,-0.20224930305680067,-0.1252031972807206,-0.036363442036797866,1.0,1.0,1.0
XGBoost,XGB C - MARKET + SEC + FINBERT,Momentum,positive_relative_momentum_60d,5.0,0.1,251,142,0.5657370517928287,136,0.0011034716345652304,0.0003206683097393146,0.5352112676056338,0.009113206593592011,0.008119859530374699,1.2923863315803847,0.00017712696217824008,0.0446359944689165,0.07616177243180518,0.5860682208897295,0.9395151518583378,1.135641417958947,0.25640699094917,0.128203495474585,-0.07801993358123538,0.1621410693394867,0.0424881101388197,1.0,1.0,1.0
XGBoost,XGB C - MARKET + SEC + FINBERT,Value,fixed_ex_ante_mature_semiconductor_proxy,5.0,0.1,95,64,0.6736842105263158,64,0.0020783901157575228,0.000988534393602942,0.53125,0.010824494899552693,0.007833861972543672,1.5659914521287324,0.00014665597288696965,0.03695730516751635,0.05330430406786718,0.6933268488124751,1.2759780050523022,1.2510330888563506,0.21124535923197763,0.10562267961598881,-0.06323495960331649,0.13648436562085342,0.03606337070364107,1.0,1.0,1.0
CatBoost,CAT A - MARKET,Dividend,fixed_ex_ante_dividend_payers,10.0,0.0,231,231,1.0,213,-0.0007552672732630531,-0.001209073692400085,0.4329004329004329,0.008194034617033384,0.0075867954337946845,0.8244572180521857,-0.00019910527929666008,-0.05017453038275834,0.07809816744795092,-0.6424546442296167,-0.900637487696688,-1.201712753977966,0.22978885968265458,0.8851055701586727,-0.18859185130278622,-0.17433199820169087,-0.051663997974078835,1.0,1.0,1.0
CatBoost,CAT A - MARKET,Growth,fixed_ex_ante_growth_companies,10.0,0.0,297,297,1.0,248,-0.0015988222833816827,-0.0011307979144103402,0.45454545454545453,0.007636882162792681,0.009295242655193652,0.6846586695010078,-0.00039389826544644803,-0.0992623628925049,0.09740957099485165,-1.0190206350231354,-1.3086783967477986,-2.104066378604162,0.0356477038407986,0.9821761480796007,-0.36297257771876656,-0.3123436570166498,-0.09849980477116493,1.0,1.0,1.0
CatBoost,CAT A - MARKET,Momentum,positive_relative_momentum_60d,10.0,0.0,251,251,1.0,222,-0.0013320671657679833,-0.001123117083986545,0.44621513944223107,0.007694285179052823,0.00860509927094734,0.7204695267003594,-0.00029490765406705964,-0.07431672882489904,0.09124703148407433,-0.8144564005665192,-1.0618944464530793,-1.731642628780757,0.08367760483082011,0.95816119758459,-0.2778382917625668,-0.2461280689065526,-0.07525511052285783,1.0,1.0,1.0
CatBoost,CAT A - MARKET,Value,fixed_ex_ante_mature_semiconductor_proxy,10.0,0.0,95,95,1.0,95,-0.0007708302293704587,-0.0010333587241402303,0.4631578947368421,0.009109393290876988,0.009294944638995706,0.8455224547377823,-8.073745511597968e-05,-0.02034583868922688,0.06363115310342973,-0.31974650304003743,-0.44230408404459254,-0.5697179948515863,0.569010213681464,0.715494893159268,-0.12757644603302243,-0.07735843375533313,-0.022048896307717558,1.0,1.0,1.0
CatBoost,CAT B - MARKET + SEC,Dividend,fixed_ex_ante_dividend_payers,10.0,0.0,231,231,1.0,213,-0.0007995728978374041,-0.0015196616074468743,0.41125541125541126,0.008667694549596164,0.007412737658912323,0.816788594670698,-0.00018911908066673955,-0.047658008328018364,0.07824180099570881,-0.6091118522518697,-0.8976618296360549,-1.1034509717587244,0.270124368600541,0.8649378156997295,-0.17080648762633377,-0.16683134909890973,-0.049286173745430095,1.0,1.0,1.0
CatBoost,CAT B - MARKET + SEC,Growth,fixed_ex_ante_growth_companies,10.0,0.0,297,297,1.0,248,-0.0009481089563322379,-0.0008666057266577525,0.47474747474747475,0.007910909041520838,0.008955298300545596,0.7984373574881083,-0.00027697680655510164,-0.06979815525188561,0.09713238625347854,-0.7185878772682369,-0.9436850982077238,-1.3118642233701603,0.1898982538466345,0.9050508730766827,-0.20861838519084352,-0.23530132502778967,-0.0715964230635745,1.0,1.0,1.0
CatBoost,CAT B - MARKET + SEC,Momentum,positive_relative_momentum_60d,10.0,0.0,251,251,1.0,222,-0.000884773707415322,-0.001172524485316127,0.43824701195219123,0.00838756182079364,0.008118510644315931,0.8059961034702025,-0.00017371945719697,-0.04377730321363644,0.09066045708610375,-0.48287097396894263,-0.6750679738447098,-0.9114998572859127,0.3622745162814346,0.8188627418592827,-0.19965107507154312,-0.15831130636168633,-0.04660388912950797,1.0,1.0,1.0
CatBoost,CAT B - MARKET + SEC,Value,fixed_ex_ante_mature_semiconductor_proxy,10.0,0.0,95,95,1.0,95,-0.0015168437331071103,-0.0024322492558580527,0.4105263157894737,0.009660474442153143,0.009301047462306216,0.7233411551049926,-0.0001588755839527844,-0.04003664715610167,0.06421098373424741,-0.6235171123028258,-0.851090088690244,-1.1214008218796832,0.2624144185206572,0.8687927907396714,-0.14352793538152775,-0.1406049538642301,-0.041091747853764016,1.0,1.0,1.0
CatBoost,CAT C - MARKET + SEC + FINBERT,Dividend,fixed_ex_ante_dividend_payers,10.0,0.0,231,231,1.0,213,0.00021164274690092528,-0.0011832662562313839,0.44155844155844154,0.009094789386780187,0.006812240642771049,1.0556334097042246,5.495624789027762e-06,0.001384897446834996,0.0768056222986411,0.018031198828780255,0.028625910123574846,0.0342889417052259,0.9726542956034897,0.48632714780174485,-0.1045048171254428,-0.005555618830959341,-0.0015415304411412478,1.0,1.0,1.0
CatBoost,CAT C - MARKET + SEC + FINBERT,Growth,fixed_ex_ante_growth_companies,10.0,0.0,297,297,1.0,248,-0.001491471693794637,-0.0012952171924790461,0.4511784511784512,0.007828626829020375,0.009153393178808207,0.7031057800238689,-0.0005010288890111861,-0.1262592800308189,0.09803646841026652,-1.2878807455858627,-1.5593876709319667,-2.4235857931209157,0.015563062247175652,0.9922184688764122,-0.40878289977949966,-0.3762371135264091,-0.122518496031082,1.0,1.0,1.0
CatBoost,CAT C - MARKET + SEC + FINBERT,Momentum,positive_relative_momentum_60d,10.0,0.0,251,251,1.0,222,-0.0004909925835721627,-0.0010018718840899537,0.4541832669322709,0.008444702872931139,0.007926534788253742,0.8865133656340237,-0.00015298266969392444,-0.03855163276286896,0.09057494398900161,-0.42563242178267574,-0.5675528612219132,-0.7955990923866116,0.4264734841688133,0.7867632579155933,-0.22390734909683285,-0.14236774939480812,-0.041636819903016375,1.0,1.0,1.0
CatBoost,CAT C - MARKET + SEC + FINBERT,Value,fixed_ex_ante_mature_semiconductor_proxy,10.0,0.0,95,95,1.0,95,0.0003213945885033846,-0.0011518413719143732,0.45263157894736844,0.010569906717038535,0.008153336594708377,1.0720150804170288,3.3663159766065645e-05,0.008483116261048543,0.06272829621440838,0.13523587875004348,0.21384560897356844,0.2635197884564872,0.7922098945573247,0.39610494727866236,-0.07160193078615451,0.023766898755470667,0.006525602239383588,1.0,1.0,1.0
LSTM,LSTM A - MARKET SEQUENCE,Dividend,fixed_ex_ante_dividend_payers,10.0,0.0,231,231,1.0,213,-0.0014274693418477864,-0.0018411979510769543,0.4025974025974026,0.00813883595270031,0.007874327257738897,0.6965506420709177,-0.000295645670057023,-0.07450270885436978,0.0783700538406601,-0.9506527710934932,-1.3293469876068011,-1.7263096639808675,0.08463262438855584,0.9576836878057221,-0.24362249330725394,-0.24362249330725394,-0.07440503770793572,1.0,1.0,1.0
LSTM,LSTM A - MARKET SEQUENCE,Growth,fixed_ex_ante_growth_companies,10.0,0.0,297,297,1.0,248,-0.0003396730111211007,-0.0009301348409193038,0.46464646464646464,0.0087754379707932,0.00825090141051842,0.9231013052384299,-0.00015821359267682758,-0.03986982535456055,0.09669869462450971,-0.41230986115561236,-0.5742698810788318,-0.7545965012320514,0.4506872162734893,0.7746563918632554,-0.19845477937209788,-0.14813797482324198,-0.04342671035628587,1.0,1.0,1.0
LSTM,LSTM A - MARKET SEQUENCE,Momentum,positive_relative_momentum_60d,10.0,0.0,251,251,1.0,222,-0.0006739920481040967,-0.0010018718840899537,0.44621513944223107,0.008418352410143078,0.008000197654749302,0.8478706614468198,-0.0001704503990317478,-0.042953500556000446,0.09077816717557341,-0.47316994705262544,-0.6677942468245079,-0.8581964677557554,0.3910109609739665,0.8044945195130168,-0.22554364435992402,-0.1558366841269705,-0.04582850819549955,1.0,1.0,1.0
LSTM,LSTM A - MARKET SEQUENCE,Value,fixed_ex_ante_mature_semiconductor_proxy,10.0,0.0,95,95,1.0,95,-0.0005976519382613031,-0.0011832662562313839,0.45263157894736844,0.009593361734076631,0.009024836321156134,0.8790156320710415,-6.25986043382842e-05,-0.015774848293247618,0.06349232562783945,-0.24845283484671773,-0.3590397781718534,-0.44269921764281805,0.6580889798878765,0.6709555100560618,-0.11908426541120443,-0.06200948085550384,-0.017570596669469807,1.0,1.0,1.0
LSTM,LSTM B - MARKET SEQUENCE + SEC,Dividend,fixed_ex_ante_dividend_payers,10.0,0.0,231,231,1.0,213,-0.0011623255161522504,-0.001322463131893879,0.44155844155844154,0.007587761523745927,0.008080998989560112,0.7424361020982458,-0.00025375301020907426,-0.06394575857268671,0.0776117029407215,-0.823919024448251,-1.159143019522125,-1.4065490366277031,0.15990405822471385,0.9200479708876431,-0.21415147241796118,-0.21415147241796118,-0.06455593019169703,1.0,1.0,1.0
LSTM,LSTM B - MARKET SEQUENCE + SEC,Growth,fixed_ex_ante_growth_companies,10.0,0.0,297,297,1.0,248,-0.0009241845906874929,-0.0013820028242798581,0.4377104377104377,0.008750962622329394,0.008455736313395251,0.8056219280916973,-0.0003100179047645106,-0.07812451200065668,0.09687217826719582,-0.806470065999458,-1.1056786625407395,-1.5029830257661876,0.13319188970956375,0.9334040551452181,-0.31238308661688263,-0.257776606769929,-0.07923418667058779,1.0,1.0,1.0
LSTM,LSTM B - MARKET SEQUENCE + SEC,Momentum,positive_relative_momentum_60d,10.0,0.0,251,251,1.0,222,-0.0020313183946769875,-0.0016052375576555682,0.3904382470119522,0.008160342340654072,0.008559310238222373,0.6106667240948681,-0.00043101400886834683,-0.1086155302348234,0.09197911254466158,-1.180871691734184,-1.5693854632582536,-2.0779007459051435,0.03799959540198203,0.981000202299009,-0.3682348126852256,-0.33384777200979654,-0.10639627616586655,1.0,1.0,1.0
LSTM,LSTM B - MARKET SEQUENCE + SEC,Value,fixed_ex_ante_mature_semiconductor_proxy,10.0,0.0,95,95,1.0,95,-0.0016207541501251973,-0.001209073692400085,0.4421052631578947,0.008736152254346983,0.009828113942348435,0.7044066256788049,-0.00016975925497452447,-0.04277933225358017,0.06428943105021896,-0.6654178074801063,-0.8966010206870183,-1.1942990511465543,0.23267358884417957,0.8836632055779102,-0.16436744860032315,-0.149064901398423,-0.043715054197348,1.0,1.0,1.0
LSTM,LSTM C - MARKET SEQUENCE + SEC + FINBERT,Dividend,fixed_ex_ante_dividend_payers,10.0,0.0,231,231,1.0,213,-0.001531297306218199,-0.001694436967982436,0.4025974025974026,0.00801446462846414,0.007964310783938904,0.6781568921831982,-0.00035977578460896184,-0.09066349772145839,0.07910907594342316,-1.146056841648595,-1.5529909102487085,-2.06577980494367,0.03913311935499336,0.9804334403225033,-0.2865340753667337,-0.2865340753667337,-0.08925468048852891,1.0,1.0,1.0
LSTM,LSTM C - MARKET SEQUENCE + SEC + FINBERT,Growth,fixed_ex_ante_growth_companies,10.0,0.0,297,297,1.0,248,-0.0008151568496018773,-0.0013452186996625298,0.4444444444444444,0.008720047857439323,0.008443320615234838,0.8262197545079756,-0.00026930865493978036,-0.06786578104482466,0.09678699635898652,-0.7011869734350261,-0.9611420719737698,-1.2733809568871013,0.20320950072533078,0.8983952496373346,-0.2584695106529463,-0.22983542287975545,-0.06976354076755453,1.0,1.0,1.0
LSTM,LSTM C - MARKET SEQUENCE + SEC + FINBERT,Momentum,positive_relative_momentum_60d,10.0,0.0,251,251,1.0,222,-0.001596452592416518,-0.0014703432641188213,0.40239043824701193,0.008401354186268403,0.008328309156731032,0.6792389322125583,-0.00037677027910759913,-0.09494611033511498,0.09170700052913658,-1.0353202022450763,-1.4050160125722242,-1.9289239067458797,0.05405239908381028,0.9729738004580949,-0.31100316182082743,-0.30016462178490044,-0.09410650359720207,1.0,1.0,1.0
LSTM,LSTM C - MARKET SEQUENCE + SEC + FINBERT,Value,fixed_ex_ante_mature_semiconductor_proxy,10.0,0.0,95,95,1.0,95,-0.0011348684917966705,-0.0011518413719143732,0.45263157894736844,0.00897927662680283,0.009498488493715488,0.781721329840216,-0.00011886715184198862,-0.029954522264181133,0.06391776550833729,-0.4686415744660839,-0.6437543611977556,-0.8389235816187665,0.40173348265360376,0.7991332586731981,-0.15634983576922756,-0.1087809060073529,-0.031387684693227946,1.0,1.0,1.0
Logistic,MODEL A - MARKET,Dividend,fixed_ex_ante_dividend_payers,10.0,0.0,231,231,1.0,213,-0.0008357597991956583,-0.0011518413719143732,0.4458874458874459,0.007812167080288345,0.007794638460030444,0.8064970850995666,-0.000133040406112223,-0.033526182340280195,0.07864948890867901,-0.4262733656058198,-0.6224983187785609,-0.8581251776699254,0.3910502998520081,0.804474850073996,-0.17165310491404495,-0.12345686860057725,-0.03583113243983904,1.0,1.0,1.0
Logistic,MODEL A - MARKET,Growth,fixed_ex_ante_growth_companies,10.0,0.0,297,297,1.0,248,-0.0016109062841020679,-0.0014178800026207732,0.44107744107744107,0.007920061249874431,0.009132332470553402,0.6844000519938629,-0.0005265177929740253,-0.13268248382945438,0.09797637246726106,-1.3542293972334036,-1.6812962596823278,-2.671520155131065,0.007686338982164256,0.9961568305089179,-0.36918165009474746,-0.3904508933568904,-0.12810170547630573,0.6072207795909762,1.0,1.0
Logistic,MODEL A - MARKET,Momentum,positive_relative_momentum_60d,10.0,0.0,251,251,1.0,222,-0.0013354724022856823,-0.0012952171924790461,0.44223107569721115,0.007811744336338438,0.008587908530766235,0.7211997278558756,-0.00032699451181591446,-0.08240261697761045,0.09158363717031708,-0.8997526143711372,-1.1895409256781364,-1.8454218834772653,0.06530234112491216,0.967348829437544,-0.2791672008241941,-0.2678278524844786,-0.08270409189734418,1.0,1.0,1.0
Logistic,MODEL A - MARKET,Value,fixed_ex_ante_mature_semiconductor_proxy,10.0,0.0,95,95,1.0,95,-0.0008425063674183963,-0.0010333587241402303,0.47368421052631576,0.008823186128409577,0.009541629613663574,0.832233888454162,-8.824487861603926e-05,-0.022237709411241893,0.06368814202972825,-0.3491656170604226,-0.48462529099623386,-0.6566636378514149,0.5115639736160255,0.7442180131919873,-0.16355894721687358,-0.08362852949934652,-0.023893799757547574,1.0,1.0,1.0
Logistic,MODEL B - MARKET + SEC,Dividend,fixed_ex_ante_dividend_payers,10.0,0.0,231,231,1.0,213,-0.001137476156480867,-0.0016258734978650251,0.4069264069264069,0.00838452566615846,0.007670820472744348,0.749970129523499,-0.0002110564957911378,-0.05318623693936672,0.0791054862273658,-0.6723457433343916,-0.967929482821488,-1.295242238565381,0.19556661670463482,0.9022166916476826,-0.19084808141867737,-0.18345508595898274,-0.05457730719260612,1.0,1.0,1.0
Logistic,MODEL B - MARKET + SEC,Growth,fixed_ex_ante_growth_companies,10.0,0.0,297,297,1.0,248,-0.0005577924419469578,-0.0009665631126434798,0.468013468013468,0.008470053282943372,0.008500011149287187,0.8766462114968203,-0.00021117417161302534,-0.053215891246482384,0.09706861836001601,-0.5482296147361545,-0.7535996099106145,-1.0047985608167238,0.315262137071841,0.8423689314640795,-0.22719716222623143,-0.18821088056600888,-0.05610533435363829,1.0,1.0,1.0
Logistic,MODEL B - MARKET + SEC,Momentum,positive_relative_momentum_60d,10.0,0.0,251,251,1.0,222,-0.0011122463947512036,-0.001172524485316127,0.43824701195219123,0.008132004568890502,0.008324073387663172,0.7621409307806402,-0.00023688118219718384,-0.05969405791369033,0.09107441680573035,-0.655442658952436,-0.9047382509776262,-1.2141464040123935,0.22500820502480237,0.8874958974875988,-0.22377633537873587,-0.20529514324041542,-0.061648452267491605,1.0,1.0,1.0
Logistic,MODEL B - MARKET + SEC,Value,fixed_ex_ante_mature_semiconductor_proxy,10.0,0.0,95,95,1.0,95,-0.0006985071592307578,-0.0003924424946338805,0.49473684210526314,0.008550024992000355,0.009754361557311225,0.8582724171279728,-7.316227136375078e-05,-0.018436892383665197,0.06357337133275696,-0.290009669098127,-0.40451866931297203,-0.5416909930758673,0.5881645794186452,0.7059177102906774,-0.1488249385188365,-0.07098048105336452,-0.020181534881935304,1.0,1.0,1.0
Logistic,MODEL C - MARKET + SEC + FINBERT,Dividend,fixed_ex_ante_dividend_payers,10.0,0.0,231,231,1.0,213,-0.0010032411503950642,-0.0015677507441419474,0.4155844155844156,0.008329682873143807,0.0076399871226893725,0.7753062862544979,-0.00018871090620897516,-0.04755514836466174,0.07887700074044052,-0.6029025941433909,-0.8713245728112756,-1.1604966577393478,0.24615235054440432,0.8769238247277978,-0.17422402317639019,-0.1666791383319156,-0.049238081062050965,1.0,1.0,1.0
Logistic,MODEL C - MARKET + SEC + FINBERT,Growth,fixed_ex_ante_growth_companies,10.0,0.0,297,297,1.0,248,-0.00037451664984772595,-0.000766168882486205,0.47474747474747475,0.00850697869714031,0.008402022059625376,0.9151368470227829,-0.0001709503441591487,-0.04307948672810547,0.09696040124956408,-0.4442997984014547,-0.6134563073894114,-0.8185734003864439,0.4132450953314878,0.793377452334256,-0.19462863088875615,-0.15800897446304463,-0.04650907023415629,1.0,1.0,1.0
Logistic,MODEL C - MARKET + SEC + FINBERT,Momentum,positive_relative_momentum_60d,10.0,0.0,251,251,1.0,222,-0.0008093871683622008,-0.0010333587241402303,0.4581673306772908,0.008021994221650217,0.008277099373152115,0.8195267003109054,-0.00018712995134498469,-0.04715674773893614,0.09081109464107463,-0.5192839919540706,-0.7201692441594977,-0.9657196799291676,0.3344421703677847,0.8327789148161077,-0.19926807372692723,-0.16853309075373601,-0.0498242909906762,1.0,1.0,1.0
Logistic,MODEL C - MARKET + SEC + FINBERT,Value,fixed_ex_ante_mature_semiconductor_proxy,10.0,0.0,95,95,1.0,95,-0.0006985071592307578,-0.0003924424946338805,0.49473684210526314,0.008550024992000355,0.009754361557311225,0.8582724171279728,-7.316227136375078e-05,-0.018436892383665197,0.06357337133275696,-0.290009669098127,-0.40451866931297203,-0.5416909930758673,0.5881645794186452,0.7059177102906774,-0.1488249385188365,-0.07098048105336452,-0.020181534881935304,1.0,1.0,1.0
TabNet,TABNET A - MARKET,Dividend,fixed_ex_ante_dividend_payers,10.0,0.0,231,231,1.0,213,-0.001301576893383365,-0.0015677507441419474,0.4329004329004329,0.0075940305897670155,0.008092116956856939,0.7163724828446234,-0.00031029503354956583,-0.0781943484544906,0.07978413866898398,-0.9800738562699879,-1.300102609342643,-1.941778717867395,0.05247358323262525,0.9737632083836874,-0.25393310447503104,-0.25393310447503104,-0.0779163072149216,1.0,1.0,1.0
TabNet,TABNET A - MARKET,Growth,fixed_ex_ante_growth_companies,10.0,0.0,297,297,1.0,248,-0.0015365853442782932,-0.0009723690133882062,0.4478114478114478,0.007814816438767448,0.009120344107358075,0.694888860766598,-0.0004229948245166487,-0.10659469577819547,0.09779361389877689,-1.0899964888149887,-1.3539827050791209,-2.266857622523562,0.02363390621195606,0.9881830468940219,-0.37859759705089424,-0.33039429301951584,-0.10511582982660073,1.0,1.0,1.0
TabNet,TABNET A - MARKET,Momentum,positive_relative_momentum_60d,10.0,0.0,251,251,1.0,222,-0.0013592558542409388,-0.0015677507441419474,0.42231075697211157,0.008229816994312272,0.008369198764217772,0.7188597354573035,-0.0003001165661704381,-0.07562937467495041,0.09149819719874835,-0.8265668285318412,-1.0641137488926626,-1.7361240289979125,0.08288185759725082,0.9585590712013746,-0.2856728919812104,-0.2497763397780819,-0.07649652893547376,1.0,1.0,1.0
TabNet,TABNET A - MARKET,Value,fixed_ex_ante_mature_semiconductor_proxy,10.0,0.0,95,95,1.0,95,-0.001975398877095527,-0.001209073692400085,0.4631578947368421,0.00790582063019231,0.010500372569657586,0.6495681890740893,-0.00020690506430438263,-0.05214007620470442,0.06455296661214846,-0.8077099929113405,-1.021514850678051,-1.519537617724308,0.12897610768556345,0.9355119461572183,-0.19235501139572153,-0.1773338763593476,-0.05262001792427051,1.0,1.0,1.0
TabNet,TABNET B - MARKET + SEC,Dividend,fixed_ex_ante_dividend_payers,10.0,0.0,231,231,1.0,213,-0.0016848190446935743,-0.0015196616074468743,0.42424242424242425,0.00733159556879763,0.008328492970423937,0.6486441584372138,-0.0004122949227196359,-0.10389832052534824,0.07950340214554422,-1.306841188193998,-1.6799932153157127,-2.709395546718596,0.006867834417024597,0.9965660827914877,-0.34798706329265827,-0.3198339351896968,-0.10122975933903433,0.5494267533619678,1.0,1.0
TabNet,TABNET B - MARKET + SEC,Growth,fixed_ex_ante_growth_companies,10.0,0.0,297,297,1.0,248,-0.002318830922684075,-0.002681208480651896,0.3872053872053872,0.008383791837122723,0.009081477172012548,0.5833248034163212,-0.0007010528291630674,-0.176665312949093,0.09868357628923276,-1.790220010179837,-2.156860172673327,-3.304025432824605,0.0009904369937394932,0.9995047815031303,-0.4809170252466458,-0.47990148314265046,-0.1655889655659376,0.08319670747411742,1.0,1.0
TabNet,TABNET B - MARKET + SEC,Momentum,positive_relative_momentum_60d,10.0,0.0,251,251,1.0,222,-0.00219136854268833,-0.0023816912904520687,0.4103585657370518,0.007573955858712899,0.008987506470690538,0.5864879087246762,-0.0005890943163761525,-0.14845176772679042,0.09265482889083926,-1.6022021680239464,-1.9078700312590173,-2.9694407661096176,0.0030620711680105195,0.9984689644159948,-0.47863317388348614,-0.4230756266253026,-0.14128233528354872,0.2510898357768626,1.0,1.0
TabNet,TABNET B - MARKET + SEC,Value,fixed_ex_ante_mature_semiconductor_proxy,10.0,0.0,95,95,1.0,95,-0.002305558513586401,-0.0024322492558580527,0.43157894736842106,0.00822860193973452,0.010303717376293027,0.606348367811099,-0.00024148628312095708,-0.06085454334648119,0.06479251528453249,-0.9392218079394213,-1.1650548980861712,-1.6862349189531878,0.09209485099791681,0.9539525745010415,-0.23911597933273554,-0.20279319299427978,-0.060831324277468735,1.0,1.0,1.0
TabNet,TABNET C - MARKET + SEC + FINBERT,Dividend,fixed_ex_ante_dividend_payers,10.0,0.0,231,231,1.0,213,-0.0009697579576398195,-0.0011832662562313839,0.43722943722943725,0.007856102308701528,0.007826772472258868,0.7798344975444694,-0.00021086608110489768,-0.053138252438434216,0.07873422524500483,-0.6749066530226066,-0.9370018451646703,-1.1424264649936917,0.2535786115807545,0.8732106942096227,-0.20062500603472533,-0.18324184278137978,-0.054508943499200546,1.0,1.0,1.0
TabNet,TABNET C - MARKET + SEC + FINBERT,Growth,fixed_ex_ante_growth_companies,10.0,0.0,297,297,1.0,248,-0.0014573588003212706,-0.001655375711991423,0.42424242424242425,0.008484136853086612,0.008782671387042869,0.7117958744752668,-0.00045337206681234955,-0.1142497608367121,0.09766755452703661,-1.1697821389096534,-1.5239963895022932,-2.2437116668058787,0.025091813152174524,0.9874540934239128,-0.3975886556723981,-0.34851746435865105,-0.11188948374160523,1.0,1.0,1.0
TabNet,TABNET C - MARKET + SEC + FINBERT,Momentum,positive_relative_momentum_60d,10.0,0.0,251,251,1.0,222,-0.001691261038889619,-0.0014703432641188213,0.41832669322709165,0.007912081434920976,0.008597774461835597,0.6618219142371901,-0.00043380145387644927,-0.10931796637686522,0.09193396247470684,-1.1890922944493023,-1.5172671235964788,-2.330714924197253,0.019987054004754822,0.9900064729976226,-0.3509973011735652,-0.3355451265981456,-0.10702736423724302,1.0,1.0,1.0
TabNet,TABNET C - MARKET + SEC + FINBERT,Value,fixed_ex_ante_mature_semiconductor_proxy,10.0,0.0,95,95,1.0,95,-0.0002527470376335284,-0.00031367453861763477,0.4842105263157895,0.009193424724893791,0.009120581753475503,0.9462731895743616,-2.6472953225121435e-05,-0.0066711842127306015,0.06321101436521677,-0.10553831922687143,-0.15382586032859003,-0.1822661613217057,0.8554146264920722,0.5722926867539639,-0.12027401488034695,-0.03070237509288609,-0.008598000700914543,1.0,1.0,1.0
Transformer,TRANSFORMER A - MARKET SEQUENCE,Dividend,fixed_ex_ante_dividend_payers,10.0,0.0,231,231,1.0,213,-0.0008816526771150926,-0.001585801402983698,0.42857142857142855,0.008187421828337114,0.007683458556204249,0.7991930100663384,-0.00020888927979101514,-0.052640098507335815,0.07855283360464733,-0.6701234836705053,-0.9545386913423604,-1.2140838292823706,0.22503208505525313,0.8874839574723734,-0.1817240423408094,-0.1817240423408094,-0.054022723884525226,1.0,1.0,1.0
Transformer,TRANSFORMER A - MARKET SEQUENCE,Growth,fixed_ex_ante_growth_companies,10.0,0.0,297,297,1.0,248,-0.0006358594166932767,-0.0013452186996625298,0.4511784511784512,0.00877342672283003,0.008371100782927162,0.861596401602245,-0.0002092047395959358,-0.05271959437817582,0.09676737386577232,-0.5448075345240233,-0.7444496131334839,-1.0061030287540453,0.31463463825734517,0.8426826808713275,-0.2259258540655612,-0.18667708840752706,-0.05561182452949698,1.0,1.0,1.0
Transformer,TRANSFORMER A - MARKET SEQUENCE,Momentum,positive_relative_momentum_60d,10.0,0.0,251,251,1.0,222,-0.0006852930704965052,-0.0009665631126434798,0.4541832669322709,0.008242179890435334,0.008113993198571175,0.8452627567400597,-0.00018076749151407448,-0.04555340786154677,0.09071243693937922,-0.502173785629736,-0.6897146872256934,-0.9443901125342333,0.345222107116163,0.8273889464419185,-0.19596902117940718,-0.16369996036751377,-0.04829805294119671,1.0,1.0,1.0
Transformer,TRANSFORMER A - MARKET SEQUENCE,Value,fixed_ex_ante_mature_semiconductor_proxy,10.0,0.0,95,95,1.0,95,-8.551384644686695e-05,-0.0008066785342994969,0.47368421052631576,0.009618691420588464,0.008819298586778665,0.9815771847783198,-8.95679758815031e-06,-0.0022571129922138783,0.06307228492835114,-0.03578613006929929,-0.05275011790451112,-0.06395852190718783,0.9490173621774569,0.5254913189112715,-0.11908426541120487,-0.015147217966695714,-0.004217654153435335,1.0,1.0,1.0
Transformer,TRANSFORMER B - MARKET SEQUENCE + SEC,Dividend,fixed_ex_ante_dividend_payers,10.0,0.0,231,231,1.0,213,-0.0008882379426141287,-0.0016258734978650251,0.42857142857142855,0.00818982112076915,0.007696782240151589,0.7980433444685696,-0.0002444291860631362,-0.06159615488791032,0.07883268992721718,-0.7813529507210702,-1.1000068871387183,-1.4157471216823179,0.15719322264477867,0.9214033886776106,-0.20775139924079256,-0.20775139924079256,-0.06245246820643191,1.0,1.0,1.0
Transformer,TRANSFORMER B - MARKET SEQUENCE + SEC,Growth,fixed_ex_ante_growth_companies,10.0,0.0,297,297,1.0,248,-0.0007706767500535508,-0.0013452186996625298,0.45454545454545453,0.008563068749755908,0.008548797999894768,0.8347244401943327,-0.0002682917058059708,-0.06760950986310464,0.09707075125834871,-0.6964972351266292,-0.9404810858978768,-1.3193721086782877,0.18737806457722772,0.9063109677113861,-0.2664083037776984,-0.22921216601113936,-0.06955514192883705,1.0,1.0,1.0
Transformer,TRANSFORMER B - MARKET SEQUENCE + SEC,Momentum,positive_relative_momentum_60d,10.0,0.0,251,251,1.0,222,-0.0010080460554201464,-0.0013452186996625298,0.43824701195219123,0.008277241912540418,0.0082518877325525,0.7825388538885418,-0.0002410831777841138,-0.06075296080159668,0.09100556702237217,-0.6675741143029371,-0.9233139327837877,-1.2645420640663552,0.20636072626194182,0.8968196368690291,-0.24152517100851045,-0.2082966791881904,-0.06263120125724375,1.0,1.0,1.0
Transformer,TRANSFORMER B - MARKET SEQUENCE + SEC,Value,fixed_ex_ante_mature_semiconductor_proxy,10.0,0.0,95,95,1.0,95,-0.00015887572550007814,-0.0011832662562313839,0.45263157894736844,0.010078056387708216,0.008624031126806939,0.9663436129796927,-1.6640787125145994e-05,-0.004193478355536791,0.06313333125715381,-0.06642257381375889,-0.10141694738219395,-0.12980516356121374,0.8967493900530207,0.5516253049734896,-0.08929181440337097,-0.021987119371982833,-0.006137568536611293,1.0,1.0,1.0
Transformer,TRANSFORMER C - MARKET SEQUENCE + SEC + FINBERT,Dividend,fixed_ex_ante_dividend_payers,10.0,0.0,231,231,1.0,213,-0.0014443846106902902,-0.001694436967982436,0.4025974025974026,0.00809832647846275,0.007875342083815164,0.6929943850181973,-0.0003080824575942761,-0.07763677931375758,0.07827074960491856,-0.9919002910491975,-1.406605222253345,-1.7289002384217176,0.0841676106380192,0.9579161946809904,-0.25208073324023583,-0.25208073324023583,-0.07728290939791305,1.0,1.0,1.0
Transformer,TRANSFORMER C - MARKET SEQUENCE + SEC + FINBERT,Growth,fixed_ex_ante_growth_companies,10.0,0.0,297,297,1.0,248,-0.0017097965922863152,-0.002582119997379227,0.40404040404040403,0.008707464743811462,0.008772346650657691,0.6729517383544319,-0.0005284394310303406,-0.13316673661964581,0.09828510333086997,-1.3549025448073169,-1.7607548926149112,-2.563981855304805,0.010508152003453206,0.9947459239982734,-0.42090741552868427,-0.3915450227119306,-0.12853536937364163,0.8196358562693501,1.0,1.0
Transformer,TRANSFORMER C - MARKET SEQUENCE + SEC + FINBERT,Momentum,positive_relative_momentum_60d,10.0,0.0,251,251,1.0,222,-0.0017508782419194942,-0.001655375711991423,0.3944223107569721,0.00840148347125676,0.008363271726159291,0.6542916479343723,-0.0003760750730449508,-0.0947709184073276,0.09160960527262019,-1.0345085335244018,-1.423308481047606,-1.8667787024470008,0.06225531812249982,0.9688723409387501,-0.3355534680133273,-0.2996912608705711,-0.09393686959949643,1.0,1.0,1.0
Transformer,TRANSFORMER C - MARKET SEQUENCE + SEC + FINBERT,Value,fixed_ex_ante_mature_semiconductor_proxy,10.0,0.0,95,95,1.0,95,-0.00011357731900627874,-0.0008066785342994969,0.47368421052631576,0.00958643591849188,0.008843589232754624,0.9755984928254391,-1.1896191075630052e-05,-0.002997840151058773,0.0630956721306069,-0.04751261140151258,-0.07215929883328864,-0.09320388810614488,0.9257621916658823,0.5371189041670589,-0.0892918144033713,-0.017761736454119714,-0.004950390144455419,1.0,1.0,1.0
Tree,TREE A - MARKET,Dividend,fixed_ex_ante_dividend_payers,10.0,0.0,231,231,1.0,213,-0.0005213532106062946,-0.0014703432641188213,0.43722943722943725,0.008387668427360339,0.007442977713949603,0.8755330746969726,-0.00014383107967152814,-0.03624543207722509,0.07880431332643043,-0.4599422359926664,-0.6486123151613477,-0.870913126210634,0.38403229281360596,0.807983853593197,-0.1788256470313887,-0.1320550428600501,-0.03845944896129394,1.0,1.0,1.0
Tree,TREE A - MARKET,Growth,fixed_ex_ante_growth_companies,10.0,0.0,297,297,1.0,248,-0.001654208154579958,-0.001963669467876015,0.4208754208754209,0.008324740483640732,0.008906351060263601,0.679285681183655,-0.0004534471615054777,-0.11426868469938038,0.0978426630830976,-1.1678819964490563,-1.4784328568074714,-2.2570198290334402,0.024244317556653676,0.9878778412216732,-0.37283979919102717,-0.3486221028241131,-0.11192898639303528,1.0,1.0,1.0
Tree,TREE A - MARKET,Momentum,positive_relative_momentum_60d,10.0,0.0,251,251,1.0,222,-0.0009641544758002454,-0.0013641066525640882,0.4262948207171315,0.008576725809869611,0.008053558576957708,0.7913251888096129,-0.00017198419862810233,-0.04334001805428179,0.09082313071818279,-0.4771914127113999,-0.6515132858569974,-0.9451912740467491,0.34481323277037224,0.8275933836148139,-0.15875984110997388,-0.15705622954390797,-0.04621042637882533,1.0,1.0,1.0
Tree,TREE A - MARKET,Value,fixed_ex_ante_mature_semiconductor_proxy,10.0,0.0,95,95,1.0,95,-0.000980814020839747,-0.002526652879355438,0.42105263157894735,0.010027632048760473,0.008986956616912636,0.8114897644509604,-0.00010273134727648948,-0.02588829951367535,0.06379733511342209,-0.4057896692338299,-0.5644951957491209,-0.7774336017786269,0.43710594267135505,0.7814470286643225,-0.13389401424144842,-0.09561758475052928,-0.027447009390927812,1.0,1.0,1.0
Tree,TREE B - MARKET + SEC,Dividend,fixed_ex_ante_dividend_payers,10.0,0.0,231,231,1.0,213,-3.041094636932377e-05,-0.001172524485316127,0.45021645021645024,0.008631726352248474,0.007123814718465789,0.9922352839454259,-2.2013197338324044e-05,-0.005547325729257659,0.07806838120735463,-0.07105726599509739,-0.1086018652549383,-0.13417198511004036,0.8932963765961583,0.5533518117019208,-0.1135438784478835,-0.030413997340925647,-0.008516332476379396,1.0,1.0,1.0
Tree,TREE B - MARKET + SEC,Growth,fixed_ex_ante_growth_companies,10.0,0.0,297,297,1.0,248,-0.0008400406382889398,-0.0013820028242798581,0.4478114478114478,0.008637438567993731,0.008526045116554765,0.8215710700156436,-0.00027404950814481307,-0.0690604760524929,0.09708039623817225,-0.7113740644719181,-0.9342474692962391,-1.4564164952798442,0.145623971719215,0.9271880141403925,-0.2702576399244383,-0.23325667944568285,-0.0709096859042837,1.0,1.0,1.0
Tree,TREE B - MARKET + SEC,Momentum,positive_relative_momentum_60d,10.0,0.0,251,251,1.0,222,-0.0002868137730269601,-0.0009723690133882062,0.4541832669322709,0.008684774397423262,0.007752222907562182,0.9322160450040935,-1.565880835183738e-05,-0.00394601970466302,0.08996894228722466,-0.04385979877439711,-0.06330500106027459,-0.08674632783096664,0.9308923183537839,0.5345538408231081,-0.14520197659946055,-0.028334369323339548,-0.007927903809472947,1.0,1.0,1.0
Tree,TREE B - MARKET + SEC,Value,fixed_ex_ante_mature_semiconductor_proxy,10.0,0.0,95,95,1.0,95,0.00022004193842903484,-0.0011832662562313839,0.45263157894736844,0.010515021860829908,0.008293114535863998,1.048473910913496,2.3047391566436974e-05,0.005807942674742117,0.06281483526404129,0.09246132144307172,0.14599225929586873,0.18191494361266997,0.8556901691650917,0.42784508458254583,-0.0734751130813247,0.013938163699895423,0.0038403816410164104,1.0,1.0,1.0
Tree,TREE C - MARKET + SEC + FINBERT,Dividend,fixed_ex_ante_dividend_payers,10.0,0.0,231,231,1.0,213,-0.0010508621142635308,-0.001694436967982436,0.4155844155844156,0.008316049732402972,0.00771177720522638,0.7668317182784511,-0.0002271004344302789,-0.05722930947643028,0.07926657134073259,-0.7219854285159669,-1.0322997338273494,-1.347412541564717,0.17818426699585152,0.9109078665020742,-0.22262059397676293,-0.19529247727782484,-0.05839267776607715,1.0,1.0,1.0
Tree,TREE C - MARKET + SEC + FINBERT,Growth,fixed_ex_ante_growth_companies,10.0,0.0,297,297,1.0,248,-0.0015826577944037603,-0.0025365640242984693,0.4006734006734007,0.008973472505718586,0.008639846028755218,0.694354880801666,-0.0004579899909296736,-0.11541347771427775,0.09760613750665002,-1.1824407835666533,-1.5201609931621871,-2.3409535166049147,0.019450594938745364,0.9902747025306273,-0.37535839248174196,-0.3512379512140954,-0.11291800447241329,1.0,1.0,1.0
Tree,TREE C - MARKET + SEC + FINBERT,Momentum,positive_relative_momentum_60d,10.0,0.0,251,251,1.0,222,-0.0018742849867314983,-0.002065765716217525,0.3904382470119522,0.008385072436086397,0.008445638107229238,0.63592953457224,-0.0004316072650497546,-0.10876503079253816,0.09201747477568686,-1.1820040819168012,-1.5377935856086826,-2.4194115601238515,0.015741638429983856,0.9921291807850081,-0.3445402284261947,-0.3342292566154723,-0.10653801337267088,1.0,1.0,1.0
Tree,TREE C - MARKET + SEC + FINBERT,Value,fixed_ex_ante_mature_semiconductor_proxy,10.0,0.0,95,95,1.0,95,-0.0017415685174093237,-0.0027146476942934133,0.4,0.009688908343572741,0.0093618864247307,0.6899541327467341,-0.00018241346102964247,-0.0459681921794699,0.06437993627139021,-0.7140142541566588,-0.96702702743403,-1.3484652442850853,0.17784577945623267,0.9110771102718837,-0.18333047692579385,-0.15879329205952952,-0.04675510291904306,1.0,1.0,1.0
XGBoost,XGB A - MARKET,Dividend,fixed_ex_ante_dividend_payers,10.0,0.0,231,231,1.0,213,-0.0008801728669780099,-0.0014703432641188213,0.42857142857142855,0.008164961498229595,0.007664023640883713,0.7990216902522617,-0.00018026784468008436,-0.04542749685938126,0.07849808257499369,-0.5787083629206075,-0.8301264414357449,-1.0727369720313094,0.2836747926307445,0.8581626036846277,-0.18943851132848322,-0.1601856763359415,-0.04719228904105843,1.0,1.0,1.0
XGBoost,XGB A - MARKET,Growth,fixed_ex_ante_growth_companies,10.0,0.0,297,297,1.0,248,-0.0024016006417493766,-0.0020851897758460396,0.4175084175084175,0.007524502253827702,0.009516263988868207,0.5667439300510593,-0.0006253942009374947,-0.15759933863624864,0.0985127710229559,-1.5997858653222143,-1.9685502666265684,-3.168811172618459,0.00158196206830467,0.9992090189658477,-0.46975513279259395,-0.4428695215837659,-0.14954403750579015,0.1313028516692876,1.0,1.0
XGBoost,XGB A - MARKET,Momentum,positive_relative_momentum_60d,10.0,0.0,251,251,1.0,222,-0.0014575711348799331,-0.001322463131893879,0.42231075697211157,0.008084692764948258,0.008433295089237094,0.7008161259801203,-0.00029407042532894655,-0.07410574718289453,0.09119896801930852,-0.812572212080349,-1.076513999166222,-1.6794672055423012,0.09340580304080104,0.9532970984795994,-0.277268558226888,-0.2455333182906565,-0.07505314331571711,1.0,1.0,1.0
XGBoost,XGB A - MARKET,Value,fixed_ex_ante_mature_semiconductor_proxy,10.0,0.0,95,95,1.0,95,4.1402160431461296e-05,-0.0010333587241402303,0.47368421052631576,0.009764802209256913,0.008709657883511447,1.0090318248858772,4.336499714430899e-06,0.0010927979280365865,0.0629659764251945,0.017355371743259854,0.025872074388214195,0.03053004209800135,0.9756510583167121,0.48782552915835603,-0.12416512071434493,-0.0031747815483806896,-0.0008801534432849589,1.0,1.0,1.0
XGBoost,XGB B - MARKET + SEC,Dividend,fixed_ex_ante_dividend_payers,10.0,0.0,231,231,1.0,213,-0.0005320156174229905,-0.0014703432641188213,0.42857142857142855,0.008573427429726315,0.0073610979027849705,0.8735205885336761,-7.786932954078882e-05,-0.01962307104427878,0.07785723850981867,-0.25203913495858316,-0.3873166901882335,-0.4375467307780217,0.661819175392616,0.669090412303692,-0.19027930277267535,-0.07825183360712207,-0.022311213966590193,1.0,1.0,1.0
XGBoost,XGB B - MARKET + SEC,Growth,fixed_ex_ante_growth_companies,10.0,0.0,297,297,1.0,248,-0.0019022781237292988,-0.0013820028242798581,0.4478114478114478,0.007457157395724646,0.00949255205109134,0.6370860790117774,-0.0005368004076297802,-0.13527370272270461,0.09757300345563524,-1.3863845319080628,-1.7283367358053274,-2.8018998092000844,0.005188565737874305,0.9974057171310629,-0.4251636174862393,-0.39601703173926417,-0.13031375853898386,0.4202738247678187,1.0,1.0
XGBoost,XGB B - MARKET + SEC,Momentum,positive_relative_momentum_60d,10.0,0.0,251,251,1.0,222,-0.0010945592456025883,-0.0011518413719143732,0.44223107569721115,0.008069338080492408,0.008360220697006478,0.7652707466847624,-0.00020371241916411606,-0.051335529629357245,0.09089446888042643,-0.5647816667138482,-0.7700031414342676,-1.0759689323689723,0.2822275860061677,0.8588862069969161,-0.21543430563548216,-0.18098391491315569,-0.05378586435036381,1.0,1.0,1.0
XGBoost,XGB B - MARKET + SEC,Value,fixed_ex_ante_mature_semiconductor_proxy,10.0,0.0,95,95,1.0,95,0.0002517769076324993,-0.0011518413719143732,0.47368421052631576,0.010020048756973902,0.008539667756774765,1.0560181189862143,2.637134093173921e-05,0.00664557791479828,0.0627878001649845,0.1058418657340441,0.1624421850718102,0.1869168646344915,0.8517676633738962,0.4258838316869481,-0.12123927961130021,0.016994082139544453,0.004677270349983997,1.0,1.0,1.0
XGBoost,XGB C - MARKET + SEC + FINBERT,Dividend,fixed_ex_ante_dividend_payers,10.0,0.0,231,231,1.0,213,-0.0006161325061858206,-0.001172524485316127,0.4329004329004329,0.008323282528168864,0.007440113448441306,0.8539722987950956,-0.00013779639188281502,-0.034724690754469385,0.07840018461584725,-0.442915930933285,-0.6589868673888023,-0.8089559369064133,0.41875287250435145,0.7906235637478243,-0.19178434878389083,-0.12715962544425008,-0.0369607067839276,1.0,1.0,1.0
XGBoost,XGB C - MARKET + SEC + FINBERT,Growth,fixed_ex_ante_growth_companies,10.0,0.0,297,297,1.0,248,-0.0015965732770827274,-0.0013641066525640882,0.4444444444444444,0.007866526729297335,0.009167053282186779,0.6865042876609783,-0.00043005487454835694,-0.10837382838618595,0.09759336906621173,-1.110463030666154,-1.4041367317620155,-2.2666451327097796,0.023646948223212047,0.988176525888394,-0.36688022706935897,-0.3345897891293611,-0.10667202000258014,1.0,1.0,1.0
XGBoost,XGB C - MARKET + SEC + FINBERT,Momentum,positive_relative_momentum_60d,10.0,0.0,251,251,1.0,222,-0.001165456512800799,-0.0013452186996625298,0.41434262948207173,0.008620747857784354,0.008089029672942677,0.7539881474814223,-0.0002469399817939896,-0.062228875412085376,0.09109066518896364,-0.683153156067027,-0.9356727587395438,-1.2773069233836685,0.20182113558995965,0.8990894322050201,-0.23084051687859097,-0.212527516592116,-0.06402102795618114,1.0,1.0,1.0
XGBoost,XGB C - MARKET + SEC + FINBERT,Value,fixed_ex_ante_mature_semiconductor_proxy,10.0,0.0,95,95,1.0,95,-0.00037715516672720106,-0.0010333587241402303,0.45263157894736844,0.009784505753615303,0.008780067081625811,0.9215229825388638,-3.9503573141217304e-05,-0.00995490043158676,0.06331322778284712,-0.15723255282024576,-0.23054593856149322,-0.28194902407941924,0.7780469878092249,0.6109765060953876,-0.12712625282347845,-0.042111080852927585,-0.01184312369046081,1.0,1.0,1.0
CatBoost,CAT A - MARKET,Dividend,fixed_ex_ante_dividend_payers,10.0,0.05,231,176,0.7619047619047619,165,-0.0003057696676241659,-0.0008913673229530277,0.4602272727272727,0.008439163449761812,0.007761975799290105,0.9270187698631346,-6.48170016721929e-05,-0.01633388442139261,0.07008438824717043,-0.23306024108802967,-0.34750698333525804,-0.4380289917959731,0.6614696789202481,0.669265160539876,-0.1478323395641632,-0.06536103952906225,-0.018543919673848386,1.0,1.0,1.0
CatBoost,CAT A - MARKET,Growth,fixed_ex_ante_growth_companies,10.0,0.05,297,228,0.7676767676767676,203,-0.001600177006496011,-0.0010515834638992732,0.4605263157894737,0.008085269570087136,0.009868241157237724,0.6994214347950501,-0.0003050420770619459,-0.07687060341961037,0.0943287993555713,-0.814921889653737,-1.0552938653486783,-1.690172645966977,0.0913389252874152,0.9543305373562924,-0.29910269398464373,-0.2538106636260258,-0.07787440484698782,1.0,1.0,1.0
CatBoost,CAT A - MARKET,Momentum,positive_relative_momentum_60d,10.0,0.05,251,197,0.7848605577689243,179,-0.001211344004758769,-0.0009665631126434798,0.4619289340101523,0.007850653235241875,0.008990983144759324,0.7496078717061362,-0.00019560333986923503,-0.04929204164704723,0.08392101754376775,-0.5873622971902087,-0.7885776821774593,-1.2186512811033756,0.22329379639210004,0.88835310180395,-0.19546242645282097,-0.1731303700655059,-0.05128201507470931,1.0,1.0,1.0
CatBoost,CAT A - MARKET,Value,fixed_ex_ante_mature_semiconductor_proxy,10.0,0.05,95,76,0.8,76,0.0002902186949287331,-0.00017291904097235626,0.4868421052631579,0.009257397896424942,0.008217105162901004,1.0688264746098801,2.431821479005925e-05,0.006128190127094931,0.05384368677952751,0.11381445984907924,0.1797253326515989,0.2107210279948577,0.8331523482049616,0.4165761741024808,-0.08789491688152173,0.017010771892870258,0.004681835982171867,1.0,1.0,1.0
CatBoost,CAT B - MARKET + SEC,Dividend,fixed_ex_ante_dividend_payers,10.0,0.05,231,188,0.8138528138528138,178,-0.00022762763762312663,-0.001220073392277336,0.4308510638297872,0.009256810582302629,0.007407436009716456,0.9460077837810115,-5.0102176611082755e-05,-0.012625748505992854,0.07728046367408754,-0.16337568262063004,-0.24873546674883784,-0.2975064089207343,0.766148117714125,0.6169259411429375,-0.12398761852944473,-0.054597152499171187,-0.015426886697230247,1.0,1.0,1.0
CatBoost,CAT B - MARKET + SEC,Growth,fixed_ex_ante_growth_companies,10.0,0.05,297,248,0.835016835016835,211,-0.0011908296844010532,-0.000938296897822764,0.46774193548387094,0.007607823514622089,0.008922979465360784,0.7492635295823767,-0.0002772077084467558,-0.06985634252858247,0.08702637899731283,-0.8027030807605987,-1.0335404045419123,-1.5044761618015825,0.13280731903573267,0.9335963404821337,-0.2580492329730608,-0.23289901653890344,-0.07078969342351915,1.0,1.0,1.0
CatBoost,CAT B - MARKET + SEC,Momentum,positive_relative_momentum_60d,10.0,0.05,251,210,0.8366533864541833,188,-0.0007673416421120115,-0.0011461103876615458,0.4380952380952381,0.008849954507290729,0.00826557253825652,0.8347836159167571,-8.64749068350925e-05,-0.02179167652244331,0.08597119801372068,-0.2534764784709112,-0.3590332309098099,-0.5016871642335549,0.6160094808153675,0.6919952595923162,-0.1324463856750705,-0.08763534808568552,-0.02507754529532491,1.0,1.0,1.0
CatBoost,CAT B - MARKET + SEC,Value,fixed_ex_ante_mature_semiconductor_proxy,10.0,0.05,95,82,0.8631578947368421,82,-0.0009132236998162992,-0.0013412104065223234,0.4268292682926829,0.010654523620716937,0.009527503619362327,0.8327700554666597,-8.256267186872823e-05,-0.020805793310919512,0.06259382972077844,-0.3323936784780704,-0.46460332969398793,-0.5976983642245449,0.5501905775779683,0.7249047112110159,-0.13189078630503626,-0.07866434605883144,-0.022432396806269406,1.0,1.0,1.0
CatBoost,CAT C - MARKET + SEC + FINBERT,Dividend,fixed_ex_ante_dividend_payers,10.0,0.05,231,180,0.7792207792207793,170,0.000821780259392563,-0.000386671542025983,0.4722222222222222,0.00924720910060073,0.006716761335372637,1.2318166830472215,0.00015947482190494314,0.04018765512004567,0.07089843849049601,0.5668341359229351,0.9939129664823539,1.0319639900408126,0.3023643799408023,0.15118218997040114,-0.10390415316498602,0.1452906552216291,0.03828028175654041,1.0,1.0,1.0
CatBoost,CAT C - MARKET + SEC + FINBERT,Growth,fixed_ex_ante_growth_companies,10.0,0.05,297,241,0.8114478114478114,210,-0.0009198637039895726,-0.0012952171924790461,0.46473029045643155,0.008132482043848546,0.008779264663352902,0.8042541003958005,-0.00022693057916108053,-0.057186505948592294,0.0850808519552618,-0.6721430807799476,-0.8881917844796464,-1.312393304969026,0.1897198406684674,0.9051400796657663,-0.2573376312468726,-0.19660035807865706,-0.05881671180343173,1.0,1.0,1.0
CatBoost,CAT C - MARKET + SEC + FINBERT,Momentum,positive_relative_momentum_60d,10.0,0.05,251,192,0.7649402390438247,178,4.386805398410022e-05,-0.0006285887976215359,0.4739583333333333,0.00841955988461269,0.007502547357770372,1.011115256233636,2.341292908580846e-05,0.005900058129623732,0.07651744675712949,0.07710735759846818,0.11202982021602997,0.155281897507276,0.8766336740377889,0.43831683701889446,-0.10217837549688358,0.01077116007957235,0.0029711446097107075,1.0,1.0,1.0
CatBoost,CAT C - MARKET + SEC + FINBERT,Value,fixed_ex_ante_mature_semiconductor_proxy,10.0,0.05,95,71,0.7473684210526316,71,0.0009832197843422554,-0.00031367453861763477,0.4788732394366197,0.010098742285223991,0.007393206297549067,1.2551963207431671,7.696648807971352e-05,0.01939555499608781,0.05188249287751079,0.3738362195100901,0.6379506980740386,0.6997522114056024,0.4842616874724836,0.2421308437362418,-0.06242597879853151,0.06715586629591419,0.018161563080845378,1.0,1.0,1.0
LSTM,LSTM A - MARKET SEQUENCE,Dividend,fixed_ex_ante_dividend_payers,10.0,0.05,231,118,0.5108225108225108,110,-0.0015900055969847416,-0.0022028980412940307,0.3898305084745763,0.009626686762605158,0.008756225715611623,0.702401172513925,-0.00017817717823253744,-0.04490064891459943,0.0647265542388445,-0.6936975008574316,-0.9692806041940556,-1.1968378564381805,0.23168283638019319,0.8841585818099034,-0.16405566344508982,-0.15560993685297253,-0.04575754301789248,1.0,1.0,1.0
LSTM,LSTM A - MARKET SEQUENCE,Growth,fixed_ex_ante_growth_companies,10.0,0.05,297,159,0.5353535353535354,142,-0.001048198754712573,-0.0009723690133882062,0.44654088050314467,0.008732711416013405,0.008939614915184668,0.7881447259034726,-0.000134763060409027,-0.033960291223074805,0.08019150045703449,-0.4234899088996379,-0.5861809935843795,-0.795223650465261,0.4266916942413652,0.7866541528793174,-0.1859888747557369,-0.12524339118591277,-0.03637570284017766,1.0,1.0,1.0
LSTM,LSTM A - MARKET SEQUENCE,Momentum,positive_relative_momentum_60d,10.0,0.05,251,129,0.5139442231075697,118,-0.0009067014599259236,-0.0011518413719143732,0.43410852713178294,0.0093661964902467,0.008787280709373417,0.8176622190877004,-8.282730280696158e-05,-0.020872480307354318,0.07333364610423007,-0.2846235175282024,-0.40197427284493037,-0.5355735003465087,0.5923847886853727,0.7038076056573137,-0.1364322771376305,-0.0812899638912975,-0.023204639541394956,1.0,1.0,1.0
LSTM,LSTM A - MARKET SEQUENCE,Value,fixed_ex_ante_mature_semiconductor_proxy,10.0,0.05,95,49,0.5157894736842106,49,-0.0019622444094007214,-0.001209073692400085,0.40816326530612246,0.010838909417593894,0.010790626359052183,0.6927410601051333,-0.000106008793892652,-0.026714216060948304,0.05147758242309646,-0.5189485364985289,-0.6836363961414635,-0.9185599482537521,0.35857026219375543,0.8207148689031223,-0.12258510992770655,-0.09600164222817653,-0.02756139450474504,1.0,1.0,1.0
LSTM,LSTM B - MARKET SEQUENCE + SEC,Dividend,fixed_ex_ante_dividend_payers,10.0,0.05,231,114,0.4935064935064935,104,0.00012399377409520572,-0.00033110894742874146,0.49122807017543857,0.008918221602954805,0.008366984819286476,1.0291278048271397,4.238777564991606e-05,0.010681719463778848,0.0605850669585383,0.17630944389463063,0.28541597332164786,0.3064265318279509,0.7593503143905449,0.37967515719527245,-0.10465270296654905,0.03239702585018733,0.008868034945578307,1.0,1.0,1.0
LSTM,LSTM B - MARKET SEQUENCE + SEC,Growth,fixed_ex_ante_growth_companies,10.0,0.05,297,164,0.5521885521885522,138,-2.1812388679020383e-05,-0.0009594139840572152,0.47560975609756095,0.01028877971086727,0.00937327964175589,0.9955623090811522,-6.275722582432599e-05,-0.015814820907730148,0.08126701916633675,-0.1946031867535401,-0.27949419571169903,-0.35773161724668084,0.7206274902469576,0.6396862548765212,-0.11227318240678952,-0.06647296111487921,-0.0188673892698078,1.0,1.0,1.0
LSTM,LSTM B - MARKET SEQUENCE + SEC,Momentum,positive_relative_momentum_60d,10.0,0.05,251,111,0.44223107569721115,103,-0.0004686269712027714,-0.0011307979144103402,0.45045045045045046,0.009787667985165605,0.008875426115767015,0.9039203945501979,-4.6156236209637546e-05,-0.011631371524828661,0.06946452104683923,-0.16744334157268204,-0.2499418672881471,-0.31152741392046374,0.755471375405511,0.6222643122972444,-0.12272622168674296,-0.04925139089858244,-0.013888377108476457,1.0,1.0,1.0
LSTM,LSTM B - MARKET SEQUENCE + SEC,Value,fixed_ex_ante_mature_semiconductor_proxy,10.0,0.05,95,53,0.5578947368421052,53,-0.0002490533090011844,9.232330532961755e-06,0.5094339622641509,0.008304472106095692,0.009131560470832556,0.9444031944981245,-1.4553280459826622e-05,-0.0036674266758763086,0.04585932775498719,-0.07997122625674505,-0.11763100864579855,-0.15355621827301308,0.8779938549229125,0.5610030725385438,-0.09291105700796332,-0.016827889693736386,-0.004688511727795941,1.0,1.0,1.0
LSTM,LSTM C - MARKET SEQUENCE + SEC + FINBERT,Dividend,fixed_ex_ante_dividend_payers,10.0,0.05,231,122,0.5281385281385281,113,-0.00038150390872704104,9.660656874702252e-05,0.5081967213114754,0.008976655529290311,0.010051601994678304,0.9228257729641158,-2.2784658342691737e-05,-0.005741733902358318,0.0696105985096998,-0.0824836163642271,-0.12061280851721949,-0.1523482149545385,0.8789462184570109,0.5605268907714945,-0.12540697385531485,-0.02893205817236466,-0.008096925944144906,1.0,1.0,1.0
LSTM,LSTM C - MARKET SEQUENCE + SEC + FINBERT,Growth,fixed_ex_ante_growth_companies,10.0,0.05,297,178,0.5993265993265994,153,0.000247301863363626,0.0005704591941937415,0.5280898876404494,0.009744012777300567,0.010379969873661046,1.0504861219372594,5.091650944588368e-06,0.0012830960380362689,0.09033475086532299,0.01420379229195189,0.020243231913557633,0.026059403304468914,0.9792156960963927,0.48960784804819635,-0.11905619975337944,-0.010004489865575228,-0.002780465205497795,1.0,1.0,1.0
LSTM,LSTM C - MARKET SEQUENCE + SEC + FINBERT,Momentum,positive_relative_momentum_60d,10.0,0.05,251,131,0.5219123505976095,122,-0.0006711222780347229,-0.0009665631126434798,0.4732824427480916,0.010129319828832375,0.010375867359567475,0.8771996939505571,-8.217467313629805e-05,-0.020708017630347107,0.0815244792688797,-0.25400981172843834,-0.36094475130641246,-0.47419933042413726,0.6354720322454015,0.6822639838772993,-0.14334697991370482,-0.08283442343505898,-0.02365963936729598,1.0,1.0,1.0
LSTM,LSTM C - MARKET SEQUENCE + SEC + FINBERT,Value,fixed_ex_ante_mature_semiconductor_proxy,10.0,0.05,95,51,0.5368421052631579,51,-0.0006458293131406692,-0.0011518413719143732,0.49019607843137253,0.010791952446858011,0.011643696390062479,0.891201299409045,-3.63145479274246e-05,-0.009151266077710999,0.054507729407559824,-0.16788932830582715,-0.23778848393751129,-0.29871020787482,0.7652296661774326,0.6173851669112838,-0.12258510992770644,-0.03755221351928284,-0.010543052176307466,1.0,1.0,1.0
Logistic,MODEL A - MARKET,Dividend,fixed_ex_ante_dividend_payers,10.0,0.05,231,163,0.7056277056277056,151,-0.00039760535655110357,-0.001322463131893879,0.4294478527607362,0.009875912997300854,0.008130361106762254,0.9142869306274172,-5.172793669757639e-05,-0.01303544004778925,0.0753548337172546,-0.17298744360183524,-0.25618658142793266,-0.331345702598552,0.740459998027493,0.6297700009862535,-0.13822947687492237,-0.05550532872313452,-0.01568888441798033,1.0,1.0,1.0
Logistic,MODEL A - MARKET,Growth,fixed_ex_ante_growth_companies,10.0,0.05,297,209,0.7037037037037037,182,-0.0008613481215251511,-0.0012952171924790461,0.44976076555023925,0.008735137214097615,0.008705431787164632,0.8201804776203984,-0.00022518032406985928,-0.05674544166560454,0.08589031694870822,-0.6606733294451768,-0.8752850714261934,-1.2791132691707499,0.20118467767660464,0.8994076611616977,-0.19531274279293398,-0.19552605969681425,-0.058468372022794646,1.0,1.0,1.0
Logistic,MODEL A - MARKET,Momentum,positive_relative_momentum_60d,10.0,0.05,251,183,0.7290836653386454,168,-0.0010731514701647674,-0.0013641066525640882,0.41530054644808745,0.009403402835800176,0.008514442379074448,0.7844380388218644,-0.00017333514050177964,-0.043680455406448465,0.08401482178845592,-0.5199136828074591,-0.723988556401617,-1.0096214890049684,0.31294622827159735,0.8435268858642013,-0.18859791858938357,-0.15626062575487465,-0.0459612263466781,1.0,1.0,1.0
Logistic,MODEL A - MARKET,Value,fixed_ex_ante_mature_semiconductor_proxy,10.0,0.05,95,73,0.7684210526315789,73,-0.00033840627288053097,-0.0003924424946338805,0.4931506849315068,0.01017487567865879,0.010567545468972846,0.9368191570844783,-2.723666804881895e-05,-0.0068636403483023755,0.061195977273933326,-0.11215835834402095,-0.15967535016200463,-0.20831754593921953,0.8350278535891533,0.5824860732054233,-0.1563231430784925,-0.030944020608633993,-0.008666447943795341,1.0,1.0,1.0
Logistic,MODEL B - MARKET + SEC,Dividend,fixed_ex_ante_dividend_payers,10.0,0.05,231,179,0.7748917748917749,167,-0.0005354459328112297,-0.0007493759217658252,0.4581005586592179,0.008666449546360025,0.00831436788427559,0.8811586206034814,-3.9027720408179736e-05,-0.009834985542861293,0.07582736226493102,-0.12970232972761367,-0.19316964923658414,-0.25063459542085975,0.8021534580950765,0.5989232709524617,-0.1412781794077964,-0.04467901778836403,-0.012577404044877172,1.0,1.0,1.0
Logistic,MODEL B - MARKET + SEC,Growth,fixed_ex_ante_growth_companies,10.0,0.05,297,230,0.7744107744107744,199,-2.1234211521558075e-05,-0.0006573569246317284,0.48695652173913045,0.009233780141658978,0.008805654614540371,0.9952997568966442,-3.268289958323283e-05,-0.008236090694974673,0.09355811058484874,-0.08803181940602879,-0.12530757211040305,-0.16289641109610029,0.8706363223232738,0.5646818388383631,-0.13791866193731872,-0.04437107237233173,-0.012489274341122125,1.0,1.0,1.0
Logistic,MODEL B - MARKET + SEC,Momentum,positive_relative_momentum_60d,10.0,0.05,251,194,0.7729083665338645,175,-0.0004997635576763508,-0.0008563139186062146,0.4742268041237113,0.008929310120349743,0.009004418247660672,0.8944373015573243,-6.348090400499575e-05,-0.015997187809258927,0.08786750039909347,-0.18206034923720185,-0.2578841325863006,-0.3430297682652507,0.7316556410517313,0.6341721794741344,-0.15621103095140632,-0.06895619549343379,-0.01959079519258844,1.0,1.0,1.0
Logistic,MODEL B - MARKET + SEC,Value,fixed_ex_ante_mature_semiconductor_proxy,10.0,0.05,95,84,0.8842105263157894,84,-0.0004921468568449555,4.689791986828458e-05,0.5119047619047619,0.00886479133033376,0.010305521053154344,0.9021591560254177,-4.5579201736467746e-05,-0.011485958837589872,0.062132383349064506,-0.18486267898433695,-0.2604314505337297,-0.3459725001912425,0.7294437039570268,0.6352781480214866,-0.1530966992835735,-0.047132199803616937,-0.013280205347602991,1.0,1.0,1.0
Logistic,MODEL C - MARKET + SEC + FINBERT,Dividend,fixed_ex_ante_dividend_payers,10.0,0.05,231,179,0.7748917748917749,167,-0.0006093342949004082,-0.0007493759217658252,0.4581005586592179,0.008653200504438597,0.00843951835207359,0.8667647145165704,-5.360987786569128e-05,-0.013509689222154203,0.07610636786791997,-0.17751062888193292,-0.26287912435850774,-0.34488176995255004,0.7302633015586946,0.6348683492206527,-0.13296748309325856,-0.05730419003473031,-0.016208372108634905,1.0,1.0,1.0
Logistic,MODEL C - MARKET + SEC + FINBERT,Growth,fixed_ex_ante_growth_companies,10.0,0.05,297,225,0.7575757575757576,194,-0.0003766389619628166,-0.000766168882486205,0.48,0.008786509521431864,0.008834929869711756,0.9180179461791276,-0.00012610921693141417,-0.03177952266671637,0.08814343742185748,-0.3605432644363357,-0.4838999909876682,-0.6893220266830422,0.4907971392976034,0.7546014303511983,-0.1386027669454749,-0.12050655877252181,-0.03493356916358081,1.0,1.0,1.0
Logistic,MODEL C - MARKET + SEC + FINBERT,Momentum,positive_relative_momentum_60d,10.0,0.05,251,193,0.7689243027888446,174,-0.0008338015186864371,-0.0009665631126434798,0.46632124352331605,0.008567007446487513,0.009048100614469501,0.8273266380358744,-0.0001340096393051835,-0.03377042910490624,0.08443517283321683,-0.39995688966744136,-0.5409401289620704,-0.7871998741207347,0.4313707465238609,0.7843146267380695,-0.1480448545399532,-0.1257573821345518,-0.036532527260517145,1.0,1.0,1.0
Logistic,MODEL C - MARKET + SEC + FINBERT,Value,fixed_ex_ante_mature_semiconductor_proxy,10.0,0.05,95,86,0.9052631578947369,86,-0.0005229589711297505,4.689791986828458e-05,0.5116279069767442,0.008883272989179356,0.010377106739072625,0.8968093152230373,-4.9585966391574986e-05,-0.012495663530676897,0.06273499689798698,-0.19918170317272868,-0.2798061842685599,-0.37278601881496354,0.7093949019822445,0.6453025490088777,-0.1449003824190731,-0.0507178127777973,-0.014309789271558904,1.0,1.0,1.0
TabNet,TABNET A - MARKET,Dividend,fixed_ex_ante_dividend_payers,10.0,0.05,231,95,0.41125541125541126,92,-0.0027511507813889804,-0.0016258734978650251,0.42105263157894735,0.006991297495568689,0.009836567710085469,0.5169059113540173,-0.0002640186166356265,-0.06653269139217788,0.05879804957483336,-1.131545890948313,-1.4075781943472352,-1.979723632753962,0.04803686354976784,0.9759815682251161,-0.2178680462690512,-0.2178680462690512,-0.06578311834057726,1.0,1.0,1.0
TabNet,TABNET A - MARKET,Growth,fixed_ex_ante_growth_companies,10.0,0.05,297,132,0.4444444444444444,118,-0.0020120550594301535,-0.000629663782214766,0.4621212121212121,0.00695227736214721,0.00971380544979944,0.6149066293686081,-0.0002519898375462163,-0.0635014390616465,0.07002059389743809,-0.9068966075132061,-1.10891334900461,-1.782892793494904,0.07493849314016746,0.9625307534299162,-0.21598462786373152,-0.21138166002876568,-0.06364408290493373,1.0,1.0,1.0
TabNet,TABNET A - MARKET,Momentum,positive_relative_momentum_60d,10.0,0.05,251,103,0.4103585657370518,95,-0.0023833287043270525,-0.0009723690133882062,0.42718446601941745,0.007684959965504759,0.009891882966574507,0.5793797403194397,-0.00021865032380065643,-0.05509988159776542,0.06403228943334018,-0.8605015076827185,-1.054521621893198,-1.6531734951044006,0.09864199679049451,0.9506790016047527,-0.18884660967549938,-0.1859702503031725,-0.05538462025139779,1.0,1.0,1.0
TabNet,TABNET A - MARKET,Value,fixed_ex_ante_mature_semiconductor_proxy,10.0,0.05,95,46,0.4842105263157895,46,-0.004513421878798457,-0.003419363415192887,0.41304347826086957,0.007441113057285107,0.01292587238937578,0.40510525404795483,-0.00022890563001623927,-0.0576842187640923,0.048722753796815677,-1.1839277189595616,-1.3625866532423265,-2.1658740904975304,0.03058105696213479,0.9847094715189326,-0.19215702827458692,-0.19098915899115765,-0.05700098697296185,1.0,1.0,1.0
TabNet,TABNET B - MARKET + SEC,Dividend,fixed_ex_ante_dividend_payers,10.0,0.05,231,117,0.5064935064935064,108,-0.00015622753209355706,0.0001240791360923605,0.5213675213675214,0.007427504387343425,0.00841707837290884,0.9612212294432539,-1.024156168730601e-05,-0.0025808735452011147,0.054626142075688514,-0.04724612515423707,-0.0680736470692561,-0.09227227507578858,0.9265021140515973,0.5367489429742014,-0.09832738984011657,-0.014540672312535086,-0.004047866794805288,1.0,1.0,1.0
TabNet,TABNET B - MARKET + SEC,Growth,fixed_ex_ante_growth_companies,10.0,0.05,297,158,0.531986531986532,143,-0.0017589944890378706,-0.0029350347565630912,0.379746835443038,0.009018502172358306,0.008357461832749815,0.6606709133415766,-0.00029749702758353184,-0.07496925095105002,0.07084426361820446,-1.0582261304186327,-1.403713795882236,-1.9409490435319536,0.052574304027497805,0.9737128479862511,-0.28007964001633345,-0.24338907140503363,-0.07432594782004642,1.0,1.0,1.0
TabNet,TABNET B - MARKET + SEC,Momentum,positive_relative_momentum_60d,10.0,0.05,251,139,0.5537848605577689,126,-0.0009457280215372947,-0.0013654308375540252,0.4676258992805755,0.008066896660018858,0.008862222674255536,0.7995497142446328,-0.00013882933682604165,-0.0349849928801625,0.06783204460646498,-0.5157590794016568,-0.6707699435357537,-0.9911004096739441,0.321901168910035,0.8390494155449825,-0.22615454738692364,-0.12561513725097617,-0.03648912007567673,1.0,1.0,1.0
TabNet,TABNET B - MARKET + SEC,Value,fixed_ex_ante_mature_semiconductor_proxy,10.0,0.05,95,45,0.47368421052631576,45,0.0005749203221550271,0.0008373266406072073,0.5555555555555556,0.009244607476540458,0.010262188620826765,1.1260521290968624,2.8524161518165616e-05,0.007188088702577735,0.04473007301623509,0.16069923918900755,0.23759163676315415,0.28980596183804663,0.7720309970548529,0.38601549852742645,-0.054078063266092546,0.02252877353660465,0.006188374163761834,1.0,1.0,1.0
TabNet,TABNET C - MARKET + SEC + FINBERT,Dividend,fixed_ex_ante_dividend_payers,10.0,0.05,231,123,0.5324675324675324,116,-0.0011315701070351287,-0.0005078016734772466,0.4715447154471545,0.007971787138466307,0.009254565803021027,0.768624605032359,-0.0001566866072830208,-0.039485025035321246,0.0625922276532712,-0.6308295217426676,-0.8231840793874448,-1.0899414843622428,0.2760287262355176,0.8619856368822412,-0.1438682799566109,-0.13859320372595973,-0.04047068370546236,1.0,1.0,1.0
TabNet,TABNET C - MARKET + SEC + FINBERT,Growth,fixed_ex_ante_growth_companies,10.0,0.05,297,179,0.6026936026936027,166,-0.0015257940369007613,-0.0016052375576555682,0.441340782122905,0.008974266973159176,0.009820842234848113,0.7219004988837799,-0.0003050954997977105,-0.07688406594902304,0.08772584670359311,-0.8764129254722144,-1.1364249546280152,-1.6716385842507806,0.09494092286225224,0.9525295385688739,-0.2832880870568226,-0.25222260960011333,-0.07733138230842862,1.0,1.0,1.0
TabNet,TABNET C - MARKET + SEC + FINBERT,Momentum,positive_relative_momentum_60d,10.0,0.05,251,150,0.5976095617529881,137,-0.001653460905612027,-0.0012130075534446932,0.43333333333333335,0.008580701696273799,0.0094795852482306,0.6921941087117923,-0.00026727778290758534,-0.0673540012927115,0.07716073928814347,-0.8729050798903004,-1.1432199927004252,-1.6506027854670264,0.09916628947690756,0.9504168552615462,-0.23641565922047547,-0.2236652795510503,-0.06770577224720942,1.0,1.0,1.0
TabNet,TABNET C - MARKET + SEC + FINBERT,Value,fixed_ex_ante_mature_semiconductor_proxy,10.0,0.05,95,50,0.5263157894736842,50,-6.779507159072406e-05,0.0007094735499260391,0.58,0.009084839871829358,0.012707148088694649,0.9872971625108876,-3.737324784494163e-06,-0.0009418058456925291,0.051193687637136616,-0.018396913548562776,-0.02559286968112682,-0.03166316855750075,0.9747476410894355,0.5126261794552822,-0.11614145104569185,-0.008072447114465975,-0.0022419307171448466,1.0,1.0,1.0
Transformer,TRANSFORMER A - MARKET SEQUENCE,Dividend,fixed_ex_ante_dividend_payers,10.0,0.05,231,125,0.5411255411255411,119,-0.0014795386743433506,-0.00226312832115033,0.384,0.008264378016498965,0.0075536685595437554,0.6820288739997739,-0.0001570088422143122,-0.03956622823800667,0.057732468742176725,-0.6853375422884244,-0.9792319589419106,-1.2245065808854678,0.22107947940182318,0.8894602602990884,-0.1614492802582429,-0.1379098557179811,-0.04025996029079015,1.0,1.0,1.0
Transformer,TRANSFORMER A - MARKET SEQUENCE,Growth,fixed_ex_ante_growth_companies,10.0,0.05,297,176,0.5925925925925926,157,-0.0005937197790365234,-0.0008481518617027544,0.44886363636363635,0.009087305711821274,0.008478266312827927,0.8729380849849203,-0.00013180865785515967,-0.033215781779500235,0.08015215375265831,-0.4144090985003458,-0.5623702182347482,-0.803169504629069,0.4220874219463265,0.7889562890268368,-0.17521401671285097,-0.12289594330856113,-0.03566031594288688,1.0,1.0,1.0
Transformer,TRANSFORMER A - MARKET SEQUENCE,Momentum,positive_relative_momentum_60d,10.0,0.05,251,136,0.5418326693227091,123,-0.0012338175686376022,-0.0010768566280021635,0.4338235294117647,0.008125443994475762,0.00840519980530888,0.7407307022346155,-0.00014905199595403412,-0.0375611029804166,0.0685147459079009,-0.5482192553250814,-0.7271400637221583,-1.0087055925482742,0.313385164773654,0.843307417613173,-0.18162067753111977,-0.1338173054597681,-0.039000465487859515,1.0,1.0,1.0
Transformer,TRANSFORMER A - MARKET SEQUENCE,Value,fixed_ex_ante_mature_semiconductor_proxy,10.0,0.05,95,55,0.5789473684210527,55,-0.0010512850946429932,-0.00296664127585977,0.4,0.012010743772303224,0.009759304339273807,0.820464475387457,-6.374937178099739e-05,-0.01606484168881134,0.053659299082987534,-0.29938597714379456,-0.4271125234684017,-0.522264051004242,0.6016141637960759,0.699192918101962,-0.1271502341434083,-0.06104964196550666,-0.017292314060669556,1.0,1.0,1.0
Transformer,TRANSFORMER B - MARKET SEQUENCE + SEC,Dividend,fixed_ex_ante_dividend_payers,10.0,0.05,231,151,0.6536796536796536,140,-8.37374455226764e-05,-0.001209073692400085,0.46357615894039733,0.008836517680936067,0.007792599900487023,0.9799677718376772,2.832137462779203e-05,0.007136986406203591,0.06691980297910446,0.10664984187762923,0.17117798608496076,0.1931185491974034,0.8469094089996316,0.4234547044998158,-0.13625599635036656,0.017836357183985685,0.004907614673982819,1.0,1.0,1.0
Transformer,TRANSFORMER B - MARKET SEQUENCE + SEC,Growth,fixed_ex_ante_growth_companies,10.0,0.05,297,195,0.6565656565656566,171,-0.0010643608845569553,-0.0014634359757015308,0.4512820512820513,0.009004503489985142,0.009345296071096252,0.7924385602539167,-0.00025021102040326016,-0.06305317714162156,0.086697451468094,-0.7272783233406359,-0.949456816095467,-1.3971144875189758,0.16272121817016685,0.9186393909149165,-0.23965363374772342,-0.21379777441476144,-0.06443936030844533,1.0,1.0,1.0
Transformer,TRANSFORMER B - MARKET SEQUENCE + SEC,Momentum,positive_relative_momentum_60d,10.0,0.05,251,160,0.6374501992031872,143,-0.0012387139698641636,-0.0014564847219022386,0.4375,0.008216030409217949,0.008592404042483584,0.7437087271781878,-0.0001875942692593863,-0.047273755853365344,0.07203603750191057,-0.6562514748553672,-0.8890662664157775,-1.2162097348186618,0.22422180347283976,0.8878890982635801,-0.19976371764371859,-0.1643129376189777,-0.04849126923492264,1.0,1.0,1.0
Transformer,TRANSFORMER B - MARKET SEQUENCE + SEC,Value,fixed_ex_ante_mature_semiconductor_proxy,10.0,0.05,95,66,0.6947368421052632,66,0.000968834494794093,0.0004443216703118331,0.5454545454545454,0.009576019373176932,0.009359787359265313,1.2277226828702559,7.049953324852279e-05,0.017765882378627744,0.05260159714342415,0.3377441625999887,0.5625984532726778,0.6608743945208961,0.5088608747184612,0.2544304373592306,-0.05914442828538202,0.060771694217844674,0.01647119839817557,1.0,1.0,1.0
Transformer,TRANSFORMER C - MARKET SEQUENCE + SEC + FINBERT,Dividend,fixed_ex_ante_dividend_payers,10.0,0.05,231,95,0.41125541125541126,89,-0.0011867588929646122,-0.0018411979510769543,0.3894736842105263,0.009682860297784951,0.008120826307753128,0.7606365229878976,-8.08783743191682e-05,-0.020381350328430387,0.05437290902579674,-0.37484384583434077,-0.5480941601761796,-0.7194191482141633,0.4720682264003819,0.763965886799809,-0.10161226459506567,-0.07564614813271298,-0.021546652514717657,1.0,1.0,1.0
Transformer,TRANSFORMER C - MARKET SEQUENCE + SEC + FINBERT,Growth,fixed_ex_ante_growth_companies,10.0,0.05,297,130,0.4377104377104377,117,-0.0012240015930590612,-0.0027609283299725434,0.3923076923076923,0.011600796097741681,0.009503301368132959,0.7880547234423675,-0.00019907637536887275,-0.05016724659295593,0.08045469075175946,-0.6235465716690837,-0.859068911768599,-1.174653576419224,0.2404419800206052,0.8797790099896974,-0.2146921629800228,-0.1748738026504616,-0.051836362480694786,1.0,1.0,1.0
Transformer,TRANSFORMER C - MARKET SEQUENCE + SEC + FINBERT,Momentum,positive_relative_momentum_60d,10.0,0.05,251,92,0.3665338645418327,82,-0.0011181052385695683,-0.0015767760735628227,0.41304347826086957,0.011008244232504679,0.009651462273769965,0.8026288678288119,-6.806374037239143e-05,-0.017152062573842643,0.06802281310253953,-0.25215162078032755,-0.3715584060042706,-0.44206895960559683,0.6585448066126232,0.6707275966936884,-0.11222641015064472,-0.06762972222562547,-0.019204198958838625,1.0,1.0,1.0
Transformer,TRANSFORMER C - MARKET SEQUENCE + SEC + FINBERT,Value,fixed_ex_ante_mature_semiconductor_proxy,10.0,0.05,95,43,0.45263157894736844,43,-0.0005547691690990012,-0.0015677507441419474,0.46511627906976744,0.011268294522009979,0.01083569411788942,0.9042814303408381,-2.6301074168971408e-05,-0.006627870690580795,0.047091735502096436,-0.14074381884451326,-0.20585820443226574,-0.26938284054559486,0.7876964269019785,0.6061517865490107,-0.06284954355249495,-0.02744739358505388,-0.007677211919977833,1.0,1.0,1.0
Tree,TREE A - MARKET,Dividend,fixed_ex_ante_dividend_payers,10.0,0.05,231,171,0.7402597402597403,158,-0.0009307080183790878,-0.0017368716788496701,0.4327485380116959,0.008024677023434663,0.007762651246154527,0.7886375878335574,-0.00015080960807219734,-0.03800402123419373,0.06611428617381414,-0.5748231348105514,-0.7856891886344425,-1.0826638032051854,0.279245734385916,0.860377132807042,-0.14741793460528163,-0.13468517440053895,-0.03926719473159879,1.0,1.0,1.0
Tree,TREE A - MARKET,Growth,fixed_ex_ante_growth_companies,10.0,0.05,297,229,0.7710437710437711,199,-0.002344743774809364,-0.002448879455056561,0.39737991266375544,0.007647789475813229,0.008934022947321365,0.5644833892444139,-0.0004982401803546421,-0.1255565254493698,0.08063227075878492,-1.5571498144332043,-1.8414598207386246,-2.81178998224872,0.005033046790586292,0.9974834766047068,-0.37390544602053155,-0.3711143872457162,-0.12052883242600809,0.41774288361866224,1.0,1.0
Tree,TREE A - MARKET,Momentum,positive_relative_momentum_60d,10.0,0.05,251,194,0.7729083665338645,174,-0.001214612336970098,-0.0015214767973805426,0.4175257731958763,0.008493215042555303,0.008173320458576803,0.7448694604929078,-0.00016880835588890388,-0.042539705684003774,0.07798274486524275,-0.5455015177718361,-0.7341396766573198,-0.960970820543576,0.3368232301108055,0.8315883849445973,-0.15133129847662408,-0.15133129847662408,-0.0444210318452265,1.0,1.0,1.0
Tree,TREE A - MARKET,Value,fixed_ex_ante_mature_semiconductor_proxy,10.0,0.05,95,70,0.7368421052631579,70,-0.00119024920710904,-0.002782484351741053,0.44285714285714284,0.009928295312734814,0.010028066645959285,0.7869634490742685,-9.186046802385088e-05,-0.023148837942010423,0.056578677648576235,-0.40914420244660754,-0.5583390426478955,-0.7586625730093247,0.4482517451657676,0.7758741274171161,-0.1338940142414481,-0.08523149461402746,-0.024366918182776254,1.0,1.0,1.0
Tree,TREE B - MARKET + SEC,Dividend,fixed_ex_ante_dividend_payers,10.0,0.05,231,171,0.7402597402597403,158,-0.0002675053105501974,-0.0011832662562313839,0.4502923976608187,0.00836845622343652,0.007341644013922297,0.9337162084971089,-2.8991725738993235e-05,-0.007305914886226295,0.06523863969981464,-0.11198754173666582,-0.17096909545910285,-0.21123944428457714,0.8327479375162062,0.5836260312418968,-0.12110919000630138,-0.033352131500047455,-0.009349232074741143,1.0,1.0,1.0
Tree,TREE B - MARKET + SEC,Growth,fixed_ex_ante_growth_companies,10.0,0.05,297,229,0.7710437710437711,199,-0.0012888147252965588,-0.0017933518685593324,0.43231441048034935,0.008122581933202812,0.00845595525753839,0.7315150519058066,-0.0003188425269939774,-0.0803483168024823,0.07973101151243207,-1.0077423486588273,-1.2488372026710117,-1.9874029974302534,0.04717846978254517,0.9764107651087274,-0.2714975904687592,-0.2597325683560112,-0.07990675205048903,1.0,1.0,1.0
Tree,TREE B - MARKET + SEC,Momentum,positive_relative_momentum_60d,10.0,0.05,251,194,0.7729083665338645,174,-0.0003382591596706413,-0.0010809123326797326,0.4536082474226804,0.00863982997837708,0.007791767123332903,0.9205471525417686,-1.248296561263893e-05,-0.0031457073343850103,0.0769845926473668,-0.040861518210457234,-0.05925923426352194,-0.07194372091389041,0.9426625741682629,0.5286687129158685,-0.14810687276995294,-0.02173521176261317,-0.00606668784008535,1.0,1.0,1.0
Tree,TREE B - MARKET + SEC,Value,fixed_ex_ante_mature_semiconductor_proxy,10.0,0.05,95,70,0.7368421052631579,70,0.00043948388047002155,-0.0006077148997792308,0.4857142857142857,0.010553465081177835,0.009112609475754025,1.0937768695209127,3.391827081907556e-05,0.008547404246407042,0.05546224331436015,0.15411212629753057,0.24691025663677432,0.29486782149524293,0.768162407077876,0.384081203538938,-0.0734751130813247,0.025582411734197397,0.00701956052765329,1.0,1.0,1.0
Tree,TREE C - MARKET + SEC + FINBERT,Dividend,fixed_ex_ante_dividend_payers,10.0,0.05,231,176,0.7619047619047619,162,-0.0016763017755363006,-0.002459172819459952,0.4034090909090909,0.007960826020819925,0.008192835809262892,0.657041696332014,-0.000247469957357514,-0.06236242925409353,0.0675410067169827,-0.92332691331373,-1.2782588732681541,-1.6959148607310506,0.09024555527765775,0.9548772223611711,-0.21081844835955965,-0.20758756496241126,-0.06239878362789608,1.0,1.0,1.0
Tree,TREE C - MARKET + SEC + FINBERT,Growth,fixed_ex_ante_growth_companies,10.0,0.05,297,242,0.8148148148148148,208,-0.00219109098902419,-0.003090263971139427,0.3760330578512397,0.008262228910661988,0.00849077384247745,0.5864275904498051,-0.0005213373850760974,-0.13137702103917653,0.08111478491158051,-1.6196433385403732,-1.946575743657313,-3.128292078360573,0.0018144531018594741,0.9990927734490702,-0.3869700017522677,-0.3842371832906485,-0.12564948612834448,0.15241406055619583,1.0,1.0
Tree,TREE C - MARKET + SEC + FINBERT,Momentum,positive_relative_momentum_60d,10.0,0.05,251,199,0.7928286852589641,178,-0.0022833293904507518,-0.0026547813003374703,0.3768844221105528,0.008231233426882846,0.008642943997708976,0.576026942473439,-0.00041326795755275143,-0.10414352530329336,0.07980905411898404,-1.3049086529459437,-1.6589234182529107,-2.3947984826453097,0.016831761200918425,0.9915841193995408,-0.33102903676936657,-0.3205055217601984,-0.1014755901148977,1.0,1.0,1.0
Tree,TREE C - MARKET + SEC + FINBERT,Value,fixed_ex_ante_mature_semiconductor_proxy,10.0,0.05,95,71,0.7473684210526316,71,-0.002230704901117499,-0.00296664127585977,0.4084507042253521,0.009477599648280153,0.010315010423320642,0.6344207743317315,-0.0001746196780367612,-0.04400415886526382,0.0572551995612027,-0.7685617935577321,-1.0155520891507817,-1.4031096178196611,0.16092676027755853,0.9195366198612207,-0.15937700523063358,-0.15150743096319008,-0.044475953786797695,1.0,1.0,1.0
XGBoost,XGB A - MARKET,Dividend,fixed_ex_ante_dividend_payers,10.0,0.05,231,188,0.8138528138528138,175,-0.0005710993492213188,-0.0011961699743157344,0.44680851063829785,0.008525521559991419,0.007918370083585454,0.8696231813343079,-8.948082815262264e-05,-0.022549168694460907,0.07316930484293166,-0.30817798177618216,-0.45607949930534064,-0.5589919558784556,0.5763053491667421,0.7118473254166289,-0.1717734891384508,-0.08676369821349583,-0.024819711898934282,1.0,1.0,1.0
XGBoost,XGB A - MARKET,Growth,fixed_ex_ante_growth_companies,10.0,0.05,297,242,0.8148148148148148,213,-0.002077613892233682,-0.0018785106682176738,0.4256198347107438,0.007365610132141481,0.009075110831159161,0.6014218668468474,-0.000430253878460463,-0.10842397737203668,0.08745780924059823,-1.2397289426008844,-1.5560511977871603,-2.4217644279484043,0.015640760590910515,0.9921796197045447,-0.3445470999288244,-0.3324497343629169,-0.10587734885657629,1.0,1.0,1.0
XGBoost,XGB A - MARKET,Momentum,positive_relative_momentum_60d,10.0,0.05,251,205,0.8167330677290837,189,-0.0012314988489881434,-0.0012952171924790461,0.424390243902439,0.008629433914524774,0.008501847581408683,0.7483525411556112,-0.0002054271386078916,-0.05176763892918868,0.08635035320043814,-0.5995069737471094,-0.8167697151546384,-1.1727602736236784,0.24120020514322082,0.8793998974283896,-0.20947337137269584,-0.18106857395770914,-0.0538129495488997,1.0,1.0,1.0
XGBoost,XGB A - MARKET,Value,fixed_ex_ante_mature_semiconductor_proxy,10.0,0.05,95,78,0.8210526315789474,78,0.00037175940671341137,-0.00017291904097235626,0.48717948717948717,0.010199090399024318,0.00896420503598195,1.0808695071321226,3.1970489221219546e-05,0.008056563283747325,0.058968766453339656,0.13662424650042937,0.20878592939309248,0.23580145781488968,0.8136400289150505,0.40682001445752525,-0.1177330652945624,0.023023440175605314,0.006323141878299632,1.0,1.0,1.0
XGBoost,XGB B - MARKET + SEC,Dividend,fixed_ex_ante_dividend_payers,10.0,0.05,231,186,0.8051948051948052,177,-0.00036609942690156975,-0.0011961699743157344,0.44086021505376344,0.008724970811522757,0.00753405865335152,0.9130940208469174,-2.4249759326950405e-05,-0.006110939350391502,0.0736270363624553,-0.08299857840682638,-0.12973916996160326,-0.14535529726758248,0.8844626879873179,0.5577686560063411,-0.16651690780600303,-0.031199347324388116,-0.008738783862656807,1.0,1.0,1.0
XGBoost,XGB B - MARKET + SEC,Growth,fixed_ex_ante_growth_companies,10.0,0.05,297,248,0.835016835016835,219,-0.001934375341095948,-0.0013503971718139812,0.43951612903225806,0.0074192684956750745,0.009269247126765313,0.6276655963336898,-0.000432514443945141,-0.10899363987417554,0.09258746542985104,-1.1771964959636427,-1.476842158367734,-2.422803163427687,0.015596406978605428,0.9922017965106973,-0.36830225696910235,-0.3349318893477272,-0.10679922406979103,1.0,1.0,1.0
XGBoost,XGB B - MARKET + SEC,Momentum,positive_relative_momentum_60d,10.0,0.05,251,206,0.8207171314741036,188,-0.0009224880042444681,-0.0010429256042519524,0.45145631067961167,0.008538188372013457,0.008708708384704531,0.8068940052807406,-0.00013099025635535707,-0.033009544601549985,0.08794135566470826,-0.3753586051982713,-0.5170124198357369,-0.7384515520855386,0.4604313390320683,0.7697843304839659,-0.16113293740302093,-0.12429816591334453,-0.036087477824992886,1.0,1.0,1.0
XGBoost,XGB B - MARKET + SEC,Value,fixed_ex_ante_mature_semiconductor_proxy,10.0,0.05,95,76,0.8,76,0.0004667315846061984,-0.00017291904097235626,0.4868421052631579,0.010859016281437204,0.009392615435464245,1.0968343931895166,3.9108710507244875e-05,0.009855395047825708,0.06069198507203793,0.16238379806045092,0.24926642822714215,0.2796481603778067,0.7798112831302128,0.3899056415651064,-0.12123927961130032,0.029288406378399356,0.008025914993742056,1.0,1.0,1.0
XGBoost,XGB C - MARKET + SEC + FINBERT,Dividend,fixed_ex_ante_dividend_payers,10.0,0.05,231,195,0.8441558441558441,182,-0.0005742782034319452,-0.001209073692400085,0.4307692307692308,0.008325699250272,0.007309396276505201,0.8619766837132595,-0.00011982573577185411,-0.030196085414507235,0.07175834088156115,-0.4208024467057649,-0.6297791259662266,-0.7546793614085798,0.4506375103882993,0.7746812448058503,-0.179722252248815,-0.11122520767562893,-0.032124055975122245,1.0,1.0,1.0
XGBoost,XGB C - MARKET + SEC + FINBERT,Growth,fixed_ex_ante_growth_companies,10.0,0.05,297,244,0.8215488215488216,208,-0.0012861284895256506,-0.0010477430486873756,0.45081967213114754,0.00794769968188869,0.008866136689940409,0.7358595192368146,-0.000316130501756419,-0.07966488644261759,0.08901701038411272,-0.8949400356051023,-1.1742135644683092,-1.7490592477468585,0.08061939574810838,0.9596903021259459,-0.31295864018074526,-0.25996798252552467,-0.07998778677658991,1.0,1.0,1.0
XGBoost,XGB C - MARKET + SEC + FINBERT,Momentum,positive_relative_momentum_60d,10.0,0.05,251,201,0.8007968127490039,183,-0.0005056634951302185,-0.0010333587241402303,0.4427860696517413,0.00847422569002139,0.007641468294045336,0.8812420146582951,-5.9976307117827144e-05,-0.01511402939369244,0.07923149721091215,-0.1907578415874093,-0.28007754310453403,-0.36448977995751675,0.71557735824627,0.6422113208768649,-0.1460649509002353,-0.06354797628535236,-0.01801707691428711,1.0,1.0,1.0
XGBoost,XGB C - MARKET + SEC + FINBERT,Value,fixed_ex_ante_mature_semiconductor_proxy,10.0,0.05,95,81,0.8526315789473684,81,0.0002466550838009361,-0.0003924424946338805,0.4691358024691358,0.009818863057983643,0.008212505451523317,1.0565758338483546,2.2027631519157532e-05,0.005550963142827698,0.05690042633699462,0.09755573903703181,0.15368835592032276,0.1769754229407946,0.8595672489972184,0.4297836244986092,-0.0915197108922674,0.014285361424857701,0.003935556388490191,1.0,1.0,1.0
CatBoost,CAT A - MARKET,Dividend,fixed_ex_ante_dividend_payers,10.0,0.1,231,115,0.49783549783549785,110,0.0004287015197005847,-3.2163543327077757e-05,0.4956521739130435,0.009131376628500432,0.008123927466533749,1.1046306281525387,7.489195709975076e-05,0.01887277318913719,0.062473341206699014,0.3020932260801422,0.48974855830635433,0.5893896506767583,0.5557468543882378,0.2778734271941189,-0.06873840289733701,0.06284058585239172,0.0170197914766812,1.0,1.0,1.0
CatBoost,CAT A - MARKET,Growth,fixed_ex_ante_growth_companies,10.0,0.1,297,160,0.5387205387205387,145,-0.0011188160523754678,-0.0012130075534446932,0.45,0.009103846245207067,0.00948281247767027,0.7854844215142808,-0.00017947194328035026,-0.04522692970664827,0.08201515624867124,-0.5514459982191524,-0.734749612796531,-1.077182822905324,0.28168532803980456,0.8591573359800977,-0.20964520724414248,-0.16047262903003812,-0.04728245266907338,1.0,1.0,1.0
CatBoost,CAT A - MARKET,Momentum,positive_relative_momentum_60d,10.0,0.1,251,140,0.5577689243027888,131,-0.0006814285115664776,-0.0007577724021260151,0.45714285714285713,0.009134845699082057,0.008947764688954718,0.8597121078550513,-7.811056316583169e-05,-0.019683861917789584,0.0757519558500214,-0.25984625343220136,-0.3663630064794128,-0.512179407224902,0.6086502805837992,0.6956748597081004,-0.1183968567760193,-0.0779483962507751,-0.022222098898353138,1.0,1.0,1.0
CatBoost,CAT A - MARKET,Value,fixed_ex_ante_mature_semiconductor_proxy,10.0,0.1,95,55,0.5789473684210527,55,0.0011075825990163365,-3.2163543327077757e-05,0.4909090909090909,0.010680531595678177,0.008123475362050438,1.2678174770865667,6.716322265258933e-05,0.01692513210845251,0.04825528786508184,0.3507415012376242,0.6051798740638906,0.6679653792364619,0.5043258113534446,0.2521629056767223,-0.05272399981891329,0.05839948081729318,0.015841222716876047,1.0,1.0,1.0
CatBoost,CAT B - MARKET + SEC,Dividend,fixed_ex_ante_dividend_payers,10.0,0.1,231,138,0.5974025974025974,135,-0.00039509644087632113,-0.0006285887976215359,0.45652173913043476,0.00904011544976873,0.008320674429018163,0.9126299848150395,-6.265134832290576e-05,-0.015788139777372253,0.07326344835690674,-0.21549817994451342,-0.31555911193974406,-0.3834485929824919,0.7014771374434065,0.6492614312782967,-0.1224045399268402,-0.06429660384071334,-0.018234524806981622,1.0,1.0,1.0
CatBoost,CAT B - MARKET + SEC,Growth,fixed_ex_ante_growth_companies,10.0,0.1,297,187,0.6296296296296297,163,-0.0016021087906167733,-0.0011307979144103402,0.44919786096256686,0.0074058879266838355,0.008948436210551252,0.6749506973603892,-0.000286219399081036,-0.07212728856842107,0.0773535064345139,-0.932437220922658,-1.1519528070303355,-1.7826101323648558,0.07498456074206526,0.9625077196289674,-0.2815188003835961,-0.23699038319264243,-0.07216473086649744,1.0,1.0,1.0
CatBoost,CAT B - MARKET + SEC,Momentum,positive_relative_momentum_60d,10.0,0.1,251,169,0.6733067729083665,152,-0.0011932457467158653,-0.0011307979144103402,0.4437869822485207,0.00836166160483007,0.00881684203784294,0.7566811887813162,-0.00013594957724751553,-0.034259293466373915,0.07644700713220079,-0.4481443388245256,-0.6044292405444028,-0.888746031861936,0.3743754833496232,0.8128122583251884,-0.18010984601365976,-0.12527310847346584,-0.03638476810383062,1.0,1.0,1.0
CatBoost,CAT B - MARKET + SEC,Value,fixed_ex_ante_mature_semiconductor_proxy,10.0,0.1,95,66,0.6947368421052632,66,-0.0011494562072025328,-0.0011961699743157344,0.45454545454545453,0.010305330708686519,0.01069511197044341,0.8029626631591082,-8.36428993113199e-05,-0.021078010626452613,0.058759512475059915,-0.3587165675583002,-0.49632855780639507,-0.6770084404879654,0.4985734170219144,0.7507132914890429,-0.11886793922529826,-0.07879764118724097,-0.02247156299811237,1.0,1.0,1.0
CatBoost,CAT C - MARKET + SEC + FINBERT,Dividend,fixed_ex_ante_dividend_payers,10.0,0.1,231,139,0.6017316017316018,131,0.0017386053000639438,0.00040210759969672334,0.5251798561151079,0.009449337967571667,0.006789932347330962,1.5392701936702187,0.00028191617261362365,0.07104287549863315,0.06553418247078445,1.0840583161360795,2.068479414343025,1.9916847307174423,0.04670549745972743,0.023352748729863714,-0.047242019451198325,0.28146644071554405,0.07108929146796172,1.0,1.0,1.0
CatBoost,CAT C - MARKET + SEC + FINBERT,Growth,fixed_ex_ante_growth_companies,10.0,0.1,297,193,0.6498316498316499,172,-0.0011433489763402014,-0.0013187915193481042,0.45595854922279794,0.008292837322412405,0.00905177177910429,0.767826193569813,-0.0002363019630368078,-0.05954809468527557,0.07943667945512542,-0.7496297062481683,-0.9643510938537055,-1.5007275645049807,0.13377444050266118,0.9331127797486694,-0.2228052242643408,-0.20207881528416927,-0.060598351448945764,1.0,1.0,1.0
CatBoost,CAT C - MARKET + SEC + FINBERT,Momentum,positive_relative_momentum_60d,10.0,0.1,251,153,0.6095617529880478,142,0.0001486424134423919,-0.00031367453861763477,0.477124183006536,0.008828065091750792,0.007771330780514023,1.0365804292388867,2.778653674955609e-05,0.007002207260888135,0.07208329639239311,0.09714049733201537,0.1398107991253036,0.19691131742035764,0.8439411004296563,0.42197055021482816,-0.08432542883286964,0.01598740426809475,0.004401784316308444,1.0,1.0,1.0
CatBoost,CAT C - MARKET + SEC + FINBERT,Value,fixed_ex_ante_mature_semiconductor_proxy,10.0,0.1,95,59,0.6210526315789474,59,0.0014084775020858148,-3.2163543327077757e-05,0.4915254237288136,0.010571849941970576,0.007449449189802785,1.3718403446383445,9.162091799676193e-05,0.02308847133518401,0.049334147997863224,0.4680018257573643,0.8112078383339724,0.9078762986798197,0.3641849978926002,0.1820924989463001,-0.0674632964694929,0.08193337733807793,0.02204640212464426,1.0,1.0,1.0
LSTM,LSTM A - MARKET SEQUENCE,Dividend,fixed_ex_ante_dividend_payers,10.0,0.1,231,36,0.15584415584415584,36,-3.702171732697148e-05,-0.0016758707269189082,0.4722222222222222,0.011727359301111817,0.010563046839087995,0.9933592633975789,-1.4694397174983243e-06,-0.0003702988088095777,0.04470796042954321,-0.008282614667541013,-0.012373730999491305,-0.014013653350832116,0.9888221735260441,0.505588913236978,-0.08068025616600549,-0.004903184085611079,-0.0013601756519090458,1.0,1.0,1.0
LSTM,LSTM A - MARKET SEQUENCE,Growth,fixed_ex_ante_growth_companies,10.0,0.1,297,62,0.20875420875420875,57,-0.0015414281368085602,-0.002032038159613973,0.43548387096774194,0.010997320236348198,0.011214176881815204,0.756510899451355,-6.372878077703307e-05,-0.016059652755812334,0.0639305141391879,-0.2512048115372209,-0.3460454021570076,-0.4662605097123326,0.6411411232568198,0.6794294383715901,-0.13986700036600597,-0.06308661448196862,-0.017883131414886067,1.0,1.0,1.0
LSTM,LSTM A - MARKET SEQUENCE,Momentum,positive_relative_momentum_60d,10.0,0.1,251,38,0.15139442231075698,37,-0.0004183500367698939,-0.000969466063015843,0.4473684210526316,0.012785674149018914,0.011107321996694166,0.9318454662180864,-1.445254149543121e-05,-0.003642040456848665,0.052358090393621354,-0.06956022325238136,-0.10346803753331126,-0.1335795377499003,0.8937647301923817,0.5531176349038092,-0.08776746619456222,-0.017854088421693448,-0.004976298164873327,1.0,1.0,1.0
LSTM,LSTM A - MARKET SEQUENCE,Value,fixed_ex_ante_mature_semiconductor_proxy,10.0,0.1,95,20,0.21052631578947367,20,-0.0005808636343223641,0.0007143334241127026,0.55,0.01093143576663641,0.014651451791049756,0.911898964370176,-1.2808459411739015e-05,-0.0032277317717582317,0.03606795827406961,-0.08949028240610864,-0.12079019996961929,-0.16729377451777597,0.8671762342899179,0.5664118828550411,-0.05721641768556973,-0.013863300630136077,-0.003858342744455845,1.0,1.0,1.0
LSTM,LSTM B - MARKET SEQUENCE + SEC,Dividend,fixed_ex_ante_dividend_payers,10.0,0.1,231,41,0.1774891774891775,39,0.0027863246527911434,9.232330532961755e-06,0.5121951219512195,0.013717243814476844,0.008691140466978841,1.6572170315189256,0.0001322009776529466,0.03331464636854254,0.04877957193591495,0.6829630734011005,1.302603403039285,1.2150557168989549,0.22466139383832537,0.11233069691916268,-0.05545742638282214,0.12261378403535295,0.0325462394378524,1.0,1.0,1.0
LSTM,LSTM B - MARKET SEQUENCE + SEC,Growth,fixed_ex_ante_growth_companies,10.0,0.1,297,73,0.24579124579124578,65,0.00012052089036363784,0.0012282758542604428,0.547945205479452,0.010254694280433345,0.01216332564305419,1.0219189081918054,1.0993164316850152e-05,0.0027702774078462384,0.06255840475384279,0.044283057068779684,0.060266701294417906,0.0856439900213397,0.9317683500351939,0.46588417501759694,-0.06962673740912706,0.0029084282717364296,0.000804539995277187,1.0,1.0,1.0
LSTM,LSTM B - MARKET SEQUENCE + SEC,Momentum,positive_relative_momentum_60d,10.0,0.1,251,38,0.15139442231075698,38,0.00016578906089120054,-0.0008692689479372056,0.4473684210526316,0.011697116151017291,0.009169094773972779,1.0327185246130066,6.945958449686452e-06,0.001750381529320986,0.04565521355999686,0.03833913791731054,0.05610926750595664,0.07763680335237524,0.9381341078303385,0.46906705391516923,-0.07506473720773732,0.0025572423830528823,0.0007074833086413435,1.0,1.0,1.0
LSTM,LSTM B - MARKET SEQUENCE + SEC,Value,fixed_ex_ante_mature_semiconductor_proxy,10.0,0.1,95,22,0.23157894736842105,22,0.0031022533707639115,0.0024421307010589217,0.5454545454545454,0.014593970121756427,0.010687806730427107,1.638574179700559,7.524760105491299e-05,0.018962395465838073,0.03902358584636546,0.4859213999577688,0.8510248177627908,0.9555343116514579,0.3395624460710589,0.16978122303552945,-0.039058229943671474,0.06772250032607108,0.01831123956380387,1.0,1.0,1.0
LSTM,LSTM C - MARKET SEQUENCE + SEC + FINBERT,Dividend,fixed_ex_ante_dividend_payers,10.0,0.1,231,45,0.19480519480519481,44,0.001534167816960124,-9.570045435874745e-05,0.4888888888888889,0.013165489258573764,0.009591443996757272,1.3129489872819535,8.89469984482497e-05,0.022414643608958923,0.05027930394017964,0.4458025838151419,0.7686009296706781,0.7965918235755564,0.4258968144050951,0.21294840720254754,-0.05548880895381214,0.07913415384556655,0.021313476761139816,1.0,1.0,1.0
LSTM,LSTM C - MARKET SEQUENCE + SEC + FINBERT,Growth,fixed_ex_ante_growth_companies,10.0,0.1,297,72,0.24242424242424243,63,0.0016167169254525735,0.0017605754486709497,0.5416666666666666,0.012258904667147215,0.010960414042004733,1.321829300361032,0.0001327790371688457,0.033460317366549114,0.06587988270742008,0.5078988606453676,0.800740693893649,0.9462742591708772,0.3442610212185294,0.1721305106092647,-0.052923631317881914,0.11923575729542968,0.03168492706820358,1.0,1.0,1.0
LSTM,LSTM C - MARKET SEQUENCE + SEC + FINBERT,Momentum,positive_relative_momentum_60d,10.0,0.1,251,42,0.16733067729083664,42,0.0017424688554861915,-0.00043093466842247623,0.47619047619047616,0.01479557014568762,0.010123986862878744,1.3285791947814551,8.06876427016759e-05,0.020333285960822328,0.05670590265622783,0.3585744165663006,0.5957448534418767,0.657668522186585,0.5109182058462605,0.25545910292313023,-0.08011040140615733,0.06976839436574034,0.018851185245653213,1.0,1.0,1.0
LSTM,LSTM C - MARKET SEQUENCE + SEC + FINBERT,Value,fixed_ex_ante_mature_semiconductor_proxy,10.0,0.1,95,23,0.24210526315789474,23,0.00030233071159669814,-0.001209073692400085,0.4782608695652174,0.012895530448784493,0.011241435714158782,1.0515474368186934,7.666600183819257e-06,0.0019319832463224529,0.03830941486165138,0.05043102989955645,0.07762784428951586,0.10241111757053338,0.9184530212146329,0.45922651060731645,-0.05112887566837665,0.004335835019324996,0.0011987773839203797,1.0,1.0,1.0
Logistic,MODEL A - MARKET,Dividend,fixed_ex_ante_dividend_payers,10.0,0.1,231,100,0.4329004329004329,95,-0.0007652971691339868,-0.0016813725883573476,0.43,0.010066164589474225,0.008936399899312114,0.8497575502838545,-2.9066156880748087e-05,-0.007324671533948518,0.06424043019649539,-0.11401965260108288,-0.16760633843146627,-0.21882310301812363,0.826837132493879,0.5865814337530605,-0.13920959817266843,-0.0332079301953091,-0.009308311334616626,1.0,1.0,1.0
Logistic,MODEL A - MARKET,Growth,fixed_ex_ante_growth_companies,10.0,0.1,297,121,0.4074074074074074,110,-0.0013465052374084065,-0.0016052375576555682,0.4380165289256198,0.009429780773439693,0.009745669334098837,0.7541485167879278,-0.00015474571897790566,-0.038995921182432225,0.07501462474179375,-0.5198442479271111,-0.688863867766364,-1.0348627294239148,0.3010091616651709,0.8494954191674146,-0.12386524336458249,-0.13973970576089345,-0.04082450120227055,1.0,1.0,1.0
Logistic,MODEL A - MARKET,Momentum,positive_relative_momentum_60d,10.0,0.1,251,111,0.44223107569721115,106,-0.0014779572308210097,-0.0021758051903979485,0.40540540540540543,0.010639300482820321,0.009739723853758282,0.7447920105265322,-0.00014413467680721902,-0.036321938555419195,0.07509957553368574,-0.4836503841373522,-0.6822077337762524,-0.9248462815478333,0.35529213424718115,0.8223539328764095,-0.16275969915605004,-0.13139148284364555,-0.038255941164326845,1.0,1.0,1.0
Logistic,MODEL A - MARKET,Value,fixed_ex_ante_mature_semiconductor_proxy,10.0,0.1,95,54,0.5684210526315789,54,0.0006777924684474348,0.0004443216703118331,0.5370370370370371,0.011052428411996945,0.011356785226069999,1.1289125137706848,4.035368610381642e-05,0.010169128898161737,0.05592438752893298,0.181837108057744,0.2711753110915409,0.314984153713376,0.7528462148451918,0.3764231074225959,-0.1322637288347892,0.03147237656526958,0.00861774075884969,1.0,1.0,1.0
Logistic,MODEL B - MARKET + SEC,Dividend,fixed_ex_ante_dividend_payers,10.0,0.1,231,134,0.5800865800865801,129,-0.0005568825551296403,-0.001180457532157229,0.44029850746268656,0.009881231950662886,0.008768199299686428,0.8865259029258296,-5.052759043132568e-05,-0.01273295278869407,0.07323223904386829,-0.17387086554962022,-0.25724154273254324,-0.3239442549010133,0.7460550051173681,0.626972497441316,-0.1512188071067495,-0.053937713272403265,-0.015236760579417141,1.0,1.0,1.0
Logistic,MODEL B - MARKET + SEC,Growth,fixed_ex_ante_growth_companies,10.0,0.1,297,160,0.5387205387205387,142,-0.0005099830959034825,-0.000969466063015843,0.48125,0.009078352342602446,0.009405185852107778,0.8954725659472207,-8.357375448505731e-05,-0.02106058613023444,0.07988914033162199,-0.2636226406093667,-0.3506985796333789,-0.49711211199729527,0.6192306027093253,0.6903846986453374,-0.1163700944283812,-0.08362938336737846,-0.02389405161907987,1.0,1.0,1.0
Logistic,MODEL B - MARKET + SEC,Momentum,positive_relative_momentum_60d,10.0,0.1,251,146,0.5816733067729084,137,-0.0009634150269834393,-0.0011269574991984426,0.4520547945205479,0.009176588946885318,0.009328918305425166,0.8115288003731054,-0.00013017171770061614,-0.03280327286055527,0.07788029350317593,-0.4212011971836953,-0.5628832958072627,-0.8391730813857267,0.4015935532610539,0.799203223369473,-0.1621655417410406,-0.12103159589779011,-0.03509314010364628,1.0,1.0,1.0
Logistic,MODEL B - MARKET + SEC,Value,fixed_ex_ante_mature_semiconductor_proxy,10.0,0.1,95,70,0.7368421052631579,70,-0.0008941929166847701,-0.001180457532157229,0.4714285714285714,0.01011323262115689,0.010711626504489495,0.8420672781902877,-6.901158122153684e-05,-0.017390918467827282,0.06038027807577424,-0.2880231595820501,-0.4033345718107086,-0.5262094563878806,0.5988714686938987,0.7005642656530506,-0.16053045743172978,-0.06681162821468434,-0.018965966410740998,1.0,1.0,1.0
Logistic,MODEL C - MARKET + SEC + FINBERT,Dividend,fixed_ex_ante_dividend_payers,10.0,0.1,231,137,0.5930735930735931,131,-0.0007749302379885272,-0.0011496789908113075,0.44525547445255476,0.009221721066967694,0.00879855825907181,0.8412337933843852,-7.247445304179921e-05,-0.018263562166533402,0.07205758165658832,-0.2534578839125326,-0.3692276544100898,-0.4855683391993592,0.6273906494304871,0.6863046752847565,-0.15029131546081742,-0.07230466644967803,-0.02056847070015222,1.0,1.0,1.0
Logistic,MODEL C - MARKET + SEC + FINBERT,Growth,fixed_ex_ante_growth_companies,10.0,0.1,297,163,0.5488215488215489,144,-0.00029554672683043703,0.0002449799167520434,0.5030674846625767,0.008892849768627425,0.009597380216059385,0.9380307786818443,-6.700232309852112e-05,-0.01688458542082732,0.0807744638507579,-0.20903370466220553,-0.27705976040936625,-0.39647162946069886,0.6918504945001798,0.6540747527499101,-0.11340984609389071,-0.06999377077506042,-0.01989347076361736,1.0,1.0,1.0
Logistic,MODEL C - MARKET + SEC + FINBERT,Momentum,positive_relative_momentum_60d,10.0,0.1,251,147,0.5856573705179283,138,-0.0012433245867964156,-0.001083979324413951,0.4557823129251701,0.008518813420893138,0.009419115168236417,0.7574497298915424,-0.00016282813353531923,-0.04103268965090045,0.07722652286640334,-0.5313289803541229,-0.6962724202621766,-1.0645487866222387,0.2873637960390988,0.8563181019804507,-0.16392278295715923,-0.1465408351476981,-0.0429304116426239,1.0,1.0,1.0
Logistic,MODEL C - MARKET + SEC + FINBERT,Value,fixed_ex_ante_mature_semiconductor_proxy,10.0,0.1,95,70,0.7368421052631579,70,-0.0011190676006085341,-0.000771060742722594,0.4857142857142857,0.009194980219569285,0.010860112764109808,0.7996369995206581,-8.63668489995561e-05,-0.021764445947888136,0.05892945171899334,-0.369330535292819,-0.5055369557958358,-0.6978874996647292,0.4854266173174661,0.7572866913412669,-0.16054343693848128,-0.08110588280910724,-0.023150445909554396,1.0,1.0,1.0
TabNet,TABNET A - MARKET,Dividend,fixed_ex_ante_dividend_payers,10.0,0.1,231,36,0.15584415584415584,36,-0.0048254020742805786,-0.004184265599919744,0.3333333333333333,0.009204612014980268,0.011840409118911002,0.38869484671264654,-0.00019152643293726663,-0.04826466110019119,0.04569579954153669,-1.0562165797387886,-1.256928625166811,-1.837801938265542,0.06641888524664875,0.9667905573766756,-0.16264380305620907,-0.16264380305620907,-0.047965382140591206,1.0,1.0,1.0
TabNet,TABNET A - MARKET,Growth,fixed_ex_ante_growth_companies,10.0,0.1,297,63,0.21212121212121213,60,-0.0012255057703890414,-4.3884628567745707e-05,0.49206349206349204,0.007553464130936266,0.009730132862297933,0.7520368406476597,-6.620996324475105e-05,-0.016684910737677267,0.054959595575974025,-0.3035850348391427,-0.3934210524517255,-0.6146586209312715,0.5389345224270451,0.7305327387864775,-0.10331233179435195,-0.06341651498421108,-0.017978905371149878,1.0,1.0,1.0
TabNet,TABNET A - MARKET,Momentum,positive_relative_momentum_60d,10.0,0.1,251,59,0.2350597609561753,53,-0.003241760389870541,-0.0013875778827696621,0.3898305084745763,0.00829513605458442,0.010612555340494545,0.4993773965892589,-0.00015674394951756067,-0.03949947527842529,0.05300305439814911,-0.7452301707315311,-0.8903010535718475,-1.3750345875026648,0.16946065080025402,0.915269674599873,-0.15685364149744319,-0.13694301038746404,-0.039962021295554595,1.0,1.0,1.0
TabNet,TABNET A - MARKET,Value,fixed_ex_ante_mature_semiconductor_proxy,10.0,0.1,95,23,0.24210526315789474,23,-0.0077051107125555175,-0.006620483613542836,0.30434782608695654,0.00744531648079118,0.014333422609644698,0.22725388409006697,-0.0001953886950262149,-0.04923795114660615,0.038155943690603905,-1.2904398734274065,-1.386126788053871,-2.1724001006437303,0.03008414630484008,0.98495792684758,-0.1661516252338603,-0.16463302108667666,-0.048592203336215056,1.0,1.0,1.0
TabNet,TABNET B - MARKET + SEC,Dividend,fixed_ex_ante_dividend_payers,10.0,0.1,231,43,0.18614718614718614,43,0.0012420771200724666,0.0001240791360923605,0.5348837209302325,0.007732778285658682,0.0062222292203516815,1.429181522181992,5.8885684854593245e-05,0.014839192583357497,0.031829744975105066,0.4662051987838308,0.7943685498062676,0.8840093984960645,0.3769256615374564,0.1884628307687282,-0.040109603765884905,0.052947990398581,0.014389621637740602,1.0,1.0,1.0
TabNet,TABNET B - MARKET + SEC,Growth,fixed_ex_ante_growth_companies,10.0,0.1,297,63,0.21212121212121213,59,-0.0042000834157455485,-0.005242703051173412,0.31746031746031744,0.009458243385223115,0.010552793555730973,0.4168737829124046,-0.00030982007032298386,-0.07807465772139194,0.05204745212167586,-1.50006685320292,-1.7307352231071675,-2.980595736218761,0.0029537758854066842,0.9985231120572966,-0.2487095904944533,-0.2487095904944533,-0.07613308918399198,0.24811717437416148,1.0,1.0
TabNet,TABNET B - MARKET + SEC,Momentum,positive_relative_momentum_60d,10.0,0.1,251,62,0.24701195219123506,60,-0.0017412234714996007,-0.0022766353269451905,0.43548387096774194,0.007665878230009775,0.008998130498378262,0.6572117944708239,-0.00012533378481077695,-0.03158411377231579,0.04688603649443959,-0.6736358228117978,-0.8161529367755429,-1.4031367639066363,0.16091866912706743,0.9195406654364663,-0.13690659182674625,-0.11101187974066762,-0.032059730434993994,1.0,1.0,1.0
TabNet,TABNET B - MARKET + SEC,Value,fixed_ex_ante_mature_semiconductor_proxy,10.0,0.1,95,14,0.14736842105263157,14,0.006317579636795516,0.006339492241012714,0.7857142857142857,0.009143609973571155,0.0040445315980484975,8.289357887393175,9.751501093179408e-05,0.024573782754812108,0.020690407504950045,1.1876896455003603,6.482023304734003,2.1989394480815143,0.028134319022491108,0.014067159511245554,-0.006250193123038872,0.09163960797036697,0.024577229116441446,1.0,1.0,1.0
TabNet,TABNET C - MARKET + SEC + FINBERT,Dividend,fixed_ex_ante_dividend_payers,10.0,0.1,231,62,0.2683982683982684,61,-0.0010558782891365668,-0.0013929993270496415,0.46774193548387094,0.008426637329580705,0.00938899807528205,0.7887132029212315,-6.689089433999943e-05,-0.016856505373679855,0.047658812606435376,-0.35369125775080096,-0.488362396300231,-0.6527807636832808,0.5140632258753988,0.7429683870623006,-0.1193371501304552,-0.06270208526315646,-0.01777152887741007,1.0,1.0,1.0
TabNet,TABNET C - MARKET + SEC + FINBERT,Growth,fixed_ex_ante_growth_companies,10.0,0.1,297,101,0.3400673400673401,96,-0.002731709123164966,-0.002968973249050875,0.37623762376237624,0.010021889753554005,0.010424356064677995,0.5798870776912861,-0.00029239129336367306,-0.07368260592764561,0.06969099309248597,-1.0572758782453056,-1.3261961946265164,-1.9543961833358106,0.05096165790003484,0.9745191710499825,-0.28660633767204724,-0.23967858941991638,-0.07307109526589095,1.0,1.0,1.0
TabNet,TABNET C - MARKET + SEC + FINBERT,Momentum,positive_relative_momentum_60d,10.0,0.1,251,88,0.350597609561753,86,-0.0023507806779855538,-0.0023941136538141432,0.4090909090909091,0.00894778151010148,0.010172862192815038,0.6089356025000489,-0.00021451752805268844,-0.054058417069277484,0.06255807455445113,-0.8641317280669268,-1.0970241320472889,-1.670375898541385,0.09519040937799399,0.952404795311003,-0.195277463092987,-0.18261845371766205,-0.05430916499989802,1.0,1.0,1.0
TabNet,TABNET C - MARKET + SEC + FINBERT,Value,fixed_ex_ante_mature_semiconductor_proxy,10.0,0.1,95,30,0.3157894736842105,30,-0.0004985965333088884,0.0007094735499260391,0.5666666666666667,0.009853578114220647,0.01403605568777059,0.9180248774902281,-1.6491616316721764e-05,-0.004155887311813884,0.04175480302276623,-0.09953076079769659,-0.1408457840324574,-0.18095081176538116,0.8564466550814417,0.5717766724592792,-0.09668954310684719,-0.01792678755051924,-0.004996694102315846,1.0,1.0,1.0
Transformer,TRANSFORMER A - MARKET SEQUENCE,Dividend,fixed_ex_ante_dividend_payers,10.0,0.1,231,5,0.021645021645021644,5,-0.0017802114964936984,-0.0011518413719143732,0.4,0.006228387697069545,0.007119277625535862,0.5832415426277877,-9.81373482080319e-06,-0.002473061174842404,0.010850306376697417,-0.22792546947371517,-0.26517642093583416,-0.43287304295732304,0.6652100299488221,0.6673949850255889,-0.018568821236354838,-0.009072761354895875,-0.002520661915469957,1.0,1.0,1.0
Transformer,TRANSFORMER A - MARKET SEQUENCE,Growth,fixed_ex_ante_growth_companies,10.0,0.1,297,7,0.02356902356902357,7,-0.006323252526609383,-0.004352226923013512,0.14285714285714285,0.004289620057800038,0.008092064624010954,0.08835034191133749,-4.8801287415948926e-05,-0.01229792442881913,0.012532823777258503,-0.9812572687038328,-0.9962286613538535,-1.8854558523191094,0.05968807377060589,0.9701559631146971,-0.043570785760892905,-0.043570785760892905,-0.0122603394088322,1.0,1.0,1.0
Transformer,TRANSFORMER A - MARKET SEQUENCE,Momentum,positive_relative_momentum_60d,10.0,0.1,251,7,0.027888446215139442,7,-0.005267780186935514,-0.002768926907845413,0.14285714285714285,0.0021835682339245727,0.0065096715904121956,0.055905744849470154,-4.065541489365887e-05,-0.010245164553202034,0.011668302548865408,-0.87803384513699,-0.8814664382923734,-1.4886222314012483,0.13693485557227997,0.93153257221386,-0.036441827530254045,-0.036441827530254045,-0.010227073294573397,1.0,1.0,1.0
Transformer,TRANSFORMER A - MARKET SEQUENCE,Value,fixed_ex_ante_mature_semiconductor_proxy,10.0,0.1,95,2,0.021052631578947368,2,0.004560682894150072,0.004560682894150072,0.5,0.010273207160214516,0.0011518413719143732,8.918942669284688,1.0056632622161128e-05,0.0025342714207846045,0.005449648712462352,0.4650339048440294,4.174109383626103,0.8846362250532368,0.3765875667040339,0.18829378335201696,-0.001151841371914264,0.00910953268327086,0.0025142953148455938,1.0,1.0,1.0
Transformer,TRANSFORMER B - MARKET SEQUENCE + SEC,Dividend,fixed_ex_ante_dividend_payers,10.0,0.1,231,53,0.22943722943722944,49,-0.00042620360022941673,-0.0021426677614377315,0.4528301886792453,0.0087340143212337,0.008007073604198892,0.9027205369137024,1.198978167374868e-05,0.0030214249817846674,0.038702646562113634,0.07806765816222934,0.12870522931557624,0.1480102819870516,0.8823675872135542,0.4411837936067771,-0.061575535317358265,0.008229884780581509,0.0022722239131502953,1.0,1.0,1.0
Transformer,TRANSFORMER B - MARKET SEQUENCE + SEC,Growth,fixed_ex_ante_growth_companies,10.0,0.1,297,67,0.2255892255892256,58,-0.0018053602714497227,-0.0006076890165858089,0.4925373134328358,0.007351548398478666,0.010692948098144923,0.6672927167762635,-0.00014439237286135276,-0.036386877961060896,0.04868014913817361,-0.7474684980479512,-0.9063588245863383,-1.3643804707752547,0.17278664772577235,0.9136066761371138,-0.12655672895998582,-0.1265156020024304,-0.0367639904308098,1.0,1.0,1.0
Transformer,TRANSFORMER B - MARKET SEQUENCE + SEC,Momentum,positive_relative_momentum_60d,10.0,0.1,251,56,0.22310756972111553,48,-0.0021984673395757117,-0.0034307707550564597,0.42857142857142855,0.008304259106473451,0.010075512174112584,0.6181516355920285,-9.533617802656187e-05,-0.02402471686269359,0.04590004902098042,-0.5234137517306824,-0.7129989503823428,-0.8757321537501384,0.38140777259545094,0.8092961137022745,-0.127601230759519,-0.08630779581523673,-0.02468492717183146,1.0,1.0,1.0
Transformer,TRANSFORMER B - MARKET SEQUENCE + SEC,Value,fixed_ex_ante_mature_semiconductor_proxy,10.0,0.1,95,24,0.25263157894736843,24,0.0032102057225857246,0.000554584835308793,0.625,0.010452846105617546,0.008860861582467312,1.966107924595098,8.494480412575236e-05,0.021406090639689596,0.03312067751784765,0.6463059406968518,1.3664266626791728,1.1686919813985939,0.24283516533075297,0.12141758266537649,-0.029960941113144846,0.07797912086829051,0.021010651871154806,1.0,1.0,1.0
Transformer,TRANSFORMER C - MARKET SEQUENCE + SEC + FINBERT,Dividend,fixed_ex_ante_dividend_payers,10.0,0.1,231,22,0.09523809523809523,21,0.0006666200886216101,-0.0008877955664494102,0.4090909090909091,0.012219238227008107,0.007331346314876734,1.1538770991532616,2.6424753121944402e-05,0.00665903778672999,0.02870342486027105,0.23199453790432129,0.4529282121556138,0.4647495646510397,0.64222247715874,0.32111123857937,-0.03830894898770787,0.022755992676574577,0.006250283936547696,1.0,1.0,1.0
Transformer,TRANSFORMER C - MARKET SEQUENCE + SEC + FINBERT,Growth,fixed_ex_ante_growth_companies,10.0,0.1,297,39,0.13131313131313133,34,-0.00079479405466618,-0.002582119997379227,0.41025641025641024,0.012397381132755469,0.009971959402437763,0.8648516091753832,-7.100228709704118e-05,-0.017892576348454377,0.04057353864176903,-0.4409912703555662,-0.5615444736016186,-0.9203833309083572,0.357617468836571,0.8211912655817145,-0.10647971173269,-0.06515593425740207,-0.018484282811340957,1.0,1.0,1.0
Transformer,TRANSFORMER C - MARKET SEQUENCE + SEC + FINBERT,Momentum,positive_relative_momentum_60d,10.0,0.1,251,17,0.06772908366533864,17,-0.0004850771665495548,-0.004352226923013512,0.35294117647058826,0.01626381749409105,0.00962083789053534,0.9220790620869189,-9.091854279319107e-06,-0.002291147278388415,0.03376283836480418,-0.06786003160139535,-0.09914844343826042,-0.1328755213173095,0.8943213318853401,0.5528393340573299,-0.046215941655348036,-0.010241920316932163,-0.0028466986071419287,1.0,1.0,1.0
Transformer,TRANSFORMER C - MARKET SEQUENCE + SEC + FINBERT,Value,fixed_ex_ante_mature_semiconductor_proxy,10.0,0.1,95,11,0.11578947368421053,11,0.003375116833083185,9.232330532961755e-06,0.5454545454545454,0.014445830489859294,0.009909739555048145,1.7492888174846621,4.093305971765716e-05,0.010315131048849605,0.027150336843489505,0.37992644836460343,0.7082448918411832,0.7375821942574096,0.4609593591480847,0.23047967957404236,-0.03545408352632318,0.03646085422478884,0.009966158727659158,1.0,1.0,1.0
Tree,TREE A - MARKET,Dividend,fixed_ex_ante_dividend_payers,10.0,0.1,231,118,0.5108225108225108,111,-0.0007433840678591707,-0.0010640334796268563,0.4491525423728814,0.00760600042358721,0.007551343730115451,0.8212863765250772,-8.238741386930121e-05,-0.020761628295063905,0.05251671710348927,-0.3953337040118313,-0.5537163154381698,-0.7650828726476571,0.44442144009388773,0.7777892799530561,-0.11843443015036381,-0.07659347324473187,-0.021824436580435425,1.0,1.0,1.0
Tree,TREE A - MARKET,Growth,fixed_ex_ante_growth_companies,10.0,0.1,297,158,0.531986531986532,139,-0.0021097454980672364,-0.001809522589933719,0.4177215189873418,0.007706515606688443,0.009151845855826747,0.6040953235176257,-0.00030624219897762997,-0.07717303414236275,0.07262131795552908,-1.062677410917012,-1.2825548666105921,-1.9860987885300248,0.04732333566993484,0.9763383321650326,-0.2530932334967503,-0.2497636075299252,-0.07649218887646436,1.0,1.0,1.0
Tree,TREE A - MARKET,Momentum,positive_relative_momentum_60d,10.0,0.1,251,147,0.5856573705179283,131,-0.001064567223669914,-0.0013641066525640882,0.42857142857142855,0.008496069142691303,0.008235044498440827,0.7737726078134639,-9.373888122557754e-05,-0.02362219806884554,0.06795968805307012,-0.34759132576357366,-0.4729998066656284,-0.6234496071143393,0.5331460253215482,0.7334269873392258,-0.13435114396899894,-0.08912473771066953,-0.025518518155424164,1.0,1.0,1.0
Tree,TREE A - MARKET,Value,fixed_ex_ante_mature_semiconductor_proxy,10.0,0.1,95,48,0.5052631578947369,48,-0.0011033362233861743,-0.0019489569752623986,0.4583333333333333,0.008530690584707774,0.009255205061004131,0.7799153666526918,-5.839045063124184e-05,-0.014714393559072943,0.04133373662583285,-0.3559899191373061,-0.4915669161600788,-0.6945762368309031,0.4874989815041665,0.7562505092479168,-0.08088249473781517,-0.05449141548343206,-0.01539639469215015,1.0,1.0,1.0
Tree,TREE B - MARKET + SEC,Dividend,fixed_ex_ante_dividend_payers,10.0,0.1,231,118,0.5108225108225108,111,-0.0007433840678591707,-0.0010640334796268563,0.4491525423728814,0.00760600042358721,0.007551343730115451,0.8212863765250772,-8.238741386930121e-05,-0.020761628295063905,0.05251671710348927,-0.3953337040118313,-0.5537163154381698,-0.7650828726476571,0.44442144009388773,0.7777892799530561,-0.11843443015036381,-0.07659347324473187,-0.021824436580435425,1.0,1.0,1.0
Tree,TREE B - MARKET + SEC,Growth,fixed_ex_ante_growth_companies,10.0,0.1,297,159,0.5353535353535354,140,-0.002117535535514337,-0.001963669467876015,0.41509433962264153,0.007706515606688443,0.009089442797722764,0.6017024618211649,-0.00030993388745850786,-0.07810333963954398,0.07263883530278764,-1.0752284134785217,-1.2974577906813745,-2.0021136358441045,0.045570190202635134,0.9772149048986825,-0.2555941473220644,-0.2522756701464768,-0.07734951247140354,1.0,1.0,1.0
Tree,TREE B - MARKET + SEC,Momentum,positive_relative_momentum_60d,10.0,0.1,251,148,0.5896414342629482,132,-0.0010799982657542816,-0.0013730547384219732,0.42567567567567566,0.008496069142691303,0.008177554109661008,0.7700452307144188,-9.743056970645544e-05,-0.02455250356602677,0.06798131798689848,-0.3611654538789405,-0.4913210893980808,-0.647048991296428,0.517764133926961,0.7411179330365195,-0.13435114396899894,-0.09217467732664175,-0.02642316233618125,1.0,1.0,1.0
Tree,TREE B - MARKET + SEC,Value,fixed_ex_ante_mature_semiconductor_proxy,10.0,0.1,95,48,0.5052631578947369,48,-0.0011033362233861743,-0.0019489569752623986,0.4583333333333333,0.008530690584707774,0.009255205061004131,0.7799153666526918,-5.839045063124184e-05,-0.014714393559072943,0.04133373662583285,-0.3559899191373061,-0.4915669161600788,-0.6945762368309031,0.4874989815041665,0.7562505092479168,-0.08088249473781517,-0.05449141548343206,-0.01539639469215015,1.0,1.0,1.0
Tree,TREE C - MARKET + SEC + FINBERT,Dividend,fixed_ex_ante_dividend_payers,10.0,0.1,231,115,0.49783549783549785,108,-0.0012544089904231435,-0.0017368716788496701,0.4260869565217391,0.0077726790700535595,0.007956338005019485,0.7252866037806229,-0.00012635662649709462,-0.031841869877267844,0.05484819668564051,-0.5805454290460599,-0.8228695217089859,-1.091631015111766,0.2752855259215171,0.8623572370392414,-0.15155989750718513,-0.11308879865668187,-0.03268646657989027,1.0,1.0,1.0
Tree,TREE C - MARKET + SEC + FINBERT,Growth,fixed_ex_ante_growth_companies,10.0,0.1,297,176,0.5925925925925926,156,-0.0021702391215963884,-0.0027477147398153306,0.3806818181818182,0.008332835612644694,0.008626257536221642,0.5937706124711808,-0.0003645982239559126,-0.09187875243688998,0.07404097252568147,-1.2409176879061308,-1.5147534622365328,-2.417465934532039,0.01582548855663144,0.9920872557216843,-0.2918699006736275,-0.2887131367074287,-0.09002579474331318,1.0,1.0,1.0
Tree,TREE C - MARKET + SEC + FINBERT,Momentum,positive_relative_momentum_60d,10.0,0.1,251,147,0.5856573705179283,130,-0.0014708552475792692,-0.001655375711991423,0.4013605442176871,0.008414210441897423,0.008098342471205689,0.6966049728372796,-0.00015965133892542334,-0.040232137409206684,0.0665727901065706,-0.6043330517588724,-0.8141532965572583,-1.0947323781972047,0.2739248439211263,0.8630375780394368,-0.16716671346100165,-0.14169858563106064,-0.04142981321032002,1.0,1.0,1.0
Tree,TREE C - MARKET + SEC + FINBERT,Value,fixed_ex_ante_mature_semiconductor_proxy,10.0,0.1,95,50,0.5263157894736842,50,-0.001762662062595447,-0.0029084811425242312,0.42,0.008671367634944114,0.009318338740124095,0.6738611241260998,-9.716990422246123e-05,-0.02448681586406023,0.042674833186730966,-0.5737999198945669,-0.7918967917861338,-1.1263395627713375,0.26032006582465095,0.8698399670876745,-0.09453712214266397,-0.08735238358638409,-0.024993825084712595,1.0,1.0,1.0
XGBoost,XGB A - MARKET,Dividend,fixed_ex_ante_dividend_payers,10.0,0.1,231,152,0.658008658008658,145,-3.950702227193369e-05,-0.0011675538140728785,0.4473684210526316,0.008564863309385249,0.007004949671708702,0.9897945166211288,-1.5910552440628154e-05,-0.004009459215038294,0.06492539404998703,-0.06175486916492725,-0.09860246598846105,-0.10893483396989366,0.9132782990474813,0.5433608504762594,-0.12537879936641416,-0.021728265503937916,-0.006064733518220122,1.0,1.0,1.0
XGBoost,XGB A - MARKET,Growth,fixed_ex_ante_growth_companies,10.0,0.1,297,176,0.5925925925925926,163,-0.0020503073560099645,-0.002032038159613973,0.42613636363636365,0.008019765295064228,0.009528084077104664,0.6250229543021321,-0.0003569685225610318,-0.08995606768538002,0.08438285364158433,-1.0660467595403669,-1.3282341084084142,-2.1158380270329067,0.034630866120381285,0.9826845669398093,-0.3247177375848661,-0.2858811880098395,-0.08902397189730138,1.0,1.0,1.0
XGBoost,XGB A - MARKET,Momentum,positive_relative_momentum_60d,10.0,0.1,251,153,0.6095617529880478,146,-0.000462105479986753,-0.001083979324413951,0.43790849673202614,0.009088840397201049,0.007902958663377249,0.8959734039071492,-6.219682472776224e-05,-0.015673599831396084,0.07544561347918634,-0.2077469995749993,-0.30438180191639963,-0.4154006864192018,0.6779469631719379,0.661026518414031,-0.11027912865830192,-0.06444871109451034,-0.018278721566719502,1.0,1.0,1.0
XGBoost,XGB A - MARKET,Value,fixed_ex_ante_mature_semiconductor_proxy,10.0,0.1,95,71,0.7473684210526316,71,0.0009394093593075006,-3.2163543327077757e-05,0.49295774647887325,0.01009442853328318,0.007961303726502188,1.2327161577848493,7.35370060758904e-05,0.018531325531124382,0.0537215176309173,0.34495163853039423,0.5801585840376858,0.6201802988411359,0.5352950451523695,0.26764752257618474,-0.06797099454917355,0.06347086918516687,0.017186765701006967,1.0,1.0,1.0
XGBoost,XGB B - MARKET + SEC,Dividend,fixed_ex_ante_dividend_payers,10.0,0.1,231,141,0.6103896103896104,136,-0.0002362668119528916,-0.001083979324413951,0.46099290780141844,0.00849416854944852,0.007703086528940943,0.9430959122680774,-1.3970651350873245e-05,-0.0035206041404200576,0.06601926006823672,-0.05332692515458676,-0.08397043307914476,-0.09512900564562772,0.9242333948219198,0.5378833025890402,-0.11312642924366412,-0.020259378921188342,-0.005651689187548881,1.0,1.0,1.0
XGBoost,XGB B - MARKET + SEC,Growth,fixed_ex_ante_growth_companies,10.0,0.1,297,188,0.632996632996633,170,-0.0019164452195631443,-0.0012130075534446932,0.44148936170212766,0.007969083596815535,0.00973072037917677,0.647369423611983,-0.0003650675241120547,-0.09199701607623778,0.08865272683704861,-1.0377234785494671,-1.3031476960833666,-2.0299425187519393,0.04265414714355367,0.9786729264282231,-0.32764793563930505,-0.2920515579039442,-0.09121049687862759,1.0,1.0,1.0
XGBoost,XGB B - MARKET + SEC,Momentum,positive_relative_momentum_60d,10.0,0.1,251,151,0.601593625498008,144,-0.0007198067392132287,-0.000766168882486205,0.46357615894039733,0.008734901591609034,0.008890542333750988,0.8490686062146482,-9.712117870707722e-05,-0.02447453703418346,0.07837291029207423,-0.31228312108065925,-0.4397100386152797,-0.6093579778653762,0.5424399590386555,0.7287800204806723,-0.14373137028667116,-0.09436768761377523,-0.027074991367277867,1.0,1.0,1.0
XGBoost,XGB B - MARKET + SEC,Value,fixed_ex_ante_mature_semiconductor_proxy,10.0,0.1,95,61,0.6421052631578947,61,0.0009799288880689772,9.232330532961755e-06,0.5081967213114754,0.010152348057018017,0.008498237586511694,1.2344629756609102,6.590480945116609e-05,0.016608011981693854,0.05188617370225785,0.32008550248852036,0.5266402342550205,0.5884252325732896,0.5563935614542577,0.27819678072712883,-0.08789491688152207,0.056498338473581544,0.015335609384942828,1.0,1.0,1.0
XGBoost,XGB C - MARKET + SEC + FINBERT,Dividend,fixed_ex_ante_dividend_payers,10.0,0.1,231,142,0.6147186147186147,137,0.0002829119265053198,-0.0006285887976215359,0.47183098591549294,0.00922826732664118,0.007708272230949381,1.0694898369960788,8.499294481337863e-05,0.021418222092971416,0.06805136901274161,0.314736094272566,0.5184774385475157,0.5722325175546138,0.567306417856646,0.283653208928323,-0.09296948502889968,0.0712297601032148,0.019236407141546286,1.0,1.0,1.0
XGBoost,XGB C - MARKET + SEC + FINBERT,Growth,fixed_ex_ante_growth_companies,10.0,0.1,297,189,0.6363636363636364,170,-0.001377374770048299,-0.0009723690133882062,0.43915343915343913,0.008610164735039366,0.009197806646673547,0.7329922994100431,-0.0003195954797622105,-0.08053806090007704,0.08827467144676822,-0.9123575265714069,-1.164419549321958,-1.808707532929117,0.07082785947137278,0.9645860702643136,-0.3017409544617652,-0.2621365997626234,-0.08073515060481418,1.0,1.0,1.0
XGBoost,XGB C - MARKET + SEC + FINBERT,Momentum,positive_relative_momentum_60d,10.0,0.1,251,142,0.5657370517928287,136,0.00010347163456523051,-0.0006793316902606854,0.4647887323943662,0.009436016251773685,0.008001106585642114,1.0241627302801843,2.718208896986085e-05,0.006849886420404933,0.07587358852910123,0.09028024841315721,0.13540046979430964,0.17532924328153776,0.8608601107369197,0.43043005536845985,-0.0981665575025098,0.014439313192212921,0.0039777505105884625,1.0,1.0,1.0
XGBoost,XGB C - MARKET + SEC + FINBERT,Value,fixed_ex_ante_mature_semiconductor_proxy,10.0,0.1,95,64,0.6736842105263158,64,0.001078390115757523,-1.1465606397058e-05,0.5,0.010449333270835508,0.008292553039320465,1.2600863957442692,7.609367961243823e-05,0.019175607262334433,0.05281211226338088,0.36309108726239137,0.6132110321844528,0.6565375605384868,0.5116450246698281,0.25582251233491404,-0.0716749681584955,0.06612502727251002,0.017889119329289604,1.0,1.0,1.0
