Ticker,Filing_Date,Acceptance_DateTime_ET,Accession,Has_8K,Has_EX99,Sentiment_Source,Filing_Block_Count,EightK_Block_Count,EX99_Block_Count,Item_Numbers,Source_Types,Positive_Block_Count,Negative_Block_Count,Neutral_Block_Count,Positive_Ratio,Negative_Ratio,Neutral_Ratio,Mean_Positive,Mean_Negative,Mean_Neutral,Mean_Net_Sentiment,Median_Net_Sentiment,Min_Net_Sentiment,Max_Net_Sentiment,Max_Positive_Probability,Max_Negative_Probability,Most_Positive_Source_Type,Most_Positive_Block_ID,Most_Negative_Source_Type,Most_Negative_Block_ID,Has_Item_1_01,Has_Item_1_02,Has_Item_1_05,Has_Item_2_01,Has_Item_2_02,Has_Item_2_03,Has_Item_3_02,Has_Item_5_02,Has_Item_5_03,Has_Item_5_07,Has_Item_5_08,Has_Item_7_01,Has_Item_8_01
AAPL,2020-01-28,2020-01-28T16:30:40-05:00,0000320193-20-000008,1,1,EX99,3,1,2,2.02,8-K|EX-99.1,1,0,1,0.5,0.0,0.5,0.5000017793961433,1.2222968275299453e-06,0.4999970298446383,0.5000005570993158,0.5000005570993158,1.1179781722603366e-06,0.9999999962204592,1.0,2.440814114379464e-06,EX-99.1,0,EX-99.1,1,0,0,0,0,1,0,0,0,0,0,0,0,0
AAPL,2020-02-18,2020-02-18T06:24:57-05:00,0001193125-20-039203,1,1,EX99,3,1,2,7.01,8-K|EX-99.1,2,0,0,1.0,0.0,0.0,0.7775358855724335,0.00578341702930625,0.21668064931873227,0.7717524685431272,0.7717524685431272,0.5564577174372971,0.9870472196489573,0.9918763637542723,0.0067376899532973,EX-99.1,1,EX-99.1,0,0,0,0,0,0,0,0,0,0,0,0,1,0
AAPL,2020-02-27,2020-02-27T06:14:21-05:00,0001193125-20-050884,1,0,8K,2,2,0,5.07,8-K,0,0,2,0.0,0.0,1.0,2.306056273937429e-06,5.866170681656513e-06,0.9999918937683105,-3.560114407719084e-06,-3.560114407719084e-06,-6.202099484653445e-06,-9.181293307847228e-07,4.1056214286072645e-06,1.030772091326071e-05,8-K,1,8-K,1,0,0,0,0,0,0,0,0,0,1,0,0,0
AAPL,2020-04-30,2020-04-30T16:30:41-04:00,0000320193-20-000050,1,1,EX99,3,1,2,2.02,8-K|EX-99.1,1,0,1,0.5,0.0,0.5,0.49999918243219094,1.2147828130082416e-06,0.4999996324830818,0.49999796764937793,0.49999796764937793,-4.7325568175438093e-07,0.9999964085544376,0.999996781349182,2.056770881608827e-06,EX-99.1,0,EX-99.1,1,0,0,0,0,1,0,0,0,0,0,0,0,0
AAPL,2020-05-11,2020-05-11T16:31:15-04:00,0001193125-20-139112,1,0,8K,2,2,0,8.01,8-K,0,0,2,0.0,0.0,1.0,9.262552339350805e-06,2.8833092642344127e-06,0.9999879002571106,6.379243075116392e-06,6.379243075116392e-06,4.98776716995053e-06,7.770718980282254e-06,9.656077054387424e-06,4.668309884436894e-06,8-K,1,8-K,1,0,0,0,0,0,0,0,0,0,0,0,0,1
AAPL,2020-07-30,2020-07-30T18:55:04-04:00,0000320193-20-000060,1,1,EX99,3,1,2,2.02,8-K|EX-99.1,1,0,1,0.5,0.0,0.5,0.5000003200047729,1.0652152493406675e-07,0.49999956816458635,0.500000213483248,0.500000213483248,5.640717972710263e-07,0.9999998628946988,0.9999998807907104,1.9514703808454215e-07,EX-99.1,0,EX-99.1,1,0,0,0,0,1,0,0,0,0,0,0,0,0
AAPL,2020-08-07,2020-08-07T17:20:23-04:00,0001193125-20-213158,1,0,8K,1,1,0,5.03,8-K,0,0,1,0.0,0.0,1.0,1.4039885172678623e-05,8.318737855006475e-06,0.9999775886535645,5.721147317672148e-06,5.721147317672148e-06,5.721147317672148e-06,5.721147317672148e-06,1.4039885172678623e-05,8.318737855006475e-06,8-K,0,8-K,0,0,0,0,0,0,0,0,0,1,0,0,0,0
AAPL,2020-08-20,2020-08-20T16:30:57-04:00,0001193125-20-225672,1,0,8K,2,2,0,8.01,8-K,0,0,2,0.0,0.0,1.0,7.80900495556125e-06,2.610216853327074e-06,0.9999895691871644,5.198788102234175e-06,5.198788102234175e-06,4.94781482984763e-06,5.449761374620721e-06,9.884782230074052e-06,4.435020855453331e-06,8-K,1,8-K,1,0,0,0,0,0,0,0,0,0,0,0,0,1
AAPL,2020-10-29,2020-10-29T16:30:32-04:00,0000320193-20-000094,1,1,EX99,3,1,2,2.02,8-K|EX-99.1,1,0,1,0.5,0.0,0.5,0.4999994068831057,1.7585684073395669e-06,0.4999988472289943,0.49999764831469834,0.49999764831469834,-3.337891342880539e-06,0.9999986345207396,0.9999986886978148,3.4629597394086886e-06,EX-99.1,0,EX-99.1,1,0,0,0,0,1,0,0,0,0,0,0,0,0
AAPL,2021-01-05,2021-01-05T16:32:16-05:00,0001193125-21-001982,1,0,8K,1,1,0,5.02,8-K,0,0,1,0.0,0.0,1.0,5.741655968449777e-06,2.3559171040687943e-06,0.9999918937683104,3.3857388643809827e-06,3.3857388643809827e-06,3.3857388643809827e-06,3.3857388643809827e-06,5.741655968449777e-06,2.3559171040687943e-06,8-K,0,8-K,0,0,0,0,0,0,0,0,1,0,0,0,0,0
AAPL,2021-01-27,2021-01-27T16:30:35-05:00,0000320193-21-000009,1,1,EX99,3,1,2,2.02,8-K|EX-99.1,1,0,1,0.5,0.0,0.5,0.4999815824684361,2.252810990199805e-06,0.5000162238793564,0.49997932965744596,0.49997932965744596,-4.347423981698739e-06,0.9999630067388736,0.9999630451202391,4.467240614758339e-06,EX-99.1,0,EX-99.1,1,0,0,0,0,1,0,0,0,0,0,0,0,0
AAPL,2021-02-08,2021-02-08T16:31:03-05:00,0001193125-21-032394,1,0,8K,3,3,0,8.01,8-K,0,0,3,0.0,0.0,1.0,1.3333932808260821e-05,2.36725198495454e-06,0.9999843041102091,1.0966680823306282e-05,7.478411475858593e-06,2.53451378284808e-06,2.288711721121217e-05,2.7109490474686027e-05,4.222373263473855e-06,8-K,2,8-K,2,0,0,0,0,0,0,0,0,0,0,0,0,1
AAPL,2021-02-24,2021-02-24T16:31:21-05:00,0001193125-21-054710,1,0,8K,2,2,0,5.07,8-K,0,0,2,0.0,0.0,1.0,1.730535217348006e-06,1.0689427313081978e-05,0.9999875426292419,-8.958892095733972e-06,-8.958892095733972e-06,-1.7011870113492478e-05,-9.059140779754672e-07,3.0917663025320508e-06,2.010363641602453e-05,8-K,1,8-K,1,0,0,0,0,0,0,0,0,0,1,0,0,0
AAPL,2021-04-28,2021-04-28T16:30:33-04:00,0000320193-21-000055,1,1,EX99,3,1,2,2.02,8-K|EX-99.1,1,0,1,0.5,0.0,0.5,0.5000001552655533,4.0058543593346485e-07,0.4999994156189222,0.4999997546801174,0.4999997546801174,-4.862834543928329e-07,0.9999999956436892,1.0,7.968145609993371e-07,EX-99.1,0,EX-99.1,1,0,0,0,0,1,0,0,0,0,0,0,0,0
AAPL,2021-07-27,2021-07-27T16:35:44-04:00,0000320193-21-000063,1,1,EX99,2,1,1,2.02,8-K|EX-99.1,1,0,0,1.0,0.0,0.0,0.999313235282898,1.275777634646147e-07,0.0006866800249554,0.9993131077051344,0.9993131077051344,0.9993131077051344,0.9993131077051344,0.999313235282898,1.275777634646147e-07,EX-99.1,0,EX-99.1,0,0,0,0,0,1,0,0,0,0,0,0,0,0
AAPL,2021-08-05,2021-08-05T16:31:44-04:00,0001193125-21-237787,1,0,8K,2,2,0,8.01,8-K,0,0,2,0.0,0.0,1.0,7.845859954613843e-06,2.7677208151999366e-06,0.9999893307685852,5.078139139413906e-06,5.078139139413906e-06,4.562379672279349e-06,5.593898606548464e-06,9.182160283671692e-06,4.619780611392343e-06,8-K,1,8-K,1,0,0,0,0,0,0,0,0,0,0,0,0,1
AAPL,2021-10-28,2021-10-28T16:30:23-04:00,0000320193-21-000104,1,1,EX99,2,1,1,2.02,8-K|EX-99.1,1,0,0,1.0,0.0,0.0,0.9999997615814208,7.805731172538799e-09,2.2131025900762327e-07,0.9999997537756896,0.9999997537756896,0.9999997537756896,0.9999997537756896,0.9999997615814208,7.805731172538799e-09,EX-99.1,0,EX-99.1,0,0,0,0,0,1,0,0,0,0,0,0,0,0
AAPL,2021-11-12,2021-11-12T16:31:14-05:00,0001193125-21-328151,1,0,8K,1,1,0,5.02,8-K,0,0,1,0.0,0.0,1.0,9.861725629889406e-06,5.01811064168578e-06,0.9999850988388062,4.843614988203626e-06,4.843614988203626e-06,4.843614988203626e-06,4.843614988203626e-06,9.861725629889406e-06,5.01811064168578e-06,8-K,0,8-K,0,0,0,0,0,0,0,0,1,0,0,0,0,0
AAPL,2022-01-27,2022-01-27T16:30:36-05:00,0000320193-22-000006,1,1,EX99,2,1,1,2.02,8-K|EX-99.1,1,0,0,1.0,0.0,0.0,0.9999991655349731,1.0816381568190536e-08,8.724067583898432e-07,0.9999991547185916,0.9999991547185916,0.9999991547185916,0.9999991547185916,0.9999991655349731,1.0816381568190536e-08,EX-99.1,0,EX-99.1,0,0,0,0,0,1,0,0,0,0,0,0,0,0
AAPL,2022-03-04,2022-03-04T16:35:09-05:00,0001193125-22-066169,1,0,8K,5,5,0,5.02,8-K,0,0,5,0.0,0.0,1.0,5.915648063137269e-06,1.8851391359930858e-05,0.9999752759933471,-1.2935743296793589e-05,-1.781518761845291e-06,-3.692421023515635e-05,9.077548384084366e-06,1.2191799214633647e-05,4.904942761640996e-05,8-K,1,8-K,1,0,0,0,0,0,0,0,1,0,0,0,0,0
AAPL,2022-04-28,2022-04-28T16:32:12-04:00,0000320193-22-000058,1,1,EX99,3,1,2,2.02,8-K|EX-99.1,1,0,1,0.5,0.0,0.5,0.5000000599083165,2.235133604977513e-06,0.4999977444165387,0.49999782477471155,0.49999782477471155,-4.347423981698739e-06,0.9999999969734048,1.0,4.467240614758339e-06,EX-99.1,0,EX-99.1,1,0,0,0,0,1,0,0,0,0,0,0,0,0
AAPL,2022-07-28,2022-07-28T16:31:44-04:00,0000320193-22-000069,1,1,EX99,2,1,1,2.02,8-K|EX-99.1,1,0,0,1.0,0.0,0.0,0.9999685287475586,3.878721699379639e-08,3.145523078273982e-05,0.9999684899603416,0.9999684899603416,0.9999684899603416,0.9999684899603416,0.9999685287475586,3.878721699379639e-08,EX-99.1,0,EX-99.1,0,0,0,0,0,1,0,0,0,0,0,0,0,0
AAPL,2022-08-08,2022-08-08T16:32:16-04:00,0001193125-22-214914,1,0,8K,2,2,0,8.01,8-K,0,0,2,0.0,0.0,1.0,8.20271520751703e-06,2.846467538120123e-06,0.9999889731407166,5.3562476693969074e-06,5.3562476693969074e-06,4.556976534786372e-06,6.155518804007443e-06,1.1123875992780086e-05,4.968357188772643e-06,8-K,1,8-K,1,0,0,0,0,0,0,0,0,0,0,0,0,1
AAPL,2022-08-19,2022-08-19T16:31:06-04:00,0001193125-22-225365,1,0,8K,3,3,0,5.02,8-K,0,0,3,0.0,0.0,1.0,7.945566039778411e-05,6.269046142883259e-05,0.9998578230539957,1.676519896894509e-05,4.071144417139294e-06,-1.5889585483819246e-05,6.211403797351522e-05,0.0001599730312591,0.0001758626167429,8-K,2,8-K,2,0,0,0,0,0,0,0,1,0,0,0,0,0
AAPL,2022-10-27,2022-10-27T16:30:22-04:00,0000320193-22-000107,1,1,EX99,3,1,2,2.02,8-K|EX-99.1,1,0,1,0.5,0.0,0.5,0.5000001400753717,2.4371886242491314e-07,0.4999996517252328,0.4999998963565093,0.4999998963565093,-2.009135755542957e-07,0.9999999936265942,1.0,4.81064319046709e-07,EX-99.1,0,EX-99.1,1,0,0,0,0,1,0,0,0,0,0,0,0,0
AAPL,2022-11-07,2022-11-07T06:27:07-05:00,0001193125-22-278435,1,1,EX99,2,1,1,7.01,8-K|EX-99.1,1,0,0,1.0,0.0,0.0,0.9997158646583556,5.702219641534612e-05,0.0002271872072014,0.9996588424619404,0.9996588424619404,0.9996588424619404,0.9996588424619404,0.9997158646583556,5.702219641534612e-05,EX-99.1,0,EX-99.1,0,0,0,0,0,0,0,0,0,0,0,0,1,0
AAPL,2023-02-02,2023-02-02T16:30:33-05:00,0000320193-23-000005,1,1,EX99,2,1,1,2.02,8-K|EX-99.1,1,0,0,1.0,0.0,0.0,0.999884843826294,3.111677244760358e-07,0.0001147600778494,0.9998845326585696,0.9998845326585696,0.9998845326585696,0.9998845326585696,0.999884843826294,3.111677244760358e-07,EX-99.1,0,EX-99.1,0,0,0,0,0,1,0,0,0,0,0,0,0,0
AAPL,2023-03-10,2023-03-10T16:30:52-05:00,0001140361-23-011192,1,0,8K,3,3,0,5.07,8-K,0,0,3,0.0,0.0,1.0,8.955778506939774e-07,1.3449130847220658e-05,0.9999856551488241,-1.2553552996526681e-05,-1.562318232117832e-06,-3.649709665864975e-05,3.987559011875419e-07,1.758441385391052e-06,3.684309558593668e-05,8-K,1,8-K,2,0,0,0,0,0,0,0,0,0,1,0,0,0
AAPL,2023-05-04,2023-05-04T16:30:43-04:00,0000320193-23-000063,1,1,EX99,2,1,1,2.02,8-K|EX-99.1,1,0,0,1.0,0.0,0.0,0.9999994039535522,9.228322106480393e-09,5.446974569167651e-07,0.99999939472523,0.99999939472523,0.99999939472523,0.99999939472523,0.9999994039535522,9.228322106480393e-09,EX-99.1,0,EX-99.1,0,0,0,0,0,1,0,0,0,0,0,0,0,0
AAPL,2023-05-10,2023-05-10T16:31:27-04:00,0001140361-23-023909,1,0,8K,3,3,0,8.01,8-K,0,0,3,0.0,0.0,1.0,1.0641781576244588e-05,2.138024569831032e-06,0.9999872446060181,8.503757006413556e-06,7.877738767092524e-06,1.2556204183056252e-06,1.6377911833842518e-05,2.048260648734868e-05,4.104694653506158e-06,8-K,2,8-K,2,0,0,0,0,0,0,0,0,0,0,0,0,1
AAPL,2023-08-03,2023-08-03T16:30:21-04:00,0000320193-23-000075,1,1,EX99,2,1,1,2.02,8-K|EX-99.1,1,0,0,1.0,0.0,0.0,1.0,3.264194914365248e-09,4.524494912061528e-08,0.9999999967358052,0.9999999967358052,0.9999999967358052,0.9999999967358052,1.0,3.264194914365248e-09,EX-99.1,0,EX-99.1,0,0,0,0,0,1,0,0,0,0,0,0,0,0
AAPL,2023-11-02,2023-11-02T16:30:32-04:00,0000320193-23-000104,1,1,EX99,2,1,1,2.02,8-K|EX-99.1,1,0,0,1.0,0.0,0.0,0.9999997615814208,6.9570491589843195e-09,2.2115834497071774e-07,0.9999997546243716,0.9999997546243716,0.9999997546243716,0.9999997546243716,0.9999997615814208,6.9570491589843195e-09,EX-99.1,0,EX-99.1,0,0,0,0,0,1,0,0,0,0,0,0,0,0
AAPL,2024-02-01,2024-02-01T16:30:30-05:00,0000320193-24-000005,1,1,EX99,2,1,1,2.02,8-K|EX-99.1,1,0,0,1.0,0.0,0.0,0.9999849796295166,1.846371056046792e-08,1.5022112165752333e-05,0.999984961165806,0.999984961165806,0.999984961165806,0.999984961165806,0.9999849796295166,1.846371056046792e-08,EX-99.1,0,EX-99.1,0,0,0,0,0,1,0,0,0,0,0,0,0,0
AAPL,2024-02-28,2024-02-28T17:09:05-05:00,0001140361-24-010155,1,0,8K,2,2,0,5.07,8-K,0,0,2,0.0,0.0,1.0,9.847827584508195e-07,2.892426095968403e-06,0.9999961256980896,-1.907643337517584e-06,-1.907643337517584e-06,-2.354899493184348e-06,-1.4603871818508196e-06,1.3860386616215692e-06,3.740938154805917e-06,8-K,1,8-K,1,0,0,0,0,0,0,0,0,0,1,0,0,0
AAPL,2024-05-02,2024-05-02T16:30:34-04:00,0000320193-24-000067,1,1,EX99,3,1,2,2.02,8-K|EX-99.1,1,0,1,0.5,0.0,0.5,0.4983063641247014,2.4050576996614836e-06,0.5016912710852921,0.49830395906700176,0.49830395906700176,-4.347423981698739e-06,0.9966122655579852,0.9966126084327698,4.467240614758339e-06,EX-99.1,0,EX-99.1,1,0,0,0,0,1,0,0,0,0,0,0,0,0
AAPL,2024-05-03,2024-05-03T16:35:42-04:00,0001140361-24-024352,1,1,EX99,23,1,22,7.01,8-K|EX-99.1|EX-99.2,0,0,22,0.0,0.0,1.0,0.000485558973113325,0.0036767352072605243,0.9958377155390653,-0.00319117623414721,5.086467353976332e-06,-0.0744614046998322,0.0031425863126059,0.0041604074649512,0.0786218121647834,EX-99.2,2,EX-99.2,2,0,0,0,0,0,0,0,0,0,0,0,1,0
AAPL,2024-08-01,2024-08-01T16:30:26-04:00,0000320193-24-000080,1,1,EX99,2,1,1,2.02,8-K|EX-99.1,1,0,0,1.0,0.0,0.0,0.9999953508377076,1.6293993709837196e-08,4.660547801904613e-06,0.9999953345437138,0.9999953345437138,0.9999953345437138,0.9999953345437138,0.9999953508377076,1.6293993709837196e-08,EX-99.1,0,EX-99.1,0,0,0,0,0,1,0,0,0,0,0,0,0,0
AAPL,2024-08-23,2024-08-23T16:30:44-04:00,0001140361-24-038403,1,0,8K,1,1,0,5.03,8-K,0,0,1,0.0,0.0,1.0,4.610684482031502e-05,4.221260314807296e-05,0.9999116659164428,3.89424167224206e-06,3.89424167224206e-06,3.89424167224206e-06,3.89424167224206e-06,4.610684482031502e-05,4.221260314807296e-05,8-K,0,8-K,0,0,0,0,0,0,0,0,0,1,0,0,0,0
AAPL,2024-08-26,2024-08-26T17:20:33-04:00,0001140361-24-038601,1,0,8K,1,1,0,5.02,8-K,0,0,1,0.0,0.0,1.0,7.92681566963438e-06,1.0090591786138248e-05,0.9999819993972778,-2.1637761165038683e-06,-2.1637761165038683e-06,-2.1637761165038683e-06,-2.1637761165038683e-06,7.92681566963438e-06,1.0090591786138248e-05,8-K,0,8-K,0,0,0,0,0,0,0,0,1,0,0,0,0,0
AAPL,2024-09-10,2024-09-10T09:06:34-04:00,0001140361-24-040659,1,0,8K,2,2,0,7.01,8-K,0,1,1,0.0,0.5,0.5,9.478020911041813e-05,0.3996696889789746,0.6002355515956879,-0.3995749087698641,-0.3995749087698641,-0.7991120358783519,-3.778166137635708e-05,0.0001683095615589,0.7992803454399109,8-K,1,8-K,1,0,0,0,0,0,0,0,0,0,0,0,1,0
AAPL,2024-10-31,2024-10-31T16:30:25-04:00,0000320193-24-000120,1,1,EX99,3,1,2,2.02,8-K|EX-99.1,1,0,1,0.5,0.0,0.5,0.49995883546216646,4.244071785564074e-06,0.5000369639201381,0.4999545913903809,0.4999545913903809,8.409074325754773e-06,0.999900773706436,0.9999008178710938,8.443978913419414e-06,EX-99.1,0,EX-99.1,1,0,0,0,0,1,0,0,0,0,0,0,0,0
AAPL,2025-01-03,2025-01-03T16:30:56-05:00,0001140361-25-000228,1,0,8K,2,2,0,5.02,8-K,0,0,2,0.0,0.0,1.0,1.7218643279193202e-05,3.297113838129917e-05,0.9999498128890991,-1.5752495102105968e-05,-1.5752495102105968e-05,-4.377844561531674e-05,1.2273455411104806e-05,2.152267006749753e-05,6.530111568281427e-05,8-K,1,8-K,1,0,0,0,0,0,0,0,1,0,0,0,0,0
AAPL,2025-01-30,2025-01-30T16:30:23-05:00,0000320193-25-000007,1,1,EX99,2,1,1,2.02,8-K|EX-99.1,1,0,0,1.0,0.0,0.0,0.9999996423721312,6.8808234665596055e-09,3.161626693781727e-07,0.999999635491308,0.999999635491308,0.999999635491308,0.999999635491308,0.9999996423721312,6.8808234665596055e-09,EX-99.1,0,EX-99.1,0,0,0,0,0,1,0,0,0,0,0,0,0,0
AAPL,2025-02-25,2025-02-25T16:47:19-05:00,0001140361-25-005876,1,0,8K,2,2,0,5.07,8-K,0,0,2,0.0,0.0,1.0,1.4623536372937451e-06,3.875734762459615e-06,0.9999945759773254,-2.4133811251658695e-06,-2.4133811251658695e-06,-3.436045517446473e-06,-1.3907167328852663e-06,2.4664727789058816e-06,5.902518296352355e-06,8-K,1,8-K,1,0,0,0,0,0,0,0,0,0,1,0,0,0
AAPL,2025-05-01,2025-05-01T16:30:21-04:00,0000320193-25-000055,1,1,EX99,2,1,1,2.02,8-K|EX-99.1,1,0,0,1.0,0.0,0.0,0.999998927116394,6.0507852062130504e-09,1.1013286211891682e-06,0.9999989210656088,0.9999989210656088,0.9999989210656088,0.9999989210656088,0.999998927116394,6.0507852062130504e-09,EX-99.1,0,EX-99.1,0,0,0,0,0,1,0,0,0,0,0,0,0,0
AAPL,2025-05-12,2025-05-12T16:30:28-04:00,0001140361-25-018400,1,0,8K,2,2,0,8.01,8-K,0,0,2,0.0,0.0,1.0,9.029816965266946e-06,2.593158086483527e-06,0.999988317489624,6.436658878783419e-06,6.436658878783419e-06,5.7481420867588895e-06,7.125175670807948e-06,1.1650828128040304e-05,4.525652457232354e-06,8-K,1,8-K,1,0,0,0,0,0,0,0,0,0,0,0,0,1
AAPL,2025-07-08,2025-07-08T21:18:13-04:00,0001140361-25-025275,1,0,8K,1,1,0,5.02,8-K,0,0,1,0.0,0.0,1.0,1.6870739273144864e-05,7.338455179706216e-05,0.9999096393585204,-5.6513812523917295e-05,-5.6513812523917295e-05,-5.6513812523917295e-05,-5.6513812523917295e-05,1.6870739273144864e-05,7.338455179706216e-05,8-K,0,8-K,0,0,0,0,0,0,0,0,1,0,0,0,0,0
AAPL,2025-07-25,2025-07-25T16:30:49-04:00,0001140361-25-027340,1,0,8K,1,1,0,5.02,8-K,0,0,1,0.0,0.0,1.0,4.609412371792132e-06,8.185988008335698e-06,0.9999871253967284,-3.5765756365435664e-06,-3.5765756365435664e-06,-3.5765756365435664e-06,-3.5765756365435664e-06,4.609412371792132e-06,8.185988008335698e-06,8-K,0,8-K,0,0,0,0,0,0,0,0,1,0,0,0,0,0
AAPL,2025-07-31,2025-07-31T16:30:25-04:00,0000320193-25-000071,1,1,EX99,2,1,1,2.02,8-K|EX-99.1,1,0,0,1.0,0.0,0.0,0.9999985694885254,7.422177095151028e-09,1.4606850982090691e-06,0.9999985620663484,0.9999985620663484,0.9999985620663484,0.9999985620663484,0.9999985694885254,7.422177095151028e-09,EX-99.1,0,EX-99.1,0,0,0,0,0,1,0,0,0,0,0,0,0,0
AAPL,2025-10-30,2025-10-30T16:30:35-04:00,0000320193-25-000077,1,1,EX99,2,1,1,2.02,8-K|EX-99.1,1,0,0,1.0,0.0,0.0,0.9999990463256836,9.13731224017056e-09,9.096787607631996e-07,0.9999990371883714,0.9999990371883714,0.9999990371883714,0.9999990371883714,0.9999990463256836,9.13731224017056e-09,EX-99.1,0,EX-99.1,0,0,0,0,0,1,0,0,0,0,0,0,0,0
AAPL,2025-12-05,2025-12-05T16:31:42-05:00,0001140361-25-044561,1,0,8K,1,1,0,5.02,8-K,0,0,1,0.0,0.0,1.0,1.28204956126865e-05,2.635569398989901e-05,0.9999607801437378,-1.353519837721251e-05,-1.353519837721251e-05,-1.353519837721251e-05,-1.353519837721251e-05,1.28204956126865e-05,2.635569398989901e-05,8-K,0,8-K,0,0,0,0,0,0,0,0,1,0,0,0,0,0
AAPL,2026-01-02,2026-01-02T16:30:52-05:00,0001140361-26-000199,1,0,8K,1,1,0,5.02,8-K,0,0,1,0.0,0.0,1.0,9.709910955280066e-06,1.8283513782080263e-05,0.9999721050262452,-8.573602826800197e-06,-8.573602826800197e-06,-8.573602826800197e-06,-8.573602826800197e-06,9.709910955280066e-06,1.8283513782080263e-05,8-K,0,8-K,0,0,0,0,0,0,0,0,1,0,0,0,0,0
AAPL,2026-01-29,2026-01-29T16:30:33-05:00,0000320193-26-000005,1,1,EX99,2,1,1,2.02,8-K|EX-99.1,1,0,0,1.0,0.0,0.0,1.0,3.081718880082462e-09,1.3287168698639109e-08,0.9999999969182812,0.9999999969182812,0.9999999969182812,0.9999999969182812,1.0,3.081718880082462e-09,EX-99.1,0,EX-99.1,0,0,0,0,0,1,0,0,0,0,0,0,0,0
AAPL,2026-02-24,2026-02-24T16:55:58-05:00,0001140361-26-006577,1,0,8K,2,2,0,5.07,8-K,0,0,2,0.0,0.0,1.0,7.496590114897117e-06,4.983943085790088e-06,0.9999875426292419,2.512647029107029e-06,2.512647029107029e-06,-9.790626336325658e-07,6.004356691846624e-06,1.4337876564241014e-05,8.33351987239439e-06,8-K,1,8-K,1,0,0,0,0,0,0,0,0,0,1,0,0,0
AAPL,2026-04-20,2026-04-20T17:29:51-04:00,0001140361-26-015711,1,0,8K,1,1,0,5.02,8-K,0,0,1,0.0,0.0,1.0,2.0801280697924085e-06,4.492318112170324e-06,0.9999934434890748,-2.4121900423779152e-06,-2.4121900423779152e-06,-2.4121900423779152e-06,-2.4121900423779152e-06,2.0801280697924085e-06,4.492318112170324e-06,8-K,0,8-K,0,0,0,0,0,0,0,0,1,0,0,0,0,0
AAPL,2026-04-30,2026-04-30T16:30:41-04:00,0000320193-26-000011,1,1,EX99,3,1,2,2.02,8-K|EX-99.1,1,0,1,0.5,0.0,0.5,0.5000000599083165,2.2355611124513786e-06,0.49999774650676626,0.49999782434720413,0.49999782434720413,-4.347423981698739e-06,0.99999999611839,1.0,4.467240614758339e-06,EX-99.1,0,EX-99.1,1,0,0,0,0,1,0,0,0,0,0,0,0,0
AAPL,2026-07-30,2026-07-30T16:30:28-04:00,0000320193-26-000018,1,1,EX99,2,1,1,2.02,8-K|EX-99.1,1,0,0,1.0,0.0,0.0,0.9999710321426392,4.0104367826643283e-08,2.893399869208224e-05,0.9999709920382712,0.9999709920382712,0.9999709920382712,0.9999709920382712,0.9999710321426392,4.0104367826643283e-08,EX-99.1,0,EX-99.1,0,0,0,0,0,1,0,0,0,0,0,0,0,0
ADBE,2020-01-24,2020-01-24T16:17:15-05:00,0001104659-20-006717,1,0,8K,3,3,0,1.01,8-K,0,0,3,0.0,0.0,1.0,1.9398687072680332e-05,0.0001510122991324372,0.9998295704523722,-0.0001316136120597693,6.284868732109317e-06,-0.0004101320446352,9.00633972378273e-06,3.906264464603737e-05,0.0004491946892812,8-K,1,8-K,1,1,0,0,0,0,0,0,0,0,0,0,0,0
ADBE,2020-01-30,2020-01-30T16:59:08-05:00,0000796343-20-000040,1,0,8K,6,6,0,5.02,8-K,0,0,6,0.0,0.0,1.0,0.00017497723782372826,8.022892264610467e-07,0.9998242060343424,0.00017417494859727766,9.392679132247395e-06,3.4867495344315103e-06,0.0009750350575359,0.0009766552830114,1.62022547556262e-06,8-K,0,8-K,0,0,0,0,0,0,0,0,1,0,0,0,0,0
ADBE,2020-02-03,2020-02-03T16:05:41-05:00,0001104659-20-009759,1,0,8K,4,4,0,1.01,8-K,0,0,4,0.0,0.0,1.0,8.078789463183966e-06,1.2478682194227986e-06,0.9999906420707703,6.830921243761168e-06,4.343207507417901e-06,-2.003514225634717e-07,1.883762138277234e-05,2.153239256585948e-05,2.6947711830871413e-06,8-K,1,8-K,1,1,0,0,0,0,0,0,0,0,0,0,0,0
ADBE,2020-03-12,2020-03-12T16:07:22-04:00,0000796343-20-000054,1,1,EX99,5,4,1,2.02,8-K|EX-99.1,0,0,1,0.0,0.0,1.0,0.1143604218959808,0.0608516372740268,0.8247879147529602,0.0535087846219539,0.0535087846219539,0.0535087846219539,0.0535087846219539,0.1143604218959808,0.0608516372740268,EX-99.1,0,EX-99.1,0,0,0,0,0,1,0,0,0,0,0,0,0,0
ADBE,2020-04-10,2020-04-10T16:14:09-04:00,0000796343-20-000085,1,0,8K,3,3,0,5.02,8-K,0,0,3,0.0,0.0,1.0,3.3254313317835718e-06,2.067723850511053e-06,0.9999945958455404,1.2577074812725186e-06,7.884173101047054e-07,-5.750069931309554e-07,3.559712126843806e-06,4.724333393824054e-06,3.9359160837193485e-06,8-K,2,8-K,2,0,0,0,0,0,0,0,1,0,0,0,0,0
ADBE,2020-06-11,2020-06-11T16:07:40-04:00,0000796343-20-000129,1,1,EX99,6,5,1,2.02,8-K|EX-99.1,0,0,1,0.0,0.0,1.0,0.0663291066884994,0.0795513987541198,0.8541194796562195,-0.0132222920656204,-0.0132222920656204,-0.0132222920656204,-0.0132222920656204,0.0663291066884994,0.0795513987541198,EX-99.1,0,EX-99.1,0,0,0,0,0,1,0,0,0,0,0,0,0,0
ADBE,2020-09-15,2020-09-15T16:07:22-04:00,0000796343-20-000197,1,1,EX99,5,4,1,2.02,8-K|EX-99.1,0,0,1,0.0,0.0,1.0,0.0663291066884994,0.0795513987541198,0.8541194796562195,-0.0132222920656204,-0.0132222920656204,-0.0132222920656204,-0.0132222920656204,0.0663291066884994,0.0795513987541198,EX-99.1,0,EX-99.1,0,0,0,0,0,1,0,0,0,0,0,0,0,0
ADBE,2020-10-06,2020-10-06T16:34:07-04:00,0000796343-20-000212,1,1,EX99,3,2,1,5.02,8-K|EX-99.1,0,0,1,0.0,0.0,1.0,0.000273125275271,0.0029273335821926,0.9967995882034302,-0.0026542083069216,-0.0026542083069216,-0.0026542083069216,-0.0026542083069216,0.000273125275271,0.0029273335821926,EX-99.1,0,EX-99.1,0,0,0,0,0,0,0,0,1,0,0,0,0,0
ADBE,2020-10-23,2020-10-23T16:11:52-04:00,0000796343-20-000218,1,0,8K,1,1,0,5.02,8-K,0,0,1,0.0,0.0,1.0,0.000167580859852,9.138877067016438e-05,0.9997410178184508,7.619208918185905e-05,7.619208918185905e-05,7.619208918185905e-05,7.619208918185905e-05,0.000167580859852,9.138877067016438e-05,8-K,0,8-K,0,0,0,0,0,0,0,0,1,0,0,0,0,0
ADBE,2020-12-10,2020-12-10T08:04:03-05:00,0000796343-20-000248,1,1,EX99,7,5,2,2.02,8-K|EX-99.1|EX-99.2,0,0,2,0.0,0.0,1.0,0.03771409858018155,0.048182042315602254,0.9141038358211517,-0.01046794373542065,-0.01046794373542065,-0.0132222920656204,-0.0077135954052209,0.0663291066884994,0.0795513987541198,EX-99.1,0,EX-99.1,0,0,0,0,0,1,0,0,0,0,0,0,0,0
ADBE,2021-01-27,2021-01-27T17:19:39-05:00,0000796343-21-000028,1,0,8K,6,6,0,5.02,8-K,0,0,6,0.0,0.0,1.0,0.00013607429264084,1.0201228661799178e-06,0.999862919251124,0.00013505416977464748,1.0912530569839873e-05,2.9334719613416382e-06,0.0007245741286396,0.000726189406123,1.615277483324462e-06,8-K,0,8-K,0,0,0,0,0,0,0,0,1,0,0,0,0,0
ADBE,2021-03-23,2021-03-23T16:07:40-04:00,0000796343-21-000063,1,1,EX99,6,4,2,2.02,8-K|EX-99.1|EX-99.2,0,0,2,0.0,0.0,1.0,0.03323747109971005,0.04072144161909815,0.9260410964488983,-0.0074839705193880494,-0.0074839705193880494,-0.0132222920656204,-0.0017456489731557,0.0663291066884994,0.0795513987541198,EX-99.1,0,EX-99.1,0,0,0,0,0,1,0,0,0,0,0,0,0,0
ADBE,2021-04-22,2021-04-22T16:16:58-04:00,0000796343-21-000106,1,0,8K,3,3,0,5.02,8-K,0,0,3,0.0,0.0,1.0,6.379905547267602e-06,2.517674450549142e-06,0.9999910990397135,3.86223109671846e-06,5.8128307500737726e-08,-2.602212816782412e-06,1.4130777799437055e-05,1.5151728803175502e-05,5.500871338881552e-06,8-K,0,8-K,2,0,0,0,0,0,0,0,1,0,0,0,0,0
ADBE,2021-05-28,2021-05-28T16:09:08-04:00,0000796343-21-000128,1,1,EX99,2,1,1,8.01,8-K|EX-99.1,0,0,1,0.0,0.0,1.0,8.120296843117103e-05,0.0020523616112768,0.9978664517402648,-0.0019711586428456,-0.0019711586428456,-0.0019711586428456,-0.0019711586428456,8.120296843117103e-05,0.0020523616112768,EX-99.1,0,EX-99.1,0,0,0,0,0,0,0,0,0,0,0,0,0,1
ADBE,2021-06-02,2021-06-02T16:34:50-04:00,0000796343-21-000134,1,1,EX99,3,2,1,5.02,8-K|EX-99.1,0,0,1,0.0,0.0,1.0,0.0007825699285604,0.0036820098757743,0.9955354928970336,-0.0028994399472139,-0.0028994399472139,-0.0028994399472139,-0.0028994399472139,0.0007825699285604,0.0036820098757743,EX-99.1,0,EX-99.1,0,0,0,0,0,0,0,0,1,0,0,0,0,0
ADBE,2021-06-17,2021-06-17T16:09:03-04:00,0000796343-21-000146,1,1,EX99,5,4,1,2.02,8-K|EX-99.1,0,0,1,0.0,0.0,1.0,0.0663291066884994,0.0795513987541198,0.8541194796562195,-0.0132222920656204,-0.0132222920656204,-0.0132222920656204,-0.0132222920656204,0.0663291066884994,0.0795513987541198,EX-99.1,0,EX-99.1,0,0,0,0,0,1,0,0,0,0,0,0,0,0
ADBE,2021-09-21,2021-09-21T16:06:40-04:00,0000796343-21-000198,1,1,EX99,5,4,1,2.02,8-K|EX-99.1,0,0,1,0.0,0.0,1.0,0.0663291066884994,0.0795513987541198,0.8541194796562195,-0.0132222920656204,-0.0132222920656204,-0.0132222920656204,-0.0132222920656204,0.0663291066884994,0.0795513987541198,EX-99.1,0,EX-99.1,0,0,0,0,0,1,0,0,0,0,0,0,0,0
ADBE,2021-10-01,2021-10-01T08:42:04-04:00,0000796343-21-000213,1,1,EX99,3,2,1,5.02,8-K|EX-99.1,0,0,1,0.0,0.0,1.0,0.00154946569819,0.0022712179925292,0.9961793422698976,-0.0007217522943392,-0.0007217522943392,-0.0007217522943392,-0.0007217522943392,0.00154946569819,0.0022712179925292,EX-99.1,0,EX-99.1,0,0,0,0,0,0,0,0,1,0,0,0,0,0
ADBE,2021-10-22,2021-10-22T16:03:54-04:00,0000796343-21-000221,1,0,8K,1,1,0,5.02,8-K,0,0,1,0.0,0.0,1.0,4.854839426116087e-05,5.191289892536588e-05,0.9998995065689088,-3.3645046642050147e-06,-3.3645046642050147e-06,-3.3645046642050147e-06,-3.3645046642050147e-06,4.854839426116087e-05,5.191289892536588e-05,8-K,0,8-K,0,0,0,0,0,0,0,0,1,0,0,0,0,0
ADBE,2021-11-23,2021-11-23T16:09:48-05:00,0000796343-21-000237,1,0,8K,1,1,0,5.02,8-K,0,0,1,0.0,0.0,1.0,0.4134576022624969,0.0002966127940453,0.5862458348274231,0.4131609894684516,0.4131609894684516,0.4131609894684516,0.4131609894684516,0.4134576022624969,0.0002966127940453,8-K,0,8-K,0,0,0,0,0,0,0,0,1,0,0,0,0,0
ADBE,2021-12-16,2021-12-16T08:06:28-05:00,0000796343-21-000247,1,1,EX99,5,4,1,2.02,8-K|EX-99.1,0,0,1,0.0,0.0,1.0,0.0663291066884994,0.0795513987541198,0.8541194796562195,-0.0132222920656204,-0.0132222920656204,-0.0132222920656204,-0.0132222920656204,0.0663291066884994,0.0795513987541198,EX-99.1,0,EX-99.1,0,0,0,0,0,1,0,0,0,0,0,0,0,0
ADBE,2021-12-16,2021-12-16T08:14:45-05:00,0000796343-21-000249,1,1,EX99,2,1,1,5.02,8-K|EX-99.1,0,0,1,0.0,0.0,1.0,0.0004744929610751,0.0025076367892324,0.9970178604125975,-0.0020331438281573,-0.0020331438281573,-0.0020331438281573,-0.0020331438281573,0.0004744929610751,0.0025076367892324,EX-99.1,0,EX-99.1,0,0,0,0,0,0,0,0,1,0,0,0,0,0
ADBE,2022-01-10,2022-01-10T16:20:45-05:00,0000796343-22-000011,1,1,EX99,3,2,1,5.02,8-K|EX-99.1,0,0,1,0.0,0.0,1.0,0.0004744929610751,0.0025076367892324,0.9970178604125975,-0.0020331438281573,-0.0020331438281573,-0.0020331438281573,-0.0020331438281573,0.0004744929610751,0.0025076367892324,EX-99.1,0,EX-99.1,0,0,0,0,0,0,0,0,1,0,0,0,0,0
ADBE,2022-01-18,2022-01-18T17:14:10-05:00,0000796343-22-000027,1,0,8K,1,1,0,5.02,8-K,0,0,1,0.0,0.0,1.0,8.883688678906765e-06,1.7307207599515095e-05,0.9999737739562988,-8.42351892060833e-06,-8.42351892060833e-06,-8.42351892060833e-06,-8.42351892060833e-06,8.883688678906765e-06,1.7307207599515095e-05,8-K,0,8-K,0,0,0,0,0,0,0,0,1,0,0,0,0,0
ADBE,2022-01-27,2022-01-27T16:28:33-05:00,0000796343-22-000056,1,0,8K,6,6,0,5.02,8-K,0,0,6,0.0,0.0,1.0,0.000628473918671558,1.4401678167056768e-06,0.9993701080481211,0.0006270337508548452,4.886378795276869e-05,5.248247077815904e-06,0.003426427979889,0.0034268444869667,3.653076419141144e-06,8-K,0,8-K,3,0,0,0,0,0,0,0,1,0,0,0,0,0
ADBE,2022-03-17,2022-03-17T16:13:21-04:00,0000796343-22-000085,1,1,EX99,2,1,1,8.01,8-K|EX-99.1,0,0,1,0.0,0.0,1.0,8.120296843117103e-05,0.0020523616112768,0.9978664517402648,-0.0019711586428456,-0.0019711586428456,-0.0019711586428456,-0.0019711586428456,8.120296843117103e-05,0.0020523616112768,EX-99.1,0,EX-99.1,0,0,0,0,0,0,0,0,0,0,0,0,0,1
ADBE,2022-03-22,2022-03-22T16:06:38-04:00,0000796343-22-000087,1,1,EX99,5,4,1,2.02,8-K|EX-99.1,0,0,1,0.0,0.0,1.0,0.0663291066884994,0.0795513987541198,0.8541194796562195,-0.0132222920656204,-0.0132222920656204,-0.0132222920656204,-0.0132222920656204,0.0663291066884994,0.0795513987541198,EX-99.1,0,EX-99.1,0,0,0,0,0,1,0,0,0,0,0,0,0,0
ADBE,2022-04-19,2022-04-19T16:57:17-04:00,0000796343-22-000123,1,0,8K,2,2,0,5.07,8-K,0,0,2,0.0,0.0,1.0,5.5222810146915435e-06,8.08003102292787e-06,0.9999863505363464,-2.557750008236326e-06,-2.557750008236326e-06,-4.11457585869357e-06,-1.0009241577790815e-06,1.0507630577194504e-05,1.4622206435888074e-05,8-K,1,8-K,1,0,0,0,0,0,0,0,0,0,1,0,0,0
ADBE,2022-06-16,2022-06-16T16:06:52-04:00,0000796343-22-000150,1,1,EX99,5,4,1,2.02,8-K|EX-99.1,0,0,1,0.0,0.0,1.0,0.0663291066884994,0.0795513987541198,0.8541194796562195,-0.0132222920656204,-0.0132222920656204,-0.0132222920656204,-0.0132222920656204,0.0663291066884994,0.0795513987541198,EX-99.1,0,EX-99.1,0,0,0,0,0,1,0,0,0,0,0,0,0,0
ADBE,2022-06-30,2022-06-30T21:33:56-04:00,0001193125-22-186450,1,0,8K,3,3,0,1.01,8-K,0,1,2,0.0,0.3333333333333333,0.6666666666666666,0.0015500270621183934,0.22205192305295895,0.7763980527718862,-0.22050189599084055,-6.328668951027794e-05,-0.661443651188165,1.249905153599684e-06,0.0046339626424014,0.6660776138305664,8-K,1,8-K,1,1,0,0,0,0,0,0,0,0,0,0,0,0
ADBE,2022-09-15,2022-09-15T08:03:30-04:00,0000796343-22-000183,1,1,EX99,5,4,1,2.02,8-K|EX-99.1,0,0,1,0.0,0.0,1.0,0.0663291066884994,0.0795513987541198,0.8541194796562195,-0.0132222920656204,-0.0132222920656204,-0.0132222920656204,-0.0132222920656204,0.0663291066884994,0.0795513987541198,EX-99.1,0,EX-99.1,0,0,0,0,0,1,0,0,0,0,0,0,0,0
ADBE,2022-09-15,2022-09-15T09:20:23-04:00,0001140361-22-033412,1,1,EX99,11,10,1,1.01,8-K|EX-99.1,0,0,1,0.0,0.0,1.0,0.1374963074922561,0.0966715142130851,0.7658321261405945,0.0408247932791709,0.0408247932791709,0.0408247932791709,0.0408247932791709,0.1374963074922561,0.0966715142130851,EX-99.1,0,EX-99.1,0,1,0,0,0,0,0,0,0,0,0,0,0,0
ADBE,2022-12-15,2022-12-15T16:06:10-05:00,0000796343-22-000225,1,1,EX99,5,4,1,2.02,8-K|EX-99.1,0,0,1,0.0,0.0,1.0,0.0663291066884994,0.0795513987541198,0.8541194796562195,-0.0132222920656204,-0.0132222920656204,-0.0132222920656204,-0.0132222920656204,0.0663291066884994,0.0795513987541198,EX-99.1,0,EX-99.1,0,0,0,0,0,1,0,0,0,0,0,0,0,0
ADBE,2023-01-19,2023-01-19T16:06:00-05:00,0001193125-23-010953,1,0,8K,3,3,0,1.01,8-K,0,0,3,0.0,0.0,1.0,0.0006393234037507983,0.14137907526689256,0.8579816023508707,-0.14073975186314178,-3.4174754546256736e-06,-0.4222202592063695,4.4210923988430295e-06,0.0018950707744807,0.4241153299808502,8-K,1,8-K,1,1,0,0,0,0,0,0,0,0,0,0,0,0
ADBE,2023-01-26,2023-01-26T16:14:22-05:00,0000796343-23-000011,1,0,8K,6,6,0,5.02,8-K,0,0,6,0.0,0.0,1.0,2.4514544141614653e-05,3.929820422854391e-06,0.9999715487162272,2.0584723718760262e-05,1.1746981101623533e-05,3.68322798749432e-06,4.903839817416156e-05,5.037231676396914e-05,1.8954340703203343e-05,8-K,1,8-K,5,0,0,0,0,0,0,0,1,0,0,0,0,0
ADBE,2023-03-15,2023-03-15T16:06:36-04:00,0000796343-23-000044,1,1,EX99,5,4,1,2.02,8-K|EX-99.1,0,0,1,0.0,0.0,1.0,0.0663291066884994,0.0795513987541198,0.8541194796562195,-0.0132222920656204,-0.0132222920656204,-0.0132222920656204,-0.0132222920656204,0.0663291066884994,0.0795513987541198,EX-99.1,0,EX-99.1,0,0,0,0,0,1,0,0,0,0,0,0,0,0
ADBE,2023-04-24,2023-04-24T16:09:54-04:00,0000796343-23-000084,1,0,8K,3,3,0,5.07,8-K,0,0,3,0.0,0.0,1.0,3.1037681461990965e-06,3.6857200029771775e-06,0.9999932050704956,-5.819518567780809e-07,1.225055257236818e-06,-4.208218797430163e-06,1.2373079698591027e-06,4.672975592256989e-06,5.942476946074748e-06,8-K,2,8-K,0,0,0,0,0,0,0,0,0,0,1,0,0,0
ADBE,2023-06-15,2023-06-15T16:06:02-04:00,0000796343-23-000133,1,1,EX99,5,4,1,2.02,8-K|EX-99.1,0,0,1,0.0,0.0,1.0,0.0663291066884994,0.0795513987541198,0.8541194796562195,-0.0132222920656204,-0.0132222920656204,-0.0132222920656204,-0.0132222920656204,0.0663291066884994,0.0795513987541198,EX-99.1,0,EX-99.1,0,0,0,0,0,1,0,0,0,0,0,0,0,0
ADBE,2023-09-14,2023-09-14T16:06:02-04:00,0000796343-23-000198,1,1,EX99,7,6,1,1.01,8-K|EX-99.1,0,0,1,0.0,0.0,1.0,0.0663291066884994,0.0795513987541198,0.8541194796562195,-0.0132222920656204,-0.0132222920656204,-0.0132222920656204,-0.0132222920656204,0.0663291066884994,0.0795513987541198,EX-99.1,0,EX-99.1,0,1,0,0,0,0,0,0,0,0,0,0,0,0
ADBE,2023-10-26,2023-10-26T16:09:12-04:00,0000796343-23-000226,1,1,EX99,3,2,1,5.02,8-K|EX-99.1,0,0,1,0.0,0.0,1.0,0.0003307007136754,0.0025085115339607,0.997160792350769,-0.0021778108202852,-0.0021778108202852,-0.0021778108202852,-0.0021778108202852,0.0003307007136754,0.0025085115339607,EX-99.1,0,EX-99.1,0,0,0,0,0,0,0,0,1,0,0,0,0,0
ADBE,2023-12-13,2023-12-13T16:06:47-05:00,0000796343-23-000252,1,1,EX99,6,5,1,2.02,8-K|EX-99.1,0,0,1,0.0,0.0,1.0,0.0663291066884994,0.0795513987541198,0.8541194796562195,-0.0132222920656204,-0.0132222920656204,-0.0132222920656204,-0.0132222920656204,0.0663291066884994,0.0795513987541198,EX-99.1,0,EX-99.1,0,0,0,0,0,1,0,0,0,0,0,0,0,0
ADBE,2023-12-18,2023-12-18T08:01:03-05:00,0000796343-23-000254,1,1,EX99,3,2,1,1.01,8-K|EX-99.1,0,0,1,0.0,0.0,1.0,0.050234954804182,0.0517904162406921,0.8979746699333191,-0.00155546143651,-0.00155546143651,-0.00155546143651,-0.00155546143651,0.050234954804182,0.0517904162406921,EX-99.1,0,EX-99.1,0,1,0,0,0,0,0,0,0,0,0,0,0,0
ADBE,2024-01-26,2024-01-26T16:08:26-05:00,0000796343-24-000024,1,0,8K,6,6,0,5.02,8-K,0,0,6,0.0,0.0,1.0,3.016814775946841e-05,2.8820929713901933e-06,0.9999669392903646,2.7286054788078218e-05,9.134985560876883e-06,4.839911525778007e-06,9.86245601382052e-05,9.896745905280112e-05,7.014670700300485e-06,8-K,0,8-K,5,0,0,0,0,0,0,0,1,0,0,0,0,0
ADBE,2024-03-14,2024-03-14T16:07:21-04:00,0000796343-24-000057,1,1,EX99,7,5,2,2.02,8-K|EX-99.1|EX-99.2,0,0,2,0.0,0.0,1.0,0.03771409858018155,0.048182042315602254,0.9141038358211517,-0.01046794373542065,-0.01046794373542065,-0.0132222920656204,-0.0077135954052209,0.0663291066884994,0.0795513987541198,EX-99.1,0,EX-99.1,0,0,0,0,0,1,0,0,0,0,0,0,0,0
ADBE,2024-04-04,2024-04-04T16:06:01-04:00,0001193125-24-087244,1,0,8K,4,4,0,1.01,8-K,0,0,4,0.0,0.0,1.0,2.3747056502543273e-05,4.365602137568203e-06,0.999971866607666,1.938145436497507e-05,1.8588803300190193e-05,7.573178208986064e-06,3.277503265053383e-05,3.5372882848605514e-05,6.51575464871712e-06,8-K,2,8-K,1,1,0,0,0,0,0,0,0,0,0,0,0,0
ADBE,2024-04-19,2024-04-19T16:09:57-04:00,0000796343-24-000086,1,0,8K,3,3,0,5.02,8-K,0,0,3,0.0,0.0,1.0,7.0397650991556775e-06,2.382888131554258e-06,0.9999905824661255,4.65687696760142e-06,1.9211165636079386e-07,-8.11605787021108e-08,1.3859679825145577e-05,1.480520859331591e-05,4.800127044291003e-06,8-K,0,8-K,2,0,0,0,0,0,0,0,1,0,0,0,0,0
ADBE,2024-06-13,2024-06-13T16:06:10-04:00,0000796343-24-000140,1,1,EX99,6,5,1,2.02,8-K|EX-99.1,0,0,1,0.0,0.0,1.0,0.0663291066884994,0.0795513987541198,0.8541194796562195,-0.0132222920656204,-0.0132222920656204,-0.0132222920656204,-0.0132222920656204,0.0663291066884994,0.0795513987541198,EX-99.1,0,EX-99.1,0,0,0,0,0,1,0,0,0,0,0,0,0,0
ADBE,2024-07-18,2024-07-18T16:15:45-04:00,0000796343-24-000173,1,0,8K,1,1,0,5.02,8-K,0,0,1,0.0,0.0,1.0,9.894319191516844e-06,0.0004179749230388,0.9995720982551576,-0.0004080806038473,-0.0004080806038473,-0.0004080806038473,-0.0004080806038473,9.894319191516844e-06,0.0004179749230388,8-K,0,8-K,0,0,0,0,0,0,0,0,1,0,0,0,0,0
ADBE,2024-08-08,2024-08-08T16:05:40-04:00,0000796343-24-000192,1,0,8K,2,2,0,5.02,8-K,0,0,2,0.0,0.0,1.0,4.5554768348665675e-06,5.126924179421621e-06,0.9999902248382568,-5.714473445550539e-07,-5.714473445550539e-07,-3.3391793294867966e-06,2.196284640376689e-06,5.7819374887913e-06,9.121116818278097e-06,8-K,1,8-K,1,0,0,0,0,0,0,0,1,0,0,0,0,0
ADBE,2024-09-12,2024-09-12T16:06:12-04:00,0000796343-24-000200,1,1,EX99,6,5,1,2.02,8-K|EX-99.1,0,0,1,0.0,0.0,1.0,0.0663291066884994,0.0795513987541198,0.8541194796562195,-0.0132222920656204,-0.0132222920656204,-0.0132222920656204,-0.0132222920656204,0.0663291066884994,0.0795513987541198,EX-99.1,0,EX-99.1,0,0,0,0,0,1,0,0,0,0,0,0,0,0
ADBE,2024-12-11,2024-12-11T16:06:49-05:00,0000796343-24-000250,1,1,EX99,6,5,1,2.02,8-K|EX-99.1,0,0,1,0.0,0.0,1.0,0.0663291066884994,0.0795513987541198,0.8541194796562195,-0.0132222920656204,-0.0132222920656204,-0.0132222920656204,-0.0132222920656204,0.0663291066884994,0.0795513987541198,EX-99.1,0,EX-99.1,0,0,0,0,0,1,0,0,0,0,0,0,0,0
ADBE,2025-01-17,2025-01-17T16:05:22-05:00,0001193125-25-008409,1,0,8K,4,4,0,1.01,8-K,0,0,4,0.0,0.0,1.0,1.1190620512024907e-05,3.244941524371825e-06,0.9999855756759644,7.945678987653082e-06,7.966736689013487e-06,2.766841134871356e-06,1.3082401437713996e-05,1.6232779671554454e-05,4.484494638745673e-06,8-K,0,8-K,3,1,0,0,0,0,0,0,0,0,0,0,0,0
ADBE,2025-01-30,2025-01-30T16:17:12-05:00,0000796343-25-000036,1,0,8K,6,6,0,5.02,8-K,0,0,6,0.0,0.0,1.0,0.00017938928446406655,2.7505681335545282e-06,0.9998178482055665,0.00017663871633051155,8.652472672565636e-06,2.3540126221632818e-06,0.0010259280627451,0.0010277761612087,7.045379788905848e-06,8-K,0,8-K,5,0,0,0,0,0,0,0,1,0,0,0,0,0
ADBE,2025-03-12,2025-03-12T16:06:35-04:00,0000796343-25-000052,1,1,EX99,6,5,1,2.02,8-K|EX-99.1,0,0,1,0.0,0.0,1.0,0.0663291066884994,0.0795513987541198,0.8541194796562195,-0.0132222920656204,-0.0132222920656204,-0.0132222920656204,-0.0132222920656204,0.0663291066884994,0.0795513987541198,EX-99.1,0,EX-99.1,0,0,0,0,0,1,0,0,0,0,0,0,0,0
ADBE,2025-04-24,2025-04-24T16:06:22-04:00,0001628280-25-019665,1,0,8K,4,4,0,5.02,8-K,0,0,4,0.0,0.0,1.0,1.2333550927223769e-05,4.167863096427027e-06,0.9999834597110748,8.165687830796742e-06,2.1518070525416988e-07,-1.253091795661021e-06,3.348548170833965e-05,3.986677620559931e-05,6.6297452576691285e-06,8-K,0,8-K,3,0,0,0,0,0,0,0,1,0,0,0,0,0
ADBE,2025-06-12,2025-06-12T16:19:20-04:00,0000796343-25-000064,1,1,EX99,6,5,1,2.02,8-K|EX-99.1,0,0,1,0.0,0.0,1.0,0.0663291066884994,0.0795513987541198,0.8541194796562195,-0.0132222920656204,-0.0132222920656204,-0.0132222920656204,-0.0132222920656204,0.0663291066884994,0.0795513987541198,EX-99.1,0,EX-99.1,0,0,0,0,0,1,0,0,0,0,0,0,0,0
ADBE,2025-09-11,2025-09-11T16:06:22-04:00,0000796343-25-000102,1,1,EX99,6,5,1,2.02,8-K|EX-99.1,0,0,1,0.0,0.0,1.0,0.0663291066884994,0.0795513987541198,0.8541194796562195,-0.0132222920656204,-0.0132222920656204,-0.0132222920656204,-0.0132222920656204,0.0663291066884994,0.0795513987541198,EX-99.1,0,EX-99.1,0,0,0,0,0,1,0,0,0,0,0,0,0,0
ADBE,2025-12-10,2025-12-10T16:05:55-05:00,0000796343-25-000135,1,1,EX99,6,5,1,2.02,8-K|EX-99.1,0,0,1,0.0,0.0,1.0,0.0663291066884994,0.0795513987541198,0.8541194796562195,-0.0132222920656204,-0.0132222920656204,-0.0132222920656204,-0.0132222920656204,0.0663291066884994,0.0795513987541198,EX-99.1,0,EX-99.1,0,0,0,0,0,1,0,0,0,0,0,0,0,0
ADBE,2026-01-27,2026-01-27T17:04:38-05:00,0000796343-26-000019,1,0,8K,6,6,0,5.02,8-K,0,0,6,0.0,0.0,1.0,1.8421997992845718e-05,3.6375429649145494e-06,0.9999779065450033,1.4784455027931168e-05,9.288370250715161e-06,1.6666174360580044e-06,4.984247945571951e-05,5.010485256207176e-05,1.296814480156172e-05,8-K,0,8-K,5,0,0,0,0,0,0,0,1,0,0,0,0,0
ADBE,2026-03-12,2026-03-12T16:09:23-04:00,0000796343-26-000048,1,1,EX99,10,6,4,2.02,8-K|EX-99.1|EX-99.2|EX-99.3,2,0,2,0.5,0.0,0.5,0.518229728913866,0.019889902113465734,0.46188039348514565,0.49833982680040023,0.5032908838166463,-0.0132222920656204,0.9999998316339288,0.9999998807907104,0.0795513987541198,EX-99.3,1,EX-99.1,0,0,0,0,0,1,0,0,0,0,0,0,0,0
ADBE,2026-04-21,2026-04-21T16:07:57-04:00,0000796343-26-000101,1,1,EX99,5,4,1,5.02,8-K|EX-99.1,0,0,1,0.0,0.0,1.0,0.0663291066884994,0.0795513987541198,0.8541194796562195,-0.0132222920656204,-0.0132222920656204,-0.0132222920656204,-0.0132222920656204,0.0663291066884994,0.0795513987541198,EX-99.1,0,EX-99.1,0,0,0,0,0,0,0,0,1,0,0,0,0,0
ADBE,2026-06-11,2026-06-11T16:08:53-04:00,0000796343-26-000109,1,1,EX99,7,6,1,2.02,8-K|EX-99.1,0,0,1,0.0,0.0,1.0,0.0663291066884994,0.0795513987541198,0.8541194796562195,-0.0132222920656204,-0.0132222920656204,-0.0132222920656204,-0.0132222920656204,0.0663291066884994,0.0795513987541198,EX-99.1,0,EX-99.1,0,0,0,0,0,1,0,0,0,0,0,0,0,0
ADBE,2026-07-17,2026-07-17T16:14:16-04:00,0000796343-26-000120,1,0,8K,1,1,0,5.02,8-K,0,0,1,0.0,0.0,1.0,4.140511009609327e-05,6.638344984821742e-06,0.999951958656311,3.4766765111271525e-05,3.4766765111271525e-05,3.4766765111271525e-05,3.4766765111271525e-05,4.140511009609327e-05,6.638344984821742e-06,8-K,0,8-K,0,0,0,0,0,0,0,0,1,0,0,0,0,0
AMD,2020-01-28,2020-01-28T16:17:02-05:00,0000002488-20-000006,1,1,EX99,2635,2,2633,2.02,8-K|EX-99.1|EX-99.2,0,0,2633,0.0,0.0,1.0,1.5937724233524443e-05,7.751462753335973e-06,0.9999763097683377,8.186261480188561e-06,3.312534317956306e-06,-0.0009052503737621,0.0024292352609336,0.0030664755031466,0.0014642623718827,EX-99.1,0,EX-99.2,1941,0,0,0,0,1,0,0,0,0,0,0,0,0
AMD,2020-02-18,2020-02-18T16:59:10-05:00,0000002488-20-000019,1,0,8K,1,1,0,5.02,8-K,0,0,1,0.0,0.0,1.0,8.615334991191048e-06,1.4552554148394847e-06,0.9999899864196776,7.1600795763515634e-06,7.1600795763515634e-06,7.1600795763515634e-06,7.1600795763515634e-06,8.615334991191048e-06,1.4552554148394847e-06,8-K,0,8-K,0,0,0,0,0,0,0,0,1,0,0,0,0,0
AMD,2020-03-12,2020-03-12T16:53:05-04:00,0000002488-20-000034,1,0,8K,1,1,0,5.03,8-K,0,0,1,0.0,0.0,1.0,4.2536503315204754e-06,5.272757789498428e-06,0.999990463256836,-1.0191074579779524e-06,-1.0191074579779524e-06,-1.0191074579779524e-06,-1.0191074579779524e-06,4.2536503315204754e-06,5.272757789498428e-06,8-K,0,8-K,0,0,0,0,0,0,0,0,0,1,0,0,0,0
AMD,2020-04-28,2020-04-28T16:29:49-04:00,0000002488-20-000048,1,1,EX99,4,2,2,2.02,8-K|EX-99.1|EX-99.2,0,0,2,0.0,0.0,1.0,0.0015375277853308701,0.0034486106596887,0.9950138926506042,-0.0019110828743578,-0.0019110828743578,-0.0062514010096492,0.0024292352609336,0.0030664755031466,0.0062599810771644,EX-99.1,0,EX-99.2,0,0,0,0,0,1,0,0,0,0,0,0,0,0
AMD,2020-05-12,2020-05-12T16:15:08-04:00,0000002488-20-000068,1,0,8K,2,2,0,5.07,8-K,0,0,2,0.0,0.0,1.0,8.922250174236979e-06,6.8877875492034946e-06,0.9999842047691346,2.034462625033484e-06,2.034462625033484e-06,-1.4456412600338808e-06,5.514566510100849e-06,1.7190697690239176e-05,1.1676131180138327e-05,8-K,1,8-K,1,0,0,0,0,0,0,0,0,0,1,0,0,0
AMD,2020-07-28,2020-07-28T16:20:25-04:00,0000002488-20-000101,1,1,EX99,4,2,2,2.02,8-K|EX-99.1|EX-99.2,0,0,2,0.0,0.0,1.0,0.0003814309920926095,0.009455010032979699,0.9901635348796844,-0.00907357904088715,-0.00907357904088715,-0.0185105205109721,0.0003633624291978,0.0007386700017377,0.0185347124934196,EX-99.1,0,EX-99.2,0,0,0,0,0,1,0,0,0,0,0,0,0,0
AMD,2020-08-11,2020-08-11T16:12:01-04:00,0000002488-20-000110,1,0,8K,2,2,0,5.02,8-K,0,0,2,0.0,0.0,1.0,4.837444748773123e-06,4.6339949477669506e-07,0.999994695186615,4.374045253996428e-06,4.374045253996428e-06,1.777442989236988e-06,6.970647518755868e-06,7.663337783014867e-06,6.926902642589994e-07,8-K,1,8-K,1,0,0,0,0,0,0,0,1,0,0,0,0,0
AMD,2020-10-27,2020-10-27T06:34:50-04:00,0000002488-20-000161,1,1,EX99,4,2,2,2.02,8-K|EX-99.1|EX-99.2,0,0,2,0.0,0.0,1.0,0.0003804183015744999,0.00449843631940885,0.9951210916042328,-0.0041180180178344,-0.0041180180178344,-0.0085993984648666,0.0003633624291978,0.0007386700017377,0.0086215650662779,EX-99.1,0,EX-99.2,0,0,0,0,0,1,0,0,0,0,0,0,0,0
AMD,2020-10-27,2020-10-27T06:43:09-04:00,0001193125-20-277468,1,1,EX99,14,11,3,1.01,8-K|EX-99.1,2,0,1,0.6666666666666666,0.0,0.3333333333333333,0.6617416818015917,1.767832569221639e-07,0.33825812043653536,0.6617415050183347,0.985223924181696,5.93266491932809e-07,0.999999997606816,1.0,3.243688126985944e-07,EX-99.1,0,EX-99.1,2,1,0,0,0,0,0,0,0,0,0,0,0,0
AMD,2020-10-27,2020-10-27T17:02:40-04:00,0001193125-20-278572,1,1,EX99,12,5,7,7.01,8-K|EX-99.1|EX-99.2|EX-99.3|EX-99.4,3,0,4,0.42857142857142855,0.0,0.5714285714285714,0.42888048810216006,0.00864590721821636,0.5624736211301469,0.4202345808839437,5.463627894641832e-05,-0.0577961348462849,0.999999995989212,1.0,0.0598322264850139,EX-99.1,0,EX-99.4,0,0,0,0,0,0,0,0,0,0,0,0,1,0
AMD,2021-01-06,2021-01-06T16:27:24-05:00,0000002488-21-000002,1,0,8K,2,2,0,5.02,8-K,0,0,2,0.0,0.0,1.0,0.24257965133438114,2.0124287516409822e-05,0.757400244474411,0.24255952704686473,0.24255952704686473,0.0001462175348478,0.4849728365588817,0.4850111305713653,3.829401248367503e-05,8-K,1,8-K,1,0,0,0,0,0,0,0,1,0,0,0,0,0
AMD,2021-01-12,2021-01-12T16:26:32-05:00,0000002488-21-000005,1,0,8K,5,5,0,8.01,8-K,0,1,4,0.0,0.2,0.8,0.00022680813890473957,0.1783539727653988,0.8214192032814026,-0.17812716462649406,2.837514330167324e-07,-0.8563210825959686,4.246616390446434e-05,0.0005800580838695,0.856769323348999,8-K,4,8-K,3,0,0,0,0,0,0,0,0,0,0,0,0,1
AMD,2021-01-26,2021-01-26T16:14:58-05:00,0000002488-21-000009,1,1,EX99,4,2,2,2.02,8-K|EX-99.1|EX-99.2,0,0,2,0.0,0.0,1.0,0.0003697403831494827,0.0002446912149025,0.9993855655193329,0.00012504916824695002,0.00012504916824695002,-0.0001132640927039,0.0003633624291978,0.0007386700017377,0.0003753075725398,EX-99.1,0,EX-99.1,0,0,0,0,0,1,0,0,0,0,0,0,0,0
AMD,2021-02-22,2021-02-22T16:23:11-05:00,0000002488-21-000033,1,0,8K,1,1,0,5.02,8-K,0,0,1,0.0,0.0,1.0,7.250580438267207e-06,5.849072408636857e-07,0.9999921321868896,6.665673197403521e-06,6.665673197403521e-06,6.665673197403521e-06,6.665673197403521e-06,7.250580438267207e-06,5.849072408636857e-07,8-K,0,8-K,0,0,0,0,0,0,0,0,1,0,0,0,0,0
AMD,2021-03-08,2021-03-08T16:28:32-05:00,0001193125-21-073262,1,1,EX99,5,4,1,8.01,8-K|EX-99.1,0,0,1,0.0,0.0,1.0,8.148067718138918e-05,5.845618215971626e-05,0.9998600482940674,2.302449502167292e-05,2.302449502167292e-05,2.302449502167292e-05,2.302449502167292e-05,8.148067718138918e-05,5.845618215971626e-05,EX-99.1,0,EX-99.1,0,0,0,0,0,0,0,0,0,0,0,0,0,1
AMD,2021-04-08,2021-04-08T16:15:22-04:00,0000002488-21-000046,1,1,EX99,3,2,1,5.07,8-K|EX-99.1,0,0,1,0.0,0.0,1.0,5.055803194409236e-05,9.573992429068312e-05,0.9998537302017212,-4.518189234659076e-05,-4.518189234659076e-05,-4.518189234659076e-05,-4.518189234659076e-05,5.055803194409236e-05,9.573992429068312e-05,EX-99.1,0,EX-99.1,0,0,0,0,0,0,0,0,0,0,1,0,0,0
AMD,2021-04-27,2021-04-27T16:12:09-04:00,0000002488-21-000054,1,1,EX99,4,2,2,2.02,8-K|EX-99.1|EX-99.2,0,0,2,0.0,0.0,1.0,0.00036964490186615844,0.00022677854212811084,0.9994036257266998,0.0001428663597379976,0.0001428663597379976,-7.762970972180483e-05,0.0003633624291978,0.0007386700017377,0.0003753075725398,EX-99.1,0,EX-99.1,0,0,0,0,0,1,0,0,0,0,0,0,0,0
AMD,2021-05-13,2021-05-13T16:37:53-04:00,0000002488-21-000068,1,0,8K,1,1,0,1.01,8-K,0,0,1,0.0,0.0,1.0,6.31694492767565e-05,6.944424058019649e-06,0.999929904937744,5.6225025218736846e-05,5.6225025218736846e-05,5.6225025218736846e-05,5.6225025218736846e-05,6.31694492767565e-05,6.944424058019649e-06,8-K,0,8-K,0,1,0,0,0,0,0,0,0,0,0,0,0,0
AMD,2021-05-21,2021-05-21T16:19:36-04:00,0001193125-21-169293,1,0,8K,2,2,0,5.07,8-K,0,0,2,0.0,0.0,1.0,2.004056655380282e-05,4.32560403851312e-06,0.9999756217002869,1.57149625152897e-05,1.57149625152897e-05,-8.852834696426726e-07,3.231520850022207e-05,3.971037222072482e-05,7.395163720502751e-06,8-K,1,8-K,1,0,0,0,0,0,0,0,0,0,1,0,0,0
AMD,2021-06-24,2021-06-24T16:33:04-04:00,0000002488-21-000103,1,0,8K,4,4,0,5.02,8-K,0,0,4,0.0,0.0,1.0,0.00011440274215599842,3.5663286634957103e-06,0.9998820126056671,0.00011083641349250215,3.300961560626092e-05,1.367374842686786e-06,0.0003759590479148,0.0003791746858041,9.090853382076602e-06,8-K,0,8-K,2,0,0,0,0,0,0,0,1,0,0,0,0,0
AMD,2021-06-30,2021-06-30T16:18:16-04:00,0000002488-21-000107,1,0,8K,3,3,0,8.01,8-K,0,1,2,0.0,0.3333333333333333,0.6666666666666666,0.0010889446590832922,0.407170668849479,0.5917403517911831,-0.40608172419039573,-0.2343245628289878,-0.9839435998001136,2.299005791428499e-05,0.0028075841255486,0.984329640865326,8-K,1,8-K,2,0,0,0,0,0,0,0,0,0,0,0,0,1
AMD,2021-07-27,2021-07-27T16:39:42-04:00,0000002488-21-000114,1,1,EX99,4,2,2,2.02,8-K|EX-99.1|EX-99.2,0,0,2,0.0,0.0,1.0,0.0003715284819918085,0.000800891109975,0.9988275766372681,-0.00042936262798320003,-0.00042936262798320003,-0.0012220876851642,0.0003633624291978,0.0007386700017377,0.0012264746474102,EX-99.1,0,EX-99.2,0,0,0,0,0,1,0,0,0,0,0,0,0,0
AMD,2021-10-26,2021-10-26T16:17:33-04:00,0000002488-21-000176,1,1,EX99,4,2,2,2.02,8-K|EX-99.1|EX-99.2,0,0,2,0.0,0.0,1.0,0.00037023119318742797,0.00022229551541381383,0.9994075000286102,0.00014793567777356413,0.00014793567777356413,-6.749107365067175e-05,0.0003633624291978,0.0007386700017377,0.0003753075725398,EX-99.1,0,EX-99.1,0,0,0,0,0,1,0,0,0,0,0,0,0,0
AMD,2021-12-23,2021-12-23T16:49:19-05:00,0000002488-21-000205,1,0,8K,1,1,0,1.01,8-K,0,0,1,0.0,0.0,1.0,0.0001193755015265,7.508414455514867e-06,0.9998730421066284,0.000111867087071,0.000111867087071,0.000111867087071,0.000111867087071,0.0001193755015265,7.508414455514867e-06,8-K,0,8-K,0,1,0,0,0,0,0,0,0,0,0,0,0,0
AMD,2022-01-27,2022-01-27T09:01:36-05:00,0000002488-22-000009,1,0,8K,3,3,0,8.01,8-K,0,1,2,0.0,0.3333333333333333,0.6666666666666666,0.0009984367837507667,0.3051957518152145,0.6938057815035185,-0.3041973150314637,-0.0191859672777354,-0.8941322207101621,0.0007262428935064,0.00167882675305,0.8946958184242249,8-K,1,8-K,2,0,0,0,0,0,0,0,0,0,0,0,0,1
AMD,2022-02-01,2022-02-01T16:17:06-05:00,0000002488-22-000014,1,1,EX99,4,2,2,2.02,8-K|EX-99.1|EX-99.2,0,0,2,0.0,0.0,1.0,0.0003711778610977123,0.00060190568910905,0.9990269243717194,-0.00023072782801139997,-0.00023072782801139997,-0.0008248180852206,0.0003633624291978,0.0007386700017377,0.0008285038056783,EX-99.1,0,EX-99.2,0,0,0,0,0,1,0,0,0,0,0,0,0,0
AMD,2022-02-10,2022-02-10T08:03:56-05:00,0000002488-22-000026,1,1,EX99,4,3,1,8.01,8-K|EX-99.1,0,0,1,0.0,0.0,1.0,3.2824231311678886e-05,0.0001531942398287,0.9998140931129456,-0.000120370008517,-0.000120370008517,-0.000120370008517,-0.000120370008517,3.2824231311678886e-05,0.0001531942398287,EX-99.1,0,EX-99.1,0,0,0,0,0,0,0,0,0,0,0,0,0,1
AMD,2022-02-14,2022-02-14T08:41:09-05:00,0000002488-22-000031,1,1,EX99,7,5,2,1.01,8-K|EX-99.1|EX-99.2,0,0,2,0.0,0.0,1.0,3.0489485652651638e-05,0.0003032692620763521,0.9996662139892578,-0.00027277977642368507,-0.00027277977642368507,-0.000519557044754,-2.6002508093370125e-05,4.1603107092669234e-05,0.0005611601518467,EX-99.2,0,EX-99.2,0,1,0,0,0,0,0,0,0,0,0,0,0,0
AMD,2022-02-28,2022-02-28T16:22:16-05:00,0000002488-22-000054,1,0,8K,1,1,0,5.02,8-K,0,0,1,0.0,0.0,1.0,6.254752406675834e-06,1.333534783043433e-06,0.9999924898147584,4.921217623632401e-06,4.921217623632401e-06,4.921217623632401e-06,4.921217623632401e-06,6.254752406675834e-06,1.333534783043433e-06,8-K,0,8-K,0,0,0,0,0,0,0,0,1,0,0,0,0,0
AMD,2022-05-03,2022-05-03T16:11:17-04:00,0000002488-22-000074,1,1,EX99,6,4,2,1.01,8-K|EX-99.1|EX-99.2,0,0,2,0.0,0.0,1.0,0.0003732792424670694,0.00093559050583275,0.9986911714076996,-0.0005623112633657,-0.0005623112633657,-0.0014879849559292,0.0003633624291978,0.0007386700017377,0.0014958734391257,EX-99.1,0,EX-99.2,0,1,0,0,0,0,0,0,0,0,0,0,0,0
AMD,2022-05-20,2022-05-20T16:18:35-04:00,0001193125-22-156161,1,0,8K,2,2,0,5.07,8-K,0,0,2,0.0,0.0,1.0,9.42348268040405e-06,4.404757873999188e-06,0.9999862313270569,5.018724806404862e-06,5.018724806404862e-06,-1.348711009541148e-06,1.1386160622350872e-05,1.835748480516486e-05,6.971324182813987e-06,8-K,1,8-K,1,0,0,0,0,0,0,0,0,0,1,0,0,0
AMD,2022-06-08,2022-06-08T16:20:03-04:00,0001193125-22-170212,1,1,EX99,5,3,2,1.01,8-K|EX-99.1|EX-99.2,0,0,2,0.0,0.0,1.0,0.00038028863491484997,0.0004883331857854,0.9991313815116882,-0.00010804455087052339,-0.00010804455087052339,-0.0001430419797543,-7.304712198674679e-05,0.0004804450436495,0.0005534921656362,EX-99.1,0,EX-99.1,0,1,0,0,0,0,0,0,0,0,0,0,0,0
AMD,2022-06-09,2022-06-09T16:45:35-04:00,0001193125-22-171108,1,0,8K,4,4,0,1.01,8-K,0,0,4,0.0,0.0,1.0,0.000717118129102795,0.004909407952837326,0.9943734258413315,-0.00419228982373453,1.8836454671600222e-06,-0.0167956051882356,2.2678602363157552e-05,0.0028264394495636,0.0196220446377992,8-K,2,8-K,2,1,0,0,0,0,0,0,0,0,0,0,0,0
AMD,2022-06-28,2022-06-28T17:29:52-04:00,0000002488-22-000112,1,0,8K,4,4,0,5.02,8-K,0,0,4,0.0,0.0,1.0,6.464436938811229e-05,4.4694453382732036e-06,0.9999308884143829,6.017492404983926e-05,4.458442151644704e-05,1.5985260901629772e-06,0.0001499323270763,0.0001594867790117,9.55445193540072e-06,8-K,3,8-K,3,0,0,0,0,0,0,0,1,0,0,0,0,0
AMD,2022-08-02,2022-08-02T16:08:05-04:00,0000002488-22-000120,1,1,EX99,4,2,2,2.02,8-K|EX-99.1|EX-99.2,0,0,2,0.0,0.0,1.0,0.0003729578893398499,0.00073310532025055,0.9988939464092255,-0.00036014743091075,-0.00036014743091075,-0.0010836572910193,0.0003633624291978,0.0007386700017377,0.0010909030679613,EX-99.1,0,EX-99.2,0,0,0,0,0,1,0,0,0,0,0,0,0,0
AMD,2022-10-06,2022-10-06T16:20:03-04:00,0000002488-22-000163,1,1,EX99,2,1,1,2.02,8-K|EX-99.1,0,0,1,0.0,0.0,1.0,4.586683644447476e-05,6.649669103353517e-06,0.999947428703308,3.921716734112124e-05,3.921716734112124e-05,3.921716734112124e-05,3.921716734112124e-05,4.586683644447476e-05,6.649669103353517e-06,EX-99.1,0,EX-99.1,0,0,0,0,0,1,0,0,0,0,0,0,0,0
AMD,2022-11-01,2022-11-01T16:17:39-04:00,0000002488-22-000168,1,1,EX99,4,2,2,2.02,8-K|EX-99.1|EX-99.2,0,0,2,0.0,0.0,1.0,0.0003743805655176035,0.0012543996272141999,0.9983712434768677,-0.0008800190616966501,-0.0008800190616966501,-0.0021234005525911,0.0003633624291978,0.0007386700017377,0.0021334916818886,EX-99.1,0,EX-99.2,0,0,0,0,0,1,0,0,0,0,0,0,0,0
AMD,2022-11-08,2022-11-08T16:10:31-05:00,0000002488-22-000172,1,0,8K,2,2,0,2.03,8-K,0,0,2,0.0,0.0,1.0,8.022398515094542e-05,0.00016450487112247865,0.9997552633285522,-8.428088597153321e-05,-8.428088597153321e-05,-0.0001736434787744,5.081706831333577e-06,0.0001529923029011,0.0003266357816755,8-K,1,8-K,1,0,0,0,0,0,1,0,0,0,0,0,0,0
AMD,2022-11-16,2022-11-16T16:15:14-05:00,0000002488-22-000176,1,1,EX99,2,1,1,5.02,8-K|EX-99.1,0,0,1,0.0,0.0,1.0,8.978113328339532e-05,0.0005865656421519,0.9993236064910888,-0.0004967845088685,-0.0004967845088685,-0.0004967845088685,-0.0004967845088685,8.978113328339532e-05,0.0005865656421519,EX-99.1,0,EX-99.1,0,0,0,0,0,0,0,0,1,0,0,0,0,0
AMD,2023-01-11,2023-01-11T16:10:00-05:00,0000002488-23-000003,1,1,EX99,4,3,1,5.02,8-K|EX-99.1,0,0,1,0.0,0.0,1.0,0.0004671060596592,0.0006245379918254,0.998908281326294,-0.0001574319321662,-0.0001574319321662,-0.0001574319321662,-0.0001574319321662,0.0004671060596592,0.0006245379918254,EX-99.1,0,EX-99.1,0,0,0,0,0,0,0,0,1,0,0,0,0,0
AMD,2023-01-31,2023-01-31T16:55:24-05:00,0000002488-23-000007,1,1,EX99,4,2,2,2.02,8-K|EX-99.1|EX-99.2,0,0,2,0.0,0.0,1.0,0.0003778336931645387,0.00224511648411855,0.9973770678043365,-0.00186728279095405,-0.00186728279095405,-0.0040979280111059,0.0003633624291978,0.0007386700017377,0.0041149253956973,EX-99.1,0,EX-99.2,0,0,0,0,0,1,0,0,0,0,0,0,0,0
AMD,2023-02-21,2023-02-21T17:14:58-05:00,0000002488-23-000040,1,0,8K,1,1,0,5.02,8-K,0,0,1,0.0,0.0,1.0,4.407884716783883e-06,8.847631534081302e-07,0.9999947547912598,3.523121563375753e-06,3.523121563375753e-06,3.523121563375753e-06,3.523121563375753e-06,4.407884716783883e-06,8.847631534081302e-07,8-K,0,8-K,0,0,0,0,0,0,0,0,1,0,0,0,0,0
AMD,2023-05-02,2023-05-02T16:17:31-04:00,0000002488-23-000074,1,1,EX99,4,2,2,2.02,8-K|EX-99.1|EX-99.2,0,0,2,0.0,0.0,1.0,0.0003821251793851476,0.0018786694563459,0.9977391958236694,-0.0014965442769608,-0.0014965442769608,-0.0033564509831194,0.0003633624291978,0.0007386700017377,0.003382031340152,EX-99.1,0,EX-99.2,0,0,0,0,0,1,0,0,0,0,0,0,0,0
AMD,2023-05-23,2023-05-23T16:14:41-04:00,0001193125-23-151810,1,0,8K,3,3,0,5.02,8-K,0,0,3,0.0,0.0,1.0,2.2588756157423027e-06,9.69817942101751e-07,0.9999967813491821,1.2890576736405517e-06,5.265736149340228e-07,-3.491778528541545e-07,3.6897772588417865e-06,5.487338057719171e-06,1.7975607988773843e-06,8-K,2,8-K,2,0,0,0,0,0,0,0,1,0,0,0,0,0
AMD,2023-07-10,2023-07-10T16:16:44-04:00,0000002488-23-000123,1,0,8K,4,4,0,5.02,8-K,0,0,4,0.0,0.0,1.0,4.3881455269453303e-05,1.623881590973042e-06,0.999954491853714,4.225757367846062e-05,6.2705592824841005e-06,2.4457515763742776e-06,0.0001540434245725,0.0001561507815495,3.892990662279772e-06,8-K,0,8-K,3,0,0,0,0,0,0,0,1,0,0,0,0,0
AMD,2023-08-01,2023-08-01T16:16:57-04:00,0000002488-23-000135,1,1,EX99,4,2,2,2.02,8-K|EX-99.1|EX-99.2,0,0,2,0.0,0.0,1.0,0.0003751451981770148,0.0012035022664349,0.9984213411808014,-0.0008283570682579,-0.0008283570682579,-0.0020200765657136,0.0003633624291978,0.0007386700017377,0.00203169696033,EX-99.1,0,EX-99.2,0,0,0,0,0,1,0,0,0,0,0,0,0,0
AMD,2023-10-31,2023-10-31T16:16:56-04:00,0000002488-23-000192,1,1,EX99,4,2,2,2.02,8-K|EX-99.1|EX-99.2,0,0,2,0.0,0.0,1.0,0.00037880390027563376,0.0023369639820884002,0.9972842037677766,-0.0019581600818128504,-0.0019581600818128504,-0.0042796825928235,0.0003633624291978,0.0007386700017377,0.004298620391637,EX-99.1,0,EX-99.2,0,0,0,0,0,1,0,0,0,0,0,0,0,0
AMD,2024-01-30,2024-01-30T16:16:19-05:00,0000002488-24-000009,1,1,EX99,4,2,2,2.02,8-K|EX-99.1|EX-99.2,0,0,2,0.0,0.0,1.0,0.0003760420340767811,0.00226746356929645,0.9973564743995667,-0.0018914215352196998,-0.0018914215352196998,-0.0041462054996372,0.0003633624291978,0.0007386700017377,0.0041596195660531,EX-99.1,0,EX-99.2,0,0,0,0,0,1,0,0,0,0,0,0,0,0
AMD,2024-02-20,2024-02-20T16:32:26-05:00,0001628280-24-005593,1,0,8K,2,2,0,5.02,8-K,0,0,2,0.0,0.0,1.0,1.1285195341770304e-05,1.9060338473764205e-05,0.9999696016311646,-7.775143131993898e-06,-7.775143131993898e-06,-2.2552810150955335e-05,7.002523886967538e-06,1.474529108236311e-05,3.729810123331845e-05,8-K,1,8-K,1,0,0,0,0,0,0,0,1,0,0,0,0,0
AMD,2024-04-30,2024-04-30T16:16:31-04:00,0000002488-24-000054,1,1,EX99,4,2,2,2.02,8-K|EX-99.1|EX-99.2,0,0,2,0.0,0.0,1.0,0.00037296467689880924,0.0015380870027001,0.9980889558792114,-0.00116512232580135,-0.00116512232580135,-0.0026936070808005,0.0003633624291978,0.0007386700017377,0.0027008664328604,EX-99.1,0,EX-99.2,0,0,0,0,0,1,0,0,0,0,0,0,0,0
AMD,2024-05-13,2024-05-13T16:23:38-04:00,0000002488-24-000076,1,0,8K,2,2,0,5.07,8-K,0,0,2,0.0,0.0,1.0,2.116134865559616e-06,1.5837692330933353e-06,0.9999963045120238,5.323656324662808e-07,5.323656324662808e-07,-1.4969150186061595e-06,2.561646283538721e-06,3.81741074306774e-06,1.911774006657652e-06,8-K,1,8-K,0,0,0,0,0,0,0,0,0,0,1,0,0,0
AMD,2024-07-02,2024-07-02T16:24:40-04:00,0000002488-24-000109,1,0,8K,4,4,0,5.02,8-K,0,0,4,0.0,0.0,1.0,2.019908430384021e-05,8.245685165775285e-07,0.9999789595603943,1.937451578726268e-05,6.8900354364132e-06,2.393047481064059e-06,6.132494479516026e-05,6.306715658865869e-05,1.7422117934984271e-06,8-K,0,8-K,0,0,0,0,0,0,0,0,1,0,0,0,0,0
AMD,2024-07-22,2024-07-22T16:13:32-04:00,0000002488-24-000115,1,1,EX99,2,1,1,5.02,8-K|EX-99.1,0,0,1,0.0,0.0,1.0,0.0004671060596592,0.0006245379918254,0.998908281326294,-0.0001574319321662,-0.0001574319321662,-0.0001574319321662,-0.0001574319321662,0.0004671060596592,0.0006245379918254,EX-99.1,0,EX-99.1,0,0,0,0,0,0,0,0,1,0,0,0,0,0
AMD,2024-07-30,2024-07-30T16:17:15-04:00,0000002488-24-000121,1,1,EX99,4,2,2,2.02,8-K|EX-99.1|EX-99.2,0,0,2,0.0,0.0,1.0,0.0003716692247052921,0.00142785158823235,0.9982005059719086,-0.00105618236352715,-0.00105618236352715,-0.0024757271562521,0.0003633624291978,0.0007386700017377,0.0024803956039249,EX-99.1,0,EX-99.2,0,0,0,0,0,1,0,0,0,0,0,0,0,0
AMD,2024-08-19,2024-08-19T06:22:30-04:00,0001193125-24-202457,1,1,EX99,7,6,1,1.01,8-K|EX-99.1,0,0,1,0.0,0.0,1.0,0.0287806428968906,0.0262303110212087,0.944989025592804,0.0025503318756818,0.0025503318756818,0.0025503318756818,0.0025503318756818,0.0287806428968906,0.0262303110212087,EX-99.1,0,EX-99.1,0,1,0,0,0,0,0,0,0,0,0,0,0,0
AMD,2024-10-29,2024-10-29T16:16:49-04:00,0000002488-24-000161,1,1,EX99,4,2,2,2.02,8-K|EX-99.1|EX-99.2,0,0,2,0.0,0.0,1.0,0.0003733827165887848,0.0016671474731992,0.9979594647884369,-0.0012937647566105,-0.0012937647566105,-0.0029508919424188,0.0003633624291978,0.0007386700017377,0.0029589873738586,EX-99.1,0,EX-99.2,0,0,0,0,0,1,0,0,0,0,0,0,0,0
AMD,2024-11-18,2024-11-18T16:17:24-05:00,0000002488-24-000172,1,0,8K,2,2,0,5.02,8-K,0,0,2,0.0,0.0,1.0,8.801650665191119e-06,3.5352517897990765e-05,0.9999558329582214,-2.6550867232799646e-05,-2.6550867232799646e-05,-4.084778811375145e-05,-1.2253946351847844e-05,1.4782783182454295e-05,5.5630571296205744e-05,8-K,1,8-K,1,0,0,0,0,0,0,0,1,0,0,0,0,0
AMD,2025-02-04,2025-02-04T16:17:17-05:00,0000002488-25-000009,1,1,EX99,3,1,2,2.02,8-K|EX-99.1|EX-99.2,0,0,2,0.0,0.0,1.0,0.0003722393780662602,0.0010511848086025,0.9985765516757966,-0.00067894543053625,-0.00067894543053625,-0.0017212532902703,0.0003633624291978,0.0007386700017377,0.0017270620446652,EX-99.1,0,EX-99.2,0,0,0,0,0,1,0,0,0,0,0,0,0,0
AMD,2025-02-24,2025-02-24T17:20:12-05:00,0000002488-25-000026,1,0,8K,1,1,0,5.02,8-K,0,0,1,0.0,0.0,1.0,0.000118488438602,7.40589484848897e-06,0.9998741149902344,0.0001110825437535,0.0001110825437535,0.0001110825437535,0.0001110825437535,0.000118488438602,7.40589484848897e-06,8-K,0,8-K,0,0,0,0,0,0,0,0,1,0,0,0,0,0
AMD,2025-03-11,2025-03-11T20:14:01-04:00,0001193125-25-052173,1,0,8K,3,3,0,1.01,8-K,0,0,3,0.0,0.0,1.0,4.453657902557032e-05,0.0002450857958440699,0.9997104008992513,-0.00020054921681849063,-0.0001719244974083,-0.0004316356917115,1.9125386643281672e-06,0.0001000021657091,0.0004610336036421,8-K,1,8-K,2,1,0,0,0,0,0,0,0,0,0,0,0,0
AMD,2025-03-24,2025-03-24T16:17:24-04:00,0001193125-25-061366,1,0,8K,5,5,0,1.01,8-K,0,0,5,0.0,0.0,1.0,0.0006652391095940338,0.0911136377705816,0.9082211136817933,-0.09044839866098756,2.9918147674834472e-06,-0.4522891885135323,4.1772876556933625e-05,0.0032372230198234,0.4555264115333557,8-K,3,8-K,3,1,0,0,0,0,0,0,0,0,0,0,0,0
AMD,2025-03-31,2025-03-31T08:37:51-04:00,0001193125-25-067902,1,1,EX99,8,7,1,2.01,8-K|EX-99.1,0,0,1,0.0,0.0,1.0,0.000180611066753,0.0003333780623506,0.999485969543457,-0.0001527669955976,-0.0001527669955976,-0.0001527669955976,-0.0001527669955976,0.000180611066753,0.0003333780623506,EX-99.1,0,EX-99.1,0,0,0,0,1,0,0,0,0,0,0,0,0,0
AMD,2025-04-16,2025-04-16T09:03:30-04:00,0000002488-25-000039,1,0,8K,2,2,0,8.01,8-K,0,1,1,0.0,0.5,0.5,0.00042603377369225,0.2906943293346558,0.7088796496391296,-0.2902682955609634,-0.2902682955609634,-0.5800176174379885,-0.0005189736839383,0.0007032840512692,0.5807209014892578,8-K,1,8-K,1,0,0,0,0,0,0,0,0,0,0,0,0,1
AMD,2025-05-06,2025-05-06T16:16:45-04:00,0000002488-25-000045,1,1,EX99,4,2,2,2.02,8-K|EX-99.1|EX-99.2,0,0,2,0.0,0.0,1.0,0.0003716173528118449,0.0003043945762328,0.9993240237236024,6.722277657900001e-05,6.722277657900001e-05,-0.0002289168760398,0.0003633624291978,0.0007386700017377,0.0003753075725398,EX-99.1,0,EX-99.1,0,0,0,0,0,1,0,0,0,0,0,0,0,0
AMD,2025-05-16,2025-05-16T16:12:37-04:00,0000002488-25-000064,1,0,8K,3,3,0,5.07,8-K,0,0,3,0.0,0.0,1.0,1.2726564155703576e-05,5.556549444916826e-05,0.9999317526817322,-4.283893029345982e-05,-5.752426091021334e-07,-0.0001466080630052,1.8666514733922668e-05,2.288773794134613e-05,0.0001614162465557,8-K,1,8-K,2,0,0,0,0,0,0,0,0,0,1,0,0,0
AMD,2025-05-19,2025-05-19T07:50:48-04:00,0001193125-25-122121,1,1,EX99,7,6,1,1.01,8-K|EX-99.1,0,0,1,0.0,0.0,1.0,6.830246275058016e-05,0.0002449838793836,0.9996867179870604,-0.000176681416633,-0.000176681416633,-0.000176681416633,-0.000176681416633,6.830246275058016e-05,0.0002449838793836,EX-99.1,0,EX-99.1,0,1,0,0,0,0,0,0,0,0,0,0,0,0
AMD,2025-07-02,2025-07-02T16:14:22-04:00,0000002488-25-000099,1,0,8K,5,5,0,5.02,8-K,0,0,5,0.0,0.0,1.0,8.438267741438376e-05,5.110192373648444e-05,0.9998645186424255,3.3280753677886695e-05,2.01179716441402e-05,-0.0002244715196866,0.0003429637570206,0.0003452823730185,0.0002410051383776,8-K,1,8-K,0,0,0,0,0,0,0,0,1,0,0,0,0,0
AMD,2025-08-05,2025-08-05T16:16:31-04:00,0000002488-25-000106,1,1,EX99,4,2,2,2.02,8-K|EX-99.1|EX-99.2,0,0,2,0.0,0.0,1.0,0.0003719446538070403,0.00098689147853285,0.9986411333084106,-0.00061494682472585,-0.00061494682472585,-0.0015932560786495,0.0003633624291978,0.0007386700017377,0.0015984753845259,EX-99.1,0,EX-99.2,0,0,0,0,0,1,0,0,0,0,0,0,0,0
AMD,2025-08-25,2025-08-25T16:07:00-04:00,0000002488-25-000147,1,0,8K,1,1,0,5.02,8-K,0,0,1,0.0,0.0,1.0,4.788237674802076e-06,7.681357237743214e-05,0.9999184608459472,-7.202533470263006e-05,-7.202533470263006e-05,-7.202533470263006e-05,-7.202533470263006e-05,4.788237674802076e-06,7.681357237743214e-05,8-K,0,8-K,0,0,0,0,0,0,0,0,1,0,0,0,0,0
AMD,2025-10-06,2025-10-06T07:04:49-04:00,0001193125-25-230895,1,1,EX99,3,2,1,1.01,8-K|EX-99.1,0,0,1,0.0,0.0,1.0,3.0151724786264825e-05,2.345565235373215e-06,0.9999674558639526,2.7806159550891607e-05,2.7806159550891607e-05,2.7806159550891607e-05,2.7806159550891607e-05,3.0151724786264825e-05,2.345565235373215e-06,EX-99.1,0,EX-99.1,0,1,0,0,0,0,0,0,0,0,0,0,0,0
AMD,2025-10-27,2025-10-27T08:49:27-04:00,0001193125-25-250803,1,1,EX99,3,2,1,2.01,8-K|EX-99.1,0,0,1,0.0,0.0,1.0,1.76161320268875e-05,8.941636770032346e-05,0.9998929500579834,-7.180023567343596e-05,-7.180023567343596e-05,-7.180023567343596e-05,-7.180023567343596e-05,1.76161320268875e-05,8.941636770032346e-05,EX-99.1,0,EX-99.1,0,0,0,0,1,0,0,0,0,0,0,0,0,0
AMD,2025-11-04,2025-11-04T16:16:10-05:00,0000002488-25-000163,1,1,EX99,4,2,2,2.02,8-K|EX-99.1|EX-99.2,0,0,2,0.0,0.0,1.0,0.00037312088238646506,0.00083063376951025,0.9987962543964386,-0.00045751288712384995,-0.00045751288712384995,-0.0012783882034455,0.0003633624291978,0.0007386700017377,0.0012859599664807,EX-99.1,0,EX-99.2,0,0,0,0,0,1,0,0,0,0,0,0,0,0
AMD,2025-12-15,2025-12-15T16:12:11-05:00,0000002488-25-000182,1,0,8K,2,2,0,5.02,8-K,0,0,2,0.0,0.0,1.0,5.561262014452949e-06,7.711457556068553e-05,0.9999173283576965,-7.155331354622665e-05,-7.155331354622665e-05,-0.0001406192714057,-2.4873556867532898e-06,1.000521660898812e-05,0.0001506244880147,8-K,1,8-K,1,0,0,0,0,0,0,0,1,0,0,0,0,0
AMD,2026-01-20,2026-01-20T16:19:32-05:00,0000002488-26-000002,1,1,EX99,2,1,1,5.02,8-K|EX-99.1,0,0,1,0.0,0.0,1.0,3.829227716778405e-05,0.0007711847429163,0.999190628528595,-0.0007328924657485,-0.0007328924657485,-0.0007328924657485,-0.0007328924657485,3.829227716778405e-05,0.0007711847429163,EX-99.1,0,EX-99.1,0,0,0,0,0,0,0,0,1,0,0,0,0,0
AMD,2026-02-03,2026-02-03T16:16:18-05:00,0000002488-26-000014,1,1,EX99,3,1,2,2.02,8-K|EX-99.1|EX-99.2,0,0,2,0.0,0.0,1.0,0.00037489987880686353,0.0011998777918051,0.9984252154827118,-0.0008249779129983,-0.0008249779129983,-0.0020133182551944,0.0003633624291978,0.0007386700017377,0.0020244480110704,EX-99.1,0,EX-99.2,0,0,0,0,0,1,0,0,0,0,0,0,0,0
AMD,2026-02-17,2026-02-17T16:21:24-05:00,0000002488-26-000029,1,0,8K,4,4,0,5.02,8-K,1,0,3,0.25,0.0,0.75,0.2491767619960683,2.357327829827227e-06,0.7508209022926167,0.24917440466823845,3.345564905998799e-05,3.1037936878419714e-06,0.996627603581146,0.9966333508491516,5.747268005507067e-06,8-K,3,8-K,3,0,0,0,0,0,0,0,1,0,0,0,0,0
AMD,2026-02-24,2026-02-24T07:01:06-05:00,0000002488-26-000045,1,1,EX99,4,3,1,1.01,8-K|EX-99.1,0,0,1,0.0,0.0,1.0,1.6286270692944527e-05,2.4295393814099956e-05,0.9999593496322632,-8.009123121155426e-06,-8.009123121155426e-06,-8.009123121155426e-06,-8.009123121155426e-06,1.6286270692944527e-05,2.4295393814099956e-05,EX-99.1,0,EX-99.1,0,1,0,0,0,0,0,0,0,0,0,0,0,0
AMD,2026-05-05,2026-05-05T16:16:06-04:00,0000002488-26-000072,1,1,EX99,4,2,2,2.02,8-K|EX-99.1|EX-99.2,0,0,2,0.0,0.0,1.0,0.0003765670744541782,0.00120961162610905,0.9984138011932374,-0.0008330445516548999,-0.0008330445516548999,-0.0020294515325076,0.0003633624291978,0.0007386700017377,0.0020439156796783,EX-99.1,0,EX-99.2,0,0,0,0,0,1,0,0,0,0,0,0,0,0
AMD,2026-05-15,2026-05-15T16:12:53-04:00,0001193125-26-226746,1,0,8K,6,6,0,1.01,8-K,0,0,6,0.0,0.0,1.0,0.00028037543986175994,0.048600634854693674,0.9511190056800842,-0.048320259414831895,5.229831572250987e-06,-0.2899477436440065,8.056309070525458e-06,0.0016396091086789,0.2915873527526855,8-K,1,8-K,1,1,0,0,0,0,0,0,0,0,0,0,0,0
AMD,2026-07-01,2026-07-01T16:27:26-04:00,0000002488-26-000115,1,0,8K,4,4,0,5.02,8-K,0,0,4,0.0,0.0,1.0,1.4503161708034895e-05,1.3656849198184773e-06,0.9999841451644897,1.3137476788216418e-05,1.3097120927341166e-05,1.027116653062876e-06,2.5328548645120463e-05,2.788571327982936e-05,2.557164634708897e-06,8-K,2,8-K,2,0,0,0,0,0,0,0,1,0,0,0,0,0
AMD,2026-08-04,2026-08-04T16:16:24-04:00,0000002488-26-000121,1,1,EX99,4,2,2,2.02,8-K|EX-99.1|EX-99.2,0,0,2,0.0,0.0,1.0,1.7195377040479798e-05,0.0011538814651430001,0.9988290071487427,-0.0011366860881025,-0.0011366860881025,-0.0021322001284715,-0.0001411720477335,1.8518880096962675e-05,0.0021480720024555,EX-99.1,0,EX-99.2,0,0,0,0,0,1,0,0,0,0,0,0,0,0
AMZN,2020-01-30,2020-01-30T16:46:49-05:00,0001018724-20-000002,1,1,EX99,15,1,14,2.02,8-K|EX-99.1|EX-99.2,8,0,6,0.5714285714285714,0.0,0.42857142857142855,0.5396392826130197,7.889274979395416e-06,0.46035281723454446,0.5396313933380404,0.6208268421919456,0.0001429040495395,0.9999979658620886,0.9999979734420776,3.605385063565336e-05,EX-99.1,1,EX-99.1,10,0,0,0,0,1,0,0,0,0,0,0,0,0
AMZN,2020-04-15,2020-04-15T21:52:40-04:00,0001193125-20-108427,1,1,EX99,15,1,14,7.01,8-K|EX-99.1,10,0,4,0.7142857142857143,0.0,0.2857142857142857,0.6651866396865184,0.003927978535233917,0.3308853644584285,0.6612586611512844,0.9108153375564143,-0.0305085405707359,0.9999999840572222,1.0,0.0374624878168106,EX-99.1,9,EX-99.1,2,0,0,0,0,0,0,0,0,0,0,0,1,0
AMZN,2020-04-30,2020-04-30T16:42:20-04:00,0001018724-20-000008,1,1,EX99,14,1,13,2.02,8-K|EX-99.1|EX-99.2,1,0,12,0.07692307692307693,0.0,0.9230769230769231,0.1387717099502109,0.000141597661026401,0.8610866998250668,0.13863011228918448,0.0343641620129346,0.0001429040495395,0.9623702458266052,0.9623791575431824,0.0012514311820268,EX-99.1,10,EX-99.1,0,0,0,0,0,1,0,0,0,0,0,0,0,0
AMZN,2020-05-29,2020-05-29T17:28:25-04:00,0001018724-20-000015,1,0,8K,1,1,0,5.03,8-K,0,0,1,0.0,0.0,1.0,7.355644629569724e-05,0.0016135516343638,0.9983129501342772,-0.0015399951880681,-0.0015399951880681,-0.0015399951880681,-0.0015399951880681,7.355644629569724e-05,0.0016135516343638,8-K,0,8-K,0,0,0,0,0,0,0,0,0,1,0,0,0,0
AMZN,2020-06-03,2020-06-03T16:21:04-04:00,0001193125-20-159531,1,0,8K,1,1,0,8.01,8-K,0,0,1,0.0,0.0,1.0,3.96812247345224e-05,0.0020204116590321,0.9979398846626282,-0.0019807304342975,-0.0019807304342975,-0.0019807304342975,-0.0019807304342975,3.96812247345224e-05,0.0020204116590321,8-K,0,8-K,0,0,0,0,0,0,0,0,0,0,0,0,0,1
AMZN,2020-06-23,2020-06-23T16:14:04-04:00,0001193125-20-176528,1,0,8K,1,1,0,1.01,8-K,0,0,1,0.0,0.0,1.0,5.625718040391803e-05,0.0002422388351988,0.99970144033432,-0.0001859816547948,-0.0001859816547948,-0.0001859816547948,-0.0001859816547948,5.625718040391803e-05,0.0002422388351988,8-K,0,8-K,0,1,0,0,0,0,0,0,0,0,0,0,0,0
AMZN,2020-07-30,2020-07-30T19:05:15-04:00,0001018724-20-000019,1,1,EX99,14,1,13,2.02,8-K|EX-99.1|EX-99.2,6,0,7,0.46153846153846156,0.0,0.5384615384615384,0.46272586028946816,8.229266287484139e-06,0.5372659049372976,0.46271763102318064,0.1239161176144989,0.000159189196438,0.9987105731935344,0.9987119436264038,2.8701359042315744e-05,EX-99.1,1,EX-99.1,10,0,0,0,0,1,0,0,0,0,0,0,0,0
AMZN,2020-08-21,2020-08-21T09:20:03-04:00,0001193125-20-226520,1,0,8K,1,1,0,5.02,8-K,0,0,1,0.0,0.0,1.0,2.7406120352679864e-05,0.001861672848463,0.9981110095977784,-0.0018342667281103,-0.0018342667281103,-0.0018342667281103,-0.0018342667281103,2.7406120352679864e-05,0.001861672848463,8-K,0,8-K,0,0,0,0,0,0,0,0,1,0,0,0,0,0
AMZN,2020-09-09,2020-09-09T16:07:28-04:00,0001018724-20-000026,1,0,8K,1,1,0,5.02,8-K,0,0,1,0.0,0.0,1.0,0.0003226565604563,0.0039994474500417,0.9956780076026917,-0.0036767908895853,-0.0036767908895853,-0.0036767908895853,-0.0036767908895853,0.0003226565604563,0.0039994474500417,8-K,0,8-K,0,0,0,0,0,0,0,0,1,0,0,0,0,0
AMZN,2020-10-29,2020-10-29T16:42:03-04:00,0001018724-20-000028,1,1,EX99,17,1,16,2.02,8-K|EX-99.1|EX-99.2,9,0,7,0.5625,0.0,0.4375,0.5431016002576143,9.55456266193977e-06,0.45688885169431614,0.5430920456949524,0.7338329483384314,0.000159189196438,0.999991494842334,0.9999916553497314,4.048867413075641e-05,EX-99.1,11,EX-99.1,4,0,0,0,0,1,0,0,0,0,0,0,0,0
AMZN,2021-01-26,2021-01-26T21:12:01-05:00,0001193125-21-018066,1,0,8K,1,1,0,5.02,8-K,0,0,1,0.0,0.0,1.0,0.0003226565604563,0.0039994474500417,0.9956780076026917,-0.0036767908895853,-0.0036767908895853,-0.0036767908895853,-0.0036767908895853,0.0003226565604563,0.0039994474500417,8-K,0,8-K,0,0,0,0,0,0,0,0,1,0,0,0,0,0
AMZN,2021-02-02,2021-02-02T16:30:08-05:00,0001018724-21-000002,1,1,EX99,18,1,17,2.02,8-K|EX-99.1|EX-99.2,6,0,11,0.35294117647058826,0.0,0.6470588235294118,0.3787482686517144,6.770259518706259e-06,0.621244964836219,0.3787414983921957,0.1138041263911873,0.000159189196438,0.9999996236213562,0.9999996423721312,3.401798676350154e-05,EX-99.1,11,EX-99.1,4,0,0,0,0,1,0,0,0,0,0,0,0,0
AMZN,2021-04-14,2021-04-14T18:55:25-04:00,0001104659-21-050346,1,1,EX99,18,1,17,7.01,8-K|EX-99.1,7,0,10,0.4117647058823529,0.0,0.5882352941176471,0.5078676717239432,0.00020674189691549362,0.4919256067878375,0.5076609298270277,0.4827448869364161,-0.0001691656798357,0.9999987030579264,0.9999988079071044,0.001553492504172,EX-99.1,12,EX-99.1,13,0,0,0,0,0,0,0,0,0,0,0,1,0
AMZN,2021-04-29,2021-04-29T16:31:31-04:00,0001018724-21-000008,1,1,EX99,20,1,19,2.02,8-K|EX-99.1|EX-99.2,9,0,10,0.47368421052631576,0.0,0.5263157894736842,0.46128354419718226,0.00029694840072941336,0.5384195004448166,0.46098659579645285,0.4010814593334544,0.000159189196438,0.9999839786390368,0.9999841451644896,0.003123277798295,EX-99.1,13,EX-99.1,15,0,0,0,0,1,0,0,0,0,0,0,0,0
AMZN,2021-05-12,2021-05-12T16:19:08-04:00,0001193125-21-159084,1,0,8K,1,1,0,8.01,8-K,0,0,1,0.0,0.0,1.0,3.96812247345224e-05,0.0020204116590321,0.9979398846626282,-0.0019807304342975,-0.0019807304342975,-0.0019807304342975,-0.0019807304342975,3.96812247345224e-05,0.0020204116590321,8-K,0,8-K,0,0,0,0,0,0,0,0,0,0,0,0,0,1
AMZN,2021-05-28,2021-05-28T16:06:39-04:00,0001018724-21-000012,1,0,8K,1,1,0,5.07,8-K,0,0,1,0.0,0.0,1.0,0.00096350669628,0.026067866012454,0.9729686975479126,-0.0251043593161739,-0.0251043593161739,-0.0251043593161739,-0.0251043593161739,0.00096350669628,0.026067866012454,8-K,0,8-K,0,0,0,0,0,0,0,0,0,0,1,0,0,0
AMZN,2021-07-02,2021-07-02T16:07:53-04:00,0001018724-21-000016,1,0,8K,1,1,0,5.02,8-K,0,0,1,0.0,0.0,1.0,0.0003226565604563,0.0039994474500417,0.9956780076026917,-0.0036767908895853,-0.0036767908895853,-0.0036767908895853,-0.0036767908895853,0.0003226565604563,0.0039994474500417,8-K,0,8-K,0,0,0,0,0,0,0,0,1,0,0,0,0,0
AMZN,2021-07-29,2021-07-29T16:34:52-04:00,0001018724-21-000018,1,1,EX99,16,1,15,2.02,8-K|EX-99.1|EX-99.2,7,0,8,0.4666666666666667,0.0,0.5333333333333333,0.43990920039747533,0.00012925356870898923,0.5599615368943583,0.4397799468287663,0.158025256358087,1.352509704588556e-05,0.9997845809874092,0.9997851252555848,0.0018211239948868,EX-99.1,1,EX-99.1,0,0,0,0,0,1,0,0,0,0,0,0,0,0
AMZN,2021-09-20,2021-09-20T16:59:31-04:00,0001018724-21-000022,1,0,8K,1,1,0,5.02,8-K,0,0,1,0.0,0.0,1.0,0.0003226565604563,0.0039994474500417,0.9956780076026917,-0.0036767908895853,-0.0036767908895853,-0.0036767908895853,-0.0036767908895853,0.0003226565604563,0.0039994474500417,8-K,0,8-K,0,0,0,0,0,0,0,0,1,0,0,0,0,0
AMZN,2021-10-28,2021-10-28T16:07:09-04:00,0001018724-21-000026,1,1,EX99,19,1,18,2.02,8-K|EX-99.1|EX-99.2,4,0,14,0.2222222222222222,0.0,0.7777777777777778,0.20001968332306003,0.026212525580813856,0.7737677999958047,0.17380715774224617,0.00136342655014225,-0.4656482674181461,0.9999998704787494,0.9999998807907104,0.471130907535553,EX-99.1,9,EX-99.1,0,0,0,0,0,1,0,0,0,0,0,0,0,0
AMZN,2021-11-12,2021-11-12T09:00:15-05:00,0001018724-21-000030,1,0,8K,1,1,0,5.02,8-K,0,0,1,0.0,0.0,1.0,0.0003226565604563,0.0039994474500417,0.9956780076026917,-0.0036767908895853,-0.0036767908895853,-0.0036767908895853,-0.0036767908895853,0.0003226565604563,0.0039994474500417,8-K,0,8-K,0,0,0,0,0,0,0,0,1,0,0,0,0,0
AMZN,2022-02-03,2022-02-03T16:11:33-05:00,0001018724-22-000002,1,1,EX99,20,1,19,2.02,8-K|EX-99.1|EX-99.2,9,0,10,0.47368421052631576,0.0,0.5263157894736842,0.4551648330617402,0.02134510829481796,0.523490059714193,0.4338197247669222,0.0731554588680865,-0.4045822824118659,0.9999979536807366,0.9999979734420776,0.4049213230609894,EX-99.1,10,EX-99.1,0,0,0,0,0,1,0,0,0,0,0,0,0,0
AMZN,2022-03-09,2022-03-09T16:38:21-05:00,0001018724-22-000009,1,0,8K,1,1,0,8.01,8-K,0,0,1,0.0,0.0,1.0,0.002529087010771,0.0174039155244827,0.980067014694214,-0.0148748285137116,-0.0148748285137116,-0.0148748285137116,-0.0148748285137116,0.002529087010771,0.0174039155244827,8-K,0,8-K,0,0,0,0,0,0,0,0,0,0,0,0,0,1
AMZN,2022-04-13,2022-04-13T17:51:45-04:00,0001104659-22-045579,1,1,EX99,20,1,19,7.01,8-K|EX-99.1,14,0,5,0.7368421052631579,0.0,0.2631578947368421,0.7076482248222945,0.003026673185856374,0.28932511456261484,0.7046215516364381,0.9358053151518106,-0.0060057556256651,0.9999999916422028,1.0,0.0237281378358602,EX-99.1,16,EX-99.1,1,0,0,0,0,0,0,0,0,0,0,0,1,0
AMZN,2022-04-13,2022-04-13T16:28:56-04:00,0001193125-22-104336,1,0,8K,1,1,0,8.01,8-K,0,0,1,0.0,0.0,1.0,3.96812247345224e-05,0.0020204116590321,0.9979398846626282,-0.0019807304342975,-0.0019807304342975,-0.0019807304342975,-0.0019807304342975,3.96812247345224e-05,0.0020204116590321,8-K,0,8-K,0,0,0,0,0,0,0,0,0,0,0,0,0,1
AMZN,2022-04-28,2022-04-28T16:27:13-04:00,0001018724-22-000011,1,1,EX99,18,1,17,2.02,8-K|EX-99.1|EX-99.2,8,1,8,0.47058823529411764,0.058823529411764705,0.47058823529411764,0.48579441321678185,0.04745773774127696,0.46674785133130653,0.4383366754755049,0.3921798899928035,-0.8064544414373813,0.999997922673984,0.9999979734420776,0.8066834211349487,EX-99.1,14,EX-99.1,0,0,0,0,0,1,0,0,0,0,0,0,0,0
AMZN,2022-05-27,2022-05-27T16:04:55-04:00,0001104659-22-065872,1,0,8K,1,1,0,5.03,8-K,0,0,1,0.0,0.0,1.0,7.355644629569724e-05,0.0016135516343638,0.9983129501342772,-0.0015399951880681,-0.0015399951880681,-0.0015399951880681,-0.0015399951880681,7.355644629569724e-05,0.0016135516343638,8-K,0,8-K,0,0,0,0,0,0,0,0,0,1,0,0,0,0
AMZN,2022-06-03,2022-06-03T12:10:24-04:00,0001018724-22-000015,1,0,8K,1,1,0,5.02,8-K,0,0,1,0.0,0.0,1.0,0.0003226565604563,0.0039994474500417,0.9956780076026917,-0.0036767908895853,-0.0036767908895853,-0.0036767908895853,-0.0036767908895853,0.0003226565604563,0.0039994474500417,8-K,0,8-K,0,0,0,0,0,0,0,0,1,0,0,0,0,0
AMZN,2022-07-28,2022-07-28T16:09:30-04:00,0001018724-22-000017,1,1,EX99,20,1,19,2.02,8-K|EX-99.1|EX-99.2,10,1,8,0.5263157894736842,0.05263157894736842,0.42105263157894735,0.496866521824574,0.043034571557321044,0.4600989023128169,0.453831950267253,0.7797490591974565,-0.8173360900691478,0.9999994601947292,0.9999995231628418,0.8175463080406189,EX-99.1,1,EX-99.1,0,0,0,0,0,1,0,0,0,0,0,0,0,0
AMZN,2022-10-27,2022-10-27T16:09:35-04:00,0001018724-22-000021,1,1,EX99,12,1,11,2.02,8-K|EX-99.1|EX-99.2,5,0,6,0.45454545454545453,0.0,0.5454545454545454,0.4258609646865146,0.03859230198752847,0.535546739048269,0.3872686626989861,0.0388020406826399,-0.4062068928033113,0.9999794664946792,0.9999794960021972,0.4237686097621918,EX-99.1,6,EX-99.1,0,0,0,0,0,1,0,0,0,0,0,0,0,0
AMZN,2022-11-18,2022-11-18T16:36:06-05:00,0001193125-22-289041,1,0,8K,1,1,0,1.01,8-K,0,0,1,0.0,0.0,1.0,5.625718040391803e-05,0.0002422388351988,0.99970144033432,-0.0001859816547948,-0.0001859816547948,-0.0001859816547948,-0.0001859816547948,5.625718040391803e-05,0.0002422388351988,8-K,0,8-K,0,1,0,0,0,0,0,0,0,0,0,0,0,0
AMZN,2022-12-01,2022-12-01T16:46:00-05:00,0001193125-22-296602,1,0,8K,1,1,0,8.01,8-K,0,0,1,0.0,0.0,1.0,3.96812247345224e-05,0.0020204116590321,0.9979398846626282,-0.0019807304342975,-0.0019807304342975,-0.0019807304342975,-0.0019807304342975,3.96812247345224e-05,0.0020204116590321,8-K,0,8-K,0,0,0,0,0,0,0,0,0,0,0,0,0,1
AMZN,2023-01-03,2023-01-03T17:06:08-05:00,0001193125-23-000849,1,0,8K,1,1,0,1.01,8-K,0,0,1,0.0,0.0,1.0,5.625718040391803e-05,0.0002422388351988,0.99970144033432,-0.0001859816547948,-0.0001859816547948,-0.0001859816547948,-0.0001859816547948,5.625718040391803e-05,0.0002422388351988,8-K,0,8-K,0,1,0,0,0,0,0,0,0,0,0,0,0,0
AMZN,2023-01-06,2023-01-06T16:42:03-05:00,0001193125-23-003621,1,0,8K,1,1,0,5.03,8-K,0,0,1,0.0,0.0,1.0,1.21370894703432e-05,0.0005361472722142,0.9994516968727112,-0.0005240101827439,-0.0005240101827439,-0.0005240101827439,-0.0005240101827439,1.21370894703432e-05,0.0005361472722142,8-K,0,8-K,0,0,0,0,0,0,0,0,0,1,0,0,0,0
AMZN,2023-02-02,2023-02-02T16:08:48-05:00,0001018724-23-000002,1,1,EX99,13,1,12,2.02,8-K|EX-99.1|EX-99.2,6,0,6,0.5,0.0,0.5,0.5414590120332529,0.023524556626089172,0.4350164393544655,0.5179344554071638,0.6978044307434175,-0.144200530834496,0.999998182180649,0.9999982118606568,0.1556226015090942,EX-99.1,6,EX-99.1,0,0,0,0,0,1,0,0,0,0,0,0,0,0
AMZN,2023-04-12,2023-04-12T18:03:57-04:00,0001104659-23-044715,1,1,EX99,21,1,20,7.01,8-K|EX-99.1,18,1,1,0.9,0.05,0.05,0.8600605280604213,0.048066404267578716,0.0918730591485861,0.8119941237928426,0.9993561442736905,-0.9447355652227998,0.9999999690684334,1.0,0.9578202366828918,EX-99.1,15,EX-99.1,1,0,0,0,0,0,0,0,0,0,0,0,1,0
AMZN,2023-04-27,2023-04-27T16:10:37-04:00,0001018724-23-000006,1,1,EX99,14,1,13,2.02,8-K|EX-99.1|EX-99.2,9,0,4,0.6923076923076923,0.0,0.3076923076923077,0.6274250210117316,3.902016070392765e-05,0.3725359446180986,0.6273860008510277,0.9987026132693018,0.000158396713914,0.999998427111187,0.9999984502792358,0.0004087798297405,EX-99.1,1,EX-99.1,0,0,0,0,0,1,0,0,0,0,0,0,0,0
AMZN,2023-05-26,2023-05-26T16:09:07-04:00,0001104659-23-065457,1,0,8K,1,1,0,5.07,8-K,0,0,1,0.0,0.0,1.0,0.00096350669628,0.026067866012454,0.9729686975479126,-0.0251043593161739,-0.0251043593161739,-0.0251043593161739,-0.0251043593161739,0.00096350669628,0.026067866012454,8-K,0,8-K,0,0,0,0,0,0,0,0,0,0,1,0,0,0
AMZN,2023-08-03,2023-08-03T16:09:02-04:00,0001018724-23-000010,1,1,EX99,14,1,13,2.02,8-K|EX-99.1|EX-99.2,5,0,8,0.38461538461538464,0.0,0.6153846153846154,0.39045930616213387,0.0003228784847210441,0.6092178212867819,0.39013642767741286,0.0592800454596726,1.8142727356007526e-05,0.999999876211767,0.9999998807907104,0.0040399921126663,EX-99.1,1,EX-99.1,0,0,0,0,0,1,0,0,0,0,0,0,0,0
AMZN,2023-09-13,2023-09-13T16:22:21-04:00,0001018724-23-000014,1,0,8K,1,1,0,5.02,8-K,0,0,1,0.0,0.0,1.0,0.0003226565604563,0.0039994474500417,0.9956780076026917,-0.0036767908895853,-0.0036767908895853,-0.0036767908895853,-0.0036767908895853,0.0003226565604563,0.0039994474500417,8-K,0,8-K,0,0,0,0,0,0,0,0,1,0,0,0,0,0
AMZN,2023-10-26,2023-10-26T16:14:51-04:00,0001018724-23-000016,1,1,EX99,15,1,14,2.02,8-K|EX-99.1|EX-99.2,8,0,6,0.5714285714285714,0.0,0.42857142857142855,0.6106249051382682,0.00010252822381297234,0.38927256834276086,0.6105223769144553,0.9369729940804064,-0.0006507837679237,0.9999999970633155,1.0,0.0013517627958208,EX-99.1,1,EX-99.1,11,0,0,0,0,1,0,0,0,0,0,0,0,0
AMZN,2023-11-01,2023-11-01T17:28:24-04:00,0001104659-23-113444,1,0,8K,1,1,0,1.01,8-K,0,0,1,0.0,0.0,1.0,9.61293771979399e-05,0.0024923055898398,0.9974116683006288,-0.0023961762126418,-0.0023961762126418,-0.0023961762126418,-0.0023961762126418,9.61293771979399e-05,0.0024923055898398,8-K,0,8-K,0,1,0,0,0,0,0,0,0,0,0,0,0,0
AMZN,2024-02-01,2024-02-01T16:06:02-05:00,0001018724-24-000006,1,1,EX99,18,1,17,2.02,8-K|EX-99.1|EX-99.2,13,0,4,0.7647058823529411,0.0,0.23529411764705882,0.7343031710025731,1.1570108836316019e-05,0.2656852580358791,0.7342916008937368,0.99585535494424,0.000158396713914,0.999999995051002,1.0,0.0001068096607923,EX-99.1,2,EX-99.1,13,0,0,0,0,1,0,0,0,0,0,0,0,0
AMZN,2024-04-10,2024-04-10T18:24:36-04:00,0001104659-24-045915,1,1,EX99,26,1,25,7.01,8-K|EX-99.1|EX-99.2,14,0,11,0.56,0.0,0.44,0.568873557308616,7.842754019359413e-05,0.43104802865400826,0.5687951297684224,0.7603598269051872,-0.0001567578292451,0.9999999923601806,1.0,0.0003619327617343,EX-99.1,0,EX-99.1,7,0,0,0,0,0,0,0,0,0,0,0,1,0
AMZN,2024-04-30,2024-04-30T16:10:34-04:00,0001018724-24-000081,1,1,EX99,17,1,16,2.02,8-K|EX-99.1|EX-99.2,12,0,4,0.75,0.0,0.25,0.7596065844072655,9.713004504321998e-06,0.2403837142182792,0.7595968714027612,0.9807430712266978,0.000158396713914,0.9999998774387346,0.9999998807907104,4.5153599785408005e-05,EX-99.1,1,EX-99.1,0,0,0,0,0,1,0,0,0,0,0,0,0,0
AMZN,2024-05-03,2024-05-03T16:41:53-04:00,0001104659-24-057026,1,0,8K,1,1,0,5.03,8-K,0,0,1,0.0,0.0,1.0,1.21370894703432e-05,0.0005361472722142,0.9994516968727112,-0.0005240101827439,-0.0005240101827439,-0.0005240101827439,-0.0005240101827439,1.21370894703432e-05,0.0005361472722142,8-K,0,8-K,0,0,0,0,0,0,0,0,0,1,0,0,0,0
AMZN,2024-05-14,2024-05-14T16:04:30-04:00,0001104659-24-061143,1,0,8K,1,1,0,5.02,8-K,0,0,1,0.0,0.0,1.0,0.0003226565604563,0.0039994474500417,0.9956780076026917,-0.0036767908895853,-0.0036767908895853,-0.0036767908895853,-0.0036767908895853,0.0003226565604563,0.0039994474500417,8-K,0,8-K,0,0,0,0,0,0,0,0,1,0,0,0,0,0
AMZN,2024-05-24,2024-05-24T16:03:37-04:00,0001104659-24-065117,1,0,8K,1,1,0,5.07,8-K,0,0,1,0.0,0.0,1.0,0.00096350669628,0.026067866012454,0.9729686975479126,-0.0251043593161739,-0.0251043593161739,-0.0251043593161739,-0.0251043593161739,0.00096350669628,0.026067866012454,8-K,0,8-K,0,0,0,0,0,0,0,0,0,0,1,0,0,0
AMZN,2024-08-01,2024-08-01T16:06:02-04:00,0001018724-24-000128,1,1,EX99,7,1,6,2.02,8-K|EX-99.1|EX-99.2,2,0,4,0.3333333333333333,0.0,0.6666666666666666,0.32030454011995363,7.001814310569898e-06,0.6796884915481011,0.32029753830564306,0.02421412105059055,1.1834332326543516e-05,0.9861959230875073,0.986198365688324,2.4090430088108405e-05,EX-99.1,0,EX-99.2,1,0,0,0,0,1,0,0,0,0,0,0,0,0
AMZN,2024-10-31,2024-10-31T16:13:57-04:00,0001018724-24-000158,1,1,EX99,7,1,6,2.02,8-K|EX-99.1|EX-99.2,3,0,3,0.5,0.0,0.5,0.5025778362251003,1.8820850444948672e-05,0.4974033107197708,0.5025590153746554,0.5079512128966144,0.000158396713914,0.999902138707526,0.9999022483825684,8.437250653514639e-05,EX-99.1,1,EX-99.1,3,0,0,0,0,1,0,0,0,0,0,0,0,0
AMZN,2025-02-06,2025-02-06T16:09:12-05:00,0001018724-25-000002,1,1,EX99,8,1,7,2.02,8-K|EX-99.1|EX-99.2,5,0,2,0.7142857142857143,0.0,0.2857142857142857,0.6974178511944567,4.923252938786911e-06,0.3025772308870468,0.6974129279415179,0.9789589080348832,0.000158396713914,0.9999090136746532,0.99990975856781,2.4090430088108405e-05,EX-99.1,2,EX-99.2,1,0,0,0,0,1,0,0,0,0,0,0,0,0
AMZN,2025-04-09,2025-04-09T17:47:09-04:00,0001104659-25-033450,1,1,EX99,25,1,24,7.01,8-K|EX-99.1|EX-99.2,12,0,12,0.5,0.0,0.5,0.4892902776944463,0.00045436470382218707,0.5102553580987221,0.48883591299062407,0.45623291026277,-0.0005279025499476,0.9999999960883564,1.0,0.0035798768512904,EX-99.1,0,EX-99.1,9,0,0,0,0,0,0,0,0,0,0,0,1,0
AMZN,2025-05-01,2025-05-01T16:15:00-04:00,0001018724-25-000034,1,1,EX99,6,1,5,2.02,8-K|EX-99.1|EX-99.2,2,0,3,0.4,0.0,0.6,0.48070913513947744,9.259140880146787e-06,0.5192816359005519,0.4806998759985973,0.4047510152158793,0.0002114444644121,0.9999357463754636,0.9999358654022216,3.658482455648482e-05,EX-99.1,0,EX-99.1,3,0,0,0,0,1,0,0,0,0,0,0,0,0
AMZN,2025-05-22,2025-05-22T16:31:45-04:00,0001104659-25-052014,1,0,8K,1,1,0,5.07,8-K,0,0,1,0.0,0.0,1.0,0.00096350669628,0.026067866012454,0.9729686975479126,-0.0251043593161739,-0.0251043593161739,-0.0251043593161739,-0.0251043593161739,0.00096350669628,0.026067866012454,8-K,0,8-K,0,0,0,0,0,0,0,0,0,0,1,0,0,0
AMZN,2025-07-31,2025-07-31T16:13:17-04:00,0001018724-25-000084,1,1,EX99,6,1,5,2.02,8-K|EX-99.1|EX-99.2,4,0,1,0.8,0.0,0.2,0.7920147191529395,9.81437625569015e-07,0.2079842997176456,0.7920137377153139,0.999714282684124,0.0002114444644121,0.9999436087832408,0.9999438524246216,2.357822722842684e-06,EX-99.1,3,EX-99.1,2,0,0,0,0,1,0,0,0,0,0,0,0,0
AMZN,2025-10-30,2025-10-30T16:13:01-04:00,0001018724-25-000121,1,1,EX99,8,1,7,2.02,8-K|EX-99.1|EX-99.2,5,0,2,0.7142857142857143,0.0,0.2857142857142857,0.6997211828150155,3.3913885671818126e-06,0.3002754261693181,0.6997177914264483,0.99377130343737,0.0002114444644121,0.9999998755058436,0.9999998807907104,1.2826480997318868e-05,EX-99.1,1,EX-99.1,5,0,0,0,0,1,0,0,0,0,0,0,0,0
AMZN,2025-11-20,2025-11-20T17:00:42-05:00,0001104659-25-114647,1,0,8K,1,1,0,8.01,8-K,0,0,1,0.0,0.0,1.0,3.96812247345224e-05,0.0020204116590321,0.9979398846626282,-0.0019807304342975,-0.0019807304342975,-0.0019807304342975,-0.0019807304342975,3.96812247345224e-05,0.0020204116590321,8-K,0,8-K,0,0,0,0,0,0,0,0,0,0,0,0,0,1
AMZN,2026-02-05,2026-02-05T16:25:12-05:00,0001018724-26-000002,1,1,EX99,9,1,8,2.02,8-K|EX-99.1|EX-99.2,7,0,1,0.875,0.0,0.125,0.8716810725036339,2.1029109077419506e-06,0.1283168660930558,0.8716789695927262,0.9992766603587774,0.0002114444644121,0.9999998696847578,0.9999998807907104,1.2738972145598382e-05,EX-99.1,2,EX-99.1,6,0,0,0,0,1,0,0,0,0,0,0,0,0
AMZN,2026-02-27,2026-02-27T08:36:30-05:00,0001104659-26-021050,1,1,EX99,4,1,3,1.01,8-K|EX-99.1,2,0,1,0.6666666666666666,0.0,0.3333333333333333,0.6678745991860827,1.0430298805393554e-06,0.33212435675689755,0.6678735561562021,0.9995947338790928,0.0040304211183865,0.9999955134711273,0.9999955892562866,2.6815355340659157e-06,EX-99.1,2,EX-99.1,0,1,0,0,0,0,0,0,0,0,0,0,0,0
AMZN,2026-03-13,2026-03-13T17:01:35-04:00,0001104659-26-027729,1,0,8K,1,1,0,8.01,8-K,0,0,1,0.0,0.0,1.0,3.96812247345224e-05,0.0020204116590321,0.9979398846626282,-0.0019807304342975,-0.0019807304342975,-0.0019807304342975,-0.0019807304342975,3.96812247345224e-05,0.0020204116590321,8-K,0,8-K,0,0,0,0,0,0,0,0,0,0,0,0,0,1
AMZN,2026-03-16,2026-03-16T16:54:55-04:00,0001104659-26-028556,1,0,8K,1,1,0,8.01,8-K,0,0,1,0.0,0.0,1.0,3.96812247345224e-05,0.0020204116590321,0.9979398846626282,-0.0019807304342975,-0.0019807304342975,-0.0019807304342975,-0.0019807304342975,3.96812247345224e-05,0.0020204116590321,8-K,0,8-K,0,0,0,0,0,0,0,0,0,0,0,0,0,1
AMZN,2026-04-08,2026-04-08T18:02:20-04:00,0001104659-26-041034,1,1,EX99,23,1,22,7.01,8-K|EX-99.1|EX-99.2,13,0,9,0.5909090909090909,0.0,0.4090909090909091,0.5978714860977603,0.0018125262971954513,0.40031599721602684,0.5960589598005648,0.8256127850363555,-1.3251859400043031e-05,0.9999975897125744,0.9999983310699464,0.0326406694948673,EX-99.1,20,EX-99.1,10,0,0,0,0,0,0,0,0,0,0,0,1,0
AMZN,2026-04-14,2026-04-14T08:04:26-04:00,0001104659-26-042880,1,1,EX99,7,1,6,7.01,8-K|EX-99.1,4,0,2,0.6666666666666666,0.0,0.3333333333333333,0.6501814951188862,8.717342851127796e-06,0.3498097854171647,0.6501727777760351,0.8274977268982866,0.0103776121050032,0.9999314235609518,0.9999314546585084,2.9712513423874043e-05,EX-99.1,1,EX-99.1,5,0,0,0,0,0,0,0,0,0,0,0,1,0
AMZN,2026-04-29,2026-04-29T16:18:55-04:00,0001018724-26-000012,1,1,EX99,9,1,8,2.02,8-K|EX-99.1|EX-99.2,6,0,2,0.75,0.0,0.25,0.7064304845280276,5.077312566603709e-06,0.2935644618720552,0.706425407215461,0.9767492365468796,0.0002114444644121,0.9999997465275304,0.9999997615814208,1.5715377230662853e-05,EX-99.1,1,EX-99.1,6,0,0,0,0,1,0,0,0,0,0,0,0,0
AMZN,2026-05-22,2026-05-22T16:12:53-04:00,0001104659-26-065717,1,0,8K,1,1,0,5.07,8-K,0,0,1,0.0,0.0,1.0,0.00096350669628,0.026067866012454,0.9729686975479126,-0.0251043593161739,-0.0251043593161739,-0.0251043593161739,-0.0251043593161739,0.00096350669628,0.026067866012454,8-K,0,8-K,0,0,0,0,0,0,0,0,0,0,1,0,0,0
AMZN,2026-06-10,2026-06-10T09:00:19-04:00,0001104659-26-072140,1,0,8K,1,1,0,1.01,8-K,0,0,1,0.0,0.0,1.0,5.625718040391803e-05,0.0002422388351988,0.99970144033432,-0.0001859816547948,-0.0001859816547948,-0.0001859816547948,-0.0001859816547948,5.625718040391803e-05,0.0002422388351988,8-K,0,8-K,0,1,0,0,0,0,0,0,0,0,0,0,0,0
AMZN,2026-06-12,2026-06-12T17:00:28-04:00,0001104659-26-073562,1,0,8K,1,1,0,8.01,8-K,0,0,1,0.0,0.0,1.0,3.96812247345224e-05,0.0020204116590321,0.9979398846626282,-0.0019807304342975,-0.0019807304342975,-0.0019807304342975,-0.0019807304342975,3.96812247345224e-05,0.0020204116590321,8-K,0,8-K,0,0,0,0,0,0,0,0,0,0,0,0,0,1
AMZN,2026-07-09,2026-07-09T16:46:08-04:00,0001104659-26-082293,1,0,8K,1,1,0,8.01,8-K,0,0,1,0.0,0.0,1.0,3.96812247345224e-05,0.0020204116590321,0.9979398846626282,-0.0019807304342975,-0.0019807304342975,-0.0019807304342975,-0.0019807304342975,3.96812247345224e-05,0.0020204116590321,8-K,0,8-K,0,0,0,0,0,0,0,0,0,0,0,0,0,1
AMZN,2026-07-30,2026-07-30T16:06:23-04:00,0001018724-26-000024,1,1,EX99,10,1,9,2.02,8-K|EX-99.1|EX-99.2,7,0,2,0.7777777777777778,0.0,0.2222222222222222,0.7487678538192186,1.1958612203204982e-05,0.25122021833403274,0.7487558952070155,0.9998752726724972,-6.901812230353244e-05,0.9999987990044588,0.999998927116394,9.256579505745322e-05,EX-99.1,1,EX-99.1,7,0,0,0,0,1,0,0,0,0,0,0,0,0
AVGO,2020-01-09,2020-01-09T16:26:22-05:00,0001193125-20-004721,1,0,8K,2,2,0,8.01,8-K,0,0,2,0.0,0.0,1.0,3.338968690513866e-05,3.1566280540573644e-06,0.9999634623527528,3.0233058851081296e-05,3.0233058851081296e-05,1.4209762412065174e-05,4.625635529009742e-05,4.771160092786886e-05,4.858010470343288e-06,8-K,0,8-K,1,0,0,0,0,0,0,0,0,0,0,0,0,1
AVGO,2020-01-13,2020-01-13T09:01:20-05:00,0001193125-20-005998,1,0,8K,2,2,0,5.02,8-K,0,0,2,0.0,0.0,1.0,1.9912419872980536e-06,1.0975199344898101e-06,0.9999968409538269,8.937220528082435e-07,8.937220528082435e-07,-1.0470033089404751e-06,2.834447414556962e-06,3.061168172280304e-06,1.968319111256278e-06,8-K,1,8-K,0,0,0,0,0,0,0,0,1,0,0,0,0,0
AVGO,2020-01-23,2020-01-23T16:15:50-05:00,0001193125-20-013100,1,0,8K,5,5,0,7.01,8-K,0,0,5,0.0,0.0,1.0,0.0021991818597598247,0.138995498281929,0.8588052868843079,-0.13679631642216913,-0.0353973929013591,-0.4659643192426301,7.748113148409175e-06,0.0061522992327809,0.4668081104755401,8-K,3,8-K,2,0,0,0,0,0,0,0,0,0,0,0,1,0
AVGO,2020-01-31,2020-01-31T16:06:23-05:00,0001193125-20-021302,1,0,8K,1,1,0,5.02,8-K,0,0,1,0.0,0.0,1.0,0.0018132844706997,5.641285497404169e-06,0.9981811046600342,0.0018076431852023,0.0018076431852023,0.0018076431852023,0.0018076431852023,0.0018132844706997,5.641285497404169e-06,8-K,0,8-K,0,0,0,0,0,0,0,0,1,0,0,0,0,0
AVGO,2020-03-12,2020-03-12T16:23:24-04:00,0001193125-20-071608,1,1,EX99,10,5,5,2.02,8-K|EX-99.1,2,0,3,0.4,0.0,0.6,0.34991091817026926,8.340343455870425e-06,0.6500807382632047,0.3499025778268134,0.0013661735385994,-3.668243664378679e-06,0.998029067545488,0.9980292916297911,2.637690522533376e-05,EX-99.1,1,EX-99.1,0,0,0,0,0,1,0,0,0,0,0,0,0,0
AVGO,2020-03-31,2020-03-31T16:19:50-04:00,0001193125-20-092827,1,0,8K,2,2,0,5.07,8-K,0,0,2,0.0,0.0,1.0,2.3826720862984985e-06,3.805347319030261e-06,0.9999938011169434,-1.4226752327317627e-06,-1.4226752327317627e-06,-1.8389400793239476e-06,-1.006410386139578e-06,4.58474687548005e-06,6.423686954803998e-06,8-K,0,8-K,0,0,0,0,0,0,0,0,0,0,1,0,0,0
AVGO,2020-04-06,2020-04-06T10:10:23-04:00,0001193125-20-099090,1,1,EX99,10,6,4,8.01,8-K|EX-99.1,0,0,4,0.0,0.0,1.0,0.001275431856981853,0.006081997058657845,0.9926425963640213,-0.0048065652016759915,-8.265320445843827e-06,-0.0192726464010775,6.291623526522017e-05,0.0050172409974038,0.0242898873984813,EX-99.1,3,EX-99.1,3,0,0,0,0,0,0,0,0,0,0,0,0,1
AVGO,2020-04-06,2020-04-06T17:29:50-04:00,0001193125-20-099626,1,1,EX99,7,5,2,8.01,8-K|EX-99.1,0,0,2,0.0,0.0,1.0,2.1175049823796144e-05,1.1716155569274633e-05,0.999967098236084,9.45889425452151e-06,9.45889425452151e-06,-7.91511502029607e-06,2.683290352933909e-05,2.777953159238677e-05,2.2485683075501584e-05,EX-99.1,0,EX-99.1,1,0,0,0,0,0,0,0,0,0,0,0,0,1
AVGO,2020-04-09,2020-04-09T16:06:23-04:00,0001193125-20-102580,1,0,8K,8,8,0,1.01,8-K,0,1,7,0.0,0.125,0.875,0.0023637604217583135,0.10055306702585648,0.897083168849349,-0.09818930660409815,-0.0003920996532542,-0.7534357359108981,1.208955950460222e-05,0.0156340450048446,0.7538449168205261,8-K,6,8-K,5,1,0,0,0,0,0,0,0,0,0,0,0,0
AVGO,2020-04-14,2020-04-14T21:56:49-04:00,0001193125-20-107418,1,1,EX99,9,6,3,8.01,8-K|EX-99.1,0,0,3,0.0,0.0,1.0,0.0003027674053252074,4.539426565012643e-06,0.9996926387151083,0.00029822797876021104,3.976894231527695e-05,9.458490808356146e-06,0.000845456503157,0.0008527861791662,7.329676009248942e-06,EX-99.1,0,EX-99.1,0,0,0,0,0,0,0,0,0,0,0,0,0,1
AVGO,2020-04-22,2020-04-22T08:53:19-04:00,0001193125-20-114389,1,1,EX99,9,5,4,8.01,8-K|EX-99.1,0,0,4,0.0,0.0,1.0,0.08031188946580413,4.594595168327942e-06,0.9196834862232208,0.0803072948706358,5.247833576046389e-05,-3.044015784325893e-06,0.3211272668268066,0.3211319744586944,5.5728819461364765e-06,EX-99.1,3,EX-99.1,0,0,0,0,0,0,0,0,0,0,0,0,0,1
AVGO,2020-05-05,2020-05-05T09:01:52-04:00,0001193125-20-133159,1,1,EX99,9,7,2,8.01,8-K|EX-99.1,0,0,2,0.0,0.0,1.0,1.6643855815345887e-05,8.827453484627767e-06,0.9999745488166809,7.81640233071812e-06,7.81640233071812e-06,1.2876080290880054e-06,1.4345196632348234e-05,1.7458894944866188e-05,1.454120865673758e-05,EX-99.1,0,EX-99.1,1,0,0,0,0,0,0,0,0,0,0,0,0,1
AVGO,2020-05-06,2020-05-06T09:04:50-04:00,0001193125-20-134440,1,1,EX99,15,5,10,8.01,8-K|EX-99.1|EX-99.2,1,0,9,0.1,0.0,0.9,0.08109265559951381,6.396818102416546e-06,0.9189009368419647,0.0810862587814114,5.433494777662418e-06,-2.006818021982326e-06,0.8107633198633266,0.8108065128326416,4.319296931498684e-05,EX-99.1,1,EX-99.1,1,0,0,0,0,0,0,0,0,0,0,0,0,1
AVGO,2020-05-08,2020-05-08T16:03:53-04:00,0001193125-20-137528,1,0,8K,8,8,0,1.01,8-K,0,1,7,0.0,0.125,0.875,0.0025261029860530106,0.10001547277724397,0.8974584247916937,-0.09748936979119091,-0.00010603270766292733,-0.7534357359108981,0.0004863139474764,0.0156340450048446,0.7538449168205261,8-K,6,8-K,5,1,0,0,0,0,0,0,0,0,0,0,0,0
AVGO,2020-05-19,2020-05-19T16:09:20-04:00,0001193125-20-146131,1,1,EX99,20,5,15,8.01,8-K|EX-99.1|EX-99.2,0,0,15,0.0,0.0,1.0,0.015839646652701347,3.723529833526315e-05,0.9841231226921081,0.015802411354366084,1.484957238062634e-06,-9.799911367736058e-06,0.2369959611096419,0.237512782216072,0.0005168211064301,EX-99.2,9,EX-99.2,9,0,0,0,0,0,0,0,0,0,0,0,0,1
AVGO,2020-05-21,2020-05-21T16:02:24-04:00,0001193125-20-148648,1,0,8K,9,9,0,1.01,8-K,0,1,8,0.0,0.1111111111111111,0.8888888888888888,0.0022299214645550213,0.08836000581416985,0.9094100644191107,-0.08613008434961476,-0.000132375062094,-0.753435377671849,0.0004863142967224,0.0156340505927801,0.7538445591926575,8-K,7,8-K,6,1,0,0,0,0,0,0,0,0,0,0,0,0
AVGO,2020-06-03,2020-06-03T16:36:50-04:00,0001193125-20-159573,1,1,EX99,9,4,5,8.01,8-K|EX-99.1,0,0,5,0.0,0.0,1.0,0.0010099043071931982,0.004860980918715526,0.9941291213035583,-0.0038510766115223286,1.657916186559305e-06,-0.0192726464010775,1.0712240509747062e-05,0.0050172409974038,0.0242898873984813,EX-99.1,4,EX-99.1,4,0,0,0,0,0,0,0,0,0,0,0,0,1
AVGO,2020-06-04,2020-06-04T16:29:23-04:00,0001730168-20-000099,1,1,EX99,10,5,5,2.02,8-K|EX-99.1,1,0,4,0.2,0.0,0.8,0.2007482822184329,5.0637099651140716e-06,0.7992466155020566,0.2007432185084678,6.020535874995403e-05,-4.656214969145367e-09,0.9999995155377004,0.9999995231628418,2.1662210201611742e-05,EX-99.1,0,EX-99.1,3,0,0,0,0,1,0,0,0,0,0,0,0,0
AVGO,2020-06-26,2020-06-26T16:09:11-04:00,0001730168-20-000126,1,1,EX99,27,5,22,8.01,8-K|EX-99.1,10,0,12,0.45454545454545453,0.0,0.5454545454545454,0.4375051056120521,0.0009192180367659975,0.5615756598991882,0.4365858875752861,0.1855852972962566,-0.0090514116054691,0.99999974391892,0.9999997615814208,0.0094430455937981,EX-99.1,12,EX-99.1,16,0,0,0,0,0,0,0,0,0,0,0,0,1
AVGO,2020-09-03,2020-09-03T16:17:44-04:00,0001730168-20-000154,1,1,EX99,10,5,5,2.02,8-K|EX-99.1,1,0,4,0.2,0.0,0.8,0.20075201727069042,4.29580383833894e-06,0.7992436893954163,0.2007477214668521,8.006328425835818e-05,2.301678136973351e-07,0.999999634847616,0.9999996423721312,1.7874350305646658e-05,EX-99.1,0,EX-99.1,3,0,0,0,0,1,0,0,0,0,0,0,0,0
AVGO,2020-12-10,2020-12-10T17:19:02-05:00,0001193125-20-315010,1,0,8K,8,8,0,5.02,8-K,0,0,8,0.0,0.0,1.0,3.315785399137812e-05,4.6940197222511415e-06,0.9999621361494064,2.846383426913235e-05,1.517440207976506e-05,-2.6633689458321896e-06,9.775207399798092e-05,0.0001185748915304,2.0822817532462068e-05,8-K,7,8-K,7,0,0,0,0,0,0,0,1,0,0,0,0,0
AVGO,2020-12-10,2020-12-10T16:19:56-05:00,0001730168-20-000201,1,1,EX99,11,5,6,2.02,8-K|EX-99.1,1,0,5,0.16666666666666666,0.0,0.8333333333333334,0.2380894327702284,1.3950947109542255e-05,0.7618966208808983,0.2380754818231188,0.000575257640548438,3.5244540583789785e-06,0.9999998710980672,0.9999998807907104,4.9492926336824894e-05,EX-99.1,0,EX-99.1,5,0,0,0,0,1,0,0,0,0,0,0,0,0
AVGO,2021-01-04,2021-01-04T09:13:33-05:00,0001193125-21-000394,1,1,EX99,11,5,6,8.01,8-K|EX-99.1,0,0,6,0.0,0.0,1.0,2.0563941423764238e-05,1.5674986286740022e-05,0.9999638001124064,4.888955137024216e-06,-5.658877739733727e-07,-2.380218165853876e-05,5.154512473382056e-05,5.58916108275298e-05,4.807839650311507e-05,EX-99.1,0,EX-99.1,5,0,0,0,0,0,0,0,0,0,0,0,0,1
AVGO,2021-01-04,2021-01-04T21:17:56-05:00,0001193125-21-001276,1,1,EX99,8,5,3,8.01,8-K|EX-99.1,1,0,2,0.3333333333333333,0.0,0.6666666666666666,0.27030057198256446,1.6705611756151487e-05,0.7296827087799708,0.2702838663708083,6.921260592207545e-05,2.0318682686593093e-05,0.8107620678238163,0.8108052611351013,4.319331128499471e-05,EX-99.1,2,EX-99.1,2,0,0,0,0,0,0,0,0,0,0,0,0,1
AVGO,2021-01-06,2021-01-06T18:30:36-05:00,0001193125-21-003380,1,1,EX99,6,5,1,8.01,8-K|EX-99.1,0,0,1,0.0,0.0,1.0,0.0003687771968543,0.0223681703209877,0.9772630333900452,-0.0219993931241333,-0.0219993931241333,-0.0219993931241333,-0.0219993931241333,0.0003687771968543,0.0223681703209877,EX-99.1,0,EX-99.1,0,0,0,0,0,0,0,0,0,0,0,0,0,1
AVGO,2021-01-19,2021-01-19T16:01:58-05:00,0001193125-21-011422,1,1,EX99,19,14,5,1.01,8-K|EX-99.1,0,0,5,0.0,0.0,1.0,0.0010108944572038915,0.004861479831015444,0.9941275954246521,-0.0038505853738115526,-5.512090410775272e-07,-0.0192726464010775,1.674453687883215e-05,0.0050172409974038,0.0242898873984813,EX-99.1,4,EX-99.1,4,1,0,0,0,0,0,0,0,0,0,0,0,0
AVGO,2021-02-02,2021-02-02T16:23:55-05:00,0001193125-21-025889,1,1,EX99,10,5,5,8.01,8-K|EX-99.1,0,0,5,0.0,0.0,1.0,1.635033178217782e-05,4.969566521140223e-06,0.9999786853790283,1.1380765261037596e-05,7.669163096579723e-06,-4.177977928065957e-06,4.3449480358503934e-05,4.504774551605806e-05,1.212049483001465e-05,EX-99.1,0,EX-99.1,1,0,0,0,0,0,0,0,0,0,0,0,0,1
AVGO,2021-03-04,2021-03-04T16:18:53-05:00,0001730168-21-000026,1,1,EX99,10,5,5,2.02,8-K|EX-99.1,1,0,4,0.2,0.0,0.8,0.2004265861437716,7.876803273321186e-06,0.7995655423705358,0.20041870934049827,0.0002112691818183,3.2104458114190493e-07,0.9999998786512893,0.9999998807907104,2.787952325888909e-05,EX-99.1,0,EX-99.1,3,0,0,0,0,1,0,0,0,0,0,0,0,0
AVGO,2021-03-15,2021-03-15T21:45:00-04:00,0001193125-21-081796,1,1,EX99,14,4,10,8.01,8-K|EX-99.1,1,0,9,0.1,0.0,0.9,0.08108643801178914,5.416136102098791e-06,0.9189081624150276,0.08108102187568704,4.4341279590298655e-06,9.782688721315935e-07,0.8107620678238163,0.8108052611351013,4.319331128499471e-05,EX-99.1,9,EX-99.1,9,0,0,0,0,0,0,0,0,0,0,0,0,1
AVGO,2021-03-29,2021-03-29T21:24:04-04:00,0001193125-21-098755,1,1,EX99,24,5,19,8.01,8-K|EX-99.1|EX-99.2,1,0,18,0.05263157894736842,0.0,0.9473684210526315,0.027220039009020376,3.991759531106111e-06,0.9727759831830075,0.02721604724948927,1.3704267871617049e-06,-5.308590516506229e-06,0.5170585462456074,0.5170813798904419,2.2833644834463485e-05,EX-99.1,5,EX-99.1,5,0,0,0,0,0,0,0,0,0,0,0,0,1
AVGO,2021-03-31,2021-03-31T17:15:57-04:00,0001193125-21-102518,1,0,8K,10,10,0,1.01,8-K,0,1,9,0.0,0.1,0.9,0.0013925989977223929,0.10317185168652258,0.895435536839068,-0.10177925268880017,-0.00013244365715081038,-0.977003772783064,0.0066708913072943,0.0072854538448154,0.9770615696907043,8-K,6,8-K,7,1,0,0,0,0,0,0,0,0,0,0,0,0
AVGO,2021-04-05,2021-04-05T16:35:15-04:00,0001730168-21-000071,1,0,8K,4,4,0,5.02,8-K,0,0,4,0.0,0.0,1.0,5.753817728759001e-05,3.4868850917746386e-06,0.99993896484375,5.40512921958215e-05,4.601934364245608e-05,-1.5206076682261482e-06,0.0001256870891666,0.0001358248555334,1.0137766366824508e-05,8-K,1,8-K,1,0,0,0,0,0,0,0,1,0,0,0,0,0
AVGO,2021-06-03,2021-06-03T16:19:10-04:00,0001730168-21-000110,1,1,EX99,7,2,5,2.02,8-K|EX-99.1,1,0,4,0.2,0.0,0.8,0.20041528420430268,7.102247686185947e-06,0.7995776112664107,0.20040818195661653,0.0002112691818183,9.84823600447271e-08,0.9999999980510016,1.0,2.407044848951045e-05,EX-99.1,0,EX-99.1,3,0,0,0,0,1,0,0,0,0,0,0,0,0
AVGO,2021-09-02,2021-09-02T16:18:04-04:00,0001730168-21-000121,1,1,EX99,6,1,5,2.02,8-K|EX-99.1,1,0,4,0.2,0.0,0.8,0.20031379084649642,5.177947880241618e-06,0.7996810288971276,0.20030861289861618,0.0001971296464944,8.085805802693359e-08,0.9999998783521172,0.9999998807907104,1.998092557187192e-05,EX-99.1,0,EX-99.1,3,0,0,0,0,1,0,0,0,0,0,0,0,0
AVGO,2021-09-13,2021-09-13T17:27:07-04:00,0001193125-21-271676,1,1,EX99,15,4,11,8.01,8-K|EX-99.1,1,0,10,0.09090909090909091,0.0,0.9090909090909091,0.0737170733257761,5.08870733865892e-06,0.9262778393246911,0.07371198461843743,5.095802947607808e-06,1.7604861568543132e-08,0.8107620678238163,0.8108052611351013,4.319331128499471e-05,EX-99.1,10,EX-99.1,10,0,0,0,0,0,0,0,0,0,0,0,0,1
AVGO,2021-09-27,2021-09-27T21:13:34-04:00,0001193125-21-284581,1,1,EX99,27,5,22,8.01,8-K|EX-99.1|EX-99.2,0,0,22,0.0,0.0,1.0,1.064140372942678e-05,3.279613699967079e-06,0.9999860904433511,7.361790029459701e-06,7.501445793423045e-07,-6.573956852662377e-06,8.025977604120271e-05,8.836470078676939e-05,1.7799322449718602e-05,EX-99.1,1,EX-99.1,6,0,0,0,0,0,0,0,0,0,0,0,0,1
AVGO,2021-09-30,2021-09-30T16:01:59-04:00,0001193125-21-287948,1,0,8K,10,10,0,1.01,8-K,0,1,9,0.0,0.1,0.9,0.0008251810769365698,0.10342517244323515,0.8957496309652925,-0.10259999136629856,-0.00013215523449612996,-0.9828891674842452,0.0007258568075485,0.0050765206106007,0.9829416871070862,8-K,8,8-K,7,1,0,0,0,0,0,0,0,0,0,0,0,0
AVGO,2021-12-09,2021-12-09T16:26:54-05:00,0001730168-21-000148,1,1,EX99,7,1,6,2.02,8-K|EX-99.1,2,0,4,0.3333333333333333,0.0,0.6666666666666666,0.33327321721664305,2.511436073511971e-06,0.6667242471476461,0.3332707057805695,9.978524394682416e-05,-9.64832707950336e-07,0.9999998785523168,0.9999998807907104,9.292209142586216e-06,EX-99.1,0,EX-99.1,4,0,0,0,0,1,0,0,0,0,0,0,0,0
AVGO,2022-03-03,2022-03-03T16:18:22-05:00,0001730168-22-000015,1,1,EX99,6,1,5,2.02,8-K|EX-99.1,1,0,4,0.2,0.0,0.8,0.20007454397477886,3.1070871164828873e-06,0.7999223436475595,0.20007143688766238,0.0001014181889331,5.260624220682075e-07,0.9999999972887936,1.0,8.972625437309034e-06,EX-99.1,0,EX-99.1,3,0,0,0,0,1,0,0,0,0,0,0,0,0
AVGO,2022-03-31,2022-03-31T09:17:37-04:00,0001193125-22-090874,1,1,EX99,7,5,2,8.01,8-K|EX-99.1,0,0,2,0.0,0.0,1.0,1.198472182295518e-05,7.98288954229065e-06,0.9999800324440002,4.00183228066453e-06,4.00183228066453e-06,-2.669834429980256e-06,1.0673498991309316e-05,1.3002569176023826e-05,1.363670889986679e-05,EX-99.1,0,EX-99.1,1,0,0,0,0,0,0,0,0,0,0,0,0,1
AVGO,2022-03-31,2022-03-31T21:47:14-04:00,0001193125-22-092425,1,1,EX99,15,5,10,8.01,8-K|EX-99.1|EX-99.2,1,0,9,0.1,0.0,0.9,0.09523094217166772,2.1452342053862594e-06,0.9047669116407633,0.09522879693746235,6.021060301009129e-06,1.0546386874921154e-07,0.95220755804462,0.9522104263305664,8.112922841974068e-06,EX-99.1,1,EX-99.1,0,0,0,0,0,0,0,0,0,0,0,0,0,1
AVGO,2022-04-04,2022-04-04T20:29:33-04:00,0001730168-22-000059,1,0,8K,2,2,0,5.07,8-K,0,0,2,0.0,0.0,1.0,6.306578896442262e-06,6.136565275483008e-06,0.9999875426292419,1.7001362095925266e-07,1.7001362095925266e-07,-1.7902148954362929e-06,2.130242137354798e-06,1.2339293789409568e-05,1.0209051652054768e-05,8-K,0,8-K,0,0,0,0,0,0,0,0,0,0,1,0,0,0
AVGO,2022-04-14,2022-04-14T21:09:59-04:00,0001193125-22-105918,1,1,EX99,24,8,16,1.01,8-K|EX-99.1|EX-99.2,0,0,16,0.0,0.0,1.0,0.0006330155436309251,0.003038806037634947,0.9963281750679016,-0.002405790494004022,7.300738644744342e-07,-0.0192726464010775,2.066099523290177e-05,0.0050172409974038,0.0242898873984813,EX-99.1,5,EX-99.1,5,1,0,0,0,0,0,0,0,0,0,0,0,0
AVGO,2022-04-18,2022-04-18T16:40:58-04:00,0001193125-22-108067,1,0,8K,8,8,0,1.01,8-K,0,1,7,0.0,0.125,0.875,0.0007103972794766306,0.12329621171554091,0.8759933770634234,-0.1225858144360643,-0.0005014433409087225,-0.9380131604120834,1.2021469956380317e-05,0.0050765206106007,0.9381508231163024,8-K,6,8-K,5,1,0,0,0,0,0,0,0,0,0,0,0,0
AVGO,2022-05-26,2022-05-26T07:28:34-04:00,0001193125-22-160304,1,1,EX99,7,1,6,2.02,8-K|EX-99.1,1,0,5,0.16666666666666666,0.0,0.8333333333333334,0.1669409652821514,0.001402505577644318,0.8316565215927388,0.16553845970450712,2.03402376826034e-05,-0.0077168390271253,0.9999995190108564,0.9999995231628418,0.0083950962871313,EX-99.1,0,EX-99.1,5,0,0,0,0,1,0,0,0,0,0,0,0,0
AVGO,2022-05-26,2022-05-26T08:07:12-04:00,0001193125-22-160371,1,1,EX99,13,6,7,7.01,8-K|EX-99.1|EX-99.2,4,0,3,0.5714285714285714,0.0,0.42857142857142855,0.5742608240314959,0.0002469402842401783,0.4254922546874675,0.5740138837472557,0.996685626347574,0.000166498701219,0.999999860333208,0.9999998807907104,0.0016920611960813,EX-99.1,1,EX-99.2,0,0,0,0,0,0,0,0,0,0,0,0,1,0
AVGO,2022-05-26,2022-05-26T16:16:16-04:00,0001193125-22-161016,1,1,EX99,56,12,44,1.01,8-K|EX-99.1|EX-99.2,0,0,44,0.0,0.0,1.0,9.747131558540942e-05,0.00012667867325302524,0.9997758526693691,-2.920735766761182e-05,3.5316029425302986e-06,-0.0004924870154354,0.0003151819109916,0.0012696502963081,0.0009544683853164,EX-99.2,20,EX-99.2,20,1,0,0,0,0,0,0,0,0,0,0,0,0
AVGO,2022-07-11,2022-07-11T07:30:58-04:00,0001140361-22-025654,1,0,8K,1,1,0,5.02,8-K,0,0,1,0.0,0.0,1.0,4.504344815359218e-06,0.0001141325337812,0.9998812675476074,-0.0001096281889658,-0.0001096281889658,-0.0001096281889658,-0.0001096281889658,4.504344815359218e-06,0.0001141325337812,8-K,0,8-K,0,0,0,0,0,0,0,0,1,0,0,0,0,0
AVGO,2022-09-01,2022-09-01T16:26:00-04:00,0001730168-22-000091,1,1,EX99,6,1,5,2.02,8-K|EX-99.1,1,0,4,0.2,0.0,0.8,0.20033480399463316,3.271216290112733e-06,0.7996619918271556,0.20033153277834304,9.59744622832659e-05,5.775104341410042e-07,0.9999999976726692,1.0,1.2421411156537944e-05,EX-99.1,0,EX-99.1,4,0,0,0,0,1,0,0,0,0,0,0,0,0
AVGO,2022-11-02,2022-11-02T17:02:46-04:00,0001730168-22-000101,1,0,8K,5,5,0,5.02,8-K,0,0,5,0.0,0.0,1.0,0.00042323966372346514,2.2513043518301856e-06,0.9995744943618774,0.0004209883593716388,0.000292940642339,1.1933621863136068e-05,0.0010142962685222,0.0010170068126171,4.582926976581803e-06,8-K,0,8-K,1,0,0,0,0,0,0,0,1,0,0,0,0,0
AVGO,2022-12-08,2022-12-08T16:21:25-05:00,0001730168-22-000110,1,1,EX99,7,1,6,2.02,8-K|EX-99.1,2,0,4,0.3333333333333333,0.0,0.6666666666666666,0.3333658632474605,3.1347260940894905e-06,0.6666310367357209,0.33336272852136634,7.140688489925336e-05,1.352282069433386e-06,0.9999999982067164,1.0,1.3634366951009724e-05,EX-99.1,0,EX-99.1,5,0,0,0,0,1,0,0,0,0,0,0,0,0
AVGO,2023-03-02,2023-03-02T16:16:43-05:00,0001730168-23-000004,1,1,EX99,6,1,5,2.02,8-K|EX-99.1,2,0,3,0.4,0.0,0.6,0.3055306129774863,4.334403771677486e-06,0.694465063783704,0.3055262785737146,0.0012786766783392,-8.897688985598506e-08,0.999999998719732,1.0,1.570325912325643e-05,EX-99.1,0,EX-99.1,3,0,0,0,0,1,0,0,0,0,0,0,0,0
AVGO,2023-04-06,2023-04-06T16:21:20-04:00,0001730168-23-000052,1,0,8K,3,3,0,5.02,8-K,0,0,3,0.0,0.0,1.0,1.5529577732801652e-05,4.8266417328098514e-06,0.9999796549479166,1.07029359999918e-05,-4.0175405047193646e-07,-7.34615241526626e-07,3.324517729197396e-05,4.21856384491548e-05,8.940461157180835e-06,8-K,0,8-K,0,0,0,0,0,0,0,0,1,0,0,0,0,0
AVGO,2023-05-23,2023-05-23T09:00:21-04:00,0001730168-23-000054,1,0,8K,1,1,0,7.01,8-K,0,0,1,0.0,0.0,1.0,0.0001011606946121,0.0001859227049862,0.9997128844261168,-8.476201037410647e-05,-8.476201037410647e-05,-8.476201037410647e-05,-8.476201037410647e-05,0.0001011606946121,0.0001859227049862,8-K,0,8-K,0,0,0,0,0,0,0,0,0,0,0,0,1,0
AVGO,2023-06-01,2023-06-01T16:17:30-04:00,0001730168-23-000062,1,1,EX99,6,1,5,2.02,8-K|EX-99.1,1,0,4,0.2,0.0,0.8,0.2678353380385943,4.67650077276005e-06,0.7321600129653462,0.26783066153782153,0.0012786766783392,-1.6119633983180393e-07,0.9999998774061308,0.9999998807907104,1.570325912325643e-05,EX-99.1,0,EX-99.1,3,0,0,0,0,1,0,0,0,0,0,0,0,0
AVGO,2023-08-16,2023-08-16T16:48:52-04:00,0001140361-23-040084,1,0,8K,7,7,0,1.01,8-K,0,0,7,0.0,0.0,1.0,0.004875044699474492,0.03933801910872194,0.9557869178908212,-0.034462974409247435,9.84034613793483e-07,-0.179592243861407,0.0298520312644541,0.0309085603803396,0.1816211640834808,8-K,4,8-K,2,1,0,0,0,0,0,0,0,0,0,0,0,0
AVGO,2023-08-31,2023-08-31T17:18:57-04:00,0001730168-23-000074,1,1,EX99,6,1,5,2.02,8-K|EX-99.1,2,0,3,0.4,0.0,0.6,0.38873102739216847,3.5883180410145598e-06,0.6112654168714926,0.38872743907412743,0.0008444719178442,-2.1927985471847933e-07,0.999997490938266,0.9999974966049194,8.846337550494354e-06,EX-99.1,0,EX-99.1,3,0,0,0,0,1,0,0,0,0,0,0,0,0
AVGO,2023-10-18,2023-10-18T16:34:06-04:00,0001140361-23-048712,1,1,EX99,7,5,2,8.01,8-K|EX-99.1,0,0,2,0.0,0.0,1.0,4.118034894418088e-06,3.649396518312642e-07,0.9999955296516418,3.7530952425868236e-06,3.7530952425868236e-06,3.2794631010801822e-06,4.226727384093465e-06,4.558485215966357e-06,3.981214717896364e-07,EX-99.1,1,EX-99.1,0,0,0,0,0,0,0,0,0,0,0,0,0,1
AVGO,2023-10-30,2023-10-30T16:30:25-04:00,0001140361-23-050217,1,1,EX99,7,4,3,8.01,8-K|EX-99.1,0,0,3,0.0,0.0,1.0,1.0408722346255672e-05,8.888702942043627e-05,0.9999007185300192,-7.847830707416883e-05,2.1310500528670677e-06,-0.0002514629159122,1.3896944636826449e-05,1.4952587662264705e-05,0.0002664155035745,EX-99.1,2,EX-99.1,2,0,0,0,0,0,0,0,0,0,0,0,0,1
AVGO,2023-11-22,2023-11-22T09:14:41-05:00,0001140361-23-054354,1,1,EX99,8,6,2,2.01,8-K|EX-99.1,1,0,1,0.5,0.0,0.5,0.49974717145960307,4.619890091817069e-06,0.500248184252996,0.4997425515695113,0.4997425515695113,0.0001220801877934,0.9993630229512293,0.9993632435798644,9.01915154827293e-06,EX-99.1,0,EX-99.1,1,0,0,0,1,0,0,0,0,0,0,0,0,0
AVGO,2023-12-07,2023-12-07T16:18:51-05:00,0001730168-23-000093,1,1,EX99,7,2,5,2.02,8-K|EX-99.1,1,0,4,0.2,0.0,0.8,0.22303233490383717,3.1256505369725574e-06,0.7769645504468372,0.22302920925330022,3.565386259651859e-05,2.453577860705991e-05,0.9999991613804706,0.9999991655349731,6.918911367392866e-06,EX-99.1,0,EX-99.1,4,0,0,0,0,1,0,0,0,0,0,0,0,0
AVGO,2024-02-09,2024-02-09T16:15:35-05:00,0001140361-24-006724,1,0,8K,2,2,0,5.02,8-K,1,0,1,0.5,0.0,0.5,0.49816188531690386,9.804782905575848e-07,0.5018371543847024,0.4981609048386133,0.4981609048386133,3.260709490859881e-06,0.9963185489677358,0.9963194131851196,1.0967391972371845e-06,8-K,1,8-K,0,0,0,0,0,0,0,0,1,0,0,0,0,0
AVGO,2024-03-07,2024-03-07T16:18:09-05:00,0001730168-24-000012,1,1,EX99,6,1,5,2.02,8-K|EX-99.1,2,0,3,0.4,0.0,0.6,0.40002025437927385,2.3410915482191543e-06,0.5999774187076483,0.4000179132877257,5.577018009716994e-05,1.3700134502414585e-06,0.9999998788317466,0.9999998807907104,7.072740572766634e-06,EX-99.1,0,EX-99.1,4,0,0,0,0,1,0,0,0,0,0,0,0,0
AVGO,2024-04-23,2024-04-23T18:03:08-04:00,0001730168-24-000055,1,0,8K,2,2,0,5.07,8-K,0,0,2,0.0,0.0,1.0,1.7018651305988897e-06,2.3232013688812003e-05,0.9999750256538392,-2.1530148558213114e-05,-2.1530148558213114e-05,-4.222403026687971e-05,-8.362668495465186e-07,2.9510335934901377e-06,4.5175063860369846e-05,8-K,0,8-K,0,0,0,0,0,0,0,0,0,0,1,0,0,0
AVGO,2024-06-12,2024-06-12T16:19:05-04:00,0001730168-24-000077,1,1,EX99,7,1,6,2.02,8-K|EX-99.1,2,0,4,0.3333333333333333,0.0,0.6666666666666666,0.31962449955691835,3.080889902868085e-05,0.6803446946893624,0.3195936906578896,0.0346796146075121,-9.615553153707881e-08,0.9999589758488856,0.9999589920043944,0.0001759791339281,EX-99.1,0,EX-99.1,5,0,0,0,0,1,0,0,0,0,0,0,0,0
AVGO,2024-07-08,2024-07-08T08:39:02-04:00,0001140361-24-032566,1,1,EX99,21,1,20,8.01,8-K|EX-99.1,0,0,20,0.0,0.0,1.0,5.005000813866389e-05,2.8509326011061376e-06,0.9999470919370651,4.7199075537556306e-05,8.279563992630301e-06,-7.846178050385788e-06,0.0004886346378043,0.0004905393579974,1.5770190657349303e-05,EX-99.1,0,EX-99.1,8,0,0,0,0,0,0,0,0,0,0,0,0,1
AVGO,2024-07-12,2024-07-12T16:52:58-04:00,0001140361-24-033072,1,0,8K,3,3,0,5.03,8-K,0,0,3,0.0,0.0,1.0,1.4887103210033578e-05,2.855968242935584e-06,0.9999822378158569,1.2031134967097993e-05,3.650162398116663e-06,1.7275984873776906e-06,3.0715644015799626e-05,3.274345363024622e-05,5.10263089381624e-06,8-K,0,8-K,2,0,0,0,0,0,0,0,0,1,0,0,0,0
AVGO,2024-09-05,2024-09-05T16:21:56-04:00,0001730168-24-000095,1,1,EX99,7,1,6,2.02,8-K|EX-99.1,3,0,3,0.5,0.0,0.5,0.4259751500360949,2.0535603567258438e-05,0.5740043187755267,0.42595461443252763,0.296663017971241,1.5713294487795793e-07,0.9999435811401476,0.9999436140060424,8.91762538230978e-05,EX-99.1,0,EX-99.1,1,0,0,0,0,1,0,0,0,0,0,0,0,0
AVGO,2024-10-02,2024-10-02T16:10:59-04:00,0001193125-24-231159,1,0,8K,3,3,0,8.01,8-K,0,0,3,0.0,0.0,1.0,9.734409559314372e-06,5.058912923535293e-06,0.9999852180480956,4.675496635779079e-06,3.2070054203359177e-06,1.7977654351852834e-06,9.021719051816037e-06,1.384353618050227e-05,8.44996338855708e-06,8-K,0,8-K,2,0,0,0,0,0,0,0,0,0,0,0,0,1
AVGO,2024-12-12,2024-12-12T16:23:06-05:00,0001730168-24-000125,1,1,EX99,7,1,6,2.02,8-K|EX-99.1,2,0,4,0.3333333333333333,0.0,0.6666666666666666,0.3333505095934015,1.3712503531178772e-06,0.66664815822755,0.3333491383430484,3.4915326466489205e-05,9.776996250820956e-06,0.9999991596838907,0.9999991655349731,4.512617579166545e-06,EX-99.1,0,EX-99.1,5,0,0,0,0,1,0,0,0,0,0,0,0,0
AVGO,2025-01-10,2025-01-10T16:23:51-05:00,0001193125-25-004476,1,0,8K,3,3,0,8.01,8-K,0,0,3,0.0,0.0,1.0,9.388781866922121e-06,5.720425406252616e-06,0.999984860420227,3.668356460669505e-06,2.7840408165502595e-06,1.3283743101055734e-06,6.8926542553526815e-06,1.3660756849276368e-05,1.2332382539170794e-05,8-K,2,8-K,2,0,0,0,0,0,0,0,0,0,0,0,0,1
AVGO,2025-01-13,2025-01-13T16:16:11-05:00,0001193125-25-005318,1,0,8K,2,2,0,1.02,8-K,0,0,2,0.0,0.0,1.0,3.1949541153153405e-05,0.0002931478325080815,0.9996748864650726,-0.00026119829135493034,-0.00026119829135493034,-0.0005201394160394,-2.25716667046072e-06,5.1438801165204495e-05,0.0005715782172046,8-K,1,8-K,1,0,1,0,0,0,0,0,0,0,0,0,0,0
AVGO,2025-03-06,2025-03-06T16:19:37-05:00,0001730168-25-000009,1,1,EX99,6,1,5,2.02,8-K|EX-99.1,2,0,3,0.4,0.0,0.6,0.37404704918294557,3.7332474439269956e-05,0.6259156127715813,0.37400971670850625,0.0674439406429883,5.664062996402208e-07,0.9999996370136062,0.9999996423721312,0.0001759791339281,EX-99.1,0,EX-99.1,4,0,0,0,0,1,0,0,0,0,0,0,0,0
AVGO,2025-04-22,2025-04-22T16:13:22-04:00,0001730168-25-000037,1,0,8K,3,3,0,5.07,8-K,0,0,3,0.0,0.0,1.0,1.3481947007676354e-06,2.9877660078151774e-05,0.9999687671661377,-2.8529465377384138e-05,-3.052148849747027e-05,-5.402182057423488e-05,-1.0450870604472584e-06,2.704048256418901e-06,5.4494590585818514e-05,8-K,0,8-K,2,0,0,0,0,0,0,0,0,0,1,0,0,0
AVGO,2025-06-05,2025-06-05T16:27:02-04:00,0001730168-25-000061,1,1,EX99,6,1,5,2.02,8-K|EX-99.1,2,0,3,0.4,0.0,0.6,0.48269717118387223,3.3138869533821945e-06,0.5172995256603059,0.48269385729691894,0.4128637282494765,-7.37801428840612e-08,0.999999757216028,0.9999997615814208,1.2894316569145303e-05,EX-99.1,0,EX-99.1,3,0,0,0,0,1,0,0,0,0,0,0,0,0
AVGO,2025-07-11,2025-07-11T16:14:59-04:00,0001193125-25-158202,1,0,8K,4,4,0,1.02,8-K,0,0,4,0.0,0.0,1.0,2.087973007292021e-05,1.4857208157081914e-05,0.9999642372131348,6.022521915838297e-06,4.822974688067916e-06,3.475286575849168e-06,1.0968851711368188e-05,3.997529347543605e-05,2.900644176406786e-05,8-K,3,8-K,3,0,1,0,0,0,0,0,0,0,0,0,0,0
AVGO,2025-09-04,2025-09-04T16:19:50-04:00,0001730168-25-000094,1,1,EX99,6,1,5,2.02,8-K|EX-99.1,2,0,3,0.4,0.0,0.6,0.41391256635693024,3.647764307832862e-05,0.5860509694876399,0.41387608871385184,0.0674439406429883,4.635372761185863e-07,0.9999998777848492,0.9999998807907104,0.0001759791339281,EX-99.1,0,EX-99.1,4,0,0,0,0,1,0,0,0,0,0,0,0,0
AVGO,2025-09-09,2025-09-09T17:28:00-04:00,0001193125-25-199281,1,0,8K,5,5,0,5.02,8-K,0,0,5,0.0,0.0,1.0,0.0008922477128635259,7.524243454781754e-06,0.9991002440452575,0.0008847234694087467,1.2470072078940577e-05,2.6763395055695582e-06,0.004375082486149,0.0044025164097547,2.7433923605713065e-05,8-K,0,8-K,0,0,0,0,0,0,0,0,1,0,0,0,0,0
AVGO,2025-09-10,2025-09-10T16:16:49-04:00,0001193125-25-200108,1,1,EX99,14,1,13,8.01,8-K|EX-99.1,0,0,13,0.0,0.0,1.0,3.695020681194252e-05,5.56359584344626e-06,0.9999574881333572,3.138661096849684e-05,7.406029197909447e-06,-4.276863364793826e-05,0.0003472974856322,0.0003491451789159,5.838537617819384e-05,EX-99.1,0,EX-99.1,5,0,0,0,0,0,0,0,0,0,0,0,0,1
AVGO,2025-09-29,2025-09-29T16:08:40-04:00,0001193125-25-223202,1,0,8K,6,6,0,8.01,8-K,0,0,6,0.0,0.0,1.0,1.878957239872155e-05,6.434180590986216e-06,0.99997478723526,1.2355391807735335e-05,5.663855290549691e-06,-5.277269792713923e-06,5.565179662880837e-05,6.138801836641505e-05,1.164006971521303e-05,8-K,1,8-K,3,0,0,0,0,0,0,0,0,0,0,0,0,1
AVGO,2025-12-11,2025-12-11T16:17:37-05:00,0001730168-25-000116,1,1,EX99,7,1,6,2.02,8-K|EX-99.1,2,0,4,0.3333333333333333,0.0,0.6666666666666666,0.33336288930589336,2.1013549281375297e-06,0.6666350078400581,0.33336078795096524,6.108431813345305e-05,1.3722578103170235e-05,0.9999998761946172,0.9999998807907104,8.36156959849177e-06,EX-99.1,1,EX-99.1,5,0,0,0,0,1,0,0,0,0,0,0,0,0
AVGO,2026-01-13,2026-01-13T16:06:00-05:00,0001193125-26-011731,1,0,8K,6,6,0,8.01,8-K,0,0,6,0.0,0.0,1.0,1.876549026746943e-05,6.087721772018995e-06,0.9999751448631287,1.2677768495450437e-05,9.295151585320127e-06,4.638587597582955e-06,3.399033812456764e-05,4.323625398683362e-05,9.335391041531691e-06,8-K,1,8-K,5,0,0,0,0,0,0,0,0,0,0,0,0,1
AVGO,2026-03-02,2026-03-02T17:00:50-05:00,0001193125-26-085656,1,0,8K,1,1,0,5.02,8-K,0,0,1,0.0,0.0,1.0,4.352046380518004e-05,1.376409454678651e-05,0.9999427795410156,2.9756369258393534e-05,2.9756369258393534e-05,2.9756369258393534e-05,2.9756369258393534e-05,4.352046380518004e-05,1.376409454678651e-05,8-K,0,8-K,0,0,0,0,0,0,0,0,1,0,0,0,0,0
AVGO,2026-03-04,2026-03-04T16:16:10-05:00,0001730168-26-000011,1,1,EX99,6,1,5,2.02,8-K|EX-99.1,2,0,3,0.4,0.0,0.6,0.3773357180618859,8.017825559969437e-06,0.622656266307635,0.377327700236326,0.0001217994179114,-9.401289844390704e-07,0.9999999974580412,1.0,3.0088178391451947e-05,EX-99.1,0,EX-99.1,4,0,0,0,0,1,0,0,0,0,0,0,0,0
AVGO,2026-04-02,2026-04-02T17:25:00-04:00,0001193125-26-140574,1,0,8K,3,3,0,5.02,8-K,0,0,3,0.0,0.0,1.0,1.6073867148710026e-05,6.240691959646938e-06,0.999977707862854,9.83317518906309e-06,1.863497550402826e-05,-9.84274765869486e-06,2.0707297721855863e-05,2.222839430032764e-05,1.36172211568919e-05,8-K,1,8-K,0,0,0,0,0,0,0,0,1,0,0,0,0,0
AVGO,2026-04-06,2026-04-06T17:22:08-04:00,0001193125-26-144028,1,0,8K,1,1,0,8.01,8-K,0,0,1,0.0,0.0,1.0,5.511220660991967e-05,8.550594793632627e-05,0.9998594522476196,-3.03937413264066e-05,-3.03937413264066e-05,-3.03937413264066e-05,-3.03937413264066e-05,5.511220660991967e-05,8.550594793632627e-05,8-K,0,8-K,0,0,0,0,0,0,0,0,0,0,0,0,0,1
AVGO,2026-04-21,2026-04-21T16:37:02-04:00,0001730168-26-000039,1,0,8K,2,2,0,5.07,8-K,0,0,2,0.0,0.0,1.0,1.7249313373213226e-06,1.7520409812732396e-05,0.9999807476997375,-1.5795478475411073e-05,-1.5795478475411073e-05,-3.099443847531802e-05,-5.965184755041264e-07,2.98235545415082e-06,3.397679392946884e-05,8-K,0,8-K,0,0,0,0,0,0,0,0,0,0,1,0,0,0
AVGO,2026-06-03,2026-06-03T16:21:35-04:00,0001730168-26-000051,1,1,EX99,6,1,5,2.02,8-K|EX-99.1,3,0,2,0.6,0.0,0.4,0.5987843218827038,3.25451884450878e-06,0.4012123892329086,0.5987810673638593,0.9930348946145386,2.516631695925753e-06,0.9999999974016832,1.0,1.040747156366706e-05,EX-99.1,0,EX-99.1,3,0,0,0,0,1,0,0,0,0,0,0,0,0
AVGO,2026-06-11,2026-06-11T09:07:29-04:00,0001193125-26-266777,1,1,EX99,6,1,5,8.01,8-K|EX-99.1,0,0,5,0.0,0.0,1.0,8.764156109464239e-06,1.1139356934108946e-05,0.9999800682067871,-2.3752008246447074e-06,-1.1549445844138972e-07,-4.230493050272344e-05,2.5652567387624003e-05,2.701866651477758e-05,4.7337172873085365e-05,EX-99.1,0,EX-99.1,4,0,0,0,0,0,0,0,0,0,0,0,0,1
AVGO,2026-06-18,2026-06-18T09:00:28-04:00,0001193125-26-275077,1,1,EX99,10,1,9,8.01,8-K|EX-99.1|EX-99.2,0,0,9,0.0,0.0,1.0,5.3226733813158074e-05,4.38551030457364e-05,0.9999029040336609,9.371630767418537e-06,2.3581369532621466e-06,-1.448836519557517e-05,5.205688648857176e-05,0.0003940246533602,0.0003419677668716,EX-99.2,4,EX-99.2,4,0,0,0,0,0,0,0,0,0,0,0,0,1
AVGO,2026-07-06,2026-07-06T08:00:19-04:00,0001193125-26-295589,1,0,8K,1,1,0,8.01,8-K,0,0,1,0.0,0.0,1.0,0.0001084898613044,0.0003177365870214,0.9995737671852112,-0.000209246725717,-0.000209246725717,-0.000209246725717,-0.000209246725717,0.0001084898613044,0.0003177365870214,8-K,0,8-K,0,0,0,0,0,0,0,0,0,0,0,0,0,1
GOOGL,2020-01-10,2020-01-10T13:14:50-05:00,0001193125-20-005271,1,0,8K,1,1,0,5.02,8-K,0,0,1,0.0,0.0,1.0,3.266233306931099e-06,0.0001617222005734,0.9998350143432616,-0.0001584559672664,-0.0001584559672664,-0.0001584559672664,-0.0001584559672664,3.266233306931099e-06,0.0001617222005734,8-K,0,8-K,0,0,0,0,0,0,0,0,1,0,0,0,0,0
GOOGL,2020-02-03,2020-02-03T16:02:04-05:00,0001652044-20-000004,1,1,EX99,5,1,4,2.02,8-K|EX-99.1,2,0,2,0.5,0.0,0.5,0.4946455129719993,5.267294015065538e-06,0.5053492412895819,0.49464024567798426,0.48928475848822467,-8.53045389703766e-06,0.9999999961893846,1.0,1.1316836207697634e-05,EX-99.1,0,EX-99.1,3,0,0,0,0,1,0,0,0,0,0,0,0,0
GOOGL,2020-04-28,2020-04-28T16:01:47-04:00,0001652044-20-000018,1,1,EX99,4,1,3,2.02,8-K|EX-99.1,2,0,1,0.6666666666666666,0.0,0.3333333333333333,0.6335200287230691,6.12787744103116e-06,0.3664738569374701,0.6335139008456281,0.9006552376949912,5.497382517205551e-06,0.9998809674593758,0.999881386756897,1.501177939644549e-05,EX-99.1,0,EX-99.1,2,0,0,0,0,1,0,0,0,0,0,0,0,0
GOOGL,2020-06-05,2020-06-05T16:27:02-04:00,0001652044-20-000027,1,0,8K,4,4,0,5.02,8-K,0,0,4,0.0,0.0,1.0,2.8141061534370237e-06,1.2596963117061932e-06,0.9999959766864777,1.5544098417308305e-06,3.253429667893215e-07,-2.570967581050354e-07,5.8240501914497145e-06,6.133985607448267e-06,1.829128905228572e-06,8-K,0,8-K,3,0,0,0,0,0,0,0,1,0,0,0,0,0
GOOGL,2020-07-30,2020-07-30T18:40:20-04:00,0001652044-20-000031,1,1,EX99,3,1,2,2.02,8-K|EX-99.1,1,0,1,0.5,0.0,0.5,0.4995119369763188,4.034044081890897e-06,0.5004840280744247,0.4995079029322369,0.4995079029322369,-5.797248149974621e-06,0.9990216031126238,0.9990224838256836,7.187375103967497e-06,EX-99.1,0,EX-99.1,1,0,0,0,0,1,0,0,0,0,0,0,0,0
GOOGL,2020-08-05,2020-08-05T17:07:35-04:00,0001193125-20-210772,1,0,8K,2,2,0,8.01,8-K,0,0,2,0.0,0.0,1.0,7.532679092037142e-06,2.656955985003151e-06,0.9999898672103882,4.875723107033991e-06,4.875723107033991e-06,3.0897613214619923e-06,6.66168489260599e-06,8.725400221010204e-06,3.250196641602088e-06,8-K,0,8-K,1,0,0,0,0,0,0,0,0,0,0,0,0,1
GOOGL,2020-09-25,2020-09-25T16:12:03-04:00,0001193125-20-254587,1,1,EX99,47,1,46,8.01,8-K|EX-99.1,0,0,46,0.0,0.0,1.0,0.0005557035313867929,0.003184554466142592,0.996259735978168,-0.00262885093475579,-2.45698174694553e-07,-0.0706736342981457,0.0170363441739027,0.0170495584607124,0.0737830474972724,EX-99.1,39,EX-99.1,15,0,0,0,0,0,0,0,0,0,0,0,0,1
GOOGL,2020-10-20,2020-10-20T17:06:56-04:00,0001193125-20-272940,1,0,8K,1,1,0,8.01,8-K,0,1,0,0.0,1.0,0.0,0.038165982812643,0.9230416417121888,0.0387924239039421,-0.8848756588995457,-0.8848756588995457,-0.8848756588995457,-0.8848756588995457,0.038165982812643,0.9230416417121888,8-K,0,8-K,0,0,0,0,0,0,0,0,0,0,0,0,0,1
GOOGL,2020-10-23,2020-10-23T16:47:03-04:00,0001193125-20-275550,1,1,EX99,4,1,3,8.01,8-K|EX-99.1,0,0,3,0.0,0.0,1.0,1.9034074777361337e-05,3.3074535773873016e-05,0.9999479055404663,-1.4040460996511683e-05,-1.678507396718487e-05,-1.754212280502543e-05,-7.79418621732475e-06,4.614820500137285e-05,6.293327896855772e-05,EX-99.1,0,EX-99.1,0,0,0,0,0,0,0,0,0,0,0,0,0,1
GOOGL,2020-10-26,2020-10-26T17:04:41-04:00,0001652044-20-000038,1,0,8K,1,1,0,5.03,8-K,0,0,1,0.0,0.0,1.0,3.3771579182939604e-05,3.614888555603102e-05,0.9999301433563232,-2.3773063730914146e-06,-2.3773063730914146e-06,-2.3773063730914146e-06,-2.3773063730914146e-06,3.3771579182939604e-05,3.614888555603102e-05,8-K,0,8-K,0,0,0,0,0,0,0,0,0,1,0,0,0,0
GOOGL,2020-10-29,2020-10-29T16:01:25-04:00,0001652044-20-000046,1,1,EX99,3,1,2,2.02,8-K|EX-99.1,1,0,1,0.5,0.0,0.5,0.49999992956790607,6.313752155762131e-06,0.49999375682557456,0.49999361581575036,0.49999361581575036,-1.1687880771660277e-05,0.9999989195122724,0.999998927116394,1.2619900189747568e-05,EX-99.1,0,EX-99.1,1,0,0,0,0,1,0,0,0,0,0,0,0,0
GOOGL,2020-12-21,2020-12-21T17:13:55-05:00,0001193125-20-323272,1,0,8K,1,1,0,8.01,8-K,0,1,0,0.0,1.0,0.0,0.0817382484674453,0.5035139918327332,0.4147477746009826,-0.4217757433652878,-0.4217757433652878,-0.4217757433652878,-0.4217757433652878,0.0817382484674453,0.5035139918327332,8-K,0,8-K,0,0,0,0,0,0,0,0,0,0,0,0,0,1
GOOGL,2021-02-02,2021-02-02T16:01:27-05:00,0001652044-21-000006,1,1,EX99,4,1,3,2.02,8-K|EX-99.1,1,0,2,0.3333333333333333,0.0,0.6666666666666666,0.35746663274312596,3.5307552117558316e-06,0.6425298462387635,0.3574631019879142,0.0723866361504406,3.2880451499295305e-06,0.999999381768152,0.9999994039535522,9.314405360782985e-06,EX-99.1,0,EX-99.1,2,0,0,0,0,1,0,0,0,0,0,0,0,0
GOOGL,2021-03-04,2021-03-04T17:27:17-05:00,0001193125-21-069770,1,0,8K,1,1,0,7.01,8-K,0,0,1,0.0,0.0,1.0,0.0011855440679937,0.0077378735877573,0.9910765886306764,-0.0065523295197635,-0.0065523295197635,-0.0065523295197635,-0.0065523295197635,0.0011855440679937,0.0077378735877573,8-K,0,8-K,0,0,0,0,0,0,0,0,0,0,0,0,1,0
GOOGL,2021-04-09,2021-04-09T16:31:58-04:00,0001193125-21-111624,1,0,8K,2,2,0,5.02,8-K,0,0,2,0.0,0.0,1.0,5.163221658222028e-06,4.3800601190469024e-07,0.9999943971633911,4.725215646317338e-06,4.725215646317338e-06,3.1071520254499774e-06,6.343279267184698e-06,6.873460279166466e-06,5.301810119817674e-07,8-K,1,8-K,1,0,0,0,0,0,0,0,1,0,0,0,0,0
GOOGL,2021-04-27,2021-04-27T16:01:33-04:00,0001652044-21-000018,1,1,EX99,3,1,2,2.02,8-K|EX-99.1,1,0,1,0.5,0.0,0.5,0.5000008805850484,1.1171880851534868e-06,0.49999794785435375,0.4999997633969632,0.4999997633969632,1.2659119647651096e-05,0.9999868676742788,0.9999868869781494,2.215072299804888e-06,EX-99.1,0,EX-99.1,1,0,0,0,0,1,0,0,0,0,0,0,0,0
GOOGL,2021-06-04,2021-06-04T16:34:25-04:00,0001193125-21-182989,1,0,8K,4,4,0,5.02,8-K,0,0,4,0.0,0.0,1.0,4.765960120778345e-06,3.949101280653622e-06,0.9999912679195404,8.168588401247234e-07,1.9917607829711415e-07,-6.599863411338447e-07,3.52906954503851e-06,1.6963811503956094e-05,1.3434741958917584e-05,8-K,3,8-K,3,0,0,0,0,0,0,0,1,0,0,0,0,0
GOOGL,2021-07-08,2021-07-08T17:20:17-04:00,0001193125-21-210942,1,0,8K,1,1,0,8.01,8-K,0,1,0,0.0,1.0,0.0,0.1386977285146713,0.8403545022010803,0.0209477636963129,-0.701656773686409,-0.701656773686409,-0.701656773686409,-0.701656773686409,0.1386977285146713,0.8403545022010803,8-K,0,8-K,0,0,0,0,0,0,0,0,0,0,0,0,0,1
GOOGL,2021-07-27,2021-07-27T16:36:42-04:00,0001652044-21-000041,1,1,EX99,4,1,3,2.02,8-K|EX-99.1,1,0,2,0.3333333333333333,0.0,0.6666666666666666,0.3343583261169745,4.1797962372568544e-05,0.6655998672274563,0.33431652815460194,0.0029132072668289,3.674214440252399e-05,0.9999996350525744,0.9999996423721312,0.0001199306134367,EX-99.1,0,EX-99.1,2,0,0,0,0,1,0,0,0,0,0,0,0,0
GOOGL,2021-10-26,2021-10-26T16:01:30-04:00,0001652044-21-000054,1,1,EX99,4,1,3,2.02,8-K|EX-99.01,1,0,2,0.3333333333333333,0.0,0.6666666666666666,0.3334320833600941,6.348366615801145e-06,0.6665615935920263,0.33342573499347833,0.0002750335679593,2.831022493410273e-05,0.9999738611875416,0.9999738931655884,1.622845775273163e-05,EX-99.01,0,EX-99.01,2,0,0,0,0,1,0,0,0,0,0,0,0,0
GOOGL,2022-01-04,2022-01-04T16:05:20-05:00,0001652044-22-000009,1,0,8K,3,3,0,5.02,8-K,0,0,3,0.0,0.0,1.0,2.763361703728151e-05,1.0486275243692944e-06,0.9999713102976481,2.6584989512912216e-05,8.158089258358814e-06,2.36526071262233e-06,6.92316185677555e-05,7.090465078363195e-05,1.6730322158764466e-06,8-K,2,8-K,2,0,0,0,0,0,0,0,1,0,0,0,0,0
GOOGL,2022-02-01,2022-02-01T16:01:29-05:00,0001652044-22-000015,1,1,EX99,5,2,3,2.02,8-K|EX-99.1,1,0,2,0.3333333333333333,0.0,0.6666666666666666,0.40821016222859424,5.514019078371272e-06,0.5917843639807602,0.4082046482095158,0.2199989739206103,0.0046149744011927,0.9999999963067444,1.0,1.149016316048801e-05,EX-99.1,0,EX-99.1,1,0,0,0,0,1,0,0,0,0,0,0,0,0
GOOGL,2022-04-26,2022-04-26T16:01:32-04:00,0001652044-22-000025,1,1,EX99,3,1,2,2.02,8-K|EX-99.1,1,0,1,0.5,0.0,0.5,0.4999942632440479,7.466436837688661e-07,0.5000049976351875,0.49999351660036423,0.49999351660036423,1.8418023728372648e-06,0.9999851913983556,0.9999852180480956,1.4666376273453352e-06,EX-99.1,0,EX-99.1,1,0,0,0,0,1,0,0,0,0,0,0,0,0
GOOGL,2022-06-03,2022-06-03T16:34:03-04:00,0001193125-22-167375,1,0,8K,6,6,0,5.02,8-K,0,0,6,0.0,0.0,1.0,3.2873957801863676e-06,1.1538727401709063e-06,0.9999955495198568,2.1335230400154614e-06,2.819547830767988e-07,-5.31997216057789e-07,1.2245882828665344e-05,1.2610212252184285e-05,2.2820825051894644e-06,8-K,0,8-K,3,0,0,0,0,0,0,0,1,0,0,0,0,0
GOOGL,2022-07-12,2022-07-12T21:35:36-04:00,0001193125-22-192153,1,0,8K,2,2,0,8.01,8-K,2,0,0,1.0,0.0,0.0,0.9737059772014618,0.0003522335000525024,0.025941797503037347,0.9733537437014094,0.9733537437014094,0.9474151581525804,0.9992923292502384,0.99929940700531,0.0006973892450332,8-K,1,8-K,0,0,0,0,0,0,0,0,0,0,0,0,0,1
GOOGL,2022-07-14,2022-07-14T16:02:06-04:00,0001193125-22-193655,1,1,EX99,5,3,2,5.02,8-K|EX-99.1,1,0,1,0.5,0.0,0.5,0.29001846748906246,7.906342204933026e-06,0.7099736332893372,0.2900105611468575,0.2900105611468575,1.1000969266206084e-05,0.5800101213244488,0.580024778842926,1.465751847717911e-05,EX-99.1,1,EX-99.1,1,0,0,0,0,0,0,0,1,0,0,0,0,0
GOOGL,2022-07-26,2022-07-26T16:02:00-04:00,0001652044-22-000068,1,1,EX99,3,1,2,2.02,8-K|EX-99.1,1,0,1,0.5,0.0,0.5,0.4939302842785764,4.708644468109924e-06,0.506065001245588,0.4939255756341084,0.4939255756341084,8.846382115734741e-07,0.9878502666300052,0.9878508448600768,8.839058864396065e-06,EX-99.1,0,EX-99.1,1,0,0,0,0,1,0,0,0,0,0,0,0,0
GOOGL,2022-10-25,2022-10-25T16:01:23-04:00,0001652044-22-000085,1,1,EX99,4,2,2,2.02,8-K|EX-99.1,1,0,1,0.5,0.0,0.5,0.4760315226982357,1.8884216501646733e-06,0.5239665992558002,0.47602963427658546,0.47602963427658546,1.1011088645318523e-06,0.9520581674443064,0.9520598649978638,2.0792897430510493e-06,EX-99.1,0,EX-99.1,1,0,0,0,0,1,0,0,0,0,0,0,0,0
GOOGL,2022-12-21,2022-12-21T17:08:11-05:00,0001193125-22-310153,1,0,8K,3,3,0,5.02,8-K,0,0,3,0.0,0.0,1.0,1.718434524870342e-05,6.903167199349506e-07,0.9999821186065674,1.6494028528768467e-05,2.7317005049098952e-06,9.229268016497372e-07,4.582745827974577e-05,4.642936619347893e-05,1.1495135368022602e-06,8-K,0,8-K,2,0,0,0,0,0,0,0,1,0,0,0,0,0
GOOGL,2023-01-20,2023-01-20T06:51:39-05:00,0001193125-23-011424,1,0,8K,2,2,0,7.01,8-K,1,0,1,0.5,0.0,0.5,0.3351600262103602,0.0009435927495359999,0.6638963520526886,0.33421643346082425,0.33421643346082425,-0.0003885994665324,0.6688214663881809,0.6693663597106934,0.0013422921765595,8-K,1,8-K,0,0,0,0,0,0,0,0,0,0,0,0,1,0
GOOGL,2023-01-24,2023-01-24T19:50:47-05:00,0001652044-23-000005,1,0,8K,1,1,0,8.01,8-K,0,1,0,0.0,1.0,0.0,0.1351436674594879,0.8322070837020874,0.0326492674648761,-0.6970634162425995,-0.6970634162425995,-0.6970634162425995,-0.6970634162425995,0.1351436674594879,0.8322070837020874,8-K,0,8-K,0,0,0,0,0,0,0,0,0,0,0,0,0,1
GOOGL,2023-02-02,2023-02-02T16:01:29-05:00,0001652044-23-000013,1,1,EX99,5,1,4,2.02,8-K|EX-99.1,1,0,3,0.25,0.0,0.75,0.2500290549530746,1.6233847672575408e-05,0.7499547192644176,0.250012821105402,3.334379221087147e-05,-1.5275606529030483e-05,0.9999998724437154,0.9999998807907104,3.504635242279619e-05,EX-99.1,0,EX-99.1,3,0,0,0,0,1,0,0,0,0,0,0,0,0
GOOGL,2023-04-20,2023-04-20T16:24:04-04:00,0001652044-23-000034,1,1,EX99,5,1,4,2.02,8-K|EX-99.1,0,0,4,0.0,0.0,1.0,5.5118585578363465e-05,7.3964952207461465e-06,0.9999375194311142,4.7722090357638053e-05,6.205662202773965e-06,-3.5886000659957062e-06,0.000182065637091,0.0001872478896984,1.3749885511060713e-05,EX-99.1,1,EX-99.1,2,0,0,0,0,1,0,0,0,0,0,0,0,0
GOOGL,2023-04-21,2023-04-21T17:01:56-04:00,0001193125-23-110657,1,0,8K,2,2,0,5.02,8-K,0,0,2,0.0,0.0,1.0,3.951195367335458e-06,2.3760218681445622e-07,0.9999958276748657,3.713593180521002e-06,3.713593180521002e-06,1.143684258408939e-06,6.283502102633065e-06,6.600369033549214e-06,3.168669309161487e-07,8-K,1,8-K,1,0,0,0,0,0,0,0,1,0,0,0,0,0
GOOGL,2023-04-25,2023-04-25T16:01:48-04:00,0001652044-23-000041,1,1,EX99,5,1,4,2.02,8-K|EX-99.1,1,0,3,0.25,0.0,0.75,0.25005471591657624,1.4745408750016509e-05,0.7499305748876851,0.2500399705078262,8.520607957504746e-05,-5.969439371256158e-06,0.999995439311526,0.9999954700469972,3.967438897234388e-05,EX-99.1,0,EX-99.1,2,0,0,0,0,1,0,0,0,0,0,0,0,0
GOOGL,2023-06-08,2023-06-08T17:00:58-04:00,0001193125-23-163590,1,0,8K,5,5,0,5.02,8-K,0,0,5,0.0,0.0,1.0,2.7193754647214515e-06,9.545715954573098e-07,0.999996280670166,1.7648038692641421e-06,-5.933594593443559e-08,-5.489225998189795e-07,8.534071639587637e-06,1.0927888979495036e-05,2.3938173399074003e-06,8-K,2,8-K,2,0,0,0,0,0,0,0,1,0,0,0,0,0
GOOGL,2023-07-25,2023-07-25T16:01:21-04:00,0001652044-23-000067,1,1,EX99,5,1,4,2.02,8-K|EX-99.1,2,0,2,0.5,0.0,0.5,0.5000071434959636,1.0741634513422582e-05,0.4999821185999167,0.4999964018614502,0.5000072892766294,-2.6691274342738325e-05,0.9999977201668848,0.9999977350234984,3.1477615266339853e-05,EX-99.1,0,EX-99.1,1,0,0,0,0,1,0,0,0,0,0,0,0,0
GOOGL,2023-10-24,2023-10-24T16:01:23-04:00,0001652044-23-000088,1,1,EX99,5,2,3,2.02,8-K|EX-99.1,1,0,2,0.3333333333333333,0.0,0.6666666666666666,0.3333715048335459,2.6443269048215257e-05,0.6666020371393037,0.33334506156449767,6.718069926137105e-05,-2.566031525930157e-05,0.9999936643094908,0.9999936819076538,4.459907358977944e-05,EX-99.1,0,EX-99.1,2,0,0,0,0,1,0,0,0,0,0,0,0,0
GOOGL,2024-01-30,2024-01-30T16:01:26-05:00,0001652044-24-000014,1,1,EX99,4,1,3,2.02,8-K|EX-99.1,1,0,2,0.3333333333333333,0.0,0.6666666666666666,0.3333508846935729,2.2798703403381637e-05,0.6666263521066185,0.3333280859901695,2.236147429357516e-05,-3.7742329368484206e-05,0.9999996388255834,0.9999996423721312,5.82750653848052e-05,EX-99.1,0,EX-99.1,1,0,0,0,0,1,0,0,0,0,0,0,0,0
GOOGL,2024-02-08,2024-02-08T17:24:23-05:00,0001652044-24-000032,1,1,EX99,3,1,2,8.01,8-K|EX-99.01,0,0,2,0.0,0.0,1.0,4.26735709879722e-06,4.973650607098535e-05,0.9999459385871887,-4.546914897218812e-05,-4.546914897218812e-05,-8.74883357937506e-05,-3.449962150625652e-06,7.614367405039957e-06,9.510270319879056e-05,EX-99.01,0,EX-99.01,0,0,0,0,0,0,0,0,0,0,0,0,0,1
GOOGL,2024-04-25,2024-04-25T16:01:35-04:00,0001652044-24-000047,1,1,EX99,4,1,3,2.02,8-K|EX-99.1,1,0,2,0.3333333333333333,0.0,0.6666666666666666,0.33333822310328287,4.2801297559513785e-06,0.6666575177233109,0.333333942973527,1.0525775564929065e-05,-8.57421241562406e-06,0.9999998773574316,0.9999998807907104,1.1470966455817688e-05,EX-99.1,0,EX-99.1,1,0,0,0,0,1,0,0,0,0,0,0,0,0
GOOGL,2024-06-05,2024-06-05T07:56:04-04:00,0001193125-24-154725,1,1,EX99,3,1,2,5.02,8-K|EX-99.1,0,0,2,0.0,0.0,1.0,0.06187706893979335,5.361288970107125e-06,0.9381175637245178,0.06187170765082325,0.06187170765082325,0.0001370940225342,0.1236063212791123,0.1236157491803169,9.427901204617228e-06,EX-99.1,1,EX-99.1,1,0,0,0,0,0,0,0,1,0,0,0,0,0
GOOGL,2024-06-07,2024-06-07T17:00:57-04:00,0001193125-24-157498,1,0,8K,2,2,0,5.02,8-K,0,0,2,0.0,0.0,1.0,4.205380378152768e-06,5.842544851475395e-06,0.9999899864196777,-1.6371644733226276e-06,-1.6371644733226276e-06,-8.952309372034506e-06,5.677980425389251e-06,7.060058578645112e-06,1.030301154969493e-05,8-K,0,8-K,1,0,0,0,0,0,0,0,1,0,0,0,0,0
GOOGL,2024-06-13,2024-06-13T16:16:04-04:00,0001193125-24-160721,1,0,8K,4,4,0,5.07,8-K,0,0,4,0.0,0.0,1.0,4.971331222236586e-07,1.2011488195184938e-06,0.9999983310699463,-7.040156972948353e-07,-8.159276347896595e-07,-1.5408216427204025e-06,3.566141231203801e-07,8.186640911844734e-07,2.359485733904876e-06,8-K,3,8-K,3,0,0,0,0,0,0,0,0,0,1,0,0,0
GOOGL,2024-06-26,2024-06-26T10:55:04-04:00,0001193125-24-168745,1,1,EX99,3,1,2,8.01,8-K|EX-99.1,0,0,2,0.0,0.0,1.0,3.2516231840418186e-06,6.7463217874319525e-06,0.9999899864196778,-3.494698603390134e-06,-3.494698603390134e-06,-5.795440301881172e-06,-1.193956904899096e-06,4.621197149390355e-06,7.677489520574454e-06,EX-99.1,0,EX-99.1,1,0,0,0,0,0,0,0,0,0,0,0,0,1
GOOGL,2024-07-23,2024-07-23T16:01:54-04:00,0001652044-24-000076,1,1,EX99,4,1,3,2.02,8-K|EX-99.1,1,0,2,0.3333333333333333,0.0,0.6666666666666666,0.33347909791549074,7.1434412334999324e-06,0.6665137502973076,0.33347195447425726,0.0004182440816293,-2.2561971491086297e-06,0.9999998755382916,0.9999998807907104,1.3847654372511896e-05,EX-99.1,0,EX-99.1,2,0,0,0,0,1,0,0,0,0,0,0,0,0
GOOGL,2024-08-05,2024-08-05T20:08:50-04:00,0001652044-24-000085,1,0,8K,1,1,0,8.01,8-K,0,0,1,0.0,0.0,1.0,0.1947669386863708,0.1632693707942962,0.6419637203216553,0.0314975678920745,0.0314975678920745,0.0314975678920745,0.0314975678920745,0.1947669386863708,0.1632693707942962,8-K,0,8-K,0,0,0,0,0,0,0,0,0,0,0,0,0,1
GOOGL,2024-09-24,2024-09-24T08:31:01-04:00,0001652044-24-000097,1,1,EX99,3,1,2,8.01,8-K|EX-99.1,0,0,2,0.0,0.0,1.0,3.499448951060913e-06,1.1445282780186972e-05,0.9999850988388062,-7.945833829126059e-06,-7.945833829126059e-06,-1.3099681723360844e-05,-2.7919859348912723e-06,5.647804755426478e-06,1.4450774870056192e-05,EX-99.1,0,EX-99.1,1,0,0,0,0,0,0,0,0,0,0,0,0,1
GOOGL,2024-10-17,2024-10-17T14:20:32-04:00,0001193125-24-238769,1,0,8K,1,1,0,5.02,8-K,0,0,1,0.0,0.0,1.0,2.1258616470731795e-05,0.0001077278211596,0.999871015548706,-8.64692046889104e-05,-8.64692046889104e-05,-8.64692046889104e-05,-8.64692046889104e-05,2.1258616470731795e-05,0.0001077278211596,8-K,0,8-K,0,0,0,0,0,0,0,0,1,0,0,0,0,0
GOOGL,2024-10-29,2024-10-29T16:01:46-04:00,0001652044-24-000115,1,1,EX99,4,1,3,2.02,8-K|EX-99.1,1,0,2,0.3333333333333333,0.0,0.6666666666666666,0.3333698516097077,2.8448668365488317e-06,0.6666272946936024,0.3333670067428711,0.0001017755253087,-7.525482033088338e-07,0.999999997251508,1.0,6.976692475291202e-06,EX-99.1,0,EX-99.1,1,0,0,0,0,1,0,0,0,0,0,0,0,0
GOOGL,2025-02-04,2025-02-04T16:01:27-05:00,0001652044-25-000010,1,1,EX99,4,1,3,2.02,8-K|EX-99.1,1,0,2,0.3333333333333333,0.0,0.6666666666666666,0.3333409450705555,2.8215649661156306e-06,0.6666562227899728,0.3333381235055894,1.632364819670329e-05,-1.951290414581308e-06,0.999999998158986,1.0,5.599632459052373e-06,EX-99.1,0,EX-99.1,1,0,0,0,0,1,0,0,0,0,0,0,0,0
GOOGL,2025-03-18,2025-03-18T08:43:32-04:00,0001652044-25-000027,1,1,EX99,7,2,5,7.01,8-K|EX-99.1|EX-99.2,4,0,1,0.8,0.0,0.2,0.797926421432112,3.183295182651591e-06,0.20207038985336107,0.7979232381369293,0.9998840157421752,2.6712699536801665e-06,0.99999949028658,0.9999995231628418,1.3867475900042336e-05,EX-99.1,0,EX-99.1,3,0,0,0,0,0,0,0,0,0,0,0,1,0
GOOGL,2025-04-17,2025-04-17T17:49:33-04:00,0001652044-25-000033,1,0,8K,1,1,0,8.01,8-K,0,1,0,0.0,1.0,0.0,0.1921248286962509,0.5469423532485962,0.2609328031539917,-0.3548175245523453,-0.3548175245523453,-0.3548175245523453,-0.3548175245523453,0.1921248286962509,0.5469423532485962,8-K,0,8-K,0,0,0,0,0,0,0,0,0,0,0,0,0,1
GOOGL,2025-04-24,2025-04-24T16:01:26-04:00,0001652044-25-000040,1,1,EX99,4,1,3,2.02,8-K|EX-99.1,1,0,2,0.3333333333333333,0.0,0.6666666666666666,0.34135491656373534,7.46539400564572e-06,0.6586376523128065,0.3413474511697297,0.0240473298222241,-4.970025656803045e-06,0.9999999937126218,1.0,1.5842497305129655e-05,EX-99.1,0,EX-99.1,1,0,0,0,0,1,0,0,0,0,0,0,0,0
GOOGL,2025-05-01,2025-05-01T16:28:02-04:00,0001193125-25-110020,1,0,8K,2,2,0,8.01,8-K,0,0,2,0.0,0.0,1.0,1.1897971489815973e-05,7.500891967993083e-06,0.9999805688858032,4.397079521822889e-06,4.397079521822889e-06,2.634925408528943e-06,6.159233635116834e-06,1.9787059500231408e-05,1.3627825865114572e-05,8-K,1,8-K,1,0,0,0,0,0,0,0,0,0,0,0,0,1
GOOGL,2025-05-06,2025-05-06T16:50:04-04:00,0001193125-25-113864,1,0,8K,2,2,0,8.01,8-K,0,0,2,0.0,0.0,1.0,7.1157726324599935e-06,2.8433703391783642e-06,0.9999899864196777,4.27240229328163e-06,4.27240229328163e-06,1.7660763660387602e-06,6.778728220524499e-06,1.1394667126296554e-05,4.615938905772055e-06,8-K,1,8-K,1,0,0,0,0,0,0,0,0,0,0,0,0,1
GOOGL,2025-06-12,2025-06-12T16:23:59-04:00,0001193125-25-139948,1,0,8K,4,4,0,5.07,8-K,0,0,4,0.0,0.0,1.0,5.342279152387164e-07,1.0139753570115317e-06,0.9999984502792358,-4.797474417728154e-07,-6.947826989289752e-07,-8.694223936345225e-07,3.399980244012113e-07,8.349142035513069e-07,1.5960981727403125e-06,8-K,2,8-K,2,0,0,0,0,0,0,0,0,0,1,0,0,0
GOOGL,2025-07-18,2025-07-18T16:16:46-04:00,0001193125-25-161225,1,1,EX99,3,1,2,8.01,8-K|EX-99.1,0,0,2,0.0,0.0,1.0,2.2030611944501288e-05,3.336709960422013e-05,0.999944567680359,-1.133648765971884e-05,-1.133648765971884e-05,-2.2502752472064454e-05,-1.702228473732248e-07,2.395501905994024e-05,4.64577715320047e-05,EX-99.1,1,EX-99.1,1,0,0,0,0,0,0,0,0,0,0,0,0,1
GOOGL,2025-07-23,2025-07-23T16:01:33-04:00,0001652044-25-000056,1,1,EX99,4,1,3,2.02,8-K|EX-99.1,1,0,2,0.3333333333333333,0.0,0.6666666666666666,0.33334004301044234,5.584180674385782e-06,0.6666543916852227,0.333334458829768,5.191395757719874e-06,-1.812478330975864e-06,0.9999999975718772,1.0,1.1948784958804026e-05,EX-99.1,0,EX-99.1,1,0,0,0,0,1,0,0,0,0,0,0,0,0
GOOGL,2025-09-03,2025-09-03T16:30:34-04:00,0001652044-25-000067,1,0,8K,1,1,0,8.01,8-K,0,0,1,0.0,0.0,1.0,0.0070082521997392,0.0581707842648029,0.9348210096359252,-0.0511625320650637,-0.0511625320650637,-0.0511625320650637,-0.0511625320650637,0.0070082521997392,0.0581707842648029,8-K,0,8-K,0,0,0,0,0,0,0,0,0,0,0,0,0,1
GOOGL,2025-09-05,2025-09-05T16:53:32-04:00,0001652044-25-000074,1,0,8K,1,1,0,8.01,8-K,0,1,0,0.0,1.0,0.0,0.1928872019052505,0.6887907981872559,0.1183219626545906,-0.4959035962820053,-0.4959035962820053,-0.4959035962820053,-0.4959035962820053,0.1928872019052505,0.6887907981872559,8-K,0,8-K,0,0,0,0,0,0,0,0,0,0,0,0,0,1
GOOGL,2025-10-29,2025-10-29T16:01:48-04:00,0001652044-25-000087,1,1,EX99,5,1,4,2.02,8-K|EX-99.1,2,0,2,0.5,0.0,0.5,0.4995998572128997,5.650163144565889e-05,0.5003436426536627,0.499543355581454,0.49909532727795636,-1.7229188188139233e-05,0.9999999969580916,1.0,0.0002070867922157,EX-99.1,0,EX-99.1,3,0,0,0,0,1,0,0,0,0,0,0,0,0
GOOGL,2025-11-06,2025-11-06T16:47:26-05:00,0001193125-25-269979,1,0,8K,3,3,0,8.01,8-K,0,0,3,0.0,0.0,1.0,5.1968047121893806e-06,1.824448096006866e-06,0.9999930461247762,3.372356616182515e-06,4.498480166148511e-07,2.719512508519984e-07,9.395270581080696e-06,1.291161242988892e-05,3.5163418488082243e-06,8-K,0,8-K,0,0,0,0,0,0,0,0,0,0,0,0,0,1
GOOGL,2026-02-04,2026-02-04T16:01:37-05:00,0001652044-26-000012,1,1,EX99,4,1,3,2.02,8-K|EX-99.1,1,0,2,0.3333333333333333,0.0,0.6666666666666666,0.35861738995875686,1.5486207923428215e-06,0.6413810949573614,0.3586158413379645,0.0758480883073389,-5.594814638243406e-07,0.9999999951880184,1.0,2.9497909963538405e-06,EX-99.1,0,EX-99.1,1,0,0,0,0,1,0,0,0,0,0,0,0,0
GOOGL,2026-02-13,2026-02-13T16:16:46-05:00,0001193125-26-051423,1,0,8K,3,3,0,8.01,8-K,0,0,3,0.0,0.0,1.0,1.5869839899096405e-05,2.1527681155930622e-05,0.9999626080195109,-5.657841256834217e-06,1.381621245855058e-06,-2.1738789655501023e-05,3.383644639143313e-06,3.953129271394573e-05,6.127008236944675e-05,8-K,1,8-K,1,0,0,0,0,0,0,0,0,0,0,0,0,1
GOOGL,2026-03-06,2026-03-06T17:21:44-05:00,0001652044-26-000026,1,0,8K,4,4,0,5.02,8-K,0,0,4,0.0,0.0,1.0,4.2710530578897355e-05,4.218945271361463e-06,0.9999530613422394,3.8491585307531136e-05,1.2096779670400792e-05,2.0907502005229617e-06,0.0001276820316888,0.0001326234196312,1.1436159184086137e-05,8-K,2,8-K,3,0,0,0,0,0,0,0,1,0,0,0,0,0
GOOGL,2026-04-02,2026-04-02T16:18:28-04:00,0001652044-26-000031,1,0,8K,1,1,0,5.02,8-K,0,0,1,0.0,0.0,1.0,5.062419950263575e-05,0.0187166444957256,0.9812326431274414,-0.0186660202962229,-0.0186660202962229,-0.0186660202962229,-0.0186660202962229,5.062419950263575e-05,0.0187166444957256,8-K,0,8-K,0,0,0,0,0,0,0,0,1,0,0,0,0,0
GOOGL,2026-04-10,2026-04-10T16:16:53-04:00,0001652044-26-000034,1,0,8K,3,3,0,5.02,8-K,0,0,3,0.0,0.0,1.0,1.737193178996677e-05,2.98406405837189e-06,0.9999796549479166,1.4387867731594875e-05,3.0566568796075444e-06,1.6307629522316347e-06,3.847618336294545e-05,4.698105476563797e-05,8.504871402692515e-06,8-K,2,8-K,2,0,0,0,0,0,0,0,1,0,0,0,0,0
GOOGL,2026-04-29,2026-04-29T16:01:35-04:00,0001652044-26-000043,1,1,EX99,4,1,3,2.02,8-K|EX-99.1,1,0,2,0.3333333333333333,0.0,0.6666666666666666,0.43916313604616636,3.688232005657118e-06,0.5608332050684535,0.4391594478141607,0.3173994413273249,7.890558890721877e-05,0.99999999652625,1.0,8.79255367181031e-06,EX-99.1,0,EX-99.1,1,0,0,0,0,1,0,0,0,0,0,0,0,0
GOOGL,2026-05-11,2026-05-11T16:45:29-04:00,0001193125-26-216986,1,0,8K,2,2,0,8.01,8-K,0,0,2,0.0,0.0,1.0,4.00764292862732e-06,1.8944888324767817e-06,0.9999940991401672,2.113154096150538e-06,2.113154096150538e-06,1.7306947484030388e-06,2.495613443898037e-06,5.1030460781476e-06,2.6074326342495624e-06,8-K,1,8-K,1,0,0,0,0,0,0,0,0,0,0,0,0,1
GOOGL,2026-05-21,2026-05-21T16:25:10-04:00,0001193125-26-234488,1,0,8K,2,2,0,8.01,8-K,0,0,2,0.0,0.0,1.0,1.6069357116066385e-06,1.018140210362617e-06,0.9999974370002747,5.887955012440216e-07,5.887955012440216e-07,5.651468200085219e-07,6.124441824795213e-07,1.6084783283076831e-06,1.040246274897072e-06,8-K,0,8-K,1,0,0,0,0,0,0,0,0,0,0,0,0,1
GOOGL,2026-06-04,2026-06-04T17:07:39-04:00,0001193125-26-257724,1,1,EX99,19,4,15,1.01,8-K|EX-99.1|EX-99.2,1,0,14,0.06666666666666667,0.0,0.9333333333333333,0.06669886993598577,1.3414269179120216e-05,0.9332877090198707,0.06668545566680664,2.6969203190674307e-06,-8.808347638478153e-05,0.999999755282702,0.9999997615814208,9.527594374958426e-05,EX-99.1,1,EX-99.1,5,1,0,0,0,0,0,0,0,0,0,0,0,0
GOOGL,2026-06-05,2026-06-05T16:52:38-04:00,0001193125-26-259830,1,0,8K,9,9,0,1.01,8-K,0,0,9,0.0,0.0,1.0,0.00018357333282083328,0.0003189452260414728,0.9994974732398987,-0.00013537189322063953,2.878262904459916e-06,-0.0021898610357311,0.000940907630138,0.0015156711451709,0.002290160395205,8-K,8,8-K,6,1,0,0,0,0,0,0,0,0,0,0,0,0
GOOGL,2026-06-05,2026-06-05T16:40:20-04:00,0001652044-26-000059,1,0,8K,1,1,0,5.02,8-K,0,0,1,0.0,0.0,1.0,4.611221811501309e-06,9.016025614982935e-07,0.9999943971633912,3.709619250003016e-06,3.709619250003016e-06,3.709619250003016e-06,3.709619250003016e-06,4.611221811501309e-06,9.016025614982935e-07,8-K,0,8-K,0,0,0,0,0,0,0,0,1,0,0,0,0,0
GOOGL,2026-06-11,2026-06-11T16:17:04-04:00,0001193125-26-267578,1,0,8K,4,4,0,5.02,8-K,0,0,4,0.0,0.0,1.0,1.561837265739996e-06,1.3066376602921537e-06,0.9999971687793732,2.5519960544784226e-07,1.5271637465730237e-07,-1.2606797099579126e-06,1.976045382434677e-06,3.833994469459867e-06,2.084826746795443e-06,8-K,2,8-K,3,0,0,0,0,0,0,0,1,0,0,0,0,0
GOOGL,2026-07-22,2026-07-22T16:01:36-04:00,0001652044-26-000066,1,1,EX99,5,1,4,2.02,8-K|EX-99.1,1,0,3,0.25,0.0,0.75,0.25102733237713437,6.245469224452904e-06,0.7489664047910392,0.2510210869079099,0.00204125072377785,1.8494200730856392e-06,0.9999999967640107,1.0,1.9001186956302263e-05,EX-99.1,0,EX-99.1,3,0,0,0,0,1,0,0,0,0,0,0,0,0
GOOGL,2026-08-10,2026-08-10T16:10:48-04:00,0001193125-26-342390,1,0,8K,2,2,0,8.01,8-K,0,0,2,0.0,0.0,1.0,2.229722042557114e-06,9.983457402995555e-07,0.999996840953827,1.2313763022575586e-06,1.2313763022575586e-06,3.533598373905989e-07,2.1093927671245183e-06,3.3490516671008663e-06,1.239658899976348e-06,8-K,1,8-K,1,0,0,0,0,0,0,0,0,0,0,0,0,1
INTC,2020-01-21,2020-01-21T16:02:09-05:00,0001193125-20-011010,1,1,EX99,5,3,2,5.02,8-K|EX-99.1,0,0,2,0.0,0.0,1.0,6.422174260475305e-05,6.221817216101044e-06,0.9999295473098755,5.79999253886749e-05,5.79999253886749e-05,1.8775806438497968e-06,0.0001141222701335,0.0001238766126334,9.754342499945778e-06,EX-99.1,0,EX-99.1,0,0,0,0,0,0,0,0,1,0,0,0,0,0
INTC,2020-01-22,2020-01-22T17:01:42-05:00,0001193125-20-012078,1,0,8K,2,2,0,5.02,8-K,0,0,2,0.0,0.0,1.0,0.013038415334904126,1.0053176310975687e-05,0.9869515001773834,0.013028362158593128,0.013028362158593128,-3.3339938454446383e-06,0.0260600583110317,0.0260656289756298,1.453568802389782e-05,8-K,0,8-K,1,0,0,0,0,0,0,0,1,0,0,0,0,0
INTC,2020-01-23,2020-01-23T16:07:34-05:00,0000050863-20-000007,1,1,EX99,6,1,5,2.02,8-K|EX-99.1,4,0,1,0.8,0.0,0.2,0.7998964248698031,1.0766984531951352e-06,0.20010251358465592,0.7998953481713498,0.9999414094982342,3.6921846913173805e-07,0.9999999977234532,1.0,4.011028067907319e-06,EX-99.1,3,EX-99.1,4,0,0,0,0,1,0,0,0,0,0,0,0,0
INTC,2020-02-13,2020-02-13T17:06:42-05:00,0001193125-20-035758,1,0,8K,3,3,0,8.01,8-K,0,0,3,0.0,0.0,1.0,1.1491951833401496e-05,4.78757563845041e-06,0.9999836683273315,6.704376194951085e-06,4.585919441524311e-06,3.678321263578255e-06,1.1848887879750691e-05,2.073090217891149e-05,8.882014299160801e-06,8-K,2,8-K,2,0,0,0,0,0,0,0,0,0,0,0,0,1
INTC,2020-03-24,2020-03-24T08:00:45-04:00,0001193125-20-083209,1,0,8K,3,3,0,8.01,8-K,0,2,1,0.0,0.6666666666666666,0.3333333333333333,0.002061422139983398,0.6266429996661221,0.37129556861085194,-0.6245815775261386,-0.8749938569962978,-0.9979046491735062,-0.0008462264086119,0.0054818429052829,0.9979294538497924,8-K,0,8-K,1,0,0,0,0,0,0,0,0,0,0,0,0,1
INTC,2020-03-25,2020-03-25T16:44:41-04:00,0001193125-20-085163,1,0,8K,3,3,0,8.01,8-K,0,0,3,0.0,0.0,1.0,1.1196085779374698e-05,4.411383088154253e-06,0.9999844233194987,6.7847026912204456e-06,2.789848622342106e-06,1.7392862901033368e-06,1.5824973161215894e-05,2.0523286366369572e-05,5.701653208234347e-06,8-K,0,8-K,2,0,0,0,0,0,0,0,0,0,0,0,0,1
INTC,2020-04-23,2020-04-23T16:07:24-04:00,0000050863-20-000016,1,1,EX99,5,1,4,2.02,8-K|EX-99.1,3,0,1,0.75,0.0,0.25,0.7481653760679592,0.0018000805788681395,0.2500345309835761,0.746365295489091,0.9963270121145413,-0.0071928392057998,0.9999999969330812,1.0,0.0071969800628721,EX-99.1,0,EX-99.1,3,0,0,0,0,1,0,0,0,0,0,0,0,0
INTC,2020-05-20,2020-05-20T16:01:11-04:00,0001193125-20-147273,1,0,8K,3,3,0,5.07,8-K,0,0,3,0.0,0.0,1.0,2.0717669476274145e-06,5.118327180753113e-06,0.9999928077061971,-3.0465602331256982e-06,-1.8446304466124277e-06,-6.56766906104167e-06,-7.273811917229978e-07,4.231858383718645e-06,1.0799527444760317e-05,8-K,2,8-K,2,0,0,0,0,0,0,0,0,0,1,0,0,0
INTC,2020-06-17,2020-06-17T16:01:03-04:00,0001193125-20-171288,1,1,EX99,4,2,2,5.02,8-K|EX-99.1,2,0,0,1.0,0.0,0.0,0.8040008842945099,4.783661825058516e-05,0.19595125131309024,0.8039530476762593,0.8039530476762593,0.6270016812886752,0.9809044140638434,0.98099547624588,9.106218203669414e-05,EX-99.1,1,EX-99.1,1,0,0,0,0,0,0,0,1,0,0,0,0,0
INTC,2020-07-23,2020-07-23T16:07:41-04:00,0000050863-20-000025,1,1,EX99,5,1,4,2.02,8-K|EX-99.1,3,0,1,0.75,0.0,0.25,0.7499996751379854,1.3529082854013552e-07,0.2500001886772232,0.7499995398471568,0.9999980959852162,1.9703589373420982e-06,0.9999999970592576,1.0,4.256809802427597e-07,EX-99.1,0,EX-99.1,3,0,0,0,0,1,0,0,0,0,0,0,0,0
INTC,2020-07-27,2020-07-27T17:12:02-04:00,0001193125-20-199804,1,1,EX99,3,1,2,5.02,8-K|EX-99.1,1,0,1,0.5,0.0,0.5,0.5069209132343531,5.210214112594258e-06,0.49307392537593847,0.5069157030202404,0.5069157030202404,0.0216161612315772,0.9922152448089036,0.9922175407409668,8.124496162054129e-06,EX-99.1,1,EX-99.1,0,0,0,0,0,0,0,0,1,0,0,0,0,0
INTC,2020-08-14,2020-08-14T16:03:14-04:00,0001193125-20-220333,1,0,8K,1,1,0,5.02,8-K,0,0,1,0.0,0.0,1.0,1.4043214832781814e-05,3.364807344041765e-05,0.9999523162841796,-1.9604858607635837e-05,-1.9604858607635837e-05,-1.9604858607635837e-05,-1.9604858607635837e-05,1.4043214832781814e-05,3.364807344041765e-05,8-K,0,8-K,0,0,0,0,0,0,0,0,1,0,0,0,0,0
INTC,2020-08-19,2020-08-19T17:11:55-04:00,0001193125-20-224772,1,1,EX99,4,3,1,8.01,8-K|EX-99.1,1,0,0,1.0,0.0,0.0,0.9973581433296204,1.3601112414107774e-06,0.0026405013632029,0.997356783218379,0.997356783218379,0.997356783218379,0.997356783218379,0.9973581433296204,1.3601112414107774e-06,EX-99.1,0,EX-99.1,0,0,0,0,0,0,0,0,0,0,0,0,0,1
INTC,2020-10-20,2020-10-20T09:14:32-04:00,0001193125-20-272580,1,1,EX99,9,6,3,1.01,8-K|EX-99.1,2,0,1,0.6666666666666666,0.0,0.3333333333333333,0.6608534697024879,1.5119796810125763e-06,0.3391450306520625,0.6608519577228069,0.9825392533244894,1.663097100390587e-05,0.9999999888729274,1.0,2.9918701329734176e-06,EX-99.1,1,EX-99.1,2,1,0,0,0,0,0,0,0,0,0,0,0,0
INTC,2020-10-22,2020-10-22T16:07:11-04:00,0000050863-20-000042,1,1,EX99,6,1,5,2.02,8-K|EX-99.1,2,0,3,0.4,0.0,0.6,0.49296443911484855,0.08957513327068192,0.4174604532235634,0.40338930584416666,0.4627741015463016,-0.4458218233194202,0.9999999895444508,1.0,0.4478684365749359,EX-99.1,0,EX-99.1,1,0,0,0,0,1,0,0,0,0,0,0,0,0
INTC,2021-01-14,2021-01-14T17:10:00-05:00,0001193125-21-009142,1,1,EX99,9,6,3,2.02,8-K|EX-99.1,2,0,1,0.6666666666666666,0.0,0.3333333333333333,0.6709298050651947,1.9982999634275225e-06,0.3290681763670828,0.6709278067652313,0.9996807588440006,0.0131028034879818,0.9999998579637116,0.9999998807907104,5.854185019416036e-06,EX-99.1,1,EX-99.1,2,0,0,0,0,1,0,0,0,0,0,0,0,0
INTC,2021-01-21,2021-01-21T16:04:38-05:00,0000050863-21-000009,1,1,EX99,6,1,5,2.02,8-K|EX-99.1,3,1,1,0.6,0.2,0.2,0.5430434767104998,0.17879343505104248,0.27816311048816794,0.3642500416594573,0.7119653038826073,-0.8907145061530173,0.9999999967573872,1.0,0.8938312530517578,EX-99.1,0,EX-99.1,1,0,0,0,0,1,0,0,0,0,0,0,0,0
INTC,2021-01-22,2021-01-22T16:54:03-05:00,0001193125-21-014847,1,0,8K,1,1,0,5.02,8-K,0,0,1,0.0,0.0,1.0,6.805641987739364e-06,5.241090548224747e-05,0.9999407529830932,-4.560526349450811e-05,-4.560526349450811e-05,-4.560526349450811e-05,-4.560526349450811e-05,6.805641987739364e-06,5.241090548224747e-05,8-K,0,8-K,0,0,0,0,0,0,0,0,1,0,0,0,0,0
INTC,2021-02-18,2021-02-18T16:48:01-05:00,0001193125-21-047794,1,0,8K,2,2,0,5.02,8-K,0,0,2,0.0,0.0,1.0,8.545104265067494e-06,3.595452767513052e-06,0.9999879002571106,4.9496514975544414e-06,4.9496514975544414e-06,4.482762960833497e-06,5.4165400342753856e-06,9.167496500595009e-06,4.68473353976151e-06,8-K,1,8-K,1,0,0,0,0,0,0,0,1,0,0,0,0,0
INTC,2021-03-16,2021-03-16T16:05:46-04:00,0001193125-21-082782,1,0,8K,1,1,0,5.02,8-K,0,0,1,0.0,0.0,1.0,5.374899956223089e-06,1.2576259905472398e-05,0.9999821186065674,-7.2013599492493086e-06,-7.2013599492493086e-06,-7.2013599492493086e-06,-7.2013599492493086e-06,5.374899956223089e-06,1.2576259905472398e-05,8-K,0,8-K,0,0,0,0,0,0,0,0,1,0,0,0,0,0
INTC,2021-03-23,2021-03-23T17:20:56-04:00,0001193125-21-091374,1,1,EX99,8,2,6,7.01,8-K|EX-99.1|EX-99.2,4,0,2,0.6666666666666666,0.0,0.3333333333333333,0.6634210818175083,0.0008284096875690316,0.3357505240075156,0.6625926721299392,0.9877468399065776,-0.0049651420445115,0.9999998697690416,0.9999998807907104,0.0049676108174026,EX-99.1,1,EX-99.2,1,0,0,0,0,0,0,0,0,0,0,0,1,0
INTC,2021-04-22,2021-04-22T16:05:36-04:00,0000050863-21-000017,1,1,EX99,5,1,4,2.02,8-K|EX-99.1,3,0,1,0.75,0.0,0.25,0.7393018146944996,0.007372442198880978,0.253325755966209,0.7319293724956186,0.9638559023404358,5.812824156237184e-06,0.9999998724774466,0.9999998807907104,0.0294875018298625,EX-99.1,0,EX-99.1,1,0,0,0,0,1,0,0,0,0,0,0,0,0
INTC,2021-05-19,2021-05-19T16:02:08-04:00,0001193125-21-166587,1,0,8K,3,3,0,5.07,8-K,0,0,3,0.0,0.0,1.0,2.1569530351447006e-06,5.800657807715955e-06,0.9999920527140299,-3.643704772571255e-06,-7.714032079775279e-07,-9.594599760021085e-06,-5.651113497151528e-07,4.32033630204387e-06,1.1618748430919368e-05,8-K,2,8-K,0,0,0,0,0,0,0,0,0,0,1,0,0,0
INTC,2021-06-22,2021-06-22T16:38:12-04:00,0001193125-21-196285,1,1,EX99,4,1,3,5.02,8-K|EX-99.1,1,0,2,0.3333333333333333,0.0,0.6666666666666666,0.3440507134358388,3.1476341272688537e-06,0.6559461454744451,0.34404756580171164,0.0325745778263808,1.1502236702654043e-05,0.9995566173420514,0.9995569586753844,7.977139830472879e-06,EX-99.1,2,EX-99.1,0,0,0,0,0,0,0,0,1,0,0,0,0,0
INTC,2021-07-13,2021-07-13T17:02:03-04:00,0001193125-21-214206,1,0,8K,1,1,0,5.02,8-K,0,0,1,0.0,0.0,1.0,1.6853478882694617e-05,1.2695832992903888e-05,0.9999704360961914,4.157645889790729e-06,4.157645889790729e-06,4.157645889790729e-06,4.157645889790729e-06,1.6853478882694617e-05,1.2695832992903888e-05,8-K,0,8-K,0,0,0,0,0,0,0,0,1,0,0,0,0,0
INTC,2021-07-19,2021-07-19T16:15:47-04:00,0001193125-21-218615,1,1,EX99,4,2,2,5.02,8-K|EX-99.1,1,0,1,0.5,0.0,0.5,0.4451433009471657,2.274248743106e-06,0.5548544563353062,0.4451410266984226,0.4451410266984226,5.833455327319825e-05,0.890223718843572,0.8902265429496765,2.824106104526436e-06,EX-99.1,1,EX-99.1,1,0,0,0,0,0,0,0,1,0,0,0,0,0
INTC,2021-07-22,2021-07-22T16:05:35-04:00,0000050863-21-000029,1,1,EX99,5,1,4,2.02,8-K|EX-99.1,3,0,1,0.75,0.0,0.25,0.7399351474580271,1.61058127667868e-06,0.26006323028640255,0.7399335368767505,0.9798665031292231,1.1462843758636154e-06,0.9999999949641798,1.0,4.050023562740535e-06,EX-99.1,0,EX-99.1,3,0,0,0,0,1,0,0,0,0,0,0,0,0
INTC,2021-07-26,2021-07-26T17:10:08-04:00,0001193125-21-224438,1,1,EX99,8,3,5,7.01,8-K|EX-99.1,3,0,2,0.6,0.0,0.4,0.6404607205558477,1.8947186106288428e-06,0.3595374372850074,0.6404588258372371,0.9999911400388052,-1.0698067853809334e-07,0.999999020504184,0.9999990463256836,6.600380402232986e-06,EX-99.1,2,EX-99.1,3,0,0,0,0,0,0,0,0,0,0,0,1,0
INTC,2021-08-12,2021-08-12T16:59:17-04:00,0001193125-21-244840,1,0,8K,3,3,0,8.01,8-K,0,0,3,0.0,0.0,1.0,1.60632077192228e-05,8.387867789375983e-06,0.9999755620956421,7.675339929846814e-06,8.888710908649955e-06,3.3986707421718165e-06,1.073863813871867e-05,2.2111369617050517e-05,1.322265870840056e-05,8-K,2,8-K,2,0,0,0,0,0,0,0,0,0,0,0,0,1
INTC,2021-10-06,2021-10-06T17:16:41-04:00,0001193125-21-293329,1,0,8K,1,1,0,5.02,8-K,0,0,1,0.0,0.0,1.0,1.3807233472107328e-06,4.587236617226154e-06,0.9999940395355223,-3.206513270015421e-06,-3.206513270015421e-06,-3.206513270015421e-06,-3.206513270015421e-06,1.3807233472107328e-06,4.587236617226154e-06,8-K,0,8-K,0,0,0,0,0,0,0,0,1,0,0,0,0,0
INTC,2021-10-21,2021-10-21T16:09:46-04:00,0000050863-21-000037,1,1,EX99,7,2,5,2.02,8-K|EX-99.1,2,0,3,0.4,0.0,0.6,0.4014114919251369,0.0009337018708579859,0.5976548029486424,0.40047779005427897,0.0020214655942254,5.287541625875747e-06,0.9999997486341448,0.9999997615814208,0.0046633910387754,EX-99.1,0,EX-99.1,1,0,0,0,0,1,0,0,0,0,0,0,0,0
INTC,2021-12-07,2021-12-07T17:10:02-05:00,0001193125-21-350395,1,1,EX99,4,1,3,7.01,8-K|EX-99.1,3,0,0,1.0,0.0,0.0,0.9989376862843832,2.795530571475524e-07,0.0010620459566341115,0.998937406731326,0.9995313483526048,0.997280883075348,0.9999999887660254,1.0,5.490764465321263e-07,EX-99.1,1,EX-99.1,0,0,0,0,0,0,0,0,0,0,0,0,1,0
INTC,2021-12-29,2021-12-29T21:40:55-05:00,0001193125-21-369552,1,1,EX99,4,2,2,7.01,8-K|EX-99.1,0,0,2,0.0,0.0,1.0,0.0009292200556956021,2.7734865739148518e-05,0.9990430176258088,0.0009014851899564465,0.0009014851899564465,7.304292125809297e-05,0.0017299274586548,0.0017832992598414,5.33718011865858e-05,EX-99.1,1,EX-99.1,1,0,0,0,0,0,0,0,0,0,0,0,1,0
INTC,2022-01-10,2022-01-10T16:22:03-05:00,0001193125-22-005658,1,1,EX99,6,3,3,5.02,8-K|EX-99.1|EX-99.2,2,0,1,0.6666666666666666,0.0,0.3333333333333333,0.6122758407921841,4.833531932035839e-06,0.38771926937624807,0.6122710072602521,0.8392638367276959,0.0029966418942422,0.994552543158818,0.9945534467697144,7.70868246036116e-06,EX-99.2,0,EX-99.2,1,0,0,0,0,0,0,0,1,0,0,0,0,0
INTC,2022-01-26,2022-01-26T16:08:32-05:00,0000050863-22-000006,1,1,EX99,6,1,5,2.02,8-K|EX-99.1,3,1,1,0.6,0.2,0.2,0.5196479324789834,0.20960414015416395,0.27074792494044003,0.3100437923248195,0.5478245727717876,-0.9976415292221644,0.9999998767972048,0.9999998807907104,0.9977003931999208,EX-99.1,0,EX-99.1,1,0,0,0,0,1,0,0,0,0,0,0,0,0
INTC,2022-02-09,2022-02-09T16:10:57-05:00,0001193125-22-032684,1,0,8K,1,1,0,5.02,8-K,0,0,1,0.0,0.0,1.0,3.820312940661097e-06,6.439454591600224e-05,0.999931812286377,-6.057423297534115e-05,-6.057423297534115e-05,-6.057423297534115e-05,-6.057423297534115e-05,3.820312940661097e-06,6.439454591600224e-05,8-K,0,8-K,0,0,0,0,0,0,0,0,1,0,0,0,0,0
INTC,2022-02-15,2022-02-15T10:24:04-05:00,0001193125-22-043022,1,1,EX99,10,6,4,7.01,8-K|EX-99.1,3,0,1,0.75,0.0,0.25,0.7446885856458039,1.4714029221707392e-06,0.25530991573077694,0.7446871142428817,0.989381714683482,-9.753994163475e-07,0.9999860030039792,0.9999860525131226,5.446728664537659e-06,EX-99.1,0,EX-99.1,3,0,0,0,0,0,0,0,0,0,0,0,1,0
INTC,2022-02-18,2022-02-18T06:08:36-05:00,0001193125-22-045883,1,1,EX99,11,2,9,7.01,8-K|EX-99.1|EX-99.2|EX-99.3|EX-99.4|EX-99.5,4,0,5,0.4444444444444444,0.0,0.5555555555555556,0.44364100457945216,1.6449748521329965e-05,0.5563425480080708,0.44362455483093083,0.0013170942802389,0.0002955745902681,0.9999999963890772,1.0,3.88832158932928e-05,EX-99.1,1,EX-99.2,0,0,0,0,0,0,0,0,0,0,0,0,1,0
INTC,2022-04-28,2022-04-28T16:09:32-04:00,0000050863-22-000019,1,1,EX99,26,2,24,2.02,8-K|EX-99.1|EX-99.2,18,1,5,0.75,0.041666666666666664,0.20833333333333334,0.7487347643088356,0.04088518235208193,0.21038005632347345,0.7078495819567537,0.9997965004504294,-0.8547547832131386,0.9999999937210956,1.0,0.9148624539375304,EX-99.1,0,EX-99.2,11,0,0,0,0,1,0,0,0,0,0,0,0,0
INTC,2022-05-16,2022-05-16T16:17:39-04:00,0001193125-22-151752,1,0,8K,4,4,0,5.02,8-K,0,0,4,0.0,0.0,1.0,7.77058811962661e-06,7.635412998752145e-06,0.9999845921993256,1.3517512087446448e-07,-6.389891069602527e-07,-1.5137663808673096e-05,1.695634250609146e-05,1.937331762746908e-05,1.593888555362355e-05,8-K,0,8-K,1,0,0,0,0,0,0,0,1,0,0,0,0,0
INTC,2022-06-22,2022-06-22T16:00:57-04:00,0001193125-22-178756,1,0,8K,2,2,0,5.02,8-K,0,0,2,0.0,0.0,1.0,0.00012620640546854618,0.00024398208802267466,0.9996298253536224,-0.0001177756825540785,-0.0001177756825540785,-0.0002347209665458,-8.303985623570043e-07,0.0002515812811907,0.0004863022477366,8-K,1,8-K,1,0,0,0,0,0,0,0,1,0,0,0,0,0
INTC,2022-07-28,2022-07-28T16:06:34-04:00,0000050863-22-000029,1,1,EX99,5,1,4,2.02,8-K|EX-99.1,3,0,1,0.75,0.0,0.25,0.7489538952650037,0.05084149047137652,0.20020461141621834,0.6981124047936271,0.9975992247154863,-0.2027486950391903,0.9999998647827262,0.9999998807907104,0.2031319588422775,EX-99.1,3,EX-99.1,1,0,0,0,0,1,0,0,0,0,0,0,0,0
INTC,2022-08-05,2022-08-05T16:54:34-04:00,0001193125-22-213699,1,0,8K,3,3,0,8.01,8-K,0,0,3,0.0,0.0,1.0,1.6030945516831707e-05,7.241212339674045e-06,0.9999767541885376,8.789733177157663e-06,4.3551835915423e-06,4.108516804990359e-06,1.7905499134940328e-05,2.403908183623571e-05,8.260646609414835e-06,8-K,0,8-K,2,0,0,0,0,0,0,0,0,0,0,0,0,1
INTC,2022-08-11,2022-08-11T16:11:07-04:00,0001193125-22-218541,1,1,EX99,5,3,2,5.02,8-K|EX-99.1,0,0,2,0.0,0.0,1.0,9.721758033265072e-05,4.905211085315386e-06,0.999897837638855,9.231236924733764e-05,9.231236924733764e-05,8.175034486157529e-05,0.0001028743936331,0.0001116685962188,8.794202585704625e-06,EX-99.1,1,EX-99.1,1,0,0,0,0,0,0,0,1,0,0,0,0,0
INTC,2022-08-23,2022-08-23T08:20:03-04:00,0001193125-22-226986,1,1,EX99,11,6,5,1.01,8-K|EX-99.1|EX-99.2,2,0,3,0.4,0.0,0.6,0.3988962766656186,0.0685015107229244,0.5326022363084177,0.3303947659426941,0.0011534635956422,-0.3416188597038854,0.9999997548396652,0.9999997615814208,0.3418019711971283,EX-99.1,1,EX-99.2,1,1,0,0,0,0,0,0,0,0,0,0,0,0
INTC,2022-10-27,2022-10-27T16:02:53-04:00,0000050863-22-000037,1,1,EX99,6,1,5,2.02,8-K|EX-99.1,3,0,2,0.6,0.0,0.4,0.5577570699513672,0.002920461362702979,0.4393224771567475,0.5548366085886641,0.8919050870495084,-0.0140593240575981,0.999976705418419,0.9999772310256958,0.014174616895616,EX-99.1,0,EX-99.1,1,0,0,0,0,1,0,0,0,0,0,0,0,0
INTC,2022-11-22,2022-11-22T06:06:02-05:00,0001193125-22-290385,1,1,EX99,8,6,2,5.02,8-K|EX-99.1,1,0,1,0.5,0.0,0.5,0.4838017791043967,3.152797830807686e-06,0.5161951091140508,0.48379862630656584,0.48379862630656584,0.0010859186054403,0.9665113340076914,0.9665130972862244,4.54231712865294e-06,EX-99.1,0,EX-99.1,1,0,0,0,0,0,0,0,1,0,0,0,0,0
INTC,2022-11-22,2022-11-22T16:16:06-05:00,0001193125-22-291100,1,0,8K,2,2,0,2.01,8-K,0,0,2,0.0,0.0,1.0,1.0467843367223395e-05,1.1709129267956088e-05,0.9999778270721436,-1.2412859007326915e-06,-1.2412859007326915e-06,-9.689699254522566e-06,7.207127453057183e-06,1.322757907473715e-05,2.291727832925972e-05,8-K,1,8-K,1,0,0,0,1,0,0,0,0,0,0,0,0,0
INTC,2023-01-26,2023-01-26T16:06:30-05:00,0000050863-23-000005,1,1,EX99,7,1,6,2.02,8-K|EX-99.1,3,2,1,0.5,0.3333333333333333,0.16666666666666666,0.499866779966851,0.33167012790583134,0.16846312442796338,0.16819665206101972,0.4676378366507379,-0.9905409790662816,0.9999994860531948,0.9999995231628418,0.9907637238502502,EX-99.1,4,EX-99.1,2,0,0,0,0,1,0,0,0,0,0,0,0,0
INTC,2023-02-10,2023-02-10T16:16:41-05:00,0001193125-23-032608,1,0,8K,3,3,0,8.01,8-K,0,0,3,0.0,0.0,1.0,9.494997357251123e-06,4.20101749417275e-06,0.9999863306681315,5.2939798630783725e-06,3.266969997639535e-06,2.637006218719762e-06,9.97796337287582e-06,1.2298685760470107e-05,6.133851456979755e-06,8-K,0,8-K,2,0,0,0,0,0,0,0,0,0,0,0,0,1
INTC,2023-04-27,2023-04-27T16:09:04-04:00,0000050863-23-000027,1,1,EX99,6,1,5,2.02,8-K|EX-99.1,2,1,2,0.4,0.2,0.4,0.3858946336541521,0.181254631389109,0.43285073811339314,0.2046400022650431,0.0031451957765966,-0.9054478809266584,0.9999978783254022,0.9999979734420776,0.9056217074394226,EX-99.1,0,EX-99.1,1,0,0,0,0,1,0,0,0,0,0,0,0,0
INTC,2023-05-16,2023-05-16T18:37:03-04:00,0000050863-23-000057,1,0,8K,3,3,0,5.02,8-K,0,0,3,0.0,0.0,1.0,6.372114990919424e-06,1.2732406275972608e-06,0.999992291132609,5.098874363322163e-06,4.316196168474562e-06,-1.2058234659662048e-06,1.218625038745813e-05,1.3346431842364836e-05,1.396686457155738e-06,8-K,0,8-K,1,0,0,0,0,0,0,0,1,0,0,0,0,0
INTC,2023-07-27,2023-07-27T16:07:40-04:00,0000050863-23-000068,1,1,EX99,6,1,5,2.02,8-K|EX-99.1,3,0,2,0.6,0.0,0.4,0.5997076174826361,0.09603925751879208,0.30425312707849983,0.5036683599638441,0.996740057772513,-0.4794755310867913,0.9999999935517128,1.0,0.4799880683422088,EX-99.1,0,EX-99.1,1,0,0,0,0,1,0,0,0,0,0,0,0,0
INTC,2023-08-16,2023-08-16T06:01:11-04:00,0000050863-23-000078,1,1,EX99,3,1,2,7.01,8-K|EX-99.1,1,0,1,0.5,0.0,0.5,0.47479396098060533,0.0019245554358349114,0.5232814475893974,0.4728694055447705,0.4728694055447705,-0.0029483559774234,0.9486871670669644,0.9487676620483398,0.0037686158902943,EX-99.1,1,EX-99.1,0,0,0,0,0,0,0,0,0,0,0,0,1,0
INTC,2023-10-05,2023-10-05T17:14:01-04:00,0000050863-23-000092,1,1,EX99,6,3,3,5.02,8-K|EX-99.1,2,0,1,0.6666666666666666,0.0,0.3333333333333333,0.6672769919581091,5.0600061947866e-07,0.3327225140881372,0.6672764859574896,0.9999994851666436,0.001830103324778,0.999999869381047,0.9999998807907104,1.4685959968119278e-06,EX-99.1,2,EX-99.1,0,0,0,0,0,0,0,0,1,0,0,0,0,0
INTC,2023-10-26,2023-10-26T16:09:55-04:00,0000050863-23-000100,1,1,EX99,7,1,6,2.02,8-K|EX-99.1,4,0,2,0.6666666666666666,0.0,0.3333333333333333,0.6379367899538314,0.010593310216455988,0.3514699113994233,0.6273434797373754,0.913262025819968,-0.0321881533363921,0.9999999903005684,1.0,0.0321950986981391,EX-99.1,0,EX-99.1,5,0,0,0,0,1,0,0,0,0,0,0,0,0
INTC,2023-10-30,2023-10-30T16:57:55-04:00,0000050863-23-000109,1,0,8K,2,2,0,7.01,8-K,0,0,2,0.0,0.0,1.0,1.0928594520009938e-05,4.502658953242644e-06,0.999984622001648,6.4259355667672935e-06,6.4259355667672935e-06,-3.622929853008827e-06,1.6474800986543414e-05,1.7197857232531533e-05,8.28226166049717e-06,8-K,0,8-K,1,0,0,0,0,0,0,0,0,0,0,0,1,0
INTC,2023-12-05,2023-12-05T16:16:35-05:00,0000050863-23-000128,1,0,8K,2,2,0,5.03,8-K,0,0,2,0.0,0.0,1.0,1.662330760154873e-05,2.7568185942072887e-05,0.9999558329582214,-1.0944878340524156e-05,-1.0944878340524156e-05,-3.099330933764577e-05,9.103552656597458e-06,1.7444341210648417e-05,4.8437650548294187e-05,8-K,1,8-K,1,0,0,0,0,0,0,0,0,1,0,0,0,0
INTC,2024-01-03,2024-01-03T17:09:55-05:00,0000050863-24-000003,1,0,8K,1,1,0,5.02,8-K,0,0,1,0.0,0.0,1.0,2.9381631065916736e-06,0.000121698663861,0.99987530708313,-0.0001187605007544,-0.0001187605007544,-0.0001187605007544,-0.0001187605007544,2.9381631065916736e-06,0.000121698663861,8-K,0,8-K,0,0,0,0,0,0,0,0,1,0,0,0,0,0
INTC,2024-01-25,2024-01-25T16:07:43-05:00,0000050863-24-000008,1,1,EX99,7,1,6,2.02,8-K|EX-99.1,3,1,2,0.5,0.16666666666666666,0.3333333333333333,0.4832657780092025,0.13458988335413982,0.3821443121542673,0.3486758946550627,0.4464670204006324,-0.8008828266756609,0.9999999958812592,1.0,0.8011913299560547,EX-99.1,0,EX-99.1,2,0,0,0,0,1,0,0,0,0,0,0,0,0
INTC,2024-02-16,2024-02-16T17:07:50-05:00,0000050863-24-000033,1,0,8K,1,1,0,5.02,8-K,0,0,1,0.0,0.0,1.0,5.651702849718276e-06,9.909159416565672e-06,0.9999845027923584,-4.257456566847395e-06,-4.257456566847395e-06,-4.257456566847395e-06,-4.257456566847395e-06,5.651702849718276e-06,9.909159416565672e-06,8-K,0,8-K,0,0,0,0,0,0,0,0,1,0,0,0,0,0
INTC,2024-02-21,2024-02-21T16:06:20-05:00,0001193125-24-041435,1,0,8K,3,3,0,8.01,8-K,0,0,3,0.0,0.0,1.0,1.814384025540979e-05,9.047743484795015e-06,0.9999727805455526,9.096096770614773e-06,4.847212039749138e-06,-1.0721787475631572e-06,2.351325701965834e-05,3.053359250770882e-05,1.1403983080526814e-05,8-K,0,8-K,2,0,0,0,0,0,0,0,0,0,0,0,0,1
INTC,2024-03-13,2024-03-13T16:36:02-04:00,0000050863-24-000036,1,1,EX99,5,3,2,5.02,8-K|EX-99,0,0,2,0.0,0.0,1.0,0.00098218519997315,9.879531148726528e-07,0.9990167915821075,0.00098119724685825,0.00098119724685825,0.0002101391692121,0.0017522553245044,0.0017531783087179,1.052922016242519e-06,EX-99,1,EX-99,0,0,0,0,0,0,0,0,1,0,0,0,0,0
INTC,2024-04-02,2024-04-02T16:01:22-04:00,0000050863-24-000068,1,1,EX99,3,2,1,7.01,8-K|EX-99.1,0,0,1,0.0,0.0,1.0,0.0663291066884994,0.0795513987541198,0.8541194796562195,-0.0132222920656204,-0.0132222920656204,-0.0132222920656204,-0.0132222920656204,0.0663291066884994,0.0795513987541198,EX-99.1,0,EX-99.1,0,0,0,0,0,0,0,0,0,0,0,0,1,0
INTC,2024-04-25,2024-04-25T16:09:45-04:00,0000050863-24-000074,1,1,EX99,9,2,7,2.02,8-K|EX-99.1|EX-99.2,2,0,5,0.2857142857142857,0.0,0.7142857142857143,0.28643985973982516,0.0005142616891844617,0.7130458679725314,0.2859255980506407,0.0003918768052244,-0.0033349243958582,0.999999997873471,1.0,0.0033399108797311,EX-99.1,0,EX-99.2,1,0,0,0,0,1,0,0,0,0,0,0,0,0
INTC,2024-05-08,2024-05-08T07:49:38-04:00,0000050863-24-000086,1,0,8K,3,3,0,7.01,8-K,1,1,1,0.3333333333333333,0.3333333333333333,0.3333333333333333,0.3331014764892946,0.3196665782621342,0.34723197498048347,0.01343489822716034,-0.0015302856627386,-0.9568844890018228,0.9987194693460424,0.9987227320671082,0.9571258425712584,8-K,0,8-K,1,0,0,0,0,0,0,0,0,0,0,0,1,0
INTC,2024-05-09,2024-05-09T17:13:47-04:00,0000050863-24-000093,1,0,8K,3,3,0,5.07,8-K,0,0,3,0.0,0.0,1.0,1.834983891058073e-06,2.039071811547425e-06,0.9999961853027344,-2.0408792048935234e-07,-6.891850716783665e-07,-1.659363874750852e-06,1.7362851849611616e-06,3.614974275478744e-06,2.291442342539085e-06,8-K,2,8-K,0,0,0,0,0,0,0,0,0,0,1,0,0,0
INTC,2024-06-04,2024-06-04T16:07:51-04:00,0000050863-24-000103,1,1,EX99,10,6,4,1.01,8-K|EX-99.1,3,0,1,0.75,0.0,0.25,0.7775480803102255,1.6345198190492738e-06,0.22245028960787744,0.7775464457904064,0.9953775510612672,0.119534891864987,0.9998957891741044,0.9998961687088012,4.748978881252697e-06,EX-99.1,1,EX-99.1,2,1,0,0,0,0,0,0,0,0,0,0,0,0
INTC,2024-06-14,2024-06-14T17:17:08-04:00,0000050863-24-000110,1,0,8K,1,1,0,1.01,8-K,0,0,1,0.0,0.0,1.0,9.42284896154888e-06,8.610909389972221e-07,0.9999897480010986,8.561758022551658e-06,8.561758022551658e-06,8.561758022551658e-06,8.561758022551658e-06,9.42284896154888e-06,8.610909389972221e-07,8-K,0,8-K,0,1,0,0,0,0,0,0,0,0,0,0,0,0
INTC,2024-08-01,2024-08-01T16:08:44-04:00,0000050863-24-000122,1,1,EX99,8,1,7,2.02,8-K|EX-99.1,3,0,4,0.42857142857142855,0.0,0.5714285714285714,0.512038845232902,0.0006202282907382886,0.48734090822508186,0.5114186169421637,0.4766958419786533,-0.0025226291181752,0.9999994400158698,0.9999996423721312,0.0025557377375662,EX-99.1,2,EX-99.1,4,0,0,0,0,1,0,0,0,0,0,0,0,0
INTC,2024-08-22,2024-08-22T16:24:22-04:00,0000050863-24-000134,1,0,8K,1,1,0,5.02,8-K,0,0,1,0.0,0.0,1.0,0.0555965490639209,0.0012043794849887,0.943199098110199,0.0543921695789322,0.0543921695789322,0.0543921695789322,0.0543921695789322,0.0555965490639209,0.0012043794849887,8-K,0,8-K,0,0,0,0,0,0,0,0,1,0,0,0,0,0
INTC,2024-10-31,2024-10-31T16:07:17-04:00,0000050863-24-000147,1,1,EX99,9,3,6,2.02,8-K|EX-99.1,2,0,4,0.3333333333333333,0.0,0.6666666666666666,0.3335429820291817,0.006363318754882066,0.6600936906579152,0.32717966327429965,-0.0009916723060996,-0.0334517420269548,0.9999999937026248,1.0,0.0345832034945488,EX-99.1,0,EX-99.1,1,0,0,0,0,1,0,0,0,0,0,0,0,0
INTC,2024-11-27,2024-11-27T17:00:19-05:00,0000050863-24-000169,1,1,EX99,7,3,4,1.01,8-K|EX-99.1,3,0,1,0.75,0.0,0.25,0.7523707654327154,1.6955549488884003e-06,0.24762752720562273,0.7523690698777664,0.9946392602552265,0.0202173561065137,0.9999804028940992,0.9999804496765136,4.853287464356981e-06,EX-99.1,2,EX-99.1,0,1,0,0,0,0,0,0,0,0,0,0,0,0
INTC,2024-12-02,2024-12-02T19:28:44-05:00,0000050863-24-000173,1,1,EX99,6,3,3,5.02,8-K|EX-99.1,1,0,2,0.3333333333333333,0.0,0.6666666666666666,0.3331669565189562,4.662321771320421e-06,0.6668283632801225,0.33316229419718485,3.758464890779578e-05,1.4472060684056489e-05,0.9994348258819628,0.999439299106598,6.886673418193823e-06,EX-99.1,1,EX-99.1,0,0,0,0,0,0,0,0,1,0,0,0,0,0
INTC,2024-12-05,2024-12-05T08:30:58-05:00,0000050863-24-000180,1,1,EX99,6,4,2,5.02,8-K|EX-99.1,2,0,0,1.0,0.0,0.0,0.750023603439331,7.258318817093823e-06,0.2499691183620598,0.750016345120514,0.750016345120514,0.5008321296836584,0.9992005605573696,0.9992015957832336,1.348141177004436e-05,EX-99.1,1,EX-99.1,0,0,0,0,0,0,0,0,1,0,0,0,0,0
INTC,2025-01-30,2025-01-30T16:13:45-05:00,0000050863-25-000004,1,1,EX99,7,1,6,2.02,8-K|EX-99.1,2,1,3,0.3333333333333333,0.16666666666666666,0.5,0.3334173671764802,0.20051195134316835,0.46607072390574683,0.13290541583331184,-0.0023202248412416762,-0.9996838108072552,0.9999997309465448,0.9999997615814208,0.9997007846832277,EX-99.1,0,EX-99.1,1,0,0,0,0,1,0,0,0,0,0,0,0,0
INTC,2025-02-28,2025-02-28T17:22:51-05:00,0000050863-25-000024,1,0,8K,1,1,0,5.02,8-K,0,0,1,0.0,0.0,1.0,7.318195275729522e-05,5.643245003739139e-06,0.9999212026596068,6.753870775355608e-05,6.753870775355608e-05,6.753870775355608e-05,6.753870775355608e-05,7.318195275729522e-05,5.643245003739139e-06,8-K,0,8-K,0,0,0,0,0,0,0,0,1,0,0,0,0,0
INTC,2025-03-14,2025-03-14T17:00:12-04:00,0000050863-25-000036,1,1,EX99,9,6,3,5.02,8-K|EX-99.1,3,0,0,1.0,0.0,0.0,0.9864686330159506,5.616572086826939e-06,0.01352574335836223,0.9864630164438637,0.9998991312084228,0.9594946812630952,0.9999952368600732,0.9999953508377076,1.636037814023439e-05,EX-99.1,0,EX-99.1,2,0,0,0,0,0,0,0,1,0,0,0,0,0
INTC,2025-03-27,2025-03-27T20:10:42-04:00,0000050863-25-000060,1,0,8K,1,1,0,2.01,8-K,0,0,1,0.0,0.0,1.0,5.749447609559866e-06,2.3971836071723374e-06,0.9999918937683104,3.3522640023875283e-06,3.3522640023875283e-06,3.3522640023875283e-06,3.3522640023875283e-06,5.749447609559866e-06,2.3971836071723374e-06,8-K,0,8-K,0,0,0,0,1,0,0,0,0,0,0,0,0,0
INTC,2025-04-14,2025-04-14T08:36:38-04:00,0001193125-25-079727,1,1,EX99,6,3,3,8.01,8-K|EX-99.1,2,0,1,0.6666666666666666,0.0,0.3333333333333333,0.6666665908289057,5.304904359348939e-06,0.3333281599067088,0.6666612859245463,0.9999962584570774,-1.1888190329045756e-05,0.9999994875068908,0.9999995231628418,1.5833002180443145e-05,EX-99.1,1,EX-99.1,2,0,0,0,0,0,0,0,0,0,0,0,0,1
INTC,2025-04-17,2025-04-17T16:18:36-04:00,0000050863-25-000063,1,0,8K,13,13,0,1.01,8-K,0,0,13,0.0,0.0,1.0,0.00033033285274959746,0.039717983973002455,0.9599516712702237,-0.03938765112025285,3.2391500894846104e-06,-0.4447597538528498,1.19705218821764e-05,0.001727283350192,0.4452166259288788,8-K,5,8-K,11,1,0,0,0,0,0,0,0,0,0,0,0,0
INTC,2025-04-24,2025-04-24T16:05:05-04:00,0000050863-25-000070,1,1,EX99,6,1,5,2.02,8-K|EX-99.1,3,1,1,0.6,0.2,0.2,0.5460501328314422,0.17253221565707474,0.28141763635001094,0.3735179171743674,0.7975102029968184,-0.8610986086423509,0.9999993854893994,0.9999994039535522,0.8612209558486938,EX-99.1,0,EX-99.1,2,0,0,0,0,1,0,0,0,0,0,0,0,0
INTC,2025-04-30,2025-04-30T08:34:24-04:00,0000050863-25-000079,1,0,8K,1,1,0,5.02,8-K,0,0,1,0.0,0.0,1.0,0.0001184443681268,0.0005822530365549,0.9992992877960204,-0.0004638086684281,-0.0004638086684281,-0.0004638086684281,-0.0004638086684281,0.0001184443681268,0.0005822530365549,8-K,0,8-K,0,0,0,0,0,0,0,0,1,0,0,0,0,0
INTC,2025-05-09,2025-05-09T16:04:30-04:00,0000050863-25-000084,1,0,8K,3,3,0,5.07,8-K,0,0,3,0.0,0.0,1.0,5.94542110832208e-06,2.712790774239693e-06,0.9999913374582926,3.232630334082387e-06,-2.451847649354022e-07,-1.2218097964478147e-06,1.1164885563630378e-05,1.618796341062989e-05,5.023077846999513e-06,8-K,2,8-K,2,0,0,0,0,0,0,0,0,0,1,0,0,0
INTC,2025-07-24,2025-07-24T16:04:12-04:00,0000050863-25-000107,1,1,EX99,7,2,5,2.02,8-K|EX-99.1,3,0,2,0.6,0.0,0.4,0.5999043072457425,0.026198337869447898,0.3738974155942209,0.5737059693762946,0.9994598912571746,-0.1301900705402658,0.9999999937239687,1.0,0.1302353888750076,EX-99.1,0,EX-99.1,2,0,0,0,0,1,0,0,0,0,0,0,0,0
INTC,2025-08-14,2025-08-14T16:14:18-04:00,0000050863-25-000123,1,0,8K,3,3,0,1.01,8-K,0,0,3,0.0,0.0,1.0,0.0003332575367190783,0.13269912614418897,0.8669676383336385,-0.13236586860746985,-0.0004854928702116,-0.3966212008381262,9.087885928238393e-06,0.0007547106361016,0.3973759114742279,8-K,1,8-K,1,1,0,0,0,0,0,0,0,0,0,0,0,0
INTC,2025-08-21,2025-08-21T16:15:58-04:00,0000050863-25-000126,1,1,EX99,3,1,2,3.02,8-K|EX-99.1,1,0,1,0.5,0.0,0.5,0.563238613307476,3.2846826343302382e-06,0.43675809922569897,0.5632353286248417,0.5632353286248417,0.1269426252133598,0.9995280320363236,0.9995284080505372,6.193351055117091e-06,EX-99.1,1,EX-99.1,0,0,0,0,0,0,0,1,0,0,0,0,0,0
INTC,2025-08-25,2025-08-25T06:06:44-04:00,0000050863-25-000129,1,1,EX99,12,8,4,1.01,8-K|EX-99.1,3,0,1,0.75,0.0,0.25,0.7539951442740858,4.210368818036159e-06,0.24600065950704672,0.7539909339052677,0.9931382215457631,0.0296887735248674,0.9999985190046772,0.9999985694885254,1.4580938113795128e-05,EX-99.1,2,EX-99.1,0,1,0,0,0,0,0,0,0,0,0,0,0,0
INTC,2025-08-29,2025-08-29T16:22:15-04:00,0000050863-25-000135,1,0,8K,2,2,0,1.01,8-K,0,0,2,0.0,0.0,1.0,9.029348893818026e-05,0.000548834579888033,0.9993609488010406,-0.0004585410909498527,-0.0004585410909498527,-0.0009243595559382,7.277374038494599e-06,0.0001716080441838,0.001095967600122,8-K,0,8-K,0,1,0,0,0,0,0,0,0,0,0,0,0,0
INTC,2025-09-05,2025-09-05T16:26:47-04:00,0000050863-25-000147,1,0,8K,2,2,0,8.01,8-K,0,0,2,0.0,0.0,1.0,3.601766729843803e-05,6.64636049804797e-05,0.9998974800109863,-3.04459376820887e-05,-3.04459376820887e-05,-9.356151713291184e-05,3.266964176873444e-05,3.773238859139383e-05,0.0001278644631383,8-K,0,8-K,1,0,0,0,0,0,0,0,0,0,0,0,0,1
INTC,2025-09-08,2025-09-08T17:01:00-04:00,0000050863-25-000149,1,0,8K,1,1,0,5.02,8-K,0,0,1,0.0,0.0,1.0,6.336974911391735e-05,0.0003304397396277,0.999606192111969,-0.0002670699905138,-0.0002670699905138,-0.0002670699905138,-0.0002670699905138,6.336974911391735e-05,0.0003304397396277,8-K,0,8-K,0,0,0,0,0,0,0,0,1,0,0,0,0,0
INTC,2025-09-15,2025-09-15T06:02:04-04:00,0000050863-25-000153,1,0,8K,6,6,0,2.01,8-K,0,1,5,0.0,0.16666666666666666,0.8333333333333334,0.0010586209348464853,0.1578421785293855,0.8410992280890545,-0.15678355759453907,-0.00016779652626296783,-0.945975967712002,0.0054644133633701,0.0054952129721641,0.946155309677124,8-K,2,8-K,3,0,0,0,1,0,0,0,0,0,0,0,0,0
INTC,2025-09-18,2025-09-18T16:06:16-04:00,0000050863-25-000155,1,1,EX99,3,1,2,3.02,8-K|EX-99.1,1,0,1,0.5,0.0,0.5,0.46454766765236855,4.3360832933103666e-06,0.5354479625821112,0.46454333156907524,0.46454333156907524,0.0977094220297658,0.8313772411083846,0.8313790559768677,6.85729810356861e-06,EX-99.1,1,EX-99.1,0,0,0,0,0,0,0,1,0,0,0,0,0,0
INTC,2025-09-29,2025-09-29T16:09:16-04:00,0000050863-25-000159,1,0,8K,1,1,0,3.02,8-K,0,0,1,0.0,0.0,1.0,6.242285053303931e-06,2.3833617888158187e-06,0.9999914169311525,3.858923264488112e-06,3.858923264488112e-06,3.858923264488112e-06,3.858923264488112e-06,6.242285053303931e-06,2.3833617888158187e-06,8-K,0,8-K,0,0,0,0,0,0,0,1,0,0,0,0,0,0
INTC,2025-10-23,2025-10-23T16:10:22-04:00,0000050863-25-000169,1,1,EX99,5,1,4,2.02,8-K|EX-99.1,1,0,3,0.25,0.0,0.75,0.2505339172971617,0.00010199913339751758,0.7493640546841749,0.25043191816376414,0.0010140163087157576,-0.0003003567398991,0.9999999967775242,1.0,0.0004033611621707,EX-99.1,0,EX-99.1,1,0,0,0,0,1,0,0,0,0,0,0,0,0
INTC,2025-11-12,2025-11-12T16:08:30-05:00,0000050863-25-000194,1,1,EX99,5,3,2,5.02,8-K|EX-99.1,0,0,2,0.0,0.0,1.0,0.06678996235132209,0.00020097486242319008,0.9330090880393982,0.0665889874888989,0.0665889874888989,0.0505639123036871,0.0826140626741107,0.0830129161477088,0.0003988534735981,EX-99.1,1,EX-99.1,1,0,0,0,0,0,0,0,1,0,0,0,0,0
INTC,2025-12-29,2025-12-29T06:17:04-05:00,0000050863-25-000204,1,0,8K,1,1,0,3.02,8-K,0,0,1,0.0,0.0,1.0,6.295721050264547e-06,2.348584530409425e-06,0.9999912977218628,3.947136519855121e-06,3.947136519855121e-06,3.947136519855121e-06,3.947136519855121e-06,6.295721050264547e-06,2.348584530409425e-06,8-K,0,8-K,0,0,0,0,0,0,0,1,0,0,0,0,0,0
INTC,2026-01-22,2026-01-22T16:10:56-05:00,0000050863-26-000009,1,1,EX99,6,1,5,2.02,8-K|EX-99.1,2,1,2,0.4,0.2,0.4,0.4002155787054562,0.1755080687242085,0.4242763684332657,0.22470750998124772,-2.8781255650756062e-05,-0.8762851700885221,0.9999993506079292,0.9999994039535522,0.8773384094238281,EX-99.1,0,EX-99.1,1,0,0,0,0,1,0,0,0,0,0,0,0,0
INTC,2026-01-23,2026-01-23T17:13:24-05:00,0000050863-26-000031,1,0,8K,2,2,0,8.01,8-K,0,0,2,0.0,0.0,1.0,3.715063314757572e-05,2.3857508608671196e-05,0.99993896484375,1.3293124538904522e-05,1.3293124538904522e-05,4.570702003547922e-07,2.612917887745425e-05,7.15796704753302e-05,4.545049159787595e-05,8-K,0,8-K,0,0,0,0,0,0,0,0,0,0,0,0,0,1
INTC,2026-03-03,2026-03-03T16:06:00-05:00,0000050863-26-000044,1,1,EX99,4,1,3,8.01,8-K|EX-99.1,2,0,1,0.6666666666666666,0.0,0.3333333333333333,0.6804827228188515,4.971463196548157e-05,0.31946752001628437,0.680433008186886,0.9999276490449064,0.0414333094668109,0.9999380660489408,0.9999382495880128,0.0001484926033299,EX-99.1,1,EX-99.1,2,0,0,0,0,0,0,0,0,0,0,0,0,1
INTC,2026-04-03,2026-04-03T12:50:37-04:00,0000050863-26-000069,1,0,8K,1,1,0,5.02,8-K,0,0,1,0.0,0.0,1.0,9.488801879342644e-05,0.0001087559430743,0.999796450138092,-1.386792428093031e-05,-1.386792428093031e-05,-1.386792428093031e-05,-1.386792428093031e-05,9.488801879342644e-05,0.0001087559430743,8-K,0,8-K,0,0,0,0,0,0,0,0,1,0,0,0,0,0
INTC,2026-04-08,2026-04-08T16:05:34-04:00,0000050863-26-000072,1,0,8K,1,1,0,8.01,8-K,0,0,1,0.0,0.0,1.0,5.23604921909282e-06,8.724265171622392e-06,0.9999860525131226,-3.488215952529572e-06,-3.488215952529572e-06,-3.488215952529572e-06,-3.488215952529572e-06,5.23604921909282e-06,8.724265171622392e-06,8-K,0,8-K,0,0,0,0,0,0,0,0,0,0,0,0,0,1
INTC,2026-04-23,2026-04-23T16:07:02-04:00,0000050863-26-000077,1,1,EX99,5,1,4,2.02,8-K|EX-99.1,2,0,2,0.5,0.0,0.5,0.5338650149933528,0.001416596211357923,0.4647184104326749,0.5324484187819949,0.5670056803500296,-0.0042176694842055,0.999999983912126,1.0,0.0056295208632946,EX-99.1,3,EX-99.1,1,0,0,0,0,1,0,0,0,0,0,0,0,0
INTC,2026-04-24,2026-04-24T16:15:20-04:00,0000050863-26-000083,1,0,8K,1,1,0,5.02,8-K,0,0,1,0.0,0.0,1.0,2.0221397790010087e-05,0.0002896994410548,0.999690055847168,-0.0002694780432648,-0.0002694780432648,-0.0002694780432648,-0.0002694780432648,2.0221397790010087e-05,0.0002896994410548,8-K,0,8-K,0,0,0,0,0,0,0,0,1,0,0,0,0,0
INTC,2026-04-30,2026-04-30T17:16:06-04:00,0001193125-26-197845,1,0,8K,3,3,0,8.01,8-K,0,0,3,0.0,0.0,1.0,1.4906971349167483e-05,7.066906997958237e-06,0.9999780257542928,7.840064351209245e-06,2.8799108804378197e-06,2.860121639969293e-06,1.7780160533220624e-05,2.130979009962175e-05,1.3132133062754292e-05,8-K,0,8-K,2,0,0,0,0,0,0,0,0,0,0,0,0,1
INTC,2026-05-15,2026-05-15T16:13:15-04:00,0000050863-26-000118,1,0,8K,3,3,0,5.07,8-K,0,0,3,0.0,0.0,1.0,9.315801274093854e-06,2.4725326473647633e-06,0.9999881585439047,6.843268626729088e-06,-6.098254061726038e-07,-6.452706600157398e-07,2.178490194637561e-05,2.617926475068089e-05,4.394362804305274e-06,8-K,2,8-K,2,0,0,0,0,0,0,0,0,0,1,0,0,0
INTC,2026-07-23,2026-07-23T16:09:00-04:00,0000050863-26-000155,1,1,EX99,6,1,5,2.02,8-K|EX-99.1,2,0,3,0.4,0.0,0.6,0.4053815563471289,0.04742345435407752,0.5471950004480426,0.35795810199305145,0.0265065026501361,-0.2348444132803706,0.9999999982816052,1.0,0.234898567199707,EX-99.1,0,EX-99.1,4,0,0,0,0,1,0,0,0,0,0,0,0,0
INTC,2026-08-12,2026-08-12T16:05:07-04:00,0001193125-26-346806,1,1,EX99,6,2,4,7.01,8-K|EX-99.1|EX-99.2,1,0,3,0.25,0.0,0.75,0.2500313336781801,4.5559361482092166e-05,0.7499231196675282,0.249985774316698,-8.691291327522777e-06,-2.1854273654753346e-05,0.9999823341231018,0.9999823570251464,0.0001084872856154,EX-99.1,0,EX-99.2,1,0,0,0,0,0,0,0,0,0,0,0,1,0
META,2020-01-29,2020-01-29T16:10:08-05:00,0001326801-20-000010,1,1,EX99,4,2,2,2.02,8-K|EX-99.1,2,0,0,1.0,0.0,0.0,0.8801574110984802,1.4030461250591488e-06,0.11984120787766983,0.8801560080523552,0.8801560080523552,0.7603125049488426,0.9999995111558676,0.9999995231628418,2.79408527603664e-06,EX-99.1,0,EX-99.1,1,0,0,0,0,1,0,0,0,0,0,0,0,0
META,2020-02-03,2020-02-03T16:20:12-05:00,0001326801-20-000018,1,1,EX99,3,1,2,5.02,8-K|EX-99.1,0,0,2,0.0,0.0,1.0,0.00098004683968605,7.537902530426439e-05,0.9989445805549622,0.0009046678143818,0.0009046678143818,0.0004355626100505,0.0013737730187131,0.0015227362746372,0.0001489632559241,EX-99.1,1,EX-99.1,1,0,0,0,0,0,0,0,1,0,0,0,0,0
META,2020-03-09,2020-03-09T16:34:36-04:00,0001326801-20-000023,1,1,EX99,3,1,2,5.02,8-K|EX-99.1,1,0,1,0.5,0.0,0.5,0.49421451265106947,4.1283548171122675e-06,0.5057813380844891,0.49421038429625247,0.49421038429625247,-4.868735231866594e-06,0.9884256373277368,0.9884281754493712,5.718587999581359e-06,EX-99.1,0,EX-99.1,1,0,0,0,0,0,0,0,1,0,0,0,0,0
META,2020-03-13,2020-03-13T17:14:53-04:00,0001326801-20-000028,1,0,8K,1,1,0,5.02,8-K,0,0,1,0.0,0.0,1.0,5.664531272486784e-05,0.0002022569824475,0.9997411370277404,-0.0001456116697227,-0.0001456116697227,-0.0001456116697227,-0.0001456116697227,5.664531272486784e-05,0.0002022569824475,8-K,0,8-K,0,0,0,0,0,0,0,0,1,0,0,0,0,0
META,2020-03-26,2020-03-26T16:13:23-04:00,0001326801-20-000031,1,1,EX99,4,1,3,5.02,8-K|EX-99.1,0,0,3,0.0,0.0,1.0,0.0006951861051902366,1.942790504472214e-06,0.999302883942922,0.0006932433146857681,-4.2198257688141894e-07,-2.0461849317143788e-06,0.0020821981115659,0.0020844878163188,2.768189006019384e-06,EX-99.1,0,EX-99.1,1,0,0,0,0,0,0,0,1,0,0,0,0,0
META,2020-04-29,2020-04-29T16:10:26-04:00,0001326801-20-000046,1,1,EX99,5,1,4,2.02,8-K|EX-99.1,1,1,2,0.25,0.25,0.5,0.3122892359688194,0.25798225313485545,0.429728472372517,0.05430698283396396,0.1555658987897459,-0.9928070089044922,0.8989031426608562,0.9379615187644958,0.9928569793701172,EX-99.1,3,EX-99.1,2,0,0,0,0,1,0,0,0,0,0,0,0,0
META,2020-05-29,2020-05-29T17:27:43-04:00,0001326801-20-000058,1,0,8K,4,4,0,5.07,8-K,0,0,4,0.0,0.0,1.0,1.1782132744997398e-06,2.0583666007212287e-06,0.9999967813491821,-8.801533262214889e-07,-1.0405159827087118e-06,-2.5148018494292046e-06,1.0752205099606726e-06,1.5781735100972585e-06,4.092975359526463e-06,8-K,3,8-K,3,0,0,0,0,0,0,0,0,0,1,0,0,0
META,2020-07-30,2020-07-30T19:18:23-04:00,0001326801-20-000073,1,1,EX99,4,1,3,2.02,8-K|EX-99.1,1,1,1,0.3333333333333333,0.3333333333333333,0.3333333333333333,0.33335937719311914,0.3331824277496859,0.3334582082461565,0.0001769494434333089,0.0016328808269463,-0.9994024218576668,0.9983003893610204,0.9983012080192566,0.999420166015625,EX-99.1,0,EX-99.1,2,0,0,0,0,1,0,0,0,0,0,0,0,0
META,2020-10-29,2020-10-29T16:07:58-04:00,0001326801-20-000081,1,1,EX99,4,1,3,2.02,8-K|EX-99.1,2,0,1,0.6666666666666666,0.0,0.3333333333333333,0.6664117420095863,0.00032733569135838005,0.33326087817423883,0.666084406318228,0.9992139430460156,-0.000957831960477,0.9999971078691452,0.9999971389770508,0.0009765014401637,EX-99.1,0,EX-99.1,2,0,0,0,0,1,0,0,0,0,0,0,0,0
META,2021-01-27,2021-01-27T16:08:08-05:00,0001326801-21-000011,1,1,EX99,5,2,3,2.02,8-K|EX-99.1,1,1,1,0.3333333333333333,0.3333333333333333,0.3333333333333333,0.3916980339078388,0.33328465040478267,0.2750173327652495,0.05841338350305614,0.174738382716896,-0.9994904360210056,0.999992203813278,0.9999922513961792,0.999500036239624,EX-99.1,0,EX-99.1,2,0,0,0,0,1,0,0,0,0,0,0,0,0
META,2021-04-28,2021-04-28T16:09:19-04:00,0001326801-21-000031,1,1,EX99,3,1,2,2.02,8-K|EX-99.1,2,0,0,1.0,0.0,0.0,0.9999986886978149,1.6906244404424342e-08,1.3111895782458305e-06,0.9999986717915705,0.9999986717915705,0.9999981862380682,0.9999991573450728,0.9999991655349731,2.5622588495366472e-08,EX-99.1,1,EX-99.1,0,0,0,0,0,1,0,0,0,0,0,0,0,0
META,2021-05-27,2021-05-27T17:16:49-04:00,0001326801-21-000040,1,0,8K,3,3,0,5.07,8-K,0,0,3,0.0,0.0,1.0,1.7639391671764315e-06,1.846164759437367e-06,0.9999963839848837,-8.222559226093533e-08,-4.344303761172341e-07,-1.2080629403499188e-06,1.395816539684347e-06,3.1782712994754547e-06,3.612701675592689e-06,8-K,2,8-K,2,0,0,0,0,0,0,0,0,0,1,0,0,0
META,2021-07-28,2021-07-28T16:08:06-04:00,0001326801-21-000047,1,1,EX99,3,1,2,2.02,8-K|EX-99.1,2,0,0,1.0,0.0,0.0,0.994160920381546,9.483022811451747e-07,0.00583819790284675,0.9941599720792649,0.9941599720792649,0.9883210330531256,0.9999989111054042,0.999998927116394,1.8805935724230949e-06,EX-99.1,0,EX-99.1,1,0,0,0,0,1,0,0,0,0,0,0,0,0
META,2021-09-22,2021-09-22T16:43:59-04:00,0001326801-21-000053,1,0,8K,1,1,0,5.02,8-K,0,0,1,0.0,0.0,1.0,4.714429451269098e-06,7.292484042409342e-06,0.9999879598617554,-2.578054591140244e-06,-2.578054591140244e-06,-2.578054591140244e-06,-2.578054591140244e-06,4.714429451269098e-06,7.292484042409342e-06,8-K,0,8-K,0,0,0,0,0,0,0,0,1,0,0,0,0,0
META,2021-10-25,2021-10-25T16:08:12-04:00,0001326801-21-000062,1,1,EX99,5,2,3,2.02,8-K|EX-99.1,1,0,2,0.3333333333333333,0.0,0.6666666666666666,0.4010728422484438,0.009456414275040464,0.5894707234935291,0.39161642797340335,0.203085262337936,-0.028181134184706,0.99994515576698,0.9999452829360962,0.0283624734729528,EX-99.1,0,EX-99.1,2,0,0,0,0,1,0,0,0,0,0,0,0,0
META,2021-10-28,2021-10-28T17:23:03-04:00,0001326801-21-000071,1,0,8K,2,2,0,5.03,8-K,0,0,2,0.0,0.0,1.0,2.7534109904081557e-05,6.835260819570976e-06,0.9999656081199646,2.0698849084510584e-05,2.0698849084510584e-05,5.879868240299402e-06,3.551782992872177e-05,4.480169809539802e-05,9.283868166676257e-06,8-K,0,8-K,0,0,0,0,0,0,0,0,0,1,0,0,0,0
META,2022-01-11,2022-01-11T16:23:21-05:00,0001326801-22-000006,1,1,EX99,3,1,2,5.02,8-K|EX-99.1,0,0,2,0.0,0.0,1.0,0.02063926436744622,4.4758845092474075e-06,0.9793562591075897,0.020634788482936962,0.020634788482936962,4.5458034492185117e-07,0.041269122385529,0.0412769131362438,7.79075071477564e-06,EX-99.1,0,EX-99.1,0,0,0,0,0,0,0,0,1,0,0,0,0,0
META,2022-02-02,2022-02-02T16:08:34-05:00,0001326801-22-000015,1,1,EX99,6,1,5,2.02,8-K|EX-99.1,2,1,2,0.4,0.2,0.4,0.39878344318276504,0.198271037360284,0.40294555291804957,0.20051240582248103,0.0006862101581646,-0.9910211740789237,0.999999273957692,0.9999992847442628,0.9911361932754515,EX-99.1,0,EX-99.1,3,0,0,0,0,1,0,0,0,0,0,0,0,0
META,2022-02-10,2022-02-10T17:06:22-05:00,0001326801-22-000030,1,0,8K,1,1,0,5.02,8-K,0,0,1,0.0,0.0,1.0,1.1909911336260848e-05,8.064026769716293e-05,0.999907374382019,-6.873035636090208e-05,-6.873035636090208e-05,-6.873035636090208e-05,-6.873035636090208e-05,1.1909911336260848e-05,8.064026769716293e-05,8-K,0,8-K,0,0,0,0,0,0,0,0,1,0,0,0,0,0
META,2022-04-27,2022-04-27T16:07:54-04:00,0001326801-22-000054,1,1,EX99,3,1,2,2.02,8-K|EX-99.1,1,0,1,0.5,0.0,0.5,0.5007529926369898,4.134785907439209e-06,0.4992429546603603,0.5007488578510824,0.5007488578510824,0.0014987132635724,0.9999990024385924,0.9999990463256836,8.225684723583981e-06,EX-99.1,0,EX-99.1,1,0,0,0,0,1,0,0,0,0,0,0,0,0
META,2022-05-26,2022-05-26T19:46:29-04:00,0001326801-22-000066,1,0,8K,5,5,0,5.07,8-K,0,0,5,0.0,0.0,1.0,2.9473894585407835e-06,5.321507364897115e-06,0.9999917268753051,-2.374117906356332e-06,-3.792929703649861e-07,-1.1397422895242926e-05,9.501355293650704e-07,4.658561920223292e-06,1.551924469822552e-05,8-K,3,8-K,4,0,0,0,0,0,0,0,0,0,1,0,0,0
META,2022-05-31,2022-05-31T16:18:52-04:00,0001326801-22-000070,1,1,EX99,2,1,1,8.01,8-K|EX-99.1,0,0,1,0.0,0.0,1.0,0.0001886086538434,4.208281552564586e-06,0.9998072981834412,0.0001844003722908,0.0001844003722908,0.0001844003722908,0.0001844003722908,0.0001886086538434,4.208281552564586e-06,EX-99.1,0,EX-99.1,0,0,0,0,0,0,0,0,0,0,0,0,0,1
META,2022-06-01,2022-06-01T16:04:26-04:00,0001326801-22-000073,1,0,8K,1,1,0,5.02,8-K,0,0,1,0.0,0.0,1.0,2.1936980374448467e-06,1.5378165699075907e-05,0.999982476234436,-1.318446766163106e-05,-1.318446766163106e-05,-1.318446766163106e-05,-1.318446766163106e-05,2.1936980374448467e-06,1.5378165699075907e-05,8-K,0,8-K,0,0,0,0,0,0,0,0,1,0,0,0,0,0
META,2022-07-27,2022-07-27T16:07:22-04:00,0001326801-22-000079,1,1,EX99,4,1,3,2.02,8-K|EX-99.1,1,1,1,0.3333333333333333,0.3333333333333333,0.3333333333333333,0.333435751757103,0.17719054636500373,0.4893736770454022,0.15624520539209938,-6.445361259466154e-05,-0.5311995634401683,0.999999633229061,0.9999996423721312,0.531500518321991,EX-99.1,0,EX-99.1,1,0,0,0,0,1,0,0,0,0,0,0,0,0
META,2022-07-28,2022-07-28T17:28:23-04:00,0001326801-22-000085,1,0,8K,1,1,0,5.02,8-K,0,0,1,0.0,0.0,1.0,1.1214428923267403e-06,2.7954870347457472e-06,0.9999961853027344,-1.6740441424190069e-06,-1.6740441424190069e-06,-1.6740441424190069e-06,-1.6740441424190069e-06,1.1214428923267403e-06,2.7954870347457472e-06,8-K,0,8-K,0,0,0,0,0,0,0,0,1,0,0,0,0,0
META,2022-08-04,2022-08-04T08:00:50-04:00,0000950103-22-013666,1,0,8K,1,1,0,8.01,8-K,0,0,1,0.0,0.0,1.0,0.0002641058817971,0.0001325727498624,0.9996033310890198,0.0001315331319347,0.0001315331319347,0.0001315331319347,0.0001315331319347,0.0002641058817971,0.0001325727498624,8-K,0,8-K,0,0,0,0,0,0,0,0,0,0,0,0,0,1
META,2022-08-09,2022-08-09T16:33:19-04:00,0000950103-22-013830,1,0,8K,4,4,0,8.01,8-K,0,0,4,0.0,0.0,1.0,2.2102081402408658e-05,8.86437192093581e-06,0.9999690353870392,1.3237709481472848e-05,7.937131840662914e-06,2.8317431315372232e-06,3.424483111302834e-05,5.07301083416678e-05,1.648527722863946e-05,8-K,1,8-K,1,0,0,0,0,0,0,0,0,0,0,0,0,1
META,2022-09-30,2022-09-30T16:32:57-04:00,0001326801-22-000094,1,0,8K,1,1,0,5.02,8-K,0,0,1,0.0,0.0,1.0,1.6492691429448314e-05,1.0292465958627872e-05,0.9999732971191406,6.200225470820442e-06,6.200225470820442e-06,6.200225470820442e-06,6.200225470820442e-06,1.6492691429448314e-05,1.0292465958627872e-05,8-K,0,8-K,0,0,0,0,0,0,0,0,1,0,0,0,0,0
META,2022-10-26,2022-10-26T16:19:09-04:00,0001326801-22-000105,1,1,EX99,5,1,4,2.02,8-K|EX-99.1,2,0,2,0.5,0.0,0.5,0.531219529464579,0.0002243847461056189,0.4685561026925882,0.5309951447184733,0.5619268974605802,0.0001269134772883,0.9999998704754444,0.9999998807907104,0.000801047484856,EX-99.1,0,EX-99.1,1,0,0,0,0,1,0,0,0,0,0,0,0,0
META,2022-11-09,2022-11-09T06:14:36-05:00,0001326801-22-000116,1,1,EX99,7,3,4,7.01,8-K|EX-99.1,1,0,3,0.25,0.0,0.75,0.311577451947187,0.04055974708736797,0.6478627879626506,0.271017704859819,0.04203619447071105,-1.539800905447919e-06,0.9999999702987594,1.0,0.1595151722431183,EX-99.1,3,EX-99.1,0,0,0,0,0,0,0,0,0,0,0,0,1,0
META,2023-02-01,2023-02-01T16:22:15-05:00,0001326801-23-000008,1,1,EX99,6,2,4,2.02,8-K|EX-99.1,2,1,1,0.5,0.25,0.25,0.48514020736911334,0.23455727666074888,0.2803025145560482,0.25058293070836446,0.46954723377712065,-0.9367625018348916,0.9999997571141082,0.9999997615814208,0.9381489753723145,EX-99.1,0,EX-99.1,3,0,0,0,0,1,0,0,0,0,0,0,0,0
META,2023-02-01,2023-02-01T20:30:19-05:00,0001326801-23-000015,1,0,8K,1,1,0,5.02,8-K,0,0,1,0.0,0.0,1.0,6.370050687110052e-05,0.0131652858108282,0.9867709875106812,-0.0131015853039571,-0.0131015853039571,-0.0131015853039571,-0.0131015853039571,6.370050687110052e-05,0.0131652858108282,8-K,0,8-K,0,0,0,0,0,0,0,0,1,0,0,0,0,0
META,2023-02-13,2023-02-13T16:09:07-05:00,0001326801-23-000019,1,0,8K,1,1,0,5.02,8-K,0,0,1,0.0,0.0,1.0,2.3273831175174564e-05,0.0004101121157873,0.999566614627838,-0.0003868382846121,-0.0003868382846121,-0.0003868382846121,-0.0003868382846121,2.3273831175174564e-05,0.0004101121157873,8-K,0,8-K,0,0,0,0,0,0,0,0,1,0,0,0,0,0
META,2023-02-15,2023-02-15T16:25:51-05:00,0001326801-23-000023,1,0,8K,2,2,0,5.02,8-K,0,0,2,0.0,0.0,1.0,0.000261856468569,4.3691710743587464e-05,0.9996944069862366,0.0002181647578254,0.0002181647578254,0.0001075059335562,0.0003288235820946,0.0003960930625908,6.726948049617931e-05,8-K,1,8-K,1,0,0,0,0,0,0,0,1,0,0,0,0,0
META,2023-03-14,2023-03-14T09:18:43-04:00,0001326801-23-000035,1,1,EX99,8,2,6,7.01,8-K|EX-99.1,6,0,0,1.0,0.0,0.0,0.9445720712343851,0.00016983993974406368,0.0552581038288243,0.9444022312946411,0.9974131746596413,0.6865408466546796,0.9999982472416492,0.9999985694885254,0.0009646369726397,EX-99.1,4,EX-99.1,0,0,0,0,0,0,0,0,0,0,0,0,1,0
META,2023-04-10,2023-04-10T16:18:35-04:00,0001326801-23-000038,1,0,8K,2,2,0,5.02,8-K,0,0,2,0.0,0.0,1.0,8.31186565619646e-06,7.355900015679745e-05,0.9999181032180786,-6.524713450058421e-05,-6.524713450058421e-05,-0.0001295172960453,-9.769729558684048e-07,1.5238229934766425e-05,0.0001447555259801,8-K,1,8-K,1,0,0,0,0,0,0,0,1,0,0,0,0,0
META,2023-04-26,2023-04-26T16:18:04-04:00,0001326801-23-000063,1,1,EX99,5,1,4,2.02,8-K|EX-99.1,1,0,3,0.25,0.0,0.75,0.26558081252915144,0.00014150866633531523,0.734277643220782,0.2654393038628161,0.0310406074422644,-0.0003238728022552,0.9999998733689908,0.9999998807907104,0.0003457731218077,EX-99.1,0,EX-99.1,3,0,0,0,0,1,0,0,0,0,0,0,0,0
META,2023-05-03,2023-05-03T16:13:28-04:00,0001193125-23-134410,1,0,8K,3,3,0,8.01,8-K,0,0,3,0.0,0.0,1.0,4.082214256110698e-06,1.6706819868280338e-06,0.9999941984812418,2.4115322692826644e-06,1.917165263876086e-06,4.072373371855065e-07,4.9101942067864e-06,6.760276846762281e-06,2.347805548197357e-06,8-K,0,8-K,1,0,0,0,0,0,0,0,0,0,0,0,0,1
META,2023-06-01,2023-06-01T21:58:13-04:00,0001326801-23-000083,1,0,8K,4,4,0,5.07,8-K,0,0,4,0.0,0.0,1.0,2.0112395304749953e-06,3.224021561720747e-06,0.9999947845935822,-1.2127820312457516e-06,-9.395878919349343e-07,-4.138680878895684e-06,1.1667285377825465e-06,3.3484213872725377e-06,6.897531420690939e-06,8-K,2,8-K,3,0,0,0,0,0,0,0,0,0,1,0,0,0
META,2023-07-26,2023-07-26T16:06:51-04:00,0001326801-23-000089,1,1,EX99,5,1,4,2.02,8-K|EX-99.1,2,0,2,0.5,0.0,0.5,0.5837127393751871,3.931994093342439e-05,0.4162479515889501,0.5836734194342537,0.6672929913966071,0.0001081818445527,0.9999995130992474,0.9999995231628418,6.287758151302114e-05,EX-99.1,0,EX-99.1,3,0,0,0,0,1,0,0,0,0,0,0,0,0
META,2023-10-25,2023-10-25T16:20:51-04:00,0001326801-23-000100,1,1,EX99,5,1,4,2.02,8-K|EX-99.1,1,1,2,0.25,0.25,0.5,0.25456878897966817,0.232568702556339,0.5128624976396168,0.02200008642332915,0.00860961483340355,-0.929214443312958,0.9999955593394674,0.9999955892562866,0.9299471974372864,EX-99.1,0,EX-99.1,3,0,0,0,0,1,0,0,0,0,0,0,0,0
META,2024-01-17,2024-01-17T19:42:58-05:00,0001326801-24-000003,1,0,8K,1,1,0,5.02,8-K,0,0,1,0.0,0.0,1.0,2.941656248367508e-06,1.5982795957825147e-05,0.9999810457229614,-1.304113970945764e-05,-1.304113970945764e-05,-1.304113970945764e-05,-1.304113970945764e-05,2.941656248367508e-06,1.5982795957825147e-05,8-K,0,8-K,0,0,0,0,0,0,0,0,1,0,0,0,0,0
META,2024-02-01,2024-02-01T16:10:29-05:00,0001326801-24-000010,1,1,EX99,7,2,5,2.02,8-K|EX-99.1,2,0,3,0.4,0.0,0.6,0.4779757845339191,0.042542252753658256,0.4794819625268246,0.4354335317802608,0.3765797899686731,-0.1994067560881376,0.999998435981837,0.9999984502792358,0.2126400917768478,EX-99.1,0,EX-99.1,3,0,0,0,0,1,0,0,0,0,0,0,0,0
META,2024-02-14,2024-02-14T16:28:03-05:00,0001326801-24-000019,1,1,EX99,3,1,2,5.02,8-K|EX-99.1,0,0,2,0.0,0.0,1.0,0.0036788286727755712,2.2777725234846002e-06,0.9963188469409943,0.003676550900252068,0.003676550900252068,-6.63547893964278e-07,0.0073537653483981,0.0073561151511967,2.3498027985624503e-06,EX-99.1,0,EX-99.1,0,0,0,0,0,0,0,0,1,0,0,0,0,0
META,2024-04-24,2024-04-24T16:07:26-04:00,0001326801-24-000044,1,1,EX99,3,1,2,2.02,8-K|EX-99.1,2,0,0,1.0,0.0,0.0,0.992345541715622,0.00012007084628514332,0.0075343586104281695,0.9922254708693368,0.9922254708693368,0.9844548905530246,0.9999960511856488,0.9999960660934448,0.0002401267847744,EX-99.1,0,EX-99.1,1,0,0,0,0,1,0,0,0,0,0,0,0,0
META,2024-05-31,2024-05-31T16:14:51-04:00,0001326801-24-000057,1,0,8K,5,5,0,5.07,8-K,0,0,5,0.0,0.0,1.0,5.492798868544923e-06,7.015619092953784e-06,0.999987530708313,-1.5228202244088606e-06,1.8926516531792004e-06,-2.0613499145838432e-05,9.09063192011672e-06,1.3902714272262529e-05,2.4580016543040983e-05,8-K,2,8-K,4,0,0,0,0,0,0,0,0,0,1,0,0,0
META,2024-07-31,2024-07-31T16:11:20-04:00,0001326801-24-000065,1,1,EX99,3,1,2,2.02,8-K|EX-99.1,1,0,1,0.5,0.0,0.5,0.5002208991354563,0.01976092773642788,0.4800181864351813,0.4804599713990285,0.4804599713990285,-0.0390798139560502,0.9999997567541072,0.9999997615814208,0.0395218506455421,EX-99.1,0,EX-99.1,1,0,0,0,0,1,0,0,0,0,0,0,0,0
META,2024-08-09,2024-08-09T16:30:30-04:00,0001193125-24-197873,1,0,8K,3,3,0,8.01,8-K,0,0,3,0.0,0.0,1.0,4.469625385657612e-06,1.72520956690884e-06,0.9999937613805135,2.7444158187487724e-06,2.111924231940065e-06,4.3628944013107684e-07,5.685033784175175e-06,7.660872142878361e-06,2.379262014073902e-06,8-K,0,8-K,1,0,0,0,0,0,0,0,0,0,0,0,0,1
META,2024-09-10,2024-09-10T16:53:12-04:00,0001326801-24-000072,1,0,8K,1,1,0,5.03,8-K,0,0,1,0.0,0.0,1.0,2.350929753447417e-05,1.953159153345041e-05,0.9999569654464722,3.977706001023762e-06,3.977706001023762e-06,3.977706001023762e-06,3.977706001023762e-06,2.350929753447417e-05,1.953159153345041e-05,8-K,0,8-K,0,0,0,0,0,0,0,0,0,1,0,0,0,0
META,2024-10-30,2024-10-30T16:08:12-04:00,0001326801-24-000077,1,1,EX99,3,1,2,2.02,8-K|EX-99.1,1,0,1,0.5,0.0,0.5,0.5065735103562474,0.00013137544075677936,0.4932951588972614,0.5064421349154906,0.5064421349154906,0.0128843932470772,0.999999876583904,0.9999998807907104,0.0002627466747071,EX-99.1,0,EX-99.1,1,0,0,0,0,1,0,0,0,0,0,0,0,0
META,2025-01-06,2025-01-06T16:40:45-05:00,0001326801-25-000005,1,1,EX99,4,1,3,5.02,8-K|EX-99.1,1,0,2,0.3333333333333333,0.0,0.6666666666666666,0.32805909814192086,1.7613505178815103e-06,0.6719391252845526,0.3280573367914031,1.051494439252565e-05,1.1684028322633822e-06,0.9841603270269844,0.9841635823249816,3.255297997384332e-06,EX-99.1,0,EX-99.1,0,0,0,0,0,0,0,0,1,0,0,0,0,0
META,2025-01-29,2025-01-29T16:47:14-05:00,0001326801-25-000014,1,1,EX99,4,1,3,2.02,8-K|EX-99.1,2,0,1,0.6666666666666666,0.0,0.3333333333333333,0.7492328584194183,2.168115314008882e-05,0.2507454745015517,0.7492111772662783,0.9808477354281422,0.2667934447345033,0.9999923516361892,0.9999923706054688,5.526842505787499e-05,EX-99.1,0,EX-99.1,1,0,0,0,0,1,0,0,0,0,0,0,0,0
META,2025-02-20,2025-02-20T16:33:09-05:00,0001326801-25-000021,1,0,8K,1,1,0,5.02,8-K,0,0,1,0.0,0.0,1.0,0.0006220563082024,5.088095804239856e-06,0.999372899532318,0.0006169682123982,0.0006169682123982,0.0006169682123982,0.0006169682123982,0.0006220563082024,5.088095804239856e-06,8-K,0,8-K,0,0,0,0,0,0,0,0,1,0,0,0,0,0
META,2025-04-11,2025-04-11T17:04:06-04:00,0001326801-25-000027,1,1,EX99,4,1,3,5.02,8-K|EX-99.1,0,0,3,0.0,0.0,1.0,0.002760357142506093,9.649146765392703e-05,0.9971431493759155,0.002663865674852158,3.840748149741557e-06,-7.167397416196764e-05,0.0080594302505687,0.0080626094713807,0.0002837968931999,EX-99.1,0,EX-99.1,2,0,0,0,0,0,0,0,1,0,0,0,0,0
META,2025-04-30,2025-04-30T16:16:00-04:00,0001326801-25-000050,1,1,EX99,4,1,3,2.02,8-K|EX-99.1,1,1,1,0.3333333333333333,0.3333333333333333,0.3333333333333333,0.33378593168163206,0.3307868232662398,0.33542723125861557,0.002999108415392119,0.0011855423581437,-0.9921880920155672,0.9999998749036,0.9999998807907104,0.9922667145729064,EX-99.1,0,EX-99.1,2,0,0,0,0,1,0,0,0,0,0,0,0,0
META,2025-05-30,2025-05-30T16:22:05-04:00,0001326801-25-000090,1,0,8K,6,6,0,5.07,8-K,0,0,6,0.0,0.0,1.0,2.1796255479008173e-06,3.0985310909651767e-06,0.99999471505483,-9.189055430643597e-07,-4.00244889675605e-07,-7.167302101152018e-06,3.356132765475195e-06,5.087307272333419e-06,1.0577513421594633e-05,8-K,3,8-K,5,0,0,0,0,0,0,0,0,0,1,0,0,0
META,2025-07-30,2025-07-30T16:13:01-04:00,0001628280-25-036719,1,1,EX99,4,1,3,2.02,8-K|EX-99.1,2,0,1,0.6666666666666666,0.0,0.3333333333333333,0.6689070363839468,0.0401821202053997,0.2909108499870854,0.628724916178547,0.9927657143980468,-0.1065898835659027,0.9999989177034968,0.999998927116394,0.1205440163612365,EX-99.1,0,EX-99.1,2,0,0,0,0,1,0,0,0,0,0,0,0,0
META,2025-10-29,2025-10-29T16:08:34-04:00,0001628280-25-047114,1,1,EX99,5,1,4,2.02,8-K|EX-99.1,3,1,0,0.75,0.25,0.0,0.7469159008614952,0.24982894635266642,0.0032551263252571174,0.4970869545088288,0.9938013802307921,-0.9992512696771882,0.9999963272509192,0.9999964237213136,0.9993152618408204,EX-99.1,0,EX-99.1,3,0,0,0,0,1,0,0,0,0,0,0,0,0
META,2025-11-03,2025-11-03T16:18:13-05:00,0001193125-25-262593,1,0,8K,3,3,0,8.01,8-K,0,0,3,0.0,0.0,1.0,5.891431783311418e-06,2.276146119584155e-06,0.9999918540318807,3.6152856637272635e-06,3.016533355548745e-06,1.592228500157944e-06,6.237095135475101e-06,7.74963427829789e-06,3.117587311862735e-06,8-K,0,8-K,2,0,0,0,0,0,0,0,0,0,0,0,0,1
META,2025-12-12,2025-12-12T16:14:29-05:00,0001628280-25-056768,1,1,EX99,30,1,29,8.01,8-K|EX-99.1|EX-99.2,0,0,29,0.0,0.0,1.0,5.9531776749837854e-05,0.0002889258018732233,0.9996515450806454,-0.00022939402512338333,-2.693973647183157e-05,-0.0016130854237417,8.739271015656414e-05,0.0002434073394397,0.0016663614660501,EX-99.1,24,EX-99.1,5,0,0,0,0,0,0,0,0,0,0,0,0,1
META,2025-12-19,2025-12-19T17:00:37-05:00,0001628280-25-058337,1,0,8K,1,1,0,5.02,8-K,0,0,1,0.0,0.0,1.0,7.777762220939621e-06,4.148086736677215e-05,0.9999507665634156,-3.3703105145832524e-05,-3.3703105145832524e-05,-3.3703105145832524e-05,-3.3703105145832524e-05,7.777762220939621e-06,4.148086736677215e-05,8-K,0,8-K,0,0,0,0,0,0,0,0,1,0,0,0,0,0
META,2026-01-16,2026-01-16T16:56:58-05:00,0001628280-26-002429,1,0,8K,2,2,0,5.02,8-K,0,0,2,0.0,0.0,1.0,3.2092365700009395e-05,4.700248427980114e-05,0.9999209046363831,-1.4910118579791742e-05,-1.4910118579791742e-05,-3.184772140230052e-05,2.027484242717037e-06,6.0596710682148114e-05,9.244443208444864e-05,8-K,1,8-K,1,0,0,0,0,0,0,0,1,0,0,0,0,0
META,2026-01-28,2026-01-28T16:04:20-05:00,0001628280-26-003832,1,1,EX99,5,1,4,2.02,8-K|EX-99.1,2,1,1,0.5,0.25,0.25,0.5007846832776295,0.24999171761676386,0.24922362716279162,0.2507929656608656,0.5014639871467031,-0.9996660495967262,0.9999099379467822,0.9999101161956788,0.9996715784072876,EX-99.1,0,EX-99.1,3,0,0,0,0,1,0,0,0,0,0,0,0,0
META,2026-04-14,2026-04-14T17:01:31-04:00,0001628280-26-025108,1,0,8K,1,1,0,5.02,8-K,0,0,1,0.0,0.0,1.0,5.611342203337699e-06,1.7676611605565995e-05,0.9999767541885376,-1.2065269402228296e-05,-1.2065269402228296e-05,-1.2065269402228296e-05,-1.2065269402228296e-05,5.611342203337699e-06,1.7676611605565995e-05,8-K,0,8-K,0,0,0,0,0,0,0,0,1,0,0,0,0,0
META,2026-04-29,2026-04-29T16:05:41-04:00,0001628280-26-028364,1,1,EX99,4,1,3,2.02,8-K|EX-99.1,2,0,1,0.6666666666666666,0.0,0.3333333333333333,0.6245326837524772,0.0864669180296289,0.28900041103042895,0.5380657657228483,0.8630749256089985,-0.2488719997927546,0.999994371352301,0.9999943971633912,0.2593942582607269,EX-99.1,0,EX-99.1,2,0,0,0,0,1,0,0,0,0,0,0,0,0
META,2026-05-04,2026-05-04T16:36:02-04:00,0001193125-26-204128,1,0,8K,3,3,0,8.01,8-K,0,0,3,0.0,0.0,1.0,6.028778064622505e-06,2.3724179906518352e-06,0.9999915758768717,3.6563600739706694e-06,3.0532503387803445e-06,1.4968795767345e-06,6.418950306397164e-06,8.074625839071814e-06,3.2927011943684192e-06,8-K,0,8-K,2,0,0,0,0,0,0,0,0,0,0,0,0,1
META,2026-05-29,2026-05-29T16:16:13-04:00,0001628280-26-039193,1,0,8K,4,4,0,5.07,8-K,0,0,4,0.0,0.0,1.0,5.7360107348358724e-06,2.2369383714249125e-06,0.9999920427799225,3.4990723634109604e-06,1.0676088209038426e-06,-3.79999733013392e-07,1.2241071544849548e-05,1.827442793000955e-05,6.033356385160005e-06,8-K,3,8-K,3,0,0,0,0,0,0,0,0,0,1,0,0,0
META,2026-07-29,2026-07-29T16:03:23-04:00,0001628280-26-050596,1,1,EX99,4,1,3,2.02,8-K|EX-99.1,1,1,1,0.3333333333333333,0.3333333333333333,0.3333333333333333,0.333239540265519,0.33327621111788136,0.3334842416127988,-3.667085236236378e-05,-3.666004340630025e-05,-0.9995772084312192,0.9995038559175384,0.9995042085647584,0.9995834231376648,EX-99.1,0,EX-99.1,2,0,0,0,0,1,0,0,0,0,0,0,0,0
MSFT,2020-01-29,2020-01-29T16:03:50-05:00,0001193125-20-018383,1,1,EX99,4,1,3,2.02,8-K|EX-99.1,3,0,0,1.0,0.0,0.0,0.9993229707082113,2.46459866293236e-07,0.0006768165391974841,0.999322724248345,0.9999432787405028,0.9980251373556256,0.9999997566489064,0.9999997615814208,5.183908342587529e-07,EX-99.1,1,EX-99.1,0,0,0,0,0,1,0,0,0,0,0,0,0,0
MSFT,2020-02-26,2020-02-26T17:10:49-05:00,0001193125-20-050232,1,1,EX99,2,1,1,7.01,8-K|EX-99.1,0,0,1,0.0,0.0,1.0,0.0028801101725548,0.1989330351352691,0.7981867790222168,-0.1960529249627143,-0.1960529249627143,-0.1960529249627143,-0.1960529249627143,0.0028801101725548,0.1989330351352691,EX-99.1,0,EX-99.1,0,0,0,0,0,0,0,0,0,0,0,0,1,0
MSFT,2020-03-13,2020-03-13T17:11:53-04:00,0001193125-20-073072,1,1,EX99,3,1,2,5.02,8-K|EX-99.1,1,0,1,0.5,0.0,0.5,0.46640075115743684,6.653767343323125e-06,0.5335925184190272,0.4663940973900935,0.4663940973900935,-5.318679541232996e-07,0.9327887266481412,0.9328011274337769,1.2400785635691136e-05,EX-99.1,0,EX-99.1,0,0,0,0,0,0,0,0,1,0,0,0,0,0
MSFT,2020-03-31,2020-03-31T06:10:19-04:00,0001193125-20-091746,1,1,EX99,4,1,3,7.01,8-K|EX-99.1,0,0,3,0.0,0.0,1.0,0.004715390617396485,0.0018470678915036,0.9934375484784445,0.0028683227258928332,-0.0002288010800839,-0.0039342304226011,0.0127679996803635,0.0128984805196523,0.0051241954788565,EX-99.1,0,EX-99.1,1,0,0,0,0,0,0,0,0,0,0,0,1,0
MSFT,2020-04-29,2020-04-29T16:03:54-04:00,0001193125-20-126089,1,1,EX99,4,1,3,2.02,8-K|EX-99.1,3,0,0,1.0,0.0,0.0,0.938825805981954,0.00027921826072346536,0.06089496879203673,0.9385465877212305,0.9999888923527004,0.815650999546051,0.99999987126494,0.9999998807907104,0.0008376240730285,EX-99.1,0,EX-99.1,2,0,0,0,0,1,0,0,0,0,0,0,0,0
MSFT,2020-04-30,2020-04-30T16:07:50-04:00,0001193125-20-128779,1,1,EX99,11,1,10,8.01,8-K|EX-99.1,0,0,10,0.0,0.0,1.0,9.533095487768151e-06,2.72057004934809e-05,0.999963253736496,-1.767260500570685e-05,3.0296093598281004e-06,-0.0002009457057283,9.58549554752608e-06,4.695981988334097e-05,0.0002479055256117,EX-99.1,9,EX-99.1,9,0,0,0,0,0,0,0,0,0,0,0,0,1
MSFT,2020-05-14,2020-05-14T16:55:20-04:00,0001193125-20-142890,1,1,EX99,14,1,13,8.01,8-K|EX-99.1|EX-99.2,0,0,13,0.0,0.0,1.0,1.2888324774324316e-05,7.32074414818621e-06,0.9999797894404485,5.567580626138107e-06,1.7213379805980369e-06,-2.152596880478086e-05,9.446772219234845e-05,9.871052316157149e-05,3.4302483982173726e-05,EX-99.2,0,EX-99.1,4,0,0,0,0,0,0,0,0,0,0,0,0,1
MSFT,2020-06-01,2020-06-01T16:06:26-04:00,0001193125-20-157234,1,1,EX99,7,2,5,8.01,8-K|EX-99.1,0,0,5,0.0,0.0,1.0,6.083182054794634e-06,9.899684528136276e-07,0.9999929666519165,5.093213601981006e-06,1.694289892384404e-06,-1.031735322953864e-06,2.318941045587053e-05,2.3944534405018203e-05,1.2063273970852606e-06,EX-99.1,0,EX-99.1,1,0,0,0,0,0,0,0,0,0,0,0,0,1
MSFT,2020-06-26,2020-06-26T09:10:16-04:00,0001193125-20-180036,1,1,EX99,3,1,2,7.01,8-K|EX-99.1,1,0,1,0.5,0.0,0.5,0.5008574430248699,2.06898418575463e-06,0.49914058346644197,0.5008553740406843,0.5008553740406843,0.0017111460488195,0.999999602032549,0.9999996423721312,4.097628789168084e-06,EX-99.1,1,EX-99.1,0,0,0,0,0,0,0,0,0,0,0,0,1,0
MSFT,2020-07-01,2020-07-01T09:01:57-04:00,0001193125-20-184744,1,0,8K,1,1,0,5.02,8-K,0,0,1,0.0,0.0,1.0,4.217642526782584e-06,8.416976015723776e-06,0.9999873638153076,-4.199333488941193e-06,-4.199333488941193e-06,-4.199333488941193e-06,-4.199333488941193e-06,4.217642526782584e-06,8.416976015723776e-06,8-K,0,8-K,0,0,0,0,0,0,0,0,1,0,0,0,0,0
MSFT,2020-07-07,2020-07-07T09:32:33-04:00,0001193125-20-188481,1,0,8K,1,1,0,5.02,8-K,0,0,1,0.0,0.0,1.0,6.23403047939064e-06,3.429057323955931e-05,0.9999594688415528,-2.8056542760168668e-05,-2.8056542760168668e-05,-2.8056542760168668e-05,-2.8056542760168668e-05,6.23403047939064e-06,3.429057323955931e-05,8-K,0,8-K,0,0,0,0,0,0,0,0,1,0,0,0,0,0
MSFT,2020-07-22,2020-07-22T16:03:04-04:00,0001193125-20-197109,1,1,EX99,6,1,5,2.02,8-K|EX-99.1,3,0,2,0.6,0.0,0.4,0.6286153085529804,0.04040965143860224,0.33097503946434015,0.5882056571143781,0.815650042030029,-0.1924777589738369,0.9999993424599438,0.9999994039535522,0.2012051939964294,EX-99.1,0,EX-99.1,1,0,0,0,0,1,0,0,0,0,0,0,0,0
MSFT,2020-08-03,2020-08-03T08:32:03-04:00,0001193125-20-207517,1,1,EX99,3,1,2,7.01,8-K|EX-99.1,0,0,2,0.0,0.0,1.0,2.5560839873151057e-05,8.870340252542519e-06,0.9999655485153198,1.6690499620608538e-05,1.6690499620608538e-05,-1.3510097858215886e-05,4.689109709943296e-05,5.100685302750208e-05,1.3624924577015918e-05,EX-99.1,0,EX-99.1,1,0,0,0,0,0,0,0,0,0,0,0,1,0
MSFT,2020-09-21,2020-09-21T16:05:56-04:00,0001193125-20-250163,1,1,EX99,4,1,3,7.01,8-K|EX-99.1,1,0,2,0.3333333333333333,0.0,0.6666666666666666,0.3538561258465051,4.8839014922918754e-05,0.6460949909524061,0.35380728683158225,0.0417407879490383,0.0198083772265817,0.9998726953191266,0.9998729228973388,0.000142252916703,EX-99.1,0,EX-99.1,2,0,0,0,0,0,0,0,0,0,0,0,1,0
MSFT,2020-10-27,2020-10-27T16:12:57-04:00,0001193125-20-278410,1,1,EX99,4,1,3,2.02,8-K|EX-99.1,3,0,0,1.0,0.0,0.0,0.9388248920440674,0.00027923058953462256,0.06089585461775232,0.9385456614545328,0.9999859925757376,0.815650999546051,0.9999999922418096,1.0,0.0008376240730285,EX-99.1,0,EX-99.1,2,0,0,0,0,1,0,0,0,0,0,0,0,0
MSFT,2020-12-04,2020-12-04T15:27:34-05:00,0001193125-20-310549,1,0,8K,3,3,0,5.07,8-K,0,0,3,0.0,0.0,1.0,1.7086018336461468e-06,2.0558138089654676e-06,0.9999962647755941,-3.4721197531932074e-07,-3.925370037904941e-07,-7.601845481985947e-07,1.110856260311266e-07,4.041037755087018e-06,4.433574758877512e-06,8-K,2,8-K,2,0,0,0,0,0,0,0,0,0,1,0,0,0
MSFT,2021-01-26,2021-01-26T16:04:05-05:00,0001193125-21-017683,1,1,EX99,4,1,3,2.02,8-K|EX-99.1,3,0,0,1.0,0.0,0.0,0.9999966621398926,8.493464685640125e-07,2.5263219439371674e-06,0.999995812793424,0.9999978481082086,0.9999895973371622,0.9999999929349012,1.0,2.5348497274535475e-06,EX-99.1,0,EX-99.1,2,0,0,0,0,1,0,0,0,0,0,0,0,0
MSFT,2021-02-16,2021-02-16T16:25:04-05:00,0001193125-21-044940,1,1,EX99,12,1,11,8.01,8-K|EX-99.1,0,0,11,0.0,0.0,1.0,7.383977933014566e-06,4.222789530413965e-06,0.9999883716756647,3.161188402600601e-06,5.007155778002925e-06,-1.4715133602294372e-05,9.425455516520742e-06,2.796953049255535e-05,2.226007381977979e-05,EX-99.1,10,EX-99.1,10,0,0,0,0,0,0,0,0,0,0,0,0,1
MSFT,2021-03-02,2021-03-02T17:19:56-05:00,0001193125-21-065751,1,1,EX99,16,1,15,8.01,8-K|EX-99.1|EX-99.2,0,0,15,0.0,0.0,1.0,1.3153130180398875e-05,8.761939938040086e-06,0.9999780734380086,4.391190242358789e-06,1.882905735328677e-06,-1.848659485403914e-05,4.833167213291745e-05,5.087169847683981e-05,3.846875915769488e-05,EX-99.2,0,EX-99.1,4,0,0,0,0,0,0,0,0,0,0,0,0,1
MSFT,2021-03-17,2021-03-17T17:23:06-04:00,0001193125-21-084239,1,1,EX99,7,2,5,8.01,8-K|EX-99.1,0,0,5,0.0,0.0,1.0,7.891198742981942e-06,1.1058513564421446e-06,0.9999910116195678,6.785347386539797e-06,1.316227212555532e-06,9.926748134603258e-08,2.9218715212664392e-05,3.0500559660140425e-05,1.2818444474760329e-06,EX-99.1,0,EX-99.1,0,0,0,0,0,0,0,0,0,0,0,0,0,1
MSFT,2021-04-12,2021-04-12T10:51:09-04:00,0001193125-21-112687,1,1,EX99,5,1,4,7.01,8-K|EX-99.1|EX-99.2,2,0,2,0.5,0.0,0.5,0.4655201434798073,0.002796765723261243,0.5316831074268578,0.46272337775654604,0.42784525174971577,-0.0047959010116755,0.9999989085384282,0.999998927116394,0.01118431892246,EX-99.1,1,EX-99.2,0,0,0,0,0,0,0,0,0,0,0,0,1,0
MSFT,2021-04-27,2021-04-27T16:04:57-04:00,0001193125-21-134213,1,1,EX99,5,1,4,2.02,8-K|EX-99.1,4,0,0,1.0,0.0,0.0,0.8905569016933441,0.00010314093934282418,0.10933996249468687,0.8904537607540013,0.995836314340043,0.5701609387469944,0.9999814755889248,0.9999822378158568,0.0004107818531338,EX-99.1,3,EX-99.1,2,0,0,0,0,1,0,0,0,0,0,0,0,0
MSFT,2021-05-20,2021-05-20T17:15:35-04:00,0001193125-21-167940,1,0,8K,1,1,0,5.02,8-K,0,0,1,0.0,0.0,1.0,1.1678869213938017e-06,8.206527127185836e-06,0.9999905824661256,-7.038640205792035e-06,-7.038640205792035e-06,-7.038640205792035e-06,-7.038640205792035e-06,1.1678869213938017e-06,8.206527127185836e-06,8-K,0,8-K,0,0,0,0,0,0,0,0,1,0,0,0,0,0
MSFT,2021-06-17,2021-06-17T09:01:05-04:00,0001193125-21-192783,1,0,8K,1,1,0,8.01,8-K,0,0,1,0.0,0.0,1.0,0.0030296402983367,0.000188744670595,0.996781587600708,0.0028408956277417,0.0028408956277417,0.0028408956277417,0.0028408956277417,0.0030296402983367,0.000188744670595,8-K,0,8-K,0,0,0,0,0,0,0,0,0,0,0,0,0,1
MSFT,2021-07-08,2021-07-08T16:24:37-04:00,0001193125-21-210827,1,1,EX99,2,1,1,8.01,8-K|EX-99.1,0,0,1,0.0,0.0,1.0,9.452071026316844e-06,2.902201686083572e-06,0.9999877214431764,6.549869340233272e-06,6.549869340233272e-06,6.549869340233272e-06,6.549869340233272e-06,9.452071026316844e-06,2.902201686083572e-06,EX-99.1,0,EX-99.1,0,0,0,0,0,0,0,0,0,0,0,0,0,1
MSFT,2021-07-27,2021-07-27T16:41:19-04:00,0001193125-21-225746,1,1,EX99,4,1,3,2.02,8-K|EX-99.1,3,0,0,1.0,0.0,0.0,0.9999828338623047,1.5056233089912516e-07,1.704973777094665e-05,0.9999826832999738,0.9999989125366372,0.9999491538828522,0.999999983480432,1.0,4.205876678042842e-07,EX-99.1,0,EX-99.1,1,0,0,0,0,1,0,0,0,0,0,0,0,0
MSFT,2021-10-26,2021-10-26T16:04:14-04:00,0001193125-21-307941,1,1,EX99,5,1,4,2.02,8-K|EX-99.1,4,0,0,1.0,0.0,0.0,0.9879875779151917,3.922551400891343e-05,0.011973231322485834,0.9879483524011827,0.999734218200552,0.9523266600590432,0.9999983131445838,0.9999983310699464,0.0001563979167258,EX-99.1,0,EX-99.1,2,0,0,0,0,1,0,0,0,0,0,0,0,0
MSFT,2021-11-30,2021-11-30T16:25:20-05:00,0001193125-21-343711,1,0,8K,4,4,0,5.07,8-K,0,0,4,0.0,0.0,1.0,1.624652824716577e-06,3.935196872362212e-06,0.9999944567680359,-2.310544047645635e-06,-1.188170102750519e-06,-7.365841383943916e-06,5.000053988624131e-07,2.5352412649226608e-06,9.33712362893857e-06,8-K,2,8-K,0,0,0,0,0,0,0,0,0,0,1,0,0,0
MSFT,2022-01-18,2022-01-18T08:49:05-05:00,0001193125-22-010667,1,1,EX99,6,1,5,7.01,8-K|EX-99.1|EX-99.2,2,0,3,0.4,0.0,0.6,0.3974984857286927,0.0022408402005339506,0.6002606256632134,0.39525764552815873,0.0035630765050882,-0.0047959010116755,0.9988065217592066,0.998807430267334,0.01118431892246,EX-99.1,1,EX-99.2,0,0,0,0,0,0,0,0,0,0,0,0,1,0
MSFT,2022-01-25,2022-01-25T16:03:05-05:00,0001193125-22-017041,1,1,EX99,4,1,3,2.02,8-K|EX-99.1,2,0,1,0.6666666666666666,0.0,0.3333333333333333,0.6666768895896288,4.077923853647563e-05,0.3332823770408743,0.6666361103510922,0.9999998740702408,-9.153824430541135e-05,0.9999999952273412,1.0,0.0001223262224812,EX-99.1,0,EX-99.1,2,0,0,0,0,1,0,0,0,0,0,0,0,0
MSFT,2022-04-26,2022-04-26T16:03:59-04:00,0001193125-22-120207,1,1,EX99,5,1,4,2.02,8-K|EX-99.1,3,0,1,0.75,0.0,0.25,0.749871140653795,3.817898505342754e-06,0.2501250512430601,0.7498673227552897,0.9997375564899031,-4.974090188625269e-06,0.999999152131541,0.9999991655349731,1.4772835129406303e-05,EX-99.1,0,EX-99.1,2,0,0,0,0,1,0,0,0,0,0,0,0,0
MSFT,2022-06-02,2022-06-02T09:01:35-04:00,0001193125-22-165839,1,1,EX99,2,1,1,7.01,8-K|EX-99.1,0,0,1,0.0,0.0,1.0,0.0008165691979229,0.0005631144740618,0.9986203908920288,0.000253454723861,0.000253454723861,0.000253454723861,0.000253454723861,0.0008165691979229,0.0005631144740618,EX-99.1,0,EX-99.1,0,0,0,0,0,0,0,0,0,0,0,0,1,0
MSFT,2022-07-26,2022-07-26T16:02:59-04:00,0001193125-22-202034,1,1,EX99,6,1,5,2.02,8-K|EX-99.1,4,1,0,0.8,0.2,0.0,0.7993022200230143,0.19999986574018536,0.0006979333301884961,0.599302354282829,0.9999221160775528,-0.9999979750497232,0.9999993498288012,0.9999994039535522,0.999998927116394,EX-99.1,0,EX-99.1,1,0,0,0,0,1,0,0,0,0,0,0,0,0
MSFT,2022-10-25,2022-10-25T16:02:59-04:00,0001193125-22-268356,1,1,EX99,5,1,4,2.02,8-K|EX-99.1,3,1,0,0.75,0.25,0.0,0.7497107390954625,0.1333267074710669,0.11696252674346393,0.6163840316243956,0.9990454692862514,-0.5325443131150678,0.9999895010401474,0.9999901056289672,0.5333051085472107,EX-99.1,0,EX-99.1,2,0,0,0,0,1,0,0,0,0,0,0,0,0
MSFT,2022-12-16,2022-12-16T09:01:06-05:00,0001193125-22-306591,1,0,8K,4,4,0,5.07,8-K,0,0,4,0.0,0.0,1.0,2.091369943002519e-06,1.5651791898108058e-06,0.9999963343143463,5.261907531917132e-07,4.5508603818689153e-07,-6.506037379949703e-07,1.84519467438804e-06,4.019530479126843e-06,2.174335804738803e-06,8-K,3,8-K,3,0,0,0,0,0,0,0,0,0,1,0,0,0
MSFT,2023-01-18,2023-01-18T09:15:37-05:00,0001193125-23-009934,1,1,EX99,3,1,2,7.01,8-K|EX-99.1,2,0,0,1.0,0.0,0.0,0.7962036430835724,0.006130584071797772,0.19766580522991717,0.7900730590117746,0.7900730590117746,0.5829651020467281,0.9971810159768212,0.9972063899040222,0.0122357942163944,EX-99.1,1,EX-99.1,0,0,0,0,0,0,0,0,0,0,0,0,1,0
MSFT,2023-01-24,2023-01-24T16:28:00-05:00,0001193125-23-014230,1,1,EX99,5,1,4,2.02,8-K|EX-99.1,2,1,1,0.5,0.25,0.25,0.5371951835841173,0.23702983758522223,0.22577496103258451,0.3001653459988951,0.5716901791201962,-0.942662252986338,0.999943278741526,0.9999434947967528,0.9427402019500732,EX-99.1,3,EX-99.1,2,0,0,0,0,1,0,0,0,0,0,0,0,0
MSFT,2023-04-25,2023-04-25T16:03:03-04:00,0001193125-23-115280,1,1,EX99,4,1,3,2.02,8-K|EX-99.1,3,0,0,1.0,0.0,0.0,0.9997765223185221,1.1155661325072212e-06,0.00022237448790934924,0.9997754067523896,0.9996881113794984,0.9996385937140532,0.9999995151636174,0.9999995231628418,2.58632439908979e-06,EX-99.1,0,EX-99.1,1,0,0,0,0,1,0,0,0,0,0,0,0,0
MSFT,2023-07-03,2023-07-03T16:05:34-04:00,0001193125-23-181341,1,0,8K,1,1,0,5.03,8-K,0,0,1,0.0,0.0,1.0,1.7792157450458035e-05,3.042420939891599e-05,0.9999518394470216,-1.2632051948457956e-05,-1.2632051948457956e-05,-1.2632051948457956e-05,-1.2632051948457956e-05,1.7792157450458035e-05,3.042420939891599e-05,8-K,0,8-K,0,0,0,0,0,0,0,0,0,1,0,0,0,0
MSFT,2023-07-25,2023-07-25T16:02:47-04:00,0000950170-23-034400,1,1,EX99,5,1,4,2.02,8-K|EX-99.1,4,0,0,1.0,0.0,0.0,0.9845851361751556,6.071501830182532e-05,0.015354157245511138,0.9845244211568538,0.9992160682522524,0.9396661780483556,0.9999993700745547,0.9999994039535522,0.000240836321609,EX-99.1,0,EX-99.1,2,0,0,0,0,1,0,0,0,0,0,0,0,0
MSFT,2023-10-11,2023-10-11T16:17:04-04:00,0001193125-23-254151,1,1,EX99,3,1,2,8.01,8-K|EX-99.1,0,0,2,0.0,0.0,1.0,0.00034287957396372695,5.805307955597527e-05,0.9995990991592407,0.00028482649440771,0.00028482649440771,-8.795602752798004e-05,0.0006576090163434,0.0006797828245908,9.393235086463392e-05,EX-99.1,1,EX-99.1,0,0,0,0,0,0,0,0,0,0,0,0,0,1
MSFT,2023-10-13,2023-10-13T08:37:32-04:00,0001193125-23-255762,1,0,8K,2,2,0,2.01,8-K,0,0,2,0.0,0.0,1.0,0.0001627056190045112,6.797981484396587e-06,0.999830424785614,0.00015590763752012238,0.00015590763752012238,1.0019512615144777e-05,0.0003017957624251,0.0003143770445603,1.2581282135215588e-05,8-K,1,8-K,1,0,0,0,1,0,0,0,0,0,0,0,0,0
MSFT,2023-10-16,2023-10-16T17:30:10-04:00,0001104659-23-109428,1,1,EX99,10,3,7,8.01,8-K|EX-99.1,0,0,7,0.0,0.0,1.0,4.05349322818332e-05,6.139934114506296e-05,0.9998980930873326,-2.08644088632294e-05,-1.1751972124329768e-06,-0.0002642187537276,0.0001213799437209,0.0001265872124349,0.0003647021949291,EX-99.1,0,EX-99.1,2,0,0,0,0,0,0,0,0,0,0,0,0,1
MSFT,2023-10-24,2023-10-24T16:03:29-04:00,0000950170-23-054848,1,1,EX99,4,1,3,2.02,8-K|EX-99.1,3,0,0,1.0,0.0,0.0,0.9944074551264445,2.6527718153997646e-06,0.005589901279313591,0.9944048023546291,0.999997719584668,0.9832166903943288,0.9999999970848904,1.0,7.939961506053805e-06,EX-99.1,0,EX-99.1,2,0,0,0,0,1,0,0,0,0,0,0,0,0
MSFT,2023-10-30,2023-10-30T06:04:32-04:00,0001193125-23-265616,1,1,EX99,9,2,7,8.01,8-K|EX-99.1,0,0,7,0.0,0.0,1.0,0.00013802562976447232,1.5608737969939413e-05,0.9998463903154645,0.00012241689179452527,6.0332258726703e-06,-6.666628905804828e-06,0.0008288044482469,0.0008671946125105,4.940403960063122e-05,EX-99.1,1,EX-99.1,6,0,0,0,0,0,0,0,0,0,0,0,0,1
MSFT,2023-11-06,2023-11-06T16:14:08-05:00,0001193125-23-271376,1,0,8K,8,8,0,8.01,8-K,0,0,8,0.0,0.0,1.0,3.347655191987542e-05,2.470737803150491e-05,0.9999417960643768,8.769173888367732e-06,6.884989602440328e-06,-6.430409484892152e-05,4.0463484765496105e-05,7.805568748153746e-05,0.0001083930765162,8-K,2,8-K,1,0,0,0,0,0,0,0,0,0,0,0,0,1
MSFT,2023-12-08,2023-12-08T16:31:05-05:00,0001193125-23-291720,1,0,8K,5,5,0,5.07,8-K,0,0,5,0.0,0.0,1.0,5.100424550619209e-06,0.02131883945692151,0.9786760449409485,-0.02131373903237089,-1.9436458842392312e-07,-0.1065698950296791,2.209450030932203e-06,1.742553649819456e-05,0.1065873205661773,8-K,1,8-K,1,0,0,0,0,0,0,0,0,0,1,0,0,0
MSFT,2024-01-19,2024-01-19T16:39:35-05:00,0001193125-24-011295,1,1,EX99,4,2,2,1.05,8-K|EX-99.1,1,0,1,0.5,0.0,0.5,0.4964776384804282,0.0001372158876619745,0.5033851065672933,0.4963404225927662,0.4963404225927662,-6.977429438848048e-05,0.9927506194799208,0.9927923679351808,0.000232683320064,EX-99.1,1,EX-99.1,0,0,0,1,0,0,0,0,0,0,0,0,0,0
MSFT,2024-01-30,2024-01-30T16:03:17-05:00,0000950170-24-008809,1,1,EX99,5,1,4,2.02,8-K|EX-99.1,4,0,0,1.0,0.0,0.0,0.9816137701272964,4.965564147894345e-05,0.018336575806841886,0.9815641144858175,0.9999594127691624,0.9263378756295424,0.9999997567754026,0.9999997615814208,0.0001983864058274,EX-99.1,0,EX-99.1,2,0,0,0,0,1,0,0,0,0,0,0,0,0
MSFT,2024-04-25,2024-04-25T16:03:19-04:00,0000950170-24-048268,1,1,EX99,4,1,3,2.02,8-K|EX-99.1,3,0,0,1.0,0.0,0.0,0.9944061835606893,2.6572405703954396e-06,0.005591173676624068,0.9944035263201189,0.999993892456688,0.9832166903943288,0.9999999961093398,1.0,7.939961506053805e-06,EX-99.1,0,EX-99.1,2,0,0,0,0,1,0,0,0,0,0,0,0,0
MSFT,2024-07-30,2024-07-30T16:03:22-04:00,0000950170-24-087835,1,1,EX99,5,1,4,2.02,8-K|EX-99.1,4,0,0,1.0,0.0,0.0,0.9959645569324493,4.910011592307305e-07,0.00403499542438809,0.99596406593129,0.9997695797544174,0.9843171069065306,0.9999999973097948,1.0,1.0255206461806663e-06,EX-99.1,0,EX-99.1,3,0,0,0,0,1,0,0,0,0,0,0,0,0
MSFT,2024-08-21,2024-08-21T16:08:55-04:00,0001193125-24-204403,1,1,EX99,2,1,1,7.01,8-K|EX-99.1,0,0,1,0.0,0.0,1.0,8.369758870685473e-05,0.0110382540151476,0.988878071308136,-0.0109545564264408,-0.0109545564264408,-0.0109545564264408,-0.0109545564264408,8.369758870685473e-05,0.0110382540151476,EX-99.1,0,EX-99.1,0,0,0,0,0,0,0,0,0,0,0,0,1,0
MSFT,2024-10-30,2024-10-30T16:04:07-04:00,0000950170-24-118955,1,1,EX99,4,1,3,2.02,8-K|EX-99.1,2,0,1,0.6666666666666666,0.0,0.3333333333333333,0.6843819320201874,0.000289848326568946,0.315328222903957,0.6840920836936184,0.999995577686918,0.052280678297393,0.999999995096544,1.0,0.0008695285068824,EX-99.1,0,EX-99.1,2,0,0,0,0,1,0,0,0,0,0,0,0,0
MSFT,2024-12-03,2024-12-03T16:00:37-05:00,0000950170-24-132722,1,1,EX99,103,2,101,8.01,8-K|EX-99.1,19,1,81,0.18811881188118812,0.009900990099009901,0.801980198019802,0.18957952556407615,0.014068359934012833,0.7963521159040058,0.1755111656300633,1.0788889596824449e-05,-0.9580911032389848,0.9999997247715768,0.9999997615814208,0.961592972278595,EX-99.1,2,EX-99.1,30,0,0,0,0,0,0,0,0,0,0,0,0,1
MSFT,2024-12-11,2024-12-11T16:01:27-05:00,0001193125-24-275524,1,0,8K,5,5,0,5.07,8-K,0,0,5,0.0,0.0,1.0,4.705242781710695e-06,3.754309689156799e-05,0.9999577760696411,-3.283785410985729e-05,-1.060533463714819e-06,-8.92557718543685e-05,2.1867185751034413e-06,1.0085234862344803e-05,9.934100671671332e-05,8-K,4,8-K,4,0,0,0,0,0,0,0,0,0,1,0,0,0
MSFT,2025-01-22,2025-01-22T17:15:39-05:00,0001193125-25-010492,1,0,8K,1,1,0,5.02,8-K,0,0,1,0.0,0.0,1.0,3.974556875618873e-06,0.0003076908178627,0.9996883869171144,-0.0003037162609871,-0.0003037162609871,-0.0003037162609871,-0.0003037162609871,3.974556875618873e-06,0.0003076908178627,8-K,0,8-K,0,0,0,0,0,0,0,0,1,0,0,0,0,0
MSFT,2025-01-29,2025-01-29T16:08:56-05:00,0000950170-25-010484,1,1,EX99,3,1,2,2.02,8-K|EX-99.1,2,0,0,1.0,0.0,0.0,0.9999988675117493,1.2952100281182766e-08,1.153393821340387e-06,0.999998854559649,0.999998854559649,0.9999978399541476,0.9999998691651504,0.9999998807907104,1.4278640492193516e-08,EX-99.1,0,EX-99.1,1,0,0,0,0,1,0,0,0,0,0,0,0,0
MSFT,2025-04-30,2025-04-30T16:06:03-04:00,0000950170-25-061032,1,1,EX99,4,1,3,2.02,8-K|EX-99.1,3,0,0,1.0,0.0,0.0,0.9885121385256449,2.9785555840285602e-06,0.011484850712631547,0.9885091599700608,0.9999956996890907,0.9655317833348818,0.99999999688621,1.0,8.92377647687681e-06,EX-99.1,0,EX-99.1,2,0,0,0,0,1,0,0,0,0,0,0,0,0
MSFT,2025-07-01,2025-07-01T17:00:47-04:00,0001193125-25-154103,1,0,8K,1,1,0,5.03,8-K,0,0,1,0.0,0.0,1.0,0.000148269944475,0.000260019180132,0.9995917677879332,-0.000111749235657,-0.000111749235657,-0.000111749235657,-0.000111749235657,0.000148269944475,0.000260019180132,8-K,0,8-K,0,0,0,0,0,0,0,0,0,1,0,0,0,0
MSFT,2025-07-30,2025-07-30T16:08:53-04:00,0000950170-25-100226,1,1,EX99,4,1,3,2.02,8-K|EX-99.1,3,0,0,1.0,0.0,0.0,0.9776085615158081,1.7989118143250475e-06,0.022389655017028304,0.9776067626039938,0.9999965350546988,0.9328237578120024,0.9999999949452802,1.0,5.383804818848148e-06,EX-99.1,0,EX-99.1,2,0,0,0,0,1,0,0,0,0,0,0,0,0
MSFT,2025-09-30,2025-09-30T16:37:10-04:00,0001193125-25-225125,1,0,8K,1,1,0,5.02,8-K,0,0,1,0.0,0.0,1.0,4.28789462603163e-06,1.4876772183924912e-05,0.9999808073043824,-1.0588877557893284e-05,-1.0588877557893284e-05,-1.0588877557893284e-05,-1.0588877557893284e-05,4.28789462603163e-06,1.4876772183924912e-05,8-K,0,8-K,0,0,0,0,0,0,0,0,1,0,0,0,0,0
MSFT,2025-10-29,2025-10-29T16:07:42-04:00,0001193125-25-256310,1,1,EX99,6,1,5,2.02,8-K|EX-99.1|EX-99.2,4,0,1,0.8,0.0,0.2,0.6785273556888569,2.607309097335531e-06,0.3214700407293208,0.6785247483797596,0.8886348948622071,0.0004189721171314,0.9999997559713654,0.9999997615814208,7.218350674520479e-06,EX-99.1,0,EX-99.2,0,0,0,0,0,1,0,0,0,0,0,0,0,0
MSFT,2025-12-08,2025-12-08T16:00:35-05:00,0001193125-25-311196,1,0,8K,4,4,0,5.02,8-K,0,0,4,0.0,0.0,1.0,4.995199788027094e-06,1.6775933318058378e-06,0.9999932944774628,3.3176064562212555e-06,1.83241627382813e-06,-4.621808784577297e-07,1.0067774155686491e-05,1.2846989193349144e-05,2.7792150376626523e-06,8-K,0,8-K,0,0,0,0,0,0,0,0,1,0,0,0,0,0
MSFT,2026-01-28,2026-01-28T16:04:38-05:00,0001193125-26-027198,1,1,EX99,4,1,3,2.02,8-K|EX-99.1,3,0,0,1.0,0.0,0.0,0.9424020648002625,9.542091750821176e-07,0.05759702533570513,0.9424011105910873,0.999959797766877,0.8272462955264928,0.9999972384798924,0.9999972581863404,2.575799953774549e-06,EX-99.1,0,EX-99.1,1,0,0,0,0,1,0,0,0,0,0,0,0,0
MSFT,2026-04-29,2026-04-29T16:03:31-04:00,0001193125-26-191457,1,1,EX99,4,1,3,2.02,8-K|EX-99.1,3,0,0,1.0,0.0,0.0,0.9967350959777832,1.4194050913000448e-05,0.003250705348439889,0.9967209019268702,0.9955911863435176,0.9945729648129032,0.99999855462419,0.9999985694885254,4.2117775592487305e-05,EX-99.1,0,EX-99.1,2,0,0,0,0,1,0,0,0,0,0,0,0,0
MSFT,2026-05-14,2026-05-14T16:28:48-04:00,0001193125-26-224155,1,1,EX99,3,1,2,5.02,8-K|EX-99.1,1,0,1,0.5,0.0,0.5,0.6512571573257446,2.3366458663076628e-05,0.34871946973726153,0.6512337908670816,0.6512337908670816,0.3075615672951244,0.9949060144390388,0.9949480295181274,4.2015079088741913e-05,EX-99.1,1,EX-99.1,1,0,0,0,0,0,0,0,1,0,0,0,0,0
MSFT,2026-06-05,2026-06-05T10:36:56-04:00,0001193125-26-258667,1,0,8K,1,1,0,5.02,8-K,0,0,1,0.0,0.0,1.0,8.829671969579067e-06,2.989413587783929e-05,0.999961256980896,-2.1064463908260223e-05,-2.1064463908260223e-05,-2.1064463908260223e-05,-2.1064463908260223e-05,8.829671969579067e-06,2.989413587783929e-05,8-K,0,8-K,0,0,0,0,0,0,0,0,1,0,0,0,0,0
MSFT,2026-07-29,2026-07-29T16:04:53-04:00,0001193125-26-323632,1,1,EX99,5,1,4,2.02,8-K|EX-99.1,3,0,1,0.75,0.0,0.25,0.7490027298626956,8.663311891865533e-06,0.2509886181666729,0.7489940665508037,0.9976601429370504,0.000658515498344,0.99999746483077,0.9999974966049194,3.345297591295093e-05,EX-99.1,0,EX-99.1,2,0,0,0,0,1,0,0,0,0,0,0,0,0
NFLX,2020-01-21,2020-01-21T16:03:07-05:00,0001065280-20-000035,1,1,EX99,15,1,14,2.02,8-K|EX-99.1,4,0,10,0.2857142857142857,0.0,0.7142857142857143,0.31977445945767613,1.267569736361031e-05,0.6802128801745013,0.3197617837603125,0.0048737838606029505,2.289869598826044e-06,0.9999998553671396,0.9999998807907104,0.0001351592072751,EX-99.1,0,EX-99.1,8,0,0,0,0,1,0,0,0,0,0,0,0,0
NFLX,2020-04-21,2020-04-21T16:02:36-04:00,0001065280-20-000153,1,1,EX99,17,1,16,2.02,8-K|EX-99.1,3,0,13,0.1875,0.0,0.8125,0.17323872207382426,0.04486830397854466,0.7818929808317989,0.1283704180952796,1.7570198451721808e-05,-0.2676390059350524,0.9998661924247472,0.9998664855957032,0.346562922000885,EX-99.1,11,EX-99.1,0,0,0,0,0,1,0,0,0,0,0,0,0,0
NFLX,2020-04-28,2020-04-28T16:50:13-04:00,0001193125-20-123239,1,1,EX99,6,4,2,1.01,8-K|EX-99.1|EX-99.2,0,0,2,0.0,0.0,1.0,1.072947338798258e-05,3.0472037337858637e-06,0.9999862313270569,7.682269654196716e-06,7.682269654196716e-06,5.199817792345129e-06,1.0164721516048305e-05,1.457885173294926e-05,4.414130216900958e-06,EX-99.1,0,EX-99.1,0,1,0,0,0,0,0,0,0,0,0,0,0,0
NFLX,2020-05-15,2020-05-15T17:20:10-04:00,0001193125-20-144151,1,1,EX99,13,1,12,8.01,8-K|EX-99.1,0,0,12,0.0,0.0,1.0,0.00040779820282446774,0.007472901449167064,0.9921192874511083,-0.007065103246342593,-3.216544200768112e-06,-0.0845024487935006,4.552520113065839e-05,0.0042451419867575,0.0887475907802581,EX-99.1,2,EX-99.1,2,0,0,0,0,0,0,0,0,0,0,0,0,1
NFLX,2020-06-09,2020-06-09T16:06:48-04:00,0001065280-20-000250,1,0,8K,3,3,0,5.07,8-K,0,0,3,0.0,0.0,1.0,6.062201085417958e-06,8.486689049883958e-06,0.9999854962031046,-2.424487964466001e-06,3.553444685167051e-07,-1.4452266896114452e-05,6.8234585341997445e-06,9.469721589994153e-06,2.184929144277703e-05,8-K,1,8-K,2,0,0,0,0,0,0,0,0,0,1,0,0,0
NFLX,2020-07-16,2020-07-16T16:57:23-04:00,0001065280-20-000306,1,1,EX99,13,2,11,2.02,8-K|EX-99.1,5,1,5,0.45454545454545453,0.09090909090909091,0.45454545454545453,0.48368789109020904,0.042427801020553144,0.4738843311148496,0.4412600900696559,0.3113960085629514,-0.2140653133392334,0.9999998650975286,0.9999998807907104,0.4652537107467651,EX-99.1,7,EX-99.1,4,0,0,0,0,1,0,0,0,0,0,0,0,0
NFLX,2020-09-04,2020-09-04T16:06:06-04:00,0001193125-20-240074,1,0,8K,1,1,0,5.03,8-K,0,0,1,0.0,0.0,1.0,4.768297731061466e-05,1.7832513549365103e-05,0.9999344348907472,2.985046376124956e-05,2.985046376124956e-05,2.985046376124956e-05,2.985046376124956e-05,4.768297731061466e-05,1.7832513549365103e-05,8-K,0,8-K,0,0,0,0,0,0,0,0,0,1,0,0,0,0
NFLX,2020-10-20,2020-10-20T16:07:02-04:00,0001065280-20-000448,1,1,EX99,15,1,14,2.02,8-K|EX-99.1,6,1,7,0.42857142857142855,0.07142857142857142,0.5,0.39663498399609615,0.03754358863419454,0.565821454743603,0.3590913953619016,6.910680656346331e-05,-0.4901275373995304,0.9999983084072248,0.9999983310699464,0.5255226492881775,EX-99.1,2,EX-99.1,0,0,0,0,0,1,0,0,0,0,0,0,0,0
NFLX,2020-12-14,2020-12-14T16:02:32-05:00,0001065280-20-000526,1,0,8K,1,1,0,5.02,8-K,0,0,1,0.0,0.0,1.0,1.6146825146279298e-05,0.0003911469539161,0.9995926022529602,-0.0003750001287698,-0.0003750001287698,-0.0003750001287698,-0.0003750001287698,1.6146825146279298e-05,0.0003911469539161,8-K,0,8-K,0,0,0,0,0,0,0,0,1,0,0,0,0,0
NFLX,2020-12-18,2020-12-18T16:03:25-05:00,0001065280-20-000530,1,1,EX99,3,2,1,5.02,8-K|EX-99.1,1,0,0,1.0,0.0,0.0,0.5394996404647827,8.109996997518465e-06,0.4604922235012054,0.5394915304677852,0.5394915304677852,0.5394915304677852,0.5394915304677852,0.5394996404647827,8.109996997518465e-06,EX-99.1,0,EX-99.1,0,0,0,0,0,0,0,0,1,0,0,0,0,0
NFLX,2020-12-28,2020-12-28T16:02:03-05:00,0001065280-20-000533,1,0,8K,1,1,0,5.02,8-K,0,0,1,0.0,0.0,1.0,1.1422098395996727e-06,6.812866786276572e-07,0.9999980926513672,4.6092316097201547e-07,4.6092316097201547e-07,4.6092316097201547e-07,4.6092316097201547e-07,1.1422098395996727e-06,6.812866786276572e-07,8-K,0,8-K,0,0,0,0,0,0,0,0,1,0,0,0,0,0
NFLX,2021-01-19,2021-01-19T16:02:11-05:00,0001065280-21-000037,1,1,EX99,14,1,13,2.02,8-K|EX-99.1,5,0,8,0.38461538461538464,0.0,0.6153846153846154,0.3692166901292484,1.3995925352958988e-05,0.6307692855002162,0.36920269420389545,0.0019355936592546,4.882556297047813e-06,0.9999990180436668,0.9999990463256836,0.0001372272818116,EX-99.1,2,EX-99.1,0,0,0,0,0,1,0,0,0,0,0,0,0,0
NFLX,2021-04-20,2021-04-20T16:06:16-04:00,0001065280-21-000143,1,1,EX99,11,2,9,2.02,8-K|EX-99.1,5,2,2,0.5555555555555556,0.2222222222222222,0.2222222222222222,0.5079357561141175,0.1842910069079835,0.30777323155406416,0.32364474920613395,0.5558245774996067,-0.999667527154088,0.999991239554788,0.9999922513961792,0.9998326301574708,EX-99.1,7,EX-99.1,0,0,0,0,0,1,0,0,0,0,0,0,0,0
NFLX,2021-06-04,2021-06-04T16:10:29-04:00,0001065280-21-000216,1,0,8K,2,2,0,5.07,8-K,0,0,2,0.0,0.0,1.0,6.161845476526651e-06,2.2841828695163713e-06,0.9999914765357971,3.877662607010279e-06,3.877662607010279e-06,-1.0681765161280057e-07,7.86214286563336e-06,1.0681320418370888e-05,2.8191775527375285e-06,8-K,1,8-K,1,0,0,0,0,0,0,0,0,0,1,0,0,0
NFLX,2021-06-17,2021-06-17T16:11:08-04:00,0001193125-21-193187,1,0,8K,1,1,0,1.01,8-K,0,0,1,0.0,0.0,1.0,3.5523487895261496e-05,1.686137511569541e-05,0.9999476671218872,1.8662112779566087e-05,1.8662112779566087e-05,1.8662112779566087e-05,1.8662112779566087e-05,3.5523487895261496e-05,1.686137511569541e-05,8-K,0,8-K,0,1,0,0,0,0,0,0,0,0,0,0,0,0
NFLX,2021-07-20,2021-07-20T16:04:07-04:00,0001065280-21-000249,1,1,EX99,15,1,14,2.02,8-K|EX-99.1,7,0,7,0.5,0.0,0.5,0.4848491132813381,9.181200201968286e-05,0.5150590881788568,0.48475730127931843,0.4396510974694365,-0.000395052076783,0.9999990301690662,0.9999990463256836,0.001166102127172,EX-99.1,0,EX-99.1,9,0,0,0,0,1,0,0,0,0,0,0,0,0
NFLX,2021-09-10,2021-09-10T16:05:31-04:00,0001065280-21-000319,1,0,8K,1,1,0,5.02,8-K,0,0,1,0.0,0.0,1.0,0.0002646366483531,8.221352618420497e-05,0.9996531009674072,0.0001824231221689,0.0001824231221689,0.0001824231221689,0.0001824231221689,0.0002646366483531,8.221352618420497e-05,8-K,0,8-K,0,0,0,0,0,0,0,0,1,0,0,0,0,0
NFLX,2021-10-19,2021-10-19T16:02:05-04:00,0001065280-21-000362,1,1,EX99,15,1,14,2.02,8-K|EX-99.1,5,0,9,0.35714285714285715,0.0,0.6428571428571429,0.34954091033827844,0.0002224566036447404,0.6502366208913208,0.3493184537346337,0.0088557807914639,-4.616680371327675e-09,0.9999999846215016,1.0,0.0030295175965875,EX-99.1,0,EX-99.1,8,0,0,0,0,1,0,0,0,0,0,0,0,0
NFLX,2021-12-21,2021-12-21T17:03:00-05:00,0001065280-21-000445,1,0,8K,1,1,0,5.02,8-K,0,0,1,0.0,0.0,1.0,9.72571342572337e-07,6.410061246242549e-07,0.9999984502792358,3.3156521794808214e-07,3.3156521794808214e-07,3.3156521794808214e-07,3.3156521794808214e-07,9.72571342572337e-07,6.410061246242549e-07,8-K,0,8-K,0,0,0,0,0,0,0,0,1,0,0,0,0,0
NFLX,2022-01-20,2022-01-20T16:01:51-05:00,0001065280-22-000035,1,1,EX99,14,1,13,2.02,8-K|EX-99.1,4,0,9,0.3076923076923077,0.0,0.6923076923076923,0.3085398828557943,2.26409535856584e-05,0.6914374844782317,0.30851724190220864,0.0019388909572626,-4.0957743863145886e-08,0.9999999723740558,1.0,0.0002497241948731,EX-99.1,0,EX-99.1,3,0,0,0,0,1,0,0,0,0,0,0,0,0
NFLX,2022-04-19,2022-04-19T16:03:19-04:00,0001065280-22-000144,1,1,EX99,15,1,14,2.02,8-K|EX-99.1,6,1,7,0.42857142857142855,0.07142857142857142,0.5,0.4199819105877975,0.04302938005292032,0.5369887008071551,0.37695253053487715,7.406585871194693e-05,-0.5026152692735195,0.9999979052658716,0.9999983310699464,0.5264866352081299,EX-99.1,5,EX-99.1,6,0,0,0,0,1,0,0,0,0,0,0,0,0
NFLX,2022-06-08,2022-06-08T16:10:13-04:00,0001065280-22-000216,1,0,8K,3,3,0,5.03,8-K,0,0,3,0.0,0.0,1.0,9.000772403548277e-06,2.580657034438142e-06,0.9999884366989136,6.420115369110135e-06,5.9348185459384695e-06,3.4931872505694634e-08,1.3290595688886242e-05,1.6090742064989172e-05,2.9254424589453265e-06,8-K,2,8-K,0,0,0,0,0,0,0,0,0,1,0,0,0,0
NFLX,2022-06-13,2022-06-13T16:04:42-04:00,0001065280-22-000217,1,0,8K,3,3,0,5.02,8-K,0,0,3,0.0,0.0,1.0,0.00027638796003276336,0.00208134054253149,0.9976422985394796,-0.001804952582498693,-7.257369816215943e-08,-0.0054678648011758,5.30796273778833e-05,0.0007718260167166,0.0062396908178925,8-K,2,8-K,2,0,0,0,0,0,0,0,1,0,0,0,0,0
NFLX,2022-07-19,2022-07-19T16:02:32-04:00,0001065280-22-000256,1,1,EX99,21,2,19,2.02,8-K|EX-99.1,9,0,10,0.47368421052631576,0.0,0.5263157894736842,0.4813859710461643,0.00029712356746722853,0.5183169214843609,0.4810888474786971,0.4353608368255663,-4.8945512531872743e-08,0.999999979591017,1.0,0.0054657291620969,EX-99.1,14,EX-99.1,4,0,0,0,0,1,0,0,0,0,0,0,0,0
NFLX,2022-09-23,2022-09-23T11:00:24-04:00,0001065280-22-000330,1,0,8K,1,1,0,5.02,8-K,0,0,1,0.0,0.0,1.0,5.362042884371476e-06,6.601872883038595e-05,0.9999285936355592,-6.065668594601448e-05,-6.065668594601448e-05,-6.065668594601448e-05,-6.065668594601448e-05,5.362042884371476e-06,6.601872883038595e-05,8-K,0,8-K,0,0,0,0,0,0,0,0,1,0,0,0,0,0
NFLX,2022-10-18,2022-10-18T16:06:07-04:00,0001065280-22-000367,1,1,EX99,20,2,18,2.02,8-K|EX-99.1,9,0,9,0.5,0.0,0.5,0.48680858188462633,0.00037282258372487196,0.5128186048715785,0.48643575930090144,0.3431127130429559,-0.0035751519608311,0.9999895218793852,0.9999897480010986,0.0039522373117506,EX-99.1,5,EX-99.1,4,0,0,0,0,1,0,0,0,0,0,0,0,0
NFLX,2022-10-21,2022-10-21T09:00:58-04:00,0001065280-22-000369,1,0,8K,1,1,0,5.02,8-K,0,0,1,0.0,0.0,1.0,1.5683937817811966e-05,0.0006588543765246,0.999325394630432,-0.0006431704387068,-0.0006431704387068,-0.0006431704387068,-0.0006431704387068,1.5683937817811966e-05,0.0006588543765246,8-K,0,8-K,0,0,0,0,0,0,0,0,1,0,0,0,0,0
NFLX,2022-12-09,2022-12-09T16:00:56-05:00,0001065280-22-000444,1,0,8K,1,1,0,5.02,8-K,0,0,1,0.0,0.0,1.0,8.704889296495821e-06,3.858220679830993e-06,0.9999874830245972,4.846668616664829e-06,4.846668616664829e-06,4.846668616664829e-06,4.846668616664829e-06,8.704889296495821e-06,3.858220679830993e-06,8-K,0,8-K,0,0,0,0,0,0,0,0,1,0,0,0,0,0
NFLX,2022-12-23,2022-12-23T16:01:26-05:00,0001065280-22-000445,1,0,8K,3,3,0,5.02,8-K,0,0,3,0.0,0.0,1.0,1.6547563366960578e-06,1.6248686828627494e-06,0.9999967416127523,2.9887653833308527e-08,3.655541149782948e-07,-1.943201596077415e-06,1.667310442599046e-06,2.0631025563488947e-06,2.819396286213305e-06,8-K,1,8-K,2,0,0,0,0,0,0,0,1,0,0,0,0,0
NFLX,2023-01-09,2023-01-09T16:35:29-05:00,0001065280-23-000033,1,0,8K,3,3,0,5.02,8-K,0,0,3,0.0,0.0,1.0,0.00020634546681699484,0.0017152809822770273,0.9980783263842264,-0.0015089355154600324,5.691674687113846e-09,-0.0045678656897507,4.105345169591601e-05,0.0005734400474466,0.0051413057371973,8-K,2,8-K,2,0,0,0,0,0,0,0,1,0,0,0,0,0
NFLX,2023-01-19,2023-01-19T16:51:04-05:00,0001065280-23-000034,1,1,EX99,22,3,19,2.02,8-K|EX-99.1,10,0,9,0.5263157894736842,0.0,0.47368421052631576,0.5241298095223499,6.15368502119763e-06,0.4758640356967896,0.5241236558373287,0.9715040002652132,-7.495519014355523e-07,0.9999999944402216,1.0,6.785774166928604e-05,EX-99.1,8,EX-99.1,9,0,0,0,0,1,0,0,0,0,0,0,0,0
NFLX,2023-02-24,2023-02-24T16:01:56-05:00,0001065280-23-000062,1,0,8K,1,1,0,5.03,8-K,0,0,1,0.0,0.0,1.0,6.504677730845287e-05,1.991311364690773e-05,0.9999150037765504,4.513366366154514e-05,4.513366366154514e-05,4.513366366154514e-05,4.513366366154514e-05,6.504677730845287e-05,1.991311364690773e-05,8-K,0,8-K,0,0,0,0,0,0,0,0,0,1,0,0,0,0
NFLX,2023-04-18,2023-04-18T16:03:44-04:00,0001065280-23-000119,1,1,EX99,21,2,19,2.02,8-K|EX-99.1,8,0,11,0.42105263157894735,0.0,0.5789473684210527,0.4176359788028716,0.017280832346293018,0.5650831907488414,0.4003551464565786,0.1848990023136139,-0.0028190011798869,0.999999994712693,1.0,0.3253594934940338,EX-99.1,0,EX-99.1,2,0,0,0,0,1,0,0,0,0,0,0,0,0
NFLX,2023-06-06,2023-06-06T16:01:22-04:00,0001065280-23-000173,1,0,8K,2,2,0,5.07,8-K,0,0,2,0.0,0.0,1.0,2.0976194150534866e-06,1.840584843648685e-06,0.9999960660934448,2.570345714048017e-07,2.570345714048017e-07,-2.8677561658696504e-07,8.008447593965684e-07,2.5075787561945617e-06,1.9744356904993765e-06,8-K,1,8-K,0,0,0,0,0,0,0,0,0,0,1,0,0,0
NFLX,2023-07-19,2023-07-19T16:04:02-04:00,0001065280-23-000197,1,1,EX99,16,1,15,2.02,8-K|EX-99.1,7,0,8,0.4666666666666667,0.0,0.5333333333333333,0.4469819863811305,0.0001599018169580778,0.5528581174900695,0.44682208456417244,0.0912624225020408,-5.169589439901756e-05,0.9999999944392144,1.0,0.0021015927195549,EX-99.1,0,EX-99.1,1,0,0,0,0,1,0,0,0,0,0,0,0,0
NFLX,2023-09-08,2023-09-08T17:02:26-04:00,0001065280-23-000236,1,0,8K,1,1,0,5.02,8-K,0,0,1,0.0,0.0,1.0,6.161831151985098e-06,9.49938203120837e-06,0.9999842643737792,-3.337550879223272e-06,-3.337550879223272e-06,-3.337550879223272e-06,-3.337550879223272e-06,6.161831151985098e-06,9.49938203120837e-06,8-K,0,8-K,0,0,0,0,0,0,0,0,1,0,0,0,0,0
NFLX,2023-10-18,2023-10-18T16:01:28-04:00,0001065280-23-000272,1,1,EX99,20,2,18,2.02,8-K|EX-99.1,11,0,7,0.6111111111111112,0.0,0.3888888888888889,0.6167263285108473,1.2818465806930925e-05,0.3832608444217257,0.6167135100450403,0.9671100819290075,-4.5671504267374985e-05,0.9999999874325756,1.0,6.994859722908586e-05,EX-99.1,13,EX-99.1,17,0,0,0,0,1,0,0,0,0,0,0,0,0
NFLX,2023-12-08,2023-12-08T17:01:44-05:00,0001065280-23-000334,1,0,8K,7,7,0,5.02,8-K,0,0,7,0.0,0.0,1.0,5.9433521365845236e-05,4.610329755548394e-06,0.9999359846115112,5.482319161030113e-05,7.5088715902893455e-06,3.147180478890732e-06,0.0002899720739151,0.0003040130832232,1.4041009308130016e-05,8-K,2,8-K,2,0,0,0,0,0,0,0,1,0,0,0,0,0
NFLX,2024-01-23,2024-01-23T16:02:17-05:00,0001065280-24-000029,1,1,EX99,18,1,17,2.02,8-K|EX-99.1,9,0,8,0.5294117647058824,0.0,0.47058823529411764,0.5268366651371788,0.000594092850832017,0.472569248441049,0.5262425722863467,0.8905352440056049,-4.5671504267374985e-05,0.9999999976822158,1.0,0.0099496534094214,EX-99.1,0,EX-99.1,3,0,0,0,0,1,0,0,0,0,0,0,0,0
NFLX,2024-04-18,2024-04-18T16:02:24-04:00,0001065280-24-000127,1,1,EX99,18,3,15,2.02,8-K|EX-99.1,5,0,10,0.3333333333333333,0.0,0.6666666666666666,0.353551624616739,1.866306436782613e-05,0.6464297162903954,0.3535329615523712,0.0603651826386339,-4.5671504267374985e-05,0.9999999888134292,1.0,6.994859722908586e-05,EX-99.1,0,EX-99.1,14,0,0,0,0,1,0,0,0,0,0,0,0,0
NFLX,2024-06-07,2024-06-07T17:15:39-04:00,0001065280-24-000185,1,0,8K,2,2,0,5.07,8-K,0,0,2,0.0,0.0,1.0,2.879815838241484e-06,2.0022802686980867e-06,0.9999951124191284,8.775355695433973e-07,8.775355695433973e-07,-1.2946366041433066e-06,3.049707743230101e-06,4.625286237569526e-06,2.428982043056749e-06,8-K,1,8-K,0,0,0,0,0,0,0,0,0,0,1,0,0,0
NFLX,2024-07-18,2024-07-18T16:01:22-04:00,0001065280-24-000199,1,1,EX99,16,1,15,2.02,8-K|EX-99.1,9,0,6,0.6,0.0,0.4,0.542025227255787,2.4329291383884645e-05,0.45795044379747624,0.5420008979644031,0.6778482981753768,-4.5671504267374985e-05,0.9999999925235644,1.0,0.0002319625782547,EX-99.1,0,EX-99.1,5,0,0,0,0,1,0,0,0,0,0,0,0,0
NFLX,2024-08-01,2024-08-01T16:14:14-04:00,0001140361-24-035325,1,0,8K,2,2,0,8.01,8-K,0,0,2,0.0,0.0,1.0,1.6910738850128837e-05,5.731661303798319e-06,0.9999774098396301,1.1179077546330518e-05,1.1179077546330518e-05,3.6848377931164578e-06,1.867331729954458e-05,2.424982449156232e-05,5.886815415578894e-06,8-K,0,8-K,1,0,0,0,0,0,0,0,0,0,0,0,0,1
NFLX,2024-10-17,2024-10-17T16:01:18-04:00,0001065280-24-000286,1,1,EX99,15,1,14,2.02,8-K|EX-99.1,8,0,6,0.5714285714285714,0.0,0.42857142857142855,0.5676621384303806,5.280649446921208e-06,0.43233258653100853,0.5676568577809337,0.8458556070083887,1.4923970184099744e-06,0.9999999964376672,1.0,2.9719843951170333e-05,EX-99.1,0,EX-99.1,10,0,0,0,0,1,0,0,0,0,0,0,0,0
NFLX,2025-01-21,2025-01-21T16:02:20-05:00,0001065280-25-000033,1,1,EX99,19,2,17,2.02,8-K|EX-99.1,7,0,10,0.4117647058823529,0.0,0.5882352941176471,0.4168898988357609,1.2314285535114546e-05,0.5830977953231398,0.4168775845502258,0.0121433458691626,1.8277585809300945e-06,0.9999999829878412,1.0,0.0001679011184023,EX-99.1,0,EX-99.1,8,0,0,0,0,1,0,0,0,0,0,0,0,0
NFLX,2025-04-17,2025-04-17T16:04:05-04:00,0001065280-25-000175,1,1,EX99,16,2,14,2.02,8-K|EX-99.1,6,0,8,0.42857142857142855,0.0,0.5714285714285714,0.41663886589344656,9.666508244910917e-05,0.5832644752099057,0.4165422008109974,0.0503190620192981,-0.0009835991440922,0.9999999956089112,1.0,0.001008317572996,EX-99.1,0,EX-99.1,13,0,0,0,0,1,0,0,0,0,0,0,0,0
NFLX,2025-06-06,2025-06-06T17:01:36-04:00,0001065280-25-000286,1,0,8K,3,3,0,5.07,8-K,0,0,3,0.0,0.0,1.0,3.1826228100347484e-06,3.251684082291225e-06,0.9999935626983643,-6.906127225647651e-08,-1.3861761232192291e-06,-3.0323574264912168e-06,4.2113497329410166e-06,7.192582415882498e-06,5.194039204070577e-06,8-K,2,8-K,0,0,0,0,0,0,0,0,0,0,1,0,0,0
NFLX,2025-06-24,2025-06-24T16:05:37-04:00,0001065280-25-000287,1,1,EX99,4,3,1,5.02,8-K|EX-99.1,1,0,0,1.0,0.0,0.0,0.9998175501823424,2.32873986760751e-07,0.0001822565245674,0.9998173173083558,0.9998173173083558,0.9998173173083558,0.9998173173083558,0.9998175501823424,2.32873986760751e-07,EX-99.1,0,EX-99.1,0,0,0,0,0,0,0,0,1,0,0,0,0,0
NFLX,2025-07-17,2025-07-17T16:04:28-04:00,0001065280-25-000322,1,1,EX99,16,1,15,2.02,8-K|EX-99.1,6,0,9,0.4,0.0,0.6,0.38366006603033986,8.05617416137494e-06,0.6163318604569302,0.38365200985617853,0.0027315053619076,1.1114018690250305e-05,0.999999879892962,0.9999998807907104,9.541906911181286e-05,EX-99.1,2,EX-99.1,14,0,0,0,0,1,0,0,0,0,0,0,0,0
NFLX,2025-10-21,2025-10-21T16:02:25-04:00,0001065280-25-000404,1,1,EX99,14,1,13,2.02,8-K|EX-99.1,6,0,7,0.46153846153846156,0.0,0.5384615384615384,0.4487526794589922,0.009069746179662776,0.5421775962203956,0.4396829332793294,0.0373294863966293,-0.0078927516296971,0.9999999939346832,1.0,0.1094246804714202,EX-99.1,8,EX-99.1,3,0,0,0,0,1,0,0,0,0,0,0,0,0
NFLX,2025-10-30,2025-10-30T16:12:32-04:00,0001065280-25-000407,1,1,EX99,2,1,1,8.01,8-K|EX-99.1,0,0,1,0.0,0.0,1.0,1.3992126696393823e-05,0.0011654325062409,0.9988204836845398,-0.0011514403795445,-0.0011514403795445,-0.0011514403795445,-0.0011514403795445,1.3992126696393823e-05,0.0011654325062409,EX-99.1,0,EX-99.1,0,0,0,0,0,0,0,0,0,0,0,0,0,1
NFLX,2025-11-04,2025-11-04T16:01:38-05:00,0001065280-25-000408,1,0,8K,5,5,0,5.02,8-K,0,0,5,0.0,0.0,1.0,9.129532118091887e-05,5.8290904189553734e-05,0.9998503923416138,3.300441699137858e-05,2.5458055461058397e-05,-9.993759158533068e-05,0.0001364705512969,0.0001523151586297,0.0002403176767984,8-K,3,8-K,4,0,0,0,0,0,0,0,1,0,0,0,0,0
NFLX,2025-11-14,2025-11-14T16:07:30-05:00,0001065280-25-000450,1,0,8K,1,1,0,5.03,8-K,0,0,1,0.0,0.0,1.0,5.128118209540844e-05,3.633334927144461e-06,0.9999451637268066,4.764784716826398e-05,4.764784716826398e-05,4.764784716826398e-05,4.764784716826398e-05,5.128118209540844e-05,3.633334927144461e-06,8-K,0,8-K,0,0,0,0,0,0,0,0,0,1,0,0,0,0
NFLX,2025-12-05,2025-12-05T07:31:07-05:00,0001193125-25-308651,1,1,EX99,23,19,4,1.01,8-K|EX-99.1,3,0,1,0.75,0.0,0.25,0.7498656650395787,8.026590203602524e-08,0.25013427896698204,0.7498655847736767,0.9997311120997434,1.7909019049966446e-06,0.999998323993315,0.9999983310699464,1.72082337712709e-07,EX-99.1,2,EX-99.1,3,1,0,0,0,0,0,0,0,0,0,0,0,0
NFLX,2025-12-22,2025-12-22T06:05:15-05:00,0001193125-25-327462,1,0,8K,10,10,0,1.01,8-K,0,1,9,0.0,0.1,0.9,0.0010494481376099208,0.1602910847107523,0.8386594861745834,-0.1592416365731424,-0.049082065021138946,-0.7504454895388335,1.7713997294777073e-05,0.0067298212088644,0.7526341676712036,8-K,7,8-K,2,1,0,0,0,0,0,0,0,0,0,0,0,0
NFLX,2026-01-20,2026-01-20T16:07:54-05:00,0001065280-26-000033,1,1,EX99,22,6,16,2.02,8-K|EX-99.1,9,0,7,0.5625,0.0,0.4375,0.5631079878739769,1.0193069645660499e-05,0.4368818466717221,0.5630977948043312,0.9947215661978817,-0.0001034166161844,0.9999999990565654,1.0,0.0001246394240297,EX-99.1,0,EX-99.1,15,0,0,0,0,1,0,0,0,0,0,0,0,0
NFLX,2026-01-20,2026-01-20T07:00:24-05:00,0001193125-26-015951,1,1,EX99,27,21,6,1.01,8-K|EX-99.1,2,0,4,0.3333333333333333,0.0,0.6666666666666666,0.3339392338336135,4.220365180292636e-06,0.666056566470805,0.3339350134684332,0.0019507683887631478,1.5388523024739698e-06,0.9999979292761552,0.9999979734420776,2.0749295799760148e-05,EX-99.1,1,EX-99.1,5,1,0,0,0,0,0,0,0,0,0,0,0,0
NFLX,2026-02-27,2026-02-27T15:15:18-05:00,0001193125-26-082247,1,0,8K,3,3,0,1.02,8-K,0,0,3,0.0,0.0,1.0,3.137761026058191e-05,1.6590820905548753e-05,0.9999519983927408,1.4786789355033155e-05,2.209120543739118e-05,-9.913415851769967e-06,3.218257847947825e-05,3.582967838156037e-05,4.241801434545778e-05,8-K,0,8-K,1,0,1,0,0,0,0,0,0,0,0,0,0,0
NFLX,2026-04-16,2026-04-16T16:01:58-04:00,0001065280-26-000137,1,1,EX99,14,1,13,2.02,8-K|EX-99.1,9,0,4,0.6923076923076923,0.0,0.3076923076923077,0.6919521296815498,8.104364410823813e-05,0.3079668160010695,0.6918710860374416,0.9993027032508052,-0.0009835991440922,0.999999997211467,1.0,0.001008317572996,EX-99.1,0,EX-99.1,12,0,0,0,0,1,0,0,0,0,0,0,0,0
NFLX,2026-04-22,2026-04-22T19:13:24-04:00,0001065280-26-000139,1,0,8K,1,1,0,8.01,8-K,0,0,1,0.0,0.0,1.0,0.0006510982639156,0.0001857451716205,0.9991632699966432,0.0004653530922951,0.0004653530922951,0.0004653530922951,0.0004653530922951,0.0006510982639156,0.0001857451716205,8-K,0,8-K,0,0,0,0,0,0,0,0,0,0,0,0,0,1
NFLX,2026-06-05,2026-06-05T17:01:21-04:00,0001065280-26-000189,1,0,8K,3,3,0,5.07,8-K,0,0,3,0.0,0.0,1.0,1.2533422856601344e-06,2.753834830097427e-06,0.9999959866205851,-1.500492544437293e-06,-1.110156290451414e-06,-3.542429794833879e-06,1.5110845197341405e-07,2.143320443792618e-06,5.043094915890833e-06,8-K,2,8-K,0,0,0,0,0,0,0,0,0,0,1,0,0,0
NFLX,2026-07-16,2026-07-16T16:03:19-04:00,0001065280-26-000211,1,1,EX99,14,1,13,2.02,8-K|EX-99.1,8,0,5,0.6153846153846154,0.0,0.38461538461538464,0.5825543402573273,2.2602120967580226e-05,0.4174230756477651,0.5825317381363597,0.8783245760469072,0.0001641570706851,0.9999999933588892,1.0,0.0002584997564554,EX-99.1,0,EX-99.1,12,0,0,0,0,1,0,0,0,0,0,0,0,0
NFLX,2026-07-22,2026-07-22T17:20:20-04:00,0001193125-26-312575,1,0,8K,2,2,0,8.01,8-K,0,0,2,0.0,0.0,1.0,1.1468741831777152e-05,6.630906000282266e-06,0.9999819397926331,4.8378358314948855e-06,4.8378358314948855e-06,1.3500712157110684e-06,8.325600447278703e-06,1.4696487596665976e-05,6.89092485117726e-06,8-K,0,8-K,1,0,0,0,0,0,0,0,0,0,0,0,0,1
NFLX,2026-07-30,2026-07-30T16:05:50-04:00,0001065280-26-000214,1,0,8K,1,1,0,5.02,8-K,0,0,1,0.0,0.0,1.0,1.3122403288434724e-05,0.0012826507445424,0.998704195022583,-0.001269528341254,-0.001269528341254,-0.001269528341254,-0.001269528341254,1.3122403288434724e-05,0.0012826507445424,8-K,0,8-K,0,0,0,0,0,0,0,0,1,0,0,0,0,0
NVDA,2020-02-13,2020-02-13T16:21:20-05:00,0001045810-20-000007,1,1,EX99,14,1,13,2.02,8-K|EX-99.1|EX-99.2,7,1,5,0.5384615384615384,0.07692307692307693,0.38461538461538464,0.5021378587951824,0.08794329641143846,0.4099188293896843,0.41419456238374386,0.5009178780019283,-0.9869328209897504,0.999999863446293,0.9999998807907104,0.9878877401351928,EX-99.2,2,EX-99.2,1,0,0,0,0,1,0,0,0,0,0,0,0,0
NVDA,2020-03-10,2020-03-10T16:12:46-04:00,0001045810-20-000033,1,0,8K,2,2,0,5.02,8-K,0,0,2,0.0,0.0,1.0,6.927455160621321e-06,3.102625555584382e-05,0.9999620318412781,-2.4098800395222497e-05,-2.4098800395222497e-05,-5.566775416809833e-05,7.470153377653332e-06,8.022036126931198e-06,6.150062836240977e-05,8-K,0,8-K,1,0,0,0,0,0,0,0,1,0,0,0,0,0
NVDA,2020-03-31,2020-03-31T17:15:12-04:00,0001193125-20-092939,1,0,8K,4,4,0,1.01,8-K,0,0,4,0.0,0.0,1.0,1.640381321976747e-05,1.411798228900807e-05,0.9999694526195526,2.2858309307594027e-06,1.5156718973230454e-06,-1.0553789252298884e-05,1.6665769180690404e-05,2.840522392943967e-05,3.895901318173856e-05,8-K,3,8-K,3,1,0,0,0,0,0,0,0,0,0,0,0,0
NVDA,2020-04-16,2020-04-16T18:06:42-04:00,0001045810-20-000048,1,0,8K,1,1,0,8.01,8-K,0,0,1,0.0,0.0,1.0,0.0582439750432968,7.864422514103353e-05,0.9416773915290833,0.0581653308181557,0.0581653308181557,0.0581653308181557,0.0581653308181557,0.0582439750432968,7.864422514103353e-05,8-K,0,8-K,0,0,0,0,0,0,0,0,0,0,0,0,0,1
NVDA,2020-04-27,2020-04-27T06:19:11-04:00,0001045810-20-000052,1,0,8K,2,2,0,2.01,8-K,0,0,2,0.0,0.0,1.0,1.1503646874189144e-05,9.329162068638652e-06,0.9999791383743286,2.1744848055504917e-06,2.1744848055504917e-06,1.2532509572338313e-06,3.095718653867152e-06,1.94741314771818e-05,1.822088051994797e-05,8-K,1,8-K,1,0,0,0,1,0,0,0,0,0,0,0,0,0
NVDA,2020-05-21,2020-05-21T16:22:07-04:00,0001045810-20-000063,1,1,EX99,12,1,11,2.02,8-K|EX-99.1|EX-99.2,4,2,5,0.36363636363636365,0.18181818181818182,0.45454545454545453,0.41074859399999364,0.14350796373499974,0.44574344819504447,0.2672406302649939,0.0470415297895669,-0.9984811661270214,0.9999993370264376,0.9999994039535522,0.998663067817688,EX-99.1,0,EX-99.2,1,0,0,0,0,1,0,0,0,0,0,0,0,0
NVDA,2020-06-15,2020-06-15T16:22:15-04:00,0001045810-20-000103,1,0,8K,4,4,0,5.02,8-K,0,0,4,0.0,0.0,1.0,1.0120264512636368e-05,6.535195262811286e-05,0.9999245256185532,-5.523168811549527e-05,4.939377191703898e-07,-0.0002340023547731,1.2087726872778148e-05,2.489976213837508e-05,0.0002589021169114,8-K,3,8-K,3,0,0,0,0,0,0,0,1,0,0,0,0,0
NVDA,2020-07-13,2020-07-13T16:22:43-04:00,0001045810-20-000127,1,0,8K,1,1,0,5.02,8-K,0,0,1,0.0,0.0,1.0,3.7583849916700274e-06,1.2817979495594043e-06,0.9999948740005492,2.476587042110623e-06,2.476587042110623e-06,2.476587042110623e-06,2.476587042110623e-06,3.7583849916700274e-06,1.2817979495594043e-06,8-K,0,8-K,0,0,0,0,0,0,0,0,1,0,0,0,0,0
NVDA,2020-08-19,2020-08-19T16:21:46-04:00,0001045810-20-000145,1,1,EX99,12,1,11,2.02,8-K|EX-99.1|EX-99.2,8,0,3,0.7272727272727273,0.0,0.2727272727272727,0.6894648681706961,0.000794303577919042,0.30974085125843814,0.688670564592777,0.9925809963115172,0.0002521958485885,0.9999999930339204,1.0,0.0084323668852448,EX-99.1,0,EX-99.2,4,0,0,0,0,1,0,0,0,0,0,0,0,0
NVDA,2020-09-14,2020-09-14T06:08:02-04:00,0001193125-20-244601,1,1,EX99,12,7,5,1.01,8-K|EX-99.1|EX-99.2,3,0,2,0.6,0.0,0.4,0.5295683995365721,0.00046730840748593014,0.469964300039004,0.5291010911290861,0.6486346526639863,-0.0007056292379274,0.9999996003722024,0.9999996423721312,0.0023338894825428,EX-99.1,1,EX-99.2,0,1,0,0,0,0,0,0,0,0,0,0,0,0
NVDA,2020-11-09,2020-11-09T16:32:03-05:00,0001045810-20-000181,1,0,8K,1,1,0,5.02,8-K,0,0,1,0.0,0.0,1.0,4.083817657374311e-06,2.1975649815431098e-06,0.9999938011169434,1.8862526758312013e-06,1.8862526758312013e-06,1.8862526758312013e-06,1.8862526758312013e-06,4.083817657374311e-06,2.1975649815431098e-06,8-K,0,8-K,0,0,0,0,0,0,0,0,1,0,0,0,0,0
NVDA,2020-11-18,2020-11-18T16:21:51-05:00,0001045810-20-000187,1,1,EX99,14,1,13,2.02,8-K|EX-99.1|EX-99.2,7,0,6,0.5384615384615384,0.0,0.46153846153846156,0.5791095259035222,0.017353416308799576,0.40353706712782633,0.5617561095947224,0.761496812575956,-0.1931845862418413,0.99999997702834,1.0,0.2172151803970337,EX-99.2,2,EX-99.1,4,0,0,0,0,1,0,0,0,0,0,0,0,0
NVDA,2021-02-24,2021-02-24T16:22:27-05:00,0001045810-21-000007,1,1,EX99,15,1,14,2.02,8-K|EX-99.1|EX-99.2,12,1,1,0.8571428571428571,0.07142857142857142,0.07142857142857142,0.8764580450619438,0.030725469701075123,0.09281648576256642,0.8457325753608685,0.9998199802713508,-0.140004813671112,0.9999999968490608,1.0,0.4299894273281097,EX-99.1,0,EX-99.2,3,0,0,0,0,1,0,0,0,0,0,0,0,0
NVDA,2021-03-18,2021-03-18T19:30:13-04:00,0001045810-21-000034,1,0,8K,2,2,0,5.02,8-K,0,0,2,0.0,0.0,1.0,1.1193795216968283e-05,3.685366743866325e-05,0.999951958656311,-2.5659872221694968e-05,-2.5659872221694968e-05,-6.305341685219901e-05,1.173367240880907e-05,1.234453247889178e-05,7.30964748072438e-05,8-K,0,8-K,1,0,0,0,0,0,0,0,1,0,0,0,0,0
NVDA,2021-04-12,2021-04-12T14:08:45-04:00,0001045810-21-000047,1,1,EX99,2,1,1,7.01,8-K|EX-99.1,1,0,0,1.0,0.0,0.0,1.0,1.8957513336914644e-09,6.757566506365721e-09,0.9999999981042488,0.9999999981042488,0.9999999981042488,0.9999999981042488,1.0,1.8957513336914644e-09,EX-99.1,0,EX-99.1,0,0,0,0,0,0,0,0,0,0,0,0,1,0
NVDA,2021-05-21,2021-05-21T09:02:17-04:00,0001045810-21-000056,1,1,EX99,2,1,1,8.01,8-K|EX-99.1,0,0,1,0.0,0.0,1.0,2.575527469161898e-05,1.3159132095097448e-06,0.999972939491272,2.4439361482109238e-05,2.4439361482109238e-05,2.4439361482109238e-05,2.4439361482109238e-05,2.575527469161898e-05,1.3159132095097448e-06,EX-99.1,0,EX-99.1,0,0,0,0,0,0,0,0,0,0,0,0,0,1
NVDA,2021-05-26,2021-05-26T16:20:35-04:00,0001045810-21-000063,1,1,EX99,14,1,13,2.02,8-K|EX-99.1|EX-99.2,8,0,5,0.6153846153846154,0.0,0.38461538461538464,0.6527839306878866,0.0001267305351819159,0.3470893315714659,0.6526572001527047,0.986552207902605,-2.495203261787537e-06,0.9999999973091378,1.0,0.0011879164958372,EX-99.1,0,EX-99.1,2,0,0,0,0,1,0,0,0,0,0,0,0,0
NVDA,2021-06-04,2021-06-04T18:50:36-04:00,0001045810-21-000075,1,0,8K,5,5,0,5.03,8-K,0,0,5,0.0,0.0,1.0,4.7574355392043796e-06,4.491051217314634e-06,0.9999907493591309,2.6638432188974547e-07,7.15031376330444e-08,-2.9862220856102795e-06,6.219445822353009e-06,1.611765765119344e-05,9.89821182884043e-06,8-K,0,8-K,0,0,0,0,0,0,0,0,0,1,0,0,0,0
NVDA,2021-06-16,2021-06-16T16:27:01-04:00,0001193125-21-192149,1,0,8K,4,4,0,1.01,8-K,0,0,4,0.0,0.0,1.0,1.197581650558277e-05,9.364908009956707e-06,0.9999786615371704,2.610908495626063e-06,2.2926415113033727e-06,-5.27417978446465e-06,1.1132530744362157e-05,1.7816939362091944e-05,2.3091119146556597e-05,8-K,3,8-K,3,1,0,0,0,0,0,0,0,0,0,0,0,0
NVDA,2021-06-28,2021-06-28T17:25:47-04:00,0001045810-21-000117,1,0,8K,1,1,0,7.01,8-K,0,0,1,0.0,0.0,1.0,1.9103545128018595e-05,2.6602808702591574e-06,0.9999783039093018,1.6443264257759438e-05,1.6443264257759438e-05,1.6443264257759438e-05,1.6443264257759438e-05,1.9103545128018595e-05,2.6602808702591574e-06,8-K,0,8-K,0,0,0,0,0,0,0,0,0,0,0,0,1,0
NVDA,2021-08-18,2021-08-18T16:21:07-04:00,0001045810-21-000128,1,1,EX99,13,1,12,2.02,8-K|EX-99.1|EX-99.2,9,0,3,0.75,0.0,0.25,0.7488241096452839,0.001017009085641765,0.2501588881474026,0.7478071005596422,0.9988572831959743,-0.0057640080340206,0.9999999962487348,1.0,0.0121753942221403,EX-99.2,2,EX-99.1,4,0,0,0,0,1,0,0,0,0,0,0,0,0
NVDA,2021-11-17,2021-11-17T16:20:59-05:00,0001045810-21-000160,1,1,EX99,14,1,13,2.02,8-K|EX-99.1|EX-99.2,8,0,5,0.6153846153846154,0.0,0.38461538461538464,0.6298381411817829,0.03695403855359988,0.33320784173381984,0.592884102628183,0.9994758217301368,-0.4793707948119845,0.999999993335261,1.0,0.4797313213348388,EX-99.1,0,EX-99.2,6,0,0,0,0,1,0,0,0,0,0,0,0,0
NVDA,2022-02-08,2022-02-08T08:09:34-05:00,0001045810-22-000005,1,0,8K,1,1,0,1.02,8-K,0,0,1,0.0,0.0,1.0,3.80904930352699e-05,0.0003119985922239,0.9996498823165894,-0.0002739080991887,-0.0002739080991887,-0.0002739080991887,-0.0002739080991887,3.80904930352699e-05,0.0003119985922239,8-K,0,8-K,0,0,1,0,0,0,0,0,0,0,0,0,0,0
NVDA,2022-02-16,2022-02-16T16:21:16-05:00,0001045810-22-000008,1,1,EX99,14,1,13,2.02,8-K|EX-99.1|EX-99.2,9,0,4,0.6923076923076923,0.0,0.3076923076923077,0.7217611889354885,5.100708414151722e-05,0.27818782032284817,0.7217101818513469,0.999878352805176,0.0021700283655263,0.9999999971875584,1.0,0.0006007016636431,EX-99.1,0,EX-99.2,3,0,0,0,0,1,0,0,0,0,0,0,0,0
NVDA,2022-03-09,2022-03-09T16:17:13-05:00,0001045810-22-000023,1,0,8K,2,2,0,5.02,8-K,0,0,2,0.0,0.0,1.0,9.298520126321819e-06,2.8793518680458874e-06,0.9999878406524658,6.419168258275931e-06,6.419168258275931e-06,5.824679902843855e-06,7.013656613708008e-06,1.2298238289076837e-05,5.284581675368827e-06,8-K,1,8-K,1,0,0,0,0,0,0,0,1,0,0,0,0,0
NVDA,2022-05-25,2022-05-25T16:22:25-04:00,0001045810-22-000073,1,1,EX99,13,1,12,2.02,8-K|EX-99.1|EX-99.2,8,0,4,0.6666666666666666,0.0,0.3333333333333333,0.6510899707694383,0.007921289664575783,0.34098873427086573,0.6431686811048625,0.7780300049603284,0.0019007470618817,0.9999987837055572,0.9999988079071044,0.0446714125573635,EX-99.1,0,EX-99.2,5,0,0,0,0,1,0,0,0,0,0,0,0,0
NVDA,2022-06-06,2022-06-06T17:29:41-04:00,0001045810-22-000088,1,0,8K,5,5,0,5.02,8-K,0,0,5,0.0,0.0,1.0,4.2933394240662896e-06,2.3108766555424152e-06,0.9999933958053588,1.982462768523874e-06,-6.615829306610976e-08,-1.0954474873869913e-06,1.2016848245366418e-05,1.3564655091613533e-05,7.165974238887429e-06,8-K,0,8-K,4,0,0,0,0,0,0,0,1,0,0,0,0,0
NVDA,2022-08-08,2022-08-08T09:16:50-04:00,0001045810-22-000133,1,1,EX99,4,1,3,2.02,8-K|EX-99.1,1,1,1,0.3333333333333333,0.3333333333333333,0.3333333333333333,0.3333301668392134,0.33342338592440984,0.3332464240565969,-9.321908519647385e-05,-0.0003376095185672,-0.9998735729895998,0.9999315252525776,0.9999336004257202,0.9999297857284546,EX-99.1,1,EX-99.1,0,0,0,0,0,1,0,0,0,0,0,0,0,0
NVDA,2022-08-24,2022-08-24T16:24:34-04:00,0001045810-22-000136,1,1,EX99,12,1,11,2.02,8-K|EX-99.1|EX-99.2,2,4,5,0.18181818181818182,0.36363636363636365,0.45454545454545453,0.1925653853907182,0.3987337947085879,0.4087008203272107,-0.2061684093178697,-0.0892925190273672,-0.9999960325832262,0.9999711726024998,0.9999712705612184,0.999997854232788,EX-99.1,2,EX-99.2,2,0,0,0,0,1,0,0,0,0,0,0,0,0
NVDA,2022-08-31,2022-08-31T17:00:22-04:00,0001045810-22-000146,1,0,8K,2,2,0,8.01,8-K,0,0,2,0.0,0.0,1.0,7.024143269516471e-05,0.0184258721928927,0.9815039336681366,-0.018355630760197496,-0.018355630760197496,-0.0366195977549068,-9.166376548819244e-05,0.000121867575217,0.0367414653301239,8-K,1,8-K,1,0,0,0,0,0,0,0,0,0,0,0,0,1
NVDA,2022-09-01,2022-09-01T07:05:16-04:00,0001045810-22-000151,1,0,8K,1,1,0,8.01,8-K,0,0,1,0.0,0.0,1.0,0.0023417354095727,9.961761679733172e-05,0.99755859375,0.0022421177927753,0.0022421177927753,0.0022421177927753,0.0022421177927753,0.0023417354095727,9.961761679733172e-05,8-K,0,8-K,0,0,0,0,0,0,0,0,0,0,0,0,0,1
NVDA,2022-11-16,2022-11-16T16:21:18-05:00,0001045810-22-000163,1,1,EX99,13,1,12,2.02,8-K|EX-99.1|EX-99.2,3,4,5,0.25,0.3333333333333333,0.4166666666666667,0.20867576070645555,0.3710769945929305,0.42024723886369014,-0.16240123388647495,-0.0005320631207723,-0.99999423951067,0.9991901372739562,0.999190628528595,0.999996304512024,EX-99.1,2,EX-99.2,2,0,0,0,0,1,0,0,0,0,0,0,0,0
NVDA,2023-02-22,2023-02-22T16:52:26-05:00,0001045810-23-000014,1,1,EX99,15,1,14,2.02,8-K|EX-99.1|EX-99.2,4,5,5,0.2857142857142857,0.35714285714285715,0.35714285714285715,0.26743558982265575,0.3543366022502791,0.3782278179252378,-0.08690101242762337,0.002455210077641812,-0.9944030789192766,0.9999779541440148,0.9999847412109376,0.9950260519981384,EX-99.2,2,EX-99.2,3,0,0,0,0,1,0,0,0,0,0,0,0,0
NVDA,2023-03-08,2023-03-08T16:12:15-05:00,0001045810-23-000039,1,0,8K,3,3,0,5.02,8-K,0,0,3,0.0,0.0,1.0,1.0674598115656408e-05,6.100707565792618e-06,0.9999831914901733,4.5738905498637905e-06,7.042426005909874e-06,-7.965314352986752e-06,1.464455999666825e-05,2.1793630367028527e-05,1.0706603461585472e-05,8-K,1,8-K,2,0,0,0,0,0,0,0,1,0,0,0,0,0
NVDA,2023-05-24,2023-05-24T16:22:18-04:00,0001045810-23-000087,1,1,EX99,12,1,11,2.02,8-K|EX-99.1|EX-99.2,5,2,4,0.45454545454545453,0.18181818181818182,0.36363636363636365,0.48114711400086724,0.1274800813066654,0.3913728053389191,0.3536670326942018,0.0270115395542234,-0.5331664830446243,0.9999742436770304,0.9999743700027466,0.7661758661270142,EX-99.1,2,EX-99.2,2,0,0,0,0,1,0,0,0,0,0,0,0,0
NVDA,2023-06-27,2023-06-27T17:11:03-04:00,0001045810-23-000146,1,0,8K,5,5,0,5.07,8-K,0,0,5,0.0,0.0,1.0,4.515673197147407e-06,4.863745800776087e-06,0.9999906539916992,-3.4807260362867964e-07,2.3043497776598088e-08,-3.290637721420353e-06,1.412169609693592e-06,1.990980308619328e-05,1.970552693819627e-05,8-K,0,8-K,0,0,0,0,0,0,0,0,0,0,1,0,0,0
NVDA,2023-07-24,2023-07-24T16:35:01-04:00,0001045810-23-000164,1,0,8K,1,1,0,5.02,8-K,0,0,1,0.0,0.0,1.0,8.126454304147046e-06,1.7449650613343692e-06,0.9999901056289672,6.381489242812677e-06,6.381489242812677e-06,6.381489242812677e-06,6.381489242812677e-06,8.126454304147046e-06,1.7449650613343692e-06,8-K,0,8-K,0,0,0,0,0,0,0,0,1,0,0,0,0,0
NVDA,2023-08-23,2023-08-23T16:21:42-04:00,0001045810-23-000171,1,1,EX99,11,1,10,2.02,8-K|EX-99.1|EX-99.2,8,0,2,0.8,0.0,0.2,0.836462447233498,3.924049810599683e-06,0.16353362249932032,0.8364585231836875,0.9998861336224588,0.0274427927733995,0.9999999958690484,1.0,1.8114073100150563e-05,EX-99.2,2,EX-99.1,3,0,0,0,0,1,0,0,0,0,0,0,0,0
NVDA,2023-10-17,2023-10-17T17:27:14-04:00,0001045810-23-000217,1,0,8K,2,2,0,8.01,8-K,0,0,2,0.0,0.0,1.0,0.0005080218725197069,0.035995019112306174,0.9634969532489777,-0.03548699723978642,-0.03548699723978642,-0.0709436507313512,-3.0343748221639544e-05,0.0009714840562082,0.0719151347875595,8-K,1,8-K,1,0,0,0,0,0,0,0,0,0,0,0,0,1
NVDA,2023-10-24,2023-10-24T09:00:18-04:00,0001045810-23-000221,1,0,8K,2,2,0,8.01,8-K,0,0,2,0.0,0.0,1.0,0.00024290925284728415,0.00853089883457865,0.9912261962890625,-0.00828798958173135,-0.00828798958173135,-0.0146111821304657,-0.001964797032997,0.0004536928609013,0.014643307775259,8-K,1,8-K,0,0,0,0,0,0,0,0,0,0,0,0,0,1
NVDA,2023-11-21,2023-11-21T16:22:00-05:00,0001045810-23-000225,1,1,EX99,13,1,12,2.02,8-K|EX-99.1|EX-99.2,8,0,4,0.6666666666666666,0.0,0.3333333333333333,0.6795510016653074,0.000546374030618369,0.31990264372251015,0.6790046276346889,0.9999533038555275,3.38357642704068e-06,0.9999998763985078,0.9999998807907104,0.0065094023011624,EX-99.1,0,EX-99.2,4,0,0,0,0,1,0,0,0,0,0,0,0,0
NVDA,2024-02-21,2024-02-21T16:22:09-05:00,0001045810-24-000028,1,1,EX99,14,1,13,2.02,8-K|EX-99.1|EX-99.2,11,0,2,0.8461538461538461,0.0,0.15384615384615385,0.7793177483187649,1.4404123807487679e-05,0.22066784807575546,0.7793033441949575,0.9997246132924004,1.9875517409673198e-06,0.9999999920146294,1.0,9.728526492835954e-05,EX-99.2,2,EX-99.1,3,0,0,0,0,1,0,0,0,0,0,0,0,0
NVDA,2024-03-14,2024-03-14T16:30:50-04:00,0001045810-24-000069,1,0,8K,2,2,0,5.02,8-K,0,0,2,0.0,0.0,1.0,2.9649160751432646e-05,4.184566620324404e-06,0.9999660849571228,2.5464594131108246e-05,2.5464594131108246e-05,3.571007880509569e-06,4.735818038170692e-05,5.516795863513835e-05,7.809778253431432e-06,8-K,1,8-K,1,0,0,0,0,0,0,0,1,0,0,0,0,0
NVDA,2024-05-22,2024-05-22T16:21:29-04:00,0001045810-24-000113,1,1,EX99,13,2,11,2.02,8-K|EX-99.1|EX-99.2,8,0,3,0.7272727272727273,0.0,0.2727272727272727,0.7354666165457192,8.801259467472365e-05,0.2644453644767761,0.7353786039510445,0.9998558004304527,0.0011708486199495,0.999999996736222,1.0,0.0009166877134703,EX-99.1,0,EX-99.1,4,0,0,0,0,1,0,0,0,0,0,0,0,0
NVDA,2024-06-07,2024-06-07T16:19:34-04:00,0001045810-24-000144,1,0,8K,1,1,0,5.03,8-K,0,0,1,0.0,0.0,1.0,0.0001705151080386,4.282013378542615e-06,0.9998251795768738,0.0001662330946601,0.0001662330946601,0.0001662330946601,0.0001662330946601,0.0001705151080386,4.282013378542615e-06,8-K,0,8-K,0,0,0,0,0,0,0,0,0,1,0,0,0,0
NVDA,2024-07-02,2024-07-02T16:47:41-04:00,0001045810-24-000206,1,0,8K,5,5,0,5.07,8-K,0,0,5,0.0,0.0,1.0,1.1476744703031728e-06,1.3229754017629602e-06,0.9999975442886353,-1.7530093145978762e-07,-1.050609341746167e-07,-1.8193727839843632e-06,2.089794406856526e-06,3.86981810152065e-06,2.152546585421078e-06,8-K,0,8-K,4,0,0,0,0,0,0,0,0,0,1,0,0,0
NVDA,2024-08-28,2024-08-28T16:21:16-04:00,0001045810-24-000262,1,1,EX99,12,1,11,2.02,8-K|EX-99.1|EX-99.2,8,0,3,0.7272727272727273,0.0,0.2727272727272727,0.725304877942511,9.042706759468642e-06,0.2746860865598218,0.7252958352357515,0.9990601663915016,-1.1386258620404988e-06,0.9999999984123172,1.0,5.6117307394742966e-05,EX-99.2,2,EX-99.2,4,0,0,0,0,1,0,0,0,0,0,0,0,0
NVDA,2024-11-07,2024-11-07T16:35:26-05:00,0001045810-24-000300,1,0,8K,1,1,0,5.02,8-K,0,0,1,0.0,0.0,1.0,6.99319934938103e-06,1.7587350384928868e-06,0.9999911785125732,5.234464310888143e-06,5.234464310888143e-06,5.234464310888143e-06,5.234464310888143e-06,6.99319934938103e-06,1.7587350384928868e-06,8-K,0,8-K,0,0,0,0,0,0,0,0,1,0,0,0,0,0
NVDA,2024-11-20,2024-11-20T16:21:20-05:00,0001045810-24-000315,1,1,EX99,11,1,10,2.02,8-K|EX-99.1|EX-99.2,8,0,2,0.8,0.0,0.2,0.7933255134574211,1.5211653428871704e-05,0.20665930304437116,0.7933103018039922,0.999596475386408,8.009823886823142e-06,0.9999999980436832,1.0,0.0001325364864896,EX-99.2,2,EX-99.2,4,0,0,0,0,1,0,0,0,0,0,0,0,0
NVDA,2025-01-17,2025-01-17T16:59:50-05:00,0001045810-25-000007,1,0,8K,3,3,0,8.01,8-K,0,1,2,0.0,0.3333333333333333,0.6666666666666666,9.908948656325743e-05,0.31214160796904855,0.6877592951059341,-0.3120425184824853,-3.1132378353504464e-05,-0.9360796484834282,-1.6774585674284026e-05,0.0001926150434883,0.9362722635269164,8-K,2,8-K,2,0,0,0,0,0,0,0,0,0,0,0,0,1
NVDA,2025-02-26,2025-02-26T16:21:32-05:00,0001045810-25-000021,1,1,EX99,14,1,13,2.02,8-K|EX-99.1|EX-99.2,12,0,1,0.9230769230769231,0.0,0.07692307692307693,0.80139211297277,0.003633257888081294,0.19497462463396428,0.7977588550846887,0.8285310856881551,0.0001683089176367,0.9999998743969116,0.9999998807907104,0.0468057133257389,EX-99.1,0,EX-99.1,4,0,0,0,0,1,0,0,0,0,0,0,0,0
NVDA,2025-03-07,2025-03-07T17:09:13-05:00,0001045810-25-000039,1,0,8K,2,2,0,5.02,8-K,0,0,2,0.0,0.0,1.0,4.7631885990995215e-06,8.485448515212214e-05,0.9999103844165802,-8.009129655303051e-05,-8.009129655303051e-05,-0.0001638485905459,3.665997439838975e-06,5.367991889215773e-06,0.0001692165824351,8-K,1,8-K,1,0,0,0,0,0,0,0,1,0,0,0,0,0
NVDA,2025-04-15,2025-04-15T17:22:59-04:00,0001045810-25-000082,1,0,8K,2,2,0,8.01,8-K,0,0,2,0.0,0.0,1.0,0.0002420372438791395,0.01051644503604615,0.9892414808273315,-0.010274407792167001,-0.010274407792167001,-0.018584018551337,-0.001964797032997,0.0004536928609013,0.018614400178194,8-K,1,8-K,0,0,0,0,0,0,0,0,0,0,0,0,0,1
NVDA,2025-05-28,2025-05-28T16:21:30-04:00,0001045810-25-000115,1,1,EX99,12,1,11,2.02,8-K|EX-99.1|EX-99.2,3,1,7,0.2727272727272727,0.09090909090909091,0.6363636363636364,0.3425806299652239,0.0547852698382782,0.6026340967026326,0.28779536012694573,0.0017953069182112,-0.553280521184206,0.9999997540625144,0.9999997615814208,0.6008561253547668,EX-99.2,3,EX-99.1,4,0,0,0,0,1,0,0,0,0,0,0,0,0
NVDA,2025-06-30,2025-06-30T18:35:29-04:00,0001045810-25-000179,1,0,8K,5,5,0,5.07,8-K,0,0,5,0.0,0.0,1.0,2.716125607094e-06,1.823595664518507e-06,0.9999954223632812,8.925299425754929e-07,3.633476808317937e-07,-1.1874914207510301e-07,2.4817823032208253e-06,5.966173375782091e-06,5.6028256949502975e-06,8-K,0,8-K,0,0,0,0,0,0,0,0,0,0,1,0,0,0
NVDA,2025-08-05,2025-08-05T16:31:08-04:00,0001045810-25-000197,1,0,8K,1,1,0,5.02,8-K,0,0,1,0.0,0.0,1.0,0.0002825194387696,0.0462065227329731,0.9535109400749208,-0.0459240032942034,-0.0459240032942034,-0.0459240032942034,-0.0459240032942034,0.0002825194387696,0.0462065227329731,8-K,0,8-K,0,0,0,0,0,0,0,0,1,0,0,0,0,0
NVDA,2025-08-27,2025-08-27T16:22:14-04:00,0001045810-25-000207,1,1,EX99,13,1,12,2.02,8-K|EX-99.1|EX-99.2,5,0,7,0.4166666666666667,0.0,0.5833333333333334,0.4583107148850634,1.184976833027799e-05,0.5416774277769557,0.4582988651167332,0.24994433464962634,2.815649793319608e-06,0.9999998686514164,0.9999998807907104,6.798292452003807e-05,EX-99.2,2,EX-99.2,4,0,0,0,0,1,0,0,0,0,0,0,0,0
NVDA,2025-11-19,2025-11-19T16:20:44-05:00,0001045810-25-000228,1,1,EX99,11,1,10,2.02,8-K|EX-99.1|EX-99.2,5,0,5,0.5,0.0,0.5,0.5833838814739692,2.1216233504989146e-05,0.4165949111133115,0.5833626652404643,0.7334429902793858,1.8086101647440955e-06,0.9999999969587356,1.0,0.0001844312937464,EX-99.2,2,EX-99.2,3,0,0,0,0,1,0,0,0,0,0,0,0,0
NVDA,2026-01-23,2026-01-23T17:01:33-05:00,0001045810-26-000003,1,0,8K,1,1,0,5.02,8-K,0,0,1,0.0,0.0,1.0,0.0001523444952908,0.005073778796941,0.994773805141449,-0.0049214343016501,-0.0049214343016501,-0.0049214343016501,-0.0049214343016501,0.0001523444952908,0.005073778796941,8-K,0,8-K,0,0,0,0,0,0,0,0,1,0,0,0,0,0
NVDA,2026-02-25,2026-02-25T16:31:25-05:00,0001045810-26-000019,1,1,EX99,14,1,13,2.02,8-K|EX-99.1|EX-99.2,5,0,8,0.38461538461538464,0.0,0.6153846153846154,0.4164047898206473,0.0003204601376612535,0.58327477137088,0.41608432968298603,0.0061374609358608,1.5410478226840496e-08,0.9999999980654232,1.0,0.0039891297928988,EX-99.1,5,EX-99.2,2,0,0,0,0,1,0,0,0,0,0,0,0,0
NVDA,2026-03-06,2026-03-06T16:11:25-05:00,0001045810-26-000024,1,0,8K,2,2,0,5.02,8-K,0,0,2,0.0,0.0,1.0,4.47070647169312e-06,8.002171963991244e-05,0.9999154806137085,-7.555101316823809e-05,-7.555101316823809e-05,-0.00015449378634,3.391760003523814e-06,5.04161062053754e-06,0.0001595353969605,8-K,1,8-K,1,0,0,0,0,0,0,0,1,0,0,0,0,0
NVDA,2026-04-27,2026-04-27T16:10:30-04:00,0001045810-26-000026,1,0,8K,2,2,0,5.02,8-K,0,0,2,0.0,0.0,1.0,0.0012164137224885824,0.00329247837225918,0.9954911172389984,-0.0020760646497705974,-0.0020760646497705974,-0.0041477789636701,-4.350335871095012e-06,0.0024315451737493,0.0065793241374194,8-K,1,8-K,1,0,0,0,0,0,0,0,1,0,0,0,0,0
NVDA,2026-05-08,2026-05-08T16:35:07-04:00,0001045810-26-000028,1,0,8K,1,1,0,5.02,8-K,0,0,1,0.0,0.0,1.0,7.607780844409717e-06,2.0890192899969406e-06,0.9999902248382568,5.518761554412777e-06,5.518761554412777e-06,5.518761554412777e-06,5.518761554412777e-06,7.607780844409717e-06,2.0890192899969406e-06,8-K,0,8-K,0,0,0,0,0,0,0,0,1,0,0,0,0,0
NVDA,2026-05-20,2026-05-20T16:21:19-04:00,0001045810-26-000051,1,1,EX99,11,1,10,2.02,8-K|EX-99.1|EX-99.2,7,0,3,0.7,0.0,0.3,0.7263159740823539,7.27806596746604e-05,0.2736112629420916,0.7262431934226792,0.9999726695360462,5.216365991600469e-06,0.9999998727060476,0.9999998807907104,0.0007073834422044,EX-99.2,2,EX-99.2,3,0,0,0,0,1,0,0,0,0,0,0,0,0
NVDA,2026-06-18,2026-06-18T16:00:24-04:00,0001193125-26-275783,1,0,8K,3,3,0,8.01,8-K,0,0,3,0.0,0.0,1.0,4.645545989963769e-06,2.556167639037691e-06,0.9999928077061971,2.089378350926078e-06,1.4460551938100252e-06,-5.640447398036486e-07,5.3861245987718576e-06,6.858543656562688e-06,3.908905910066096e-06,8-K,0,8-K,1,0,0,0,0,0,0,0,0,0,0,0,0,1
NVDA,2026-06-30,2026-06-30T16:27:26-04:00,0001045810-26-000056,1,0,8K,5,5,0,5.07,8-K,0,0,5,0.0,0.0,1.0,1.8704751141740416e-06,2.935360072342519e-06,0.99999520778656,-1.0648849581684772e-06,-1.1415241374379549e-07,-5.154180485078541e-06,6.625554647143872e-07,5.301580586092314e-06,6.1896648730908055e-06,8-K,0,8-K,4,0,0,0,0,0,0,0,0,0,1,0,0,0
NVDA,2026-07-02,2026-07-02T09:23:16-04:00,0001045810-26-000060,1,0,8K,2,2,0,5.02,8-K,0,0,2,0.0,0.0,1.0,1.8577452010504203e-05,3.2058286478786613e-06,0.9999781847000122,1.537162336262554e-05,1.537162336262554e-05,-8.265785709227202e-07,3.1569825296173804e-05,3.464157634880394e-05,3.3399062431271886e-06,8-K,1,8-K,0,0,0,0,0,0,0,0,1,0,0,0,0,0
QCOM,2020-02-05,2020-02-05T16:04:02-05:00,0001728949-20-000010,1,1,EX99,2,1,1,2.02,8-K|EX-99.1,0,0,1,0.0,0.0,1.0,1.78535956365522e-05,0.0009267060086131,0.9990554451942444,-0.0009088524129765,-0.0009088524129765,-0.0009088524129765,-0.0009088524129765,1.78535956365522e-05,0.0009267060086131,EX-99.1,0,EX-99.1,0,0,0,0,0,1,0,0,0,0,0,0,0,0
QCOM,2020-03-13,2020-03-13T16:02:45-04:00,0001728949-20-000015,1,0,8K,2,2,0,5.07,8-K,0,0,2,0.0,0.0,1.0,7.588430662508472e-06,1.98663508399477e-06,0.9999904632568359,5.601795578513702e-06,5.601795578513702e-06,-7.133605777198682e-07,1.1916951734747272e-05,1.4809218555456027e-05,2.8922668207087554e-06,8-K,1,8-K,1,0,0,0,0,0,0,0,0,0,1,0,0,0
QCOM,2020-04-29,2020-04-29T16:12:26-04:00,0001728949-20-000030,1,1,EX99,2,1,1,2.02,8-K|EX-99.1,0,0,1,0.0,0.0,1.0,2.738410694291815e-05,0.0013405008940026,0.9986321330070496,-0.0013131167870596,-0.0013131167870596,-0.0013131167870596,-0.0013131167870596,2.738410694291815e-05,0.0013405008940026,EX-99.1,0,EX-99.1,0,0,0,0,0,1,0,0,0,0,0,0,0,0
QCOM,2020-05-04,2020-05-04T16:04:19-04:00,0001728949-20-000037,1,0,8K,1,1,0,5.02,8-K,0,0,1,0.0,0.0,1.0,2.567458068369888e-06,2.574602603999665e-06,0.9999947547912598,-7.144535629777238e-09,-7.144535629777238e-09,-7.144535629777238e-09,-7.144535629777238e-09,2.567458068369888e-06,2.574602603999665e-06,8-K,0,8-K,0,0,0,0,0,0,0,0,1,0,0,0,0,0
QCOM,2020-05-08,2020-05-08T17:36:24-04:00,0001104659-20-058923,1,0,8K,3,3,0,1.01,8-K,0,0,3,0.0,0.0,1.0,2.1097638333837192e-05,2.1856027766868163e-05,0.9999570449193319,-7.583894330309709e-07,-5.833990144310519e-06,-1.0655439837137235e-05,1.4214261682354843e-05,3.339599061291665e-05,2.4192135242628865e-05,8-K,2,8-K,1,1,0,0,0,0,0,0,0,0,0,0,0,0
QCOM,2020-07-24,2020-07-24T16:14:53-04:00,0001728949-20-000047,1,0,8K,1,1,0,5.02,8-K,0,0,1,0.0,0.0,1.0,1.9732610780920368e-06,2.445656946292729e-06,0.9999954700469972,-4.7239586820069245e-07,-4.7239586820069245e-07,-4.7239586820069245e-07,-4.7239586820069245e-07,1.9732610780920368e-06,2.445656946292729e-06,8-K,0,8-K,0,0,0,0,0,0,0,0,1,0,0,0,0,0
QCOM,2020-07-29,2020-07-29T16:05:29-04:00,0001728949-20-000056,1,1,EX99,2,1,1,2.02,8-K|EX-99.1,0,0,1,0.0,0.0,1.0,2.738410694291815e-05,0.0013405008940026,0.9986321330070496,-0.0013131167870596,-0.0013131167870596,-0.0013131167870596,-0.0013131167870596,2.738410694291815e-05,0.0013405008940026,EX-99.1,0,EX-99.1,0,0,0,0,0,1,0,0,0,0,0,0,0,0
QCOM,2020-08-05,2020-08-05T08:45:19-04:00,0001104659-20-090597,1,1,EX99,3,1,2,8.01,8-K|EX-99.1|EX-99.2,0,0,2,0.0,0.0,1.0,2.8988976737309713e-05,6.181149365147576e-05,0.9999091625213623,-3.2822516914166044e-05,-3.2822516914166044e-05,-3.4370135836070403e-05,-3.1274897992261685e-05,3.0224608053686097e-05,6.45947438897565e-05,EX-99.1,0,EX-99.1,0,0,0,0,0,0,0,0,0,0,0,0,0,1
QCOM,2020-08-18,2020-08-18T08:30:21-04:00,0001104659-20-096322,1,0,8K,5,5,0,1.01,8-K,0,0,5,0.0,0.0,1.0,3.225595519324549e-05,0.00015347389378348367,0.999814236164093,-0.00012121793859021816,4.424315989126626e-06,-0.0006276616768445,8.169538205038407e-06,0.0001329662336502,0.0007606279104948,8-K,1,8-K,1,1,0,0,0,0,0,0,0,0,0,0,0,0
QCOM,2020-11-04,2020-11-04T16:06:31-05:00,0001728949-20-000066,1,1,EX99,2,1,1,2.02,8-K|EX-99.1,0,0,1,0.0,0.0,1.0,2.738410694291815e-05,0.0013405008940026,0.9986321330070496,-0.0013131167870596,-0.0013131167870596,-0.0013131167870596,-0.0013131167870596,2.738410694291815e-05,0.0013405008940026,EX-99.1,0,EX-99.1,0,0,0,0,0,1,0,0,0,0,0,0,0,0
QCOM,2020-11-19,2020-11-19T16:05:37-05:00,0001728949-20-000070,1,0,8K,1,1,0,5.02,8-K,0,0,1,0.0,0.0,1.0,2.5002741494972724e-06,2.61085824604379e-06,0.9999948740005492,-1.1058409654651769e-07,-1.1058409654651769e-07,-1.1058409654651769e-07,-1.1058409654651769e-07,2.5002741494972724e-06,2.61085824604379e-06,8-K,0,8-K,0,0,0,0,0,0,0,0,1,0,0,0,0,0
QCOM,2020-12-10,2020-12-10T16:17:21-05:00,0001104659-20-134200,1,0,8K,2,2,0,1.01,8-K,0,0,2,0.0,0.0,1.0,3.112380363745615e-05,0.00034831843368005,0.9996205568313599,-0.0003171946300426,-0.0003171946300426,-0.0005252562914392,-0.000109132968646,4.0040969906840473e-05,0.0005652972613461,8-K,1,8-K,1,1,0,0,0,0,0,0,0,0,0,0,0,0
QCOM,2021-01-08,2021-01-08T16:08:04-05:00,0001728949-21-000004,1,0,8K,3,3,0,5.02,8-K,0,0,3,0.0,0.0,1.0,0.004759019832817989,4.351352962808452e-05,0.9951974749565125,0.0047155063031898954,0.0001514617615612,2.4186791733882278e-06,0.0139926384688351,0.0139951780438423,0.0001263083395315,8-K,0,8-K,2,0,0,0,0,0,0,0,1,0,0,0,0,0
QCOM,2021-01-13,2021-01-13T09:09:55-05:00,0001728949-21-000009,1,0,8K,3,3,0,1.01,8-K,0,0,3,0.0,0.0,1.0,8.122143450843092e-06,1.0016527483003301e-06,0.9999909003575643,7.120490702542763e-06,6.139068403854253e-06,5.025409791414859e-06,1.0196993912359176e-05,1.0836653927981388e-05,1.951907961483812e-06,8-K,1,8-K,2,1,0,0,0,0,0,0,0,0,0,0,0,0
QCOM,2021-02-03,2021-02-03T16:02:45-05:00,0001728949-21-000021,1,1,EX99,2,1,1,2.02,8-K|EX-99.1,0,0,1,0.0,0.0,1.0,2.738410694291815e-05,0.0013405008940026,0.9986321330070496,-0.0013131167870596,-0.0013131167870596,-0.0013131167870596,-0.0013131167870596,2.738410694291815e-05,0.0013405008940026,EX-99.1,0,EX-99.1,0,0,0,0,0,1,0,0,0,0,0,0,0,0
QCOM,2021-03-15,2021-03-15T16:42:42-04:00,0001628280-21-004741,1,0,8K,4,4,0,5.07,8-K,0,0,4,0.0,0.0,1.0,2.224943402850954e-05,1.5390667869041863e-05,0.9999623894691467,6.8587661594676774e-06,6.656452605113827e-06,-3.202560037607327e-06,1.7324719465250382e-05,5.598831558017992e-05,4.161674951319583e-05,8-K,2,8-K,2,0,0,0,0,0,0,0,0,0,1,0,0,0
QCOM,2021-04-28,2021-04-28T16:01:50-04:00,0001728949-21-000042,1,1,EX99,2,1,1,2.02,8-K|EX-99.1,0,0,1,0.0,0.0,1.0,2.738410694291815e-05,0.0013405008940026,0.9986321330070496,-0.0013131167870596,-0.0013131167870596,-0.0013131167870596,-0.0013131167870596,2.738410694291815e-05,0.0013405008940026,EX-99.1,0,EX-99.1,0,0,0,0,0,1,0,0,0,0,0,0,0,0
QCOM,2021-05-21,2021-05-21T16:01:24-04:00,0001728949-21-000048,1,0,8K,1,1,0,5.02,8-K,0,0,1,0.0,0.0,1.0,2.226548986072885e-06,7.360057225014316e-06,0.9999903440475464,-5.133508238941431e-06,-5.133508238941431e-06,-5.133508238941431e-06,-5.133508238941431e-06,2.226548986072885e-06,7.360057225014316e-06,8-K,0,8-K,0,0,0,0,0,0,0,0,1,0,0,0,0,0
QCOM,2021-07-23,2021-07-23T16:03:13-04:00,0001728949-21-000055,1,0,8K,1,1,0,5.03,8-K,0,0,1,0.0,0.0,1.0,3.7720372347394e-05,6.326613947749138e-05,0.9998990297317504,-2.554576713009737e-05,-2.554576713009737e-05,-2.554576713009737e-05,-2.554576713009737e-05,3.7720372347394e-05,6.326613947749138e-05,8-K,0,8-K,0,0,0,0,0,0,0,0,0,1,0,0,0,0
QCOM,2021-07-28,2021-07-28T16:01:42-04:00,0001728949-21-000065,1,1,EX99,2,1,1,2.02,8-K|EX-99.1,0,0,1,0.0,0.0,1.0,2.738410694291815e-05,0.0013405008940026,0.9986321330070496,-0.0013131167870596,-0.0013131167870596,-0.0013131167870596,-0.0013131167870596,2.738410694291815e-05,0.0013405008940026,EX-99.1,0,EX-99.1,0,0,0,0,0,1,0,0,0,0,0,0,0,0
QCOM,2021-10-04,2021-10-04T17:21:48-04:00,0001104659-21-122578,1,1,EX99,19,14,5,1.01,8-K|EX-99.1,3,0,2,0.6,0.0,0.4,0.6230458995589288,1.0230089291951571e-05,0.37694386336378755,0.6230356694696368,0.9941741195776216,5.3038780606584623e-05,0.9999998500371632,0.9999998807907104,3.6855399230262265e-05,EX-99.1,1,EX-99.1,4,1,0,0,0,0,0,0,0,0,0,0,0,0
QCOM,2021-11-03,2021-11-03T16:05:04-04:00,0001728949-21-000075,1,1,EX99,2,1,1,2.02,8-K|EX-99.1,0,0,1,0.0,0.0,1.0,2.738410694291815e-05,0.0013405008940026,0.9986321330070496,-0.0013131167870596,-0.0013131167870596,-0.0013131167870596,-0.0013131167870596,2.738410694291815e-05,0.0013405008940026,EX-99.1,0,EX-99.1,0,0,0,0,0,1,0,0,0,0,0,0,0,0
QCOM,2022-02-02,2022-02-02T16:03:06-05:00,0001728949-22-000011,1,1,EX99,2,1,1,2.02,8-K|EX-99.1,0,0,1,0.0,0.0,1.0,2.738410694291815e-05,0.0013405008940026,0.9986321330070496,-0.0013131167870596,-0.0013131167870596,-0.0013131167870596,-0.0013131167870596,2.738410694291815e-05,0.0013405008940026,EX-99.1,0,EX-99.1,0,0,0,0,0,1,0,0,0,0,0,0,0,0
QCOM,2022-03-14,2022-03-14T16:07:34-04:00,0001728949-22-000016,1,0,8K,3,3,0,5.07,8-K,0,0,3,0.0,0.0,1.0,1.5253956547667258e-05,8.402662634428756e-06,0.9999763170878092,6.851293913238503e-06,-5.480087850173732e-07,-1.5491623344132677e-06,2.2651052859146148e-05,3.574975562514737e-05,1.3098702766001225e-05,8-K,2,8-K,2,0,0,0,0,0,0,0,0,0,1,0,0,0
QCOM,2022-04-27,2022-04-27T16:02:25-04:00,0001728949-22-000025,1,1,EX99,2,1,1,2.02,8-K|EX-99.1,0,0,1,0.0,0.0,1.0,2.738410694291815e-05,0.0013405008940026,0.9986321330070496,-0.0013131167870596,-0.0013131167870596,-0.0013131167870596,-0.0013131167870596,2.738410694291815e-05,0.0013405008940026,EX-99.1,0,EX-99.1,0,0,0,0,0,1,0,0,0,0,0,0,0,0
QCOM,2022-05-09,2022-05-09T16:28:07-04:00,0001104659-22-057562,1,0,8K,3,3,0,1.01,8-K,0,0,3,0.0,0.0,1.0,3.642236394322632e-05,2.0532757237864036e-05,0.9999430576960245,1.5889606705362287e-05,-3.454992111073807e-06,-4.494242602959275e-06,5.5618054830119945e-05,7.669455953873694e-05,2.6277732104063037e-05,8-K,2,8-K,1,1,0,0,0,0,0,0,0,0,0,0,0,0
QCOM,2022-07-27,2022-07-27T16:02:16-04:00,0001728949-22-000039,1,1,EX99,2,1,1,2.02,8-K|EX-99.1,0,0,1,0.0,0.0,1.0,2.738410694291815e-05,0.0013405008940026,0.9986321330070496,-0.0013131167870596,-0.0013131167870596,-0.0013131167870596,-0.0013131167870596,2.738410694291815e-05,0.0013405008940026,EX-99.1,0,EX-99.1,0,0,0,0,0,1,0,0,0,0,0,0,0,0
QCOM,2022-11-02,2022-11-02T16:01:48-04:00,0000804328-22-000020,1,1,EX99,2,1,1,2.02,8-K|EX-99.1,0,0,1,0.0,0.0,1.0,2.738410694291815e-05,0.0013405008940026,0.9986321330070496,-0.0013131167870596,-0.0013131167870596,-0.0013131167870596,-0.0013131167870596,2.738410694291815e-05,0.0013405008940026,EX-99.1,0,EX-99.1,0,0,0,0,0,1,0,0,0,0,0,0,0,0
QCOM,2022-11-09,2022-11-09T16:51:26-05:00,0001104659-22-116535,1,0,8K,3,3,0,1.01,8-K,0,0,3,0.0,0.0,1.0,2.013167583451529e-05,2.841140970607133e-05,0.999951442082723,-8.279733871556042e-06,-8.282695489469916e-06,-1.279046045965515e-05,-3.7660456655430607e-06,2.532776488806121e-05,3.7019504816271365e-05,8-K,1,8-K,2,1,0,0,0,0,0,0,0,0,0,0,0,0
QCOM,2022-12-08,2022-12-08T16:46:37-05:00,0001728949-22-000041,1,0,8K,1,1,0,5.02,8-K,0,0,1,0.0,0.0,1.0,1.1485316235848586e-06,1.4515982911689209e-05,0.9999842643737792,-1.3367451288104348e-05,-1.3367451288104348e-05,-1.3367451288104348e-05,-1.3367451288104348e-05,1.1485316235848586e-06,1.4515982911689209e-05,8-K,0,8-K,0,0,0,0,0,0,0,0,1,0,0,0,0,0
QCOM,2023-02-02,2023-02-02T16:03:48-05:00,0000804328-23-000005,1,1,EX99,2,1,1,2.02,8-K|EX-99.1,0,0,1,0.0,0.0,1.0,2.738410694291815e-05,0.0013405008940026,0.9986321330070496,-0.0013131167870596,-0.0013131167870596,-0.0013131167870596,-0.0013131167870596,2.738410694291815e-05,0.0013405008940026,EX-99.1,0,EX-99.1,0,0,0,0,0,1,0,0,0,0,0,0,0,0
QCOM,2023-03-09,2023-03-09T16:21:56-05:00,0000804328-23-000014,1,0,8K,3,3,0,5.07,8-K,0,0,3,0.0,0.0,1.0,1.2281555408814407e-05,7.1825789594489225e-06,0.9999805291493734,5.098976449365485e-06,-8.114064371511631e-07,-5.282014171825722e-06,2.139034995707334e-05,2.494227373972535e-05,1.693641024758108e-05,8-K,2,8-K,0,0,0,0,0,0,0,0,0,0,1,0,0,0
QCOM,2023-05-03,2023-05-03T16:04:51-04:00,0000804328-23-000022,1,1,EX99,2,1,1,2.02,8-K|EX-99.1,0,0,1,0.0,0.0,1.0,2.738410694291815e-05,0.0013405008940026,0.9986321330070496,-0.0013131167870596,-0.0013131167870596,-0.0013131167870596,-0.0013131167870596,2.738410694291815e-05,0.0013405008940026,EX-99.1,0,EX-99.1,0,0,0,0,0,1,0,0,0,0,0,0,0,0
QCOM,2023-07-21,2023-07-21T16:09:27-04:00,0000804328-23-000033,1,0,8K,2,2,0,5.03,8-K,0,0,2,0.0,0.0,1.0,2.9805933991156053e-05,1.575952910570777e-05,0.9999544620513916,1.4046404885448283e-05,1.4046404885448283e-05,3.3235392038477585e-06,2.4769270567048807e-05,3.730384196387604e-05,1.898448681458831e-05,8-K,1,8-K,0,0,0,0,0,0,0,0,0,1,0,0,0,0
QCOM,2023-08-02,2023-08-02T16:01:34-04:00,0000804328-23-000042,1,1,EX99,2,1,1,2.02,8-K|EX-99.1,0,0,1,0.0,0.0,1.0,2.738410694291815e-05,0.0013405008940026,0.9986321330070496,-0.0013131167870596,-0.0013131167870596,-0.0013131167870596,-0.0013131167870596,2.738410694291815e-05,0.0013405008940026,EX-99.1,0,EX-99.1,0,0,0,0,0,1,0,0,0,0,0,0,0,0
QCOM,2023-11-01,2023-11-01T16:09:26-04:00,0000804328-23-000054,1,1,EX99,2,1,1,2.02,8-K|EX-99.1,0,0,1,0.0,0.0,1.0,2.738410694291815e-05,0.0013405008940026,0.9986321330070496,-0.0013131167870596,-0.0013131167870596,-0.0013131167870596,-0.0013131167870596,2.738410694291815e-05,0.0013405008940026,EX-99.1,0,EX-99.1,0,0,0,0,0,1,0,0,0,0,0,0,0,0
QCOM,2024-01-23,2024-01-23T16:03:17-05:00,0000804328-24-000005,1,0,8K,2,2,0,5.02,8-K,0,0,2,0.0,0.0,1.0,0.0001250964530185701,1.1110583272966322e-05,0.9998637735843658,0.00011398586974564641,0.00011398586974564641,-4.529134685071768e-07,0.0002284246529598,0.0002486952871549,2.0270634195185263e-05,8-K,1,8-K,1,0,0,0,0,0,0,0,1,0,0,0,0,0
QCOM,2024-01-31,2024-01-31T16:01:55-05:00,0000804328-24-000015,1,1,EX99,2,1,1,2.02,8-K|EX-99.1,0,0,1,0.0,0.0,1.0,2.738410694291815e-05,0.0013405008940026,0.9986321330070496,-0.0013131167870596,-0.0013131167870596,-0.0013131167870596,-0.0013131167870596,2.738410694291815e-05,0.0013405008940026,EX-99.1,0,EX-99.1,0,0,0,0,0,1,0,0,0,0,0,0,0,0
QCOM,2024-03-07,2024-03-07T16:07:51-05:00,0000804328-24-000020,1,0,8K,4,4,0,5.07,8-K,0,0,4,0.0,0.0,1.0,1.464577599108452e-05,1.0087687726922923e-05,0.9999752938747406,4.558088264161597e-06,-6.990019585373375e-07,-5.554774361371528e-06,2.5185131335092592e-05,2.8043737984262407e-05,1.9036850062548183e-05,8-K,2,8-K,3,0,0,0,0,0,0,0,0,0,1,0,0,0
QCOM,2024-05-01,2024-05-01T16:05:30-04:00,0000804328-24-000038,1,1,EX99,2,1,1,2.02,8-K|EX-99.1,0,0,1,0.0,0.0,1.0,2.738410694291815e-05,0.0013405008940026,0.9986321330070496,-0.0013131167870596,-0.0013131167870596,-0.0013131167870596,-0.0013131167870596,2.738410694291815e-05,0.0013405008940026,EX-99.1,0,EX-99.1,0,0,0,0,0,1,0,0,0,0,0,0,0,0
QCOM,2024-05-09,2024-05-09T07:35:48-04:00,0000804328-24-000042,1,0,8K,4,4,0,7.01,8-K,0,1,3,0.0,0.25,0.75,0.002718977457334378,0.2245573705695278,0.7727236617356539,-0.22183839311219347,-0.0031726401975902,-0.8871457529894542,0.0061374609358608,0.0101265907287597,0.8874189257621765,8-K,2,8-K,1,0,0,0,0,0,0,0,0,0,0,0,1,0
QCOM,2024-07-31,2024-07-31T16:01:12-04:00,0000804328-24-000055,1,1,EX99,2,1,1,2.02,8-K|EX-99.1,0,0,1,0.0,0.0,1.0,2.738410694291815e-05,0.0013405008940026,0.9986321330070496,-0.0013131167870596,-0.0013131167870596,-0.0013131167870596,-0.0013131167870596,2.738410694291815e-05,0.0013405008940026,EX-99.1,0,EX-99.1,0,0,0,0,0,1,0,0,0,0,0,0,0,0
QCOM,2024-08-09,2024-08-09T16:05:49-04:00,0000804328-24-000061,1,0,8K,2,2,0,1.01,8-K,0,0,2,0.0,0.0,1.0,6.142496840762059e-05,0.001109101192469058,0.9988295137882232,-0.0010476762240613873,-0.0010476762240613873,-0.0020991179990232,3.765550900425296e-06,0.0001150618409155,0.0022141798399388,8-K,1,8-K,1,1,0,0,0,0,0,0,0,0,0,0,0,0
QCOM,2024-10-09,2024-10-09T16:05:34-04:00,0000804328-24-000064,1,0,8K,1,1,0,5.02,8-K,0,0,1,0.0,0.0,1.0,3.1688691706222016e-06,4.154703674430493e-06,0.999992609024048,-9.858345038082916e-07,-9.858345038082916e-07,-9.858345038082916e-07,-9.858345038082916e-07,3.1688691706222016e-06,4.154703674430493e-06,8-K,0,8-K,0,0,0,0,0,0,0,0,1,0,0,0,0,0
QCOM,2024-11-06,2024-11-06T16:07:31-05:00,0000804328-24-000074,1,1,EX99,2,1,1,2.02,8-K|EX-99.1,0,0,1,0.0,0.0,1.0,2.738410694291815e-05,0.0013405008940026,0.9986321330070496,-0.0013131167870596,-0.0013131167870596,-0.0013131167870596,-0.0013131167870596,2.738410694291815e-05,0.0013405008940026,EX-99.1,0,EX-99.1,0,0,0,0,0,1,0,0,0,0,0,0,0,0
QCOM,2024-12-12,2024-12-12T16:04:13-05:00,0000804328-24-000079,1,0,8K,1,1,0,5.02,8-K,0,0,1,0.0,0.0,1.0,7.427424861816689e-06,2.690631663426757e-05,0.9999656677246094,-1.947889177245088e-05,-1.947889177245088e-05,-1.947889177245088e-05,-1.947889177245088e-05,7.427424861816689e-06,2.690631663426757e-05,8-K,0,8-K,0,0,0,0,0,0,0,0,1,0,0,0,0,0
QCOM,2025-02-05,2025-02-05T16:04:42-05:00,0000804328-25-000010,1,1,EX99,2,1,1,2.02,8-K|EX-99.1,0,0,1,0.0,0.0,1.0,2.738410694291815e-05,0.0013405008940026,0.9986321330070496,-0.0013131167870596,-0.0013131167870596,-0.0013131167870596,-0.0013131167870596,2.738410694291815e-05,0.0013405008940026,EX-99.1,0,EX-99.1,0,0,0,0,0,1,0,0,0,0,0,0,0,0
QCOM,2025-03-20,2025-03-20T16:07:11-04:00,0000804328-25-000018,1,0,8K,3,3,0,5.07,8-K,0,0,3,0.0,0.0,1.0,9.4868416236211e-05,6.886186762737149e-06,0.9998982946077982,8.798222947346879e-05,-6.832392216438166e-07,-4.7740331865497865e-06,0.0002694039608286,0.0002741092466749,1.5071579582581762e-05,8-K,2,8-K,0,0,0,0,0,0,0,0,0,0,1,0,0,0
QCOM,2025-04-30,2025-04-30T16:04:10-04:00,0000804328-25-000029,1,1,EX99,2,1,1,2.02,8-K|EX-99.1,0,0,1,0.0,0.0,1.0,2.738410694291815e-05,0.0013405008940026,0.9986321330070496,-0.0013131167870596,-0.0013131167870596,-0.0013131167870596,-0.0013131167870596,2.738410694291815e-05,0.0013405008940026,EX-99.1,0,EX-99.1,0,0,0,0,0,1,0,0,0,0,0,0,0,0
QCOM,2025-05-13,2025-05-13T16:03:37-04:00,0000804328-25-000034,1,0,8K,1,1,0,5.02,8-K,0,0,1,0.0,0.0,1.0,1.267799689230742e-06,2.0993461475882214e-06,0.999996542930603,-8.315464583574794e-07,-8.315464583574794e-07,-8.315464583574794e-07,-8.315464583574794e-07,1.267799689230742e-06,2.0993461475882214e-06,8-K,0,8-K,0,0,0,0,0,0,0,0,1,0,0,0,0,0
QCOM,2025-05-22,2025-05-22T16:05:20-04:00,0001104659-25-051981,1,0,8K,3,3,0,1.01,8-K,0,0,3,0.0,0.0,1.0,0.000245698278339043,0.005415557347608513,0.9943387309710184,-0.005169859069269469,9.291580909120968e-07,-0.0155244310153648,1.3924649465479888e-05,0.0007112669991329,0.0162356980144977,8-K,1,8-K,1,1,0,0,0,0,0,0,0,0,0,0,0,0
QCOM,2025-06-09,2025-06-09T16:05:19-04:00,0001104659-25-057814,1,0,8K,4,4,0,3.02,8-K,0,0,4,0.0,0.0,1.0,7.204073676801015e-05,0.0001062204722543895,0.999821737408638,-3.417973548634168e-05,3.208226914352963e-06,-0.0002340254141017,9.089001832762732e-05,0.0001537203788757,0.0003877457929775,8-K,2,8-K,2,0,0,0,0,0,0,1,0,0,0,0,0,0
QCOM,2025-07-30,2025-07-30T16:01:22-04:00,0000804328-25-000044,1,1,EX99,2,1,1,2.02,8-K|EX-99.1,0,0,1,0.0,0.0,1.0,2.738410694291815e-05,0.0013405008940026,0.9986321330070496,-0.0013131167870596,-0.0013131167870596,-0.0013131167870596,-0.0013131167870596,2.738410694291815e-05,0.0013405008940026,EX-99.1,0,EX-99.1,0,0,0,0,0,1,0,0,0,0,0,0,0,0
QCOM,2025-08-25,2025-08-25T16:37:44-04:00,0000804328-25-000049,1,0,8K,1,1,0,5.02,8-K,0,0,1,0.0,0.0,1.0,2.0036925434396835e-06,4.71772409582627e-06,0.9999932050704956,-2.7140315523865866e-06,-2.7140315523865866e-06,-2.7140315523865866e-06,-2.7140315523865866e-06,2.0036925434396835e-06,4.71772409582627e-06,8-K,0,8-K,0,0,0,0,0,0,0,0,1,0,0,0,0,0
QCOM,2025-09-02,2025-09-02T16:06:34-04:00,0000804328-25-000054,1,0,8K,1,1,0,5.02,8-K,0,0,1,0.0,0.0,1.0,1.2664866062550573e-06,2.9094303499732632e-06,0.9999958276748656,-1.642943743718206e-06,-1.642943743718206e-06,-1.642943743718206e-06,-1.642943743718206e-06,1.2664866062550573e-06,2.9094303499732632e-06,8-K,0,8-K,0,0,0,0,0,0,0,0,1,0,0,0,0,0
QCOM,2025-11-05,2025-11-05T16:01:12-05:00,0000804328-25-000084,1,1,EX99,2,1,1,2.02,8-K|EX-99.1,0,0,1,0.0,0.0,1.0,2.738410694291815e-05,0.0013405008940026,0.9986321330070496,-0.0013131167870596,-0.0013131167870596,-0.0013131167870596,-0.0013131167870596,2.738410694291815e-05,0.0013405008940026,EX-99.1,0,EX-99.1,0,0,0,0,0,1,0,0,0,0,0,0,0,0
QCOM,2025-12-10,2025-12-10T16:15:25-05:00,0000804328-25-000096,1,0,8K,1,1,0,5.03,8-K,0,0,1,0.0,0.0,1.0,1.3448491699818987e-05,6.823285730206408e-06,0.9999797344207764,6.62520596961258e-06,6.62520596961258e-06,6.62520596961258e-06,6.62520596961258e-06,1.3448491699818987e-05,6.823285730206408e-06,8-K,0,8-K,0,0,0,0,0,0,0,0,0,1,0,0,0,0
QCOM,2025-12-16,2025-12-16T17:22:18-05:00,0000804328-25-000098,1,0,8K,1,1,0,5.02,8-K,0,0,1,0.0,0.0,1.0,2.002605242523714e-06,2.505497650417965e-05,0.999972939491272,-2.3052371261655932e-05,-2.3052371261655932e-05,-2.3052371261655932e-05,-2.3052371261655932e-05,2.002605242523714e-06,2.505497650417965e-05,8-K,0,8-K,0,0,0,0,0,0,0,0,1,0,0,0,0,0
QCOM,2026-01-16,2026-01-16T16:02:23-05:00,0000804328-26-000008,1,0,8K,1,1,0,5.02,8-K,0,0,1,0.0,0.0,1.0,5.279513516143197e-06,8.108326437650248e-05,0.9999136924743652,-7.580375086035929e-05,-7.580375086035929e-05,-7.580375086035929e-05,-7.580375086035929e-05,5.279513516143197e-06,8.108326437650248e-05,8-K,0,8-K,0,0,0,0,0,0,0,0,1,0,0,0,0,0
QCOM,2026-02-04,2026-02-04T16:00:59-05:00,0000804328-26-000016,1,1,EX99,2,1,1,2.02,8-K|EX-99.1,0,0,1,0.0,0.0,1.0,2.738410694291815e-05,0.0013405008940026,0.9986321330070496,-0.0013131167870596,-0.0013131167870596,-0.0013131167870596,-0.0013131167870596,2.738410694291815e-05,0.0013405008940026,EX-99.1,0,EX-99.1,0,0,0,0,0,1,0,0,0,0,0,0,0,0
QCOM,2026-03-19,2026-03-19T16:03:13-04:00,0000804328-26-000041,1,0,8K,3,3,0,5.07,8-K,0,0,3,0.0,0.0,1.0,8.557065778328857e-06,5.5753886272214e-06,0.9999858538309732,2.981677151107457e-06,-8.146552374910243e-07,-5.1840734158759005e-06,1.4943760106689297e-05,1.7250014934688807e-05,1.3395354471867904e-05,8-K,2,8-K,0,0,0,0,0,0,0,0,0,0,1,0,0,0
QCOM,2026-04-29,2026-04-29T16:02:20-04:00,0000804328-26-000060,1,1,EX99,2,1,1,2.02,8-K|EX-99.1,0,0,1,0.0,0.0,1.0,5.0585087592480704e-05,0.0020152374636381,0.9979342222213744,-0.0019646523760457,-0.0019646523760457,-0.0019646523760457,-0.0019646523760457,5.0585087592480704e-05,0.0020152374636381,EX-99.1,0,EX-99.1,0,0,0,0,0,1,0,0,0,0,0,0,0,0
QCOM,2026-06-24,2026-06-24T08:10:32-04:00,0001104659-26-077071,1,0,8K,2,2,0,3.02,8-K,0,0,2,0.0,0.0,1.0,0.0007668562848266331,0.022310588537948182,0.9769225716590881,-0.021543732253121547,-0.021543732253121547,-0.0430534988408908,-3.396566535229795e-05,0.0015051976079121,0.0445586964488029,8-K,1,8-K,1,0,0,0,0,0,0,1,0,0,0,0,0,0
QCOM,2026-07-29,2026-07-29T16:01:35-04:00,0000804328-26-000085,1,1,EX99,2,1,1,2.02,8-K|EX-99.1,0,0,1,0.0,0.0,1.0,5.0585087592480704e-05,0.0020152374636381,0.9979342222213744,-0.0019646523760457,-0.0019646523760457,-0.0019646523760457,-0.0019646523760457,5.0585087592480704e-05,0.0020152374636381,EX-99.1,0,EX-99.1,0,0,0,0,0,1,0,0,0,0,0,0,0,0
QCOM,2026-07-31,2026-07-31T16:20:22-04:00,0001104659-26-089234,1,0,8K,2,2,0,8.01,8-K,0,0,2,0.0,0.0,1.0,4.85336705651207e-05,1.6366698787351197e-05,0.9999351501464844,3.2166971777769504e-05,3.2166971777769504e-05,2.565763679740485e-06,6.176817987579852e-05,9.349590982310474e-05,3.1727729947306216e-05,8-K,0,8-K,0,0,0,0,0,0,0,0,0,0,0,0,0,1
TSLA,2020-01-03,2020-01-03T08:21:52-05:00,0001564590-20-000161,1,1,EX99,2,1,1,2.02,8-K|EX-99.1,1,0,0,1.0,0.0,0.0,0.9840376377105712,3.422902182137477e-06,0.0159589853137731,0.9840342148083892,0.9840342148083892,0.9840342148083892,0.9840342148083892,0.9840376377105712,3.422902182137477e-06,EX-99.1,0,EX-99.1,0,0,0,0,0,1,0,0,0,0,0,0,0,0
TSLA,2020-01-29,2020-01-29T17:12:18-05:00,0001564590-20-002489,1,1,EX99,17,1,16,2.02,8-K|EX-99.1,6,0,10,0.375,0.0,0.625,0.3710005189293799,3.60368745483342e-05,0.6289634560871561,0.37096448205483157,0.001650975487791557,-0.0003352327844368,0.999999992200042,1.0,0.0003424148599151,EX-99.1,0,EX-99.1,15,0,0,0,0,1,0,0,0,0,0,0,0,0
TSLA,2020-02-19,2020-02-19T16:15:53-05:00,0001564590-20-005288,1,1,EX99,4,2,2,1.01,8-K|EX-99.1,0,0,2,0.0,0.0,1.0,0.00013797854853690746,0.00017840163934575872,0.9996836185455322,-4.0423090808872075e-05,-4.0423090808872075e-05,-8.906578295864165e-05,8.219601340897498e-06,0.0002648716617841,0.0003539374447427,EX-99.1,1,EX-99.1,1,1,0,0,0,0,0,0,0,0,0,0,0,0
TSLA,2020-03-19,2020-03-19T16:56:17-04:00,0001564590-20-011823,1,1,EX99,2,1,1,7.01,8-K|EX-99.1,0,1,0,0.0,1.0,0.0,0.0003919621231034,0.9972103238105774,0.0023977616801857,-0.996818361687474,-0.996818361687474,-0.996818361687474,-0.996818361687474,0.0003919621231034,0.9972103238105774,EX-99.1,0,EX-99.1,0,0,0,0,0,0,0,0,0,0,0,0,1,0
TSLA,2020-04-02,2020-04-02T16:09:37-04:00,0001564590-20-014992,1,1,EX99,2,1,1,2.02,8-K|EX-99.1,1,0,0,1.0,0.0,0.0,0.999998927116394,7.58536700118384e-08,1.0099421388076737e-06,0.999998851262724,0.999998851262724,0.999998851262724,0.999998851262724,0.999998927116394,7.58536700118384e-08,EX-99.1,0,EX-99.1,0,0,0,0,0,1,0,0,0,0,0,0,0,0
TSLA,2020-04-23,2020-04-23T16:10:40-04:00,0001564590-20-018196,1,1,EX99,2,1,1,9.01,8-K|EX-99.1,0,0,1,0.0,0.0,1.0,0.0014771771384403,2.1722780729760416e-06,0.9985206723213196,0.0014750048603673,0.0014750048603673,0.0014750048603673,0.0014750048603673,0.0014771771384403,2.1722780729760416e-06,EX-99.1,0,EX-99.1,0,0,0,0,0,0,0,0,0,0,0,0,0,0
TSLA,2020-04-29,2020-04-29T16:56:22-04:00,0001564590-20-019776,1,1,EX99,17,1,16,2.02,8-K|EX-99.01,5,1,10,0.3125,0.0625,0.625,0.314844288677822,0.06219540155720215,0.6229602954153821,0.25264888712061984,7.5231073424220085e-06,-0.9900753530673684,0.9999999715532724,1.0,0.9950132966041564,EX-99.01,0,EX-99.01,3,0,0,0,0,1,0,0,0,0,0,0,0,0
TSLA,2020-05-06,2020-05-06T17:22:42-04:00,0001564590-20-022062,1,0,8K,1,1,0,8.01,8-K,0,0,1,0.0,0.0,1.0,0.0003631050931289,0.0001896617322927,0.9994471669197084,0.0001734433608362,0.0001734433608362,0.0001734433608362,0.0001734433608362,0.0003631050931289,0.0001896617322927,8-K,0,8-K,0,0,0,0,0,0,0,0,0,0,0,0,0,1
TSLA,2020-05-08,2020-05-08T17:13:27-04:00,0001564590-20-023655,1,0,8K,1,1,0,1.01,8-K,0,0,1,0.0,0.0,1.0,1.7701537217362784e-05,4.028000694233924e-05,0.9999420642852784,-2.2578469724976458e-05,-2.2578469724976458e-05,-2.2578469724976458e-05,-2.2578469724976458e-05,1.7701537217362784e-05,4.028000694233924e-05,8-K,0,8-K,0,1,0,0,0,0,0,0,0,0,0,0,0,0
TSLA,2020-06-16,2020-06-16T16:24:51-04:00,0001564590-20-029536,1,0,8K,1,1,0,1.01,8-K,0,0,1,0.0,0.0,1.0,7.147118139982922e-06,4.977515800419496e-06,0.9999878406524658,2.1696023395634256e-06,2.1696023395634256e-06,2.1696023395634256e-06,2.1696023395634256e-06,7.147118139982922e-06,4.977515800419496e-06,8-K,0,8-K,0,1,0,0,0,0,0,0,0,0,0,0,0,0
TSLA,2020-06-30,2020-06-30T17:22:43-04:00,0001564590-20-031314,1,0,8K,1,1,0,1.01,8-K,0,0,1,0.0,0.0,1.0,0.0001082884991774,6.71610250719823e-05,0.999824583530426,4.1127474105451256e-05,4.1127474105451256e-05,4.1127474105451256e-05,4.1127474105451256e-05,0.0001082884991774,6.71610250719823e-05,8-K,0,8-K,0,1,0,0,0,0,0,0,0,0,0,0,0,0
TSLA,2020-07-02,2020-07-02T08:01:54-04:00,0001564590-20-031568,1,1,EX99,2,1,1,2.02,8-K|EX-99.1,1,0,0,1.0,0.0,0.0,0.8308954238891602,6.009587741573341e-05,0.1690444201231002,0.8308353280117444,0.8308353280117444,0.8308353280117444,0.8308353280117444,0.8308954238891602,6.009587741573341e-05,EX-99.1,0,EX-99.1,0,0,0,0,0,1,0,0,0,0,0,0,0,0
TSLA,2020-07-22,2020-07-22T16:54:41-04:00,0001564590-20-033069,1,1,EX99,17,1,16,2.02,8-K|EX-99.1,6,0,10,0.375,0.0,0.625,0.35071343611830663,4.9299929287090004e-05,0.6492372793362099,0.35066413618901954,3.5547536754165776e-06,-5.804209786219872e-05,0.9999999880715658,1.0,0.0005743061192333,EX-99.1,0,EX-99.1,7,0,0,0,0,1,0,0,0,0,0,0,0,0
TSLA,2020-08-11,2020-08-11T17:07:35-04:00,0001564590-20-039353,1,1,EX99,2,1,1,8.01,8-K|EX-99.1,0,0,1,0.0,0.0,1.0,0.0008755164453759,7.125481715775095e-06,0.9991173148155212,0.0008683909636602,0.0008683909636602,0.0008683909636602,0.0008683909636602,0.0008755164453759,7.125481715775095e-06,EX-99.1,0,EX-99.1,0,0,0,0,0,0,0,0,0,0,0,0,0,1
TSLA,2020-09-01,2020-09-01T07:12:06-04:00,0001193125-20-236678,1,1,EX99,6,4,2,1.01,8-K|EX-99.1,0,0,2,0.0,0.0,1.0,8.476215043629054e-06,2.6142611631030377e-06,0.999988853931427,5.861953880526016e-06,5.861953880526016e-06,-1.5667997104173992e-06,1.3290707471469432e-05,1.35382197186118e-05,4.981010079063708e-06,EX-99.1,0,EX-99.1,1,1,0,0,0,0,0,0,0,0,0,0,0,0
TSLA,2020-09-08,2020-09-08T06:17:02-04:00,0001564590-20-042696,1,0,8K,1,1,0,8.01,8-K,0,0,1,0.0,0.0,1.0,0.0032927114516496,3.099451350863092e-05,0.9966763257980348,0.003261716938141,0.003261716938141,0.003261716938141,0.003261716938141,0.0032927114516496,3.099451350863092e-05,8-K,0,8-K,0,0,0,0,0,0,0,0,0,0,0,0,0,1
TSLA,2020-09-24,2020-09-24T17:15:23-04:00,0001564590-20-044548,1,0,8K,2,2,0,5.07,8-K,0,0,2,0.0,0.0,1.0,5.415060172708763e-06,8.531063258487848e-06,0.9999860525131226,-3.1160030857790844e-06,-3.1160030857790844e-06,-7.380170245596673e-06,1.1481640740385046e-06,8.43968791741645e-06,1.5819858163013123e-05,8-K,1,8-K,1,0,0,0,0,0,0,0,0,0,1,0,0,0
TSLA,2020-10-02,2020-10-02T08:00:56-04:00,0001564590-20-045592,1,1,EX99,2,1,1,2.02,8-K|EX-99.1,1,0,0,1.0,0.0,0.0,0.5878855586051941,0.0005518579855561,0.4115625023841858,0.587333700619638,0.587333700619638,0.587333700619638,0.587333700619638,0.5878855586051941,0.0005518579855561,EX-99.1,0,EX-99.1,0,0,0,0,0,1,0,0,0,0,0,0,0,0
TSLA,2020-10-21,2020-10-21T16:38:49-04:00,0001564590-20-047108,1,1,EX99,18,1,17,2.02,8-K|EX-99.1,6,0,11,0.35294117647058826,0.0,0.6470588235294118,0.37427332691925047,7.324548331436507e-05,0.6256534445310126,0.3742000814359361,8.106046038847126e-06,-2.1943448729189186e-06,0.9999999961955286,1.0,0.0010660307016223,EX-99.1,3,EX-99.1,5,0,0,0,0,1,0,0,0,0,0,0,0,0
TSLA,2020-12-08,2020-12-08T06:06:03-05:00,0001193125-20-312194,1,0,8K,3,3,0,1.01,8-K,0,0,3,0.0,0.0,1.0,1.2803837080355152e-05,1.8438273248951493e-05,0.9999687671661377,-5.634436168596342e-06,-1.5263578916346887e-06,-1.7334970834781416e-05,1.958020220627077e-06,2.215608583355788e-05,3.94910566683393e-05,8-K,1,8-K,1,1,0,0,0,0,0,0,0,0,0,0,0,0
TSLA,2020-12-10,2020-12-10T16:14:39-05:00,0001564590-20-056725,1,0,8K,1,1,0,8.01,8-K,0,0,1,0.0,0.0,1.0,0.0025422752369195,2.3826079996069893e-05,0.9974339604377748,0.0025184491569234,0.0025184491569234,0.0025184491569234,0.0025184491569234,0.0025422752369195,2.3826079996069893e-05,8-K,0,8-K,0,0,0,0,0,0,0,0,0,0,0,0,0,1
TSLA,2021-01-04,2021-01-04T06:05:26-05:00,0001564590-21-000008,1,1,EX99,2,1,1,2.02,8-K|EX-99.1,0,0,1,0.0,0.0,1.0,4.482033909880556e-05,2.4520027182006743e-06,0.9999526739120485,4.236833638060489e-05,4.236833638060489e-05,4.236833638060489e-05,4.236833638060489e-05,4.482033909880556e-05,2.4520027182006743e-06,EX-99.1,0,EX-99.1,0,0,0,0,0,1,0,0,0,0,0,0,0,0
TSLA,2021-01-04,2021-01-04T06:07:40-05:00,0001564590-21-000010,1,0,8K,1,1,0,1.01,8-K,0,0,1,0.0,0.0,1.0,2.896718342526583e-06,6.687044333375525e-06,0.999990463256836,-3.7903259908489417e-06,-3.7903259908489417e-06,-3.7903259908489417e-06,-3.7903259908489417e-06,2.896718342526583e-06,6.687044333375525e-06,8-K,0,8-K,0,1,0,0,0,0,0,0,0,0,0,0,0,0
TSLA,2021-01-27,2021-01-27T17:11:12-05:00,0001564590-21-002645,1,1,EX99,10,1,9,2.02,8-K|EX-99.1,6,0,3,0.6666666666666666,0.0,0.3333333333333333,0.6666536019943723,1.0179063355172009e-06,0.33334541218708735,0.6666525840880368,0.9999720790536486,-3.9739265957905445e-06,0.9999999647802618,1.0,5.928834070800804e-06,EX-99.1,0,EX-99.1,6,0,0,0,0,1,0,0,0,0,0,0,0,0
TSLA,2021-03-12,2021-03-12T20:11:19-05:00,0001564590-21-012962,1,0,8K,1,1,0,5.02,8-K,0,0,1,0.0,0.0,1.0,0.3403312861919403,1.919681926665362e-05,0.6596494913101196,0.3403120893726736,0.3403120893726736,0.3403120893726736,0.3403120893726736,0.3403312861919403,1.919681926665362e-05,8-K,0,8-K,0,0,0,0,0,0,0,0,1,0,0,0,0,0
TSLA,2021-03-15,2021-03-15T06:05:17-04:00,0001564590-21-012981,1,0,8K,1,1,0,8.01,8-K,0,0,1,0.0,0.0,1.0,9.84046891971957e-06,2.1881412976654246e-05,0.99996817111969,-1.2040944056934675e-05,-1.2040944056934675e-05,-1.2040944056934675e-05,-1.2040944056934675e-05,9.84046891971957e-06,2.1881412976654246e-05,8-K,0,8-K,0,0,0,0,0,0,0,0,0,0,0,0,0,1
TSLA,2021-04-02,2021-04-02T08:38:07-04:00,0001564590-21-017443,1,1,EX99,2,1,1,2.02,8-K|EX-99.1,1,0,0,1.0,0.0,0.0,0.999998927116394,6.289589737917822e-09,1.1078302577516297e-06,0.9999989208268044,0.9999989208268044,0.9999989208268044,0.9999989208268044,0.999998927116394,6.289589737917822e-09,EX-99.1,0,EX-99.1,0,0,0,0,0,1,0,0,0,0,0,0,0,0
TSLA,2021-04-26,2021-04-26T16:53:31-04:00,0001564590-21-020558,1,1,EX99,10,1,9,2.02,8-K|EX-99,5,0,4,0.5555555555555556,0.0,0.4444444444444444,0.5366602976971345,7.972759911314361e-05,0.46325999970452814,0.5365805700980215,0.7523542933886347,-3.846379229344166e-06,0.999999992938498,1.0,0.0006452854722738,EX-99,4,EX-99,3,0,0,0,0,1,0,0,0,0,0,0,0,0
TSLA,2021-06-07,2021-06-07T17:09:44-04:00,0001564590-21-031976,1,0,8K,1,1,0,5.02,8-K,0,0,1,0.0,0.0,1.0,0.00286585977301,0.0001312303938902,0.997002899646759,0.0027346293791197,0.0027346293791197,0.0027346293791197,0.0027346293791197,0.00286585977301,0.0001312303938902,8-K,0,8-K,0,0,0,0,0,0,0,0,1,0,0,0,0,0
TSLA,2021-07-02,2021-07-02T08:32:50-04:00,0000950170-21-000423,1,1,EX99,2,1,1,2.02,8-K|EX-99.1,0,0,1,0.0,0.0,1.0,0.1364220976829528,0.0032921412494033,0.8602856993675232,0.1331299564335495,0.1331299564335495,0.1331299564335495,0.1331299564335495,0.1364220976829528,0.0032921412494033,EX-99.1,0,EX-99.1,0,0,0,0,0,1,0,0,0,0,0,0,0,0
TSLA,2021-07-26,2021-07-26T16:25:13-04:00,0001564590-21-037953,1,1,EX99,9,1,8,2.02,8-K|EX-99.1,5,0,3,0.625,0.0,0.375,0.6112546409403663,0.010732265005643166,0.3780131075743274,0.6005223759347231,0.8977679333643209,-2.999728565100668e-06,0.9999993800222456,0.9999996423721312,0.085817277431488,EX-99.1,4,EX-99.1,2,0,0,0,0,1,0,0,0,0,0,0,0,0
TSLA,2021-08-30,2021-08-30T17:06:32-04:00,0001564590-21-046390,1,0,8K,1,1,0,1.01,8-K,0,0,1,0.0,0.0,1.0,0.000349916430423,4.1963376133935526e-05,0.9996082186698914,0.0003079530542891,0.0003079530542891,0.0003079530542891,0.0003079530542891,0.000349916430423,4.1963376133935526e-05,8-K,0,8-K,0,1,0,0,0,0,0,0,0,0,0,0,0,0
TSLA,2021-10-04,2021-10-04T06:09:14-04:00,0001564590-21-049874,1,1,EX99,2,1,1,2.02,8-K|EX-99.1,0,0,1,0.0,0.0,1.0,0.002542597008869,0.0023672604002058,0.995090126991272,0.0001753366086632,0.0001753366086632,0.0001753366086632,0.0001753366086632,0.002542597008869,0.0023672604002058,EX-99.1,0,EX-99.1,0,0,0,0,0,1,0,0,0,0,0,0,0,0
TSLA,2021-10-13,2021-10-13T16:07:03-04:00,0001564590-21-050737,1,0,8K,2,2,0,5.07,8-K,0,0,2,0.0,0.0,1.0,4.278504093235824e-06,2.5894731834341655e-06,0.999993085861206,1.6890309098016587e-06,1.6890309098016587e-06,1.5507366697420366e-06,1.8273251498612808e-06,4.51571895609959e-06,2.9649822863575537e-06,8-K,1,8-K,1,0,0,0,0,0,0,0,0,0,1,0,0,0
TSLA,2021-10-20,2021-10-20T17:14:23-04:00,0001564590-21-051307,1,1,EX99,9,1,8,2.02,8-K|EX-99.1,4,0,4,0.5,0.0,0.5,0.5028263171935237,0.005255030941989414,0.4919186384975194,0.49757128625153424,0.501671770628807,-0.0226471051573753,0.9999995278824514,0.9999997615814208,0.0334918871521949,EX-99.1,0,EX-99.1,5,0,0,0,0,1,0,0,0,0,0,0,0,0
TSLA,2021-12-01,2021-12-01T16:08:40-05:00,0001564590-21-058953,1,0,8K,1,1,0,8.01,8-K,0,0,1,0.0,0.0,1.0,3.2732214094721712e-06,8.067396265687421e-05,0.9999160766601562,-7.740074124740204e-05,-7.740074124740204e-05,-7.740074124740204e-05,-7.740074124740204e-05,3.2732214094721712e-06,8.067396265687421e-05,8-K,0,8-K,0,0,0,0,0,0,0,0,0,0,0,0,0,1
TSLA,2022-01-03,2022-01-03T06:06:42-05:00,0001564590-22-000009,1,1,EX99,2,1,1,2.02,8-K|EX-99.1,0,0,1,0.0,0.0,1.0,0.005077286157757,1.131183307734318e-05,0.99491149187088,0.0050659743246797,0.0050659743246797,0.0050659743246797,0.0050659743246797,0.005077286157757,1.131183307734318e-05,EX-99.1,0,EX-99.1,0,0,0,0,0,1,0,0,0,0,0,0,0,0
TSLA,2022-01-26,2022-01-26T16:26:43-05:00,0001564590-22-002476,1,1,EX99,9,1,8,2.02,8-K|EX-99.1,6,0,2,0.75,0.0,0.25,0.7476878897893329,9.362615297874321e-05,0.25221847931187236,0.7475942636363542,0.9964124265123928,-2.1231801383692077e-06,0.9999999890833164,1.0,0.0007390455575659,EX-99.1,0,EX-99.1,5,0,0,0,0,1,0,0,0,0,0,0,0,0
TSLA,2022-03-28,2022-03-28T06:06:47-04:00,0001564590-22-011875,1,0,8K,1,1,0,8.01,8-K,0,0,1,0.0,0.0,1.0,0.0003950531827285,1.543483267596457e-05,0.999589502811432,0.0003796183500526,0.0003796183500526,0.0003796183500526,0.0003796183500526,0.0003950531827285,1.543483267596457e-05,8-K,0,8-K,0,0,0,0,0,0,0,0,0,0,0,0,0,1
TSLA,2022-04-04,2022-04-04T06:07:24-04:00,0001564590-22-013264,1,1,EX99,2,1,1,2.02,8-K|EX-99.1,0,0,1,0.0,0.0,1.0,9.942842007149012e-05,7.840571197448298e-05,0.999822199344635,2.102270809700713e-05,2.102270809700713e-05,2.102270809700713e-05,2.102270809700713e-05,9.942842007149012e-05,7.840571197448298e-05,EX-99.1,0,EX-99.1,0,0,0,0,0,1,0,0,0,0,0,0,0,0
TSLA,2022-04-20,2022-04-20T16:12:16-04:00,0001564590-22-014917,1,1,EX99,8,1,7,2.02,8-K|EX-99.1,4,0,3,0.5714285714285714,0.0,0.42857142857142855,0.572477979554297,0.07063800848422373,0.35688399528849646,0.5018399710700733,0.9985745956655592,-0.4844402316957712,0.9999550871302744,0.9999624490737916,0.4938265383243561,EX-99.1,0,EX-99.1,2,0,0,0,0,1,0,0,0,0,0,0,0,0
TSLA,2022-05-03,2022-05-03T06:04:55-04:00,0001564590-22-017214,1,0,8K,1,1,0,8.01,8-K,0,0,1,0.0,0.0,1.0,7.783858018228784e-05,1.0610591743898112e-05,0.9999115467071532,6.722798843838973e-05,6.722798843838973e-05,6.722798843838973e-05,6.722798843838973e-05,7.783858018228784e-05,1.0610591743898112e-05,8-K,0,8-K,0,0,0,0,0,0,0,0,0,0,0,0,0,1
TSLA,2022-07-05,2022-07-05T06:16:41-04:00,0001564590-22-025153,1,1,EX99,2,1,1,2.02,8-K|EX-99.1,1,0,0,1.0,0.0,0.0,0.9961716532707214,7.051028205751209e-06,0.0038213299121707,0.9961646022425156,0.9961646022425156,0.9961646022425156,0.9961646022425156,0.9961716532707214,7.051028205751209e-06,EX-99.1,0,EX-99.1,0,0,0,0,0,1,0,0,0,0,0,0,0,0
TSLA,2022-07-20,2022-07-20T16:43:32-04:00,0001564590-22-026048,1,1,EX99,8,1,7,2.02,8-K|EX-99.1,4,0,3,0.5714285714285714,0.0,0.42857142857142855,0.6254355694082149,0.03049977128476655,0.34406464757609573,0.5949357981234483,0.9999930495970945,-6.78284675359464e-06,0.9999999869825712,1.0,0.2134849280118942,EX-99.1,0,EX-99.1,4,0,0,0,0,1,0,0,0,0,0,0,0,0
TSLA,2022-08-05,2022-08-05T16:11:22-04:00,0001564590-22-028207,1,1,EX99,4,3,1,5.07,8-K|EX-99.1,0,0,1,0.0,0.0,1.0,0.0024094688706099,2.136660805263091e-05,0.9975691437721252,0.0023881022625573,0.0023881022625573,0.0023881022625573,0.0023881022625573,0.0024094688706099,2.136660805263091e-05,EX-99.1,0,EX-99.1,0,0,0,0,0,0,0,0,0,0,1,0,0,0
TSLA,2022-09-28,2022-09-28T16:15:27-04:00,0001564590-22-032575,1,1,EX99,2,1,1,5.02,8-K|EX-99.1,0,0,1,0.0,0.0,1.0,0.0034600836224853,3.0074845653871307e-06,0.9965369701385498,0.00345707613792,0.00345707613792,0.00345707613792,0.00345707613792,0.0034600836224853,3.0074845653871307e-06,EX-99.1,0,EX-99.1,0,0,0,0,0,0,0,0,1,0,0,0,0,0
TSLA,2022-10-03,2022-10-03T06:05:40-04:00,0001564590-22-033053,1,1,EX99,2,1,1,2.02,8-K|EX-99.1,0,1,0,0.0,1.0,0.0,7.845220534363762e-05,0.9816903471946716,0.0182311367243528,-0.981611894989328,-0.981611894989328,-0.981611894989328,-0.981611894989328,7.845220534363762e-05,0.9816903471946716,EX-99.1,0,EX-99.1,0,0,0,0,0,1,0,0,0,0,0,0,0,0
TSLA,2022-10-19,2022-10-19T17:15:46-04:00,0001564590-22-034639,1,1,EX99,6,1,5,2.02,8-K|EX-99.1,0,0,5,0.0,0.0,1.0,0.00011021200671166191,7.161809094213822e-06,0.9998826384544373,0.00010305019761744878,1.4037826190360647e-05,-1.053074356605066e-05,0.0004938984347973,0.0005135370302014,1.96385954041034e-05,EX-99.1,2,EX-99.1,2,0,0,0,0,1,0,0,0,0,0,0,0,0
TSLA,2023-01-03,2023-01-03T06:08:47-05:00,0001564590-23-000002,1,1,EX99,3,1,2,2.02,8-K|EX-99.1|EX-99.2,1,0,1,0.5,0.0,0.5,0.4997733390628128,2.4243273628599127e-06,0.5002242778718937,0.4997709147354499,0.4997709147354499,0.0001923387048918,0.999349490766008,0.9993502497673036,4.089653430128237e-06,EX-99.1,0,EX-99.2,0,0,0,0,0,1,0,0,0,0,0,0,0,0
TSLA,2023-01-25,2023-01-25T16:41:18-05:00,0001564590-23-000799,1,1,EX99,9,3,6,1.01,8-K|EX-99.1,0,0,6,0.0,0.0,1.0,6.410745401788923e-05,0.0010329912136057722,0.9989029367764791,-0.0009688837595878919,1.1338559858131703e-05,-0.0061671254434259,0.000297712162137,0.0003201293002348,0.006171875167638,EX-99.1,3,EX-99.1,1,1,0,0,0,0,0,0,0,0,0,0,0,0
TSLA,2023-04-03,2023-04-03T07:02:44-04:00,0001564590-23-005126,1,1,EX99,2,1,1,2.02,8-K|EX-99.1,0,0,1,0.0,0.0,1.0,3.247058702982031e-05,1.3010028396820417e-06,0.9999662637710572,3.1169584190138266e-05,3.1169584190138266e-05,3.1169584190138266e-05,3.1169584190138266e-05,3.247058702982031e-05,1.3010028396820417e-06,EX-99.1,0,EX-99.1,0,0,0,0,0,1,0,0,0,0,0,0,0,0
TSLA,2023-04-05,2023-04-05T16:10:33-04:00,0001564590-23-005462,1,0,8K,1,1,0,5.03,8-K,0,0,1,0.0,0.0,1.0,1.8127422663383182e-05,1.6861058611539192e-05,0.9999650716781616,1.2663640518439934e-06,1.2663640518439934e-06,1.2663640518439934e-06,1.2663640518439934e-06,1.8127422663383182e-05,1.6861058611539192e-05,8-K,0,8-K,0,0,0,0,0,0,0,0,0,1,0,0,0,0
TSLA,2023-04-19,2023-04-19T17:25:10-04:00,0001564590-23-005959,1,1,EX99,5,1,4,2.02,8-K|EX-99.1,1,0,3,0.25,0.0,0.75,0.20108370532466324,9.317965975697007e-06,0.7989070005714893,0.20107438735868755,9.58762814207148e-06,2.3921948013594374e-06,0.8042759819836647,0.804294764995575,1.878301191027276e-05,EX-99.1,2,EX-99.1,2,0,0,0,0,1,0,0,0,0,0,0,0,0
TSLA,2023-05-22,2023-05-22T16:51:02-04:00,0001564590-23-007379,1,0,8K,2,2,0,5.07,8-K,0,0,2,0.0,0.0,1.0,3.3946977282539592e-06,4.283487669454189e-06,0.999992311000824,-8.887899412002296e-07,-8.887899412002296e-07,-3.773741354962112e-06,1.9961614725616528e-06,3.868655312544433e-06,7.642396667506546e-06,8-K,1,8-K,1,0,0,0,0,0,0,0,0,0,1,0,0,0
TSLA,2023-07-03,2023-07-03T06:05:58-04:00,0000950170-23-031241,1,1,EX99,2,1,1,2.02,8-K|EX-99.1,0,0,1,0.0,0.0,1.0,5.875492092854984e-07,8.303467780024221e-07,0.9999985694885254,-2.427975687169237e-07,-2.427975687169237e-07,-2.427975687169237e-07,-2.427975687169237e-07,5.875492092854984e-07,8.303467780024221e-07,EX-99.1,0,EX-99.1,0,0,0,0,0,1,0,0,0,0,0,0,0,0
TSLA,2023-07-19,2023-07-19T16:46:20-04:00,0000950170-23-033544,1,1,EX99,19,1,18,2.02,8-K|EX-99.1,5,0,13,0.2777777777777778,0.0,0.7222222222222222,0.28971032471054375,1.4884442590847286e-05,0.7102748048871376,0.2896954402679529,4.613300234268536e-06,-1.5668108346744702e-05,0.9999998287589767,0.9999998807907104,0.0002033779746852,EX-99.1,0,EX-99.1,3,0,0,0,0,1,0,0,0,0,0,0,0,0
TSLA,2023-07-20,2023-07-20T17:17:28-04:00,0000950170-23-033695,1,1,EX99,21,1,20,8.01,8-K|EX-99.1,0,0,20,0.0,0.0,1.0,0.00014199656760637602,0.00010698640082437271,0.9997510194778443,3.50101667820005e-05,-2.4687902850928367e-06,-0.0003924603588529,0.000848818803206,0.0011963791912421,0.0004808191442862,EX-99.1,6,EX-99.1,15,0,0,0,0,0,0,0,0,0,0,0,0,1
TSLA,2023-08-07,2023-08-07T09:02:20-04:00,0000950170-23-038779,1,0,8K,1,1,0,5.02,8-K,0,0,1,0.0,0.0,1.0,0.1311652660369873,2.580599903012626e-05,0.868808925151825,0.1311394600379571,0.1311394600379571,0.1311394600379571,0.1311394600379571,0.1311652660369873,2.580599903012626e-05,8-K,0,8-K,0,0,0,0,0,0,0,0,1,0,0,0,0,0
TSLA,2023-10-02,2023-10-02T09:05:38-04:00,0000950170-23-050938,1,1,EX99,2,1,1,2.02,8-K|EX-99.1,0,1,0,0.0,1.0,0.0,7.5859347816731315e-06,0.9952822327613832,0.0047101629897952,-0.9952746468266014,-0.9952746468266014,-0.9952746468266014,-0.9952746468266014,7.5859347816731315e-06,0.9952822327613832,EX-99.1,0,EX-99.1,0,0,0,0,0,1,0,0,0,0,0,0,0,0
TSLA,2023-10-18,2023-10-18T16:15:00-04:00,0001628280-23-034588,1,1,EX99,23,1,22,2.02,8-K|EX-99.1,4,1,17,0.18181818181818182,0.045454545454545456,0.7727272727272727,0.18640663773863508,0.04538703201744244,0.7682063259263249,0.14101960572119265,-2.268094334567649e-08,-0.9960362779675052,0.9999989045940544,0.999998927116394,0.997515082359314,EX-99.1,7,EX-99.1,3,0,0,0,0,1,0,0,0,0,0,0,0,0
TSLA,2024-01-02,2024-01-02T16:29:17-05:00,0000950170-24-000282,1,1,EX99,2,1,1,2.02,8-K|EX-99.1,1,0,0,1.0,0.0,0.0,0.999969244003296,8.144826324496536e-08,3.0634193535661325e-05,0.9999691625550328,0.9999691625550328,0.9999691625550328,0.9999691625550328,0.999969244003296,8.144826324496536e-08,EX-99.1,0,EX-99.1,0,0,0,0,0,1,0,0,0,0,0,0,0,0
TSLA,2024-01-24,2024-01-24T17:24:27-05:00,0000950170-24-007073,1,1,EX99,22,1,21,2.02,8-K|EX-99.1,3,2,16,0.14285714285714285,0.09523809523809523,0.7619047619047619,0.1667962506532808,0.07646911825641348,0.7567346378125611,0.09032713239686732,-1.9386365579521225e-07,-0.8637345284223557,0.9999991062274916,0.9999991655349731,0.9164885878562928,EX-99.1,9,EX-99.1,5,0,0,0,0,1,0,0,0,0,0,0,0,0
TSLA,2024-04-02,2024-04-02T16:47:22-04:00,0000950170-24-040274,1,1,EX99,2,1,1,2.02,8-K|EX-99.1,0,1,0,0.0,1.0,0.0,1.1305684893159196e-05,0.9994075298309326,0.0005811784649267,-0.9993962241460396,-0.9993962241460396,-0.9993962241460396,-0.9993962241460396,1.1305684893159196e-05,0.9994075298309326,EX-99.1,0,EX-99.1,0,0,0,0,0,1,0,0,0,0,0,0,0,0
TSLA,2024-04-16,2024-04-16T06:07:17-04:00,0000950170-24-044588,1,0,8K,1,1,0,5.02,8-K,0,0,1,0.0,0.0,1.0,0.0103140734136104,0.0001537421921966,0.989532232284546,0.0101603312214137,0.0101603312214137,0.0101603312214137,0.0101603312214137,0.0103140734136104,0.0001537421921966,8-K,0,8-K,0,0,0,0,0,0,0,0,1,0,0,0,0,0
TSLA,2024-04-23,2024-04-23T16:09:55-04:00,0000950170-24-046895,1,1,EX99,21,1,20,2.02,8-K|EX-99.1,5,1,14,0.25,0.05,0.7,0.248266296286252,0.05121888880431341,0.7005148008163544,0.19704740748193855,-2.1786848947158433e-07,-0.9993336869956692,0.9999997381830354,0.9999997615814208,0.9994692206382751,EX-99.1,8,EX-99.1,4,0,0,0,0,1,0,0,0,0,0,0,0,0
TSLA,2024-06-14,2024-06-14T06:02:55-04:00,0001104659-24-071439,1,0,8K,4,4,0,5.07,8-K,0,0,4,0.0,0.0,1.0,4.155216544177165e-06,1.2547814094432397e-06,0.999994546175003,2.9004351347339252e-06,3.069050364956638e-06,-2.503317091395729e-07,5.713971518161998e-06,6.98786971042864e-06,1.8097566680808088e-06,8-K,0,8-K,3,0,0,0,0,0,0,0,0,0,1,0,0,0
TSLA,2024-07-02,2024-07-02T09:24:01-04:00,0001628280-24-030714,1,1,EX99,2,1,1,2.02,8-K|EX-99.1,0,0,1,0.0,0.0,1.0,6.241266964934766e-05,9.880426432573586e-07,0.999936580657959,6.14246270060903e-05,6.14246270060903e-05,6.14246270060903e-05,6.14246270060903e-05,6.241266964934766e-05,9.880426432573586e-07,EX-99.1,0,EX-99.1,0,0,0,0,0,1,0,0,0,0,0,0,0,0
TSLA,2024-07-23,2024-07-23T16:32:27-04:00,0001628280-24-032603,1,1,EX99,22,1,21,2.02,8-K|EX-99.1,5,2,14,0.23809523809523808,0.09523809523809523,0.6666666666666666,0.25508470981962816,0.06970085534862698,0.6752144226151442,0.1853838544710012,1.493668833063566e-08,-0.9973860672907904,0.999999871414018,0.9999998807907104,0.9984128475189208,EX-99.1,8,EX-99.1,4,0,0,0,0,1,0,0,0,0,0,0,0,0
TSLA,2024-10-02,2024-10-02T09:06:34-04:00,0001628280-24-041816,1,1,EX99,2,1,1,2.02,8-K|EX-99.1,0,0,1,0.0,0.0,1.0,2.1337827149636726e-07,2.001142775043263e-06,0.9999977350234984,-1.787764503546896e-06,-1.787764503546896e-06,-1.787764503546896e-06,-1.787764503546896e-06,2.1337827149636726e-07,2.001142775043263e-06,EX-99.1,0,EX-99.1,0,0,0,0,0,1,0,0,0,0,0,0,0,0
TSLA,2024-10-23,2024-10-23T16:09:26-04:00,0001628280-24-043432,1,1,EX99,22,1,21,2.02,8-K|EX-99.1,8,0,13,0.38095238095238093,0.0,0.6190476190476191,0.38092377606974787,1.3849186537890596e-06,0.619074837511889,0.3809223911510941,6.743322273905505e-07,-3.854954229609575e-06,0.9999998672086424,0.9999998807907104,7.076609108480625e-06,EX-99.1,8,EX-99.1,10,0,0,0,0,1,0,0,0,0,0,0,0,0
TSLA,2025-01-02,2025-01-02T09:06:39-05:00,0001628280-25-000007,1,1,EX99,2,1,1,2.02,8-K|EX-99.1,0,0,1,0.0,0.0,1.0,0.1182918325066566,7.932744665595237e-06,0.881700336933136,0.118283899761991,0.118283899761991,0.118283899761991,0.118283899761991,0.1182918325066566,7.932744665595237e-06,EX-99.1,0,EX-99.1,0,0,0,0,0,1,0,0,0,0,0,0,0,0
TSLA,2025-01-29,2025-01-29T16:09:13-05:00,0001628280-25-002993,1,1,EX99,29,1,28,2.02,8-K|EX-99.1,8,1,19,0.2857142857142857,0.03571428571428571,0.6785714285714286,0.2822820939945433,0.0336837201958069,0.684034180893702,0.24859837379873642,4.018510935566155e-06,-0.8999322466552258,0.9999929142721342,0.9999929666519164,0.9429665803909302,EX-99.1,14,EX-99.1,5,0,0,0,0,1,0,0,0,0,0,0,0,0
TSLA,2025-04-02,2025-04-02T09:05:22-04:00,0001628280-25-016070,1,1,EX99,2,1,1,2.02,8-K|EX-99.1,1,0,0,1.0,0.0,0.0,0.9622353315353394,0.0179714541882276,0.0197932235896587,0.9442638773471116,0.9442638773471116,0.9442638773471116,0.9442638773471116,0.9622353315353394,0.0179714541882276,EX-99.1,0,EX-99.1,0,0,0,0,0,1,0,0,0,0,0,0,0,0
TSLA,2025-04-22,2025-04-22T16:10:12-04:00,0001628280-25-018851,1,1,EX99,31,1,30,2.02,8-K|EX-99.1,5,0,25,0.16666666666666666,0.0,0.8333333333333334,0.17146045977708677,0.0019063968577298972,0.8266331479238828,0.16955406291935687,1.4899512734700693e-08,-0.0481844535097479,0.99999979601823,0.9999998807907104,0.0558480694890022,EX-99.1,1,EX-99.1,4,0,0,0,0,1,0,0,0,0,0,0,0,0
TSLA,2025-05-16,2025-05-16T17:01:19-04:00,0001104659-25-050072,1,0,8K,1,1,0,5.03,8-K,0,0,1,0.0,0.0,1.0,4.870250268140808e-05,3.907094651367515e-05,0.9999121427536012,9.631556167732924e-06,9.631556167732924e-06,9.631556167732924e-06,9.631556167732924e-06,4.870250268140808e-05,3.907094651367515e-05,8-K,0,8-K,0,0,0,0,0,0,0,0,0,1,0,0,0,0
TSLA,2025-05-16,2025-05-16T07:00:28-04:00,0001628280-25-026148,1,1,EX99,2,1,1,5.02,8-K|EX-99.1,0,0,1,0.0,0.0,1.0,0.1263077855110168,5.706770025426522e-06,0.8736864924430847,0.1263020787409914,0.1263020787409914,0.1263020787409914,0.1263020787409914,0.1263077855110168,5.706770025426522e-06,EX-99.1,0,EX-99.1,0,0,0,0,0,0,0,0,1,0,0,0,0,0
TSLA,2025-07-02,2025-07-02T09:05:13-04:00,0001628280-25-033842,1,1,EX99,2,1,1,2.02,8-K|EX-99.1,0,0,1,0.0,0.0,1.0,0.0042305048555135,4.208009613648756e-06,0.9957653284072876,0.0042262968458999,0.0042262968458999,0.0042262968458999,0.0042262968458999,0.0042305048555135,4.208009613648756e-06,EX-99.1,0,EX-99.1,0,0,0,0,0,1,0,0,0,0,0,0,0,0
TSLA,2025-07-09,2025-07-09T21:18:15-04:00,0001628280-25-034692,1,0,8K,1,1,0,5.08,8-K,0,0,1,0.0,0.0,1.0,8.511367013852578e-06,8.256424735009205e-06,0.9999833106994628,2.5494227884337306e-07,2.5494227884337306e-07,2.5494227884337306e-07,2.5494227884337306e-07,8.511367013852578e-06,8.256424735009205e-06,8-K,0,8-K,0,0,0,0,0,0,0,0,0,0,0,1,0,0
TSLA,2025-07-23,2025-07-23T16:14:09-04:00,0001628280-25-035738,1,1,EX99,32,1,31,2.02,8-K|EX-99.1,5,0,26,0.16129032258064516,0.0,0.8387096774193549,0.17598398514181143,0.0046574037657315815,0.8193586090898399,0.17132658137607987,-1.6531998880964238e-08,-0.141527195693925,0.999999308955168,0.9999995231628418,0.142885074019432,EX-99.1,1,EX-99.1,4,0,0,0,0,1,0,0,0,0,0,0,0,0
TSLA,2025-08-04,2025-08-04T06:03:14-04:00,0001104659-25-073263,1,1,EX99,11,7,4,5.02,8-K|EX-99.1,2,0,2,0.5,0.0,0.5,0.48896156042610533,0.00018374419687458712,0.5108546932606259,0.48877781622923067,0.4778774949736544,0.0001197888886963,0.9992364860809176,0.9993366599082948,0.0003848135238513,EX-99.1,1,EX-99.1,0,0,0,0,0,0,0,0,1,0,0,0,0,0
TSLA,2025-09-05,2025-09-05T16:46:03-04:00,0001104659-25-087862,1,0,8K,1,1,0,1.01,8-K,0,0,1,0.0,0.0,1.0,0.0001742182503221,0.0005053442437201,0.9993205070495604,-0.000331125993398,-0.000331125993398,-0.000331125993398,-0.000331125993398,0.0001742182503221,0.0005053442437201,8-K,0,8-K,0,1,0,0,0,0,0,0,0,0,0,0,0,0
TSLA,2025-10-02,2025-10-02T09:04:54-04:00,0001628280-25-043530,1,1,EX99,2,1,1,2.02,8-K|EX-99.1,1,0,0,1.0,0.0,0.0,0.9969542026519777,1.2179782515886473e-06,0.0030446297023445,0.996952984673726,0.996952984673726,0.996952984673726,0.996952984673726,0.9969542026519777,1.2179782515886473e-06,EX-99.1,0,EX-99.1,0,0,0,0,0,1,0,0,0,0,0,0,0,0
TSLA,2025-10-22,2025-10-22T16:06:36-04:00,0001628280-25-045861,1,1,EX99,29,1,28,2.02,8-K|EX-99.1,7,0,21,0.25,0.0,0.75,0.2350430657203145,2.355650836381207e-05,0.7649333753271489,0.2350195092119507,2.9396491640909517e-07,-1.2386903108563274e-05,0.9999998603484972,0.9999998807907104,0.0005295429727993,EX-99.1,1,EX-99.1,4,0,0,0,0,1,0,0,0,0,0,0,0,0
TSLA,2025-11-07,2025-11-07T16:27:23-05:00,0001104659-25-108507,1,1,EX99,21,4,17,5.02,8-K|EX-99.1|EX-99.2,0,0,17,0.0,0.0,1.0,4.564214272891898e-05,4.175397411559596e-06,0.9999501705169678,4.146674531735802e-05,1.5380055515379354e-05,3.898427209492184e-06,0.0003176730929226,0.0003223200328648,1.747261376294773e-05,EX-99.2,2,EX-99.2,6,0,0,0,0,0,0,0,1,0,0,0,0,0
TSLA,2026-01-02,2026-01-02T09:20:13-05:00,0001628280-26-000016,1,1,EX99,2,1,1,2.02,8-K|EX-99.1,1,0,0,1.0,0.0,0.0,0.806197464466095,1.302576856687665e-05,0.1937894523143768,0.8061844386975281,0.8061844386975281,0.8061844386975281,0.8061844386975281,0.806197464466095,1.302576856687665e-05,EX-99.1,0,EX-99.1,0,0,0,0,0,1,0,0,0,0,0,0,0,0
TSLA,2026-01-28,2026-01-28T16:11:04-05:00,0001628280-26-003837,1,1,EX99,41,1,40,2.02,8-K|EX-99.1,10,0,30,0.25,0.0,0.75,0.23265986653656262,4.0770007142839445e-05,0.7672993518448635,0.23261909652941978,3.077051815125742e-06,-4.554222687147558e-05,0.9999988889191798,0.9999991655349731,0.001222668448463,EX-99.1,1,EX-99.1,21,0,0,0,0,1,0,0,0,0,0,0,0,0
TSLA,2026-04-02,2026-04-02T09:07:13-04:00,0001628280-26-022956,1,1,EX99,2,1,1,2.02,8-K|EX-99.1,0,0,1,0.0,0.0,1.0,0.002622528700158,4.1647240323072765e-06,0.997373342514038,0.0026183639761256,0.0026183639761256,0.0026183639761256,0.0026183639761256,0.002622528700158,4.1647240323072765e-06,EX-99.1,0,EX-99.1,0,0,0,0,0,1,0,0,0,0,0,0,0,0
TSLA,2026-04-22,2026-04-22T16:10:44-04:00,0001628280-26-026551,1,1,EX99,26,1,25,2.02,8-K|EX-99.1,6,0,19,0.24,0.0,0.76,0.25043058249009165,1.1452053306797085e-05,0.7495579701181402,0.2504191304367848,1.0250665809508064e-05,-6.186624432302779e-06,0.999999973770942,1.0,0.0001475757890148,EX-99.1,1,EX-99.1,0,0,0,0,0,1,0,0,0,0,0,0,0,0
TSLA,2026-07-02,2026-07-02T09:01:26-04:00,0001628280-26-046717,1,1,EX99,2,1,1,2.02,8-K|EX-99.1,0,0,1,0.0,0.0,1.0,0.0056380662135779,3.5969831060356228e-06,0.9943583607673644,0.0056344692304719,0.0056344692304719,0.0056344692304719,0.0056344692304719,0.0056380662135779,3.5969831060356228e-06,EX-99.1,0,EX-99.1,0,0,0,0,0,1,0,0,0,0,0,0,0,0
TSLA,2026-07-22,2026-07-22T16:35:52-04:00,0001628280-26-049213,1,1,EX99,28,1,27,2.02,8-K|EX-99.1,5,0,22,0.18518518518518517,0.0,0.8148148148148148,0.18052271286270252,0.0016175945221703519,0.8178596926923818,0.17890511834053216,6.238676064640458e-07,-0.0071806833148002,0.999999753335416,0.9999997615814208,0.0425257310271263,EX-99.1,0,EX-99.1,14,0,0,0,0,1,0,0,0,0,0,0,0,0
