Ticker,Event_Session,Accession,Abnormal_Event_Return_1D,Tradable_Abnormal_Return_1D,Test_Year,Model,y_true,y_pred,y_prob
TSLA,2023-01-03,0001564590-23-000002,-0.1156624860226348,-0.0720107395275778,2023,TABNET A - MARKET,0,0,0.29804635
AMZN,2023-01-04,0001193125-23-000849,-0.0126876408399162,-0.0129157740059399,2023,TABNET A - MARKET,0,0,0.4334089
AMZN,2023-01-09,0001193125-23-003621,0.0083963791381691,-7.26610642479697e-05,2023,TABNET A - MARKET,0,0,0.4080436
NFLX,2023-01-10,0001065280-23-000033,0.0307843939834469,0.0405525545982103,2023,TABNET A - MARKET,1,1,0.5013533
AMD,2023-01-12,0000002488-23-000003,0.019791102730847,0.0070743471655714,2023,TABNET A - MARKET,1,0,0.4354266
ADBE,2023-01-20,0001193125-23-010953,0.0130675568418314,0.0169119459884681,2023,TABNET A - MARKET,1,0,0.47617254
GOOGL,2023-01-20,0001193125-23-011424,0.026045161412773,0.0094248902763049,2023,TABNET A - MARKET,1,0,0.388301
NFLX,2023-01-20,0001065280-23-000034,0.0572490265820655,-0.0043254532199215,2023,TABNET A - MARKET,0,0,0.26097983
GOOGL,2023-01-25,0001652044-23-000005,-0.0231644469233743,-0.0176172626475952,2023,TABNET A - MARKET,0,0,0.4030067
MSFT,2023-01-25,0001193125-23-014230,-0.003688560046954,0.0121879344250572,2023,TABNET A - MARKET,1,0,0.46525952
TSLA,2023-01-26,0001564590-23-000799,0.0901750820045785,-0.0054043323110186,2023,TABNET A - MARKET,0,0,0.35989046
ADBE,2023-01-27,0000796343-23-000011,0.0034130337334414,0.0052739242075479,2023,TABNET A - MARKET,1,0,0.4359149
INTC,2023-01-27,0000050863-23-000005,-0.0740950349112492,0.0256769086473362,2023,TABNET A - MARKET,1,0,0.43353304
AMD,2023-02-01,0000002488-23-000007,0.1048972199729882,0.0565166972239445,2023,TABNET A - MARKET,1,0,0.42516357
META,2023-02-02,0001326801-23-000015,0.1969341805130866,0.0158996709095216,2023,TABNET A - MARKET,1,0,0.39170048
AAPL,2023-02-03,0000320193-23-000005,0.0421727178443979,0.0396410235680864,2023,TABNET A - MARKET,1,0,0.41307455
AMZN,2023-02-03,0001018724-23-000002,-0.0665420767107707,-0.0218319003543158,2023,TABNET A - MARKET,0,0,0.43151522
GOOGL,2023-02-03,0001652044-23-000013,-0.0097006411015775,0.0139070234336826,2023,TABNET A - MARKET,1,0,0.340734
QCOM,2023-02-03,0000804328-23-000005,0.0116632618341803,0.0253633663543237,2023,TABNET A - MARKET,1,0,0.4475701
INTC,2023-02-13,0001193125-23-032608,0.0109625490155056,0.0132077736207554,2023,TABNET A - MARKET,1,0,0.43760318
META,2023-02-14,0001326801-23-000019,-0.0071106667692597,0.0003516103807958,2023,TABNET A - MARKET,1,0,0.4110776
META,2023-02-16,0001326801-23-000023,-0.0078781083747686,0.0017537658320269,2023,TABNET A - MARKET,1,1,0.5018456
AMD,2023-02-22,0000002488-23-000040,-0.002832042904912,-0.0029037832030454,2023,TABNET A - MARKET,0,0,0.4068123
NVDA,2023-02-23,0001045810-23-000014,0.1314796732369261,0.0134157005515644,2023,TABNET A - MARKET,1,0,0.44037023
NFLX,2023-02-27,0001065280-23-000062,0.0113790277894145,0.0012359943514402,2023,TABNET A - MARKET,1,0,0.4441256
AVGO,2023-03-03,0001730168-23-000004,0.036304244985005,0.0098576779317773,2023,TABNET A - MARKET,1,0,0.49382716
NVDA,2023-03-09,0001045810-23-000039,-0.0134832812365488,-0.0115629621939261,2023,TABNET A - MARKET,0,0,0.47263217
QCOM,2023-03-10,0000804328-23-000014,-0.0032742910351497,-0.0053771953683138,2023,TABNET A - MARKET,0,0,0.39759916
AAPL,2023-03-13,0001140361-23-011192,0.0058495767557158,0.004185229204535,2023,TABNET A - MARKET,1,0,0.44150588
ADBE,2023-03-16,0000796343-23-000044,0.0326300284227003,-0.0042568429343836,2023,TABNET A - MARKET,0,0,0.44569266
TSLA,2023-04-03,0001564590-23-005126,-0.0587379920681228,-0.0300407222817098,2023,TABNET A - MARKET,0,1,0.5739895
TSLA,2023-04-06,0001564590-23-005462,-0.0092216572279802,-0.0013095626006749,2023,TABNET A - MARKET,0,0,0.49957058
AVGO,2023-04-10,0001730168-23-000052,0.0081949810147982,0.0062251401938429,2023,TABNET A - MARKET,1,0,0.46800616
META,2023-04-11,0001326801-23-000038,0.0022265981036951,-0.0012717866948718,2023,TABNET A - MARKET,0,0,0.4933914
AMZN,2023-04-13,0001104659-23-044715,0.0271315497467332,0.0210808380159321,2023,TABNET A - MARKET,1,0,0.43732607
NFLX,2023-04-19,0001065280-23-000119,-0.0312345844131969,-0.010631065051982,2023,TABNET A - MARKET,0,0,0.099525064
TSLA,2023-04-20,0001564590-23-005959,-0.0898338509164068,-0.0210058949076691,2023,TABNET A - MARKET,0,0,0.43369249
GOOGL,2023-04-21,0001652044-23-000034,9.635682347419738e-05,-0.0027846219668283,2023,TABNET A - MARKET,0,0,0.42357984
GOOGL,2023-04-24,0001193125-23-110657,0.0073971460599369,0.0059093281773334,2023,TABNET A - MARKET,1,0,0.44884837
ADBE,2023-04-25,0000796343-23-000084,-0.0016747468953407,0.0028688305451172,2023,TABNET A - MARKET,1,0,0.49257943
GOOGL,2023-04-26,0001652044-23-000041,-0.0074125529130505,-0.0065236312817857,2023,TABNET A - MARKET,0,0,0.39378467
MSFT,2023-04-26,0001193125-23-115280,0.0663702873324159,0.0005262566423006,2023,TABNET A - MARKET,1,0,0.34582463
META,2023-04-27,0001326801-23-000063,0.1120639737781477,-0.020273368771846,2023,TABNET A - MARKET,0,0,0.3522509
AMZN,2023-04-28,0001018724-23-000006,-0.0466911150938218,-0.0288177375455369,2023,TABNET A - MARKET,0,0,0.2844126
INTC,2023-04-28,0000050863-23-000027,0.0332888165939835,-0.0364216403375011,2023,TABNET A - MARKET,0,0,0.39951482
AMD,2023-05-03,0000002488-23-000074,-0.0856594537141515,-0.0152894961531212,2023,TABNET A - MARKET,0,0,0.40498152
META,2023-05-04,0001193125-23-134410,-0.0112782936674858,-0.0079529582994017,2023,TABNET A - MARKET,0,0,0.44149926
QCOM,2023-05-04,0000804328-23-000022,-0.0518631415817621,0.0273191792245914,2023,TABNET A - MARKET,1,0,0.36168942
AAPL,2023-05-05,0000320193-23-000063,0.0256724402288117,0.0012691383248919,2023,TABNET A - MARKET,1,0,0.46206364
AAPL,2023-05-11,0001140361-23-023909,-0.0021652177173392,-0.0021103985939553,2023,TABNET A - MARKET,0,0,0.44594318
INTC,2023-05-17,0000050863-23-000057,-0.0240821783586867,-0.0307930398179215,2023,TABNET A - MARKET,0,1,0.5263567
AVGO,2023-05-23,0001730168-23-000054,0.0246609698157997,0.0015378538156908,2023,TABNET A - MARKET,1,1,0.5032433
TSLA,2023-05-23,0001564590-23-007379,-0.0037371727338172,0.0052230092126488,2023,TABNET A - MARKET,1,1,0.5879614
AMD,2023-05-24,0001193125-23-151810,0.0065167645276903,0.0207628132604171,2023,TABNET A - MARKET,1,0,0.44289944
NVDA,2023-05-25,0001045810-23-000087,0.2193636281413169,-0.0158056253594253,2023,TABNET A - MARKET,0,0,0.42584297
AMZN,2023-05-30,0001104659-23-065457,0.0083696886722113,0.0019379464981017,2023,TABNET A - MARKET,1,0,0.43893537
AVGO,2023-06-02,0001730168-23-000062,0.0204133015688046,0.0246135061700552,2023,TABNET A - MARKET,1,0,0.39521962
META,2023-06-02,0001326801-23-000083,-0.0074997429598375,-0.0025859503346447,2023,TABNET A - MARKET,0,1,0.5173953
NFLX,2023-06-07,0001065280-23-000173,0.01816757671609,-0.0082045797704944,2023,TABNET A - MARKET,0,0,0.49625048
GOOGL,2023-06-09,0001193125-23-163590,-0.0030860725402626,0.0002030212928941,2023,TABNET A - MARKET,1,0,0.4523747
ADBE,2023-06-16,0000796343-23-000133,0.014990951110978,-0.0316268054016003,2023,TABNET A - MARKET,0,0,0.30170393
NVDA,2023-06-28,0001045810-23-000146,-0.0200767039267372,0.0041673585470676,2023,TABNET A - MARKET,1,0,0.47463617
TSLA,2023-07-03,0000950170-23-031241,0.0665986854549824,0.0114494120436481,2023,TABNET A - MARKET,1,0,0.4730198
MSFT,2023-07-05,0001193125-23-181341,0.0005004739878785,0.0048465775696648,2023,TABNET A - MARKET,1,0,0.47059235
AMD,2023-07-11,0000002488-23-000123,-0.0248385321263878,-0.006807377401649,2023,TABNET A - MARKET,0,0,0.40834084
NFLX,2023-07-20,0001065280-23-000197,-0.061057964347201,-0.006142113688995,2023,TABNET A - MARKET,0,0,0.35787868
TSLA,2023-07-20,0000950170-23-033544,-0.0743182954482134,-0.0443040034004684,2023,TABNET A - MARKET,0,0,0.45456696
TSLA,2023-07-21,0000950170-23-033695,-0.0079554484795124,-0.0204138842705264,2023,TABNET A - MARKET,0,0,0.40350217
QCOM,2023-07-24,0000804328-23-000033,-0.0065684745719806,-0.0039356729133458,2023,TABNET A - MARKET,0,0,0.3503613
NVDA,2023-07-25,0001045810-23-000164,0.0171394451344162,0.0115667871783551,2023,TABNET A - MARKET,1,0,0.4599552
GOOGL,2023-07-26,0001652044-23-000067,0.0610958891728896,-0.0056210323818488,2023,TABNET A - MARKET,0,0,0.41252187
MSFT,2023-07-26,0000950170-23-034400,-0.034310902649988,-0.010219108377325,2023,TABNET A - MARKET,0,0,0.44932804
META,2023-07-27,0001326801-23-000089,0.0463935093631231,-0.0244086357015217,2023,TABNET A - MARKET,0,0,0.4044593
INTC,2023-07-28,0000050863-23-000068,0.0477765658727746,-0.0050196461714024,2023,TABNET A - MARKET,0,0,0.42604372
AMD,2023-08-02,0000002488-23-000135,-0.0482088842918932,-0.0720198721771854,2023,TABNET A - MARKET,0,0,0.39791715
QCOM,2023-08-03,0000804328-23-000042,-0.0801639818534351,0.0098161435414596,2023,TABNET A - MARKET,1,0,0.43828416
AAPL,2023-08-04,0000320193-23-000075,-0.0433382634719031,-0.0091540276644959,2023,TABNET A - MARKET,0,0,0.46887735
AMZN,2023-08-04,0001018724-23-000010,0.0873750758850028,-0.0006892485760171,2023,TABNET A - MARKET,0,0,0.4486013
TSLA,2023-08-07,0000950170-23-038779,-0.0179601974231734,-0.0035037914343785,2023,TABNET A - MARKET,0,0,0.4293703
INTC,2023-08-16,0000050863-23-000078,-0.0250739480828992,-0.0195775180111414,2023,TABNET A - MARKET,0,0,0.46918368
AVGO,2023-08-17,0001140361-23-040084,0.0038521879863934,0.0035327170731977,2023,TABNET A - MARKET,1,0,0.42950252
NVDA,2023-08-24,0001045810-23-000171,0.0223730774420519,-0.0301511489450569,2023,TABNET A - MARKET,0,1,0.5025505
AVGO,2023-09-01,0001730168-23-000074,-0.0535204835952857,-0.0251565123774194,2023,TABNET A - MARKET,0,0,0.43466043
NFLX,2023-09-11,0001065280-23-000236,-0.0060012285836754,0.0016812963585863,2023,TABNET A - MARKET,1,0,0.46657547
AMZN,2023-09-14,0001018724-23-000014,-0.0090747963121458,-0.0058857364558924,2023,TABNET A - MARKET,0,0,0.4119611
ADBE,2023-09-15,0000796343-23-000198,-0.02502054182054,0.0075157678680588,2023,TABNET A - MARKET,1,0,0.37158415
TSLA,2023-10-02,0000950170-23-050938,-0.002830292489464,0.0201495047563271,2023,TABNET A - MARKET,1,0,0.4353241
INTC,2023-10-06,0000050863-23-000092,-0.0083964910635536,-0.0165253219860828,2023,TABNET A - MARKET,0,0,0.4738038
MSFT,2023-10-12,0001193125-23-254151,-0.0003152479384481,0.0066270581503058,2023,TABNET A - MARKET,1,0,0.4608982
MSFT,2023-10-13,0001193125-23-255762,0.00221233460412,0.0002853355228754,2023,TABNET A - MARKET,1,0,0.47941232
MSFT,2023-10-17,0001104659-23-109428,0.0015318703273898,0.0009606767851062,2023,TABNET A - MARKET,1,0,0.45192784
NVDA,2023-10-18,0001045810-23-000217,-0.026529242653115,-0.0029843966530455,2023,TABNET A - MARKET,0,0,0.35558558
AVGO,2023-10-19,0001140361-23-048712,-0.0122884466989438,-0.0083671364678491,2023,TABNET A - MARKET,0,0,0.49652004
NFLX,2023-10-19,0001065280-23-000272,0.1699046838528121,0.0059291040066745,2023,TABNET A - MARKET,1,0,0.21820587
TSLA,2023-10-19,0001628280-23-034588,-0.0836460577049078,-0.0125792401156,2023,TABNET A - MARKET,0,0,0.43830672
NVDA,2023-10-24,0001045810-23-000221,0.0062813387042774,0.0090721852382542,2023,TABNET A - MARKET,1,0,0.40301195
GOOGL,2023-10-25,0001652044-23-000088,-0.0706179909738787,-0.002066873774713,2023,TABNET A - MARKET,0,0,0.3965713
MSFT,2023-10-25,0000950170-23-054848,0.055153711915042,0.0052222588183123,2023,TABNET A - MARKET,1,0,0.4472467
META,2023-10-26,0001326801-23-000100,-0.0182579428540037,-0.0069030547251518,2023,TABNET A - MARKET,0,0,0.30150712
ADBE,2023-10-27,0000796343-23-000226,-0.0167791192109428,-0.0148926509675673,2023,TABNET A - MARKET,0,0,0.40895173
AMZN,2023-10-27,0001018724-23-000016,0.0635270182582283,0.0154358224971135,2023,TABNET A - MARKET,1,0,0.28514493
INTC,2023-10-27,0000050863-23-000100,0.0880646751163118,0.0286224912416522,2023,TABNET A - MARKET,1,0,0.31213787
MSFT,2023-10-30,0001193125-23-265616,0.0114748285087669,0.0077585116432334,2023,TABNET A - MARKET,1,0,0.4109177
AVGO,2023-10-31,0001140361-23-050217,-0.0046394434065792,-0.0076821581648375,2023,TABNET A - MARKET,0,0,0.4492373
INTC,2023-10-31,0000050863-23-000109,0.0179131352807329,0.0188598092051881,2023,TABNET A - MARKET,1,1,0.5298833
AMD,2023-11-01,0000002488-23-000192,0.0794961599914265,0.0810644721714186,2023,TABNET A - MARKET,1,0,0.35740396
AMZN,2023-11-02,0001104659-23-113444,-0.0103430414359735,-0.0100126388487968,2023,TABNET A - MARKET,0,0,0.47301707
QCOM,2023-11-02,0000804328-23-000054,0.0401928728476417,-0.0104260910372055,2023,TABNET A - MARKET,0,0,0.45449948
AAPL,2023-11-03,0000320193-23-000104,-0.0169300059307896,0.0057163058597877,2023,TABNET A - MARKET,1,0,0.44538075
MSFT,2023-11-07,0001193125-23-271376,0.0017667309806421,-0.0034186986032804,2023,TABNET A - MARKET,0,0,0.44468397
AVGO,2023-11-22,0001140361-23-054354,-0.0134692814063422,-0.0105780804862856,2023,TABNET A - MARKET,0,0,0.43757597
NVDA,2023-11-22,0001045810-23-000225,-0.0286805560808804,-0.0214816733095978,2023,TABNET A - MARKET,0,0,0.4574976
INTC,2023-12-06,0000050863-23-000128,-0.0097218902060801,-0.015108612194558,2023,TABNET A - MARKET,0,1,0.5025771
AVGO,2023-12-08,0001730168-23-000093,0.0194412139707647,0.0087351001326707,2023,TABNET A - MARKET,1,0,0.49376085
MSFT,2023-12-11,0001193125-23-291720,-0.0163715839149479,-0.00199625623182,2023,TABNET A - MARKET,0,0,0.46500823
NFLX,2023-12-11,0001065280-23-000334,0.0049671978177439,-0.0084955276181191,2023,TABNET A - MARKET,0,0,0.48130772
ADBE,2023-12-14,0000796343-23-000252,-0.0626001880030415,-0.0101716723957256,2023,TABNET A - MARKET,0,0,0.31460676
ADBE,2023-12-18,0000796343-23-000254,0.0184155250957505,0.0075555910524478,2023,TABNET A - MARKET,1,0,0.26492357
TSLA,2023-01-03,0001564590-23-000002,-0.1156624860226348,-0.0720107395275778,2023,TABNET B - MARKET + SEC,0,1,0.5501585
AMZN,2023-01-04,0001193125-23-000849,-0.0126876408399162,-0.0129157740059399,2023,TABNET B - MARKET + SEC,0,1,0.64430237
AMZN,2023-01-09,0001193125-23-003621,0.0083963791381691,-7.26610642479697e-05,2023,TABNET B - MARKET + SEC,0,1,0.577157
NFLX,2023-01-10,0001065280-23-000033,0.0307843939834469,0.0405525545982103,2023,TABNET B - MARKET + SEC,1,1,0.5778341
AMD,2023-01-12,0000002488-23-000003,0.019791102730847,0.0070743471655714,2023,TABNET B - MARKET + SEC,1,1,0.5886643
ADBE,2023-01-20,0001193125-23-010953,0.0130675568418314,0.0169119459884681,2023,TABNET B - MARKET + SEC,1,1,0.6200316
GOOGL,2023-01-20,0001193125-23-011424,0.026045161412773,0.0094248902763049,2023,TABNET B - MARKET + SEC,1,1,0.56907374
NFLX,2023-01-20,0001065280-23-000034,0.0572490265820655,-0.0043254532199215,2023,TABNET B - MARKET + SEC,0,0,0.3991798
GOOGL,2023-01-25,0001652044-23-000005,-0.0231644469233743,-0.0176172626475952,2023,TABNET B - MARKET + SEC,0,1,0.6272859
MSFT,2023-01-25,0001193125-23-014230,-0.003688560046954,0.0121879344250572,2023,TABNET B - MARKET + SEC,1,1,0.5965974
TSLA,2023-01-26,0001564590-23-000799,0.0901750820045785,-0.0054043323110186,2023,TABNET B - MARKET + SEC,0,1,0.5393374
ADBE,2023-01-27,0000796343-23-000011,0.0034130337334414,0.0052739242075479,2023,TABNET B - MARKET + SEC,1,1,0.5388691
INTC,2023-01-27,0000050863-23-000005,-0.0740950349112492,0.0256769086473362,2023,TABNET B - MARKET + SEC,1,1,0.6026769
AMD,2023-02-01,0000002488-23-000007,0.1048972199729882,0.0565166972239445,2023,TABNET B - MARKET + SEC,1,1,0.55594695
META,2023-02-02,0001326801-23-000015,0.1969341805130866,0.0158996709095216,2023,TABNET B - MARKET + SEC,1,1,0.5868558
AAPL,2023-02-03,0000320193-23-000005,0.0421727178443979,0.0396410235680864,2023,TABNET B - MARKET + SEC,1,1,0.5887298
AMZN,2023-02-03,0001018724-23-000002,-0.0665420767107707,-0.0218319003543158,2023,TABNET B - MARKET + SEC,0,1,0.6204632
GOOGL,2023-02-03,0001652044-23-000013,-0.0097006411015775,0.0139070234336826,2023,TABNET B - MARKET + SEC,1,1,0.61439425
QCOM,2023-02-03,0000804328-23-000005,0.0116632618341803,0.0253633663543237,2023,TABNET B - MARKET + SEC,1,1,0.6287043
INTC,2023-02-13,0001193125-23-032608,0.0109625490155056,0.0132077736207554,2023,TABNET B - MARKET + SEC,1,1,0.56716084
META,2023-02-14,0001326801-23-000019,-0.0071106667692597,0.0003516103807958,2023,TABNET B - MARKET + SEC,1,1,0.5581329
META,2023-02-16,0001326801-23-000023,-0.0078781083747686,0.0017537658320269,2023,TABNET B - MARKET + SEC,1,1,0.60557765
AMD,2023-02-22,0000002488-23-000040,-0.002832042904912,-0.0029037832030454,2023,TABNET B - MARKET + SEC,0,1,0.56878257
NVDA,2023-02-23,0001045810-23-000014,0.1314796732369261,0.0134157005515644,2023,TABNET B - MARKET + SEC,1,1,0.5975687
NFLX,2023-02-27,0001065280-23-000062,0.0113790277894145,0.0012359943514402,2023,TABNET B - MARKET + SEC,1,1,0.56959796
AVGO,2023-03-03,0001730168-23-000004,0.036304244985005,0.0098576779317773,2023,TABNET B - MARKET + SEC,1,1,0.61539227
NVDA,2023-03-09,0001045810-23-000039,-0.0134832812365488,-0.0115629621939261,2023,TABNET B - MARKET + SEC,0,1,0.5085477
QCOM,2023-03-10,0000804328-23-000014,-0.0032742910351497,-0.0053771953683138,2023,TABNET B - MARKET + SEC,0,1,0.6291629
AAPL,2023-03-13,0001140361-23-011192,0.0058495767557158,0.004185229204535,2023,TABNET B - MARKET + SEC,1,1,0.6200072
ADBE,2023-03-16,0000796343-23-000044,0.0326300284227003,-0.0042568429343836,2023,TABNET B - MARKET + SEC,0,1,0.58328635
TSLA,2023-04-03,0001564590-23-005126,-0.0587379920681228,-0.0300407222817098,2023,TABNET B - MARKET + SEC,0,1,0.57753605
TSLA,2023-04-06,0001564590-23-005462,-0.0092216572279802,-0.0013095626006749,2023,TABNET B - MARKET + SEC,0,1,0.58720416
AVGO,2023-04-10,0001730168-23-000052,0.0081949810147982,0.0062251401938429,2023,TABNET B - MARKET + SEC,1,1,0.57501936
META,2023-04-11,0001326801-23-000038,0.0022265981036951,-0.0012717866948718,2023,TABNET B - MARKET + SEC,0,1,0.5671288
AMZN,2023-04-13,0001104659-23-044715,0.0271315497467332,0.0210808380159321,2023,TABNET B - MARKET + SEC,1,1,0.55678624
NFLX,2023-04-19,0001065280-23-000119,-0.0312345844131969,-0.010631065051982,2023,TABNET B - MARKET + SEC,0,1,0.57977706
TSLA,2023-04-20,0001564590-23-005959,-0.0898338509164068,-0.0210058949076691,2023,TABNET B - MARKET + SEC,0,1,0.5654228
GOOGL,2023-04-21,0001652044-23-000034,9.635682347419738e-05,-0.0027846219668283,2023,TABNET B - MARKET + SEC,0,1,0.6052436
GOOGL,2023-04-24,0001193125-23-110657,0.0073971460599369,0.0059093281773334,2023,TABNET B - MARKET + SEC,1,1,0.6087882
ADBE,2023-04-25,0000796343-23-000084,-0.0016747468953407,0.0028688305451172,2023,TABNET B - MARKET + SEC,1,1,0.6045681
GOOGL,2023-04-26,0001652044-23-000041,-0.0074125529130505,-0.0065236312817857,2023,TABNET B - MARKET + SEC,0,1,0.61973375
MSFT,2023-04-26,0001193125-23-115280,0.0663702873324159,0.0005262566423006,2023,TABNET B - MARKET + SEC,1,1,0.5923555
META,2023-04-27,0001326801-23-000063,0.1120639737781477,-0.020273368771846,2023,TABNET B - MARKET + SEC,0,1,0.5939316
AMZN,2023-04-28,0001018724-23-000006,-0.0466911150938218,-0.0288177375455369,2023,TABNET B - MARKET + SEC,0,1,0.5974492
INTC,2023-04-28,0000050863-23-000027,0.0332888165939835,-0.0364216403375011,2023,TABNET B - MARKET + SEC,0,1,0.578331
AMD,2023-05-03,0000002488-23-000074,-0.0856594537141515,-0.0152894961531212,2023,TABNET B - MARKET + SEC,0,1,0.60138804
META,2023-05-04,0001193125-23-134410,-0.0112782936674858,-0.0079529582994017,2023,TABNET B - MARKET + SEC,0,1,0.61530596
QCOM,2023-05-04,0000804328-23-000022,-0.0518631415817621,0.0273191792245914,2023,TABNET B - MARKET + SEC,1,1,0.57734466
AAPL,2023-05-05,0000320193-23-000063,0.0256724402288117,0.0012691383248919,2023,TABNET B - MARKET + SEC,1,1,0.6045542
AAPL,2023-05-11,0001140361-23-023909,-0.0021652177173392,-0.0021103985939553,2023,TABNET B - MARKET + SEC,0,1,0.61864287
INTC,2023-05-17,0000050863-23-000057,-0.0240821783586867,-0.0307930398179215,2023,TABNET B - MARKET + SEC,0,1,0.5532932
AVGO,2023-05-23,0001730168-23-000054,0.0246609698157997,0.0015378538156908,2023,TABNET B - MARKET + SEC,1,1,0.59333324
TSLA,2023-05-23,0001564590-23-007379,-0.0037371727338172,0.0052230092126488,2023,TABNET B - MARKET + SEC,1,1,0.57032466
AMD,2023-05-24,0001193125-23-151810,0.0065167645276903,0.0207628132604171,2023,TABNET B - MARKET + SEC,1,1,0.61542434
NVDA,2023-05-25,0001045810-23-000087,0.2193636281413169,-0.0158056253594253,2023,TABNET B - MARKET + SEC,0,1,0.63244665
AMZN,2023-05-30,0001104659-23-065457,0.0083696886722113,0.0019379464981017,2023,TABNET B - MARKET + SEC,1,1,0.5141514
AVGO,2023-06-02,0001730168-23-000062,0.0204133015688046,0.0246135061700552,2023,TABNET B - MARKET + SEC,1,1,0.63591725
META,2023-06-02,0001326801-23-000083,-0.0074997429598375,-0.0025859503346447,2023,TABNET B - MARKET + SEC,0,0,0.4768546
NFLX,2023-06-07,0001065280-23-000173,0.01816757671609,-0.0082045797704944,2023,TABNET B - MARKET + SEC,0,1,0.60261804
GOOGL,2023-06-09,0001193125-23-163590,-0.0030860725402626,0.0002030212928941,2023,TABNET B - MARKET + SEC,1,1,0.6228356
ADBE,2023-06-16,0000796343-23-000133,0.014990951110978,-0.0316268054016003,2023,TABNET B - MARKET + SEC,0,1,0.59485495
NVDA,2023-06-28,0001045810-23-000146,-0.0200767039267372,0.0041673585470676,2023,TABNET B - MARKET + SEC,1,1,0.587057
TSLA,2023-07-03,0000950170-23-031241,0.0665986854549824,0.0114494120436481,2023,TABNET B - MARKET + SEC,1,1,0.5981161
MSFT,2023-07-05,0001193125-23-181341,0.0005004739878785,0.0048465775696648,2023,TABNET B - MARKET + SEC,1,0,0.49842605
AMD,2023-07-11,0000002488-23-000123,-0.0248385321263878,-0.006807377401649,2023,TABNET B - MARKET + SEC,0,1,0.6080393
NFLX,2023-07-20,0001065280-23-000197,-0.061057964347201,-0.006142113688995,2023,TABNET B - MARKET + SEC,0,1,0.6448236
TSLA,2023-07-20,0000950170-23-033544,-0.0743182954482134,-0.0443040034004684,2023,TABNET B - MARKET + SEC,0,1,0.59605205
TSLA,2023-07-21,0000950170-23-033695,-0.0079554484795124,-0.0204138842705264,2023,TABNET B - MARKET + SEC,0,1,0.65395606
QCOM,2023-07-24,0000804328-23-000033,-0.0065684745719806,-0.0039356729133458,2023,TABNET B - MARKET + SEC,0,1,0.5980146
NVDA,2023-07-25,0001045810-23-000164,0.0171394451344162,0.0115667871783551,2023,TABNET B - MARKET + SEC,1,1,0.57599455
GOOGL,2023-07-26,0001652044-23-000067,0.0610958891728896,-0.0056210323818488,2023,TABNET B - MARKET + SEC,0,1,0.5760874
MSFT,2023-07-26,0000950170-23-034400,-0.034310902649988,-0.010219108377325,2023,TABNET B - MARKET + SEC,0,1,0.5821167
META,2023-07-27,0001326801-23-000089,0.0463935093631231,-0.0244086357015217,2023,TABNET B - MARKET + SEC,0,1,0.58792835
INTC,2023-07-28,0000050863-23-000068,0.0477765658727746,-0.0050196461714024,2023,TABNET B - MARKET + SEC,0,1,0.5814198
AMD,2023-08-02,0000002488-23-000135,-0.0482088842918932,-0.0720198721771854,2023,TABNET B - MARKET + SEC,0,1,0.6192478
QCOM,2023-08-03,0000804328-23-000042,-0.0801639818534351,0.0098161435414596,2023,TABNET B - MARKET + SEC,1,1,0.550744
AAPL,2023-08-04,0000320193-23-000075,-0.0433382634719031,-0.0091540276644959,2023,TABNET B - MARKET + SEC,0,1,0.5987136
AMZN,2023-08-04,0001018724-23-000010,0.0873750758850028,-0.0006892485760171,2023,TABNET B - MARKET + SEC,0,1,0.5646753
TSLA,2023-08-07,0000950170-23-038779,-0.0179601974231734,-0.0035037914343785,2023,TABNET B - MARKET + SEC,0,1,0.5985682
INTC,2023-08-16,0000050863-23-000078,-0.0250739480828992,-0.0195775180111414,2023,TABNET B - MARKET + SEC,0,0,0.49030384
AVGO,2023-08-17,0001140361-23-040084,0.0038521879863934,0.0035327170731977,2023,TABNET B - MARKET + SEC,1,1,0.6661142
NVDA,2023-08-24,0001045810-23-000171,0.0223730774420519,-0.0301511489450569,2023,TABNET B - MARKET + SEC,0,1,0.5910978
AVGO,2023-09-01,0001730168-23-000074,-0.0535204835952857,-0.0251565123774194,2023,TABNET B - MARKET + SEC,0,1,0.61001587
NFLX,2023-09-11,0001065280-23-000236,-0.0060012285836754,0.0016812963585863,2023,TABNET B - MARKET + SEC,1,1,0.6078007
AMZN,2023-09-14,0001018724-23-000014,-0.0090747963121458,-0.0058857364558924,2023,TABNET B - MARKET + SEC,0,1,0.5417997
ADBE,2023-09-15,0000796343-23-000198,-0.02502054182054,0.0075157678680588,2023,TABNET B - MARKET + SEC,1,1,0.59885323
TSLA,2023-10-02,0000950170-23-050938,-0.002830292489464,0.0201495047563271,2023,TABNET B - MARKET + SEC,1,1,0.6011194
INTC,2023-10-06,0000050863-23-000092,-0.0083964910635536,-0.0165253219860828,2023,TABNET B - MARKET + SEC,0,1,0.5577969
MSFT,2023-10-12,0001193125-23-254151,-0.0003152479384481,0.0066270581503058,2023,TABNET B - MARKET + SEC,1,1,0.61510247
MSFT,2023-10-13,0001193125-23-255762,0.00221233460412,0.0002853355228754,2023,TABNET B - MARKET + SEC,1,1,0.581157
MSFT,2023-10-17,0001104659-23-109428,0.0015318703273898,0.0009606767851062,2023,TABNET B - MARKET + SEC,1,1,0.6263179
NVDA,2023-10-18,0001045810-23-000217,-0.026529242653115,-0.0029843966530455,2023,TABNET B - MARKET + SEC,0,1,0.60897774
AVGO,2023-10-19,0001140361-23-048712,-0.0122884466989438,-0.0083671364678491,2023,TABNET B - MARKET + SEC,0,1,0.63729644
NFLX,2023-10-19,0001065280-23-000272,0.1699046838528121,0.0059291040066745,2023,TABNET B - MARKET + SEC,1,1,0.5790481
TSLA,2023-10-19,0001628280-23-034588,-0.0836460577049078,-0.0125792401156,2023,TABNET B - MARKET + SEC,0,0,0.37498045
NVDA,2023-10-24,0001045810-23-000221,0.0062813387042774,0.0090721852382542,2023,TABNET B - MARKET + SEC,1,1,0.57949847
GOOGL,2023-10-25,0001652044-23-000088,-0.0706179909738787,-0.002066873774713,2023,TABNET B - MARKET + SEC,0,1,0.56481564
MSFT,2023-10-25,0000950170-23-054848,0.055153711915042,0.0052222588183123,2023,TABNET B - MARKET + SEC,1,1,0.6066453
META,2023-10-26,0001326801-23-000100,-0.0182579428540037,-0.0069030547251518,2023,TABNET B - MARKET + SEC,0,1,0.6020024
ADBE,2023-10-27,0000796343-23-000226,-0.0167791192109428,-0.0148926509675673,2023,TABNET B - MARKET + SEC,0,1,0.61101174
AMZN,2023-10-27,0001018724-23-000016,0.0635270182582283,0.0154358224971135,2023,TABNET B - MARKET + SEC,1,1,0.57700306
INTC,2023-10-27,0000050863-23-000100,0.0880646751163118,0.0286224912416522,2023,TABNET B - MARKET + SEC,1,1,0.58230907
MSFT,2023-10-30,0001193125-23-265616,0.0114748285087669,0.0077585116432334,2023,TABNET B - MARKET + SEC,1,1,0.61203724
AVGO,2023-10-31,0001140361-23-050217,-0.0046394434065792,-0.0076821581648375,2023,TABNET B - MARKET + SEC,0,1,0.60278404
INTC,2023-10-31,0000050863-23-000109,0.0179131352807329,0.0188598092051881,2023,TABNET B - MARKET + SEC,1,1,0.59766644
AMD,2023-11-01,0000002488-23-000192,0.0794961599914265,0.0810644721714186,2023,TABNET B - MARKET + SEC,1,1,0.5841676
AMZN,2023-11-02,0001104659-23-113444,-0.0103430414359735,-0.0100126388487968,2023,TABNET B - MARKET + SEC,0,1,0.624301
QCOM,2023-11-02,0000804328-23-000054,0.0401928728476417,-0.0104260910372055,2023,TABNET B - MARKET + SEC,0,1,0.59732443
AAPL,2023-11-03,0000320193-23-000104,-0.0169300059307896,0.0057163058597877,2023,TABNET B - MARKET + SEC,1,1,0.60353965
MSFT,2023-11-07,0001193125-23-271376,0.0017667309806421,-0.0034186986032804,2023,TABNET B - MARKET + SEC,0,1,0.6102401
AVGO,2023-11-22,0001140361-23-054354,-0.0134692814063422,-0.0105780804862856,2023,TABNET B - MARKET + SEC,0,1,0.5636987
NVDA,2023-11-22,0001045810-23-000225,-0.0286805560808804,-0.0214816733095978,2023,TABNET B - MARKET + SEC,0,1,0.6120781
INTC,2023-12-06,0000050863-23-000128,-0.0097218902060801,-0.015108612194558,2023,TABNET B - MARKET + SEC,0,1,0.52459717
AVGO,2023-12-08,0001730168-23-000093,0.0194412139707647,0.0087351001326707,2023,TABNET B - MARKET + SEC,1,1,0.58052015
MSFT,2023-12-11,0001193125-23-291720,-0.0163715839149479,-0.00199625623182,2023,TABNET B - MARKET + SEC,0,1,0.58573544
NFLX,2023-12-11,0001065280-23-000334,0.0049671978177439,-0.0084955276181191,2023,TABNET B - MARKET + SEC,0,1,0.54968715
ADBE,2023-12-14,0000796343-23-000252,-0.0626001880030415,-0.0101716723957256,2023,TABNET B - MARKET + SEC,0,1,0.6099061
ADBE,2023-12-18,0000796343-23-000254,0.0184155250957505,0.0075555910524478,2023,TABNET B - MARKET + SEC,1,1,0.58222425
TSLA,2023-01-03,0001564590-23-000002,-0.1156624860226348,-0.0720107395275778,2023,TABNET C - MARKET + SEC + FINBERT,0,0,0.29814962
AMZN,2023-01-04,0001193125-23-000849,-0.0126876408399162,-0.0129157740059399,2023,TABNET C - MARKET + SEC + FINBERT,0,0,0.34369156
AMZN,2023-01-09,0001193125-23-003621,0.0083963791381691,-7.26610642479697e-05,2023,TABNET C - MARKET + SEC + FINBERT,0,0,0.38863307
NFLX,2023-01-10,0001065280-23-000033,0.0307843939834469,0.0405525545982103,2023,TABNET C - MARKET + SEC + FINBERT,1,0,0.40733156
AMD,2023-01-12,0000002488-23-000003,0.019791102730847,0.0070743471655714,2023,TABNET C - MARKET + SEC + FINBERT,1,0,0.3721967
ADBE,2023-01-20,0001193125-23-010953,0.0130675568418314,0.0169119459884681,2023,TABNET C - MARKET + SEC + FINBERT,1,0,0.38291752
GOOGL,2023-01-20,0001193125-23-011424,0.026045161412773,0.0094248902763049,2023,TABNET C - MARKET + SEC + FINBERT,1,0,0.27397072
NFLX,2023-01-20,0001065280-23-000034,0.0572490265820655,-0.0043254532199215,2023,TABNET C - MARKET + SEC + FINBERT,0,0,0.42249373
GOOGL,2023-01-25,0001652044-23-000005,-0.0231644469233743,-0.0176172626475952,2023,TABNET C - MARKET + SEC + FINBERT,0,0,0.36702073
MSFT,2023-01-25,0001193125-23-014230,-0.003688560046954,0.0121879344250572,2023,TABNET C - MARKET + SEC + FINBERT,1,0,0.38007593
TSLA,2023-01-26,0001564590-23-000799,0.0901750820045785,-0.0054043323110186,2023,TABNET C - MARKET + SEC + FINBERT,0,0,0.30001464
ADBE,2023-01-27,0000796343-23-000011,0.0034130337334414,0.0052739242075479,2023,TABNET C - MARKET + SEC + FINBERT,1,0,0.39911836
INTC,2023-01-27,0000050863-23-000005,-0.0740950349112492,0.0256769086473362,2023,TABNET C - MARKET + SEC + FINBERT,1,0,0.37545896
AMD,2023-02-01,0000002488-23-000007,0.1048972199729882,0.0565166972239445,2023,TABNET C - MARKET + SEC + FINBERT,1,0,0.20004557
META,2023-02-02,0001326801-23-000015,0.1969341805130866,0.0158996709095216,2023,TABNET C - MARKET + SEC + FINBERT,1,0,0.4050386
AAPL,2023-02-03,0000320193-23-000005,0.0421727178443979,0.0396410235680864,2023,TABNET C - MARKET + SEC + FINBERT,1,0,0.36481944
AMZN,2023-02-03,0001018724-23-000002,-0.0665420767107707,-0.0218319003543158,2023,TABNET C - MARKET + SEC + FINBERT,0,0,0.13443062
GOOGL,2023-02-03,0001652044-23-000013,-0.0097006411015775,0.0139070234336826,2023,TABNET C - MARKET + SEC + FINBERT,1,0,0.29763094
QCOM,2023-02-03,0000804328-23-000005,0.0116632618341803,0.0253633663543237,2023,TABNET C - MARKET + SEC + FINBERT,1,0,0.37456766
INTC,2023-02-13,0001193125-23-032608,0.0109625490155056,0.0132077736207554,2023,TABNET C - MARKET + SEC + FINBERT,1,0,0.37988973
META,2023-02-14,0001326801-23-000019,-0.0071106667692597,0.0003516103807958,2023,TABNET C - MARKET + SEC + FINBERT,1,0,0.37487847
META,2023-02-16,0001326801-23-000023,-0.0078781083747686,0.0017537658320269,2023,TABNET C - MARKET + SEC + FINBERT,1,0,0.3588145
AMD,2023-02-22,0000002488-23-000040,-0.002832042904912,-0.0029037832030454,2023,TABNET C - MARKET + SEC + FINBERT,0,0,0.38969398
NVDA,2023-02-23,0001045810-23-000014,0.1314796732369261,0.0134157005515644,2023,TABNET C - MARKET + SEC + FINBERT,1,0,0.35968524
NFLX,2023-02-27,0001065280-23-000062,0.0113790277894145,0.0012359943514402,2023,TABNET C - MARKET + SEC + FINBERT,1,0,0.4577227
AVGO,2023-03-03,0001730168-23-000004,0.036304244985005,0.0098576779317773,2023,TABNET C - MARKET + SEC + FINBERT,1,0,0.4084628
NVDA,2023-03-09,0001045810-23-000039,-0.0134832812365488,-0.0115629621939261,2023,TABNET C - MARKET + SEC + FINBERT,0,0,0.30115303
QCOM,2023-03-10,0000804328-23-000014,-0.0032742910351497,-0.0053771953683138,2023,TABNET C - MARKET + SEC + FINBERT,0,0,0.46299198
AAPL,2023-03-13,0001140361-23-011192,0.0058495767557158,0.004185229204535,2023,TABNET C - MARKET + SEC + FINBERT,1,0,0.42936802
ADBE,2023-03-16,0000796343-23-000044,0.0326300284227003,-0.0042568429343836,2023,TABNET C - MARKET + SEC + FINBERT,0,0,0.37798333
TSLA,2023-04-03,0001564590-23-005126,-0.0587379920681228,-0.0300407222817098,2023,TABNET C - MARKET + SEC + FINBERT,0,0,0.33396327
TSLA,2023-04-06,0001564590-23-005462,-0.0092216572279802,-0.0013095626006749,2023,TABNET C - MARKET + SEC + FINBERT,0,0,0.4645192
AVGO,2023-04-10,0001730168-23-000052,0.0081949810147982,0.0062251401938429,2023,TABNET C - MARKET + SEC + FINBERT,1,0,0.40798762
META,2023-04-11,0001326801-23-000038,0.0022265981036951,-0.0012717866948718,2023,TABNET C - MARKET + SEC + FINBERT,0,0,0.4188441
AMZN,2023-04-13,0001104659-23-044715,0.0271315497467332,0.0210808380159321,2023,TABNET C - MARKET + SEC + FINBERT,1,0,0.34252197
NFLX,2023-04-19,0001065280-23-000119,-0.0312345844131969,-0.010631065051982,2023,TABNET C - MARKET + SEC + FINBERT,0,0,0.43049568
TSLA,2023-04-20,0001564590-23-005959,-0.0898338509164068,-0.0210058949076691,2023,TABNET C - MARKET + SEC + FINBERT,0,0,0.40494135
GOOGL,2023-04-21,0001652044-23-000034,9.635682347419738e-05,-0.0027846219668283,2023,TABNET C - MARKET + SEC + FINBERT,0,0,0.36074182
GOOGL,2023-04-24,0001193125-23-110657,0.0073971460599369,0.0059093281773334,2023,TABNET C - MARKET + SEC + FINBERT,1,0,0.40379453
ADBE,2023-04-25,0000796343-23-000084,-0.0016747468953407,0.0028688305451172,2023,TABNET C - MARKET + SEC + FINBERT,1,0,0.39640763
GOOGL,2023-04-26,0001652044-23-000041,-0.0074125529130505,-0.0065236312817857,2023,TABNET C - MARKET + SEC + FINBERT,0,0,0.45814556
MSFT,2023-04-26,0001193125-23-115280,0.0663702873324159,0.0005262566423006,2023,TABNET C - MARKET + SEC + FINBERT,1,0,0.42053393
META,2023-04-27,0001326801-23-000063,0.1120639737781477,-0.020273368771846,2023,TABNET C - MARKET + SEC + FINBERT,0,0,0.4541908
AMZN,2023-04-28,0001018724-23-000006,-0.0466911150938218,-0.0288177375455369,2023,TABNET C - MARKET + SEC + FINBERT,0,0,0.24731582
INTC,2023-04-28,0000050863-23-000027,0.0332888165939835,-0.0364216403375011,2023,TABNET C - MARKET + SEC + FINBERT,0,0,0.4035488
AMD,2023-05-03,0000002488-23-000074,-0.0856594537141515,-0.0152894961531212,2023,TABNET C - MARKET + SEC + FINBERT,0,0,0.38563737
META,2023-05-04,0001193125-23-134410,-0.0112782936674858,-0.0079529582994017,2023,TABNET C - MARKET + SEC + FINBERT,0,0,0.3861785
QCOM,2023-05-04,0000804328-23-000022,-0.0518631415817621,0.0273191792245914,2023,TABNET C - MARKET + SEC + FINBERT,1,0,0.3960289
AAPL,2023-05-05,0000320193-23-000063,0.0256724402288117,0.0012691383248919,2023,TABNET C - MARKET + SEC + FINBERT,1,0,0.41263482
AAPL,2023-05-11,0001140361-23-023909,-0.0021652177173392,-0.0021103985939553,2023,TABNET C - MARKET + SEC + FINBERT,0,0,0.46023726
INTC,2023-05-17,0000050863-23-000057,-0.0240821783586867,-0.0307930398179215,2023,TABNET C - MARKET + SEC + FINBERT,0,0,0.3958478
AVGO,2023-05-23,0001730168-23-000054,0.0246609698157997,0.0015378538156908,2023,TABNET C - MARKET + SEC + FINBERT,1,0,0.40656734
TSLA,2023-05-23,0001564590-23-007379,-0.0037371727338172,0.0052230092126488,2023,TABNET C - MARKET + SEC + FINBERT,1,0,0.35665992
AMD,2023-05-24,0001193125-23-151810,0.0065167645276903,0.0207628132604171,2023,TABNET C - MARKET + SEC + FINBERT,1,0,0.36010477
NVDA,2023-05-25,0001045810-23-000087,0.2193636281413169,-0.0158056253594253,2023,TABNET C - MARKET + SEC + FINBERT,0,0,0.40404874
AMZN,2023-05-30,0001104659-23-065457,0.0083696886722113,0.0019379464981017,2023,TABNET C - MARKET + SEC + FINBERT,1,0,0.40183172
AVGO,2023-06-02,0001730168-23-000062,0.0204133015688046,0.0246135061700552,2023,TABNET C - MARKET + SEC + FINBERT,1,0,0.29894337
META,2023-06-02,0001326801-23-000083,-0.0074997429598375,-0.0025859503346447,2023,TABNET C - MARKET + SEC + FINBERT,0,0,0.41353387
NFLX,2023-06-07,0001065280-23-000173,0.01816757671609,-0.0082045797704944,2023,TABNET C - MARKET + SEC + FINBERT,0,0,0.40583426
GOOGL,2023-06-09,0001193125-23-163590,-0.0030860725402626,0.0002030212928941,2023,TABNET C - MARKET + SEC + FINBERT,1,0,0.4292527
ADBE,2023-06-16,0000796343-23-000133,0.014990951110978,-0.0316268054016003,2023,TABNET C - MARKET + SEC + FINBERT,0,0,0.2811858
NVDA,2023-06-28,0001045810-23-000146,-0.0200767039267372,0.0041673585470676,2023,TABNET C - MARKET + SEC + FINBERT,1,0,0.34609395
TSLA,2023-07-03,0000950170-23-031241,0.0665986854549824,0.0114494120436481,2023,TABNET C - MARKET + SEC + FINBERT,1,0,0.3454174
MSFT,2023-07-05,0001193125-23-181341,0.0005004739878785,0.0048465775696648,2023,TABNET C - MARKET + SEC + FINBERT,1,0,0.372772
AMD,2023-07-11,0000002488-23-000123,-0.0248385321263878,-0.006807377401649,2023,TABNET C - MARKET + SEC + FINBERT,0,0,0.38055003
NFLX,2023-07-20,0001065280-23-000197,-0.061057964347201,-0.006142113688995,2023,TABNET C - MARKET + SEC + FINBERT,0,0,0.40011677
TSLA,2023-07-20,0000950170-23-033544,-0.0743182954482134,-0.0443040034004684,2023,TABNET C - MARKET + SEC + FINBERT,0,0,0.3640836
TSLA,2023-07-21,0000950170-23-033695,-0.0079554484795124,-0.0204138842705264,2023,TABNET C - MARKET + SEC + FINBERT,0,1,0.5496254
QCOM,2023-07-24,0000804328-23-000033,-0.0065684745719806,-0.0039356729133458,2023,TABNET C - MARKET + SEC + FINBERT,0,0,0.41682106
NVDA,2023-07-25,0001045810-23-000164,0.0171394451344162,0.0115667871783551,2023,TABNET C - MARKET + SEC + FINBERT,1,0,0.39435267
GOOGL,2023-07-26,0001652044-23-000067,0.0610958891728896,-0.0056210323818488,2023,TABNET C - MARKET + SEC + FINBERT,0,0,0.40159696
MSFT,2023-07-26,0000950170-23-034400,-0.034310902649988,-0.010219108377325,2023,TABNET C - MARKET + SEC + FINBERT,0,0,0.28427505
META,2023-07-27,0001326801-23-000089,0.0463935093631231,-0.0244086357015217,2023,TABNET C - MARKET + SEC + FINBERT,0,0,0.32759017
INTC,2023-07-28,0000050863-23-000068,0.0477765658727746,-0.0050196461714024,2023,TABNET C - MARKET + SEC + FINBERT,0,0,0.31266892
AMD,2023-08-02,0000002488-23-000135,-0.0482088842918932,-0.0720198721771854,2023,TABNET C - MARKET + SEC + FINBERT,0,0,0.22560334
QCOM,2023-08-03,0000804328-23-000042,-0.0801639818534351,0.0098161435414596,2023,TABNET C - MARKET + SEC + FINBERT,1,0,0.45632958
AAPL,2023-08-04,0000320193-23-000075,-0.0433382634719031,-0.0091540276644959,2023,TABNET C - MARKET + SEC + FINBERT,0,0,0.40170607
AMZN,2023-08-04,0001018724-23-000010,0.0873750758850028,-0.0006892485760171,2023,TABNET C - MARKET + SEC + FINBERT,0,0,0.37874418
TSLA,2023-08-07,0000950170-23-038779,-0.0179601974231734,-0.0035037914343785,2023,TABNET C - MARKET + SEC + FINBERT,0,0,0.39865613
INTC,2023-08-16,0000050863-23-000078,-0.0250739480828992,-0.0195775180111414,2023,TABNET C - MARKET + SEC + FINBERT,0,0,0.3595298
AVGO,2023-08-17,0001140361-23-040084,0.0038521879863934,0.0035327170731977,2023,TABNET C - MARKET + SEC + FINBERT,1,0,0.3244211
NVDA,2023-08-24,0001045810-23-000171,0.0223730774420519,-0.0301511489450569,2023,TABNET C - MARKET + SEC + FINBERT,0,0,0.2231054
AVGO,2023-09-01,0001730168-23-000074,-0.0535204835952857,-0.0251565123774194,2023,TABNET C - MARKET + SEC + FINBERT,0,0,0.34265754
NFLX,2023-09-11,0001065280-23-000236,-0.0060012285836754,0.0016812963585863,2023,TABNET C - MARKET + SEC + FINBERT,1,0,0.3979601
AMZN,2023-09-14,0001018724-23-000014,-0.0090747963121458,-0.0058857364558924,2023,TABNET C - MARKET + SEC + FINBERT,0,0,0.3663182
ADBE,2023-09-15,0000796343-23-000198,-0.02502054182054,0.0075157678680588,2023,TABNET C - MARKET + SEC + FINBERT,1,0,0.37555227
TSLA,2023-10-02,0000950170-23-050938,-0.002830292489464,0.0201495047563271,2023,TABNET C - MARKET + SEC + FINBERT,1,0,0.35103145
INTC,2023-10-06,0000050863-23-000092,-0.0083964910635536,-0.0165253219860828,2023,TABNET C - MARKET + SEC + FINBERT,0,0,0.29492056
MSFT,2023-10-12,0001193125-23-254151,-0.0003152479384481,0.0066270581503058,2023,TABNET C - MARKET + SEC + FINBERT,1,0,0.38642693
MSFT,2023-10-13,0001193125-23-255762,0.00221233460412,0.0002853355228754,2023,TABNET C - MARKET + SEC + FINBERT,1,0,0.37961268
MSFT,2023-10-17,0001104659-23-109428,0.0015318703273898,0.0009606767851062,2023,TABNET C - MARKET + SEC + FINBERT,1,0,0.38242167
NVDA,2023-10-18,0001045810-23-000217,-0.026529242653115,-0.0029843966530455,2023,TABNET C - MARKET + SEC + FINBERT,0,0,0.46897727
AVGO,2023-10-19,0001140361-23-048712,-0.0122884466989438,-0.0083671364678491,2023,TABNET C - MARKET + SEC + FINBERT,0,0,0.3192359
NFLX,2023-10-19,0001065280-23-000272,0.1699046838528121,0.0059291040066745,2023,TABNET C - MARKET + SEC + FINBERT,1,0,0.41894603
TSLA,2023-10-19,0001628280-23-034588,-0.0836460577049078,-0.0125792401156,2023,TABNET C - MARKET + SEC + FINBERT,0,0,0.4321884
NVDA,2023-10-24,0001045810-23-000221,0.0062813387042774,0.0090721852382542,2023,TABNET C - MARKET + SEC + FINBERT,1,0,0.2703541
GOOGL,2023-10-25,0001652044-23-000088,-0.0706179909738787,-0.002066873774713,2023,TABNET C - MARKET + SEC + FINBERT,0,0,0.39885953
MSFT,2023-10-25,0000950170-23-054848,0.055153711915042,0.0052222588183123,2023,TABNET C - MARKET + SEC + FINBERT,1,0,0.38477278
META,2023-10-26,0001326801-23-000100,-0.0182579428540037,-0.0069030547251518,2023,TABNET C - MARKET + SEC + FINBERT,0,0,0.48146564
ADBE,2023-10-27,0000796343-23-000226,-0.0167791192109428,-0.0148926509675673,2023,TABNET C - MARKET + SEC + FINBERT,0,0,0.40048528
AMZN,2023-10-27,0001018724-23-000016,0.0635270182582283,0.0154358224971135,2023,TABNET C - MARKET + SEC + FINBERT,1,0,0.36564854
INTC,2023-10-27,0000050863-23-000100,0.0880646751163118,0.0286224912416522,2023,TABNET C - MARKET + SEC + FINBERT,1,0,0.34556955
MSFT,2023-10-30,0001193125-23-265616,0.0114748285087669,0.0077585116432334,2023,TABNET C - MARKET + SEC + FINBERT,1,0,0.39878404
AVGO,2023-10-31,0001140361-23-050217,-0.0046394434065792,-0.0076821581648375,2023,TABNET C - MARKET + SEC + FINBERT,0,0,0.40387985
INTC,2023-10-31,0000050863-23-000109,0.0179131352807329,0.0188598092051881,2023,TABNET C - MARKET + SEC + FINBERT,1,0,0.36636233
AMD,2023-11-01,0000002488-23-000192,0.0794961599914265,0.0810644721714186,2023,TABNET C - MARKET + SEC + FINBERT,1,0,0.20957012
AMZN,2023-11-02,0001104659-23-113444,-0.0103430414359735,-0.0100126388487968,2023,TABNET C - MARKET + SEC + FINBERT,0,0,0.3642856
QCOM,2023-11-02,0000804328-23-000054,0.0401928728476417,-0.0104260910372055,2023,TABNET C - MARKET + SEC + FINBERT,0,0,0.42702958
AAPL,2023-11-03,0000320193-23-000104,-0.0169300059307896,0.0057163058597877,2023,TABNET C - MARKET + SEC + FINBERT,1,0,0.38919058
MSFT,2023-11-07,0001193125-23-271376,0.0017667309806421,-0.0034186986032804,2023,TABNET C - MARKET + SEC + FINBERT,0,0,0.39471602
AVGO,2023-11-22,0001140361-23-054354,-0.0134692814063422,-0.0105780804862856,2023,TABNET C - MARKET + SEC + FINBERT,0,0,0.39533025
NVDA,2023-11-22,0001045810-23-000225,-0.0286805560808804,-0.0214816733095978,2023,TABNET C - MARKET + SEC + FINBERT,0,0,0.4005559
INTC,2023-12-06,0000050863-23-000128,-0.0097218902060801,-0.015108612194558,2023,TABNET C - MARKET + SEC + FINBERT,0,0,0.4249095
AVGO,2023-12-08,0001730168-23-000093,0.0194412139707647,0.0087351001326707,2023,TABNET C - MARKET + SEC + FINBERT,1,0,0.38397905
MSFT,2023-12-11,0001193125-23-291720,-0.0163715839149479,-0.00199625623182,2023,TABNET C - MARKET + SEC + FINBERT,0,0,0.36761713
NFLX,2023-12-11,0001065280-23-000334,0.0049671978177439,-0.0084955276181191,2023,TABNET C - MARKET + SEC + FINBERT,0,0,0.4271663
ADBE,2023-12-14,0000796343-23-000252,-0.0626001880030415,-0.0101716723957256,2023,TABNET C - MARKET + SEC + FINBERT,0,0,0.41117534
ADBE,2023-12-18,0000796343-23-000254,0.0184155250957505,0.0075555910524478,2023,TABNET C - MARKET + SEC + FINBERT,1,1,0.5012146
TSLA,2024-01-03,0000950170-24-000282,-0.0295523615445163,-0.0226545171869674,2024,TABNET A - MARKET,0,1,0.51142234
INTC,2024-01-04,0000050863-24-000003,0.0013208611358523,0.0255566563320699,2024,TABNET A - MARKET,1,1,0.5331313
META,2024-01-18,0001326801-24-000003,0.0068716760055087,0.0064735193915923,2024,TABNET A - MARKET,1,0,0.4903518
MSFT,2024-01-22,0001193125-24-011295,-0.0067240263536275,-0.0048067416064173,2024,TABNET A - MARKET,0,0,0.48749214
NFLX,2024-01-24,0001065280-24-000029,0.1014825439820832,0.017006963115941,2024,TABNET A - MARKET,1,1,0.53388256
QCOM,2024-01-24,0000804328-24-000005,0.0001184438030557,0.0010533057587108,2024,TABNET A - MARKET,1,0,0.4999732
TSLA,2024-01-25,0000950170-24-007073,-0.1224741103919198,-0.032577064875676,2024,TABNET A - MARKET,0,0,0.49053937
INTC,2024-01-26,0000050863-24-000008,-0.11311396767197,-0.0105120305068941,2024,TABNET A - MARKET,0,0,0.49240673
ADBE,2024-01-29,0000796343-24-000024,0.0163098929269993,0.0144373308886145,2024,TABNET A - MARKET,1,1,0.52401644
AMD,2024-01-31,0000002488-24-000009,-0.0058118248488935,0.0209848452310299,2024,TABNET A - MARKET,1,0,0.498451
GOOGL,2024-01-31,0001652044-24-000014,-0.0554170976082305,-0.0152895973072105,2024,TABNET A - MARKET,0,0,0.42626908
MSFT,2024-01-31,0000950170-24-008809,-0.0073599426113252,-0.0138295124592655,2024,TABNET A - MARKET,0,1,0.50577146
QCOM,2024-02-01,0000804328-24-000015,-0.0616038178342546,-0.0056746532812144,2024,TABNET A - MARKET,0,0,0.45928136
AAPL,2024-02-02,0000320193-24-000005,-0.0223056256506791,0.0210101241817823,2024,TABNET A - MARKET,1,1,0.5626807
AMZN,2024-02-02,0001018724-24-000006,0.0617659743841729,0.003191932820876,2024,TABNET A - MARKET,1,1,0.54530305
META,2024-02-02,0001326801-24-000010,0.1862757343741432,0.0211920178268043,2024,TABNET A - MARKET,1,0,0.46344396
GOOGL,2024-02-09,0001652044-24-000032,0.0113344008513249,0.0086499390209007,2024,TABNET A - MARKET,1,1,0.5191019
AVGO,2024-02-12,0001140361-24-006724,-0.0104551341500487,-0.0157256564809257,2024,TABNET A - MARKET,0,1,0.5798957
META,2024-02-15,0001326801-24-000019,0.0197360446932637,0.0170505111918173,2024,TABNET A - MARKET,1,0,0.49307707
INTC,2024-02-20,0000050863-24-000033,0.0307611358256039,0.0087445251734825,2024,TABNET A - MARKET,1,0,0.47322538
AMD,2024-02-21,0001628280-24-005593,-0.0044479301244626,0.0070275638113204,2024,TABNET A - MARKET,1,0,0.45192984
INTC,2024-02-22,0001193125-24-041435,-0.040547800162927,-0.0462879453259678,2024,TABNET A - MARKET,0,1,0.5060471
NVDA,2024-02-22,0001045810-24-000028,0.1347332638011742,0.0385848126930625,2024,TABNET A - MARKET,1,0,0.48337603
AAPL,2024-02-29,0001140361-24-010155,-0.0122623659914666,-0.0046257155710164,2024,TABNET A - MARKET,0,1,0.51775134
AVGO,2024-03-08,0001730168-24-000012,-0.0554224471998863,-0.0461141495697798,2024,TABNET A - MARKET,0,1,0.5082954
QCOM,2024-03-08,0000804328-24-000020,-0.0148731793983257,-0.0090799956651966,2024,TABNET A - MARKET,0,0,0.49616522
INTC,2024-03-14,0000050863-24-000036,-0.0085821928844943,-0.0057580097601842,2024,TABNET A - MARKET,0,0,0.42204717
ADBE,2024-03-15,0000796343-24-000057,-0.1248298569156682,-0.0094400056454753,2024,TABNET A - MARKET,0,1,0.518707
NVDA,2024-03-15,0001045810-24-000069,0.0106703355026588,0.0153640425589067,2024,TABNET A - MARKET,1,0,0.48208997
INTC,2024-04-03,0000050863-24-000068,-0.0844017438350074,-0.0329987071827579,2024,TABNET A - MARKET,0,0,0.49603808
TSLA,2024-04-03,0000950170-24-040274,0.0082580203888873,0.0194288222812655,2024,TABNET A - MARKET,1,0,0.46064478
ADBE,2024-04-05,0001193125-24-087244,-0.0158691765647923,-0.0160580490812419,2024,TABNET A - MARKET,0,0,0.46162015
AMZN,2024-04-11,0001104659-24-045915,0.0007029498870967,0.0007633825809041,2024,TABNET A - MARKET,1,1,0.52617425
TSLA,2024-04-16,0000950170-24-044588,-0.0271548640353915,0.0018963927833401,2024,TABNET A - MARKET,1,0,0.46174055
NFLX,2024-04-19,0001065280-24-000127,-0.0702437720797997,-0.0046812921519177,2024,TABNET A - MARKET,0,1,0.58462065
ADBE,2024-04-22,0000796343-24-000086,-0.0060352250836583,-0.0107001995197877,2024,TABNET A - MARKET,0,0,0.4855821
AVGO,2024-04-24,0001730168-24-000055,0.0027201450777365,-0.0016549510293677,2024,TABNET A - MARKET,0,1,0.5551926
TSLA,2024-04-24,0000950170-24-046895,0.1172233513171765,-0.0004132962628813,2024,TABNET A - MARKET,0,1,0.561487
META,2024-04-25,0001326801-24-000044,-0.1007829608030361,0.0349861087075502,2024,TABNET A - MARKET,1,0,0.45870364
GOOGL,2024-04-26,0001652044-24-000047,0.0868120421641083,-0.0217827495698069,2024,TABNET A - MARKET,0,0,0.47223938
INTC,2024-04-26,0000050863-24-000074,-0.1074282051823032,-0.0047576405098448,2024,TABNET A - MARKET,0,1,0.52211154
MSFT,2024-04-26,0000950170-24-048268,0.0028120551619008,-0.022097412596483,2024,TABNET A - MARKET,0,1,0.50276774
AMD,2024-05-01,0000002488-24-000054,-0.0818590800234352,-0.022074577775313,2024,TABNET A - MARKET,0,1,0.5086954
AMZN,2024-05-01,0001018724-24-000081,0.0300875954473209,-0.0106821667359587,2024,TABNET A - MARKET,0,0,0.41313925
QCOM,2024-05-02,0000804328-24-000038,0.0846713010941171,0.0226242397234444,2024,TABNET A - MARKET,1,0,0.48820302
AAPL,2024-05-03,0000320193-24-000067,0.0397179250576655,-0.0199132691270487,2024,TABNET A - MARKET,0,1,0.5119586
AAPL,2024-05-06,0001140361-24-024352,-0.0200602371463446,-0.0102556996678071,2024,TABNET A - MARKET,0,0,0.48123237
AMZN,2024-05-06,0001104659-24-057026,0.0024184940626126,0.0062452172000497,2024,TABNET A - MARKET,1,0,0.490102
INTC,2024-05-08,0000050863-24-000086,-0.0215737571910907,-0.0054606988313903,2024,TABNET A - MARKET,0,0,0.47244957
QCOM,2024-05-09,0000804328-24-000042,-0.0022370849261215,-0.0041084857128144,2024,TABNET A - MARKET,0,1,0.54556
INTC,2024-05-10,0000050863-24-000093,-0.0103340752317097,-0.0147412273626148,2024,TABNET A - MARKET,0,0,0.4992571
AMD,2024-05-14,0000002488-24-000076,0.0108366496777008,0.0107381348325958,2024,TABNET A - MARKET,1,0,0.48970616
AMZN,2024-05-15,0001104659-24-061143,-0.0214035124642162,-0.009860546649119,2024,TABNET A - MARKET,0,1,0.53176886
NVDA,2024-05-23,0001045810-24-000113,0.0976949081129665,0.032318356080579,2024,TABNET A - MARKET,1,1,0.5121479
AMZN,2024-05-28,0001104659-24-065117,0.0039677844666901,0.0112492411647011,2024,TABNET A - MARKET,1,1,0.50734097
META,2024-06-03,0001326801-24-000057,0.0174655233768301,0.0172484635078848,2024,TABNET A - MARKET,1,1,0.5024266
GOOGL,2024-06-05,0001193125-24-154725,-0.0108381991358403,-0.0109197376955498,2024,TABNET A - MARKET,0,1,0.5445133
INTC,2024-06-05,0000050863-24-000103,0.0048153135408781,0.0047299658495167,2024,TABNET A - MARKET,1,0,0.49916732
GOOGL,2024-06-10,0001193125-24-157498,0.000264694362364,-0.0062890735908762,2024,TABNET A - MARKET,0,1,0.51209545
NFLX,2024-06-10,0001065280-24-000185,0.0006842006766056,-0.0010731280485969,2024,TABNET A - MARKET,0,1,0.52550066
NVDA,2024-06-10,0001045810-24-000144,0.0034223695035195,0.0052792980574816,2024,TABNET A - MARKET,1,1,0.5371345
AVGO,2024-06-13,0001730168-24-000077,0.1172669500798657,-0.016041214397465,2024,TABNET A - MARKET,0,1,0.5534745
ADBE,2024-06-14,0000796343-24-000140,0.1399336504887722,-0.0149195157587632,2024,TABNET A - MARKET,0,1,0.5400467
GOOGL,2024-06-14,0001193125-24-160721,0.004124415003359,0.009148267072816,2024,TABNET A - MARKET,1,1,0.5147364
TSLA,2024-06-14,0001104659-24-071439,-0.029623659174497,-0.0475299992622972,2024,TABNET A - MARKET,0,1,0.5459624
INTC,2024-06-17,0000050863-24-000110,0.0051556007241069,0.0094144253864987,2024,TABNET A - MARKET,1,0,0.42538
AMD,2024-07-03,0000002488-24-000109,-0.0108323814250977,-0.0117402818659907,2024,TABNET A - MARKET,0,0,0.46324643
NVDA,2024-07-03,0001045810-24-000206,0.0373955067193187,0.0445006756655272,2024,TABNET A - MARKET,1,0,0.46823597
AVGO,2024-07-08,0001140361-24-032566,0.0226025212638882,0.0223334843353208,2024,TABNET A - MARKET,1,0,0.458131
AVGO,2024-07-15,0001140361-24-033072,0.0052678441045099,0.0092791934059965,2024,TABNET A - MARKET,1,1,0.5319097
ADBE,2024-07-19,0000796343-24-000173,-0.001641808140351,-0.0027004712311778,2024,TABNET A - MARKET,0,0,0.4966372
NFLX,2024-07-19,0001065280-24-000199,-0.0062209463310989,-0.0331633223876491,2024,TABNET A - MARKET,0,1,0.5613585
AMD,2024-07-23,0000002488-24-000115,-0.0084724167185586,-0.004489959833504,2024,TABNET A - MARKET,0,0,0.4866349
GOOGL,2024-07-24,0001652044-24-000076,-0.0145173459168354,0.0164461240504198,2024,TABNET A - MARKET,1,1,0.5278296
TSLA,2024-07-24,0001628280-24-032603,-0.0874758552348191,-0.0197993021608954,2024,TABNET A - MARKET,0,1,0.504157
AMD,2024-07-31,0000002488-24-000121,0.0140352718571412,-0.0483044049992547,2024,TABNET A - MARKET,0,1,0.52049655
MSFT,2024-07-31,0000950170-24-087835,-0.0403994612618912,-0.0119524791087044,2024,TABNET A - MARKET,0,1,0.54808575
META,2024-08-01,0001326801-24-000065,0.0724702601260065,-0.0189962850657215,2024,TABNET A - MARKET,0,1,0.50486606
QCOM,2024-08-01,0000804328-24-000055,-0.0694507007604851,-0.0195306421387311,2024,TABNET A - MARKET,0,0,0.4794213
AAPL,2024-08-02,0000320193-24-000080,0.0306042309299121,0.0079860218465118,2024,TABNET A - MARKET,1,0,0.44480634
AMZN,2024-08-02,0001018724-24-000128,-0.0641121876767938,0.0116427161435751,2024,TABNET A - MARKET,1,0,0.46455798
INTC,2024-08-02,0000050863-24-000122,-0.2368502490991094,-0.0162201153234435,2024,TABNET A - MARKET,0,0,0.4272149
NFLX,2024-08-02,0001140361-24-035325,0.0057945558366498,-0.0070738441437668,2024,TABNET A - MARKET,0,0,0.47163576
GOOGL,2024-08-06,0001652044-24-000085,-0.0155834658884495,-0.0117877479807448,2024,TABNET A - MARKET,0,0,0.42911774
ADBE,2024-08-09,0000796343-24-000192,0.006206337965156,0.0074660641034229,2024,TABNET A - MARKET,1,1,0.60369945
META,2024-08-12,0001193125-24-197873,-0.0056686381894932,-0.0017384041711793,2024,TABNET A - MARKET,0,1,0.516409
QCOM,2024-08-12,0000804328-24-000061,-0.0118202036782681,0.0145338960687355,2024,TABNET A - MARKET,1,1,0.55633533
AMD,2024-08-19,0001193125-24-202457,0.0320981939885101,0.0333122845499129,2024,TABNET A - MARKET,1,1,0.5210026
MSFT,2024-08-22,0001193125-24-204403,-0.0043979583433071,-0.0001559542656064,2024,TABNET A - MARKET,0,1,0.5265999
INTC,2024-08-23,0000050863-24-000134,0.0110450938530819,0.0092409672270856,2024,TABNET A - MARKET,1,0,0.4180635
AAPL,2024-08-26,0001140361-24-038403,0.0112071583591698,0.010424525817929,2024,TABNET A - MARKET,1,1,0.5199202
AAPL,2024-08-27,0001140361-24-038601,0.0007542711733212,0.0025012481564683,2024,TABNET A - MARKET,1,0,0.4868092
NVDA,2024-08-29,0001045810-24-000262,-0.0623846340010401,-0.0255288115141936,2024,TABNET A - MARKET,0,0,0.4821355
AVGO,2024-09-06,0001730168-24-000095,-0.0767332384895764,-0.018343843467267,2024,TABNET A - MARKET,0,1,0.5259957
AAPL,2024-09-10,0001140361-24-040659,-0.0128632516445373,0.000131531432435,2024,TABNET A - MARKET,1,1,0.57477635
META,2024-09-11,0001326801-24-000072,-0.0077691247511657,-0.0094317993192933,2024,TABNET A - MARKET,0,0,0.49469584
ADBE,2024-09-13,0000796343-24-000200,-0.0891786499822013,0.0020208978330698,2024,TABNET A - MARKET,1,1,0.51266706
GOOGL,2024-09-24,0001652044-24-000097,-0.0021050517793912,-0.0064174632666135,2024,TABNET A - MARKET,0,0,0.4778745
TSLA,2024-10-02,0001628280-24-041816,-0.0362939534554686,0.0026281256673255,2024,TABNET A - MARKET,1,1,0.51010716
AVGO,2024-10-03,0001193125-24-231159,0.0079542399034105,0.0095266130962226,2024,TABNET A - MARKET,1,1,0.54525656
QCOM,2024-10-10,0000804328-24-000064,-0.0088514172834252,0.0041691270184072,2024,TABNET A - MARKET,1,1,0.52826005
NFLX,2024-10-18,0001065280-24-000286,0.1043156336409134,0.0347565988337037,2024,TABNET A - MARKET,1,0,0.4348695
TSLA,2024-10-24,0001628280-24-043432,0.2110815159093464,0.0641474358938924,2024,TABNET A - MARKET,1,0,0.49545386
AMD,2024-10-30,0000002488-24-000161,-0.0986077821001309,-0.0227941981390301,2024,TABNET A - MARKET,0,0,0.28394002
GOOGL,2024-10-30,0001652044-24-000115,0.0357283996891425,-0.0283980546030995,2024,TABNET A - MARKET,0,1,0.55532706
META,2024-10-31,0001326801-24-000077,-0.0156830042514072,-0.0124537331805056,2024,TABNET A - MARKET,0,0,0.4986156
MSFT,2024-10-31,0000950170-24-118955,-0.0352847409838739,-0.0043679616139221,2024,TABNET A - MARKET,0,1,0.5190306
AAPL,2024-11-01,0000320193-24-000120,-0.0206786714994927,0.0048042151993934,2024,TABNET A - MARKET,1,0,0.48616496
AMZN,2024-11-01,0001018724-24-000158,0.0544571727079066,-0.0093521893544827,2024,TABNET A - MARKET,0,0,0.46865255
INTC,2024-11-01,0000050863-24-000147,0.0706678810739138,0.0047204172179406,2024,TABNET A - MARKET,1,0,0.4623412
QCOM,2024-11-07,0000804328-24-000074,-0.0162066399992345,-0.0509377682319753,2024,TABNET A - MARKET,0,1,0.5717948
NVDA,2024-11-08,0001045810-24-000300,-0.009564605628046,-0.0098069847314985,2024,TABNET A - MARKET,0,1,0.5067713
AMD,2024-11-19,0000002488-24-000172,-0.0035686689679286,0.0022667885466844,2024,TABNET A - MARKET,1,0,0.47371286
NVDA,2024-11-21,0001045810-24-000315,0.0017493274410433,-0.0154555811305558,2024,TABNET A - MARKET,0,0,0.4907837
INTC,2024-11-29,0000050863-24-000169,0.0081263998252203,0.0063816261262434,2024,TABNET A - MARKET,1,0,0.47928125
INTC,2024-12-03,0000050863-24-000173,-0.0640773123765042,-0.0567794673378192,2024,TABNET A - MARKET,0,0,0.42819318
MSFT,2024-12-04,0000950170-24-132722,0.0020617676099534,0.0044875259768517,2024,TABNET A - MARKET,1,1,0.5127418
INTC,2024-12-05,0000050863-24-000180,-0.050052136326123,-0.0533950469796038,2024,TABNET A - MARKET,0,1,0.56015897
ADBE,2024-12-12,0000796343-24-000250,-0.1304728856136858,-0.02416380007312,2024,TABNET A - MARKET,0,0,0.4530606
MSFT,2024-12-12,0001193125-24-275524,0.0077231899631595,0.0032381988211638,2024,TABNET A - MARKET,1,1,0.51868445
AVGO,2024-12-13,0001730168-24-000125,0.2366721755825886,0.0508264612861861,2024,TABNET A - MARKET,1,1,0.5068516
QCOM,2024-12-13,0000804328-24-000079,-0.0058216285687771,0.0017006420183773,2024,TABNET A - MARKET,1,0,0.46716848
TSLA,2024-01-03,0000950170-24-000282,-0.0295523615445163,-0.0226545171869674,2024,TABNET B - MARKET + SEC,0,0,0.33212495
INTC,2024-01-04,0000050863-24-000003,0.0013208611358523,0.0255566563320699,2024,TABNET B - MARKET + SEC,1,0,0.45516396
META,2024-01-18,0001326801-24-000003,0.0068716760055087,0.0064735193915923,2024,TABNET B - MARKET + SEC,1,0,0.4665212
MSFT,2024-01-22,0001193125-24-011295,-0.0067240263536275,-0.0048067416064173,2024,TABNET B - MARKET + SEC,0,1,0.65449154
NFLX,2024-01-24,0001065280-24-000029,0.1014825439820832,0.017006963115941,2024,TABNET B - MARKET + SEC,1,0,0.46287856
QCOM,2024-01-24,0000804328-24-000005,0.0001184438030557,0.0010533057587108,2024,TABNET B - MARKET + SEC,1,0,0.45145288
TSLA,2024-01-25,0000950170-24-007073,-0.1224741103919198,-0.032577064875676,2024,TABNET B - MARKET + SEC,0,1,0.6875818
INTC,2024-01-26,0000050863-24-000008,-0.11311396767197,-0.0105120305068941,2024,TABNET B - MARKET + SEC,0,1,0.5582193
ADBE,2024-01-29,0000796343-24-000024,0.0163098929269993,0.0144373308886145,2024,TABNET B - MARKET + SEC,1,0,0.472771
AMD,2024-01-31,0000002488-24-000009,-0.0058118248488935,0.0209848452310299,2024,TABNET B - MARKET + SEC,1,1,0.547052
GOOGL,2024-01-31,0001652044-24-000014,-0.0554170976082305,-0.0152895973072105,2024,TABNET B - MARKET + SEC,0,1,0.5087075
MSFT,2024-01-31,0000950170-24-008809,-0.0073599426113252,-0.0138295124592655,2024,TABNET B - MARKET + SEC,0,0,0.48873365
QCOM,2024-02-01,0000804328-24-000015,-0.0616038178342546,-0.0056746532812144,2024,TABNET B - MARKET + SEC,0,0,0.42949742
AAPL,2024-02-02,0000320193-24-000005,-0.0223056256506791,0.0210101241817823,2024,TABNET B - MARKET + SEC,1,1,0.5917374
AMZN,2024-02-02,0001018724-24-000006,0.0617659743841729,0.003191932820876,2024,TABNET B - MARKET + SEC,1,1,0.5343076
META,2024-02-02,0001326801-24-000010,0.1862757343741432,0.0211920178268043,2024,TABNET B - MARKET + SEC,1,0,0.4828498
GOOGL,2024-02-09,0001652044-24-000032,0.0113344008513249,0.0086499390209007,2024,TABNET B - MARKET + SEC,1,1,0.55367315
AVGO,2024-02-12,0001140361-24-006724,-0.0104551341500487,-0.0157256564809257,2024,TABNET B - MARKET + SEC,0,0,0.38979742
META,2024-02-15,0001326801-24-000019,0.0197360446932637,0.0170505111918173,2024,TABNET B - MARKET + SEC,1,0,0.43617576
INTC,2024-02-20,0000050863-24-000033,0.0307611358256039,0.0087445251734825,2024,TABNET B - MARKET + SEC,1,1,0.51150906
AMD,2024-02-21,0001628280-24-005593,-0.0044479301244626,0.0070275638113204,2024,TABNET B - MARKET + SEC,1,1,0.5257839
INTC,2024-02-22,0001193125-24-041435,-0.040547800162927,-0.0462879453259678,2024,TABNET B - MARKET + SEC,0,1,0.50752133
NVDA,2024-02-22,0001045810-24-000028,0.1347332638011742,0.0385848126930625,2024,TABNET B - MARKET + SEC,1,1,0.67880124
AAPL,2024-02-29,0001140361-24-010155,-0.0122623659914666,-0.0046257155710164,2024,TABNET B - MARKET + SEC,0,1,0.54773366
AVGO,2024-03-08,0001730168-24-000012,-0.0554224471998863,-0.0461141495697798,2024,TABNET B - MARKET + SEC,0,0,0.40727237
QCOM,2024-03-08,0000804328-24-000020,-0.0148731793983257,-0.0090799956651966,2024,TABNET B - MARKET + SEC,0,0,0.44071364
INTC,2024-03-14,0000050863-24-000036,-0.0085821928844943,-0.0057580097601842,2024,TABNET B - MARKET + SEC,0,0,0.48624957
ADBE,2024-03-15,0000796343-24-000057,-0.1248298569156682,-0.0094400056454753,2024,TABNET B - MARKET + SEC,0,0,0.47962645
NVDA,2024-03-15,0001045810-24-000069,0.0106703355026588,0.0153640425589067,2024,TABNET B - MARKET + SEC,1,0,0.48458034
INTC,2024-04-03,0000050863-24-000068,-0.0844017438350074,-0.0329987071827579,2024,TABNET B - MARKET + SEC,0,1,0.5181673
TSLA,2024-04-03,0000950170-24-040274,0.0082580203888873,0.0194288222812655,2024,TABNET B - MARKET + SEC,1,0,0.4444165
ADBE,2024-04-05,0001193125-24-087244,-0.0158691765647923,-0.0160580490812419,2024,TABNET B - MARKET + SEC,0,0,0.45760128
AMZN,2024-04-11,0001104659-24-045915,0.0007029498870967,0.0007633825809041,2024,TABNET B - MARKET + SEC,1,0,0.44037896
TSLA,2024-04-16,0000950170-24-044588,-0.0271548640353915,0.0018963927833401,2024,TABNET B - MARKET + SEC,1,0,0.49822533
NFLX,2024-04-19,0001065280-24-000127,-0.0702437720797997,-0.0046812921519177,2024,TABNET B - MARKET + SEC,0,0,0.49357992
ADBE,2024-04-22,0000796343-24-000086,-0.0060352250836583,-0.0107001995197877,2024,TABNET B - MARKET + SEC,0,1,0.57791
AVGO,2024-04-24,0001730168-24-000055,0.0027201450777365,-0.0016549510293677,2024,TABNET B - MARKET + SEC,0,0,0.47935262
TSLA,2024-04-24,0000950170-24-046895,0.1172233513171765,-0.0004132962628813,2024,TABNET B - MARKET + SEC,0,0,0.34907106
META,2024-04-25,0001326801-24-000044,-0.1007829608030361,0.0349861087075502,2024,TABNET B - MARKET + SEC,1,1,0.5256179
GOOGL,2024-04-26,0001652044-24-000047,0.0868120421641083,-0.0217827495698069,2024,TABNET B - MARKET + SEC,0,0,0.4422401
INTC,2024-04-26,0000050863-24-000074,-0.1074282051823032,-0.0047576405098448,2024,TABNET B - MARKET + SEC,0,0,0.39665434
MSFT,2024-04-26,0000950170-24-048268,0.0028120551619008,-0.022097412596483,2024,TABNET B - MARKET + SEC,0,1,0.535537
AMD,2024-05-01,0000002488-24-000054,-0.0818590800234352,-0.022074577775313,2024,TABNET B - MARKET + SEC,0,0,0.48686618
AMZN,2024-05-01,0001018724-24-000081,0.0300875954473209,-0.0106821667359587,2024,TABNET B - MARKET + SEC,0,1,0.5399005
QCOM,2024-05-02,0000804328-24-000038,0.0846713010941171,0.0226242397234444,2024,TABNET B - MARKET + SEC,1,0,0.48306832
AAPL,2024-05-03,0000320193-24-000067,0.0397179250576655,-0.0199132691270487,2024,TABNET B - MARKET + SEC,0,1,0.50310546
AAPL,2024-05-06,0001140361-24-024352,-0.0200602371463446,-0.0102556996678071,2024,TABNET B - MARKET + SEC,0,0,0.20040128
AMZN,2024-05-06,0001104659-24-057026,0.0024184940626126,0.0062452172000497,2024,TABNET B - MARKET + SEC,1,0,0.47888318
INTC,2024-05-08,0000050863-24-000086,-0.0215737571910907,-0.0054606988313903,2024,TABNET B - MARKET + SEC,0,1,0.6201908
QCOM,2024-05-09,0000804328-24-000042,-0.0022370849261215,-0.0041084857128144,2024,TABNET B - MARKET + SEC,0,1,0.52444047
INTC,2024-05-10,0000050863-24-000093,-0.0103340752317097,-0.0147412273626148,2024,TABNET B - MARKET + SEC,0,0,0.45729017
AMD,2024-05-14,0000002488-24-000076,0.0108366496777008,0.0107381348325958,2024,TABNET B - MARKET + SEC,1,1,0.52054566
AMZN,2024-05-15,0001104659-24-061143,-0.0214035124642162,-0.009860546649119,2024,TABNET B - MARKET + SEC,0,0,0.453184
NVDA,2024-05-23,0001045810-24-000113,0.0976949081129665,0.032318356080579,2024,TABNET B - MARKET + SEC,1,1,0.6064853
AMZN,2024-05-28,0001104659-24-065117,0.0039677844666901,0.0112492411647011,2024,TABNET B - MARKET + SEC,1,1,0.5701317
META,2024-06-03,0001326801-24-000057,0.0174655233768301,0.0172484635078848,2024,TABNET B - MARKET + SEC,1,0,0.49421313
GOOGL,2024-06-05,0001193125-24-154725,-0.0108381991358403,-0.0109197376955498,2024,TABNET B - MARKET + SEC,0,1,0.5673117
INTC,2024-06-05,0000050863-24-000103,0.0048153135408781,0.0047299658495167,2024,TABNET B - MARKET + SEC,1,1,0.5461517
GOOGL,2024-06-10,0001193125-24-157498,0.000264694362364,-0.0062890735908762,2024,TABNET B - MARKET + SEC,0,1,0.5420838
NFLX,2024-06-10,0001065280-24-000185,0.0006842006766056,-0.0010731280485969,2024,TABNET B - MARKET + SEC,0,0,0.46743098
NVDA,2024-06-10,0001045810-24-000144,0.0034223695035195,0.0052792980574816,2024,TABNET B - MARKET + SEC,1,0,0.46377432
AVGO,2024-06-13,0001730168-24-000077,0.1172669500798657,-0.016041214397465,2024,TABNET B - MARKET + SEC,0,1,0.6351709
ADBE,2024-06-14,0000796343-24-000140,0.1399336504887722,-0.0149195157587632,2024,TABNET B - MARKET + SEC,0,0,0.49224043
GOOGL,2024-06-14,0001193125-24-160721,0.004124415003359,0.009148267072816,2024,TABNET B - MARKET + SEC,1,0,0.48325703
TSLA,2024-06-14,0001104659-24-071439,-0.029623659174497,-0.0475299992622972,2024,TABNET B - MARKET + SEC,0,0,0.29582703
INTC,2024-06-17,0000050863-24-000110,0.0051556007241069,0.0094144253864987,2024,TABNET B - MARKET + SEC,1,1,0.564538
AMD,2024-07-03,0000002488-24-000109,-0.0108323814250977,-0.0117402818659907,2024,TABNET B - MARKET + SEC,0,0,0.46047977
NVDA,2024-07-03,0001045810-24-000206,0.0373955067193187,0.0445006756655272,2024,TABNET B - MARKET + SEC,1,0,0.46537268
AVGO,2024-07-08,0001140361-24-032566,0.0226025212638882,0.0223334843353208,2024,TABNET B - MARKET + SEC,1,1,0.55745846
AVGO,2024-07-15,0001140361-24-033072,0.0052678441045099,0.0092791934059965,2024,TABNET B - MARKET + SEC,1,0,0.4851914
ADBE,2024-07-19,0000796343-24-000173,-0.001641808140351,-0.0027004712311778,2024,TABNET B - MARKET + SEC,0,0,0.45274287
NFLX,2024-07-19,0001065280-24-000199,-0.0062209463310989,-0.0331633223876491,2024,TABNET B - MARKET + SEC,0,1,0.5166189
AMD,2024-07-23,0000002488-24-000115,-0.0084724167185586,-0.004489959833504,2024,TABNET B - MARKET + SEC,0,0,0.34029892
GOOGL,2024-07-24,0001652044-24-000076,-0.0145173459168354,0.0164461240504198,2024,TABNET B - MARKET + SEC,1,0,0.47998053
TSLA,2024-07-24,0001628280-24-032603,-0.0874758552348191,-0.0197993021608954,2024,TABNET B - MARKET + SEC,0,0,0.43739074
AMD,2024-07-31,0000002488-24-000121,0.0140352718571412,-0.0483044049992547,2024,TABNET B - MARKET + SEC,0,0,0.37001833
MSFT,2024-07-31,0000950170-24-087835,-0.0403994612618912,-0.0119524791087044,2024,TABNET B - MARKET + SEC,0,1,0.5017645
META,2024-08-01,0001326801-24-000065,0.0724702601260065,-0.0189962850657215,2024,TABNET B - MARKET + SEC,0,0,0.49201298
QCOM,2024-08-01,0000804328-24-000055,-0.0694507007604851,-0.0195306421387311,2024,TABNET B - MARKET + SEC,0,0,0.4180327
AAPL,2024-08-02,0000320193-24-000080,0.0306042309299121,0.0079860218465118,2024,TABNET B - MARKET + SEC,1,1,0.5044548
AMZN,2024-08-02,0001018724-24-000128,-0.0641121876767938,0.0116427161435751,2024,TABNET B - MARKET + SEC,1,1,0.5238028
INTC,2024-08-02,0000050863-24-000122,-0.2368502490991094,-0.0162201153234435,2024,TABNET B - MARKET + SEC,0,0,0.42362502
NFLX,2024-08-02,0001140361-24-035325,0.0057945558366498,-0.0070738441437668,2024,TABNET B - MARKET + SEC,0,1,0.5197067
GOOGL,2024-08-06,0001652044-24-000085,-0.0155834658884495,-0.0117877479807448,2024,TABNET B - MARKET + SEC,0,0,0.46167958
ADBE,2024-08-09,0000796343-24-000192,0.006206337965156,0.0074660641034229,2024,TABNET B - MARKET + SEC,1,0,0.48766428
META,2024-08-12,0001193125-24-197873,-0.0056686381894932,-0.0017384041711793,2024,TABNET B - MARKET + SEC,0,0,0.47852427
QCOM,2024-08-12,0000804328-24-000061,-0.0118202036782681,0.0145338960687355,2024,TABNET B - MARKET + SEC,1,0,0.40102044
AMD,2024-08-19,0001193125-24-202457,0.0320981939885101,0.0333122845499129,2024,TABNET B - MARKET + SEC,1,0,0.46002203
MSFT,2024-08-22,0001193125-24-204403,-0.0043979583433071,-0.0001559542656064,2024,TABNET B - MARKET + SEC,0,1,0.534859
INTC,2024-08-23,0000050863-24-000134,0.0110450938530819,0.0092409672270856,2024,TABNET B - MARKET + SEC,1,0,0.4275573
AAPL,2024-08-26,0001140361-24-038403,0.0112071583591698,0.010424525817929,2024,TABNET B - MARKET + SEC,1,0,0.46342897
AAPL,2024-08-27,0001140361-24-038601,0.0007542711733212,0.0025012481564683,2024,TABNET B - MARKET + SEC,1,0,0.45707056
NVDA,2024-08-29,0001045810-24-000262,-0.0623846340010401,-0.0255288115141936,2024,TABNET B - MARKET + SEC,0,0,0.48193425
AVGO,2024-09-06,0001730168-24-000095,-0.0767332384895764,-0.018343843467267,2024,TABNET B - MARKET + SEC,0,1,0.59197044
AAPL,2024-09-10,0001140361-24-040659,-0.0128632516445373,0.000131531432435,2024,TABNET B - MARKET + SEC,1,0,0.49812254
META,2024-09-11,0001326801-24-000072,-0.0077691247511657,-0.0094317993192933,2024,TABNET B - MARKET + SEC,0,1,0.5370385
ADBE,2024-09-13,0000796343-24-000200,-0.0891786499822013,0.0020208978330698,2024,TABNET B - MARKET + SEC,1,0,0.42618114
GOOGL,2024-09-24,0001652044-24-000097,-0.0021050517793912,-0.0064174632666135,2024,TABNET B - MARKET + SEC,0,1,0.5284894
TSLA,2024-10-02,0001628280-24-041816,-0.0362939534554686,0.0026281256673255,2024,TABNET B - MARKET + SEC,1,0,0.4760884
AVGO,2024-10-03,0001193125-24-231159,0.0079542399034105,0.0095266130962226,2024,TABNET B - MARKET + SEC,1,0,0.46613237
QCOM,2024-10-10,0000804328-24-000064,-0.0088514172834252,0.0041691270184072,2024,TABNET B - MARKET + SEC,1,0,0.4670472
NFLX,2024-10-18,0001065280-24-000286,0.1043156336409134,0.0347565988337037,2024,TABNET B - MARKET + SEC,1,1,0.5607764
TSLA,2024-10-24,0001628280-24-043432,0.2110815159093464,0.0641474358938924,2024,TABNET B - MARKET + SEC,1,0,0.46794635
AMD,2024-10-30,0000002488-24-000161,-0.0986077821001309,-0.0227941981390301,2024,TABNET B - MARKET + SEC,0,0,0.46169195
GOOGL,2024-10-30,0001652044-24-000115,0.0357283996891425,-0.0283980546030995,2024,TABNET B - MARKET + SEC,0,0,0.48514456
META,2024-10-31,0001326801-24-000077,-0.0156830042514072,-0.0124537331805056,2024,TABNET B - MARKET + SEC,0,1,0.55868256
MSFT,2024-10-31,0000950170-24-118955,-0.0352847409838739,-0.0043679616139221,2024,TABNET B - MARKET + SEC,0,1,0.5320759
AAPL,2024-11-01,0000320193-24-000120,-0.0206786714994927,0.0048042151993934,2024,TABNET B - MARKET + SEC,1,0,0.46707684
AMZN,2024-11-01,0001018724-24-000158,0.0544571727079066,-0.0093521893544827,2024,TABNET B - MARKET + SEC,0,1,0.55967236
INTC,2024-11-01,0000050863-24-000147,0.0706678810739138,0.0047204172179406,2024,TABNET B - MARKET + SEC,1,0,0.4495132
QCOM,2024-11-07,0000804328-24-000074,-0.0162066399992345,-0.0509377682319753,2024,TABNET B - MARKET + SEC,0,0,0.42325714
NVDA,2024-11-08,0001045810-24-000300,-0.009564605628046,-0.0098069847314985,2024,TABNET B - MARKET + SEC,0,0,0.4779379
AMD,2024-11-19,0000002488-24-000172,-0.0035686689679286,0.0022667885466844,2024,TABNET B - MARKET + SEC,1,0,0.4140548
NVDA,2024-11-21,0001045810-24-000315,0.0017493274410433,-0.0154555811305558,2024,TABNET B - MARKET + SEC,0,1,0.51030177
INTC,2024-11-29,0000050863-24-000169,0.0081263998252203,0.0063816261262434,2024,TABNET B - MARKET + SEC,1,1,0.6301171
INTC,2024-12-03,0000050863-24-000173,-0.0640773123765042,-0.0567794673378192,2024,TABNET B - MARKET + SEC,0,1,0.5271908
MSFT,2024-12-04,0000950170-24-132722,0.0020617676099534,0.0044875259768517,2024,TABNET B - MARKET + SEC,1,1,0.5252243
INTC,2024-12-05,0000050863-24-000180,-0.050052136326123,-0.0533950469796038,2024,TABNET B - MARKET + SEC,0,1,0.5424057
ADBE,2024-12-12,0000796343-24-000250,-0.1304728856136858,-0.02416380007312,2024,TABNET B - MARKET + SEC,0,0,0.46493196
MSFT,2024-12-12,0001193125-24-275524,0.0077231899631595,0.0032381988211638,2024,TABNET B - MARKET + SEC,1,1,0.5099666
AVGO,2024-12-13,0001730168-24-000125,0.2366721755825886,0.0508264612861861,2024,TABNET B - MARKET + SEC,1,0,0.47237635
QCOM,2024-12-13,0000804328-24-000079,-0.0058216285687771,0.0017006420183773,2024,TABNET B - MARKET + SEC,1,1,0.54134655
TSLA,2024-01-03,0000950170-24-000282,-0.0295523615445163,-0.0226545171869674,2024,TABNET C - MARKET + SEC + FINBERT,0,1,0.50667566
INTC,2024-01-04,0000050863-24-000003,0.0013208611358523,0.0255566563320699,2024,TABNET C - MARKET + SEC + FINBERT,1,1,0.5170898
META,2024-01-18,0001326801-24-000003,0.0068716760055087,0.0064735193915923,2024,TABNET C - MARKET + SEC + FINBERT,1,1,0.52189726
MSFT,2024-01-22,0001193125-24-011295,-0.0067240263536275,-0.0048067416064173,2024,TABNET C - MARKET + SEC + FINBERT,0,0,0.4680938
NFLX,2024-01-24,0001065280-24-000029,0.1014825439820832,0.017006963115941,2024,TABNET C - MARKET + SEC + FINBERT,1,0,0.28025395
QCOM,2024-01-24,0000804328-24-000005,0.0001184438030557,0.0010533057587108,2024,TABNET C - MARKET + SEC + FINBERT,1,1,0.5054832
TSLA,2024-01-25,0000950170-24-007073,-0.1224741103919198,-0.032577064875676,2024,TABNET C - MARKET + SEC + FINBERT,0,0,0.49366155
INTC,2024-01-26,0000050863-24-000008,-0.11311396767197,-0.0105120305068941,2024,TABNET C - MARKET + SEC + FINBERT,0,0,0.38820016
ADBE,2024-01-29,0000796343-24-000024,0.0163098929269993,0.0144373308886145,2024,TABNET C - MARKET + SEC + FINBERT,1,0,0.48441735
AMD,2024-01-31,0000002488-24-000009,-0.0058118248488935,0.0209848452310299,2024,TABNET C - MARKET + SEC + FINBERT,1,0,0.47114715
GOOGL,2024-01-31,0001652044-24-000014,-0.0554170976082305,-0.0152895973072105,2024,TABNET C - MARKET + SEC + FINBERT,0,0,0.42580894
MSFT,2024-01-31,0000950170-24-008809,-0.0073599426113252,-0.0138295124592655,2024,TABNET C - MARKET + SEC + FINBERT,0,0,0.45226514
QCOM,2024-02-01,0000804328-24-000015,-0.0616038178342546,-0.0056746532812144,2024,TABNET C - MARKET + SEC + FINBERT,0,0,0.40812543
AAPL,2024-02-02,0000320193-24-000005,-0.0223056256506791,0.0210101241817823,2024,TABNET C - MARKET + SEC + FINBERT,1,0,0.44608906
AMZN,2024-02-02,0001018724-24-000006,0.0617659743841729,0.003191932820876,2024,TABNET C - MARKET + SEC + FINBERT,1,0,0.47174045
META,2024-02-02,0001326801-24-000010,0.1862757343741432,0.0211920178268043,2024,TABNET C - MARKET + SEC + FINBERT,1,0,0.43002528
GOOGL,2024-02-09,0001652044-24-000032,0.0113344008513249,0.0086499390209007,2024,TABNET C - MARKET + SEC + FINBERT,1,0,0.47865137
AVGO,2024-02-12,0001140361-24-006724,-0.0104551341500487,-0.0157256564809257,2024,TABNET C - MARKET + SEC + FINBERT,0,1,0.5261996
META,2024-02-15,0001326801-24-000019,0.0197360446932637,0.0170505111918173,2024,TABNET C - MARKET + SEC + FINBERT,1,1,0.5270943
INTC,2024-02-20,0000050863-24-000033,0.0307611358256039,0.0087445251734825,2024,TABNET C - MARKET + SEC + FINBERT,1,1,0.50669825
AMD,2024-02-21,0001628280-24-005593,-0.0044479301244626,0.0070275638113204,2024,TABNET C - MARKET + SEC + FINBERT,1,1,0.58417493
INTC,2024-02-22,0001193125-24-041435,-0.040547800162927,-0.0462879453259678,2024,TABNET C - MARKET + SEC + FINBERT,0,0,0.4979003
NVDA,2024-02-22,0001045810-24-000028,0.1347332638011742,0.0385848126930625,2024,TABNET C - MARKET + SEC + FINBERT,1,0,0.46472853
AAPL,2024-02-29,0001140361-24-010155,-0.0122623659914666,-0.0046257155710164,2024,TABNET C - MARKET + SEC + FINBERT,0,0,0.45915914
AVGO,2024-03-08,0001730168-24-000012,-0.0554224471998863,-0.0461141495697798,2024,TABNET C - MARKET + SEC + FINBERT,0,0,0.42349082
QCOM,2024-03-08,0000804328-24-000020,-0.0148731793983257,-0.0090799956651966,2024,TABNET C - MARKET + SEC + FINBERT,0,0,0.40381047
INTC,2024-03-14,0000050863-24-000036,-0.0085821928844943,-0.0057580097601842,2024,TABNET C - MARKET + SEC + FINBERT,0,0,0.44663152
ADBE,2024-03-15,0000796343-24-000057,-0.1248298569156682,-0.0094400056454753,2024,TABNET C - MARKET + SEC + FINBERT,0,1,0.50606877
NVDA,2024-03-15,0001045810-24-000069,0.0106703355026588,0.0153640425589067,2024,TABNET C - MARKET + SEC + FINBERT,1,1,0.591863
INTC,2024-04-03,0000050863-24-000068,-0.0844017438350074,-0.0329987071827579,2024,TABNET C - MARKET + SEC + FINBERT,0,1,0.50131214
TSLA,2024-04-03,0000950170-24-040274,0.0082580203888873,0.0194288222812655,2024,TABNET C - MARKET + SEC + FINBERT,1,1,0.52926457
ADBE,2024-04-05,0001193125-24-087244,-0.0158691765647923,-0.0160580490812419,2024,TABNET C - MARKET + SEC + FINBERT,0,1,0.557334
AMZN,2024-04-11,0001104659-24-045915,0.0007029498870967,0.0007633825809041,2024,TABNET C - MARKET + SEC + FINBERT,1,0,0.47607523
TSLA,2024-04-16,0000950170-24-044588,-0.0271548640353915,0.0018963927833401,2024,TABNET C - MARKET + SEC + FINBERT,1,1,0.54333335
NFLX,2024-04-19,0001065280-24-000127,-0.0702437720797997,-0.0046812921519177,2024,TABNET C - MARKET + SEC + FINBERT,0,0,0.4246101
ADBE,2024-04-22,0000796343-24-000086,-0.0060352250836583,-0.0107001995197877,2024,TABNET C - MARKET + SEC + FINBERT,0,0,0.49279594
AVGO,2024-04-24,0001730168-24-000055,0.0027201450777365,-0.0016549510293677,2024,TABNET C - MARKET + SEC + FINBERT,0,1,0.5051
TSLA,2024-04-24,0000950170-24-046895,0.1172233513171765,-0.0004132962628813,2024,TABNET C - MARKET + SEC + FINBERT,0,0,0.47310793
META,2024-04-25,0001326801-24-000044,-0.1007829608030361,0.0349861087075502,2024,TABNET C - MARKET + SEC + FINBERT,1,0,0.40684348
GOOGL,2024-04-26,0001652044-24-000047,0.0868120421641083,-0.0217827495698069,2024,TABNET C - MARKET + SEC + FINBERT,0,0,0.2308775
INTC,2024-04-26,0000050863-24-000074,-0.1074282051823032,-0.0047576405098448,2024,TABNET C - MARKET + SEC + FINBERT,0,1,0.5128227
MSFT,2024-04-26,0000950170-24-048268,0.0028120551619008,-0.022097412596483,2024,TABNET C - MARKET + SEC + FINBERT,0,0,0.48573902
AMD,2024-05-01,0000002488-24-000054,-0.0818590800234352,-0.022074577775313,2024,TABNET C - MARKET + SEC + FINBERT,0,0,0.46892717
AMZN,2024-05-01,0001018724-24-000081,0.0300875954473209,-0.0106821667359587,2024,TABNET C - MARKET + SEC + FINBERT,0,0,0.44228342
QCOM,2024-05-02,0000804328-24-000038,0.0846713010941171,0.0226242397234444,2024,TABNET C - MARKET + SEC + FINBERT,1,0,0.478548
AAPL,2024-05-03,0000320193-24-000067,0.0397179250576655,-0.0199132691270487,2024,TABNET C - MARKET + SEC + FINBERT,0,0,0.46078432
AAPL,2024-05-06,0001140361-24-024352,-0.0200602371463446,-0.0102556996678071,2024,TABNET C - MARKET + SEC + FINBERT,0,0,0.42331335
AMZN,2024-05-06,0001104659-24-057026,0.0024184940626126,0.0062452172000497,2024,TABNET C - MARKET + SEC + FINBERT,1,0,0.47445303
INTC,2024-05-08,0000050863-24-000086,-0.0215737571910907,-0.0054606988313903,2024,TABNET C - MARKET + SEC + FINBERT,0,1,0.52837855
QCOM,2024-05-09,0000804328-24-000042,-0.0022370849261215,-0.0041084857128144,2024,TABNET C - MARKET + SEC + FINBERT,0,0,0.4774749
INTC,2024-05-10,0000050863-24-000093,-0.0103340752317097,-0.0147412273626148,2024,TABNET C - MARKET + SEC + FINBERT,0,1,0.55935925
AMD,2024-05-14,0000002488-24-000076,0.0108366496777008,0.0107381348325958,2024,TABNET C - MARKET + SEC + FINBERT,1,0,0.45652437
AMZN,2024-05-15,0001104659-24-061143,-0.0214035124642162,-0.009860546649119,2024,TABNET C - MARKET + SEC + FINBERT,0,0,0.46689734
NVDA,2024-05-23,0001045810-24-000113,0.0976949081129665,0.032318356080579,2024,TABNET C - MARKET + SEC + FINBERT,1,0,0.4474214
AMZN,2024-05-28,0001104659-24-065117,0.0039677844666901,0.0112492411647011,2024,TABNET C - MARKET + SEC + FINBERT,1,0,0.4685214
META,2024-06-03,0001326801-24-000057,0.0174655233768301,0.0172484635078848,2024,TABNET C - MARKET + SEC + FINBERT,1,0,0.43735218
GOOGL,2024-06-05,0001193125-24-154725,-0.0108381991358403,-0.0109197376955498,2024,TABNET C - MARKET + SEC + FINBERT,0,0,0.43076685
INTC,2024-06-05,0000050863-24-000103,0.0048153135408781,0.0047299658495167,2024,TABNET C - MARKET + SEC + FINBERT,1,1,0.5009878
GOOGL,2024-06-10,0001193125-24-157498,0.000264694362364,-0.0062890735908762,2024,TABNET C - MARKET + SEC + FINBERT,0,0,0.4891663
NFLX,2024-06-10,0001065280-24-000185,0.0006842006766056,-0.0010731280485969,2024,TABNET C - MARKET + SEC + FINBERT,0,0,0.44709346
NVDA,2024-06-10,0001045810-24-000144,0.0034223695035195,0.0052792980574816,2024,TABNET C - MARKET + SEC + FINBERT,1,0,0.4671728
AVGO,2024-06-13,0001730168-24-000077,0.1172669500798657,-0.016041214397465,2024,TABNET C - MARKET + SEC + FINBERT,0,0,0.4536784
ADBE,2024-06-14,0000796343-24-000140,0.1399336504887722,-0.0149195157587632,2024,TABNET C - MARKET + SEC + FINBERT,0,1,0.52762634
GOOGL,2024-06-14,0001193125-24-160721,0.004124415003359,0.009148267072816,2024,TABNET C - MARKET + SEC + FINBERT,1,0,0.44543076
TSLA,2024-06-14,0001104659-24-071439,-0.029623659174497,-0.0475299992622972,2024,TABNET C - MARKET + SEC + FINBERT,0,0,0.4360606
INTC,2024-06-17,0000050863-24-000110,0.0051556007241069,0.0094144253864987,2024,TABNET C - MARKET + SEC + FINBERT,1,0,0.47057343
AMD,2024-07-03,0000002488-24-000109,-0.0108323814250977,-0.0117402818659907,2024,TABNET C - MARKET + SEC + FINBERT,0,0,0.4706953
NVDA,2024-07-03,0001045810-24-000206,0.0373955067193187,0.0445006756655272,2024,TABNET C - MARKET + SEC + FINBERT,1,1,0.5217633
AVGO,2024-07-08,0001140361-24-032566,0.0226025212638882,0.0223334843353208,2024,TABNET C - MARKET + SEC + FINBERT,1,0,0.4739464
AVGO,2024-07-15,0001140361-24-033072,0.0052678441045099,0.0092791934059965,2024,TABNET C - MARKET + SEC + FINBERT,1,1,0.50208384
ADBE,2024-07-19,0000796343-24-000173,-0.001641808140351,-0.0027004712311778,2024,TABNET C - MARKET + SEC + FINBERT,0,1,0.54229796
NFLX,2024-07-19,0001065280-24-000199,-0.0062209463310989,-0.0331633223876491,2024,TABNET C - MARKET + SEC + FINBERT,0,0,0.4125792
AMD,2024-07-23,0000002488-24-000115,-0.0084724167185586,-0.004489959833504,2024,TABNET C - MARKET + SEC + FINBERT,0,0,0.42190203
GOOGL,2024-07-24,0001652044-24-000076,-0.0145173459168354,0.0164461240504198,2024,TABNET C - MARKET + SEC + FINBERT,1,0,0.4135873
TSLA,2024-07-24,0001628280-24-032603,-0.0874758552348191,-0.0197993021608954,2024,TABNET C - MARKET + SEC + FINBERT,0,0,0.4822406
AMD,2024-07-31,0000002488-24-000121,0.0140352718571412,-0.0483044049992547,2024,TABNET C - MARKET + SEC + FINBERT,0,0,0.34699318
MSFT,2024-07-31,0000950170-24-087835,-0.0403994612618912,-0.0119524791087044,2024,TABNET C - MARKET + SEC + FINBERT,0,0,0.41901943
META,2024-08-01,0001326801-24-000065,0.0724702601260065,-0.0189962850657215,2024,TABNET C - MARKET + SEC + FINBERT,0,0,0.47098684
QCOM,2024-08-01,0000804328-24-000055,-0.0694507007604851,-0.0195306421387311,2024,TABNET C - MARKET + SEC + FINBERT,0,0,0.49648666
AAPL,2024-08-02,0000320193-24-000080,0.0306042309299121,0.0079860218465118,2024,TABNET C - MARKET + SEC + FINBERT,1,1,0.51316303
AMZN,2024-08-02,0001018724-24-000128,-0.0641121876767938,0.0116427161435751,2024,TABNET C - MARKET + SEC + FINBERT,1,0,0.41625017
INTC,2024-08-02,0000050863-24-000122,-0.2368502490991094,-0.0162201153234435,2024,TABNET C - MARKET + SEC + FINBERT,0,0,0.49326974
NFLX,2024-08-02,0001140361-24-035325,0.0057945558366498,-0.0070738441437668,2024,TABNET C - MARKET + SEC + FINBERT,0,0,0.47360256
GOOGL,2024-08-06,0001652044-24-000085,-0.0155834658884495,-0.0117877479807448,2024,TABNET C - MARKET + SEC + FINBERT,0,0,0.32100657
ADBE,2024-08-09,0000796343-24-000192,0.006206337965156,0.0074660641034229,2024,TABNET C - MARKET + SEC + FINBERT,1,0,0.47238576
META,2024-08-12,0001193125-24-197873,-0.0056686381894932,-0.0017384041711793,2024,TABNET C - MARKET + SEC + FINBERT,0,1,0.5333311
QCOM,2024-08-12,0000804328-24-000061,-0.0118202036782681,0.0145338960687355,2024,TABNET C - MARKET + SEC + FINBERT,1,0,0.45495522
AMD,2024-08-19,0001193125-24-202457,0.0320981939885101,0.0333122845499129,2024,TABNET C - MARKET + SEC + FINBERT,1,1,0.57790065
MSFT,2024-08-22,0001193125-24-204403,-0.0043979583433071,-0.0001559542656064,2024,TABNET C - MARKET + SEC + FINBERT,0,1,0.55950195
INTC,2024-08-23,0000050863-24-000134,0.0110450938530819,0.0092409672270856,2024,TABNET C - MARKET + SEC + FINBERT,1,1,0.5487712
AAPL,2024-08-26,0001140361-24-038403,0.0112071583591698,0.010424525817929,2024,TABNET C - MARKET + SEC + FINBERT,1,1,0.5077808
AAPL,2024-08-27,0001140361-24-038601,0.0007542711733212,0.0025012481564683,2024,TABNET C - MARKET + SEC + FINBERT,1,1,0.5052032
NVDA,2024-08-29,0001045810-24-000262,-0.0623846340010401,-0.0255288115141936,2024,TABNET C - MARKET + SEC + FINBERT,0,0,0.48812532
AVGO,2024-09-06,0001730168-24-000095,-0.0767332384895764,-0.018343843467267,2024,TABNET C - MARKET + SEC + FINBERT,0,1,0.5138872
AAPL,2024-09-10,0001140361-24-040659,-0.0128632516445373,0.000131531432435,2024,TABNET C - MARKET + SEC + FINBERT,1,0,0.48680934
META,2024-09-11,0001326801-24-000072,-0.0077691247511657,-0.0094317993192933,2024,TABNET C - MARKET + SEC + FINBERT,0,1,0.5144418
ADBE,2024-09-13,0000796343-24-000200,-0.0891786499822013,0.0020208978330698,2024,TABNET C - MARKET + SEC + FINBERT,1,0,0.411378
GOOGL,2024-09-24,0001652044-24-000097,-0.0021050517793912,-0.0064174632666135,2024,TABNET C - MARKET + SEC + FINBERT,0,0,0.46084172
TSLA,2024-10-02,0001628280-24-041816,-0.0362939534554686,0.0026281256673255,2024,TABNET C - MARKET + SEC + FINBERT,1,0,0.48236635
AVGO,2024-10-03,0001193125-24-231159,0.0079542399034105,0.0095266130962226,2024,TABNET C - MARKET + SEC + FINBERT,1,0,0.4947705
QCOM,2024-10-10,0000804328-24-000064,-0.0088514172834252,0.0041691270184072,2024,TABNET C - MARKET + SEC + FINBERT,1,0,0.4791026
NFLX,2024-10-18,0001065280-24-000286,0.1043156336409134,0.0347565988337037,2024,TABNET C - MARKET + SEC + FINBERT,1,0,0.4445379
TSLA,2024-10-24,0001628280-24-043432,0.2110815159093464,0.0641474358938924,2024,TABNET C - MARKET + SEC + FINBERT,1,0,0.49637485
AMD,2024-10-30,0000002488-24-000161,-0.0986077821001309,-0.0227941981390301,2024,TABNET C - MARKET + SEC + FINBERT,0,0,0.42747772
GOOGL,2024-10-30,0001652044-24-000115,0.0357283996891425,-0.0283980546030995,2024,TABNET C - MARKET + SEC + FINBERT,0,0,0.46005955
META,2024-10-31,0001326801-24-000077,-0.0156830042514072,-0.0124537331805056,2024,TABNET C - MARKET + SEC + FINBERT,0,0,0.38845113
MSFT,2024-10-31,0000950170-24-118955,-0.0352847409838739,-0.0043679616139221,2024,TABNET C - MARKET + SEC + FINBERT,0,0,0.4249499
AAPL,2024-11-01,0000320193-24-000120,-0.0206786714994927,0.0048042151993934,2024,TABNET C - MARKET + SEC + FINBERT,1,1,0.50772667
AMZN,2024-11-01,0001018724-24-000158,0.0544571727079066,-0.0093521893544827,2024,TABNET C - MARKET + SEC + FINBERT,0,0,0.41889766
INTC,2024-11-01,0000050863-24-000147,0.0706678810739138,0.0047204172179406,2024,TABNET C - MARKET + SEC + FINBERT,1,0,0.43921793
QCOM,2024-11-07,0000804328-24-000074,-0.0162066399992345,-0.0509377682319753,2024,TABNET C - MARKET + SEC + FINBERT,0,0,0.41703874
NVDA,2024-11-08,0001045810-24-000300,-0.009564605628046,-0.0098069847314985,2024,TABNET C - MARKET + SEC + FINBERT,0,0,0.49093276
AMD,2024-11-19,0000002488-24-000172,-0.0035686689679286,0.0022667885466844,2024,TABNET C - MARKET + SEC + FINBERT,1,0,0.3972526
NVDA,2024-11-21,0001045810-24-000315,0.0017493274410433,-0.0154555811305558,2024,TABNET C - MARKET + SEC + FINBERT,0,0,0.43830684
INTC,2024-11-29,0000050863-24-000169,0.0081263998252203,0.0063816261262434,2024,TABNET C - MARKET + SEC + FINBERT,1,0,0.49449226
INTC,2024-12-03,0000050863-24-000173,-0.0640773123765042,-0.0567794673378192,2024,TABNET C - MARKET + SEC + FINBERT,0,0,0.44360536
MSFT,2024-12-04,0000950170-24-132722,0.0020617676099534,0.0044875259768517,2024,TABNET C - MARKET + SEC + FINBERT,1,0,0.48273224
INTC,2024-12-05,0000050863-24-000180,-0.050052136326123,-0.0533950469796038,2024,TABNET C - MARKET + SEC + FINBERT,0,0,0.47924045
ADBE,2024-12-12,0000796343-24-000250,-0.1304728856136858,-0.02416380007312,2024,TABNET C - MARKET + SEC + FINBERT,0,0,0.45019454
MSFT,2024-12-12,0001193125-24-275524,0.0077231899631595,0.0032381988211638,2024,TABNET C - MARKET + SEC + FINBERT,1,0,0.416216
AVGO,2024-12-13,0001730168-24-000125,0.2366721755825886,0.0508264612861861,2024,TABNET C - MARKET + SEC + FINBERT,1,0,0.4533864
QCOM,2024-12-13,0000804328-24-000079,-0.0058216285687771,0.0017006420183773,2024,TABNET C - MARKET + SEC + FINBERT,1,0,0.48517156
TSLA,2025-01-02,0001628280-25-000007,-0.0588601436660173,-0.0198228720118325,2025,TABNET A - MARKET,0,0,0.47842157
AAPL,2025-01-06,0001140361-25-000228,-0.0047540378227144,0.001832041351172,2025,TABNET A - MARKET,1,0,0.45291886
META,2025-01-07,0001326801-25-000005,-0.0016892091507633,-0.0020552619732235,2025,TABNET A - MARKET,0,0,0.28343788
AVGO,2025-01-13,0001193125-25-004476,0.0075826962484965,0.0153928554230622,2025,TABNET A - MARKET,1,1,0.54192454
AVGO,2025-01-14,0001193125-25-005318,-0.0016694149650476,-0.0010593134717623,2025,TABNET A - MARKET,0,1,0.5274009
ADBE,2025-01-21,0001193125-25-008409,0.0089492434486455,0.0065448583843421,2025,TABNET A - MARKET,1,0,0.4542946
NVDA,2025-01-21,0001045810-25-000007,0.0167913299142159,0.0113904192897718,2025,TABNET A - MARKET,1,1,0.5288289
NFLX,2025-01-22,0001065280-25-000033,0.0841577842080263,-0.0477902767738838,2025,TABNET A - MARKET,0,0,0.4324208
MSFT,2025-01-23,0001193125-25-010492,-0.0009831865408345,0.0038512412938136,2025,TABNET A - MARKET,1,0,0.4467611
META,2025-01-30,0001326801-25-000014,0.0112738581852596,-0.012832297766722,2025,TABNET A - MARKET,0,0,0.3592949
MSFT,2025-01-30,0000950170-25-010484,-0.0660713284405873,-0.0077661272230343,2025,TABNET A - MARKET,0,0,0.484584
TSLA,2025-01-30,0001628280-25-002993,0.0244707278025142,-0.0243008230296973,2025,TABNET A - MARKET,0,0,0.43019015
AAPL,2025-01-31,0000320193-25-000007,-0.0052391330061739,-0.0364819088078013,2025,TABNET A - MARKET,0,0,0.4442228
ADBE,2025-01-31,0000796343-25-000036,-0.0177173394587626,-0.0125339390371581,2025,TABNET A - MARKET,0,1,0.50113046
INTC,2025-01-31,0000050863-25-000004,-0.0275324663433832,-0.024546414320429,2025,TABNET A - MARKET,0,0,0.45873067
AMD,2025-02-05,0000002488-25-000009,-0.0672156317243187,0.0312491289416219,2025,TABNET A - MARKET,1,0,0.44246382
GOOGL,2025-02-05,0001652044-25-000010,-0.0774615030031682,-0.0082785492423809,2025,TABNET A - MARKET,0,0,0.49267107
QCOM,2025-02-06,0000804328-25-000010,-0.0424084291589017,0.004570433064295,2025,TABNET A - MARKET,1,0,0.43520138
AMZN,2025-02-07,0001018724-25-000002,-0.0279174699324333,-0.0007895248846888,2025,TABNET A - MARKET,0,0,0.4265244
META,2025-02-21,0001326801-25-000021,0.0045063605523029,0.0041405759436566,2025,TABNET A - MARKET,1,0,0.41829103
AMD,2025-02-25,0000002488-25-000026,-0.0257875575012072,-0.0250247463750109,2025,TABNET A - MARKET,0,0,0.3834307
AAPL,2025-02-26,0001140361-25-005876,-0.0294557814887705,-0.014366900983585,2025,TABNET A - MARKET,0,0,0.28641552
NVDA,2025-02-27,0001045810-25-000021,-0.0570091876091523,-0.0755298447162823,2025,TABNET A - MARKET,0,0,0.41885749
INTC,2025-03-03,0000050863-25-000024,-0.0198368594363603,-0.0621117671872429,2025,TABNET A - MARKET,0,0,0.40783823
AVGO,2025-03-07,0001730168-25-000009,0.0790774784362973,0.0290087427576939,2025,TABNET A - MARKET,1,1,0.52900463
NVDA,2025-03-10,0001045810-25-000039,-0.0119137100780268,-0.0043956317299868,2025,TABNET A - MARKET,0,0,0.4798322
AMD,2025-03-12,0001193125-25-052173,0.0303685850006325,0.0222416905365828,2025,TABNET A - MARKET,1,0,0.3898678
ADBE,2025-03-13,0000796343-25-000052,-0.1205412608085477,-0.0510743250681857,2025,TABNET A - MARKET,0,0,0.4682725
INTC,2025-03-17,0000050863-25-000036,0.0617075905042487,0.0454178761114498,2025,TABNET A - MARKET,1,0,0.0003784376
GOOGL,2025-03-18,0001652044-25-000027,-0.0049867632368514,-0.0082311984909179,2025,TABNET A - MARKET,0,0,0.48905596
QCOM,2025-03-21,0000804328-25-000018,-0.0104509259571374,-0.002386642931401,2025,TABNET A - MARKET,0,1,0.5614067
AMD,2025-03-25,0001193125-25-061366,0.002725615769713,0.0093833488384558,2025,TABNET A - MARKET,1,0,0.35922617
INTC,2025-03-28,0000050863-25-000060,-0.0121990495902265,-0.0047542578767548,2025,TABNET A - MARKET,0,0,0.49288392
AMD,2025-03-31,0001193125-25-067902,-0.004607611090768,0.0097860053823615,2025,TABNET A - MARKET,1,1,0.50455755
TSLA,2025-04-02,0001628280-25-016070,0.0459683221304736,0.0890868204927668,2025,TABNET A - MARKET,1,0,0.47680846
AMZN,2025-04-10,0001104659-25-033450,-0.0091684982251557,-0.0064854061023468,2025,TABNET A - MARKET,0,0,0.325807
INTC,2025-04-14,0001193125-25-079727,0.0220972647630925,0.0014292953885868,2025,TABNET A - MARKET,1,0,0.26121354
META,2025-04-14,0001326801-25-000027,-0.0290200944382612,-0.0293647441828373,2025,TABNET A - MARKET,0,0,0.30155313
AMD,2025-04-16,0000002488-25-000039,-0.0433064565689217,0.0185627481562223,2025,TABNET A - MARKET,1,1,0.93548644
NVDA,2025-04-16,0001045810-25-000082,-0.0385630135262662,0.0102271359876854,2025,TABNET A - MARKET,1,1,0.6896453
GOOGL,2025-04-21,0001652044-25-000033,0.0016587433386546,0.0035560251051514,2025,TABNET A - MARKET,1,0,0.4298795
INTC,2025-04-21,0000050863-25-000063,0.0199923705911453,0.0069290546754072,2025,TABNET A - MARKET,1,0,0.45924294
NFLX,2025-04-21,0001065280-25-000175,0.0400391628791936,0.0152490233819946,2025,TABNET A - MARKET,1,0,0.39616117
AVGO,2025-04-23,0001730168-25-000037,0.0205463669862371,0.0029855444945559,2025,TABNET A - MARKET,1,0,0.39712313
TSLA,2025-04-23,0001628280-25-018851,0.0309841644011779,-0.0082865129631763,2025,TABNET A - MARKET,0,1,0.5497424
ADBE,2025-04-25,0001628280-25-019665,0.0077209612752138,0.0046728138383749,2025,TABNET A - MARKET,1,1,0.6288457
GOOGL,2025-04-25,0001652044-25-000040,0.0056778994371551,-0.0308112773153231,2025,TABNET A - MARKET,0,1,0.5153164
INTC,2025-04-25,0000050863-25-000070,-0.0781559380933336,0.0042481582721847,2025,TABNET A - MARKET,1,0,0.4751044
INTC,2025-04-30,0000050863-25-000079,-0.0116731889060959,0.0019332825517195,2025,TABNET A - MARKET,1,0,0.41073164
META,2025-05-01,0001326801-25-000050,0.0292160933553613,-0.0299808795034363,2025,TABNET A - MARKET,0,0,0.46373385
MSFT,2025-05-01,0000950170-25-061032,0.0631928153940433,-0.0096660947445923,2025,TABNET A - MARKET,0,0,0.48717883
QCOM,2025-05-01,0000804328-25-000029,-0.1023103583957897,-0.0222155047056927,2025,TABNET A - MARKET,0,0,0.4832898
AAPL,2025-05-02,0000320193-25-000055,-0.052205690118386,-0.0082972761924694,2025,TABNET A - MARKET,0,0,0.48837364
AMZN,2025-05-02,0001018724-25-000034,-0.0160005867274706,-0.012333104577668,2025,TABNET A - MARKET,0,0,0.47828364
GOOGL,2025-05-02,0001193125-25-110020,0.0020810221935769,-0.0009125517611037,2025,TABNET A - MARKET,0,0,0.47428754
AMD,2025-05-07,0000002488-25-000045,0.0137175882183342,-0.0064016645852096,2025,TABNET A - MARKET,0,0,0.4955561
GOOGL,2025-05-07,0001193125-25-113864,-0.0765227223990804,-0.0799319511126916,2025,TABNET A - MARKET,0,1,0.5087875
INTC,2025-05-12,0000050863-25-000084,-0.0052593287332221,-0.0016963172561712,2025,TABNET A - MARKET,0,0,0.32422847
AAPL,2025-05-13,0001140361-25-018400,-0.00508862121946,-0.0007482530042699,2025,TABNET A - MARKET,0,1,0.5106736
QCOM,2025-05-14,0000804328-25-000034,0.0048435801702395,0.0032151150107322,2025,TABNET A - MARKET,1,0,0.47713047
TSLA,2025-05-16,0001628280-25-026148,0.0165331778425057,0.0091692025166951,2025,TABNET A - MARKET,1,0,0.29490995
AMD,2025-05-19,0001193125-25-122121,-0.0216977849193453,-0.0175440633833826,2025,TABNET A - MARKET,0,0,0.37705564
TSLA,2025-05-19,0001104659-25-050072,-0.0235028714793165,0.0021070820905475,2025,TABNET A - MARKET,1,0,0.28997657
AMZN,2025-05-23,0001104659-25-052014,-0.0011282693545375,0.004462575887919,2025,TABNET A - MARKET,1,0,0.42653736
QCOM,2025-05-23,0001104659-25-051981,-0.004242624719401,0.0076209267357016,2025,TABNET A - MARKET,1,0,0.46228817
NVDA,2025-05-29,0001045810-25-000115,0.0305243886578203,-0.0093516887077954,2025,TABNET A - MARKET,0,1,0.50316757
META,2025-06-02,0001326801-25-000090,0.0282568199240662,0.0295976043525485,2025,TABNET A - MARKET,1,0,0.44877106
AVGO,2025-06-06,0001730168-25-000061,-0.0597886684685325,-0.0166126093078132,2025,TABNET A - MARKET,0,0,0.42941448
NFLX,2025-06-09,0001065280-25-000286,-0.0151736835098013,-0.0126958762985833,2025,TABNET A - MARKET,0,0,0.43693107
QCOM,2025-06-10,0001104659-25-057814,0.0173228379656831,0.0130999549417551,2025,TABNET A - MARKET,1,0,0.31484345
ADBE,2025-06-13,0000796343-25-000064,-0.0406266323413929,-0.0007247828250706,2025,TABNET A - MARKET,0,0,0.41637895
GOOGL,2025-06-13,0001193125-25-139948,0.0066923114918399,0.0142964171810643,2025,TABNET A - MARKET,1,0,0.44132927
NFLX,2025-06-25,0001065280-25-000287,-0.0055741566587045,-0.0073462131758876,2025,TABNET A - MARKET,0,0,0.43941098
NVDA,2025-07-01,0001045810-25-000179,-0.0212560583907467,-0.0141467933600969,2025,TABNET A - MARKET,0,0,0.42835605
MSFT,2025-07-02,0001193125-25-154103,-0.0089162965547048,-0.0062507498849404,2025,TABNET A - MARKET,0,0,0.4510305
TSLA,2025-07-02,0001628280-25-033842,0.04271712961961,0.0011642399947584,2025,TABNET A - MARKET,1,1,0.53213924
AMD,2025-07-03,0000002488-25-000099,-0.0142439730970502,-0.0141217041121846,2025,TABNET A - MARKET,0,0,0.49997705
AAPL,2025-07-09,0001140361-25-025275,-0.0016980836539071,0.0044916514460748,2025,TABNET A - MARKET,1,0,0.4665602
TSLA,2025-07-10,0001628280-25-034692,0.0487208091247157,0.035313697679322,2025,TABNET A - MARKET,1,0,0.4320754
AVGO,2025-07-14,0001193125-25-158202,0.0008195192080375,0.0013550737362122,2025,TABNET A - MARKET,1,0,0.48636702
NFLX,2025-07-18,0001065280-25-000322,-0.0499975415177276,-0.0230424182521934,2025,TABNET A - MARKET,0,0,0.409887
GOOGL,2025-07-21,0001193125-25-161225,0.0220496510900962,0.0169707770560356,2025,TABNET A - MARKET,1,0,0.4733292
GOOGL,2025-07-24,0001652044-25-000056,0.0080696345424389,-0.0244539658420761,2025,TABNET A - MARKET,0,0,0.46623313
TSLA,2025-07-24,0001628280-25-035738,-0.0840987337873635,-0.0149489978186739,2025,TABNET A - MARKET,0,0,0.49768966
INTC,2025-07-25,0000050863-25-000107,-0.0876919415165468,-0.0015818526151998,2025,TABNET A - MARKET,0,0,0.465929
AAPL,2025-07-28,0001140361-25-027340,-0.0023302200023396,-0.0006111260640351,2025,TABNET A - MARKET,0,0,0.44430855
META,2025-07-31,0001628280-25-036719,0.117826296679073,0.0143167337841138,2025,TABNET A - MARKET,1,0,0.4397899
MSFT,2025-07-31,0000950170-25-100226,0.0447737908924121,-0.0225497722604536,2025,TABNET A - MARKET,0,0,0.4868113
QCOM,2025-07-31,0000804328-25-000044,-0.0720300008780704,-0.0248863619758611,2025,TABNET A - MARKET,0,1,0.5096235
AAPL,2025-08-01,0000320193-25-000071,-0.0053047361680511,-0.0314039135313497,2025,TABNET A - MARKET,0,0,0.4597048
AMZN,2025-08-01,0001018724-25-000084,-0.0629972838598512,-0.0024676622350275,2025,TABNET A - MARKET,0,0,0.41310674
TSLA,2025-08-04,0001104659-25-073263,0.0034562938188973,-0.0084507110907907,2025,TABNET A - MARKET,0,0,0.4990126
AMD,2025-08-06,0000002488-25-000106,-0.0767792551159853,-0.0227608621884095,2025,TABNET A - MARKET,0,1,0.50818175
NVDA,2025-08-06,0001045810-25-000197,-0.0060758878424844,0.0064565517085208,2025,TABNET A - MARKET,1,0,0.441001
INTC,2025-08-15,0000050863-25-000123,0.0337351462987751,-0.0137500581431697,2025,TABNET A - MARKET,0,0,0.03415041
INTC,2025-08-22,0000050863-25-000126,0.0398916783123206,0.035697893899141,2025,TABNET A - MARKET,1,0,0.44261497
INTC,2025-08-25,0000050863-25-000129,-0.0071958813129945,-0.0371146494704082,2025,TABNET A - MARKET,0,0,0.35238257
AMD,2025-08-26,0000002488-25-000147,0.015940550980585,-0.0169153478971797,2025,TABNET A - MARKET,0,0,0.42028594
QCOM,2025-08-26,0000804328-25-000049,0.0135655495515913,0.0046989447523471,2025,TABNET A - MARKET,1,0,0.4539124
NVDA,2025-08-28,0001045810-25-000207,-0.0141343969152345,-0.0087680656399758,2025,TABNET A - MARKET,0,0,0.46441174
INTC,2025-09-02,0000050863-25-000135,0.0026305286407352,0.006140630639668,2025,TABNET A - MARKET,1,0,0.44656372
QCOM,2025-09-03,0000804328-25-000054,-0.0173144988752298,-0.0147755693053536,2025,TABNET A - MARKET,0,0,0.4949224
GOOGL,2025-09-04,0001652044-25-000067,-0.0019414418568022,0.0036723763713513,2025,TABNET A - MARKET,1,0,0.11305478
AVGO,2025-09-05,0001730168-25-000094,0.0926115240134093,-0.0510845448269031,2025,TABNET A - MARKET,0,0,0.49206352
GOOGL,2025-09-08,0001652044-25-000074,-0.0080723979042452,-0.0069374926390231,2025,TABNET A - MARKET,0,0,0.48423764
INTC,2025-09-08,0000050863-25-000147,-0.0052862644597848,-0.0008644985117161,2025,TABNET A - MARKET,0,0,0.36028597
TSLA,2025-09-08,0001104659-25-087862,-0.017533273736493,-0.0240993857539852,2025,TABNET A - MARKET,0,0,0.47172096
INTC,2025-09-09,0000050863-25-000149,-0.0044672677338561,-0.0051181296027199,2025,TABNET A - MARKET,0,0,0.41933963
AVGO,2025-09-10,0001193125-25-199281,0.097394459658594,0.0565562438095068,2025,TABNET A - MARKET,1,1,0.54891515
AVGO,2025-09-11,0001193125-25-200108,-0.0327163826339845,-0.0325572225186817,2025,TABNET A - MARKET,0,0,0.27005914
ADBE,2025-09-12,0000796343-25-000102,-0.0078118643336309,-0.0352808597030378,2025,TABNET A - MARKET,0,0,0.3888302
INTC,2025-09-15,0000050863-25-000153,0.0200975344640188,0.0125786238758711,2025,TABNET A - MARKET,1,0,0.34725818
INTC,2025-09-19,0000050863-25-000155,-0.0391540449480576,-0.0297147352255693,2025,TABNET A - MARKET,0,0,0.38718677
AVGO,2025-09-30,0001193125-25-223202,0.0033906219439023,-0.003877926645426,2025,TABNET A - MARKET,0,0,0.40732294
INTC,2025-09-30,0000050863-25-000159,-0.0297114035864664,-0.0144413800249273,2025,TABNET A - MARKET,0,0,0.46947125
MSFT,2025-10-01,0001193125-25-225125,-0.0013989708651802,-0.0006436331444079,2025,TABNET A - MARKET,0,0,0.47383574
TSLA,2025-10-02,0001628280-25-043530,-0.0551709425757636,-0.0712141254541658,2025,TABNET A - MARKET,0,0,0.38620216
AMD,2025-10-06,0001193125-25-230895,0.229570120988193,-0.0992032878490386,2025,TABNET A - MARKET,0,0,0.4433735
NFLX,2025-10-22,0001065280-25-000404,-0.0910467302021142,-0.0144868754701381,2025,TABNET A - MARKET,0,0,0.47106668
TSLA,2025-10-23,0001628280-25-045861,0.0143969935936225,0.0596266578931594,2025,TABNET A - MARKET,1,0,0.45941645
INTC,2025-10-24,0000050863-25-000169,-0.0075336544934081,-0.0452802558660202,2025,TABNET A - MARKET,0,0,0.38763356
AMD,2025-10-27,0001193125-25-250803,0.0088791182612346,0.0012248442344606,2025,TABNET A - MARKET,1,0,0.23074515
GOOGL,2025-10-30,0001652044-25-000087,0.0404553064820906,-0.0249909883258669,2025,TABNET A - MARKET,0,0,0.44025263
META,2025-10-30,0001628280-25-047114,-0.0980589883325543,0.0056757715969477,2025,TABNET A - MARKET,1,0,0.43937206
MSFT,2025-10-30,0001193125-25-256310,-0.0138683761493496,0.0007833855191289,2025,TABNET A - MARKET,1,1,0.5003249
AAPL,2025-10-31,0000320193-25-000077,-0.0086190908457217,-0.0158577936073247,2025,TABNET A - MARKET,0,1,0.50534624
AMZN,2025-10-31,0001018724-25-000121,0.0910209928407341,-0.0154686453287599,2025,TABNET A - MARKET,0,0,0.4706461
NFLX,2025-10-31,0001065280-25-000407,0.0225957165317289,0.0202277147233559,2025,TABNET A - MARKET,1,0,0.4818636
META,2025-11-04,0001193125-25-262593,0.0040052461336197,0.0053194633784826,2025,TABNET A - MARKET,1,1,0.65312964
AMD,2025-11-05,0000002488-25-000163,0.0186069615352764,0.0460703512307747,2025,TABNET A - MARKET,1,1,0.5491768
NFLX,2025-11-05,0001065280-25-000408,-0.0014757151073041,0.0046608043949261,2025,TABNET A - MARKET,1,0,0.42335543
QCOM,2025-11-06,0000804328-25-000084,-0.0176512917249331,-0.0095962157532334,2025,TABNET A - MARKET,0,0,0.4218292
GOOGL,2025-11-07,0001193125-25-269979,-0.0176350096258526,-0.0178163363697554,2025,TABNET A - MARKET,0,0,0.43748945
TSLA,2025-11-10,0001104659-25-108507,0.0144515590875045,0.0058433687483856,2025,TABNET A - MARKET,1,0,0.45929995
INTC,2025-11-13,0000050863-25-000194,-0.0318405737186725,-0.0216899047438533,2025,TABNET A - MARKET,0,0,0.38161474
NFLX,2025-11-17,0001065280-25-000450,0.0002054033846309,0.0002008137027038,2025,TABNET A - MARKET,1,0,0.3935492
NVDA,2025-11-20,0001045810-25-000228,-0.0078528975617969,-0.0357038398791261,2025,TABNET A - MARKET,0,0,0.42690724
AMZN,2025-11-21,0001104659-25-114647,0.0088361750757295,0.0156342498592421,2025,TABNET A - MARKET,1,1,0.51256454
NFLX,2025-12-05,0001193125-25-308651,-0.0329477561125077,0.0130186022785119,2025,TABNET A - MARKET,1,0,0.47135752
AAPL,2025-12-08,0001140361-25-044561,-0.0012741476869497,0.0038085990912825,2025,TABNET A - MARKET,1,0,0.4647836
MSFT,2025-12-09,0001193125-25-311196,0.0008032674339999,0.0026957237860334,2025,TABNET A - MARKET,1,0,0.49862614
ADBE,2025-12-11,0000796343-25-000135,0.0245091460598039,0.0228774691762878,2025,TABNET A - MARKET,1,0,0.41421476
QCOM,2025-12-11,0000804328-25-000096,-0.0019244703155916,-0.0033726509227647,2025,TABNET A - MARKET,0,0,0.33077165
AVGO,2025-12-12,0001730168-25-000116,-0.0951618579528871,-0.0391165013644733,2025,TABNET A - MARKET,0,0,0.41876468
META,2025-12-15,0001628280-25-056768,0.010930663174681,0.015465505175654,2025,TABNET A - MARKET,1,0,0.47777078
AMD,2025-12-16,0000002488-25-000182,0.0056778767854142,0.0051361059163674,2025,TABNET A - MARKET,1,0,0.46140653
QCOM,2025-12-17,0000804328-25-000098,-0.002925698287378,-0.0008283971940326,2025,TABNET A - MARKET,0,0,0.44001308
META,2025-12-22,0001628280-25-058337,-0.0006495058100002,0.0032172962513938,2025,TABNET A - MARKET,1,0,0.4152442
NFLX,2025-12-22,0001193125-25-327462,-0.0170829252514201,-0.0121825657089167,2025,TABNET A - MARKET,0,0,0.41755214
INTC,2025-12-29,0000050863-25-000204,0.0181002407565633,0.0173642319969709,2025,TABNET A - MARKET,1,0,0.39251772
TSLA,2025-01-02,0001628280-25-000007,-0.0588601436660173,-0.0198228720118325,2025,TABNET B - MARKET + SEC,0,0,0.44407666
AAPL,2025-01-06,0001140361-25-000228,-0.0047540378227144,0.001832041351172,2025,TABNET B - MARKET + SEC,1,0,0.4875336
META,2025-01-07,0001326801-25-000005,-0.0016892091507633,-0.0020552619732235,2025,TABNET B - MARKET + SEC,0,0,0.4234978
AVGO,2025-01-13,0001193125-25-004476,0.0075826962484965,0.0153928554230622,2025,TABNET B - MARKET + SEC,1,0,0.4938895
AVGO,2025-01-14,0001193125-25-005318,-0.0016694149650476,-0.0010593134717623,2025,TABNET B - MARKET + SEC,0,0,0.4694176
ADBE,2025-01-21,0001193125-25-008409,0.0089492434486455,0.0065448583843421,2025,TABNET B - MARKET + SEC,1,0,0.47197706
NVDA,2025-01-21,0001045810-25-000007,0.0167913299142159,0.0113904192897718,2025,TABNET B - MARKET + SEC,1,0,0.48599514
NFLX,2025-01-22,0001065280-25-000033,0.0841577842080263,-0.0477902767738838,2025,TABNET B - MARKET + SEC,0,0,0.29003483
MSFT,2025-01-23,0001193125-25-010492,-0.0009831865408345,0.0038512412938136,2025,TABNET B - MARKET + SEC,1,0,0.44243866
META,2025-01-30,0001326801-25-000014,0.0112738581852596,-0.012832297766722,2025,TABNET B - MARKET + SEC,0,0,0.43543157
MSFT,2025-01-30,0000950170-25-010484,-0.0660713284405873,-0.0077661272230343,2025,TABNET B - MARKET + SEC,0,0,0.43152386
TSLA,2025-01-30,0001628280-25-002993,0.0244707278025142,-0.0243008230296973,2025,TABNET B - MARKET + SEC,0,0,0.49132383
AAPL,2025-01-31,0000320193-25-000007,-0.0052391330061739,-0.0364819088078013,2025,TABNET B - MARKET + SEC,0,0,0.4558689
ADBE,2025-01-31,0000796343-25-000036,-0.0177173394587626,-0.0125339390371581,2025,TABNET B - MARKET + SEC,0,0,0.45243397
INTC,2025-01-31,0000050863-25-000004,-0.0275324663433832,-0.024546414320429,2025,TABNET B - MARKET + SEC,0,0,0.44579998
AMD,2025-02-05,0000002488-25-000009,-0.0672156317243187,0.0312491289416219,2025,TABNET B - MARKET + SEC,1,0,0.36678964
GOOGL,2025-02-05,0001652044-25-000010,-0.0774615030031682,-0.0082785492423809,2025,TABNET B - MARKET + SEC,0,0,0.39115733
QCOM,2025-02-06,0000804328-25-000010,-0.0424084291589017,0.004570433064295,2025,TABNET B - MARKET + SEC,1,0,0.39129278
AMZN,2025-02-07,0001018724-25-000002,-0.0279174699324333,-0.0007895248846888,2025,TABNET B - MARKET + SEC,0,0,0.40349323
META,2025-02-21,0001326801-25-000021,0.0045063605523029,0.0041405759436566,2025,TABNET B - MARKET + SEC,1,1,0.52682775
AMD,2025-02-25,0000002488-25-000026,-0.0257875575012072,-0.0250247463750109,2025,TABNET B - MARKET + SEC,0,0,0.46920368
AAPL,2025-02-26,0001140361-25-005876,-0.0294557814887705,-0.014366900983585,2025,TABNET B - MARKET + SEC,0,0,0.44145894
NVDA,2025-02-27,0001045810-25-000021,-0.0570091876091523,-0.0755298447162823,2025,TABNET B - MARKET + SEC,0,0,0.42956367
INTC,2025-03-03,0000050863-25-000024,-0.0198368594363603,-0.0621117671872429,2025,TABNET B - MARKET + SEC,0,0,0.40355146
AVGO,2025-03-07,0001730168-25-000009,0.0790774784362973,0.0290087427576939,2025,TABNET B - MARKET + SEC,1,0,0.4744482
NVDA,2025-03-10,0001045810-25-000039,-0.0119137100780268,-0.0043956317299868,2025,TABNET B - MARKET + SEC,0,0,0.42410606
AMD,2025-03-12,0001193125-25-052173,0.0303685850006325,0.0222416905365828,2025,TABNET B - MARKET + SEC,1,0,0.45199642
ADBE,2025-03-13,0000796343-25-000052,-0.1205412608085477,-0.0510743250681857,2025,TABNET B - MARKET + SEC,0,0,0.45701504
INTC,2025-03-17,0000050863-25-000036,0.0617075905042487,0.0454178761114498,2025,TABNET B - MARKET + SEC,1,0,0.48922482
GOOGL,2025-03-18,0001652044-25-000027,-0.0049867632368514,-0.0082311984909179,2025,TABNET B - MARKET + SEC,0,0,0.44814944
QCOM,2025-03-21,0000804328-25-000018,-0.0104509259571374,-0.002386642931401,2025,TABNET B - MARKET + SEC,0,0,0.49500293
AMD,2025-03-25,0001193125-25-061366,0.002725615769713,0.0093833488384558,2025,TABNET B - MARKET + SEC,1,0,0.38776806
INTC,2025-03-28,0000050863-25-000060,-0.0121990495902265,-0.0047542578767548,2025,TABNET B - MARKET + SEC,0,0,0.47960645
AMD,2025-03-31,0001193125-25-067902,-0.004607611090768,0.0097860053823615,2025,TABNET B - MARKET + SEC,1,0,0.44715184
TSLA,2025-04-02,0001628280-25-016070,0.0459683221304736,0.0890868204927668,2025,TABNET B - MARKET + SEC,1,0,0.41945928
AMZN,2025-04-10,0001104659-25-033450,-0.0091684982251557,-0.0064854061023468,2025,TABNET B - MARKET + SEC,0,0,0.4398151
INTC,2025-04-14,0001193125-25-079727,0.0220972647630925,0.0014292953885868,2025,TABNET B - MARKET + SEC,1,0,0.3583369
META,2025-04-14,0001326801-25-000027,-0.0290200944382612,-0.0293647441828373,2025,TABNET B - MARKET + SEC,0,0,0.4995566
AMD,2025-04-16,0000002488-25-000039,-0.0433064565689217,0.0185627481562223,2025,TABNET B - MARKET + SEC,1,0,0.30494344
NVDA,2025-04-16,0001045810-25-000082,-0.0385630135262662,0.0102271359876854,2025,TABNET B - MARKET + SEC,1,0,0.48991948
GOOGL,2025-04-21,0001652044-25-000033,0.0016587433386546,0.0035560251051514,2025,TABNET B - MARKET + SEC,1,1,0.51568276
INTC,2025-04-21,0000050863-25-000063,0.0199923705911453,0.0069290546754072,2025,TABNET B - MARKET + SEC,1,0,0.47063825
NFLX,2025-04-21,0001065280-25-000175,0.0400391628791936,0.0152490233819946,2025,TABNET B - MARKET + SEC,1,0,0.42286777
AVGO,2025-04-23,0001730168-25-000037,0.0205463669862371,0.0029855444945559,2025,TABNET B - MARKET + SEC,1,0,0.44392052
TSLA,2025-04-23,0001628280-25-018851,0.0309841644011779,-0.0082865129631763,2025,TABNET B - MARKET + SEC,0,1,0.52994967
ADBE,2025-04-25,0001628280-25-019665,0.0077209612752138,0.0046728138383749,2025,TABNET B - MARKET + SEC,1,0,0.4967372
GOOGL,2025-04-25,0001652044-25-000040,0.0056778994371551,-0.0308112773153231,2025,TABNET B - MARKET + SEC,0,0,0.47470418
INTC,2025-04-25,0000050863-25-000070,-0.0781559380933336,0.0042481582721847,2025,TABNET B - MARKET + SEC,1,0,0.44929612
INTC,2025-04-30,0000050863-25-000079,-0.0116731889060959,0.0019332825517195,2025,TABNET B - MARKET + SEC,1,0,0.47691655
META,2025-05-01,0001326801-25-000050,0.0292160933553613,-0.0299808795034363,2025,TABNET B - MARKET + SEC,0,0,0.44324657
MSFT,2025-05-01,0000950170-25-061032,0.0631928153940433,-0.0096660947445923,2025,TABNET B - MARKET + SEC,0,0,0.43905157
QCOM,2025-05-01,0000804328-25-000029,-0.1023103583957897,-0.0222155047056927,2025,TABNET B - MARKET + SEC,0,0,0.45678437
AAPL,2025-05-02,0000320193-25-000055,-0.052205690118386,-0.0082972761924694,2025,TABNET B - MARKET + SEC,0,0,0.47809342
AMZN,2025-05-02,0001018724-25-000034,-0.0160005867274706,-0.012333104577668,2025,TABNET B - MARKET + SEC,0,0,0.45519716
GOOGL,2025-05-02,0001193125-25-110020,0.0020810221935769,-0.0009125517611037,2025,TABNET B - MARKET + SEC,0,0,0.49803105
AMD,2025-05-07,0000002488-25-000045,0.0137175882183342,-0.0064016645852096,2025,TABNET B - MARKET + SEC,0,0,0.4465129
GOOGL,2025-05-07,0001193125-25-113864,-0.0765227223990804,-0.0799319511126916,2025,TABNET B - MARKET + SEC,0,0,0.47768226
INTC,2025-05-12,0000050863-25-000084,-0.0052593287332221,-0.0016963172561712,2025,TABNET B - MARKET + SEC,0,0,0.463559
AAPL,2025-05-13,0001140361-25-018400,-0.00508862121946,-0.0007482530042699,2025,TABNET B - MARKET + SEC,0,1,0.5092787
QCOM,2025-05-14,0000804328-25-000034,0.0048435801702395,0.0032151150107322,2025,TABNET B - MARKET + SEC,1,1,0.51053095
TSLA,2025-05-16,0001628280-25-026148,0.0165331778425057,0.0091692025166951,2025,TABNET B - MARKET + SEC,1,0,0.44137192
AMD,2025-05-19,0001193125-25-122121,-0.0216977849193453,-0.0175440633833826,2025,TABNET B - MARKET + SEC,0,0,0.36826035
TSLA,2025-05-19,0001104659-25-050072,-0.0235028714793165,0.0021070820905475,2025,TABNET B - MARKET + SEC,1,1,0.5209205
AMZN,2025-05-23,0001104659-25-052014,-0.0011282693545375,0.004462575887919,2025,TABNET B - MARKET + SEC,1,0,0.4704131
QCOM,2025-05-23,0001104659-25-051981,-0.004242624719401,0.0076209267357016,2025,TABNET B - MARKET + SEC,1,0,0.48925313
NVDA,2025-05-29,0001045810-25-000115,0.0305243886578203,-0.0093516887077954,2025,TABNET B - MARKET + SEC,0,0,0.43417403
META,2025-06-02,0001326801-25-000090,0.0282568199240662,0.0295976043525485,2025,TABNET B - MARKET + SEC,1,0,0.47587737
AVGO,2025-06-06,0001730168-25-000061,-0.0597886684685325,-0.0166126093078132,2025,TABNET B - MARKET + SEC,0,0,0.3624317
NFLX,2025-06-09,0001065280-25-000286,-0.0151736835098013,-0.0126958762985833,2025,TABNET B - MARKET + SEC,0,0,0.48451218
QCOM,2025-06-10,0001104659-25-057814,0.0173228379656831,0.0130999549417551,2025,TABNET B - MARKET + SEC,1,0,0.4612878
ADBE,2025-06-13,0000796343-25-000064,-0.0406266323413929,-0.0007247828250706,2025,TABNET B - MARKET + SEC,0,0,0.4058317
GOOGL,2025-06-13,0001193125-25-139948,0.0066923114918399,0.0142964171810643,2025,TABNET B - MARKET + SEC,1,0,0.46841982
NFLX,2025-06-25,0001065280-25-000287,-0.0055741566587045,-0.0073462131758876,2025,TABNET B - MARKET + SEC,0,0,0.4433269
NVDA,2025-07-01,0001045810-25-000179,-0.0212560583907467,-0.0141467933600969,2025,TABNET B - MARKET + SEC,0,0,0.46582058
MSFT,2025-07-02,0001193125-25-154103,-0.0089162965547048,-0.0062507498849404,2025,TABNET B - MARKET + SEC,0,0,0.48743534
TSLA,2025-07-02,0001628280-25-033842,0.04271712961961,0.0011642399947584,2025,TABNET B - MARKET + SEC,1,0,0.36169934
AMD,2025-07-03,0000002488-25-000099,-0.0142439730970502,-0.0141217041121846,2025,TABNET B - MARKET + SEC,0,0,0.47063363
AAPL,2025-07-09,0001140361-25-025275,-0.0016980836539071,0.0044916514460748,2025,TABNET B - MARKET + SEC,1,0,0.49210793
TSLA,2025-07-10,0001628280-25-034692,0.0487208091247157,0.035313697679322,2025,TABNET B - MARKET + SEC,1,0,0.45338824
AVGO,2025-07-14,0001193125-25-158202,0.0008195192080375,0.0013550737362122,2025,TABNET B - MARKET + SEC,1,1,0.503522
NFLX,2025-07-18,0001065280-25-000322,-0.0499975415177276,-0.0230424182521934,2025,TABNET B - MARKET + SEC,0,0,0.335423
GOOGL,2025-07-21,0001193125-25-161225,0.0220496510900962,0.0169707770560356,2025,TABNET B - MARKET + SEC,1,0,0.49483165
GOOGL,2025-07-24,0001652044-25-000056,0.0080696345424389,-0.0244539658420761,2025,TABNET B - MARKET + SEC,0,0,0.3964502
TSLA,2025-07-24,0001628280-25-035738,-0.0840987337873635,-0.0149489978186739,2025,TABNET B - MARKET + SEC,0,0,0.44682974
INTC,2025-07-25,0000050863-25-000107,-0.0876919415165468,-0.0015818526151998,2025,TABNET B - MARKET + SEC,0,0,0.31093282
AAPL,2025-07-28,0001140361-25-027340,-0.0023302200023396,-0.0006111260640351,2025,TABNET B - MARKET + SEC,0,0,0.48552307
META,2025-07-31,0001628280-25-036719,0.117826296679073,0.0143167337841138,2025,TABNET B - MARKET + SEC,1,0,0.3987225
MSFT,2025-07-31,0000950170-25-100226,0.0447737908924121,-0.0225497722604536,2025,TABNET B - MARKET + SEC,0,0,0.37786922
QCOM,2025-07-31,0000804328-25-000044,-0.0720300008780704,-0.0248863619758611,2025,TABNET B - MARKET + SEC,0,0,0.3724596
AAPL,2025-08-01,0000320193-25-000071,-0.0053047361680511,-0.0314039135313497,2025,TABNET B - MARKET + SEC,0,0,0.48418418
AMZN,2025-08-01,0001018724-25-000084,-0.0629972838598512,-0.0024676622350275,2025,TABNET B - MARKET + SEC,0,0,0.30204144
TSLA,2025-08-04,0001104659-25-073263,0.0034562938188973,-0.0084507110907907,2025,TABNET B - MARKET + SEC,0,0,0.4015014
AMD,2025-08-06,0000002488-25-000106,-0.0767792551159853,-0.0227608621884095,2025,TABNET B - MARKET + SEC,0,0,0.4059764
NVDA,2025-08-06,0001045810-25-000197,-0.0060758878424844,0.0064565517085208,2025,TABNET B - MARKET + SEC,1,0,0.45334488
INTC,2025-08-15,0000050863-25-000123,0.0337351462987751,-0.0137500581431697,2025,TABNET B - MARKET + SEC,0,0,0.34971416
INTC,2025-08-22,0000050863-25-000126,0.0398916783123206,0.035697893899141,2025,TABNET B - MARKET + SEC,1,0,0.44910952
INTC,2025-08-25,0000050863-25-000129,-0.0071958813129945,-0.0371146494704082,2025,TABNET B - MARKET + SEC,0,0,0.38637078
AMD,2025-08-26,0000002488-25-000147,0.015940550980585,-0.0169153478971797,2025,TABNET B - MARKET + SEC,0,0,0.4472359
QCOM,2025-08-26,0000804328-25-000049,0.0135655495515913,0.0046989447523471,2025,TABNET B - MARKET + SEC,1,0,0.49485496
NVDA,2025-08-28,0001045810-25-000207,-0.0141343969152345,-0.0087680656399758,2025,TABNET B - MARKET + SEC,0,0,0.4147515
INTC,2025-09-02,0000050863-25-000135,0.0026305286407352,0.006140630639668,2025,TABNET B - MARKET + SEC,1,0,0.48777696
QCOM,2025-09-03,0000804328-25-000054,-0.0173144988752298,-0.0147755693053536,2025,TABNET B - MARKET + SEC,0,0,0.48955193
GOOGL,2025-09-04,0001652044-25-000067,-0.0019414418568022,0.0036723763713513,2025,TABNET B - MARKET + SEC,1,0,0.29509082
AVGO,2025-09-05,0001730168-25-000094,0.0926115240134093,-0.0510845448269031,2025,TABNET B - MARKET + SEC,0,0,0.387094
GOOGL,2025-09-08,0001652044-25-000074,-0.0080723979042452,-0.0069374926390231,2025,TABNET B - MARKET + SEC,0,0,0.47646585
INTC,2025-09-08,0000050863-25-000147,-0.0052862644597848,-0.0008644985117161,2025,TABNET B - MARKET + SEC,0,0,0.49223122
TSLA,2025-09-08,0001104659-25-087862,-0.017533273736493,-0.0240993857539852,2025,TABNET B - MARKET + SEC,0,0,0.44269928
INTC,2025-09-09,0000050863-25-000149,-0.0044672677338561,-0.0051181296027199,2025,TABNET B - MARKET + SEC,0,0,0.46188045
AVGO,2025-09-10,0001193125-25-199281,0.097394459658594,0.0565562438095068,2025,TABNET B - MARKET + SEC,1,0,0.39379066
AVGO,2025-09-11,0001193125-25-200108,-0.0327163826339845,-0.0325572225186817,2025,TABNET B - MARKET + SEC,0,0,0.4156731
ADBE,2025-09-12,0000796343-25-000102,-0.0078118643336309,-0.0352808597030378,2025,TABNET B - MARKET + SEC,0,0,0.36488926
INTC,2025-09-15,0000050863-25-000153,0.0200975344640188,0.0125786238758711,2025,TABNET B - MARKET + SEC,1,0,0.45896706
INTC,2025-09-19,0000050863-25-000155,-0.0391540449480576,-0.0297147352255693,2025,TABNET B - MARKET + SEC,0,0,0.11011222
AVGO,2025-09-30,0001193125-25-223202,0.0033906219439023,-0.003877926645426,2025,TABNET B - MARKET + SEC,0,1,0.52046555
INTC,2025-09-30,0000050863-25-000159,-0.0297114035864664,-0.0144413800249273,2025,TABNET B - MARKET + SEC,0,0,0.49445102
MSFT,2025-10-01,0001193125-25-225125,-0.0013989708651802,-0.0006436331444079,2025,TABNET B - MARKET + SEC,0,0,0.4589527
TSLA,2025-10-02,0001628280-25-043530,-0.0551709425757636,-0.0712141254541658,2025,TABNET B - MARKET + SEC,0,0,0.48173404
AMD,2025-10-06,0001193125-25-230895,0.229570120988193,-0.0992032878490386,2025,TABNET B - MARKET + SEC,0,0,0.44270262
NFLX,2025-10-22,0001065280-25-000404,-0.0910467302021142,-0.0144868754701381,2025,TABNET B - MARKET + SEC,0,0,0.3621281
TSLA,2025-10-23,0001628280-25-045861,0.0143969935936225,0.0596266578931594,2025,TABNET B - MARKET + SEC,1,0,0.46132565
INTC,2025-10-24,0000050863-25-000169,-0.0075336544934081,-0.0452802558660202,2025,TABNET B - MARKET + SEC,0,0,0.4632083
AMD,2025-10-27,0001193125-25-250803,0.0088791182612346,0.0012248442344606,2025,TABNET B - MARKET + SEC,1,0,0.4665514
GOOGL,2025-10-30,0001652044-25-000087,0.0404553064820906,-0.0249909883258669,2025,TABNET B - MARKET + SEC,0,0,0.4273964
META,2025-10-30,0001628280-25-047114,-0.0980589883325543,0.0056757715969477,2025,TABNET B - MARKET + SEC,1,0,0.4084638
MSFT,2025-10-30,0001193125-25-256310,-0.0138683761493496,0.0007833855191289,2025,TABNET B - MARKET + SEC,1,0,0.43011457
AAPL,2025-10-31,0000320193-25-000077,-0.0086190908457217,-0.0158577936073247,2025,TABNET B - MARKET + SEC,0,0,0.4298866
AMZN,2025-10-31,0001018724-25-000121,0.0910209928407341,-0.0154686453287599,2025,TABNET B - MARKET + SEC,0,0,0.43047202
NFLX,2025-10-31,0001065280-25-000407,0.0225957165317289,0.0202277147233559,2025,TABNET B - MARKET + SEC,1,0,0.45688453
META,2025-11-04,0001193125-25-262593,0.0040052461336197,0.0053194633784826,2025,TABNET B - MARKET + SEC,1,1,0.89892316
AMD,2025-11-05,0000002488-25-000163,0.0186069615352764,0.0460703512307747,2025,TABNET B - MARKET + SEC,1,0,0.46840233
NFLX,2025-11-05,0001065280-25-000408,-0.0014757151073041,0.0046608043949261,2025,TABNET B - MARKET + SEC,1,0,0.4262417
QCOM,2025-11-06,0000804328-25-000084,-0.0176512917249331,-0.0095962157532334,2025,TABNET B - MARKET + SEC,0,0,0.39899194
GOOGL,2025-11-07,0001193125-25-269979,-0.0176350096258526,-0.0178163363697554,2025,TABNET B - MARKET + SEC,0,0,0.4043235
TSLA,2025-11-10,0001104659-25-108507,0.0144515590875045,0.0058433687483856,2025,TABNET B - MARKET + SEC,1,0,0.38874105
INTC,2025-11-13,0000050863-25-000194,-0.0318405737186725,-0.0216899047438533,2025,TABNET B - MARKET + SEC,0,0,0.45667157
NFLX,2025-11-17,0001065280-25-000450,0.0002054033846309,0.0002008137027038,2025,TABNET B - MARKET + SEC,1,0,0.47800452
NVDA,2025-11-20,0001045810-25-000228,-0.0078528975617969,-0.0357038398791261,2025,TABNET B - MARKET + SEC,0,0,0.436901
AMZN,2025-11-21,0001104659-25-114647,0.0088361750757295,0.0156342498592421,2025,TABNET B - MARKET + SEC,1,0,0.47262126
NFLX,2025-12-05,0001193125-25-308651,-0.0329477561125077,0.0130186022785119,2025,TABNET B - MARKET + SEC,1,0,0.41602132
AAPL,2025-12-08,0001140361-25-044561,-0.0012741476869497,0.0038085990912825,2025,TABNET B - MARKET + SEC,1,0,0.49021432
MSFT,2025-12-09,0001193125-25-311196,0.0008032674339999,0.0026957237860334,2025,TABNET B - MARKET + SEC,1,0,0.4619935
ADBE,2025-12-11,0000796343-25-000135,0.0245091460598039,0.0228774691762878,2025,TABNET B - MARKET + SEC,1,0,0.4032727
QCOM,2025-12-11,0000804328-25-000096,-0.0019244703155916,-0.0033726509227647,2025,TABNET B - MARKET + SEC,0,0,0.46561006
AVGO,2025-12-12,0001730168-25-000116,-0.0951618579528871,-0.0391165013644733,2025,TABNET B - MARKET + SEC,0,0,0.37056285
META,2025-12-15,0001628280-25-056768,0.010930663174681,0.015465505175654,2025,TABNET B - MARKET + SEC,1,0,0.39773032
AMD,2025-12-16,0000002488-25-000182,0.0056778767854142,0.0051361059163674,2025,TABNET B - MARKET + SEC,1,1,0.50348693
QCOM,2025-12-17,0000804328-25-000098,-0.002925698287378,-0.0008283971940326,2025,TABNET B - MARKET + SEC,0,1,0.5033071
META,2025-12-22,0001628280-25-058337,-0.0006495058100002,0.0032172962513938,2025,TABNET B - MARKET + SEC,1,0,0.39686355
NFLX,2025-12-22,0001193125-25-327462,-0.0170829252514201,-0.0121825657089167,2025,TABNET B - MARKET + SEC,0,0,0.436795
INTC,2025-12-29,0000050863-25-000204,0.0181002407565633,0.0173642319969709,2025,TABNET B - MARKET + SEC,1,0,0.4509735
TSLA,2025-01-02,0001628280-25-000007,-0.0588601436660173,-0.0198228720118325,2025,TABNET C - MARKET + SEC + FINBERT,0,0,0.39790183
AAPL,2025-01-06,0001140361-25-000228,-0.0047540378227144,0.001832041351172,2025,TABNET C - MARKET + SEC + FINBERT,1,1,0.5924544
META,2025-01-07,0001326801-25-000005,-0.0016892091507633,-0.0020552619732235,2025,TABNET C - MARKET + SEC + FINBERT,0,0,0.4118795
AVGO,2025-01-13,0001193125-25-004476,0.0075826962484965,0.0153928554230622,2025,TABNET C - MARKET + SEC + FINBERT,1,0,0.48206076
AVGO,2025-01-14,0001193125-25-005318,-0.0016694149650476,-0.0010593134717623,2025,TABNET C - MARKET + SEC + FINBERT,0,0,0.4422467
ADBE,2025-01-21,0001193125-25-008409,0.0089492434486455,0.0065448583843421,2025,TABNET C - MARKET + SEC + FINBERT,1,1,0.5864038
NVDA,2025-01-21,0001045810-25-000007,0.0167913299142159,0.0113904192897718,2025,TABNET C - MARKET + SEC + FINBERT,1,1,0.51837915
NFLX,2025-01-22,0001065280-25-000033,0.0841577842080263,-0.0477902767738838,2025,TABNET C - MARKET + SEC + FINBERT,0,0,0.4347994
MSFT,2025-01-23,0001193125-25-010492,-0.0009831865408345,0.0038512412938136,2025,TABNET C - MARKET + SEC + FINBERT,1,1,0.5354333
META,2025-01-30,0001326801-25-000014,0.0112738581852596,-0.012832297766722,2025,TABNET C - MARKET + SEC + FINBERT,0,0,0.33018327
MSFT,2025-01-30,0000950170-25-010484,-0.0660713284405873,-0.0077661272230343,2025,TABNET C - MARKET + SEC + FINBERT,0,0,0.40912026
TSLA,2025-01-30,0001628280-25-002993,0.0244707278025142,-0.0243008230296973,2025,TABNET C - MARKET + SEC + FINBERT,0,0,0.40949428
AAPL,2025-01-31,0000320193-25-000007,-0.0052391330061739,-0.0364819088078013,2025,TABNET C - MARKET + SEC + FINBERT,0,1,0.53603214
ADBE,2025-01-31,0000796343-25-000036,-0.0177173394587626,-0.0125339390371581,2025,TABNET C - MARKET + SEC + FINBERT,0,0,0.48734733
INTC,2025-01-31,0000050863-25-000004,-0.0275324663433832,-0.024546414320429,2025,TABNET C - MARKET + SEC + FINBERT,0,0,0.38897252
AMD,2025-02-05,0000002488-25-000009,-0.0672156317243187,0.0312491289416219,2025,TABNET C - MARKET + SEC + FINBERT,1,0,0.3524307
GOOGL,2025-02-05,0001652044-25-000010,-0.0774615030031682,-0.0082785492423809,2025,TABNET C - MARKET + SEC + FINBERT,0,0,0.43175533
QCOM,2025-02-06,0000804328-25-000010,-0.0424084291589017,0.004570433064295,2025,TABNET C - MARKET + SEC + FINBERT,1,0,0.33542383
AMZN,2025-02-07,0001018724-25-000002,-0.0279174699324333,-0.0007895248846888,2025,TABNET C - MARKET + SEC + FINBERT,0,0,0.33132738
META,2025-02-21,0001326801-25-000021,0.0045063605523029,0.0041405759436566,2025,TABNET C - MARKET + SEC + FINBERT,1,0,0.43626285
AMD,2025-02-25,0000002488-25-000026,-0.0257875575012072,-0.0250247463750109,2025,TABNET C - MARKET + SEC + FINBERT,0,1,0.5578591
AAPL,2025-02-26,0001140361-25-005876,-0.0294557814887705,-0.014366900983585,2025,TABNET C - MARKET + SEC + FINBERT,0,1,0.53555137
NVDA,2025-02-27,0001045810-25-000021,-0.0570091876091523,-0.0755298447162823,2025,TABNET C - MARKET + SEC + FINBERT,0,0,0.39597762
INTC,2025-03-03,0000050863-25-000024,-0.0198368594363603,-0.0621117671872429,2025,TABNET C - MARKET + SEC + FINBERT,0,1,0.5571823
AVGO,2025-03-07,0001730168-25-000009,0.0790774784362973,0.0290087427576939,2025,TABNET C - MARKET + SEC + FINBERT,1,1,0.51176494
NVDA,2025-03-10,0001045810-25-000039,-0.0119137100780268,-0.0043956317299868,2025,TABNET C - MARKET + SEC + FINBERT,0,0,0.4351326
AMD,2025-03-12,0001193125-25-052173,0.0303685850006325,0.0222416905365828,2025,TABNET C - MARKET + SEC + FINBERT,1,1,0.5396944
ADBE,2025-03-13,0000796343-25-000052,-0.1205412608085477,-0.0510743250681857,2025,TABNET C - MARKET + SEC + FINBERT,0,0,0.4828966
INTC,2025-03-17,0000050863-25-000036,0.0617075905042487,0.0454178761114498,2025,TABNET C - MARKET + SEC + FINBERT,1,1,0.5653516
GOOGL,2025-03-18,0001652044-25-000027,-0.0049867632368514,-0.0082311984909179,2025,TABNET C - MARKET + SEC + FINBERT,0,1,0.50202733
QCOM,2025-03-21,0000804328-25-000018,-0.0104509259571374,-0.002386642931401,2025,TABNET C - MARKET + SEC + FINBERT,0,1,0.5031373
AMD,2025-03-25,0001193125-25-061366,0.002725615769713,0.0093833488384558,2025,TABNET C - MARKET + SEC + FINBERT,1,0,0.491031
INTC,2025-03-28,0000050863-25-000060,-0.0121990495902265,-0.0047542578767548,2025,TABNET C - MARKET + SEC + FINBERT,0,1,0.52239615
AMD,2025-03-31,0001193125-25-067902,-0.004607611090768,0.0097860053823615,2025,TABNET C - MARKET + SEC + FINBERT,1,1,0.5459943
TSLA,2025-04-02,0001628280-25-016070,0.0459683221304736,0.0890868204927668,2025,TABNET C - MARKET + SEC + FINBERT,1,0,0.41829592
AMZN,2025-04-10,0001104659-25-033450,-0.0091684982251557,-0.0064854061023468,2025,TABNET C - MARKET + SEC + FINBERT,0,0,0.059742227
INTC,2025-04-14,0001193125-25-079727,0.0220972647630925,0.0014292953885868,2025,TABNET C - MARKET + SEC + FINBERT,1,0,0.49599454
META,2025-04-14,0001326801-25-000027,-0.0290200944382612,-0.0293647441828373,2025,TABNET C - MARKET + SEC + FINBERT,0,0,0.36948365
AMD,2025-04-16,0000002488-25-000039,-0.0433064565689217,0.0185627481562223,2025,TABNET C - MARKET + SEC + FINBERT,1,0,0.49166095
NVDA,2025-04-16,0001045810-25-000082,-0.0385630135262662,0.0102271359876854,2025,TABNET C - MARKET + SEC + FINBERT,1,1,0.5091701
GOOGL,2025-04-21,0001652044-25-000033,0.0016587433386546,0.0035560251051514,2025,TABNET C - MARKET + SEC + FINBERT,1,1,0.5081357
INTC,2025-04-21,0000050863-25-000063,0.0199923705911453,0.0069290546754072,2025,TABNET C - MARKET + SEC + FINBERT,1,1,0.5050999
NFLX,2025-04-21,0001065280-25-000175,0.0400391628791936,0.0152490233819946,2025,TABNET C - MARKET + SEC + FINBERT,1,0,0.26829845
AVGO,2025-04-23,0001730168-25-000037,0.0205463669862371,0.0029855444945559,2025,TABNET C - MARKET + SEC + FINBERT,1,0,0.3765734
TSLA,2025-04-23,0001628280-25-018851,0.0309841644011779,-0.0082865129631763,2025,TABNET C - MARKET + SEC + FINBERT,0,0,0.45119005
ADBE,2025-04-25,0001628280-25-019665,0.0077209612752138,0.0046728138383749,2025,TABNET C - MARKET + SEC + FINBERT,1,0,0.4085235
GOOGL,2025-04-25,0001652044-25-000040,0.0056778994371551,-0.0308112773153231,2025,TABNET C - MARKET + SEC + FINBERT,0,1,0.52780205
INTC,2025-04-25,0000050863-25-000070,-0.0781559380933336,0.0042481582721847,2025,TABNET C - MARKET + SEC + FINBERT,1,0,0.3545707
INTC,2025-04-30,0000050863-25-000079,-0.0116731889060959,0.0019332825517195,2025,TABNET C - MARKET + SEC + FINBERT,1,0,0.43648267
META,2025-05-01,0001326801-25-000050,0.0292160933553613,-0.0299808795034363,2025,TABNET C - MARKET + SEC + FINBERT,0,0,0.4049572
MSFT,2025-05-01,0000950170-25-061032,0.0631928153940433,-0.0096660947445923,2025,TABNET C - MARKET + SEC + FINBERT,0,1,0.5474974
QCOM,2025-05-01,0000804328-25-000029,-0.1023103583957897,-0.0222155047056927,2025,TABNET C - MARKET + SEC + FINBERT,0,0,0.4319729
AAPL,2025-05-02,0000320193-25-000055,-0.052205690118386,-0.0082972761924694,2025,TABNET C - MARKET + SEC + FINBERT,0,1,0.5582323
AMZN,2025-05-02,0001018724-25-000034,-0.0160005867274706,-0.012333104577668,2025,TABNET C - MARKET + SEC + FINBERT,0,0,0.45025986
GOOGL,2025-05-02,0001193125-25-110020,0.0020810221935769,-0.0009125517611037,2025,TABNET C - MARKET + SEC + FINBERT,0,0,0.4443909
AMD,2025-05-07,0000002488-25-000045,0.0137175882183342,-0.0064016645852096,2025,TABNET C - MARKET + SEC + FINBERT,0,0,0.460944
GOOGL,2025-05-07,0001193125-25-113864,-0.0765227223990804,-0.0799319511126916,2025,TABNET C - MARKET + SEC + FINBERT,0,1,0.5104287
INTC,2025-05-12,0000050863-25-000084,-0.0052593287332221,-0.0016963172561712,2025,TABNET C - MARKET + SEC + FINBERT,0,1,0.52084535
AAPL,2025-05-13,0001140361-25-018400,-0.00508862121946,-0.0007482530042699,2025,TABNET C - MARKET + SEC + FINBERT,0,1,0.624914
QCOM,2025-05-14,0000804328-25-000034,0.0048435801702395,0.0032151150107322,2025,TABNET C - MARKET + SEC + FINBERT,1,1,0.5028747
TSLA,2025-05-16,0001628280-25-026148,0.0165331778425057,0.0091692025166951,2025,TABNET C - MARKET + SEC + FINBERT,1,1,0.6167936
AMD,2025-05-19,0001193125-25-122121,-0.0216977849193453,-0.0175440633833826,2025,TABNET C - MARKET + SEC + FINBERT,0,1,0.5008168
TSLA,2025-05-19,0001104659-25-050072,-0.0235028714793165,0.0021070820905475,2025,TABNET C - MARKET + SEC + FINBERT,1,1,0.82836926
AMZN,2025-05-23,0001104659-25-052014,-0.0011282693545375,0.004462575887919,2025,TABNET C - MARKET + SEC + FINBERT,1,0,0.41778088
QCOM,2025-05-23,0001104659-25-051981,-0.004242624719401,0.0076209267357016,2025,TABNET C - MARKET + SEC + FINBERT,1,1,0.6211606
NVDA,2025-05-29,0001045810-25-000115,0.0305243886578203,-0.0093516887077954,2025,TABNET C - MARKET + SEC + FINBERT,0,0,0.41713595
META,2025-06-02,0001326801-25-000090,0.0282568199240662,0.0295976043525485,2025,TABNET C - MARKET + SEC + FINBERT,1,0,0.42756432
AVGO,2025-06-06,0001730168-25-000061,-0.0597886684685325,-0.0166126093078132,2025,TABNET C - MARKET + SEC + FINBERT,0,0,0.3779775
NFLX,2025-06-09,0001065280-25-000286,-0.0151736835098013,-0.0126958762985833,2025,TABNET C - MARKET + SEC + FINBERT,0,1,0.5159836
QCOM,2025-06-10,0001104659-25-057814,0.0173228379656831,0.0130999549417551,2025,TABNET C - MARKET + SEC + FINBERT,1,0,0.43016034
ADBE,2025-06-13,0000796343-25-000064,-0.0406266323413929,-0.0007247828250706,2025,TABNET C - MARKET + SEC + FINBERT,0,0,0.36848554
GOOGL,2025-06-13,0001193125-25-139948,0.0066923114918399,0.0142964171810643,2025,TABNET C - MARKET + SEC + FINBERT,1,1,0.5217436
NFLX,2025-06-25,0001065280-25-000287,-0.0055741566587045,-0.0073462131758876,2025,TABNET C - MARKET + SEC + FINBERT,0,0,0.38213745
NVDA,2025-07-01,0001045810-25-000179,-0.0212560583907467,-0.0141467933600969,2025,TABNET C - MARKET + SEC + FINBERT,0,1,0.5645021
MSFT,2025-07-02,0001193125-25-154103,-0.0089162965547048,-0.0062507498849404,2025,TABNET C - MARKET + SEC + FINBERT,0,1,0.61571723
TSLA,2025-07-02,0001628280-25-033842,0.04271712961961,0.0011642399947584,2025,TABNET C - MARKET + SEC + FINBERT,1,0,0.43451717
AMD,2025-07-03,0000002488-25-000099,-0.0142439730970502,-0.0141217041121846,2025,TABNET C - MARKET + SEC + FINBERT,0,0,0.49858338
AAPL,2025-07-09,0001140361-25-025275,-0.0016980836539071,0.0044916514460748,2025,TABNET C - MARKET + SEC + FINBERT,1,1,0.56909955
TSLA,2025-07-10,0001628280-25-034692,0.0487208091247157,0.035313697679322,2025,TABNET C - MARKET + SEC + FINBERT,1,0,0.40771672
AVGO,2025-07-14,0001193125-25-158202,0.0008195192080375,0.0013550737362122,2025,TABNET C - MARKET + SEC + FINBERT,1,0,0.437668
NFLX,2025-07-18,0001065280-25-000322,-0.0499975415177276,-0.0230424182521934,2025,TABNET C - MARKET + SEC + FINBERT,0,0,0.38511357
GOOGL,2025-07-21,0001193125-25-161225,0.0220496510900962,0.0169707770560356,2025,TABNET C - MARKET + SEC + FINBERT,1,1,0.56721514
GOOGL,2025-07-24,0001652044-25-000056,0.0080696345424389,-0.0244539658420761,2025,TABNET C - MARKET + SEC + FINBERT,0,0,0.47200644
TSLA,2025-07-24,0001628280-25-035738,-0.0840987337873635,-0.0149489978186739,2025,TABNET C - MARKET + SEC + FINBERT,0,0,0.4689708
INTC,2025-07-25,0000050863-25-000107,-0.0876919415165468,-0.0015818526151998,2025,TABNET C - MARKET + SEC + FINBERT,0,0,0.36771873
AAPL,2025-07-28,0001140361-25-027340,-0.0023302200023396,-0.0006111260640351,2025,TABNET C - MARKET + SEC + FINBERT,0,1,0.5419578
META,2025-07-31,0001628280-25-036719,0.117826296679073,0.0143167337841138,2025,TABNET C - MARKET + SEC + FINBERT,1,0,0.3592203
MSFT,2025-07-31,0000950170-25-100226,0.0447737908924121,-0.0225497722604536,2025,TABNET C - MARKET + SEC + FINBERT,0,0,0.4865315
QCOM,2025-07-31,0000804328-25-000044,-0.0720300008780704,-0.0248863619758611,2025,TABNET C - MARKET + SEC + FINBERT,0,0,0.366521
AAPL,2025-08-01,0000320193-25-000071,-0.0053047361680511,-0.0314039135313497,2025,TABNET C - MARKET + SEC + FINBERT,0,0,0.46836028
AMZN,2025-08-01,0001018724-25-000084,-0.0629972838598512,-0.0024676622350275,2025,TABNET C - MARKET + SEC + FINBERT,0,0,0.11489075
TSLA,2025-08-04,0001104659-25-073263,0.0034562938188973,-0.0084507110907907,2025,TABNET C - MARKET + SEC + FINBERT,0,1,0.5001886
AMD,2025-08-06,0000002488-25-000106,-0.0767792551159853,-0.0227608621884095,2025,TABNET C - MARKET + SEC + FINBERT,0,0,0.43020225
NVDA,2025-08-06,0001045810-25-000197,-0.0060758878424844,0.0064565517085208,2025,TABNET C - MARKET + SEC + FINBERT,1,1,0.5387449
INTC,2025-08-15,0000050863-25-000123,0.0337351462987751,-0.0137500581431697,2025,TABNET C - MARKET + SEC + FINBERT,0,0,0.47885895
INTC,2025-08-22,0000050863-25-000126,0.0398916783123206,0.035697893899141,2025,TABNET C - MARKET + SEC + FINBERT,1,0,0.4734324
INTC,2025-08-25,0000050863-25-000129,-0.0071958813129945,-0.0371146494704082,2025,TABNET C - MARKET + SEC + FINBERT,0,0,0.49778128
AMD,2025-08-26,0000002488-25-000147,0.015940550980585,-0.0169153478971797,2025,TABNET C - MARKET + SEC + FINBERT,0,1,0.5295916
QCOM,2025-08-26,0000804328-25-000049,0.0135655495515913,0.0046989447523471,2025,TABNET C - MARKET + SEC + FINBERT,1,1,0.5857989
NVDA,2025-08-28,0001045810-25-000207,-0.0141343969152345,-0.0087680656399758,2025,TABNET C - MARKET + SEC + FINBERT,0,0,0.40965617
INTC,2025-09-02,0000050863-25-000135,0.0026305286407352,0.006140630639668,2025,TABNET C - MARKET + SEC + FINBERT,1,1,0.65901333
QCOM,2025-09-03,0000804328-25-000054,-0.0173144988752298,-0.0147755693053536,2025,TABNET C - MARKET + SEC + FINBERT,0,1,0.5061982
GOOGL,2025-09-04,0001652044-25-000067,-0.0019414418568022,0.0036723763713513,2025,TABNET C - MARKET + SEC + FINBERT,1,0,0.034146
AVGO,2025-09-05,0001730168-25-000094,0.0926115240134093,-0.0510845448269031,2025,TABNET C - MARKET + SEC + FINBERT,0,0,0.43629488
GOOGL,2025-09-08,0001652044-25-000074,-0.0080723979042452,-0.0069374926390231,2025,TABNET C - MARKET + SEC + FINBERT,0,0,0.39661637
INTC,2025-09-08,0000050863-25-000147,-0.0052862644597848,-0.0008644985117161,2025,TABNET C - MARKET + SEC + FINBERT,0,0,0.4900327
TSLA,2025-09-08,0001104659-25-087862,-0.017533273736493,-0.0240993857539852,2025,TABNET C - MARKET + SEC + FINBERT,0,1,0.52723175
INTC,2025-09-09,0000050863-25-000149,-0.0044672677338561,-0.0051181296027199,2025,TABNET C - MARKET + SEC + FINBERT,0,1,0.52956223
AVGO,2025-09-10,0001193125-25-199281,0.097394459658594,0.0565562438095068,2025,TABNET C - MARKET + SEC + FINBERT,1,0,0.42708495
AVGO,2025-09-11,0001193125-25-200108,-0.0327163826339845,-0.0325572225186817,2025,TABNET C - MARKET + SEC + FINBERT,0,0,0.2574403
ADBE,2025-09-12,0000796343-25-000102,-0.0078118643336309,-0.0352808597030378,2025,TABNET C - MARKET + SEC + FINBERT,0,0,0.28427976
INTC,2025-09-15,0000050863-25-000153,0.0200975344640188,0.0125786238758711,2025,TABNET C - MARKET + SEC + FINBERT,1,1,0.5141275
INTC,2025-09-19,0000050863-25-000155,-0.0391540449480576,-0.0297147352255693,2025,TABNET C - MARKET + SEC + FINBERT,0,0,0.030413285
AVGO,2025-09-30,0001193125-25-223202,0.0033906219439023,-0.003877926645426,2025,TABNET C - MARKET + SEC + FINBERT,0,1,0.5280125
INTC,2025-09-30,0000050863-25-000159,-0.0297114035864664,-0.0144413800249273,2025,TABNET C - MARKET + SEC + FINBERT,0,0,0.45737565
MSFT,2025-10-01,0001193125-25-225125,-0.0013989708651802,-0.0006436331444079,2025,TABNET C - MARKET + SEC + FINBERT,0,0,0.4891317
TSLA,2025-10-02,0001628280-25-043530,-0.0551709425757636,-0.0712141254541658,2025,TABNET C - MARKET + SEC + FINBERT,0,1,0.5364339
AMD,2025-10-06,0001193125-25-230895,0.229570120988193,-0.0992032878490386,2025,TABNET C - MARKET + SEC + FINBERT,0,0,0.44562873
NFLX,2025-10-22,0001065280-25-000404,-0.0910467302021142,-0.0144868754701381,2025,TABNET C - MARKET + SEC + FINBERT,0,0,0.401116
TSLA,2025-10-23,0001628280-25-045861,0.0143969935936225,0.0596266578931594,2025,TABNET C - MARKET + SEC + FINBERT,1,0,0.44681203
INTC,2025-10-24,0000050863-25-000169,-0.0075336544934081,-0.0452802558660202,2025,TABNET C - MARKET + SEC + FINBERT,0,0,0.45815182
AMD,2025-10-27,0001193125-25-250803,0.0088791182612346,0.0012248442344606,2025,TABNET C - MARKET + SEC + FINBERT,1,1,0.5688809
GOOGL,2025-10-30,0001652044-25-000087,0.0404553064820906,-0.0249909883258669,2025,TABNET C - MARKET + SEC + FINBERT,0,0,0.36794406
META,2025-10-30,0001628280-25-047114,-0.0980589883325543,0.0056757715969477,2025,TABNET C - MARKET + SEC + FINBERT,1,0,0.35716128
MSFT,2025-10-30,0001193125-25-256310,-0.0138683761493496,0.0007833855191289,2025,TABNET C - MARKET + SEC + FINBERT,1,1,0.5308231
AAPL,2025-10-31,0000320193-25-000077,-0.0086190908457217,-0.0158577936073247,2025,TABNET C - MARKET + SEC + FINBERT,0,0,0.44838518
AMZN,2025-10-31,0001018724-25-000121,0.0910209928407341,-0.0154686453287599,2025,TABNET C - MARKET + SEC + FINBERT,0,0,0.3239505
NFLX,2025-10-31,0001065280-25-000407,0.0225957165317289,0.0202277147233559,2025,TABNET C - MARKET + SEC + FINBERT,1,1,0.5051354
META,2025-11-04,0001193125-25-262593,0.0040052461336197,0.0053194633784826,2025,TABNET C - MARKET + SEC + FINBERT,1,0,0.33316138
AMD,2025-11-05,0000002488-25-000163,0.0186069615352764,0.0460703512307747,2025,TABNET C - MARKET + SEC + FINBERT,1,0,0.48329598
NFLX,2025-11-05,0001065280-25-000408,-0.0014757151073041,0.0046608043949261,2025,TABNET C - MARKET + SEC + FINBERT,1,0,0.47239012
QCOM,2025-11-06,0000804328-25-000084,-0.0176512917249331,-0.0095962157532334,2025,TABNET C - MARKET + SEC + FINBERT,0,0,0.36880884
GOOGL,2025-11-07,0001193125-25-269979,-0.0176350096258526,-0.0178163363697554,2025,TABNET C - MARKET + SEC + FINBERT,0,0,0.45089203
TSLA,2025-11-10,0001104659-25-108507,0.0144515590875045,0.0058433687483856,2025,TABNET C - MARKET + SEC + FINBERT,1,0,0.42573598
INTC,2025-11-13,0000050863-25-000194,-0.0318405737186725,-0.0216899047438533,2025,TABNET C - MARKET + SEC + FINBERT,0,0,0.3890309
NFLX,2025-11-17,0001065280-25-000450,0.0002054033846309,0.0002008137027038,2025,TABNET C - MARKET + SEC + FINBERT,1,0,0.49540702
NVDA,2025-11-20,0001045810-25-000228,-0.0078528975617969,-0.0357038398791261,2025,TABNET C - MARKET + SEC + FINBERT,0,0,0.46447313
AMZN,2025-11-21,0001104659-25-114647,0.0088361750757295,0.0156342498592421,2025,TABNET C - MARKET + SEC + FINBERT,1,0,0.38939553
NFLX,2025-12-05,0001193125-25-308651,-0.0329477561125077,0.0130186022785119,2025,TABNET C - MARKET + SEC + FINBERT,1,1,0.56280386
AAPL,2025-12-08,0001140361-25-044561,-0.0012741476869497,0.0038085990912825,2025,TABNET C - MARKET + SEC + FINBERT,1,0,0.49513334
MSFT,2025-12-09,0001193125-25-311196,0.0008032674339999,0.0026957237860334,2025,TABNET C - MARKET + SEC + FINBERT,1,1,0.5002056
ADBE,2025-12-11,0000796343-25-000135,0.0245091460598039,0.0228774691762878,2025,TABNET C - MARKET + SEC + FINBERT,1,0,0.35964784
QCOM,2025-12-11,0000804328-25-000096,-0.0019244703155916,-0.0033726509227647,2025,TABNET C - MARKET + SEC + FINBERT,0,0,0.42959225
AVGO,2025-12-12,0001730168-25-000116,-0.0951618579528871,-0.0391165013644733,2025,TABNET C - MARKET + SEC + FINBERT,0,0,0.43693632
META,2025-12-15,0001628280-25-056768,0.010930663174681,0.015465505175654,2025,TABNET C - MARKET + SEC + FINBERT,1,1,0.5318751
AMD,2025-12-16,0000002488-25-000182,0.0056778767854142,0.0051361059163674,2025,TABNET C - MARKET + SEC + FINBERT,1,1,0.5110888
QCOM,2025-12-17,0000804328-25-000098,-0.002925698287378,-0.0008283971940326,2025,TABNET C - MARKET + SEC + FINBERT,0,1,0.57014453
META,2025-12-22,0001628280-25-058337,-0.0006495058100002,0.0032172962513938,2025,TABNET C - MARKET + SEC + FINBERT,1,0,0.26641938
NFLX,2025-12-22,0001193125-25-327462,-0.0170829252514201,-0.0121825657089167,2025,TABNET C - MARKET + SEC + FINBERT,0,1,0.61906844
INTC,2025-12-29,0000050863-25-000204,0.0181002407565633,0.0173642319969709,2025,TABNET C - MARKET + SEC + FINBERT,1,0,0.4717084
AAPL,2026-01-05,0001140361-26-000199,-0.0217799468616566,-0.0103413883295395,2026,TABNET A - MARKET,0,0,0.39889392
AVGO,2026-01-14,0001193125-26-011731,-0.0308274202273529,-0.0216962952747108,2026,TABNET A - MARKET,0,0,0.43256617
META,2026-01-20,0001628280-26-002429,-0.0047584991112157,-0.0021397303181613,2026,TABNET A - MARKET,0,0,0.4135105
NFLX,2026-01-20,0001193125-26-015951,0.0128380428459016,-0.0151742341985336,2026,TABNET A - MARKET,0,0,0.17612578
QCOM,2026-01-20,0000804328-26-000008,-0.0123120567771578,-0.0016334674875372,2026,TABNET A - MARKET,0,0,0.47456384
AMD,2026-01-21,0000002488-26-000002,0.0635771921622683,0.0473456777326968,2026,TABNET A - MARKET,1,0,0.43910792
NFLX,2026-01-21,0001065280-26-000033,-0.0352924053531309,0.0232422093035407,2026,TABNET A - MARKET,1,0,0.38745996
INTC,2026-01-23,0000050863-26-000009,-0.1734446087334877,-0.0430235754619413,2026,TABNET A - MARKET,0,0,0.2890829
INTC,2026-01-26,0000050863-26-000031,-0.0616443526820043,-0.0440348464397251,2026,TABNET A - MARKET,0,1,0.7132469
NVDA,2026-01-26,0001045810-26-000003,-0.0107942800846292,-0.0072970380480024,2026,TABNET A - MARKET,0,0,0.4320968
ADBE,2026-01-28,0000796343-26-000019,0.0039508357181503,0.003258059807592,2026,TABNET A - MARKET,1,0,0.44917443
META,2026-01-29,0001628280-26-003832,0.1100332620328821,0.0062830922555235,2026,TABNET A - MARKET,1,0,0.40931424
MSFT,2026-01-29,0001193125-26-027198,-0.0939462490812705,-0.0096605613494352,2026,TABNET A - MARKET,0,0,0.38132578
TSLA,2026-01-29,0001628280-26-003837,-0.0285486210897105,-0.0434255308205537,2026,TABNET A - MARKET,0,0,0.49630174
AAPL,2026-01-30,0000320193-26-000005,0.0166569789377926,0.0230278217096914,2026,TABNET A - MARKET,1,0,0.40573385
AMD,2026-02-04,0000002488-26-000014,-0.1556754118391105,-0.0538109977331892,2026,TABNET A - MARKET,0,0,0.38449144
GOOGL,2026-02-05,0001652044-26-000012,0.0090205057778721,0.0662487408523784,2026,TABNET A - MARKET,1,0,0.409607
QCOM,2026-02-05,0000804328-26-000016,-0.0701637225601233,0.0307269997086276,2026,TABNET A - MARKET,1,0,0.40425742
AMZN,2026-02-06,0001018724-26-000002,-0.0766859095832953,0.0218308409733383,2026,TABNET A - MARKET,1,0,0.45036983
GOOGL,2026-02-17,0001193125-26-051423,-0.0110725550963733,0.0017192411931825,2026,TABNET A - MARKET,1,0,0.42629048
AMD,2026-02-18,0000002488-26-000029,-0.0220427383261037,0.0025066459721003,2026,TABNET A - MARKET,1,1,0.50422853
AMD,2026-02-24,0000002488-26-000045,0.0769491952441228,0.0013624169613037,2026,TABNET A - MARKET,1,0,0.48116082
AAPL,2026-02-25,0001140361-26-006577,-0.0068133729662351,-0.0001659043702417,2026,TABNET A - MARKET,0,0,0.45599607
NVDA,2026-02-26,0001045810-26-000019,-0.042496617762763,-0.0379679747996765,2026,TABNET A - MARKET,0,0,0.42890474
AMZN,2026-02-27,0001104659-26-021050,0.0132046120006229,0.0081787591184356,2026,TABNET A - MARKET,1,0,0.44157773
AVGO,2026-03-03,0001193125-26-085656,-0.0049144362597486,-0.0061201555946002,2026,TABNET A - MARKET,0,0,0.4615982
INTC,2026-03-04,0000050863-26-000044,0.0422975276530752,0.0233559686390798,2026,TABNET A - MARKET,1,0,0.450425
AVGO,2026-03-05,0001730168-26-000011,0.0510081539046997,0.0053582738545181,2026,TABNET A - MARKET,1,0,0.4521116
GOOGL,2026-03-09,0001652044-26-000026,0.0136296578488566,0.0179973989442567,2026,TABNET A - MARKET,1,0,0.37775967
NVDA,2026-03-09,0001045810-26-000024,0.013806678855444,0.0101439104808573,2026,TABNET A - MARKET,1,0,0.46279648
ADBE,2026-03-13,0000796343-26-000048,-0.0699123452534083,0.0113063627824637,2026,TABNET A - MARKET,1,0,0.45020467
AMZN,2026-03-16,0001104659-26-027729,0.0083809647767647,0.0157040212697481,2026,TABNET A - MARKET,1,0,0.41397062
AMZN,2026-03-17,0001104659-26-028556,0.0114605156306819,0.0109012804045238,2026,TABNET A - MARKET,1,0,0.42234135
QCOM,2026-03-20,0000804328-26-000041,0.0079698096776174,0.0044889041274942,2026,TABNET A - MARKET,1,0,0.38138974
TSLA,2026-04-02,0001628280-26-022956,-0.0553616328176903,-0.0290943846448863,2026,TABNET A - MARKET,0,0,0.45228
AVGO,2026-04-06,0001193125-26-140574,-0.0063988681204529,-0.0058718684103425,2026,TABNET A - MARKET,0,0,0.47963622
GOOGL,2026-04-06,0001652044-26-000031,0.0082504348362495,0.0100527845935252,2026,TABNET A - MARKET,1,0,0.35790807
INTC,2026-04-06,0000050863-26-000069,0.0019222474605418,-0.0058376875250483,2026,TABNET A - MARKET,0,0,0.4229808
AVGO,2026-04-07,0001193125-26-144028,0.0619912664480655,0.0171216935941338,2026,TABNET A - MARKET,1,0,0.45288637
AMZN,2026-04-09,0001104659-26-041034,0.0492804640933421,0.0303534687607456,2026,TABNET A - MARKET,1,0,0.44095525
INTC,2026-04-09,0000050863-26-000072,0.0402242748034202,0.0498187770797828,2026,TABNET A - MARKET,1,0,0.2621657
GOOGL,2026-04-13,0001652044-26-000034,0.0024868969699596,0.000170379551692,2026,TABNET A - MARKET,1,0,0.44437286
AMZN,2026-04-14,0001104659-26-042880,0.0199021520163233,0.016433257387515,2026,TABNET A - MARKET,1,0,0.45393673
META,2026-04-15,0001628280-26-025108,-0.0002783824166061,-0.0063590818176222,2026,TABNET A - MARKET,0,0,0.42637175
NFLX,2026-04-17,0001065280-26-000137,-0.110310240572915,0.004704453846027,2026,TABNET A - MARKET,1,0,0.49466288
AAPL,2026-04-21,0001140361-26-015711,-0.0213933529678685,-0.0133393788829566,2026,TABNET A - MARKET,0,1,0.5057072
ADBE,2026-04-22,0000796343-26-000101,0.0187092090498186,-0.0031548534392964,2026,TABNET A - MARKET,0,0,0.46105918
AVGO,2026-04-22,0001730168-26-000039,0.0341930534958387,0.0308741291936955,2026,TABNET A - MARKET,1,1,0.5037797
NFLX,2026-04-23,0001065280-26-000139,0.0011281946640834,-0.009923921481999,2026,TABNET A - MARKET,0,1,0.51992077
TSLA,2026-04-23,0001628280-26-026551,-0.0299535199415285,-0.0008977589101131,2026,TABNET A - MARKET,0,1,0.5245539
INTC,2026-04-24,0000050863-26-000077,0.2168713502986243,-0.0040184646610659,2026,TABNET A - MARKET,0,1,0.510322
INTC,2026-04-27,0000050863-26-000083,0.0291553468152547,0.0145251963407004,2026,TABNET A - MARKET,1,0,0.14377905
NVDA,2026-04-28,0001045810-26-000026,-0.0058242896842328,0.0173534563331154,2026,TABNET A - MARKET,1,0,0.40396568
AMZN,2026-04-30,0001018724-26-000012,-0.0016468727883254,-0.0332806455473947,2026,TABNET A - MARKET,0,1,0.56226254
GOOGL,2026-04-30,0001652044-26-000043,0.0902907529038123,0.025092301512154,2026,TABNET A - MARKET,1,0,0.46174484
META,2026-04-30,0001628280-26-028364,-0.0948266554954643,-0.0155569070982914,2026,TABNET A - MARKET,0,1,0.5070889
MSFT,2026-04-30,0001193125-26-191457,-0.0486231754824486,-0.0109677860587226,2026,TABNET A - MARKET,0,0,0.48418668
QCOM,2026-04-30,0000804328-26-000060,0.1418276564768905,0.0401742225864352,2026,TABNET A - MARKET,1,0,0.37108794
AAPL,2026-05-01,0000320193-26-000011,0.0227940049742925,-0.0028669651190025,2026,TABNET A - MARKET,0,0,0.44197258
INTC,2026-05-01,0001193125-26-197845,0.0448034171687428,0.0614269973170729,2026,TABNET A - MARKET,1,0,0.333881
META,2026-05-05,0001193125-26-204128,-0.0219024667890024,-0.0189983528936068,2026,TABNET A - MARKET,0,1,0.5020711
AMD,2026-05-06,0000002488-26-000072,0.1653710025525319,0.0174435268670318,2026,TABNET A - MARKET,1,0,0.49094367
NVDA,2026-05-11,0001045810-26-000028,0.0168061992095833,0.0211043137808344,2026,TABNET A - MARKET,1,0,0.45332766
GOOGL,2026-05-12,0001193125-26-216986,0.0051624834241175,0.0014095656150419,2026,TABNET A - MARKET,1,1,0.5684916
MSFT,2026-05-15,0001193125-26-224155,0.0455934480664714,0.0201701973866516,2026,TABNET A - MARKET,1,0,0.48791277
AMD,2026-05-18,0001193125-26-226746,-0.0030308987230113,-0.0118592197421618,2026,TABNET A - MARKET,0,1,0.59337974
INTC,2026-05-18,0000050863-26-000118,-0.0012138983150062,-0.0387538675638343,2026,TABNET A - MARKET,0,1,0.99377984
NVDA,2026-05-21,0001045810-26-000051,-0.0196275026130384,-0.0202919315077955,2026,TABNET A - MARKET,0,0,0.49069855
GOOGL,2026-05-22,0001193125-26-234488,-0.0163388825753002,-0.0105694849773525,2026,TABNET A - MARKET,0,0,0.48327813
AMZN,2026-05-26,0001104659-26-065717,-0.0216227139416436,-0.0158410020689607,2026,TABNET A - MARKET,0,0,0.47542867
META,2026-06-01,0001628280-26-039193,-0.0566556308874622,-0.0552115292853173,2026,TABNET A - MARKET,0,0,0.4423394
AVGO,2026-06-04,0001730168-26-000051,-0.1210312398743514,0.0172798616329554,2026,TABNET A - MARKET,1,0,0.4502736
GOOGL,2026-06-05,0001193125-26-257724,0.0381672421712767,0.0402218208000237,2026,TABNET A - MARKET,1,0,0.4148033
GOOGL,2026-06-08,0001193125-26-259830,-0.0291912288708725,-0.0026967229043125,2026,TABNET A - MARKET,0,0,0.3523944
NFLX,2026-06-08,0001065280-26-000189,-0.0100182503504155,0.0144249530046822,2026,TABNET A - MARKET,1,0,0.3508486
AMZN,2026-06-10,0001104659-26-072140,-0.0053726134400394,-0.0116698773160114,2026,TABNET A - MARKET,0,0,0.42503023
AVGO,2026-06-11,0001193125-26-266777,0.0024240754021118,0.0087014930563651,2026,TABNET A - MARKET,1,1,0.50674117
ADBE,2026-06-12,0000796343-26-000109,-0.0734349532560182,0.0028061367377654,2026,TABNET A - MARKET,1,0,0.4828811
GOOGL,2026-06-12,0001193125-26-267578,-0.0005460497805231,-0.0133055350915846,2026,TABNET A - MARKET,0,0,0.45148546
AMZN,2026-06-15,0001104659-26-073562,-9.957228603751922e-05,-0.0039122307428645,2026,TABNET A - MARKET,0,0,0.4584339
AVGO,2026-06-18,0001193125-26-275077,0.0218931329896958,-0.000317604097846,2026,TABNET A - MARKET,0,0,0.42861027
NVDA,2026-06-22,0001193125-26-275783,-0.0071724054817254,-0.007710235866725,2026,TABNET A - MARKET,0,0,0.49475363
QCOM,2026-06-24,0001104659-26-077071,-0.0286743834556753,-0.0188327726233503,2026,TABNET A - MARKET,0,0,0.33248347
NVDA,2026-07-01,0001045810-26-000056,0.0027055922428425,0.0125466573486643,2026,TABNET A - MARKET,1,0,0.49152115
AMD,2026-07-02,0000002488-26-000115,-0.0253003437574649,-0.0199061957949452,2026,TABNET A - MARKET,0,0,0.48386726
TSLA,2026-07-02,0001628280-26-046717,-0.0575543818261817,-0.0628565756754723,2026,TABNET A - MARKET,0,0,0.4413876
AVGO,2026-07-06,0001193125-26-295589,0.0229725241748379,-0.0032380661653597,2026,TABNET A - MARKET,0,1,0.513855
AMZN,2026-07-10,0001104659-26-082293,-0.0099646140288109,-0.0235444567364055,2026,TABNET A - MARKET,0,0,0.4129718
NFLX,2026-07-17,0001065280-26-000211,-0.057599892179291,0.0476725804437911,2026,TABNET A - MARKET,1,0,0.41938156
ADBE,2026-07-20,0000796343-26-000120,-0.011629367377381,0.0047412792953291,2026,TABNET A - MARKET,1,0,0.39520645
GOOGL,2026-07-23,0001652044-26-000066,-0.0523428238232774,-0.0068111033037658,2026,TABNET A - MARKET,0,0,0.44756448
NFLX,2026-07-23,0001193125-26-312575,0.0242366010624127,0.0085678362373775,2026,TABNET A - MARKET,1,0,0.41570687
TSLA,2026-07-23,0001628280-26-049213,-0.1262533558961757,-0.0585915846858855,2026,TABNET A - MARKET,0,0,0.4584215
INTC,2026-07-24,0000050863-26-000155,-0.0677472957838671,-0.0711604142334447,2026,TABNET A - MARKET,0,0,0.4266008
META,2026-07-30,0001628280-26-050596,-0.1125151041907142,0.0117450975750164,2026,TABNET A - MARKET,1,1,0.50306654
MSFT,2026-07-30,0001193125-26-323632,0.1220932058569126,0.0171170755192331,2026,TABNET A - MARKET,1,0,0.40167087
QCOM,2026-07-30,0000804328-26-000085,-0.0591817061233279,0.0214324277981945,2026,TABNET A - MARKET,1,0,0.33669078
AAPL,2026-07-31,0000320193-26-000018,-0.0800340895161154,0.0194038264358225,2026,TABNET A - MARKET,1,0,0.37467965
AMZN,2026-07-31,0001018724-26-000024,0.1467103826662883,0.0307829420489287,2026,TABNET A - MARKET,1,0,0.41865057
NFLX,2026-07-31,0001065280-26-000214,-0.0264490259696927,0.0023401580514879,2026,TABNET A - MARKET,1,0,0.39006114
QCOM,2026-08-03,0001104659-26-089234,0.0092690762540241,0.019630447514588,2026,TABNET A - MARKET,1,0,0.37922606
AMD,2026-08-05,0000002488-26-000121,-0.0613935964812326,0.0072668121016936,2026,TABNET A - MARKET,1,0,0.35481742
GOOGL,2026-08-11,0001193125-26-342390,-0.0350184491059453,-0.0272796468601477,2026,TABNET A - MARKET,0,0,0.47683343
INTC,2026-08-13,0001193125-26-346806,0.0241947255920518,0.0205034258151435,2026,TABNET A - MARKET,1,0,0.3833756
AAPL,2026-01-05,0001140361-26-000199,-0.0217799468616566,-0.0103413883295395,2026,TABNET B - MARKET + SEC,0,0,0.39997047
AVGO,2026-01-14,0001193125-26-011731,-0.0308274202273529,-0.0216962952747108,2026,TABNET B - MARKET + SEC,0,0,0.42421657
META,2026-01-20,0001628280-26-002429,-0.0047584991112157,-0.0021397303181613,2026,TABNET B - MARKET + SEC,0,0,0.41695184
NFLX,2026-01-20,0001193125-26-015951,0.0128380428459016,-0.0151742341985336,2026,TABNET B - MARKET + SEC,0,0,0.3931919
QCOM,2026-01-20,0000804328-26-000008,-0.0123120567771578,-0.0016334674875372,2026,TABNET B - MARKET + SEC,0,0,0.41484326
AMD,2026-01-21,0000002488-26-000002,0.0635771921622683,0.0473456777326968,2026,TABNET B - MARKET + SEC,1,0,0.411498
NFLX,2026-01-21,0001065280-26-000033,-0.0352924053531309,0.0232422093035407,2026,TABNET B - MARKET + SEC,1,0,0.4223755
INTC,2026-01-23,0000050863-26-000009,-0.1734446087334877,-0.0430235754619413,2026,TABNET B - MARKET + SEC,0,0,0.3671776
INTC,2026-01-26,0000050863-26-000031,-0.0616443526820043,-0.0440348464397251,2026,TABNET B - MARKET + SEC,0,0,0.30515918
NVDA,2026-01-26,0001045810-26-000003,-0.0107942800846292,-0.0072970380480024,2026,TABNET B - MARKET + SEC,0,0,0.41478243
ADBE,2026-01-28,0000796343-26-000019,0.0039508357181503,0.003258059807592,2026,TABNET B - MARKET + SEC,1,0,0.3938876
META,2026-01-29,0001628280-26-003832,0.1100332620328821,0.0062830922555235,2026,TABNET B - MARKET + SEC,1,0,0.38275966
MSFT,2026-01-29,0001193125-26-027198,-0.0939462490812705,-0.0096605613494352,2026,TABNET B - MARKET + SEC,0,0,0.42872992
TSLA,2026-01-29,0001628280-26-003837,-0.0285486210897105,-0.0434255308205537,2026,TABNET B - MARKET + SEC,0,0,0.44490024
AAPL,2026-01-30,0000320193-26-000005,0.0166569789377926,0.0230278217096914,2026,TABNET B - MARKET + SEC,1,0,0.41558796
AMD,2026-02-04,0000002488-26-000014,-0.1556754118391105,-0.0538109977331892,2026,TABNET B - MARKET + SEC,0,0,0.34563774
GOOGL,2026-02-05,0001652044-26-000012,0.0090205057778721,0.0662487408523784,2026,TABNET B - MARKET + SEC,1,0,0.36244062
QCOM,2026-02-05,0000804328-26-000016,-0.0701637225601233,0.0307269997086276,2026,TABNET B - MARKET + SEC,1,0,0.41213635
AMZN,2026-02-06,0001018724-26-000002,-0.0766859095832953,0.0218308409733383,2026,TABNET B - MARKET + SEC,1,0,0.31216526
GOOGL,2026-02-17,0001193125-26-051423,-0.0110725550963733,0.0017192411931825,2026,TABNET B - MARKET + SEC,1,0,0.39349824
AMD,2026-02-18,0000002488-26-000029,-0.0220427383261037,0.0025066459721003,2026,TABNET B - MARKET + SEC,1,0,0.4106852
AMD,2026-02-24,0000002488-26-000045,0.0769491952441228,0.0013624169613037,2026,TABNET B - MARKET + SEC,1,0,0.39691103
AAPL,2026-02-25,0001140361-26-006577,-0.0068133729662351,-0.0001659043702417,2026,TABNET B - MARKET + SEC,0,0,0.4007111
NVDA,2026-02-26,0001045810-26-000019,-0.042496617762763,-0.0379679747996765,2026,TABNET B - MARKET + SEC,0,0,0.41287968
AMZN,2026-02-27,0001104659-26-021050,0.0132046120006229,0.0081787591184356,2026,TABNET B - MARKET + SEC,1,0,0.4181821
AVGO,2026-03-03,0001193125-26-085656,-0.0049144362597486,-0.0061201555946002,2026,TABNET B - MARKET + SEC,0,0,0.45847893
INTC,2026-03-04,0000050863-26-000044,0.0422975276530752,0.0233559686390798,2026,TABNET B - MARKET + SEC,1,0,0.4006938
AVGO,2026-03-05,0001730168-26-000011,0.0510081539046997,0.0053582738545181,2026,TABNET B - MARKET + SEC,1,0,0.38529608
GOOGL,2026-03-09,0001652044-26-000026,0.0136296578488566,0.0179973989442567,2026,TABNET B - MARKET + SEC,1,0,0.4118674
NVDA,2026-03-09,0001045810-26-000024,0.013806678855444,0.0101439104808573,2026,TABNET B - MARKET + SEC,1,0,0.40581772
ADBE,2026-03-13,0000796343-26-000048,-0.0699123452534083,0.0113063627824637,2026,TABNET B - MARKET + SEC,1,0,0.38220164
AMZN,2026-03-16,0001104659-26-027729,0.0083809647767647,0.0157040212697481,2026,TABNET B - MARKET + SEC,1,0,0.40914232
AMZN,2026-03-17,0001104659-26-028556,0.0114605156306819,0.0109012804045238,2026,TABNET B - MARKET + SEC,1,0,0.39621255
QCOM,2026-03-20,0000804328-26-000041,0.0079698096776174,0.0044889041274942,2026,TABNET B - MARKET + SEC,1,0,0.42839992
TSLA,2026-04-02,0001628280-26-022956,-0.0553616328176903,-0.0290943846448863,2026,TABNET B - MARKET + SEC,0,0,0.45824853
AVGO,2026-04-06,0001193125-26-140574,-0.0063988681204529,-0.0058718684103425,2026,TABNET B - MARKET + SEC,0,0,0.42005277
GOOGL,2026-04-06,0001652044-26-000031,0.0082504348362495,0.0100527845935252,2026,TABNET B - MARKET + SEC,1,0,0.40472454
INTC,2026-04-06,0000050863-26-000069,0.0019222474605418,-0.0058376875250483,2026,TABNET B - MARKET + SEC,0,0,0.48020577
AVGO,2026-04-07,0001193125-26-144028,0.0619912664480655,0.0171216935941338,2026,TABNET B - MARKET + SEC,1,0,0.44820407
AMZN,2026-04-09,0001104659-26-041034,0.0492804640933421,0.0303534687607456,2026,TABNET B - MARKET + SEC,1,0,0.3903547
INTC,2026-04-09,0000050863-26-000072,0.0402242748034202,0.0498187770797828,2026,TABNET B - MARKET + SEC,1,0,0.45754832
GOOGL,2026-04-13,0001652044-26-000034,0.0024868969699596,0.000170379551692,2026,TABNET B - MARKET + SEC,1,0,0.39339972
AMZN,2026-04-14,0001104659-26-042880,0.0199021520163233,0.016433257387515,2026,TABNET B - MARKET + SEC,1,1,0.5054327
META,2026-04-15,0001628280-26-025108,-0.0002783824166061,-0.0063590818176222,2026,TABNET B - MARKET + SEC,0,0,0.44708344
NFLX,2026-04-17,0001065280-26-000137,-0.110310240572915,0.004704453846027,2026,TABNET B - MARKET + SEC,1,0,0.3662573
AAPL,2026-04-21,0001140361-26-015711,-0.0213933529678685,-0.0133393788829566,2026,TABNET B - MARKET + SEC,0,0,0.41178635
ADBE,2026-04-22,0000796343-26-000101,0.0187092090498186,-0.0031548534392964,2026,TABNET B - MARKET + SEC,0,0,0.40748027
AVGO,2026-04-22,0001730168-26-000039,0.0341930534958387,0.0308741291936955,2026,TABNET B - MARKET + SEC,1,0,0.4124451
NFLX,2026-04-23,0001065280-26-000139,0.0011281946640834,-0.009923921481999,2026,TABNET B - MARKET + SEC,0,0,0.39824522
TSLA,2026-04-23,0001628280-26-026551,-0.0299535199415285,-0.0008977589101131,2026,TABNET B - MARKET + SEC,0,0,0.43373868
INTC,2026-04-24,0000050863-26-000077,0.2168713502986243,-0.0040184646610659,2026,TABNET B - MARKET + SEC,0,0,0.39849323
INTC,2026-04-27,0000050863-26-000083,0.0291553468152547,0.0145251963407004,2026,TABNET B - MARKET + SEC,1,1,0.68847126
NVDA,2026-04-28,0001045810-26-000026,-0.0058242896842328,0.0173534563331154,2026,TABNET B - MARKET + SEC,1,0,0.38368377
AMZN,2026-04-30,0001018724-26-000012,-0.0016468727883254,-0.0332806455473947,2026,TABNET B - MARKET + SEC,0,0,0.38151836
GOOGL,2026-04-30,0001652044-26-000043,0.0902907529038123,0.025092301512154,2026,TABNET B - MARKET + SEC,1,0,0.38493025
META,2026-04-30,0001628280-26-028364,-0.0948266554954643,-0.0155569070982914,2026,TABNET B - MARKET + SEC,0,0,0.38958624
MSFT,2026-04-30,0001193125-26-191457,-0.0486231754824486,-0.0109677860587226,2026,TABNET B - MARKET + SEC,0,0,0.39569682
QCOM,2026-04-30,0000804328-26-000060,0.1418276564768905,0.0401742225864352,2026,TABNET B - MARKET + SEC,1,0,0.34657612
AAPL,2026-05-01,0000320193-26-000011,0.0227940049742925,-0.0028669651190025,2026,TABNET B - MARKET + SEC,0,0,0.38211396
INTC,2026-05-01,0001193125-26-197845,0.0448034171687428,0.0614269973170729,2026,TABNET B - MARKET + SEC,1,0,0.42358804
META,2026-05-05,0001193125-26-204128,-0.0219024667890024,-0.0189983528936068,2026,TABNET B - MARKET + SEC,0,0,0.41851315
AMD,2026-05-06,0000002488-26-000072,0.1653710025525319,0.0174435268670318,2026,TABNET B - MARKET + SEC,1,0,0.34249634
NVDA,2026-05-11,0001045810-26-000028,0.0168061992095833,0.0211043137808344,2026,TABNET B - MARKET + SEC,1,0,0.38087922
GOOGL,2026-05-12,0001193125-26-216986,0.0051624834241175,0.0014095656150419,2026,TABNET B - MARKET + SEC,1,0,0.4041856
MSFT,2026-05-15,0001193125-26-224155,0.0455934480664714,0.0201701973866516,2026,TABNET B - MARKET + SEC,1,0,0.4097047
AMD,2026-05-18,0001193125-26-226746,-0.0030308987230113,-0.0118592197421618,2026,TABNET B - MARKET + SEC,0,0,0.41839677
INTC,2026-05-18,0000050863-26-000118,-0.0012138983150062,-0.0387538675638343,2026,TABNET B - MARKET + SEC,0,0,0.3534466
NVDA,2026-05-21,0001045810-26-000051,-0.0196275026130384,-0.0202919315077955,2026,TABNET B - MARKET + SEC,0,0,0.40263766
GOOGL,2026-05-22,0001193125-26-234488,-0.0163388825753002,-0.0105694849773525,2026,TABNET B - MARKET + SEC,0,0,0.40782988
AMZN,2026-05-26,0001104659-26-065717,-0.0216227139416436,-0.0158410020689607,2026,TABNET B - MARKET + SEC,0,0,0.418088
META,2026-06-01,0001628280-26-039193,-0.0566556308874622,-0.0552115292853173,2026,TABNET B - MARKET + SEC,0,0,0.40881053
AVGO,2026-06-04,0001730168-26-000051,-0.1210312398743514,0.0172798616329554,2026,TABNET B - MARKET + SEC,1,0,0.3664974
GOOGL,2026-06-05,0001193125-26-257724,0.0381672421712767,0.0402218208000237,2026,TABNET B - MARKET + SEC,1,0,0.38900617
GOOGL,2026-06-08,0001193125-26-259830,-0.0291912288708725,-0.0026967229043125,2026,TABNET B - MARKET + SEC,0,0,0.48229688
NFLX,2026-06-08,0001065280-26-000189,-0.0100182503504155,0.0144249530046822,2026,TABNET B - MARKET + SEC,1,0,0.37069854
AMZN,2026-06-10,0001104659-26-072140,-0.0053726134400394,-0.0116698773160114,2026,TABNET B - MARKET + SEC,0,0,0.3964721
AVGO,2026-06-11,0001193125-26-266777,0.0024240754021118,0.0087014930563651,2026,TABNET B - MARKET + SEC,1,0,0.45521912
ADBE,2026-06-12,0000796343-26-000109,-0.0734349532560182,0.0028061367377654,2026,TABNET B - MARKET + SEC,1,0,0.43620774
GOOGL,2026-06-12,0001193125-26-267578,-0.0005460497805231,-0.0133055350915846,2026,TABNET B - MARKET + SEC,0,0,0.39979127
AMZN,2026-06-15,0001104659-26-073562,-9.957228603751922e-05,-0.0039122307428645,2026,TABNET B - MARKET + SEC,0,0,0.4125945
AVGO,2026-06-18,0001193125-26-275077,0.0218931329896958,-0.000317604097846,2026,TABNET B - MARKET + SEC,0,0,0.41200653
NVDA,2026-06-22,0001193125-26-275783,-0.0071724054817254,-0.007710235866725,2026,TABNET B - MARKET + SEC,0,0,0.40272868
QCOM,2026-06-24,0001104659-26-077071,-0.0286743834556753,-0.0188327726233503,2026,TABNET B - MARKET + SEC,0,0,0.45721105
NVDA,2026-07-01,0001045810-26-000056,0.0027055922428425,0.0125466573486643,2026,TABNET B - MARKET + SEC,1,0,0.42805773
AMD,2026-07-02,0000002488-26-000115,-0.0253003437574649,-0.0199061957949452,2026,TABNET B - MARKET + SEC,0,0,0.3888674
TSLA,2026-07-02,0001628280-26-046717,-0.0575543818261817,-0.0628565756754723,2026,TABNET B - MARKET + SEC,0,0,0.4388983
AVGO,2026-07-06,0001193125-26-295589,0.0229725241748379,-0.0032380661653597,2026,TABNET B - MARKET + SEC,0,0,0.45039153
AMZN,2026-07-10,0001104659-26-082293,-0.0099646140288109,-0.0235444567364055,2026,TABNET B - MARKET + SEC,0,0,0.39680675
NFLX,2026-07-17,0001065280-26-000211,-0.057599892179291,0.0476725804437911,2026,TABNET B - MARKET + SEC,1,0,0.32761222
ADBE,2026-07-20,0000796343-26-000120,-0.011629367377381,0.0047412792953291,2026,TABNET B - MARKET + SEC,1,0,0.36780697
GOOGL,2026-07-23,0001652044-26-000066,-0.0523428238232774,-0.0068111033037658,2026,TABNET B - MARKET + SEC,0,0,0.384802
NFLX,2026-07-23,0001193125-26-312575,0.0242366010624127,0.0085678362373775,2026,TABNET B - MARKET + SEC,1,0,0.3916876
TSLA,2026-07-23,0001628280-26-049213,-0.1262533558961757,-0.0585915846858855,2026,TABNET B - MARKET + SEC,0,0,0.41709447
INTC,2026-07-24,0000050863-26-000155,-0.0677472957838671,-0.0711604142334447,2026,TABNET B - MARKET + SEC,0,0,0.39155108
META,2026-07-30,0001628280-26-050596,-0.1125151041907142,0.0117450975750164,2026,TABNET B - MARKET + SEC,1,0,0.428618
MSFT,2026-07-30,0001193125-26-323632,0.1220932058569126,0.0171170755192331,2026,TABNET B - MARKET + SEC,1,0,0.38775536
QCOM,2026-07-30,0000804328-26-000085,-0.0591817061233279,0.0214324277981945,2026,TABNET B - MARKET + SEC,1,0,0.47942567
AAPL,2026-07-31,0000320193-26-000018,-0.0800340895161154,0.0194038264358225,2026,TABNET B - MARKET + SEC,1,0,0.39722493
AMZN,2026-07-31,0001018724-26-000024,0.1467103826662883,0.0307829420489287,2026,TABNET B - MARKET + SEC,1,0,0.34416047
NFLX,2026-07-31,0001065280-26-000214,-0.0264490259696927,0.0023401580514879,2026,TABNET B - MARKET + SEC,1,0,0.39829472
QCOM,2026-08-03,0001104659-26-089234,0.0092690762540241,0.019630447514588,2026,TABNET B - MARKET + SEC,1,0,0.35501444
AMD,2026-08-05,0000002488-26-000121,-0.0613935964812326,0.0072668121016936,2026,TABNET B - MARKET + SEC,1,0,0.43216679
GOOGL,2026-08-11,0001193125-26-342390,-0.0350184491059453,-0.0272796468601477,2026,TABNET B - MARKET + SEC,0,0,0.40818343
INTC,2026-08-13,0001193125-26-346806,0.0241947255920518,0.0205034258151435,2026,TABNET B - MARKET + SEC,1,0,0.39698026
AAPL,2026-01-05,0001140361-26-000199,-0.0217799468616566,-0.0103413883295395,2026,TABNET C - MARKET + SEC + FINBERT,0,0,0.46711287
AVGO,2026-01-14,0001193125-26-011731,-0.0308274202273529,-0.0216962952747108,2026,TABNET C - MARKET + SEC + FINBERT,0,1,0.5061393
META,2026-01-20,0001628280-26-002429,-0.0047584991112157,-0.0021397303181613,2026,TABNET C - MARKET + SEC + FINBERT,0,1,0.5719597
NFLX,2026-01-20,0001193125-26-015951,0.0128380428459016,-0.0151742341985336,2026,TABNET C - MARKET + SEC + FINBERT,0,1,0.5371576
QCOM,2026-01-20,0000804328-26-000008,-0.0123120567771578,-0.0016334674875372,2026,TABNET C - MARKET + SEC + FINBERT,0,1,0.5243422
AMD,2026-01-21,0000002488-26-000002,0.0635771921622683,0.0473456777326968,2026,TABNET C - MARKET + SEC + FINBERT,1,0,0.43400347
NFLX,2026-01-21,0001065280-26-000033,-0.0352924053531309,0.0232422093035407,2026,TABNET C - MARKET + SEC + FINBERT,1,0,0.43121445
INTC,2026-01-23,0000050863-26-000009,-0.1734446087334877,-0.0430235754619413,2026,TABNET C - MARKET + SEC + FINBERT,0,0,0.2663792
INTC,2026-01-26,0000050863-26-000031,-0.0616443526820043,-0.0440348464397251,2026,TABNET C - MARKET + SEC + FINBERT,0,1,0.64496505
NVDA,2026-01-26,0001045810-26-000003,-0.0107942800846292,-0.0072970380480024,2026,TABNET C - MARKET + SEC + FINBERT,0,1,0.5286353
ADBE,2026-01-28,0000796343-26-000019,0.0039508357181503,0.003258059807592,2026,TABNET C - MARKET + SEC + FINBERT,1,1,0.54490465
META,2026-01-29,0001628280-26-003832,0.1100332620328821,0.0062830922555235,2026,TABNET C - MARKET + SEC + FINBERT,1,0,0.33666393
MSFT,2026-01-29,0001193125-26-027198,-0.0939462490812705,-0.0096605613494352,2026,TABNET C - MARKET + SEC + FINBERT,0,0,0.33854285
TSLA,2026-01-29,0001628280-26-003837,-0.0285486210897105,-0.0434255308205537,2026,TABNET C - MARKET + SEC + FINBERT,0,0,0.41586533
AAPL,2026-01-30,0000320193-26-000005,0.0166569789377926,0.0230278217096914,2026,TABNET C - MARKET + SEC + FINBERT,1,0,0.3965979
AMD,2026-02-04,0000002488-26-000014,-0.1556754118391105,-0.0538109977331892,2026,TABNET C - MARKET + SEC + FINBERT,0,0,0.42918086
GOOGL,2026-02-05,0001652044-26-000012,0.0090205057778721,0.0662487408523784,2026,TABNET C - MARKET + SEC + FINBERT,1,0,0.25367892
QCOM,2026-02-05,0000804328-26-000016,-0.0701637225601233,0.0307269997086276,2026,TABNET C - MARKET + SEC + FINBERT,1,1,0.50420105
AMZN,2026-02-06,0001018724-26-000002,-0.0766859095832953,0.0218308409733383,2026,TABNET C - MARKET + SEC + FINBERT,1,1,0.734707
GOOGL,2026-02-17,0001193125-26-051423,-0.0110725550963733,0.0017192411931825,2026,TABNET C - MARKET + SEC + FINBERT,1,1,0.52533436
AMD,2026-02-18,0000002488-26-000029,-0.0220427383261037,0.0025066459721003,2026,TABNET C - MARKET + SEC + FINBERT,1,0,0.43396154
AMD,2026-02-24,0000002488-26-000045,0.0769491952441228,0.0013624169613037,2026,TABNET C - MARKET + SEC + FINBERT,1,1,0.6582265
AAPL,2026-02-25,0001140361-26-006577,-0.0068133729662351,-0.0001659043702417,2026,TABNET C - MARKET + SEC + FINBERT,0,0,0.45434174
NVDA,2026-02-26,0001045810-26-000019,-0.042496617762763,-0.0379679747996765,2026,TABNET C - MARKET + SEC + FINBERT,0,0,0.39725783
AMZN,2026-02-27,0001104659-26-021050,0.0132046120006229,0.0081787591184356,2026,TABNET C - MARKET + SEC + FINBERT,1,0,0.4802804
AVGO,2026-03-03,0001193125-26-085656,-0.0049144362597486,-0.0061201555946002,2026,TABNET C - MARKET + SEC + FINBERT,0,1,0.56579787
INTC,2026-03-04,0000050863-26-000044,0.0422975276530752,0.0233559686390798,2026,TABNET C - MARKET + SEC + FINBERT,1,0,0.29096717
AVGO,2026-03-05,0001730168-26-000011,0.0510081539046997,0.0053582738545181,2026,TABNET C - MARKET + SEC + FINBERT,1,0,0.4671458
GOOGL,2026-03-09,0001652044-26-000026,0.0136296578488566,0.0179973989442567,2026,TABNET C - MARKET + SEC + FINBERT,1,1,0.5112582
NVDA,2026-03-09,0001045810-26-000024,0.013806678855444,0.0101439104808573,2026,TABNET C - MARKET + SEC + FINBERT,1,1,0.55511475
ADBE,2026-03-13,0000796343-26-000048,-0.0699123452534083,0.0113063627824637,2026,TABNET C - MARKET + SEC + FINBERT,1,1,0.6942952
AMZN,2026-03-16,0001104659-26-027729,0.0083809647767647,0.0157040212697481,2026,TABNET C - MARKET + SEC + FINBERT,1,1,0.5419606
AMZN,2026-03-17,0001104659-26-028556,0.0114605156306819,0.0109012804045238,2026,TABNET C - MARKET + SEC + FINBERT,1,1,0.5177638
QCOM,2026-03-20,0000804328-26-000041,0.0079698096776174,0.0044889041274942,2026,TABNET C - MARKET + SEC + FINBERT,1,1,0.5052101
TSLA,2026-04-02,0001628280-26-022956,-0.0553616328176903,-0.0290943846448863,2026,TABNET C - MARKET + SEC + FINBERT,0,0,0.44396535
AVGO,2026-04-06,0001193125-26-140574,-0.0063988681204529,-0.0058718684103425,2026,TABNET C - MARKET + SEC + FINBERT,0,1,0.5373625
GOOGL,2026-04-06,0001652044-26-000031,0.0082504348362495,0.0100527845935252,2026,TABNET C - MARKET + SEC + FINBERT,1,0,0.49679852
INTC,2026-04-06,0000050863-26-000069,0.0019222474605418,-0.0058376875250483,2026,TABNET C - MARKET + SEC + FINBERT,0,0,0.2538602
AVGO,2026-04-07,0001193125-26-144028,0.0619912664480655,0.0171216935941338,2026,TABNET C - MARKET + SEC + FINBERT,1,1,0.5227762
AMZN,2026-04-09,0001104659-26-041034,0.0492804640933421,0.0303534687607456,2026,TABNET C - MARKET + SEC + FINBERT,1,0,0.46323285
INTC,2026-04-09,0000050863-26-000072,0.0402242748034202,0.0498187770797828,2026,TABNET C - MARKET + SEC + FINBERT,1,0,0.48262888
GOOGL,2026-04-13,0001652044-26-000034,0.0024868969699596,0.000170379551692,2026,TABNET C - MARKET + SEC + FINBERT,1,1,0.5259502
AMZN,2026-04-14,0001104659-26-042880,0.0199021520163233,0.016433257387515,2026,TABNET C - MARKET + SEC + FINBERT,1,0,0.46204963
META,2026-04-15,0001628280-26-025108,-0.0002783824166061,-0.0063590818176222,2026,TABNET C - MARKET + SEC + FINBERT,0,1,0.5130015
NFLX,2026-04-17,0001065280-26-000137,-0.110310240572915,0.004704453846027,2026,TABNET C - MARKET + SEC + FINBERT,1,0,0.4146237
AAPL,2026-04-21,0001140361-26-015711,-0.0213933529678685,-0.0133393788829566,2026,TABNET C - MARKET + SEC + FINBERT,0,1,0.5085938
ADBE,2026-04-22,0000796343-26-000101,0.0187092090498186,-0.0031548534392964,2026,TABNET C - MARKET + SEC + FINBERT,0,1,0.5020686
AVGO,2026-04-22,0001730168-26-000039,0.0341930534958387,0.0308741291936955,2026,TABNET C - MARKET + SEC + FINBERT,1,0,0.24038851
NFLX,2026-04-23,0001065280-26-000139,0.0011281946640834,-0.009923921481999,2026,TABNET C - MARKET + SEC + FINBERT,0,1,0.5923525
TSLA,2026-04-23,0001628280-26-026551,-0.0299535199415285,-0.0008977589101131,2026,TABNET C - MARKET + SEC + FINBERT,0,1,0.5526121
INTC,2026-04-24,0000050863-26-000077,0.2168713502986243,-0.0040184646610659,2026,TABNET C - MARKET + SEC + FINBERT,0,0,0.28597057
INTC,2026-04-27,0000050863-26-000083,0.0291553468152547,0.0145251963407004,2026,TABNET C - MARKET + SEC + FINBERT,1,0,0.02648973
NVDA,2026-04-28,0001045810-26-000026,-0.0058242896842328,0.0173534563331154,2026,TABNET C - MARKET + SEC + FINBERT,1,0,0.4482664
AMZN,2026-04-30,0001018724-26-000012,-0.0016468727883254,-0.0332806455473947,2026,TABNET C - MARKET + SEC + FINBERT,0,0,0.37640014
GOOGL,2026-04-30,0001652044-26-000043,0.0902907529038123,0.025092301512154,2026,TABNET C - MARKET + SEC + FINBERT,1,0,0.31708488
META,2026-04-30,0001628280-26-028364,-0.0948266554954643,-0.0155569070982914,2026,TABNET C - MARKET + SEC + FINBERT,0,0,0.4527535
MSFT,2026-04-30,0001193125-26-191457,-0.0486231754824486,-0.0109677860587226,2026,TABNET C - MARKET + SEC + FINBERT,0,0,0.463494
QCOM,2026-04-30,0000804328-26-000060,0.1418276564768905,0.0401742225864352,2026,TABNET C - MARKET + SEC + FINBERT,1,0,0.30253834
AAPL,2026-05-01,0000320193-26-000011,0.0227940049742925,-0.0028669651190025,2026,TABNET C - MARKET + SEC + FINBERT,0,0,0.4939444
INTC,2026-05-01,0001193125-26-197845,0.0448034171687428,0.0614269973170729,2026,TABNET C - MARKET + SEC + FINBERT,1,0,0.18003733
META,2026-05-05,0001193125-26-204128,-0.0219024667890024,-0.0189983528936068,2026,TABNET C - MARKET + SEC + FINBERT,0,1,0.5376044
AMD,2026-05-06,0000002488-26-000072,0.1653710025525319,0.0174435268670318,2026,TABNET C - MARKET + SEC + FINBERT,1,0,0.40253037
NVDA,2026-05-11,0001045810-26-000028,0.0168061992095833,0.0211043137808344,2026,TABNET C - MARKET + SEC + FINBERT,1,1,0.5546072
GOOGL,2026-05-12,0001193125-26-216986,0.0051624834241175,0.0014095656150419,2026,TABNET C - MARKET + SEC + FINBERT,1,1,0.51443994
MSFT,2026-05-15,0001193125-26-224155,0.0455934480664714,0.0201701973866516,2026,TABNET C - MARKET + SEC + FINBERT,1,1,0.5022003
AMD,2026-05-18,0001193125-26-226746,-0.0030308987230113,-0.0118592197421618,2026,TABNET C - MARKET + SEC + FINBERT,0,1,0.55496687
INTC,2026-05-18,0000050863-26-000118,-0.0012138983150062,-0.0387538675638343,2026,TABNET C - MARKET + SEC + FINBERT,0,0,0.34611458
NVDA,2026-05-21,0001045810-26-000051,-0.0196275026130384,-0.0202919315077955,2026,TABNET C - MARKET + SEC + FINBERT,0,0,0.4239291
GOOGL,2026-05-22,0001193125-26-234488,-0.0163388825753002,-0.0105694849773525,2026,TABNET C - MARKET + SEC + FINBERT,0,1,0.51669914
AMZN,2026-05-26,0001104659-26-065717,-0.0216227139416436,-0.0158410020689607,2026,TABNET C - MARKET + SEC + FINBERT,0,0,0.3926991
META,2026-06-01,0001628280-26-039193,-0.0566556308874622,-0.0552115292853173,2026,TABNET C - MARKET + SEC + FINBERT,0,0,0.45034263
AVGO,2026-06-04,0001730168-26-000051,-0.1210312398743514,0.0172798616329554,2026,TABNET C - MARKET + SEC + FINBERT,1,0,0.3040188
GOOGL,2026-06-05,0001193125-26-257724,0.0381672421712767,0.0402218208000237,2026,TABNET C - MARKET + SEC + FINBERT,1,0,0.48764333
GOOGL,2026-06-08,0001193125-26-259830,-0.0291912288708725,-0.0026967229043125,2026,TABNET C - MARKET + SEC + FINBERT,0,0,0.41257533
NFLX,2026-06-08,0001065280-26-000189,-0.0100182503504155,0.0144249530046822,2026,TABNET C - MARKET + SEC + FINBERT,1,0,0.47877258
AMZN,2026-06-10,0001104659-26-072140,-0.0053726134400394,-0.0116698773160114,2026,TABNET C - MARKET + SEC + FINBERT,0,1,0.57580453
AVGO,2026-06-11,0001193125-26-266777,0.0024240754021118,0.0087014930563651,2026,TABNET C - MARKET + SEC + FINBERT,1,0,0.42027023
ADBE,2026-06-12,0000796343-26-000109,-0.0734349532560182,0.0028061367377654,2026,TABNET C - MARKET + SEC + FINBERT,1,1,0.5992848
GOOGL,2026-06-12,0001193125-26-267578,-0.0005460497805231,-0.0133055350915846,2026,TABNET C - MARKET + SEC + FINBERT,0,0,0.4792048
AMZN,2026-06-15,0001104659-26-073562,-9.957228603751922e-05,-0.0039122307428645,2026,TABNET C - MARKET + SEC + FINBERT,0,0,0.4691236
AVGO,2026-06-18,0001193125-26-275077,0.0218931329896958,-0.000317604097846,2026,TABNET C - MARKET + SEC + FINBERT,0,0,0.46959358
NVDA,2026-06-22,0001193125-26-275783,-0.0071724054817254,-0.007710235866725,2026,TABNET C - MARKET + SEC + FINBERT,0,0,0.45988575
QCOM,2026-06-24,0001104659-26-077071,-0.0286743834556753,-0.0188327726233503,2026,TABNET C - MARKET + SEC + FINBERT,0,1,0.602256
NVDA,2026-07-01,0001045810-26-000056,0.0027055922428425,0.0125466573486643,2026,TABNET C - MARKET + SEC + FINBERT,1,0,0.49235073
AMD,2026-07-02,0000002488-26-000115,-0.0253003437574649,-0.0199061957949452,2026,TABNET C - MARKET + SEC + FINBERT,0,1,0.59710646
TSLA,2026-07-02,0001628280-26-046717,-0.0575543818261817,-0.0628565756754723,2026,TABNET C - MARKET + SEC + FINBERT,0,1,0.5241085
AVGO,2026-07-06,0001193125-26-295589,0.0229725241748379,-0.0032380661653597,2026,TABNET C - MARKET + SEC + FINBERT,0,1,0.5096957
AMZN,2026-07-10,0001104659-26-082293,-0.0099646140288109,-0.0235444567364055,2026,TABNET C - MARKET + SEC + FINBERT,0,0,0.49830404
NFLX,2026-07-17,0001065280-26-000211,-0.057599892179291,0.0476725804437911,2026,TABNET C - MARKET + SEC + FINBERT,1,0,0.41675526
ADBE,2026-07-20,0000796343-26-000120,-0.011629367377381,0.0047412792953291,2026,TABNET C - MARKET + SEC + FINBERT,1,0,0.49897334
GOOGL,2026-07-23,0001652044-26-000066,-0.0523428238232774,-0.0068111033037658,2026,TABNET C - MARKET + SEC + FINBERT,0,0,0.38703445
NFLX,2026-07-23,0001193125-26-312575,0.0242366010624127,0.0085678362373775,2026,TABNET C - MARKET + SEC + FINBERT,1,1,0.5343402
TSLA,2026-07-23,0001628280-26-049213,-0.1262533558961757,-0.0585915846858855,2026,TABNET C - MARKET + SEC + FINBERT,0,0,0.35603017
INTC,2026-07-24,0000050863-26-000155,-0.0677472957838671,-0.0711604142334447,2026,TABNET C - MARKET + SEC + FINBERT,0,1,0.5117371
META,2026-07-30,0001628280-26-050596,-0.1125151041907142,0.0117450975750164,2026,TABNET C - MARKET + SEC + FINBERT,1,0,0.44663855
MSFT,2026-07-30,0001193125-26-323632,0.1220932058569126,0.0171170755192331,2026,TABNET C - MARKET + SEC + FINBERT,1,0,0.4251665
QCOM,2026-07-30,0000804328-26-000085,-0.0591817061233279,0.0214324277981945,2026,TABNET C - MARKET + SEC + FINBERT,1,0,0.3751239
AAPL,2026-07-31,0000320193-26-000018,-0.0800340895161154,0.0194038264358225,2026,TABNET C - MARKET + SEC + FINBERT,1,0,0.37646693
AMZN,2026-07-31,0001018724-26-000024,0.1467103826662883,0.0307829420489287,2026,TABNET C - MARKET + SEC + FINBERT,1,0,0.2873985
NFLX,2026-07-31,0001065280-26-000214,-0.0264490259696927,0.0023401580514879,2026,TABNET C - MARKET + SEC + FINBERT,1,1,0.5162959
QCOM,2026-08-03,0001104659-26-089234,0.0092690762540241,0.019630447514588,2026,TABNET C - MARKET + SEC + FINBERT,1,1,0.50267506
AMD,2026-08-05,0000002488-26-000121,-0.0613935964812326,0.0072668121016936,2026,TABNET C - MARKET + SEC + FINBERT,1,0,0.326509
GOOGL,2026-08-11,0001193125-26-342390,-0.0350184491059453,-0.0272796468601477,2026,TABNET C - MARKET + SEC + FINBERT,0,1,0.51840925
INTC,2026-08-13,0001193125-26-346806,0.0241947255920518,0.0205034258151435,2026,TABNET C - MARKET + SEC + FINBERT,1,0,0.35852724
