Ticker,Event_Session,Accession,Abnormal_Event_Return_1D,Test_Year,Model,y_true,y_pred,y_prob
TSLA,2023-01-03,0001564590-23-000002,-0.1156626029715772,2023,TRANSFORMER A - MARKET SEQUENCE,0,0,0.40341103
AMZN,2023-01-04,0001193125-23-000849,-0.0126874047892023,2023,TRANSFORMER A - MARKET SEQUENCE,0,0,0.42068952
AMZN,2023-01-09,0001193125-23-003621,0.0083966123432253,2023,TRANSFORMER A - MARKET SEQUENCE,1,0,0.42798877
NFLX,2023-01-10,0001065280-23-000033,0.0307841637685732,2023,TRANSFORMER A - MARKET SEQUENCE,1,0,0.41122803
AMD,2023-01-12,0000002488-23-000003,0.0197908777240125,2023,TRANSFORMER A - MARKET SEQUENCE,1,0,0.43395415
MSFT,2023-01-18,0001193125-23-009934,-0.0058892943858197,2023,TRANSFORMER A - MARKET SEQUENCE,0,0,0.4317624
ADBE,2023-01-20,0001193125-23-010953,0.0130674405656026,2023,TRANSFORMER A - MARKET SEQUENCE,1,0,0.45889542
GOOGL,2023-01-20,0001193125-23-011424,0.0260450407183294,2023,TRANSFORMER A - MARKET SEQUENCE,1,0,0.41254503
NFLX,2023-01-20,0001065280-23-000034,0.0572489103058366,2023,TRANSFORMER A - MARKET SEQUENCE,1,0,0.4356029
GOOGL,2023-01-25,0001652044-23-000005,-0.0231642351820809,2023,TRANSFORMER A - MARKET SEQUENCE,0,0,0.43178105
MSFT,2023-01-25,0001193125-23-014230,-0.0036885384161526,2023,TRANSFORMER A - MARKET SEQUENCE,0,0,0.43449396
TSLA,2023-01-26,0001564590-23-000799,0.0901749716638331,2023,TRANSFORMER A - MARKET SEQUENCE,1,0,0.42907685
ADBE,2023-01-27,0000796343-23-000011,0.0034129275728016,2023,TRANSFORMER A - MARKET SEQUENCE,1,0,0.49388516
INTC,2023-01-27,0000050863-23-000005,-0.0740952725446291,2023,TRANSFORMER A - MARKET SEQUENCE,0,0,0.44922367
AMD,2023-02-01,0000002488-23-000007,0.1048972177127625,2023,TRANSFORMER A - MARKET SEQUENCE,1,0,0.4812944
META,2023-02-02,0001326801-23-000008,0.1969340821892096,2023,TRANSFORMER A - MARKET SEQUENCE,1,1,0.5121845
META,2023-02-02,0001326801-23-000015,0.1969340821892096,2023,TRANSFORMER A - MARKET SEQUENCE,1,1,0.5121845
AAPL,2023-02-03,0000320193-23-000005,0.0421720294528882,2023,TRANSFORMER A - MARKET SEQUENCE,1,0,0.48648953
AMZN,2023-02-03,0001018724-23-000002,-0.0665428705929577,2023,TRANSFORMER A - MARKET SEQUENCE,0,1,0.50960547
GOOGL,2023-02-03,0001652044-23-000013,-0.0097015759028906,2023,TRANSFORMER A - MARKET SEQUENCE,0,0,0.49096945
QCOM,2023-02-03,0000804328-23-000005,0.0116624683230065,2023,TRANSFORMER A - MARKET SEQUENCE,1,0,0.4996768
INTC,2023-02-13,0001193125-23-032608,0.010962445107721,2023,TRANSFORMER A - MARKET SEQUENCE,1,0,0.49910444
META,2023-02-14,0001326801-23-000019,-0.0071100853121055,2023,TRANSFORMER A - MARKET SEQUENCE,0,1,0.5271822
META,2023-02-16,0001326801-23-000023,-0.0078785764048915,2023,TRANSFORMER A - MARKET SEQUENCE,0,1,0.5263987
AMD,2023-02-22,0000002488-23-000040,-0.0028323607186724,2023,TRANSFORMER A - MARKET SEQUENCE,0,1,0.51348406
NVDA,2023-02-23,0001045810-23-000014,0.1314801638817893,2023,TRANSFORMER A - MARKET SEQUENCE,1,0,0.49921903
NFLX,2023-02-27,0001065280-23-000062,0.0113788143841266,2023,TRANSFORMER A - MARKET SEQUENCE,1,0,0.49314892
AVGO,2023-03-03,0001730168-23-000004,0.0363046420744643,2023,TRANSFORMER A - MARKET SEQUENCE,1,0,0.45855606
NVDA,2023-03-09,0001045810-23-000039,-0.0134834368810579,2023,TRANSFORMER A - MARKET SEQUENCE,0,0,0.4620277
QCOM,2023-03-10,0000804328-23-000014,-0.0032739796234806,2023,TRANSFORMER A - MARKET SEQUENCE,0,0,0.46419814
AAPL,2023-03-13,0001140361-23-011192,0.0058497848101484,2023,TRANSFORMER A - MARKET SEQUENCE,1,1,0.5032637
META,2023-03-14,0001326801-23-000035,0.0495468949337063,2023,TRANSFORMER A - MARKET SEQUENCE,1,0,0.4860693
ADBE,2023-03-16,0000796343-23-000044,0.0326303491875359,2023,TRANSFORMER A - MARKET SEQUENCE,1,0,0.43712932
TSLA,2023-04-03,0001564590-23-005126,-0.0587382824851233,2023,TRANSFORMER A - MARKET SEQUENCE,0,0,0.44700083
TSLA,2023-04-06,0001564590-23-005462,-0.0092216578915419,2023,TRANSFORMER A - MARKET SEQUENCE,0,0,0.4513122
AVGO,2023-04-10,0001730168-23-000052,0.0081945591011061,2023,TRANSFORMER A - MARKET SEQUENCE,1,1,0.5033038
META,2023-04-11,0001326801-23-000038,0.0022272286868032,2023,TRANSFORMER A - MARKET SEQUENCE,1,0,0.48631597
AMZN,2023-04-13,0001104659-23-044715,0.0271314504206705,2023,TRANSFORMER A - MARKET SEQUENCE,1,0,0.4944671
NFLX,2023-04-19,0001065280-23-000119,-0.0312345843673167,2023,TRANSFORMER A - MARKET SEQUENCE,0,0,0.4716435
TSLA,2023-04-20,0001564590-23-005959,-0.08983375261356,2023,TRANSFORMER A - MARKET SEQUENCE,0,0,0.43852532
GOOGL,2023-04-21,0001652044-23-000034,9.63314963853268e-05,2023,TRANSFORMER A - MARKET SEQUENCE,1,0,0.48819956
GOOGL,2023-04-24,0001193125-23-110657,0.0073969750384568,2023,TRANSFORMER A - MARKET SEQUENCE,1,0,0.49077386
ADBE,2023-04-25,0000796343-23-000084,-0.0016745500728818,2023,TRANSFORMER A - MARKET SEQUENCE,0,1,0.5108463
GOOGL,2023-04-26,0001652044-23-000041,-0.0074129552430888,2023,TRANSFORMER A - MARKET SEQUENCE,0,0,0.49387634
MSFT,2023-04-26,0001193125-23-115280,0.0663699987899579,2023,TRANSFORMER A - MARKET SEQUENCE,1,1,0.50957924
META,2023-04-27,0001326801-23-000063,0.1120642725793501,2023,TRANSFORMER A - MARKET SEQUENCE,1,0,0.49970597
AMZN,2023-04-28,0001018724-23-000006,-0.0466911150938218,2023,TRANSFORMER A - MARKET SEQUENCE,0,1,0.51984155
INTC,2023-04-28,0000050863-23-000027,0.0332887485186346,2023,TRANSFORMER A - MARKET SEQUENCE,1,0,0.49471295
AMD,2023-05-03,0000002488-23-000074,-0.085659162288213,2023,TRANSFORMER A - MARKET SEQUENCE,0,0,0.47419366
META,2023-05-04,0001193125-23-134410,-0.0112784218944868,2023,TRANSFORMER A - MARKET SEQUENCE,0,0,0.49839583
QCOM,2023-05-04,0000804328-23-000022,-0.0518632055105057,2023,TRANSFORMER A - MARKET SEQUENCE,0,0,0.4430195
AAPL,2023-05-05,0000320193-23-000063,0.0256723276771388,2023,TRANSFORMER A - MARKET SEQUENCE,1,0,0.49335825
AAPL,2023-05-11,0001140361-23-023909,-0.0021653136587604,2023,TRANSFORMER A - MARKET SEQUENCE,0,1,0.50528336
INTC,2023-05-17,0000050863-23-000057,-0.0240824677252745,2023,TRANSFORMER A - MARKET SEQUENCE,0,0,0.45774454
AVGO,2023-05-23,0001730168-23-000054,0.024660942351777,2023,TRANSFORMER A - MARKET SEQUENCE,1,0,0.4609737
TSLA,2023-05-23,0001564590-23-007379,-0.0037370829792082,2023,TRANSFORMER A - MARKET SEQUENCE,0,0,0.43951398
AMD,2023-05-24,0001193125-23-151810,0.0065168573208831,2023,TRANSFORMER A - MARKET SEQUENCE,1,0,0.480139
NVDA,2023-05-25,0001045810-23-000087,0.2193635503028916,2023,TRANSFORMER A - MARKET SEQUENCE,1,0,0.4720122
AMZN,2023-05-30,0001104659-23-065457,0.0083699568125639,2023,TRANSFORMER A - MARKET SEQUENCE,1,1,0.5167904
AVGO,2023-06-02,0001730168-23-000062,0.0204136700299908,2023,TRANSFORMER A - MARKET SEQUENCE,1,1,0.5055296
META,2023-06-02,0001326801-23-000083,-0.0074994779699797,2023,TRANSFORMER A - MARKET SEQUENCE,0,1,0.5048074
NFLX,2023-06-07,0001065280-23-000173,0.0181674905771941,2023,TRANSFORMER A - MARKET SEQUENCE,1,0,0.49534452
GOOGL,2023-06-09,0001193125-23-163590,-0.0030856693114207,2023,TRANSFORMER A - MARKET SEQUENCE,0,1,0.5082303
ADBE,2023-06-16,0000796343-23-000133,0.0149912025111474,2023,TRANSFORMER A - MARKET SEQUENCE,1,1,0.5124385
NVDA,2023-06-28,0001045810-23-000146,-0.0200762783650921,2023,TRANSFORMER A - MARKET SEQUENCE,0,0,0.49748334
TSLA,2023-07-03,0000950170-23-031241,0.0665989378084803,2023,TRANSFORMER A - MARKET SEQUENCE,1,1,0.5165978
MSFT,2023-07-05,0001193125-23-181341,0.0005002136380145,2023,TRANSFORMER A - MARKET SEQUENCE,1,0,0.48904338
AMD,2023-07-11,0000002488-23-000123,-0.0248384473724802,2023,TRANSFORMER A - MARKET SEQUENCE,0,0,0.46309155
NFLX,2023-07-20,0001065280-23-000197,-0.0610580448617663,2023,TRANSFORMER A - MARKET SEQUENCE,0,0,0.495536
TSLA,2023-07-20,0000950170-23-033544,-0.0743183759627788,2023,TRANSFORMER A - MARKET SEQUENCE,0,0,0.4957014
TSLA,2023-07-21,0000950170-23-033695,-0.0079554487266981,2023,TRANSFORMER A - MARKET SEQUENCE,0,0,0.49445283
QCOM,2023-07-24,0000804328-23-000033,-0.0065684564186472,2023,TRANSFORMER A - MARKET SEQUENCE,0,0,0.48829645
NVDA,2023-07-25,0001045810-23-000164,0.0171394492326342,2023,TRANSFORMER A - MARKET SEQUENCE,1,0,0.47263357
GOOGL,2023-07-26,0001652044-23-000067,0.061096015137146,2023,TRANSFORMER A - MARKET SEQUENCE,1,0,0.45770547
MSFT,2023-07-26,0000950170-23-034400,-0.034310995180814,2023,TRANSFORMER A - MARKET SEQUENCE,0,0,0.47576955
META,2023-07-27,0001326801-23-000089,0.0463939054796148,2023,TRANSFORMER A - MARKET SEQUENCE,1,1,0.50172484
INTC,2023-07-28,0000050863-23-000068,0.0477766020221386,2023,TRANSFORMER A - MARKET SEQUENCE,1,0,0.46847975
AMD,2023-08-02,0000002488-23-000135,-0.0482088825118669,2023,TRANSFORMER A - MARKET SEQUENCE,0,0,0.46339807
QCOM,2023-08-03,0000804328-23-000042,-0.0801642054340697,2023,TRANSFORMER A - MARKET SEQUENCE,0,0,0.4820945
AAPL,2023-08-04,0000320193-23-000075,-0.0433382558458399,2023,TRANSFORMER A - MARKET SEQUENCE,0,0,0.47691444
AMZN,2023-08-04,0001018724-23-000010,0.0873752416345134,2023,TRANSFORMER A - MARKET SEQUENCE,1,0,0.482417
TSLA,2023-08-07,0000950170-23-038779,-0.0179603650497207,2023,TRANSFORMER A - MARKET SEQUENCE,0,0,0.44321555
INTC,2023-08-16,0000050863-23-000078,-0.0250740547547553,2023,TRANSFORMER A - MARKET SEQUENCE,0,0,0.4556269
AVGO,2023-08-17,0001140361-23-040084,0.0038521796142713,2023,TRANSFORMER A - MARKET SEQUENCE,1,0,0.4690336
NVDA,2023-08-24,0001045810-23-000171,0.0223732421715135,2023,TRANSFORMER A - MARKET SEQUENCE,1,0,0.45462325
AVGO,2023-09-01,0001730168-23-000074,-0.0535203111534513,2023,TRANSFORMER A - MARKET SEQUENCE,0,0,0.44972456
NFLX,2023-09-11,0001065280-23-000236,-0.0060013129046143,2023,TRANSFORMER A - MARKET SEQUENCE,0,0,0.4140741
AMZN,2023-09-14,0001018724-23-000014,-0.0090747963121458,2023,TRANSFORMER A - MARKET SEQUENCE,0,0,0.45414862
ADBE,2023-09-15,0000796343-23-000198,-0.0250204595175781,2023,TRANSFORMER A - MARKET SEQUENCE,0,0,0.47317824
TSLA,2023-10-02,0000950170-23-050938,-0.0028302059470439,2023,TRANSFORMER A - MARKET SEQUENCE,0,0,0.45332348
INTC,2023-10-06,0000050863-23-000092,-0.0083966624973763,2023,TRANSFORMER A - MARKET SEQUENCE,0,0,0.45485565
MSFT,2023-10-12,0001193125-23-254151,-0.0003152475164538,2023,TRANSFORMER A - MARKET SEQUENCE,0,0,0.46077156
MSFT,2023-10-13,0001193125-23-255762,0.0022123145096651,2023,TRANSFORMER A - MARKET SEQUENCE,1,0,0.46193117
MSFT,2023-10-17,0001104659-23-109428,0.0015315253507084,2023,TRANSFORMER A - MARKET SEQUENCE,1,0,0.4604648
NVDA,2023-10-18,0001045810-23-000217,-0.0265289918074216,2023,TRANSFORMER A - MARKET SEQUENCE,0,0,0.42477915
AVGO,2023-10-19,0001140361-23-048712,-0.0122885249909284,2023,TRANSFORMER A - MARKET SEQUENCE,0,0,0.4417149
NFLX,2023-10-19,0001065280-23-000272,0.1699043433400879,2023,TRANSFORMER A - MARKET SEQUENCE,1,0,0.40060225
TSLA,2023-10-19,0001628280-23-034588,-0.0836463982176319,2023,TRANSFORMER A - MARKET SEQUENCE,0,0,0.45519894
NVDA,2023-10-24,0001045810-23-000221,0.006281248925126,2023,TRANSFORMER A - MARKET SEQUENCE,1,0,0.42210126
GOOGL,2023-10-25,0001652044-23-000088,-0.070618261885621,2023,TRANSFORMER A - MARKET SEQUENCE,0,0,0.4532126
MSFT,2023-10-25,0000950170-23-054848,0.055153730341209,2023,TRANSFORMER A - MARKET SEQUENCE,1,0,0.46514854
META,2023-10-26,0001326801-23-000100,-0.0182578560401341,2023,TRANSFORMER A - MARKET SEQUENCE,0,0,0.4900434
ADBE,2023-10-27,0000796343-23-000226,-0.0167792996541474,2023,TRANSFORMER A - MARKET SEQUENCE,0,0,0.4383993
AMZN,2023-10-27,0001018724-23-000016,0.0635268378150237,2023,TRANSFORMER A - MARKET SEQUENCE,1,0,0.44362414
INTC,2023-10-27,0000050863-23-000100,0.0880648094491469,2023,TRANSFORMER A - MARKET SEQUENCE,1,0,0.43221343
MSFT,2023-10-30,0001193125-23-265616,0.0114751896937888,2023,TRANSFORMER A - MARKET SEQUENCE,1,0,0.46680072
AVGO,2023-10-31,0001140361-23-050217,-0.0046394395064106,2023,TRANSFORMER A - MARKET SEQUENCE,0,0,0.44507217
INTC,2023-10-31,0000050863-23-000109,0.0179130431748688,2023,TRANSFORMER A - MARKET SEQUENCE,1,0,0.42949265
AMD,2023-11-01,0000002488-23-000192,0.0794959817223699,2023,TRANSFORMER A - MARKET SEQUENCE,1,0,0.4510137
AMZN,2023-11-02,0001104659-23-113444,-0.0103428661391129,2023,TRANSFORMER A - MARKET SEQUENCE,0,0,0.43952563
QCOM,2023-11-02,0000804328-23-000054,0.0401928938023197,2023,TRANSFORMER A - MARKET SEQUENCE,1,0,0.43587238
AAPL,2023-11-03,0000320193-23-000104,-0.0169300922444676,2023,TRANSFORMER A - MARKET SEQUENCE,0,0,0.43417776
MSFT,2023-11-07,0001193125-23-271376,0.0017668223933562,2023,TRANSFORMER A - MARKET SEQUENCE,1,0,0.48733044
AVGO,2023-11-22,0001140361-23-054354,-0.0134692814063422,2023,TRANSFORMER A - MARKET SEQUENCE,0,1,0.5128627
NVDA,2023-11-22,0001045810-23-000225,-0.0286805579623652,2023,TRANSFORMER A - MARKET SEQUENCE,0,0,0.4842787
INTC,2023-12-06,0000050863-23-000128,-0.0097217310167144,2023,TRANSFORMER A - MARKET SEQUENCE,0,0,0.49083158
AVGO,2023-12-08,0001730168-23-000093,0.0194411386338015,2023,TRANSFORMER A - MARKET SEQUENCE,1,1,0.52096945
MSFT,2023-12-11,0001193125-23-291720,-0.0163716652239583,2023,TRANSFORMER A - MARKET SEQUENCE,0,1,0.50340605
NFLX,2023-12-11,0001065280-23-000334,0.004967198493097,2023,TRANSFORMER A - MARKET SEQUENCE,1,0,0.49569145
ADBE,2023-12-14,0000796343-23-000252,-0.0626003414615968,2023,TRANSFORMER A - MARKET SEQUENCE,0,1,0.5349774
ADBE,2023-12-18,0000796343-23-000254,0.0184159094865186,2023,TRANSFORMER A - MARKET SEQUENCE,1,1,0.5417399
TSLA,2023-01-03,0001564590-23-000002,-0.1156626029715772,2023,TRANSFORMER B - MARKET SEQUENCE + SEC,0,0,0.46880013
AMZN,2023-01-04,0001193125-23-000849,-0.0126874047892023,2023,TRANSFORMER B - MARKET SEQUENCE + SEC,0,0,0.43941417
AMZN,2023-01-09,0001193125-23-003621,0.0083966123432253,2023,TRANSFORMER B - MARKET SEQUENCE + SEC,1,0,0.4362558
NFLX,2023-01-10,0001065280-23-000033,0.0307841637685732,2023,TRANSFORMER B - MARKET SEQUENCE + SEC,1,0,0.4854276
AMD,2023-01-12,0000002488-23-000003,0.0197908777240125,2023,TRANSFORMER B - MARKET SEQUENCE + SEC,1,0,0.4489183
MSFT,2023-01-18,0001193125-23-009934,-0.0058892943858197,2023,TRANSFORMER B - MARKET SEQUENCE + SEC,0,0,0.4653246
ADBE,2023-01-20,0001193125-23-010953,0.0130674405656026,2023,TRANSFORMER B - MARKET SEQUENCE + SEC,1,0,0.47589388
GOOGL,2023-01-20,0001193125-23-011424,0.0260450407183294,2023,TRANSFORMER B - MARKET SEQUENCE + SEC,1,0,0.45050275
NFLX,2023-01-20,0001065280-23-000034,0.0572489103058366,2023,TRANSFORMER B - MARKET SEQUENCE + SEC,1,0,0.48727491
GOOGL,2023-01-25,0001652044-23-000005,-0.0231642351820809,2023,TRANSFORMER B - MARKET SEQUENCE + SEC,0,0,0.4448236
MSFT,2023-01-25,0001193125-23-014230,-0.0036885384161526,2023,TRANSFORMER B - MARKET SEQUENCE + SEC,0,0,0.45994785
TSLA,2023-01-26,0001564590-23-000799,0.0901749716638331,2023,TRANSFORMER B - MARKET SEQUENCE + SEC,1,0,0.48049656
ADBE,2023-01-27,0000796343-23-000011,0.0034129275728016,2023,TRANSFORMER B - MARKET SEQUENCE + SEC,1,0,0.4766632
INTC,2023-01-27,0000050863-23-000005,-0.0740952725446291,2023,TRANSFORMER B - MARKET SEQUENCE + SEC,0,0,0.45236155
AMD,2023-02-01,0000002488-23-000007,0.1048972177127625,2023,TRANSFORMER B - MARKET SEQUENCE + SEC,1,0,0.46207553
META,2023-02-02,0001326801-23-000008,0.1969340821892096,2023,TRANSFORMER B - MARKET SEQUENCE + SEC,1,0,0.46591076
META,2023-02-02,0001326801-23-000015,0.1969340821892096,2023,TRANSFORMER B - MARKET SEQUENCE + SEC,1,0,0.47336227
AAPL,2023-02-03,0000320193-23-000005,0.0421720294528882,2023,TRANSFORMER B - MARKET SEQUENCE + SEC,1,0,0.45301336
AMZN,2023-02-03,0001018724-23-000002,-0.0665428705929577,2023,TRANSFORMER B - MARKET SEQUENCE + SEC,0,0,0.46344754
GOOGL,2023-02-03,0001652044-23-000013,-0.0097015759028906,2023,TRANSFORMER B - MARKET SEQUENCE + SEC,0,0,0.46340442
QCOM,2023-02-03,0000804328-23-000005,0.0116624683230065,2023,TRANSFORMER B - MARKET SEQUENCE + SEC,1,0,0.47552365
INTC,2023-02-13,0001193125-23-032608,0.010962445107721,2023,TRANSFORMER B - MARKET SEQUENCE + SEC,1,0,0.45860237
META,2023-02-14,0001326801-23-000019,-0.0071100853121055,2023,TRANSFORMER B - MARKET SEQUENCE + SEC,0,0,0.46983874
META,2023-02-16,0001326801-23-000023,-0.0078785764048915,2023,TRANSFORMER B - MARKET SEQUENCE + SEC,0,0,0.47078282
AMD,2023-02-22,0000002488-23-000040,-0.0028323607186724,2023,TRANSFORMER B - MARKET SEQUENCE + SEC,0,0,0.4741669
NVDA,2023-02-23,0001045810-23-000014,0.1314801638817893,2023,TRANSFORMER B - MARKET SEQUENCE + SEC,1,0,0.46487674
NFLX,2023-02-27,0001065280-23-000062,0.0113788143841266,2023,TRANSFORMER B - MARKET SEQUENCE + SEC,1,0,0.4937017
AVGO,2023-03-03,0001730168-23-000004,0.0363046420744643,2023,TRANSFORMER B - MARKET SEQUENCE + SEC,1,1,0.5047077
NVDA,2023-03-09,0001045810-23-000039,-0.0134834368810579,2023,TRANSFORMER B - MARKET SEQUENCE + SEC,0,0,0.45916036
QCOM,2023-03-10,0000804328-23-000014,-0.0032739796234806,2023,TRANSFORMER B - MARKET SEQUENCE + SEC,0,0,0.47376755
AAPL,2023-03-13,0001140361-23-011192,0.0058497848101484,2023,TRANSFORMER B - MARKET SEQUENCE + SEC,1,0,0.47728214
META,2023-03-14,0001326801-23-000035,0.0495468949337063,2023,TRANSFORMER B - MARKET SEQUENCE + SEC,1,1,0.50510275
ADBE,2023-03-16,0000796343-23-000044,0.0326303491875359,2023,TRANSFORMER B - MARKET SEQUENCE + SEC,1,0,0.49571723
TSLA,2023-04-03,0001564590-23-005126,-0.0587382824851233,2023,TRANSFORMER B - MARKET SEQUENCE + SEC,0,0,0.4999519
TSLA,2023-04-06,0001564590-23-005462,-0.0092216578915419,2023,TRANSFORMER B - MARKET SEQUENCE + SEC,0,0,0.49097916
AVGO,2023-04-10,0001730168-23-000052,0.0081945591011061,2023,TRANSFORMER B - MARKET SEQUENCE + SEC,1,0,0.49722722
META,2023-04-11,0001326801-23-000038,0.0022272286868032,2023,TRANSFORMER B - MARKET SEQUENCE + SEC,1,0,0.48723766
AMZN,2023-04-13,0001104659-23-044715,0.0271314504206705,2023,TRANSFORMER B - MARKET SEQUENCE + SEC,1,0,0.48777637
NFLX,2023-04-19,0001065280-23-000119,-0.0312345843673167,2023,TRANSFORMER B - MARKET SEQUENCE + SEC,0,0,0.4592735
TSLA,2023-04-20,0001564590-23-005959,-0.08983375261356,2023,TRANSFORMER B - MARKET SEQUENCE + SEC,0,0,0.481928
GOOGL,2023-04-21,0001652044-23-000034,9.63314963853268e-05,2023,TRANSFORMER B - MARKET SEQUENCE + SEC,1,0,0.49116012
GOOGL,2023-04-24,0001193125-23-110657,0.0073969750384568,2023,TRANSFORMER B - MARKET SEQUENCE + SEC,1,0,0.49174586
ADBE,2023-04-25,0000796343-23-000084,-0.0016745500728818,2023,TRANSFORMER B - MARKET SEQUENCE + SEC,0,0,0.4886851
GOOGL,2023-04-26,0001652044-23-000041,-0.0074129552430888,2023,TRANSFORMER B - MARKET SEQUENCE + SEC,0,0,0.49469084
MSFT,2023-04-26,0001193125-23-115280,0.0663699987899579,2023,TRANSFORMER B - MARKET SEQUENCE + SEC,1,0,0.49055573
META,2023-04-27,0001326801-23-000063,0.1120642725793501,2023,TRANSFORMER B - MARKET SEQUENCE + SEC,1,1,0.506306
AMZN,2023-04-28,0001018724-23-000006,-0.0466911150938218,2023,TRANSFORMER B - MARKET SEQUENCE + SEC,0,0,0.48383984
INTC,2023-04-28,0000050863-23-000027,0.0332887485186346,2023,TRANSFORMER B - MARKET SEQUENCE + SEC,1,0,0.47738478
AMD,2023-05-03,0000002488-23-000074,-0.085659162288213,2023,TRANSFORMER B - MARKET SEQUENCE + SEC,0,1,0.5008742
META,2023-05-04,0001193125-23-134410,-0.0112784218944868,2023,TRANSFORMER B - MARKET SEQUENCE + SEC,0,1,0.5036239
QCOM,2023-05-04,0000804328-23-000022,-0.0518632055105057,2023,TRANSFORMER B - MARKET SEQUENCE + SEC,0,0,0.45420694
AAPL,2023-05-05,0000320193-23-000063,0.0256723276771388,2023,TRANSFORMER B - MARKET SEQUENCE + SEC,1,0,0.49133703
AAPL,2023-05-11,0001140361-23-023909,-0.0021653136587604,2023,TRANSFORMER B - MARKET SEQUENCE + SEC,0,0,0.49361688
INTC,2023-05-17,0000050863-23-000057,-0.0240824677252745,2023,TRANSFORMER B - MARKET SEQUENCE + SEC,0,0,0.46268028
AVGO,2023-05-23,0001730168-23-000054,0.024660942351777,2023,TRANSFORMER B - MARKET SEQUENCE + SEC,1,1,0.5091917
TSLA,2023-05-23,0001564590-23-007379,-0.0037370829792082,2023,TRANSFORMER B - MARKET SEQUENCE + SEC,0,0,0.45565546
AMD,2023-05-24,0001193125-23-151810,0.0065168573208831,2023,TRANSFORMER B - MARKET SEQUENCE + SEC,1,0,0.48122245
NVDA,2023-05-25,0001045810-23-000087,0.2193635503028916,2023,TRANSFORMER B - MARKET SEQUENCE + SEC,1,0,0.48716533
AMZN,2023-05-30,0001104659-23-065457,0.0083699568125639,2023,TRANSFORMER B - MARKET SEQUENCE + SEC,1,0,0.49427605
AVGO,2023-06-02,0001730168-23-000062,0.0204136700299908,2023,TRANSFORMER B - MARKET SEQUENCE + SEC,1,1,0.5066087
META,2023-06-02,0001326801-23-000083,-0.0074994779699797,2023,TRANSFORMER B - MARKET SEQUENCE + SEC,0,0,0.49917874
NFLX,2023-06-07,0001065280-23-000173,0.0181674905771941,2023,TRANSFORMER B - MARKET SEQUENCE + SEC,1,0,0.49400854
GOOGL,2023-06-09,0001193125-23-163590,-0.0030856693114207,2023,TRANSFORMER B - MARKET SEQUENCE + SEC,0,0,0.4932873
ADBE,2023-06-16,0000796343-23-000133,0.0149912025111474,2023,TRANSFORMER B - MARKET SEQUENCE + SEC,1,1,0.5155766
NVDA,2023-06-28,0001045810-23-000146,-0.0200762783650921,2023,TRANSFORMER B - MARKET SEQUENCE + SEC,0,0,0.48524943
TSLA,2023-07-03,0000950170-23-031241,0.0665989378084803,2023,TRANSFORMER B - MARKET SEQUENCE + SEC,1,0,0.49285564
MSFT,2023-07-05,0001193125-23-181341,0.0005002136380145,2023,TRANSFORMER B - MARKET SEQUENCE + SEC,1,1,0.5163182
AMD,2023-07-11,0000002488-23-000123,-0.0248384473724802,2023,TRANSFORMER B - MARKET SEQUENCE + SEC,0,0,0.4775031
NFLX,2023-07-20,0001065280-23-000197,-0.0610580448617663,2023,TRANSFORMER B - MARKET SEQUENCE + SEC,0,1,0.5129886
TSLA,2023-07-20,0000950170-23-033544,-0.0743183759627788,2023,TRANSFORMER B - MARKET SEQUENCE + SEC,0,1,0.53970045
TSLA,2023-07-21,0000950170-23-033695,-0.0079554487266981,2023,TRANSFORMER B - MARKET SEQUENCE + SEC,0,1,0.5273217
QCOM,2023-07-24,0000804328-23-000033,-0.0065684564186472,2023,TRANSFORMER B - MARKET SEQUENCE + SEC,0,0,0.49444187
NVDA,2023-07-25,0001045810-23-000164,0.0171394492326342,2023,TRANSFORMER B - MARKET SEQUENCE + SEC,1,0,0.49150002
GOOGL,2023-07-26,0001652044-23-000067,0.061096015137146,2023,TRANSFORMER B - MARKET SEQUENCE + SEC,1,0,0.49349716
MSFT,2023-07-26,0000950170-23-034400,-0.034310995180814,2023,TRANSFORMER B - MARKET SEQUENCE + SEC,0,1,0.54805124
META,2023-07-27,0001326801-23-000089,0.0463939054796148,2023,TRANSFORMER B - MARKET SEQUENCE + SEC,1,1,0.5254385
INTC,2023-07-28,0000050863-23-000068,0.0477766020221386,2023,TRANSFORMER B - MARKET SEQUENCE + SEC,1,0,0.49581647
AMD,2023-08-02,0000002488-23-000135,-0.0482088825118669,2023,TRANSFORMER B - MARKET SEQUENCE + SEC,0,0,0.49562144
QCOM,2023-08-03,0000804328-23-000042,-0.0801642054340697,2023,TRANSFORMER B - MARKET SEQUENCE + SEC,0,0,0.48871008
AAPL,2023-08-04,0000320193-23-000075,-0.0433382558458399,2023,TRANSFORMER B - MARKET SEQUENCE + SEC,0,1,0.5227719
AMZN,2023-08-04,0001018724-23-000010,0.0873752416345134,2023,TRANSFORMER B - MARKET SEQUENCE + SEC,1,1,0.53127533
TSLA,2023-08-07,0000950170-23-038779,-0.0179603650497207,2023,TRANSFORMER B - MARKET SEQUENCE + SEC,0,0,0.4762728
INTC,2023-08-16,0000050863-23-000078,-0.0250740547547553,2023,TRANSFORMER B - MARKET SEQUENCE + SEC,0,0,0.48621
AVGO,2023-08-17,0001140361-23-040084,0.0038521796142713,2023,TRANSFORMER B - MARKET SEQUENCE + SEC,1,1,0.5123036
NVDA,2023-08-24,0001045810-23-000171,0.0223732421715135,2023,TRANSFORMER B - MARKET SEQUENCE + SEC,1,1,0.51480055
AVGO,2023-09-01,0001730168-23-000074,-0.0535203111534513,2023,TRANSFORMER B - MARKET SEQUENCE + SEC,0,1,0.50896436
NFLX,2023-09-11,0001065280-23-000236,-0.0060013129046143,2023,TRANSFORMER B - MARKET SEQUENCE + SEC,0,0,0.49518973
AMZN,2023-09-14,0001018724-23-000014,-0.0090747963121458,2023,TRANSFORMER B - MARKET SEQUENCE + SEC,0,1,0.50433993
ADBE,2023-09-15,0000796343-23-000198,-0.0250204595175781,2023,TRANSFORMER B - MARKET SEQUENCE + SEC,0,1,0.52188283
TSLA,2023-10-02,0000950170-23-050938,-0.0028302059470439,2023,TRANSFORMER B - MARKET SEQUENCE + SEC,0,0,0.49836636
INTC,2023-10-06,0000050863-23-000092,-0.0083966624973763,2023,TRANSFORMER B - MARKET SEQUENCE + SEC,0,0,0.47241262
MSFT,2023-10-12,0001193125-23-254151,-0.0003152475164538,2023,TRANSFORMER B - MARKET SEQUENCE + SEC,0,0,0.44697145
MSFT,2023-10-13,0001193125-23-255762,0.0022123145096651,2023,TRANSFORMER B - MARKET SEQUENCE + SEC,1,0,0.456192
MSFT,2023-10-17,0001104659-23-109428,0.0015315253507084,2023,TRANSFORMER B - MARKET SEQUENCE + SEC,1,0,0.4506315
NVDA,2023-10-18,0001045810-23-000217,-0.0265289918074216,2023,TRANSFORMER B - MARKET SEQUENCE + SEC,0,0,0.4639551
AVGO,2023-10-19,0001140361-23-048712,-0.0122885249909284,2023,TRANSFORMER B - MARKET SEQUENCE + SEC,0,0,0.46676192
NFLX,2023-10-19,0001065280-23-000272,0.1699043433400879,2023,TRANSFORMER B - MARKET SEQUENCE + SEC,1,0,0.46012497
TSLA,2023-10-19,0001628280-23-034588,-0.0836463982176319,2023,TRANSFORMER B - MARKET SEQUENCE + SEC,0,0,0.48493326
NVDA,2023-10-24,0001045810-23-000221,0.006281248925126,2023,TRANSFORMER B - MARKET SEQUENCE + SEC,1,0,0.46366265
GOOGL,2023-10-25,0001652044-23-000088,-0.070618261885621,2023,TRANSFORMER B - MARKET SEQUENCE + SEC,0,0,0.4928454
MSFT,2023-10-25,0000950170-23-054848,0.055153730341209,2023,TRANSFORMER B - MARKET SEQUENCE + SEC,1,0,0.46426317
META,2023-10-26,0001326801-23-000100,-0.0182578560401341,2023,TRANSFORMER B - MARKET SEQUENCE + SEC,0,0,0.4554789
ADBE,2023-10-27,0000796343-23-000226,-0.0167792996541474,2023,TRANSFORMER B - MARKET SEQUENCE + SEC,0,0,0.48225436
AMZN,2023-10-27,0001018724-23-000016,0.0635268378150237,2023,TRANSFORMER B - MARKET SEQUENCE + SEC,1,0,0.48945245
INTC,2023-10-27,0000050863-23-000100,0.0880648094491469,2023,TRANSFORMER B - MARKET SEQUENCE + SEC,1,0,0.45270407
MSFT,2023-10-30,0001193125-23-265616,0.0114751896937888,2023,TRANSFORMER B - MARKET SEQUENCE + SEC,1,0,0.45749962
AVGO,2023-10-31,0001140361-23-050217,-0.0046394395064106,2023,TRANSFORMER B - MARKET SEQUENCE + SEC,0,0,0.4601493
INTC,2023-10-31,0000050863-23-000109,0.0179130431748688,2023,TRANSFORMER B - MARKET SEQUENCE + SEC,1,0,0.47325256
AMD,2023-11-01,0000002488-23-000192,0.0794959817223699,2023,TRANSFORMER B - MARKET SEQUENCE + SEC,1,0,0.44759268
AMZN,2023-11-02,0001104659-23-113444,-0.0103428661391129,2023,TRANSFORMER B - MARKET SEQUENCE + SEC,0,0,0.49193665
QCOM,2023-11-02,0000804328-23-000054,0.0401928938023197,2023,TRANSFORMER B - MARKET SEQUENCE + SEC,1,0,0.4511102
AAPL,2023-11-03,0000320193-23-000104,-0.0169300922444676,2023,TRANSFORMER B - MARKET SEQUENCE + SEC,0,0,0.4526036
MSFT,2023-11-07,0001193125-23-271376,0.0017668223933562,2023,TRANSFORMER B - MARKET SEQUENCE + SEC,1,0,0.48096606
AVGO,2023-11-22,0001140361-23-054354,-0.0134692814063422,2023,TRANSFORMER B - MARKET SEQUENCE + SEC,0,0,0.45699775
NVDA,2023-11-22,0001045810-23-000225,-0.0286805579623652,2023,TRANSFORMER B - MARKET SEQUENCE + SEC,0,0,0.453202
INTC,2023-12-06,0000050863-23-000128,-0.0097217310167144,2023,TRANSFORMER B - MARKET SEQUENCE + SEC,0,0,0.48288068
AVGO,2023-12-08,0001730168-23-000093,0.0194411386338015,2023,TRANSFORMER B - MARKET SEQUENCE + SEC,1,0,0.47213003
MSFT,2023-12-11,0001193125-23-291720,-0.0163716652239583,2023,TRANSFORMER B - MARKET SEQUENCE + SEC,0,1,0.5094956
NFLX,2023-12-11,0001065280-23-000334,0.004967198493097,2023,TRANSFORMER B - MARKET SEQUENCE + SEC,1,0,0.4896074
ADBE,2023-12-14,0000796343-23-000252,-0.0626003414615968,2023,TRANSFORMER B - MARKET SEQUENCE + SEC,0,0,0.47371385
ADBE,2023-12-18,0000796343-23-000254,0.0184159094865186,2023,TRANSFORMER B - MARKET SEQUENCE + SEC,1,0,0.4652636
TSLA,2023-01-03,0001564590-23-000002,-0.1156626029715772,2023,TRANSFORMER C - MARKET SEQUENCE + SEC + FINBERT,0,0,0.43281606
AMZN,2023-01-04,0001193125-23-000849,-0.0126874047892023,2023,TRANSFORMER C - MARKET SEQUENCE + SEC + FINBERT,0,0,0.4033668
AMZN,2023-01-09,0001193125-23-003621,0.0083966123432253,2023,TRANSFORMER C - MARKET SEQUENCE + SEC + FINBERT,1,0,0.41320887
NFLX,2023-01-10,0001065280-23-000033,0.0307841637685732,2023,TRANSFORMER C - MARKET SEQUENCE + SEC + FINBERT,1,0,0.4247632
AMD,2023-01-12,0000002488-23-000003,0.0197908777240125,2023,TRANSFORMER C - MARKET SEQUENCE + SEC + FINBERT,1,0,0.399889
MSFT,2023-01-18,0001193125-23-009934,-0.0058892943858197,2023,TRANSFORMER C - MARKET SEQUENCE + SEC + FINBERT,0,0,0.43966475
ADBE,2023-01-20,0001193125-23-010953,0.0130674405656026,2023,TRANSFORMER C - MARKET SEQUENCE + SEC + FINBERT,1,0,0.41703054
GOOGL,2023-01-20,0001193125-23-011424,0.0260450407183294,2023,TRANSFORMER C - MARKET SEQUENCE + SEC + FINBERT,1,0,0.40212834
NFLX,2023-01-20,0001065280-23-000034,0.0572489103058366,2023,TRANSFORMER C - MARKET SEQUENCE + SEC + FINBERT,1,0,0.42819276
GOOGL,2023-01-25,0001652044-23-000005,-0.0231642351820809,2023,TRANSFORMER C - MARKET SEQUENCE + SEC + FINBERT,0,0,0.4015943
MSFT,2023-01-25,0001193125-23-014230,-0.0036885384161526,2023,TRANSFORMER C - MARKET SEQUENCE + SEC + FINBERT,0,0,0.40762842
TSLA,2023-01-26,0001564590-23-000799,0.0901749716638331,2023,TRANSFORMER C - MARKET SEQUENCE + SEC + FINBERT,1,0,0.41506693
ADBE,2023-01-27,0000796343-23-000011,0.0034129275728016,2023,TRANSFORMER C - MARKET SEQUENCE + SEC + FINBERT,1,0,0.40778968
INTC,2023-01-27,0000050863-23-000005,-0.0740952725446291,2023,TRANSFORMER C - MARKET SEQUENCE + SEC + FINBERT,0,0,0.40285307
AMD,2023-02-01,0000002488-23-000007,0.1048972177127625,2023,TRANSFORMER C - MARKET SEQUENCE + SEC + FINBERT,1,0,0.39119333
META,2023-02-02,0001326801-23-000008,0.1969340821892096,2023,TRANSFORMER C - MARKET SEQUENCE + SEC + FINBERT,1,0,0.45837805
META,2023-02-02,0001326801-23-000015,0.1969340821892096,2023,TRANSFORMER C - MARKET SEQUENCE + SEC + FINBERT,1,0,0.44702747
AAPL,2023-02-03,0000320193-23-000005,0.0421720294528882,2023,TRANSFORMER C - MARKET SEQUENCE + SEC + FINBERT,1,0,0.42216676
AMZN,2023-02-03,0001018724-23-000002,-0.0665428705929577,2023,TRANSFORMER C - MARKET SEQUENCE + SEC + FINBERT,0,0,0.40547287
GOOGL,2023-02-03,0001652044-23-000013,-0.0097015759028906,2023,TRANSFORMER C - MARKET SEQUENCE + SEC + FINBERT,0,0,0.39860848
QCOM,2023-02-03,0000804328-23-000005,0.0116624683230065,2023,TRANSFORMER C - MARKET SEQUENCE + SEC + FINBERT,1,0,0.43050838
INTC,2023-02-13,0001193125-23-032608,0.010962445107721,2023,TRANSFORMER C - MARKET SEQUENCE + SEC + FINBERT,1,0,0.4293456
META,2023-02-14,0001326801-23-000019,-0.0071100853121055,2023,TRANSFORMER C - MARKET SEQUENCE + SEC + FINBERT,0,0,0.46397457
META,2023-02-16,0001326801-23-000023,-0.0078785764048915,2023,TRANSFORMER C - MARKET SEQUENCE + SEC + FINBERT,0,0,0.47228405
AMD,2023-02-22,0000002488-23-000040,-0.0028323607186724,2023,TRANSFORMER C - MARKET SEQUENCE + SEC + FINBERT,0,0,0.4200748
NVDA,2023-02-23,0001045810-23-000014,0.1314801638817893,2023,TRANSFORMER C - MARKET SEQUENCE + SEC + FINBERT,1,0,0.46719596
NFLX,2023-02-27,0001065280-23-000062,0.0113788143841266,2023,TRANSFORMER C - MARKET SEQUENCE + SEC + FINBERT,1,0,0.49624214
AVGO,2023-03-03,0001730168-23-000004,0.0363046420744643,2023,TRANSFORMER C - MARKET SEQUENCE + SEC + FINBERT,1,1,0.5022789
NVDA,2023-03-09,0001045810-23-000039,-0.0134834368810579,2023,TRANSFORMER C - MARKET SEQUENCE + SEC + FINBERT,0,0,0.48158506
QCOM,2023-03-10,0000804328-23-000014,-0.0032739796234806,2023,TRANSFORMER C - MARKET SEQUENCE + SEC + FINBERT,0,0,0.48227432
AAPL,2023-03-13,0001140361-23-011192,0.0058497848101484,2023,TRANSFORMER C - MARKET SEQUENCE + SEC + FINBERT,1,0,0.43876666
META,2023-03-14,0001326801-23-000035,0.0495468949337063,2023,TRANSFORMER C - MARKET SEQUENCE + SEC + FINBERT,1,1,0.523766
ADBE,2023-03-16,0000796343-23-000044,0.0326303491875359,2023,TRANSFORMER C - MARKET SEQUENCE + SEC + FINBERT,1,0,0.48644108
TSLA,2023-04-03,0001564590-23-005126,-0.0587382824851233,2023,TRANSFORMER C - MARKET SEQUENCE + SEC + FINBERT,0,0,0.48914078
TSLA,2023-04-06,0001564590-23-005462,-0.0092216578915419,2023,TRANSFORMER C - MARKET SEQUENCE + SEC + FINBERT,0,1,0.5239878
AVGO,2023-04-10,0001730168-23-000052,0.0081945591011061,2023,TRANSFORMER C - MARKET SEQUENCE + SEC + FINBERT,1,0,0.42481294
META,2023-04-11,0001326801-23-000038,0.0022272286868032,2023,TRANSFORMER C - MARKET SEQUENCE + SEC + FINBERT,1,1,0.50309736
AMZN,2023-04-13,0001104659-23-044715,0.0271314504206705,2023,TRANSFORMER C - MARKET SEQUENCE + SEC + FINBERT,1,0,0.43642747
NFLX,2023-04-19,0001065280-23-000119,-0.0312345843673167,2023,TRANSFORMER C - MARKET SEQUENCE + SEC + FINBERT,0,0,0.39371055
TSLA,2023-04-20,0001564590-23-005959,-0.08983375261356,2023,TRANSFORMER C - MARKET SEQUENCE + SEC + FINBERT,0,1,0.5015787
GOOGL,2023-04-21,0001652044-23-000034,9.63314963853268e-05,2023,TRANSFORMER C - MARKET SEQUENCE + SEC + FINBERT,1,0,0.43627986
GOOGL,2023-04-24,0001193125-23-110657,0.0073969750384568,2023,TRANSFORMER C - MARKET SEQUENCE + SEC + FINBERT,1,0,0.43924445
ADBE,2023-04-25,0000796343-23-000084,-0.0016745500728818,2023,TRANSFORMER C - MARKET SEQUENCE + SEC + FINBERT,0,0,0.44875473
GOOGL,2023-04-26,0001652044-23-000041,-0.0074129552430888,2023,TRANSFORMER C - MARKET SEQUENCE + SEC + FINBERT,0,0,0.44914392
MSFT,2023-04-26,0001193125-23-115280,0.0663699987899579,2023,TRANSFORMER C - MARKET SEQUENCE + SEC + FINBERT,1,0,0.47376585
META,2023-04-27,0001326801-23-000063,0.1120642725793501,2023,TRANSFORMER C - MARKET SEQUENCE + SEC + FINBERT,1,1,0.51445025
AMZN,2023-04-28,0001018724-23-000006,-0.0466911150938218,2023,TRANSFORMER C - MARKET SEQUENCE + SEC + FINBERT,0,0,0.41630608
INTC,2023-04-28,0000050863-23-000027,0.0332887485186346,2023,TRANSFORMER C - MARKET SEQUENCE + SEC + FINBERT,1,0,0.44677266
AMD,2023-05-03,0000002488-23-000074,-0.085659162288213,2023,TRANSFORMER C - MARKET SEQUENCE + SEC + FINBERT,0,0,0.48402986
META,2023-05-04,0001193125-23-134410,-0.0112784218944868,2023,TRANSFORMER C - MARKET SEQUENCE + SEC + FINBERT,0,1,0.51079226
QCOM,2023-05-04,0000804328-23-000022,-0.0518632055105057,2023,TRANSFORMER C - MARKET SEQUENCE + SEC + FINBERT,0,0,0.45459417
AAPL,2023-05-05,0000320193-23-000063,0.0256723276771388,2023,TRANSFORMER C - MARKET SEQUENCE + SEC + FINBERT,1,0,0.48537788
AAPL,2023-05-11,0001140361-23-023909,-0.0021653136587604,2023,TRANSFORMER C - MARKET SEQUENCE + SEC + FINBERT,0,0,0.4652171
INTC,2023-05-17,0000050863-23-000057,-0.0240824677252745,2023,TRANSFORMER C - MARKET SEQUENCE + SEC + FINBERT,0,0,0.43900228
AVGO,2023-05-23,0001730168-23-000054,0.024660942351777,2023,TRANSFORMER C - MARKET SEQUENCE + SEC + FINBERT,1,0,0.42240357
TSLA,2023-05-23,0001564590-23-007379,-0.0037370829792082,2023,TRANSFORMER C - MARKET SEQUENCE + SEC + FINBERT,0,0,0.43023366
AMD,2023-05-24,0001193125-23-151810,0.0065168573208831,2023,TRANSFORMER C - MARKET SEQUENCE + SEC + FINBERT,1,0,0.3938792
NVDA,2023-05-25,0001045810-23-000087,0.2193635503028916,2023,TRANSFORMER C - MARKET SEQUENCE + SEC + FINBERT,1,0,0.48387566
AMZN,2023-05-30,0001104659-23-065457,0.0083699568125639,2023,TRANSFORMER C - MARKET SEQUENCE + SEC + FINBERT,1,0,0.4176963
AVGO,2023-06-02,0001730168-23-000062,0.0204136700299908,2023,TRANSFORMER C - MARKET SEQUENCE + SEC + FINBERT,1,0,0.4203595
META,2023-06-02,0001326801-23-000083,-0.0074994779699797,2023,TRANSFORMER C - MARKET SEQUENCE + SEC + FINBERT,0,0,0.49564412
NFLX,2023-06-07,0001065280-23-000173,0.0181674905771941,2023,TRANSFORMER C - MARKET SEQUENCE + SEC + FINBERT,1,0,0.42571178
GOOGL,2023-06-09,0001193125-23-163590,-0.0030856693114207,2023,TRANSFORMER C - MARKET SEQUENCE + SEC + FINBERT,0,0,0.45067894
ADBE,2023-06-16,0000796343-23-000133,0.0149912025111474,2023,TRANSFORMER C - MARKET SEQUENCE + SEC + FINBERT,1,0,0.4213173
NVDA,2023-06-28,0001045810-23-000146,-0.0200762783650921,2023,TRANSFORMER C - MARKET SEQUENCE + SEC + FINBERT,0,0,0.45397362
TSLA,2023-07-03,0000950170-23-031241,0.0665989378084803,2023,TRANSFORMER C - MARKET SEQUENCE + SEC + FINBERT,1,0,0.4654215
MSFT,2023-07-05,0001193125-23-181341,0.0005002136380145,2023,TRANSFORMER C - MARKET SEQUENCE + SEC + FINBERT,1,1,0.52944213
AMD,2023-07-11,0000002488-23-000123,-0.0248384473724802,2023,TRANSFORMER C - MARKET SEQUENCE + SEC + FINBERT,0,0,0.4749371
NFLX,2023-07-20,0001065280-23-000197,-0.0610580448617663,2023,TRANSFORMER C - MARKET SEQUENCE + SEC + FINBERT,0,0,0.4826439
TSLA,2023-07-20,0000950170-23-033544,-0.0743183759627788,2023,TRANSFORMER C - MARKET SEQUENCE + SEC + FINBERT,0,1,0.53029263
TSLA,2023-07-21,0000950170-23-033695,-0.0079554487266981,2023,TRANSFORMER C - MARKET SEQUENCE + SEC + FINBERT,0,1,0.5233554
QCOM,2023-07-24,0000804328-23-000033,-0.0065684564186472,2023,TRANSFORMER C - MARKET SEQUENCE + SEC + FINBERT,0,0,0.47271866
NVDA,2023-07-25,0001045810-23-000164,0.0171394492326342,2023,TRANSFORMER C - MARKET SEQUENCE + SEC + FINBERT,1,0,0.4894795
GOOGL,2023-07-26,0001652044-23-000067,0.061096015137146,2023,TRANSFORMER C - MARKET SEQUENCE + SEC + FINBERT,1,0,0.46875757
MSFT,2023-07-26,0000950170-23-034400,-0.034310995180814,2023,TRANSFORMER C - MARKET SEQUENCE + SEC + FINBERT,0,0,0.48826367
META,2023-07-27,0001326801-23-000089,0.0463939054796148,2023,TRANSFORMER C - MARKET SEQUENCE + SEC + FINBERT,1,1,0.52266353
INTC,2023-07-28,0000050863-23-000068,0.0477766020221386,2023,TRANSFORMER C - MARKET SEQUENCE + SEC + FINBERT,1,0,0.46192858
AMD,2023-08-02,0000002488-23-000135,-0.0482088825118669,2023,TRANSFORMER C - MARKET SEQUENCE + SEC + FINBERT,0,0,0.4642782
QCOM,2023-08-03,0000804328-23-000042,-0.0801642054340697,2023,TRANSFORMER C - MARKET SEQUENCE + SEC + FINBERT,0,0,0.44985119
AAPL,2023-08-04,0000320193-23-000075,-0.0433382558458399,2023,TRANSFORMER C - MARKET SEQUENCE + SEC + FINBERT,0,1,0.502535
AMZN,2023-08-04,0001018724-23-000010,0.0873752416345134,2023,TRANSFORMER C - MARKET SEQUENCE + SEC + FINBERT,1,0,0.48361054
TSLA,2023-08-07,0000950170-23-038779,-0.0179603650497207,2023,TRANSFORMER C - MARKET SEQUENCE + SEC + FINBERT,0,1,0.5318074
INTC,2023-08-16,0000050863-23-000078,-0.0250740547547553,2023,TRANSFORMER C - MARKET SEQUENCE + SEC + FINBERT,0,0,0.44753116
AVGO,2023-08-17,0001140361-23-040084,0.0038521796142713,2023,TRANSFORMER C - MARKET SEQUENCE + SEC + FINBERT,1,1,0.51409733
NVDA,2023-08-24,0001045810-23-000171,0.0223732421715135,2023,TRANSFORMER C - MARKET SEQUENCE + SEC + FINBERT,1,1,0.50665766
AVGO,2023-09-01,0001730168-23-000074,-0.0535203111534513,2023,TRANSFORMER C - MARKET SEQUENCE + SEC + FINBERT,0,0,0.46268016
NFLX,2023-09-11,0001065280-23-000236,-0.0060013129046143,2023,TRANSFORMER C - MARKET SEQUENCE + SEC + FINBERT,0,0,0.4358233
AMZN,2023-09-14,0001018724-23-000014,-0.0090747963121458,2023,TRANSFORMER C - MARKET SEQUENCE + SEC + FINBERT,0,0,0.43856582
ADBE,2023-09-15,0000796343-23-000198,-0.0250204595175781,2023,TRANSFORMER C - MARKET SEQUENCE + SEC + FINBERT,0,0,0.49122056
TSLA,2023-10-02,0000950170-23-050938,-0.0028302059470439,2023,TRANSFORMER C - MARKET SEQUENCE + SEC + FINBERT,0,0,0.3935496
INTC,2023-10-06,0000050863-23-000092,-0.0083966624973763,2023,TRANSFORMER C - MARKET SEQUENCE + SEC + FINBERT,0,0,0.41267735
MSFT,2023-10-12,0001193125-23-254151,-0.0003152475164538,2023,TRANSFORMER C - MARKET SEQUENCE + SEC + FINBERT,0,0,0.3849451
MSFT,2023-10-13,0001193125-23-255762,0.0022123145096651,2023,TRANSFORMER C - MARKET SEQUENCE + SEC + FINBERT,1,0,0.39784992
MSFT,2023-10-17,0001104659-23-109428,0.0015315253507084,2023,TRANSFORMER C - MARKET SEQUENCE + SEC + FINBERT,1,0,0.38312277
NVDA,2023-10-18,0001045810-23-000217,-0.0265289918074216,2023,TRANSFORMER C - MARKET SEQUENCE + SEC + FINBERT,0,0,0.4342069
AVGO,2023-10-19,0001140361-23-048712,-0.0122885249909284,2023,TRANSFORMER C - MARKET SEQUENCE + SEC + FINBERT,0,0,0.4024595
NFLX,2023-10-19,0001065280-23-000272,0.1699043433400879,2023,TRANSFORMER C - MARKET SEQUENCE + SEC + FINBERT,1,0,0.43342006
TSLA,2023-10-19,0001628280-23-034588,-0.0836463982176319,2023,TRANSFORMER C - MARKET SEQUENCE + SEC + FINBERT,0,0,0.43084282
NVDA,2023-10-24,0001045810-23-000221,0.006281248925126,2023,TRANSFORMER C - MARKET SEQUENCE + SEC + FINBERT,1,0,0.4231936
GOOGL,2023-10-25,0001652044-23-000088,-0.070618261885621,2023,TRANSFORMER C - MARKET SEQUENCE + SEC + FINBERT,0,0,0.40257043
MSFT,2023-10-25,0000950170-23-054848,0.055153730341209,2023,TRANSFORMER C - MARKET SEQUENCE + SEC + FINBERT,1,0,0.4081401
META,2023-10-26,0001326801-23-000100,-0.0182578560401341,2023,TRANSFORMER C - MARKET SEQUENCE + SEC + FINBERT,0,0,0.39861187
ADBE,2023-10-27,0000796343-23-000226,-0.0167792996541474,2023,TRANSFORMER C - MARKET SEQUENCE + SEC + FINBERT,0,0,0.4413226
AMZN,2023-10-27,0001018724-23-000016,0.0635268378150237,2023,TRANSFORMER C - MARKET SEQUENCE + SEC + FINBERT,1,0,0.4508103
INTC,2023-10-27,0000050863-23-000100,0.0880648094491469,2023,TRANSFORMER C - MARKET SEQUENCE + SEC + FINBERT,1,0,0.4479313
MSFT,2023-10-30,0001193125-23-265616,0.0114751896937888,2023,TRANSFORMER C - MARKET SEQUENCE + SEC + FINBERT,1,0,0.38565528
AVGO,2023-10-31,0001140361-23-050217,-0.0046394395064106,2023,TRANSFORMER C - MARKET SEQUENCE + SEC + FINBERT,0,0,0.4023003
INTC,2023-10-31,0000050863-23-000109,0.0179130431748688,2023,TRANSFORMER C - MARKET SEQUENCE + SEC + FINBERT,1,0,0.44326466
AMD,2023-11-01,0000002488-23-000192,0.0794959817223699,2023,TRANSFORMER C - MARKET SEQUENCE + SEC + FINBERT,1,0,0.37147966
AMZN,2023-11-02,0001104659-23-113444,-0.0103428661391129,2023,TRANSFORMER C - MARKET SEQUENCE + SEC + FINBERT,0,0,0.4349152
QCOM,2023-11-02,0000804328-23-000054,0.0401928938023197,2023,TRANSFORMER C - MARKET SEQUENCE + SEC + FINBERT,1,0,0.39585972
AAPL,2023-11-03,0000320193-23-000104,-0.0169300922444676,2023,TRANSFORMER C - MARKET SEQUENCE + SEC + FINBERT,0,0,0.38519588
MSFT,2023-11-07,0001193125-23-271376,0.0017668223933562,2023,TRANSFORMER C - MARKET SEQUENCE + SEC + FINBERT,1,0,0.39619642
AVGO,2023-11-22,0001140361-23-054354,-0.0134692814063422,2023,TRANSFORMER C - MARKET SEQUENCE + SEC + FINBERT,0,0,0.44223496
NVDA,2023-11-22,0001045810-23-000225,-0.0286805579623652,2023,TRANSFORMER C - MARKET SEQUENCE + SEC + FINBERT,0,0,0.43838182
INTC,2023-12-06,0000050863-23-000128,-0.0097217310167144,2023,TRANSFORMER C - MARKET SEQUENCE + SEC + FINBERT,0,0,0.46779457
AVGO,2023-12-08,0001730168-23-000093,0.0194411386338015,2023,TRANSFORMER C - MARKET SEQUENCE + SEC + FINBERT,1,0,0.41187683
MSFT,2023-12-11,0001193125-23-291720,-0.0163716652239583,2023,TRANSFORMER C - MARKET SEQUENCE + SEC + FINBERT,0,0,0.46631563
NFLX,2023-12-11,0001065280-23-000334,0.004967198493097,2023,TRANSFORMER C - MARKET SEQUENCE + SEC + FINBERT,1,0,0.45467597
ADBE,2023-12-14,0000796343-23-000252,-0.0626003414615968,2023,TRANSFORMER C - MARKET SEQUENCE + SEC + FINBERT,0,0,0.44257888
ADBE,2023-12-18,0000796343-23-000254,0.0184159094865186,2023,TRANSFORMER C - MARKET SEQUENCE + SEC + FINBERT,1,0,0.4481588
TSLA,2024-01-03,0000950170-24-000282,-0.029552132706404,2024,TRANSFORMER A - MARKET SEQUENCE,0,0,0.4334864
INTC,2024-01-04,0000050863-24-000003,0.0013208657416328,2024,TRANSFORMER A - MARKET SEQUENCE,1,0,0.4352228
META,2024-01-18,0001326801-24-000003,0.0068714394556175,2024,TRANSFORMER A - MARKET SEQUENCE,1,0,0.42097378
MSFT,2024-01-22,0001193125-24-011295,-0.0067238746445128,2024,TRANSFORMER A - MARKET SEQUENCE,0,0,0.44121867
NFLX,2024-01-24,0001065280-24-000029,0.1014825443873539,2024,TRANSFORMER A - MARKET SEQUENCE,1,0,0.41077155
QCOM,2024-01-24,0000804328-24-000005,0.0001185483007555,2024,TRANSFORMER A - MARKET SEQUENCE,1,0,0.44177178
TSLA,2024-01-25,0000950170-24-007073,-0.1224740376745285,2024,TRANSFORMER A - MARKET SEQUENCE,0,0,0.41336265
INTC,2024-01-26,0000050863-24-000008,-0.1131140495018067,2024,TRANSFORMER A - MARKET SEQUENCE,0,0,0.4314505
ADBE,2024-01-29,0000796343-24-000024,0.0163098936742871,2024,TRANSFORMER A - MARKET SEQUENCE,1,0,0.40649587
AMD,2024-01-31,0000002488-24-000009,-0.0058118234245958,2024,TRANSFORMER A - MARKET SEQUENCE,0,0,0.42674202
GOOGL,2024-01-31,0001652044-24-000014,-0.0554170885607413,2024,TRANSFORMER A - MARKET SEQUENCE,0,0,0.43933582
MSFT,2024-01-31,0000950170-24-008809,-0.00736009170046,2024,TRANSFORMER A - MARKET SEQUENCE,0,0,0.4592774
QCOM,2024-02-01,0000804328-24-000015,-0.0616038187076641,2024,TRANSFORMER A - MARKET SEQUENCE,0,0,0.43615338
AAPL,2024-02-02,0000320193-24-000005,-0.0223059383692889,2024,TRANSFORMER A - MARKET SEQUENCE,0,0,0.43201756
AMZN,2024-02-02,0001018724-24-000006,0.0617658265277774,2024,TRANSFORMER A - MARKET SEQUENCE,1,0,0.42484316
META,2024-02-02,0001326801-24-000010,0.1862758363065153,2024,TRANSFORMER A - MARKET SEQUENCE,1,0,0.45770228
GOOGL,2024-02-09,0001652044-24-000032,0.0113345458828839,2024,TRANSFORMER A - MARKET SEQUENCE,1,0,0.4251324
AVGO,2024-02-12,0001140361-24-006724,-0.0104549920219344,2024,TRANSFORMER A - MARKET SEQUENCE,0,0,0.47641507
META,2024-02-15,0001326801-24-000019,0.019736042790619,2024,TRANSFORMER A - MARKET SEQUENCE,1,0,0.4138571
INTC,2024-02-20,0000050863-24-000033,0.030761207112588,2024,TRANSFORMER A - MARKET SEQUENCE,1,0,0.4231242
AMD,2024-02-21,0001628280-24-005593,-0.0044478577490031,2024,TRANSFORMER A - MARKET SEQUENCE,0,0,0.457472
INTC,2024-02-22,0001193125-24-041435,-0.0405478899608676,2024,TRANSFORMER A - MARKET SEQUENCE,0,0,0.4278347
NVDA,2024-02-22,0001045810-24-000028,0.1347330165436682,2024,TRANSFORMER A - MARKET SEQUENCE,1,0,0.4558546
AAPL,2024-02-29,0001140361-24-010155,-0.0122624655956898,2024,TRANSFORMER A - MARKET SEQUENCE,0,0,0.43376324
AVGO,2024-03-08,0001730168-24-000012,-0.0554224960816073,2024,TRANSFORMER A - MARKET SEQUENCE,0,0,0.46826595
QCOM,2024-03-08,0000804328-24-000020,-0.0148729957619656,2024,TRANSFORMER A - MARKET SEQUENCE,0,0,0.43624222
INTC,2024-03-14,0000050863-24-000036,-0.0085821226346747,2024,TRANSFORMER A - MARKET SEQUENCE,0,0,0.43962345
ADBE,2024-03-15,0000796343-24-000057,-0.1248298560785117,2024,TRANSFORMER A - MARKET SEQUENCE,0,0,0.4513186
NVDA,2024-03-15,0001045810-24-000069,0.010670162639536,2024,TRANSFORMER A - MARKET SEQUENCE,1,0,0.43265092
INTC,2024-04-03,0000050863-24-000068,-0.0844015754415581,2024,TRANSFORMER A - MARKET SEQUENCE,0,0,0.41508603
TSLA,2024-04-03,0000950170-24-040274,0.0082580205460329,2024,TRANSFORMER A - MARKET SEQUENCE,1,0,0.43822944
ADBE,2024-04-05,0001193125-24-087244,-0.0158691774008384,2024,TRANSFORMER A - MARKET SEQUENCE,0,0,0.45068148
AMZN,2024-04-11,0001104659-24-045915,0.0007030203450197,2024,TRANSFORMER A - MARKET SEQUENCE,1,0,0.44389412
TSLA,2024-04-16,0000950170-24-044588,-0.0271550790003385,2024,TRANSFORMER A - MARKET SEQUENCE,0,0,0.43733835
NFLX,2024-04-19,0001065280-24-000127,-0.0702437021508806,2024,TRANSFORMER A - MARKET SEQUENCE,0,0,0.47093257
ADBE,2024-04-22,0000796343-24-000086,-0.0060351498461006,2024,TRANSFORMER A - MARKET SEQUENCE,0,0,0.44340262
AVGO,2024-04-24,0001730168-24-000055,0.0027202176051119,2024,TRANSFORMER A - MARKET SEQUENCE,1,0,0.47337326
TSLA,2024-04-24,0000950170-24-046895,0.1172234242258121,2024,TRANSFORMER A - MARKET SEQUENCE,1,0,0.42913076
META,2024-04-25,0001326801-24-000044,-0.1007828326512643,2024,TRANSFORMER A - MARKET SEQUENCE,0,0,0.49016663
GOOGL,2024-04-26,0001652044-24-000047,0.0868120410411665,2024,TRANSFORMER A - MARKET SEQUENCE,1,0,0.4641751
INTC,2024-04-26,0000050863-24-000074,-0.1074282063052449,2024,TRANSFORMER A - MARKET SEQUENCE,0,0,0.43066508
MSFT,2024-04-26,0000950170-24-048268,0.0028119746505765,2024,TRANSFORMER A - MARKET SEQUENCE,1,0,0.42925546
AMD,2024-05-01,0000002488-24-000054,-0.0818590805494118,2024,TRANSFORMER A - MARKET SEQUENCE,0,0,0.44142464
AMZN,2024-05-01,0001018724-24-000081,0.0300875949213443,2024,TRANSFORMER A - MARKET SEQUENCE,1,0,0.45833138
QCOM,2024-05-02,0000804328-24-000038,0.0846712442402795,2024,TRANSFORMER A - MARKET SEQUENCE,1,0,0.43872437
AAPL,2024-05-03,0000320193-24-000067,0.0397177621053623,2024,TRANSFORMER A - MARKET SEQUENCE,1,0,0.4316678
AAPL,2024-05-06,0001140361-24-024352,-0.0200602379123682,2024,TRANSFORMER A - MARKET SEQUENCE,0,0,0.41890115
AMZN,2024-05-06,0001104659-24-057026,0.0024184940626126,2024,TRANSFORMER A - MARKET SEQUENCE,1,0,0.45050535
INTC,2024-05-08,0000050863-24-000086,-0.0215737571496704,2024,TRANSFORMER A - MARKET SEQUENCE,0,0,0.443739
QCOM,2024-05-09,0000804328-24-000042,-0.0022370667146321,2024,TRANSFORMER A - MARKET SEQUENCE,0,0,0.41692054
INTC,2024-05-10,0000050863-24-000093,-0.0103340752317097,2024,TRANSFORMER A - MARKET SEQUENCE,0,0,0.44769394
AMD,2024-05-14,0000002488-24-000076,0.010836719386652,2024,TRANSFORMER A - MARKET SEQUENCE,1,0,0.43204305
AMZN,2024-05-15,0001104659-24-061143,-0.0214035828102581,2024,TRANSFORMER A - MARKET SEQUENCE,0,0,0.44204548
NVDA,2024-05-23,0001045810-24-000113,0.0976949075031965,2024,TRANSFORMER A - MARKET SEQUENCE,1,0,0.4060595
AMZN,2024-05-28,0001104659-24-065117,0.0039677844666901,2024,TRANSFORMER A - MARKET SEQUENCE,1,0,0.4227789
META,2024-06-03,0001326801-24-000057,0.0174655926294444,2024,TRANSFORMER A - MARKET SEQUENCE,1,0,0.41470313
GOOGL,2024-06-05,0001193125-24-154725,-0.0108380197823509,2024,TRANSFORMER A - MARKET SEQUENCE,0,0,0.41976133
INTC,2024-06-05,0000050863-24-000103,0.0048153149112701,2024,TRANSFORMER A - MARKET SEQUENCE,1,0,0.42983446
GOOGL,2024-06-10,0001193125-24-157498,0.0002646731088924,2024,TRANSFORMER A - MARKET SEQUENCE,1,0,0.41879985
NFLX,2024-06-10,0001065280-24-000185,0.000684267661654,2024,TRANSFORMER A - MARKET SEQUENCE,1,0,0.422735
NVDA,2024-06-10,0001045810-24-000144,0.0034221189710492,2024,TRANSFORMER A - MARKET SEQUENCE,1,0,0.42950496
AVGO,2024-06-13,0001730168-24-000077,0.1172670008910432,2024,TRANSFORMER A - MARKET SEQUENCE,1,0,0.41742384
ADBE,2024-06-14,0000796343-24-000140,0.1399336508244648,2024,TRANSFORMER A - MARKET SEQUENCE,1,0,0.42213306
GOOGL,2024-06-14,0001193125-24-160721,0.0041244145221528,2024,TRANSFORMER A - MARKET SEQUENCE,1,0,0.4300802
TSLA,2024-06-14,0001104659-24-071439,-0.0296236588388044,2024,TRANSFORMER A - MARKET SEQUENCE,0,0,0.40552664
INTC,2024-06-17,0000050863-24-000110,0.0051556659696221,2024,TRANSFORMER A - MARKET SEQUENCE,1,0,0.4164091
TSLA,2024-07-02,0001628280-24-030714,0.0914729351799721,2024,TRANSFORMER A - MARKET SEQUENCE,1,0,0.42157748
AMD,2024-07-03,0000002488-24-000109,-0.0108323175729508,2024,TRANSFORMER A - MARKET SEQUENCE,0,0,0.42624468
NVDA,2024-07-03,0001045810-24-000206,0.0373956300194346,2024,TRANSFORMER A - MARKET SEQUENCE,1,0,0.43730015
AVGO,2024-07-08,0001140361-24-032566,0.0226024920007321,2024,TRANSFORMER A - MARKET SEQUENCE,1,0,0.39908698
AVGO,2024-07-15,0001140361-24-033072,0.0052678472960536,2024,TRANSFORMER A - MARKET SEQUENCE,1,0,0.40047556
ADBE,2024-07-19,0000796343-24-000173,-0.0016419356270305,2024,TRANSFORMER A - MARKET SEQUENCE,0,0,0.41420594
NFLX,2024-07-19,0001065280-24-000199,-0.0062210738177783,2024,TRANSFORMER A - MARKET SEQUENCE,0,0,0.4234184
AMD,2024-07-23,0000002488-24-000115,-0.0084724169439157,2024,TRANSFORMER A - MARKET SEQUENCE,0,0,0.41765028
GOOGL,2024-07-24,0001652044-24-000076,-0.0145174608587789,2024,TRANSFORMER A - MARKET SEQUENCE,0,0,0.42412856
TSLA,2024-07-24,0001628280-24-032603,-0.0874757292119658,2024,TRANSFORMER A - MARKET SEQUENCE,0,0,0.4451022
AMD,2024-07-31,0000002488-24-000121,0.0140352718571412,2024,TRANSFORMER A - MARKET SEQUENCE,1,0,0.42736918
MSFT,2024-07-31,0000950170-24-087835,-0.0403995338996397,2024,TRANSFORMER A - MARKET SEQUENCE,0,0,0.43420842
META,2024-08-01,0001326801-24-000065,0.0724701323219204,2024,TRANSFORMER A - MARKET SEQUENCE,1,0,0.4131225
QCOM,2024-08-01,0000804328-24-000055,-0.0694510076775402,2024,TRANSFORMER A - MARKET SEQUENCE,0,0,0.46677262
AAPL,2024-08-02,0000320193-24-000080,0.0306044294935562,2024,TRANSFORMER A - MARKET SEQUENCE,1,0,0.46993944
AMZN,2024-08-02,0001018724-24-000128,-0.0641119895977478,2024,TRANSFORMER A - MARKET SEQUENCE,0,0,0.41460833
INTC,2024-08-02,0000050863-24-000122,-0.2368500510200635,2024,TRANSFORMER A - MARKET SEQUENCE,0,0,0.44517335
NFLX,2024-08-02,0001140361-24-035325,0.0057947539156958,2024,TRANSFORMER A - MARKET SEQUENCE,1,0,0.4472744
GOOGL,2024-08-06,0001652044-24-000085,-0.015583587491549,2024,TRANSFORMER A - MARKET SEQUENCE,0,1,0.51462245
ADBE,2024-08-09,0000796343-24-000192,0.0062065447942678,2024,TRANSFORMER A - MARKET SEQUENCE,1,0,0.4791473
META,2024-08-12,0001193125-24-197873,-0.0056686754199641,2024,TRANSFORMER A - MARKET SEQUENCE,0,0,0.4673864
QCOM,2024-08-12,0000804328-24-000061,-0.0118204769000732,2024,TRANSFORMER A - MARKET SEQUENCE,0,0,0.4806161
AMD,2024-08-19,0001193125-24-202457,0.032098258905727,2024,TRANSFORMER A - MARKET SEQUENCE,1,0,0.46041664
MSFT,2024-08-22,0001193125-24-204403,-0.0043980212421622,2024,TRANSFORMER A - MARKET SEQUENCE,0,0,0.49455544
INTC,2024-08-23,0000050863-24-000134,0.0110450938530819,2024,TRANSFORMER A - MARKET SEQUENCE,1,0,0.49057758
AAPL,2024-08-26,0001140361-24-038403,0.0112070905297206,2024,TRANSFORMER A - MARKET SEQUENCE,1,1,0.5105199
AAPL,2024-08-27,0001140361-24-038601,0.0007542657206189,2024,TRANSFORMER A - MARKET SEQUENCE,1,1,0.5144419
NVDA,2024-08-29,0001045810-24-000262,-0.0623846340010401,2024,TRANSFORMER A - MARKET SEQUENCE,0,0,0.46372068
AVGO,2024-09-06,0001730168-24-000095,-0.0767334877670407,2024,TRANSFORMER A - MARKET SEQUENCE,0,0,0.49747935
AAPL,2024-09-10,0001140361-24-040659,-0.0128632518967733,2024,TRANSFORMER A - MARKET SEQUENCE,0,0,0.47418866
META,2024-09-11,0001326801-24-000072,-0.0077688677103828,2024,TRANSFORMER A - MARKET SEQUENCE,0,0,0.46361822
ADBE,2024-09-13,0000796343-24-000200,-0.0891786499822013,2024,TRANSFORMER A - MARKET SEQUENCE,0,0,0.46230876
GOOGL,2024-09-24,0001652044-24-000097,-0.0021051469157118,2024,TRANSFORMER A - MARKET SEQUENCE,0,0,0.44877467
TSLA,2024-10-02,0001628280-24-041816,-0.0362940176219049,2024,TRANSFORMER A - MARKET SEQUENCE,0,0,0.4441158
AVGO,2024-10-03,0001193125-24-231159,0.0079543582968901,2024,TRANSFORMER A - MARKET SEQUENCE,1,0,0.4246161
QCOM,2024-10-10,0000804328-24-000064,-0.0088514143569888,2024,TRANSFORMER A - MARKET SEQUENCE,0,0,0.43119937
NFLX,2024-10-18,0001065280-24-000286,0.104315570955207,2024,TRANSFORMER A - MARKET SEQUENCE,1,0,0.40521428
TSLA,2024-10-24,0001628280-24-043432,0.2110815153980303,2024,TRANSFORMER A - MARKET SEQUENCE,1,0,0.41808638
AMD,2024-10-30,0000002488-24-000161,-0.0986077205311312,2024,TRANSFORMER A - MARKET SEQUENCE,0,0,0.43327734
GOOGL,2024-10-30,0001652044-24-000115,0.0357284587086796,2024,TRANSFORMER A - MARKET SEQUENCE,1,0,0.4393522
META,2024-10-31,0001326801-24-000077,-0.0156832347344346,2024,TRANSFORMER A - MARKET SEQUENCE,0,0,0.45646977
MSFT,2024-10-31,0000950170-24-118955,-0.0352849351641355,2024,TRANSFORMER A - MARKET SEQUENCE,0,0,0.42232233
AAPL,2024-11-01,0000320193-24-000120,-0.0206786073841666,2024,TRANSFORMER A - MARKET SEQUENCE,0,0,0.4045159
AMZN,2024-11-01,0001018724-24-000158,0.0544572368232327,2024,TRANSFORMER A - MARKET SEQUENCE,1,0,0.42536896
INTC,2024-11-01,0000050863-24-000147,0.07066794518924,2024,TRANSFORMER A - MARKET SEQUENCE,1,0,0.42692176
QCOM,2024-11-07,0000804328-24-000074,-0.0162068240586866,2024,TRANSFORMER A - MARKET SEQUENCE,0,0,0.41501045
NVDA,2024-11-08,0001045810-24-000300,-0.009564725627819,2024,TRANSFORMER A - MARKET SEQUENCE,0,0,0.4539053
AMD,2024-11-19,0000002488-24-000172,-0.0035686693916257,2024,TRANSFORMER A - MARKET SEQUENCE,0,0,0.410126
NVDA,2024-11-21,0001045810-24-000315,0.0017494321955247,2024,TRANSFORMER A - MARKET SEQUENCE,1,0,0.45570853
INTC,2024-11-29,0000050863-24-000169,0.0081264613034299,2024,TRANSFORMER A - MARKET SEQUENCE,1,0,0.41091275
INTC,2024-12-03,0000050863-24-000173,-0.0640776713102243,2024,TRANSFORMER A - MARKET SEQUENCE,0,0,0.41129613
MSFT,2024-12-04,0000950170-24-132722,0.0020620099052759,2024,TRANSFORMER A - MARKET SEQUENCE,1,0,0.42460507
INTC,2024-12-05,0000050863-24-000180,-0.0500523717299665,2024,TRANSFORMER A - MARKET SEQUENCE,0,0,0.4138038
ADBE,2024-12-12,0000796343-24-000250,-0.1304726539184462,2024,TRANSFORMER A - MARKET SEQUENCE,0,0,0.4311063
MSFT,2024-12-12,0001193125-24-275524,0.0077233527532145,2024,TRANSFORMER A - MARKET SEQUENCE,1,0,0.420025
AVGO,2024-12-13,0001730168-24-000125,0.2366717794511601,2024,TRANSFORMER A - MARKET SEQUENCE,1,0,0.41539073
QCOM,2024-12-13,0000804328-24-000079,-0.0058219456139634,2024,TRANSFORMER A - MARKET SEQUENCE,0,0,0.40755737
TSLA,2024-01-03,0000950170-24-000282,-0.029552132706404,2024,TRANSFORMER B - MARKET SEQUENCE + SEC,0,0,0.4482526
INTC,2024-01-04,0000050863-24-000003,0.0013208657416328,2024,TRANSFORMER B - MARKET SEQUENCE + SEC,1,0,0.45634595
META,2024-01-18,0001326801-24-000003,0.0068714394556175,2024,TRANSFORMER B - MARKET SEQUENCE + SEC,1,0,0.44638196
MSFT,2024-01-22,0001193125-24-011295,-0.0067238746445128,2024,TRANSFORMER B - MARKET SEQUENCE + SEC,0,0,0.47112212
NFLX,2024-01-24,0001065280-24-000029,0.1014825443873539,2024,TRANSFORMER B - MARKET SEQUENCE + SEC,1,0,0.4536441
QCOM,2024-01-24,0000804328-24-000005,0.0001185483007555,2024,TRANSFORMER B - MARKET SEQUENCE + SEC,1,0,0.46962142
TSLA,2024-01-25,0000950170-24-007073,-0.1224740376745285,2024,TRANSFORMER B - MARKET SEQUENCE + SEC,0,0,0.4574886
INTC,2024-01-26,0000050863-24-000008,-0.1131140495018067,2024,TRANSFORMER B - MARKET SEQUENCE + SEC,0,0,0.45458964
ADBE,2024-01-29,0000796343-24-000024,0.0163098936742871,2024,TRANSFORMER B - MARKET SEQUENCE + SEC,1,0,0.47513342
AMD,2024-01-31,0000002488-24-000009,-0.0058118234245958,2024,TRANSFORMER B - MARKET SEQUENCE + SEC,0,0,0.49297225
GOOGL,2024-01-31,0001652044-24-000014,-0.0554170885607413,2024,TRANSFORMER B - MARKET SEQUENCE + SEC,0,0,0.44136474
MSFT,2024-01-31,0000950170-24-008809,-0.00736009170046,2024,TRANSFORMER B - MARKET SEQUENCE + SEC,0,0,0.45600814
QCOM,2024-02-01,0000804328-24-000015,-0.0616038187076641,2024,TRANSFORMER B - MARKET SEQUENCE + SEC,0,0,0.47016296
AAPL,2024-02-02,0000320193-24-000005,-0.0223059383692889,2024,TRANSFORMER B - MARKET SEQUENCE + SEC,0,0,0.47662696
AMZN,2024-02-02,0001018724-24-000006,0.0617658265277774,2024,TRANSFORMER B - MARKET SEQUENCE + SEC,1,0,0.44833797
META,2024-02-02,0001326801-24-000010,0.1862758363065153,2024,TRANSFORMER B - MARKET SEQUENCE + SEC,1,0,0.44208506
GOOGL,2024-02-09,0001652044-24-000032,0.0113345458828839,2024,TRANSFORMER B - MARKET SEQUENCE + SEC,1,0,0.44035178
AVGO,2024-02-12,0001140361-24-006724,-0.0104549920219344,2024,TRANSFORMER B - MARKET SEQUENCE + SEC,0,0,0.46260872
META,2024-02-15,0001326801-24-000019,0.019736042790619,2024,TRANSFORMER B - MARKET SEQUENCE + SEC,1,0,0.45632938
INTC,2024-02-20,0000050863-24-000033,0.030761207112588,2024,TRANSFORMER B - MARKET SEQUENCE + SEC,1,0,0.48325807
AMD,2024-02-21,0001628280-24-005593,-0.0044478577490031,2024,TRANSFORMER B - MARKET SEQUENCE + SEC,0,0,0.48205194
INTC,2024-02-22,0001193125-24-041435,-0.0405478899608676,2024,TRANSFORMER B - MARKET SEQUENCE + SEC,0,0,0.47371426
NVDA,2024-02-22,0001045810-24-000028,0.1347330165436682,2024,TRANSFORMER B - MARKET SEQUENCE + SEC,1,0,0.45753253
AAPL,2024-02-29,0001140361-24-010155,-0.0122624655956898,2024,TRANSFORMER B - MARKET SEQUENCE + SEC,0,0,0.46066558
AVGO,2024-03-08,0001730168-24-000012,-0.0554224960816073,2024,TRANSFORMER B - MARKET SEQUENCE + SEC,0,0,0.46096936
QCOM,2024-03-08,0000804328-24-000020,-0.0148729957619656,2024,TRANSFORMER B - MARKET SEQUENCE + SEC,0,0,0.46970716
INTC,2024-03-14,0000050863-24-000036,-0.0085821226346747,2024,TRANSFORMER B - MARKET SEQUENCE + SEC,0,0,0.45677248
ADBE,2024-03-15,0000796343-24-000057,-0.1248298560785117,2024,TRANSFORMER B - MARKET SEQUENCE + SEC,0,0,0.48154798
NVDA,2024-03-15,0001045810-24-000069,0.010670162639536,2024,TRANSFORMER B - MARKET SEQUENCE + SEC,1,0,0.45925176
INTC,2024-04-03,0000050863-24-000068,-0.0844015754415581,2024,TRANSFORMER B - MARKET SEQUENCE + SEC,0,0,0.4355095
TSLA,2024-04-03,0000950170-24-040274,0.0082580205460329,2024,TRANSFORMER B - MARKET SEQUENCE + SEC,1,0,0.44581527
ADBE,2024-04-05,0001193125-24-087244,-0.0158691774008384,2024,TRANSFORMER B - MARKET SEQUENCE + SEC,0,0,0.48899156
AMZN,2024-04-11,0001104659-24-045915,0.0007030203450197,2024,TRANSFORMER B - MARKET SEQUENCE + SEC,1,0,0.46565175
TSLA,2024-04-16,0000950170-24-044588,-0.0271550790003385,2024,TRANSFORMER B - MARKET SEQUENCE + SEC,0,0,0.46149412
NFLX,2024-04-19,0001065280-24-000127,-0.0702437021508806,2024,TRANSFORMER B - MARKET SEQUENCE + SEC,0,0,0.44641408
ADBE,2024-04-22,0000796343-24-000086,-0.0060351498461006,2024,TRANSFORMER B - MARKET SEQUENCE + SEC,0,0,0.4869413
AVGO,2024-04-24,0001730168-24-000055,0.0027202176051119,2024,TRANSFORMER B - MARKET SEQUENCE + SEC,1,0,0.47956184
TSLA,2024-04-24,0000950170-24-046895,0.1172234242258121,2024,TRANSFORMER B - MARKET SEQUENCE + SEC,1,0,0.45133296
META,2024-04-25,0001326801-24-000044,-0.1007828326512643,2024,TRANSFORMER B - MARKET SEQUENCE + SEC,0,0,0.46061966
GOOGL,2024-04-26,0001652044-24-000047,0.0868120410411665,2024,TRANSFORMER B - MARKET SEQUENCE + SEC,1,0,0.44312885
INTC,2024-04-26,0000050863-24-000074,-0.1074282063052449,2024,TRANSFORMER B - MARKET SEQUENCE + SEC,0,0,0.48297626
MSFT,2024-04-26,0000950170-24-048268,0.0028119746505765,2024,TRANSFORMER B - MARKET SEQUENCE + SEC,1,0,0.46360028
AMD,2024-05-01,0000002488-24-000054,-0.0818590805494118,2024,TRANSFORMER B - MARKET SEQUENCE + SEC,0,0,0.48361123
AMZN,2024-05-01,0001018724-24-000081,0.0300875949213443,2024,TRANSFORMER B - MARKET SEQUENCE + SEC,1,0,0.45791453
QCOM,2024-05-02,0000804328-24-000038,0.0846712442402795,2024,TRANSFORMER B - MARKET SEQUENCE + SEC,1,0,0.4598767
AAPL,2024-05-03,0000320193-24-000067,0.0397177621053623,2024,TRANSFORMER B - MARKET SEQUENCE + SEC,1,0,0.4380014
AAPL,2024-05-06,0001140361-24-024352,-0.0200602379123682,2024,TRANSFORMER B - MARKET SEQUENCE + SEC,0,0,0.46383172
AMZN,2024-05-06,0001104659-24-057026,0.0024184940626126,2024,TRANSFORMER B - MARKET SEQUENCE + SEC,1,0,0.45825335
INTC,2024-05-08,0000050863-24-000086,-0.0215737571496704,2024,TRANSFORMER B - MARKET SEQUENCE + SEC,0,1,0.5080061
QCOM,2024-05-09,0000804328-24-000042,-0.0022370667146321,2024,TRANSFORMER B - MARKET SEQUENCE + SEC,0,0,0.47740114
INTC,2024-05-10,0000050863-24-000093,-0.0103340752317097,2024,TRANSFORMER B - MARKET SEQUENCE + SEC,0,1,0.5096755
AMD,2024-05-14,0000002488-24-000076,0.010836719386652,2024,TRANSFORMER B - MARKET SEQUENCE + SEC,1,0,0.48214313
AMZN,2024-05-15,0001104659-24-061143,-0.0214035828102581,2024,TRANSFORMER B - MARKET SEQUENCE + SEC,0,0,0.44981745
NVDA,2024-05-23,0001045810-24-000113,0.0976949075031965,2024,TRANSFORMER B - MARKET SEQUENCE + SEC,1,0,0.43482888
AMZN,2024-05-28,0001104659-24-065117,0.0039677844666901,2024,TRANSFORMER B - MARKET SEQUENCE + SEC,1,0,0.4622596
META,2024-06-03,0001326801-24-000057,0.0174655926294444,2024,TRANSFORMER B - MARKET SEQUENCE + SEC,1,0,0.46678567
GOOGL,2024-06-05,0001193125-24-154725,-0.0108380197823509,2024,TRANSFORMER B - MARKET SEQUENCE + SEC,0,0,0.45409977
INTC,2024-06-05,0000050863-24-000103,0.0048153149112701,2024,TRANSFORMER B - MARKET SEQUENCE + SEC,1,0,0.47759017
GOOGL,2024-06-10,0001193125-24-157498,0.0002646731088924,2024,TRANSFORMER B - MARKET SEQUENCE + SEC,1,0,0.4565279
NFLX,2024-06-10,0001065280-24-000185,0.000684267661654,2024,TRANSFORMER B - MARKET SEQUENCE + SEC,1,0,0.43446064
NVDA,2024-06-10,0001045810-24-000144,0.0034221189710492,2024,TRANSFORMER B - MARKET SEQUENCE + SEC,1,0,0.4429599
AVGO,2024-06-13,0001730168-24-000077,0.1172670008910432,2024,TRANSFORMER B - MARKET SEQUENCE + SEC,1,0,0.4434373
ADBE,2024-06-14,0000796343-24-000140,0.1399336508244648,2024,TRANSFORMER B - MARKET SEQUENCE + SEC,1,0,0.45956263
GOOGL,2024-06-14,0001193125-24-160721,0.0041244145221528,2024,TRANSFORMER B - MARKET SEQUENCE + SEC,1,0,0.46540123
TSLA,2024-06-14,0001104659-24-071439,-0.0296236588388044,2024,TRANSFORMER B - MARKET SEQUENCE + SEC,0,0,0.44593745
INTC,2024-06-17,0000050863-24-000110,0.0051556659696221,2024,TRANSFORMER B - MARKET SEQUENCE + SEC,1,0,0.47293687
TSLA,2024-07-02,0001628280-24-030714,0.0914729351799721,2024,TRANSFORMER B - MARKET SEQUENCE + SEC,1,0,0.44761539
AMD,2024-07-03,0000002488-24-000109,-0.0108323175729508,2024,TRANSFORMER B - MARKET SEQUENCE + SEC,0,0,0.45034748
NVDA,2024-07-03,0001045810-24-000206,0.0373956300194346,2024,TRANSFORMER B - MARKET SEQUENCE + SEC,1,0,0.454492
AVGO,2024-07-08,0001140361-24-032566,0.0226024920007321,2024,TRANSFORMER B - MARKET SEQUENCE + SEC,1,0,0.45783088
AVGO,2024-07-15,0001140361-24-033072,0.0052678472960536,2024,TRANSFORMER B - MARKET SEQUENCE + SEC,1,0,0.45624608
ADBE,2024-07-19,0000796343-24-000173,-0.0016419356270305,2024,TRANSFORMER B - MARKET SEQUENCE + SEC,0,0,0.46243113
NFLX,2024-07-19,0001065280-24-000199,-0.0062210738177783,2024,TRANSFORMER B - MARKET SEQUENCE + SEC,0,0,0.43457744
AMD,2024-07-23,0000002488-24-000115,-0.0084724169439157,2024,TRANSFORMER B - MARKET SEQUENCE + SEC,0,0,0.44093734
GOOGL,2024-07-24,0001652044-24-000076,-0.0145174608587789,2024,TRANSFORMER B - MARKET SEQUENCE + SEC,0,0,0.4593658
TSLA,2024-07-24,0001628280-24-032603,-0.0874757292119658,2024,TRANSFORMER B - MARKET SEQUENCE + SEC,0,0,0.45769432
AMD,2024-07-31,0000002488-24-000121,0.0140352718571412,2024,TRANSFORMER B - MARKET SEQUENCE + SEC,1,0,0.4685563
MSFT,2024-07-31,0000950170-24-087835,-0.0403995338996397,2024,TRANSFORMER B - MARKET SEQUENCE + SEC,0,0,0.4520145
META,2024-08-01,0001326801-24-000065,0.0724701323219204,2024,TRANSFORMER B - MARKET SEQUENCE + SEC,1,0,0.4405713
QCOM,2024-08-01,0000804328-24-000055,-0.0694510076775402,2024,TRANSFORMER B - MARKET SEQUENCE + SEC,0,0,0.4989328
AAPL,2024-08-02,0000320193-24-000080,0.0306044294935562,2024,TRANSFORMER B - MARKET SEQUENCE + SEC,1,0,0.47290283
AMZN,2024-08-02,0001018724-24-000128,-0.0641119895977478,2024,TRANSFORMER B - MARKET SEQUENCE + SEC,0,0,0.44351655
INTC,2024-08-02,0000050863-24-000122,-0.2368500510200635,2024,TRANSFORMER B - MARKET SEQUENCE + SEC,0,0,0.43034184
NFLX,2024-08-02,0001140361-24-035325,0.0057947539156958,2024,TRANSFORMER B - MARKET SEQUENCE + SEC,1,0,0.447118
GOOGL,2024-08-06,0001652044-24-000085,-0.015583587491549,2024,TRANSFORMER B - MARKET SEQUENCE + SEC,0,0,0.47576508
ADBE,2024-08-09,0000796343-24-000192,0.0062065447942678,2024,TRANSFORMER B - MARKET SEQUENCE + SEC,1,0,0.46320504
META,2024-08-12,0001193125-24-197873,-0.0056686754199641,2024,TRANSFORMER B - MARKET SEQUENCE + SEC,0,0,0.44825795
QCOM,2024-08-12,0000804328-24-000061,-0.0118204769000732,2024,TRANSFORMER B - MARKET SEQUENCE + SEC,0,0,0.48590395
AMD,2024-08-19,0001193125-24-202457,0.032098258905727,2024,TRANSFORMER B - MARKET SEQUENCE + SEC,1,0,0.49999
MSFT,2024-08-22,0001193125-24-204403,-0.0043980212421622,2024,TRANSFORMER B - MARKET SEQUENCE + SEC,0,1,0.5098512
INTC,2024-08-23,0000050863-24-000134,0.0110450938530819,2024,TRANSFORMER B - MARKET SEQUENCE + SEC,1,1,0.51189315
AAPL,2024-08-26,0001140361-24-038403,0.0112070905297206,2024,TRANSFORMER B - MARKET SEQUENCE + SEC,1,0,0.47500107
AAPL,2024-08-27,0001140361-24-038601,0.0007542657206189,2024,TRANSFORMER B - MARKET SEQUENCE + SEC,1,0,0.47470072
NVDA,2024-08-29,0001045810-24-000262,-0.0623846340010401,2024,TRANSFORMER B - MARKET SEQUENCE + SEC,0,0,0.4769064
AVGO,2024-09-06,0001730168-24-000095,-0.0767334877670407,2024,TRANSFORMER B - MARKET SEQUENCE + SEC,0,0,0.45204744
AAPL,2024-09-10,0001140361-24-040659,-0.0128632518967733,2024,TRANSFORMER B - MARKET SEQUENCE + SEC,0,0,0.4846766
META,2024-09-11,0001326801-24-000072,-0.0077688677103828,2024,TRANSFORMER B - MARKET SEQUENCE + SEC,0,0,0.41502059
ADBE,2024-09-13,0000796343-24-000200,-0.0891786499822013,2024,TRANSFORMER B - MARKET SEQUENCE + SEC,0,0,0.44537812
GOOGL,2024-09-24,0001652044-24-000097,-0.0021051469157118,2024,TRANSFORMER B - MARKET SEQUENCE + SEC,0,0,0.44663104
TSLA,2024-10-02,0001628280-24-041816,-0.0362940176219049,2024,TRANSFORMER B - MARKET SEQUENCE + SEC,0,0,0.4430827
AVGO,2024-10-03,0001193125-24-231159,0.0079543582968901,2024,TRANSFORMER B - MARKET SEQUENCE + SEC,1,0,0.44517505
QCOM,2024-10-10,0000804328-24-000064,-0.0088514143569888,2024,TRANSFORMER B - MARKET SEQUENCE + SEC,0,0,0.44208497
NFLX,2024-10-18,0001065280-24-000286,0.104315570955207,2024,TRANSFORMER B - MARKET SEQUENCE + SEC,1,0,0.4451962
TSLA,2024-10-24,0001628280-24-043432,0.2110815153980303,2024,TRANSFORMER B - MARKET SEQUENCE + SEC,1,0,0.45765123
AMD,2024-10-30,0000002488-24-000161,-0.0986077205311312,2024,TRANSFORMER B - MARKET SEQUENCE + SEC,0,0,0.4636523
GOOGL,2024-10-30,0001652044-24-000115,0.0357284587086796,2024,TRANSFORMER B - MARKET SEQUENCE + SEC,1,0,0.4467049
META,2024-10-31,0001326801-24-000077,-0.0156832347344346,2024,TRANSFORMER B - MARKET SEQUENCE + SEC,0,0,0.45311248
MSFT,2024-10-31,0000950170-24-118955,-0.0352849351641355,2024,TRANSFORMER B - MARKET SEQUENCE + SEC,0,0,0.4416726
AAPL,2024-11-01,0000320193-24-000120,-0.0206786073841666,2024,TRANSFORMER B - MARKET SEQUENCE + SEC,0,0,0.44766644
AMZN,2024-11-01,0001018724-24-000158,0.0544572368232327,2024,TRANSFORMER B - MARKET SEQUENCE + SEC,1,0,0.4379746
INTC,2024-11-01,0000050863-24-000147,0.07066794518924,2024,TRANSFORMER B - MARKET SEQUENCE + SEC,1,0,0.43325475
QCOM,2024-11-07,0000804328-24-000074,-0.0162068240586866,2024,TRANSFORMER B - MARKET SEQUENCE + SEC,0,0,0.43700427
NVDA,2024-11-08,0001045810-24-000300,-0.009564725627819,2024,TRANSFORMER B - MARKET SEQUENCE + SEC,0,0,0.4458291
AMD,2024-11-19,0000002488-24-000172,-0.0035686693916257,2024,TRANSFORMER B - MARKET SEQUENCE + SEC,0,0,0.47677478
NVDA,2024-11-21,0001045810-24-000315,0.0017494321955247,2024,TRANSFORMER B - MARKET SEQUENCE + SEC,1,0,0.44099942
INTC,2024-11-29,0000050863-24-000169,0.0081264613034299,2024,TRANSFORMER B - MARKET SEQUENCE + SEC,1,0,0.44208303
INTC,2024-12-03,0000050863-24-000173,-0.0640776713102243,2024,TRANSFORMER B - MARKET SEQUENCE + SEC,0,0,0.44453517
MSFT,2024-12-04,0000950170-24-132722,0.0020620099052759,2024,TRANSFORMER B - MARKET SEQUENCE + SEC,1,0,0.44648468
INTC,2024-12-05,0000050863-24-000180,-0.0500523717299665,2024,TRANSFORMER B - MARKET SEQUENCE + SEC,0,0,0.44786772
ADBE,2024-12-12,0000796343-24-000250,-0.1304726539184462,2024,TRANSFORMER B - MARKET SEQUENCE + SEC,0,0,0.44364697
MSFT,2024-12-12,0001193125-24-275524,0.0077233527532145,2024,TRANSFORMER B - MARKET SEQUENCE + SEC,1,0,0.4747876
AVGO,2024-12-13,0001730168-24-000125,0.2366717794511601,2024,TRANSFORMER B - MARKET SEQUENCE + SEC,1,0,0.45039263
QCOM,2024-12-13,0000804328-24-000079,-0.0058219456139634,2024,TRANSFORMER B - MARKET SEQUENCE + SEC,0,0,0.46058086
TSLA,2024-01-03,0000950170-24-000282,-0.029552132706404,2024,TRANSFORMER C - MARKET SEQUENCE + SEC + FINBERT,0,0,0.42105332
INTC,2024-01-04,0000050863-24-000003,0.0013208657416328,2024,TRANSFORMER C - MARKET SEQUENCE + SEC + FINBERT,1,1,0.50622916
META,2024-01-18,0001326801-24-000003,0.0068714394556175,2024,TRANSFORMER C - MARKET SEQUENCE + SEC + FINBERT,1,0,0.48541498
MSFT,2024-01-22,0001193125-24-011295,-0.0067238746445128,2024,TRANSFORMER C - MARKET SEQUENCE + SEC + FINBERT,0,0,0.49672803
NFLX,2024-01-24,0001065280-24-000029,0.1014825443873539,2024,TRANSFORMER C - MARKET SEQUENCE + SEC + FINBERT,1,0,0.49163485
QCOM,2024-01-24,0000804328-24-000005,0.0001185483007555,2024,TRANSFORMER C - MARKET SEQUENCE + SEC + FINBERT,1,1,0.5185838
TSLA,2024-01-25,0000950170-24-007073,-0.1224740376745285,2024,TRANSFORMER C - MARKET SEQUENCE + SEC + FINBERT,0,0,0.42046684
INTC,2024-01-26,0000050863-24-000008,-0.1131140495018067,2024,TRANSFORMER C - MARKET SEQUENCE + SEC + FINBERT,0,1,0.50503045
ADBE,2024-01-29,0000796343-24-000024,0.0163098936742871,2024,TRANSFORMER C - MARKET SEQUENCE + SEC + FINBERT,1,0,0.4397951
AMD,2024-01-31,0000002488-24-000009,-0.0058118234245958,2024,TRANSFORMER C - MARKET SEQUENCE + SEC + FINBERT,0,1,0.50798
GOOGL,2024-01-31,0001652044-24-000014,-0.0554170885607413,2024,TRANSFORMER C - MARKET SEQUENCE + SEC + FINBERT,0,0,0.49349403
MSFT,2024-01-31,0000950170-24-008809,-0.00736009170046,2024,TRANSFORMER C - MARKET SEQUENCE + SEC + FINBERT,0,0,0.47726956
QCOM,2024-02-01,0000804328-24-000015,-0.0616038187076641,2024,TRANSFORMER C - MARKET SEQUENCE + SEC + FINBERT,0,1,0.53289545
AAPL,2024-02-02,0000320193-24-000005,-0.0223059383692889,2024,TRANSFORMER C - MARKET SEQUENCE + SEC + FINBERT,0,0,0.40846643
AMZN,2024-02-02,0001018724-24-000006,0.0617658265277774,2024,TRANSFORMER C - MARKET SEQUENCE + SEC + FINBERT,1,1,0.50364923
META,2024-02-02,0001326801-24-000010,0.1862758363065153,2024,TRANSFORMER C - MARKET SEQUENCE + SEC + FINBERT,1,0,0.48427436
GOOGL,2024-02-09,0001652044-24-000032,0.0113345458828839,2024,TRANSFORMER C - MARKET SEQUENCE + SEC + FINBERT,1,1,0.5052786
AVGO,2024-02-12,0001140361-24-006724,-0.0104549920219344,2024,TRANSFORMER C - MARKET SEQUENCE + SEC + FINBERT,0,1,0.5266913
META,2024-02-15,0001326801-24-000019,0.019736042790619,2024,TRANSFORMER C - MARKET SEQUENCE + SEC + FINBERT,1,1,0.50661737
INTC,2024-02-20,0000050863-24-000033,0.030761207112588,2024,TRANSFORMER C - MARKET SEQUENCE + SEC + FINBERT,1,0,0.44033208
AMD,2024-02-21,0001628280-24-005593,-0.0044478577490031,2024,TRANSFORMER C - MARKET SEQUENCE + SEC + FINBERT,0,1,0.51228195
INTC,2024-02-22,0001193125-24-041435,-0.0405478899608676,2024,TRANSFORMER C - MARKET SEQUENCE + SEC + FINBERT,0,0,0.40984517
NVDA,2024-02-22,0001045810-24-000028,0.1347330165436682,2024,TRANSFORMER C - MARKET SEQUENCE + SEC + FINBERT,1,1,0.5142468
AAPL,2024-02-29,0001140361-24-010155,-0.0122624655956898,2024,TRANSFORMER C - MARKET SEQUENCE + SEC + FINBERT,0,0,0.4154837
AVGO,2024-03-08,0001730168-24-000012,-0.0554224960816073,2024,TRANSFORMER C - MARKET SEQUENCE + SEC + FINBERT,0,1,0.5282902
QCOM,2024-03-08,0000804328-24-000020,-0.0148729957619656,2024,TRANSFORMER C - MARKET SEQUENCE + SEC + FINBERT,0,0,0.48526618
INTC,2024-03-14,0000050863-24-000036,-0.0085821226346747,2024,TRANSFORMER C - MARKET SEQUENCE + SEC + FINBERT,0,0,0.40692163
ADBE,2024-03-15,0000796343-24-000057,-0.1248298560785117,2024,TRANSFORMER C - MARKET SEQUENCE + SEC + FINBERT,0,0,0.41653043
NVDA,2024-03-15,0001045810-24-000069,0.010670162639536,2024,TRANSFORMER C - MARKET SEQUENCE + SEC + FINBERT,1,1,0.51852345
INTC,2024-04-03,0000050863-24-000068,-0.0844015754415581,2024,TRANSFORMER C - MARKET SEQUENCE + SEC + FINBERT,0,0,0.43230122
TSLA,2024-04-03,0000950170-24-040274,0.0082580205460329,2024,TRANSFORMER C - MARKET SEQUENCE + SEC + FINBERT,1,0,0.43528518
ADBE,2024-04-05,0001193125-24-087244,-0.0158691774008384,2024,TRANSFORMER C - MARKET SEQUENCE + SEC + FINBERT,0,0,0.43927795
AMZN,2024-04-11,0001104659-24-045915,0.0007030203450197,2024,TRANSFORMER C - MARKET SEQUENCE + SEC + FINBERT,1,1,0.50619376
TSLA,2024-04-16,0000950170-24-044588,-0.0271550790003385,2024,TRANSFORMER C - MARKET SEQUENCE + SEC + FINBERT,0,0,0.36774632
NFLX,2024-04-19,0001065280-24-000127,-0.0702437021508806,2024,TRANSFORMER C - MARKET SEQUENCE + SEC + FINBERT,0,0,0.48025802
ADBE,2024-04-22,0000796343-24-000086,-0.0060351498461006,2024,TRANSFORMER C - MARKET SEQUENCE + SEC + FINBERT,0,0,0.40168893
AVGO,2024-04-24,0001730168-24-000055,0.0027202176051119,2024,TRANSFORMER C - MARKET SEQUENCE + SEC + FINBERT,1,0,0.42362446
TSLA,2024-04-24,0000950170-24-046895,0.1172234242258121,2024,TRANSFORMER C - MARKET SEQUENCE + SEC + FINBERT,1,0,0.37156275
META,2024-04-25,0001326801-24-000044,-0.1007828326512643,2024,TRANSFORMER C - MARKET SEQUENCE + SEC + FINBERT,0,0,0.43637002
GOOGL,2024-04-26,0001652044-24-000047,0.0868120410411665,2024,TRANSFORMER C - MARKET SEQUENCE + SEC + FINBERT,1,0,0.47939095
INTC,2024-04-26,0000050863-24-000074,-0.1074282063052449,2024,TRANSFORMER C - MARKET SEQUENCE + SEC + FINBERT,0,0,0.39665458
MSFT,2024-04-26,0000950170-24-048268,0.0028119746505765,2024,TRANSFORMER C - MARKET SEQUENCE + SEC + FINBERT,1,0,0.4122602
AMD,2024-05-01,0000002488-24-000054,-0.0818590805494118,2024,TRANSFORMER C - MARKET SEQUENCE + SEC + FINBERT,0,0,0.39918667
AMZN,2024-05-01,0001018724-24-000081,0.0300875949213443,2024,TRANSFORMER C - MARKET SEQUENCE + SEC + FINBERT,1,0,0.47724923
QCOM,2024-05-02,0000804328-24-000038,0.0846712442402795,2024,TRANSFORMER C - MARKET SEQUENCE + SEC + FINBERT,1,0,0.42532757
AAPL,2024-05-03,0000320193-24-000067,0.0397177621053623,2024,TRANSFORMER C - MARKET SEQUENCE + SEC + FINBERT,1,0,0.41074562
AAPL,2024-05-06,0001140361-24-024352,-0.0200602379123682,2024,TRANSFORMER C - MARKET SEQUENCE + SEC + FINBERT,0,0,0.4357062
AMZN,2024-05-06,0001104659-24-057026,0.0024184940626126,2024,TRANSFORMER C - MARKET SEQUENCE + SEC + FINBERT,1,0,0.47960737
INTC,2024-05-08,0000050863-24-000086,-0.0215737571496704,2024,TRANSFORMER C - MARKET SEQUENCE + SEC + FINBERT,0,0,0.4170964
QCOM,2024-05-09,0000804328-24-000042,-0.0022370667146321,2024,TRANSFORMER C - MARKET SEQUENCE + SEC + FINBERT,0,0,0.4377001
INTC,2024-05-10,0000050863-24-000093,-0.0103340752317097,2024,TRANSFORMER C - MARKET SEQUENCE + SEC + FINBERT,0,0,0.41467315
AMD,2024-05-14,0000002488-24-000076,0.010836719386652,2024,TRANSFORMER C - MARKET SEQUENCE + SEC + FINBERT,1,0,0.38869488
AMZN,2024-05-15,0001104659-24-061143,-0.0214035828102581,2024,TRANSFORMER C - MARKET SEQUENCE + SEC + FINBERT,0,0,0.47099343
NVDA,2024-05-23,0001045810-24-000113,0.0976949075031965,2024,TRANSFORMER C - MARKET SEQUENCE + SEC + FINBERT,1,0,0.42435026
AMZN,2024-05-28,0001104659-24-065117,0.0039677844666901,2024,TRANSFORMER C - MARKET SEQUENCE + SEC + FINBERT,1,0,0.4579705
META,2024-06-03,0001326801-24-000057,0.0174655926294444,2024,TRANSFORMER C - MARKET SEQUENCE + SEC + FINBERT,1,0,0.40981355
GOOGL,2024-06-05,0001193125-24-154725,-0.0108380197823509,2024,TRANSFORMER C - MARKET SEQUENCE + SEC + FINBERT,0,0,0.492584
INTC,2024-06-05,0000050863-24-000103,0.0048153149112701,2024,TRANSFORMER C - MARKET SEQUENCE + SEC + FINBERT,1,0,0.39478174
GOOGL,2024-06-10,0001193125-24-157498,0.0002646731088924,2024,TRANSFORMER C - MARKET SEQUENCE + SEC + FINBERT,1,1,0.5150389
NFLX,2024-06-10,0001065280-24-000185,0.000684267661654,2024,TRANSFORMER C - MARKET SEQUENCE + SEC + FINBERT,1,0,0.4668088
NVDA,2024-06-10,0001045810-24-000144,0.0034221189710492,2024,TRANSFORMER C - MARKET SEQUENCE + SEC + FINBERT,1,0,0.49948043
AVGO,2024-06-13,0001730168-24-000077,0.1172670008910432,2024,TRANSFORMER C - MARKET SEQUENCE + SEC + FINBERT,1,0,0.47518402
ADBE,2024-06-14,0000796343-24-000140,0.1399336508244648,2024,TRANSFORMER C - MARKET SEQUENCE + SEC + FINBERT,1,0,0.4307438
GOOGL,2024-06-14,0001193125-24-160721,0.0041244145221528,2024,TRANSFORMER C - MARKET SEQUENCE + SEC + FINBERT,1,1,0.5188907
TSLA,2024-06-14,0001104659-24-071439,-0.0296236588388044,2024,TRANSFORMER C - MARKET SEQUENCE + SEC + FINBERT,0,0,0.45112112
INTC,2024-06-17,0000050863-24-000110,0.0051556659696221,2024,TRANSFORMER C - MARKET SEQUENCE + SEC + FINBERT,1,0,0.4259079
TSLA,2024-07-02,0001628280-24-030714,0.0914729351799721,2024,TRANSFORMER C - MARKET SEQUENCE + SEC + FINBERT,1,0,0.450501
AMD,2024-07-03,0000002488-24-000109,-0.0108323175729508,2024,TRANSFORMER C - MARKET SEQUENCE + SEC + FINBERT,0,0,0.4555896
NVDA,2024-07-03,0001045810-24-000206,0.0373956300194346,2024,TRANSFORMER C - MARKET SEQUENCE + SEC + FINBERT,1,1,0.5188868
AVGO,2024-07-08,0001140361-24-032566,0.0226024920007321,2024,TRANSFORMER C - MARKET SEQUENCE + SEC + FINBERT,1,1,0.50647396
AVGO,2024-07-15,0001140361-24-033072,0.0052678472960536,2024,TRANSFORMER C - MARKET SEQUENCE + SEC + FINBERT,1,0,0.48875752
ADBE,2024-07-19,0000796343-24-000173,-0.0016419356270305,2024,TRANSFORMER C - MARKET SEQUENCE + SEC + FINBERT,0,0,0.48677737
NFLX,2024-07-19,0001065280-24-000199,-0.0062210738177783,2024,TRANSFORMER C - MARKET SEQUENCE + SEC + FINBERT,0,0,0.48522237
AMD,2024-07-23,0000002488-24-000115,-0.0084724169439157,2024,TRANSFORMER C - MARKET SEQUENCE + SEC + FINBERT,0,0,0.45933795
GOOGL,2024-07-24,0001652044-24-000076,-0.0145174608587789,2024,TRANSFORMER C - MARKET SEQUENCE + SEC + FINBERT,0,0,0.49431938
TSLA,2024-07-24,0001628280-24-032603,-0.0874757292119658,2024,TRANSFORMER C - MARKET SEQUENCE + SEC + FINBERT,0,0,0.46747005
AMD,2024-07-31,0000002488-24-000121,0.0140352718571412,2024,TRANSFORMER C - MARKET SEQUENCE + SEC + FINBERT,1,0,0.39950722
MSFT,2024-07-31,0000950170-24-087835,-0.0403995338996397,2024,TRANSFORMER C - MARKET SEQUENCE + SEC + FINBERT,0,0,0.4976446
META,2024-08-01,0001326801-24-000065,0.0724701323219204,2024,TRANSFORMER C - MARKET SEQUENCE + SEC + FINBERT,1,0,0.4227811
QCOM,2024-08-01,0000804328-24-000055,-0.0694510076775402,2024,TRANSFORMER C - MARKET SEQUENCE + SEC + FINBERT,0,0,0.43884546
AAPL,2024-08-02,0000320193-24-000080,0.0306044294935562,2024,TRANSFORMER C - MARKET SEQUENCE + SEC + FINBERT,1,0,0.4926549
AMZN,2024-08-02,0001018724-24-000128,-0.0641119895977478,2024,TRANSFORMER C - MARKET SEQUENCE + SEC + FINBERT,0,0,0.43769866
INTC,2024-08-02,0000050863-24-000122,-0.2368500510200635,2024,TRANSFORMER C - MARKET SEQUENCE + SEC + FINBERT,0,0,0.43972126
NFLX,2024-08-02,0001140361-24-035325,0.0057947539156958,2024,TRANSFORMER C - MARKET SEQUENCE + SEC + FINBERT,1,0,0.41846472
GOOGL,2024-08-06,0001652044-24-000085,-0.015583587491549,2024,TRANSFORMER C - MARKET SEQUENCE + SEC + FINBERT,0,0,0.41356832
ADBE,2024-08-09,0000796343-24-000192,0.0062065447942678,2024,TRANSFORMER C - MARKET SEQUENCE + SEC + FINBERT,1,0,0.48526943
META,2024-08-12,0001193125-24-197873,-0.0056686754199641,2024,TRANSFORMER C - MARKET SEQUENCE + SEC + FINBERT,0,0,0.39467117
QCOM,2024-08-12,0000804328-24-000061,-0.0118204769000732,2024,TRANSFORMER C - MARKET SEQUENCE + SEC + FINBERT,0,0,0.4534833
AMD,2024-08-19,0001193125-24-202457,0.032098258905727,2024,TRANSFORMER C - MARKET SEQUENCE + SEC + FINBERT,1,0,0.43773416
MSFT,2024-08-22,0001193125-24-204403,-0.0043980212421622,2024,TRANSFORMER C - MARKET SEQUENCE + SEC + FINBERT,0,0,0.48991066
INTC,2024-08-23,0000050863-24-000134,0.0110450938530819,2024,TRANSFORMER C - MARKET SEQUENCE + SEC + FINBERT,1,0,0.44593045
AAPL,2024-08-26,0001140361-24-038403,0.0112070905297206,2024,TRANSFORMER C - MARKET SEQUENCE + SEC + FINBERT,1,0,0.46375972
AAPL,2024-08-27,0001140361-24-038601,0.0007542657206189,2024,TRANSFORMER C - MARKET SEQUENCE + SEC + FINBERT,1,0,0.45885584
NVDA,2024-08-29,0001045810-24-000262,-0.0623846340010401,2024,TRANSFORMER C - MARKET SEQUENCE + SEC + FINBERT,0,0,0.44322857
AVGO,2024-09-06,0001730168-24-000095,-0.0767334877670407,2024,TRANSFORMER C - MARKET SEQUENCE + SEC + FINBERT,0,0,0.42295668
AAPL,2024-09-10,0001140361-24-040659,-0.0128632518967733,2024,TRANSFORMER C - MARKET SEQUENCE + SEC + FINBERT,0,0,0.45631537
META,2024-09-11,0001326801-24-000072,-0.0077688677103828,2024,TRANSFORMER C - MARKET SEQUENCE + SEC + FINBERT,0,0,0.44425586
ADBE,2024-09-13,0000796343-24-000200,-0.0891786499822013,2024,TRANSFORMER C - MARKET SEQUENCE + SEC + FINBERT,0,0,0.47159472
GOOGL,2024-09-24,0001652044-24-000097,-0.0021051469157118,2024,TRANSFORMER C - MARKET SEQUENCE + SEC + FINBERT,0,0,0.4405006
TSLA,2024-10-02,0001628280-24-041816,-0.0362940176219049,2024,TRANSFORMER C - MARKET SEQUENCE + SEC + FINBERT,0,0,0.46566
AVGO,2024-10-03,0001193125-24-231159,0.0079543582968901,2024,TRANSFORMER C - MARKET SEQUENCE + SEC + FINBERT,1,0,0.45604917
QCOM,2024-10-10,0000804328-24-000064,-0.0088514143569888,2024,TRANSFORMER C - MARKET SEQUENCE + SEC + FINBERT,0,0,0.43407348
NFLX,2024-10-18,0001065280-24-000286,0.104315570955207,2024,TRANSFORMER C - MARKET SEQUENCE + SEC + FINBERT,1,0,0.48097986
TSLA,2024-10-24,0001628280-24-043432,0.2110815153980303,2024,TRANSFORMER C - MARKET SEQUENCE + SEC + FINBERT,1,0,0.44273126
AMD,2024-10-30,0000002488-24-000161,-0.0986077205311312,2024,TRANSFORMER C - MARKET SEQUENCE + SEC + FINBERT,0,0,0.46938738
GOOGL,2024-10-30,0001652044-24-000115,0.0357284587086796,2024,TRANSFORMER C - MARKET SEQUENCE + SEC + FINBERT,1,0,0.4549785
META,2024-10-31,0001326801-24-000077,-0.0156832347344346,2024,TRANSFORMER C - MARKET SEQUENCE + SEC + FINBERT,0,1,0.5029973
MSFT,2024-10-31,0000950170-24-118955,-0.0352849351641355,2024,TRANSFORMER C - MARKET SEQUENCE + SEC + FINBERT,0,0,0.45259658
AAPL,2024-11-01,0000320193-24-000120,-0.0206786073841666,2024,TRANSFORMER C - MARKET SEQUENCE + SEC + FINBERT,0,0,0.4807081
AMZN,2024-11-01,0001018724-24-000158,0.0544572368232327,2024,TRANSFORMER C - MARKET SEQUENCE + SEC + FINBERT,1,0,0.48259604
INTC,2024-11-01,0000050863-24-000147,0.07066794518924,2024,TRANSFORMER C - MARKET SEQUENCE + SEC + FINBERT,1,0,0.46010286
QCOM,2024-11-07,0000804328-24-000074,-0.0162068240586866,2024,TRANSFORMER C - MARKET SEQUENCE + SEC + FINBERT,0,0,0.4541909
NVDA,2024-11-08,0001045810-24-000300,-0.009564725627819,2024,TRANSFORMER C - MARKET SEQUENCE + SEC + FINBERT,0,1,0.50050807
AMD,2024-11-19,0000002488-24-000172,-0.0035686693916257,2024,TRANSFORMER C - MARKET SEQUENCE + SEC + FINBERT,0,0,0.38560426
NVDA,2024-11-21,0001045810-24-000315,0.0017494321955247,2024,TRANSFORMER C - MARKET SEQUENCE + SEC + FINBERT,1,1,0.50161135
INTC,2024-11-29,0000050863-24-000169,0.0081264613034299,2024,TRANSFORMER C - MARKET SEQUENCE + SEC + FINBERT,1,0,0.45596376
INTC,2024-12-03,0000050863-24-000173,-0.0640776713102243,2024,TRANSFORMER C - MARKET SEQUENCE + SEC + FINBERT,0,0,0.456708
MSFT,2024-12-04,0000950170-24-132722,0.0020620099052759,2024,TRANSFORMER C - MARKET SEQUENCE + SEC + FINBERT,1,0,0.43226793
INTC,2024-12-05,0000050863-24-000180,-0.0500523717299665,2024,TRANSFORMER C - MARKET SEQUENCE + SEC + FINBERT,0,0,0.43206355
ADBE,2024-12-12,0000796343-24-000250,-0.1304726539184462,2024,TRANSFORMER C - MARKET SEQUENCE + SEC + FINBERT,0,0,0.46416637
MSFT,2024-12-12,0001193125-24-275524,0.0077233527532145,2024,TRANSFORMER C - MARKET SEQUENCE + SEC + FINBERT,1,0,0.4409018
AVGO,2024-12-13,0001730168-24-000125,0.2366717794511601,2024,TRANSFORMER C - MARKET SEQUENCE + SEC + FINBERT,1,0,0.40402663
QCOM,2024-12-13,0000804328-24-000079,-0.0058219456139634,2024,TRANSFORMER C - MARKET SEQUENCE + SEC + FINBERT,0,0,0.39298594
TSLA,2025-01-02,0001628280-25-000007,-0.05886014378365,2025,TRANSFORMER A - MARKET SEQUENCE,0,1,0.52232736
AAPL,2025-01-06,0001140361-25-000228,-0.0047542763313559,2025,TRANSFORMER A - MARKET SEQUENCE,0,1,0.50467515
META,2025-01-07,0001326801-25-000005,-0.0016890354040893,2025,TRANSFORMER A - MARKET SEQUENCE,0,0,0.45608813
AVGO,2025-01-13,0001193125-25-004476,0.0075827566715486,2025,TRANSFORMER A - MARKET SEQUENCE,1,0,0.4769847
AVGO,2025-01-14,0001193125-25-005318,-0.0016694757783562,2025,TRANSFORMER A - MARKET SEQUENCE,0,0,0.4784134
ADBE,2025-01-21,0001193125-25-008409,0.0089492434486455,2025,TRANSFORMER A - MARKET SEQUENCE,1,0,0.43445498
NVDA,2025-01-21,0001045810-25-000007,0.0167911079756806,2025,TRANSFORMER A - MARKET SEQUENCE,1,0,0.43590537
NFLX,2025-01-22,0001065280-25-000033,0.0841579013756215,2025,TRANSFORMER A - MARKET SEQUENCE,1,0,0.4978306
MSFT,2025-01-23,0001193125-25-010492,-0.0009831174507721,2025,TRANSFORMER A - MARKET SEQUENCE,0,0,0.43647906
META,2025-01-30,0001326801-25-000014,0.0112736215606825,2025,TRANSFORMER A - MARKET SEQUENCE,1,0,0.4421342
MSFT,2025-01-30,0000950170-25-010484,-0.0660714994455886,2025,TRANSFORMER A - MARKET SEQUENCE,0,0,0.42329597
TSLA,2025-01-30,0001628280-25-002993,0.0244704911779372,2025,TRANSFORMER A - MARKET SEQUENCE,1,1,0.5061776
AAPL,2025-01-31,0000320193-25-000007,-0.0052390147515748,2025,TRANSFORMER A - MARKET SEQUENCE,0,0,0.46870488
ADBE,2025-01-31,0000796343-25-000036,-0.0177172220699866,2025,TRANSFORMER A - MARKET SEQUENCE,0,0,0.40478376
INTC,2025-01-31,0000050863-25-000004,-0.0275323489546072,2025,TRANSFORMER A - MARKET SEQUENCE,0,0,0.3872535
AMD,2025-02-05,0000002488-25-000009,-0.0672156317243187,2025,TRANSFORMER A - MARKET SEQUENCE,0,0,0.3824869
GOOGL,2025-02-05,0001652044-25-000010,-0.0774615664851434,2025,TRANSFORMER A - MARKET SEQUENCE,0,1,0.51114374
QCOM,2025-02-06,0000804328-25-000010,-0.0424086946512257,2025,TRANSFORMER A - MARKET SEQUENCE,0,0,0.4796589
AMZN,2025-02-07,0001018724-25-000002,-0.0279175860380737,2025,TRANSFORMER A - MARKET SEQUENCE,0,0,0.49890402
META,2025-02-21,0001326801-25-000021,0.0045063857929992,2025,TRANSFORMER A - MARKET SEQUENCE,1,0,0.49530435
AMD,2025-02-25,0000002488-25-000026,-0.0257874407127393,2025,TRANSFORMER A - MARKET SEQUENCE,0,0,0.39324504
AAPL,2025-02-26,0001140361-25-005876,-0.0294557859935854,2025,TRANSFORMER A - MARKET SEQUENCE,0,0,0.43518162
NVDA,2025-02-27,0001045810-25-000021,-0.0570094103254051,2025,TRANSFORMER A - MARKET SEQUENCE,0,0,0.43479565
INTC,2025-03-03,0000050863-25-000024,-0.019836860760271,2025,TRANSFORMER A - MARKET SEQUENCE,0,0,0.4531272
AVGO,2025-03-07,0001730168-25-000009,0.0790772020043801,2025,TRANSFORMER A - MARKET SEQUENCE,1,0,0.4489387
NVDA,2025-03-10,0001045810-25-000039,-0.01191383511016,2025,TRANSFORMER A - MARKET SEQUENCE,0,0,0.45246604
AMD,2025-03-12,0001193125-25-052173,0.030368716856449,2025,TRANSFORMER A - MARKET SEQUENCE,1,0,0.38752794
ADBE,2025-03-13,0000796343-25-000052,-0.1205411963432797,2025,TRANSFORMER A - MARKET SEQUENCE,0,0,0.42598084
INTC,2025-03-17,0000050863-25-000036,0.0617075900886607,2025,TRANSFORMER A - MARKET SEQUENCE,1,0,0.45379105
GOOGL,2025-03-18,0001652044-25-000027,-0.0049868533512834,2025,TRANSFORMER A - MARKET SEQUENCE,0,0,0.45313016
QCOM,2025-03-21,0000804328-25-000018,-0.0104507625727504,2025,TRANSFORMER A - MARKET SEQUENCE,0,0,0.46361494
AMD,2025-03-25,0001193125-25-061366,0.0027255524888967,2025,TRANSFORMER A - MARKET SEQUENCE,1,0,0.3882005
INTC,2025-03-28,0000050863-25-000060,-0.0121988617232063,2025,TRANSFORMER A - MARKET SEQUENCE,0,0,0.46462235
AMD,2025-03-31,0001193125-25-067902,-0.0046076765526307,2025,TRANSFORMER A - MARKET SEQUENCE,0,0,0.39309338
TSLA,2025-04-02,0001628280-25-016070,0.0459683875483936,2025,TRANSFORMER A - MARKET SEQUENCE,1,0,0.43720534
AMZN,2025-04-10,0001104659-25-033450,-0.0091684982251557,2025,TRANSFORMER A - MARKET SEQUENCE,0,0,0.46161103
INTC,2025-04-14,0001193125-25-079727,0.0220970611689994,2025,TRANSFORMER A - MARKET SEQUENCE,1,0,0.440882
META,2025-04-14,0001326801-25-000027,-0.0290202980323543,2025,TRANSFORMER A - MARKET SEQUENCE,0,0,0.46075657
AMD,2025-04-16,0000002488-25-000039,-0.0433064565689217,2025,TRANSFORMER A - MARKET SEQUENCE,0,0,0.40646946
NVDA,2025-04-16,0001045810-25-000082,-0.0385630135262662,2025,TRANSFORMER A - MARKET SEQUENCE,0,0,0.39244133
GOOGL,2025-04-21,0001652044-25-000033,0.001658441613326,2025,TRANSFORMER A - MARKET SEQUENCE,1,0,0.40877008
INTC,2025-04-21,0000050863-25-000063,0.0199923705911453,2025,TRANSFORMER A - MARKET SEQUENCE,1,0,0.42779723
NFLX,2025-04-21,0001065280-25-000175,0.0400391628791936,2025,TRANSFORMER A - MARKET SEQUENCE,1,0,0.4273662
AVGO,2025-04-23,0001730168-25-000037,0.020546316571693,2025,TRANSFORMER A - MARKET SEQUENCE,1,0,0.40512472
TSLA,2025-04-23,0001628280-25-018851,0.0309840231341191,2025,TRANSFORMER A - MARKET SEQUENCE,1,0,0.39640963
ADBE,2025-04-25,0001628280-25-019665,0.00772102769487,2025,TRANSFORMER A - MARKET SEQUENCE,1,0,0.437141
GOOGL,2025-04-25,0001652044-25-000040,0.0056778680502369,2025,TRANSFORMER A - MARKET SEQUENCE,1,0,0.39394823
INTC,2025-04-25,0000050863-25-000070,-0.0781558716736774,2025,TRANSFORMER A - MARKET SEQUENCE,0,0,0.41710192
INTC,2025-04-30,0000050863-25-000079,-0.0116732534635292,2025,TRANSFORMER A - MARKET SEQUENCE,0,0,0.4117073
META,2025-05-01,0001326801-25-000050,0.0292160941986381,2025,TRANSFORMER A - MARKET SEQUENCE,1,0,0.40875104
MSFT,2025-05-01,0000950170-25-061032,0.0631927321655236,2025,TRANSFORMER A - MARKET SEQUENCE,1,0,0.3996747
QCOM,2025-05-01,0000804328-25-000029,-0.1023105592841709,2025,TRANSFORMER A - MARKET SEQUENCE,0,0,0.42359185
AAPL,2025-05-02,0000320193-25-000055,-0.0522054924249119,2025,TRANSFORMER A - MARKET SEQUENCE,0,0,0.40263826
AMZN,2025-05-02,0001018724-25-000034,-0.016000458315075,2025,TRANSFORMER A - MARKET SEQUENCE,0,0,0.39850503
GOOGL,2025-05-02,0001193125-25-110020,0.0020812471971012,2025,TRANSFORMER A - MARKET SEQUENCE,1,0,0.38114783
AMD,2025-05-07,0000002488-25-000045,0.0137175882183342,2025,TRANSFORMER A - MARKET SEQUENCE,1,0,0.40892714
GOOGL,2025-05-07,0001193125-25-113864,-0.0765227155851061,2025,TRANSFORMER A - MARKET SEQUENCE,0,0,0.38634822
INTC,2025-05-12,0000050863-25-000084,-0.0052593287332221,2025,TRANSFORMER A - MARKET SEQUENCE,0,0,0.41289836
AAPL,2025-05-13,0001140361-25-018400,-0.0050885492194789,2025,TRANSFORMER A - MARKET SEQUENCE,0,0,0.4110142
QCOM,2025-05-14,0000804328-25-000034,0.0048435657776624,2025,TRANSFORMER A - MARKET SEQUENCE,1,0,0.4213256
TSLA,2025-05-16,0001628280-25-026148,0.0165331773278589,2025,TRANSFORMER A - MARKET SEQUENCE,1,0,0.44670314
AMD,2025-05-19,0000002488-25-000064,-0.0216979027634007,2025,TRANSFORMER A - MARKET SEQUENCE,0,0,0.3989927
AMD,2025-05-19,0001193125-25-122121,-0.0216979027634007,2025,TRANSFORMER A - MARKET SEQUENCE,0,0,0.3989927
TSLA,2025-05-19,0001104659-25-050072,-0.0235029893233719,2025,TRANSFORMER A - MARKET SEQUENCE,0,0,0.45168495
AMZN,2025-05-23,0001104659-25-052014,-0.0011282096288659,2025,TRANSFORMER A - MARKET SEQUENCE,0,0,0.45318753
QCOM,2025-05-23,0001104659-25-051981,-0.004242458635643,2025,TRANSFORMER A - MARKET SEQUENCE,0,0,0.44034576
NVDA,2025-05-29,0001045810-25-000115,0.0305242737867583,2025,TRANSFORMER A - MARKET SEQUENCE,1,0,0.4857038
META,2025-06-02,0001326801-25-000090,0.028256530076506,2025,TRANSFORMER A - MARKET SEQUENCE,1,0,0.4868294
AVGO,2025-06-06,0001730168-25-000061,-0.0597888443301509,2025,TRANSFORMER A - MARKET SEQUENCE,0,1,0.55216414
NFLX,2025-06-09,0001065280-25-000286,-0.015173567476475,2025,TRANSFORMER A - MARKET SEQUENCE,0,1,0.55174595
QCOM,2025-06-10,0001104659-25-057814,0.0173228355659522,2025,TRANSFORMER A - MARKET SEQUENCE,1,0,0.4682003
ADBE,2025-06-13,0000796343-25-000064,-0.040626518735037,2025,TRANSFORMER A - MARKET SEQUENCE,0,0,0.49710995
GOOGL,2025-06-13,0001193125-25-139948,0.0066923385153199,2025,TRANSFORMER A - MARKET SEQUENCE,1,0,0.47652864
NFLX,2025-06-25,0001065280-25-000287,-0.0055742702774185,2025,TRANSFORMER A - MARKET SEQUENCE,0,1,0.5393381
NVDA,2025-07-01,0001045810-25-000179,-0.0212558369759616,2025,TRANSFORMER A - MARKET SEQUENCE,0,1,0.51885134
MSFT,2025-07-02,0001193125-25-154103,-0.0089164590656711,2025,TRANSFORMER A - MARKET SEQUENCE,0,1,0.55889076
TSLA,2025-07-02,0001628280-25-033842,0.0427169045964572,2025,TRANSFORMER A - MARKET SEQUENCE,1,0,0.45941332
AMD,2025-07-03,0000002488-25-000099,-0.0142437493103435,2025,TRANSFORMER A - MARKET SEQUENCE,0,0,0.4850241
AAPL,2025-07-09,0001140361-25-025275,-0.0016983069028726,2025,TRANSFORMER A - MARKET SEQUENCE,0,0,0.43505633
TSLA,2025-07-10,0001628280-25-034692,0.0487210294752877,2025,TRANSFORMER A - MARKET SEQUENCE,1,0,0.43789357
AVGO,2025-07-14,0001193125-25-158202,0.0008198519980098,2025,TRANSFORMER A - MARKET SEQUENCE,1,1,0.5465663
NFLX,2025-07-18,0001065280-25-000322,-0.0499976506831232,2025,TRANSFORMER A - MARKET SEQUENCE,0,1,0.5048445
GOOGL,2025-07-21,0001193125-25-161225,0.0220499551378408,2025,TRANSFORMER A - MARKET SEQUENCE,1,0,0.48573858
GOOGL,2025-07-24,0001652044-25-000056,0.0080698239913239,2025,TRANSFORMER A - MARKET SEQUENCE,1,0,0.4871589
TSLA,2025-07-24,0001628280-25-035738,-0.0840986247796242,2025,TRANSFORMER A - MARKET SEQUENCE,0,0,0.45748457
INTC,2025-07-25,0000050863-25-000107,-0.0876920500617223,2025,TRANSFORMER A - MARKET SEQUENCE,0,0,0.45850474
AAPL,2025-07-28,0001140361-25-027340,-0.0023301113794165,2025,TRANSFORMER A - MARKET SEQUENCE,0,0,0.47102392
META,2025-07-31,0001628280-25-036719,0.117826296679073,2025,TRANSFORMER A - MARKET SEQUENCE,1,0,0.46982622
MSFT,2025-07-31,0000950170-25-100226,0.0447738533112154,2025,TRANSFORMER A - MARKET SEQUENCE,1,1,0.55363166
QCOM,2025-07-31,0000804328-25-000044,-0.0720301967840085,2025,TRANSFORMER A - MARKET SEQUENCE,0,0,0.4689559
AAPL,2025-08-01,0000320193-25-000071,-0.0053046623012307,2025,TRANSFORMER A - MARKET SEQUENCE,0,0,0.47173867
AMZN,2025-08-01,0001018724-25-000084,-0.0629972838598512,2025,TRANSFORMER A - MARKET SEQUENCE,0,0,0.48784238
TSLA,2025-08-04,0001104659-25-073263,0.0034564045452589,2025,TRANSFORMER A - MARKET SEQUENCE,1,0,0.44067857
AMD,2025-08-06,0000002488-25-000106,-0.0767793645794883,2025,TRANSFORMER A - MARKET SEQUENCE,0,1,0.5090458
NVDA,2025-08-06,0001045810-25-000197,-0.0060761692887618,2025,TRANSFORMER A - MARKET SEQUENCE,0,1,0.5380021
INTC,2025-08-15,0000050863-25-000123,0.0337351462987751,2025,TRANSFORMER A - MARKET SEQUENCE,1,0,0.44005996
INTC,2025-08-22,0000050863-25-000126,0.0398916783123206,2025,TRANSFORMER A - MARKET SEQUENCE,1,0,0.4306554
INTC,2025-08-25,0000050863-25-000129,-0.0071959885373535,2025,TRANSFORMER A - MARKET SEQUENCE,0,0,0.4335378
AMD,2025-08-26,0000002488-25-000147,0.0159407664814916,2025,TRANSFORMER A - MARKET SEQUENCE,1,1,0.5213182
QCOM,2025-08-26,0000804328-25-000049,0.0135658664098605,2025,TRANSFORMER A - MARKET SEQUENCE,1,0,0.44318822
NVDA,2025-08-28,0001045810-25-000207,-0.0141343127791589,2025,TRANSFORMER A - MARKET SEQUENCE,0,1,0.5482527
INTC,2025-09-02,0000050863-25-000135,0.0026306361602177,2025,TRANSFORMER A - MARKET SEQUENCE,1,0,0.43828756
QCOM,2025-09-03,0000804328-25-000054,-0.0173144997282927,2025,TRANSFORMER A - MARKET SEQUENCE,0,0,0.4377691
GOOGL,2025-09-04,0001652044-25-000067,-0.0019413096759779,2025,TRANSFORMER A - MARKET SEQUENCE,0,1,0.5309662
AVGO,2025-09-05,0001730168-25-000094,0.0926114077971371,2025,TRANSFORMER A - MARKET SEQUENCE,1,1,0.53368104
GOOGL,2025-09-08,0001652044-25-000074,-0.008072545922159,2025,TRANSFORMER A - MARKET SEQUENCE,0,1,0.5289364
INTC,2025-09-08,0000050863-25-000147,-0.0052864773859351,2025,TRANSFORMER A - MARKET SEQUENCE,0,0,0.44524452
TSLA,2025-09-08,0001104659-25-087862,-0.0175334866626433,2025,TRANSFORMER A - MARKET SEQUENCE,0,0,0.4691441
INTC,2025-09-09,0000050863-25-000149,-0.0044669492947324,2025,TRANSFORMER A - MARKET SEQUENCE,0,0,0.45248
AVGO,2025-09-10,0001193125-25-199281,0.0973944507010884,2025,TRANSFORMER A - MARKET SEQUENCE,1,1,0.51106447
AVGO,2025-09-11,0001193125-25-200108,-0.0327165698047944,2025,TRANSFORMER A - MARKET SEQUENCE,0,1,0.5118433
ADBE,2025-09-12,0000796343-25-000102,-0.0078118643336309,2025,TRANSFORMER A - MARKET SEQUENCE,0,0,0.39709365
INTC,2025-09-15,0000050863-25-000153,0.0200976390034777,2025,TRANSFORMER A - MARKET SEQUENCE,1,0,0.46425495
INTC,2025-09-19,0000050863-25-000155,-0.0391540449480576,2025,TRANSFORMER A - MARKET SEQUENCE,0,0,0.47338483
AVGO,2025-09-30,0001193125-25-223202,0.003390818422353,2025,TRANSFORMER A - MARKET SEQUENCE,1,0,0.48089686
INTC,2025-09-30,0000050863-25-000159,-0.0297113012730684,2025,TRANSFORMER A - MARKET SEQUENCE,0,0,0.48749894
MSFT,2025-10-01,0001193125-25-225125,-0.0013989545791359,2025,TRANSFORMER A - MARKET SEQUENCE,0,0,0.47604123
TSLA,2025-10-02,0001628280-25-043530,-0.0551710441225548,2025,TRANSFORMER A - MARKET SEQUENCE,0,0,0.49658284
AMD,2025-10-06,0001193125-25-230895,0.229570120988193,2025,TRANSFORMER A - MARKET SEQUENCE,1,0,0.431333
NFLX,2025-10-22,0001065280-25-000404,-0.0910467302021142,2025,TRANSFORMER A - MARKET SEQUENCE,0,0,0.4229057
TSLA,2025-10-23,0001628280-25-045861,0.0143968924225061,2025,TRANSFORMER A - MARKET SEQUENCE,1,0,0.49165243
INTC,2025-10-24,0000050863-25-000169,-0.0075336534220806,2025,TRANSFORMER A - MARKET SEQUENCE,0,1,0.5054111
AMD,2025-10-27,0001193125-25-250803,0.0088791200291153,2025,TRANSFORMER A - MARKET SEQUENCE,1,0,0.4678898
GOOGL,2025-10-30,0001652044-25-000087,0.0404553257695274,2025,TRANSFORMER A - MARKET SEQUENCE,1,1,0.54237527
META,2025-10-30,0001628280-25-047114,-0.0980590832120631,2025,TRANSFORMER A - MARKET SEQUENCE,0,0,0.38696957
MSFT,2025-10-30,0001193125-25-256310,-0.0138684677156911,2025,TRANSFORMER A - MARKET SEQUENCE,0,0,0.4852254
AAPL,2025-10-31,0000320193-25-000077,-0.0086189929971478,2025,TRANSFORMER A - MARKET SEQUENCE,0,1,0.51394755
AMZN,2025-10-31,0001018724-25-000121,0.091021090689308,2025,TRANSFORMER A - MARKET SEQUENCE,1,0,0.39706454
NFLX,2025-10-31,0001065280-25-000407,0.0225958143803028,2025,TRANSFORMER A - MARKET SEQUENCE,1,0,0.42635137
META,2025-11-04,0001193125-25-262593,0.0040052461336197,2025,TRANSFORMER A - MARKET SEQUENCE,1,0,0.42909297
AMD,2025-11-05,0000002488-25-000163,0.018607060458321,2025,TRANSFORMER A - MARKET SEQUENCE,1,0,0.48401958
NFLX,2025-11-05,0001065280-25-000408,-0.0014756161842595,2025,TRANSFORMER A - MARKET SEQUENCE,0,0,0.43352634
QCOM,2025-11-06,0000804328-25-000084,-0.0176514743796617,2025,TRANSFORMER A - MARKET SEQUENCE,0,0,0.44066727
GOOGL,2025-11-07,0001193125-25-269979,-0.0176349022429217,2025,TRANSFORMER A - MARKET SEQUENCE,0,1,0.53875524
TSLA,2025-11-10,0001104659-25-108507,0.0144516595534354,2025,TRANSFORMER A - MARKET SEQUENCE,1,0,0.4932059
INTC,2025-11-13,0000050863-25-000194,-0.0318404771007635,2025,TRANSFORMER A - MARKET SEQUENCE,0,1,0.5278232
NFLX,2025-11-17,0001065280-25-000450,0.0002054042438982,2025,TRANSFORMER A - MARKET SEQUENCE,1,0,0.42652777
NVDA,2025-11-20,0001045810-25-000228,-0.0078530969650368,2025,TRANSFORMER A - MARKET SEQUENCE,0,0,0.44186333
AMZN,2025-11-21,0001104659-25-114647,0.0088361750757295,2025,TRANSFORMER A - MARKET SEQUENCE,1,0,0.42887053
NFLX,2025-12-05,0001193125-25-308651,-0.0329477561125077,2025,TRANSFORMER A - MARKET SEQUENCE,0,0,0.43718627
AAPL,2025-12-08,0001140361-25-044561,-0.0012738305670579,2025,TRANSFORMER A - MARKET SEQUENCE,0,1,0.53167975
MSFT,2025-12-09,0001193125-25-311196,0.0008032673129765,2025,TRANSFORMER A - MARKET SEQUENCE,1,0,0.4506713
ADBE,2025-12-11,0000796343-25-000135,0.0245091460598039,2025,TRANSFORMER A - MARKET SEQUENCE,1,0,0.4012421
QCOM,2025-12-11,0000804328-25-000096,-0.0019244707519939,2025,TRANSFORMER A - MARKET SEQUENCE,0,0,0.45584852
AVGO,2025-12-12,0001730168-25-000116,-0.0951618269193697,2025,TRANSFORMER A - MARKET SEQUENCE,0,0,0.4736627
META,2025-12-15,0001628280-25-056768,0.0109305638451026,2025,TRANSFORMER A - MARKET SEQUENCE,1,0,0.39710882
AMD,2025-12-16,0000002488-25-000182,0.0056778767854142,2025,TRANSFORMER A - MARKET SEQUENCE,1,0,0.43864375
QCOM,2025-12-17,0000804328-25-000098,-0.0029255981515337,2025,TRANSFORMER A - MARKET SEQUENCE,0,0,0.45878446
META,2025-12-22,0001628280-25-058337,-0.0006494060583752,2025,TRANSFORMER A - MARKET SEQUENCE,0,0,0.38629878
NFLX,2025-12-22,0001193125-25-327462,-0.0170828254997952,2025,TRANSFORMER A - MARKET SEQUENCE,0,0,0.41746947
INTC,2025-12-29,0000050863-25-000204,0.0181003383428818,2025,TRANSFORMER A - MARKET SEQUENCE,1,0,0.44281736
TSLA,2025-01-02,0001628280-25-000007,-0.05886014378365,2025,TRANSFORMER B - MARKET SEQUENCE + SEC,0,0,0.4644359
AAPL,2025-01-06,0001140361-25-000228,-0.0047542763313559,2025,TRANSFORMER B - MARKET SEQUENCE + SEC,0,0,0.49397224
META,2025-01-07,0001326801-25-000005,-0.0016890354040893,2025,TRANSFORMER B - MARKET SEQUENCE + SEC,0,0,0.42808312
AVGO,2025-01-13,0001193125-25-004476,0.0075827566715486,2025,TRANSFORMER B - MARKET SEQUENCE + SEC,1,0,0.4912749
AVGO,2025-01-14,0001193125-25-005318,-0.0016694757783562,2025,TRANSFORMER B - MARKET SEQUENCE + SEC,0,0,0.49721855
ADBE,2025-01-21,0001193125-25-008409,0.0089492434486455,2025,TRANSFORMER B - MARKET SEQUENCE + SEC,1,0,0.35991302
NVDA,2025-01-21,0001045810-25-000007,0.0167911079756806,2025,TRANSFORMER B - MARKET SEQUENCE + SEC,1,0,0.34916395
NFLX,2025-01-22,0001065280-25-000033,0.0841579013756215,2025,TRANSFORMER B - MARKET SEQUENCE + SEC,1,0,0.3967958
MSFT,2025-01-23,0001193125-25-010492,-0.0009831174507721,2025,TRANSFORMER B - MARKET SEQUENCE + SEC,0,0,0.44473475
META,2025-01-30,0001326801-25-000014,0.0112736215606825,2025,TRANSFORMER B - MARKET SEQUENCE + SEC,1,0,0.40391403
MSFT,2025-01-30,0000950170-25-010484,-0.0660714994455886,2025,TRANSFORMER B - MARKET SEQUENCE + SEC,0,0,0.3958921
TSLA,2025-01-30,0001628280-25-002993,0.0244704911779372,2025,TRANSFORMER B - MARKET SEQUENCE + SEC,1,0,0.43490392
AAPL,2025-01-31,0000320193-25-000007,-0.0052390147515748,2025,TRANSFORMER B - MARKET SEQUENCE + SEC,0,0,0.37164378
ADBE,2025-01-31,0000796343-25-000036,-0.0177172220699866,2025,TRANSFORMER B - MARKET SEQUENCE + SEC,0,0,0.38184637
INTC,2025-01-31,0000050863-25-000004,-0.0275323489546072,2025,TRANSFORMER B - MARKET SEQUENCE + SEC,0,0,0.40056276
AMD,2025-02-05,0000002488-25-000009,-0.0672156317243187,2025,TRANSFORMER B - MARKET SEQUENCE + SEC,0,0,0.40747952
GOOGL,2025-02-05,0001652044-25-000010,-0.0774615664851434,2025,TRANSFORMER B - MARKET SEQUENCE + SEC,0,0,0.46521747
QCOM,2025-02-06,0000804328-25-000010,-0.0424086946512257,2025,TRANSFORMER B - MARKET SEQUENCE + SEC,0,0,0.48337257
AMZN,2025-02-07,0001018724-25-000002,-0.0279175860380737,2025,TRANSFORMER B - MARKET SEQUENCE + SEC,0,0,0.4610022
META,2025-02-21,0001326801-25-000021,0.0045063857929992,2025,TRANSFORMER B - MARKET SEQUENCE + SEC,1,0,0.4739755
AMD,2025-02-25,0000002488-25-000026,-0.0257874407127393,2025,TRANSFORMER B - MARKET SEQUENCE + SEC,0,0,0.37706903
AAPL,2025-02-26,0001140361-25-005876,-0.0294557859935854,2025,TRANSFORMER B - MARKET SEQUENCE + SEC,0,0,0.40930295
NVDA,2025-02-27,0001045810-25-000021,-0.0570094103254051,2025,TRANSFORMER B - MARKET SEQUENCE + SEC,0,0,0.40586036
INTC,2025-03-03,0000050863-25-000024,-0.019836860760271,2025,TRANSFORMER B - MARKET SEQUENCE + SEC,0,0,0.45510504
AVGO,2025-03-07,0001730168-25-000009,0.0790772020043801,2025,TRANSFORMER B - MARKET SEQUENCE + SEC,1,0,0.3695719
NVDA,2025-03-10,0001045810-25-000039,-0.01191383511016,2025,TRANSFORMER B - MARKET SEQUENCE + SEC,0,0,0.39022723
AMD,2025-03-12,0001193125-25-052173,0.030368716856449,2025,TRANSFORMER B - MARKET SEQUENCE + SEC,1,0,0.36993626
ADBE,2025-03-13,0000796343-25-000052,-0.1205411963432797,2025,TRANSFORMER B - MARKET SEQUENCE + SEC,0,0,0.43921924
INTC,2025-03-17,0000050863-25-000036,0.0617075900886607,2025,TRANSFORMER B - MARKET SEQUENCE + SEC,1,0,0.44544512
GOOGL,2025-03-18,0001652044-25-000027,-0.0049868533512834,2025,TRANSFORMER B - MARKET SEQUENCE + SEC,0,0,0.369896
QCOM,2025-03-21,0000804328-25-000018,-0.0104507625727504,2025,TRANSFORMER B - MARKET SEQUENCE + SEC,0,0,0.4126772
AMD,2025-03-25,0001193125-25-061366,0.0027255524888967,2025,TRANSFORMER B - MARKET SEQUENCE + SEC,1,0,0.41351107
INTC,2025-03-28,0000050863-25-000060,-0.0121988617232063,2025,TRANSFORMER B - MARKET SEQUENCE + SEC,0,0,0.43546653
AMD,2025-03-31,0001193125-25-067902,-0.0046076765526307,2025,TRANSFORMER B - MARKET SEQUENCE + SEC,0,0,0.42704722
TSLA,2025-04-02,0001628280-25-016070,0.0459683875483936,2025,TRANSFORMER B - MARKET SEQUENCE + SEC,1,0,0.4059837
AMZN,2025-04-10,0001104659-25-033450,-0.0091684982251557,2025,TRANSFORMER B - MARKET SEQUENCE + SEC,0,0,0.4015758
INTC,2025-04-14,0001193125-25-079727,0.0220970611689994,2025,TRANSFORMER B - MARKET SEQUENCE + SEC,1,0,0.4184664
META,2025-04-14,0001326801-25-000027,-0.0290202980323543,2025,TRANSFORMER B - MARKET SEQUENCE + SEC,0,0,0.38810155
AMD,2025-04-16,0000002488-25-000039,-0.0433064565689217,2025,TRANSFORMER B - MARKET SEQUENCE + SEC,0,0,0.40549618
NVDA,2025-04-16,0001045810-25-000082,-0.0385630135262662,2025,TRANSFORMER B - MARKET SEQUENCE + SEC,0,0,0.41869852
GOOGL,2025-04-21,0001652044-25-000033,0.001658441613326,2025,TRANSFORMER B - MARKET SEQUENCE + SEC,1,0,0.40712827
INTC,2025-04-21,0000050863-25-000063,0.0199923705911453,2025,TRANSFORMER B - MARKET SEQUENCE + SEC,1,0,0.41963023
NFLX,2025-04-21,0001065280-25-000175,0.0400391628791936,2025,TRANSFORMER B - MARKET SEQUENCE + SEC,1,0,0.40940458
AVGO,2025-04-23,0001730168-25-000037,0.020546316571693,2025,TRANSFORMER B - MARKET SEQUENCE + SEC,1,0,0.45034042
TSLA,2025-04-23,0001628280-25-018851,0.0309840231341191,2025,TRANSFORMER B - MARKET SEQUENCE + SEC,1,0,0.44990012
ADBE,2025-04-25,0001628280-25-019665,0.00772102769487,2025,TRANSFORMER B - MARKET SEQUENCE + SEC,1,0,0.42974815
GOOGL,2025-04-25,0001652044-25-000040,0.0056778680502369,2025,TRANSFORMER B - MARKET SEQUENCE + SEC,1,0,0.43519053
INTC,2025-04-25,0000050863-25-000070,-0.0781558716736774,2025,TRANSFORMER B - MARKET SEQUENCE + SEC,0,0,0.45010826
INTC,2025-04-30,0000050863-25-000079,-0.0116732534635292,2025,TRANSFORMER B - MARKET SEQUENCE + SEC,0,0,0.43612763
META,2025-05-01,0001326801-25-000050,0.0292160941986381,2025,TRANSFORMER B - MARKET SEQUENCE + SEC,1,0,0.4189371
MSFT,2025-05-01,0000950170-25-061032,0.0631927321655236,2025,TRANSFORMER B - MARKET SEQUENCE + SEC,1,0,0.47543126
QCOM,2025-05-01,0000804328-25-000029,-0.1023105592841709,2025,TRANSFORMER B - MARKET SEQUENCE + SEC,0,0,0.44363728
AAPL,2025-05-02,0000320193-25-000055,-0.0522054924249119,2025,TRANSFORMER B - MARKET SEQUENCE + SEC,0,0,0.44674116
AMZN,2025-05-02,0001018724-25-000034,-0.016000458315075,2025,TRANSFORMER B - MARKET SEQUENCE + SEC,0,0,0.43748635
GOOGL,2025-05-02,0001193125-25-110020,0.0020812471971012,2025,TRANSFORMER B - MARKET SEQUENCE + SEC,1,0,0.43407682
AMD,2025-05-07,0000002488-25-000045,0.0137175882183342,2025,TRANSFORMER B - MARKET SEQUENCE + SEC,1,0,0.44307023
GOOGL,2025-05-07,0001193125-25-113864,-0.0765227155851061,2025,TRANSFORMER B - MARKET SEQUENCE + SEC,0,0,0.44140866
INTC,2025-05-12,0000050863-25-000084,-0.0052593287332221,2025,TRANSFORMER B - MARKET SEQUENCE + SEC,0,0,0.457159
AAPL,2025-05-13,0001140361-25-018400,-0.0050885492194789,2025,TRANSFORMER B - MARKET SEQUENCE + SEC,0,0,0.43495813
QCOM,2025-05-14,0000804328-25-000034,0.0048435657776624,2025,TRANSFORMER B - MARKET SEQUENCE + SEC,1,0,0.43754768
TSLA,2025-05-16,0001628280-25-026148,0.0165331773278589,2025,TRANSFORMER B - MARKET SEQUENCE + SEC,1,0,0.48424047
AMD,2025-05-19,0000002488-25-000064,-0.0216979027634007,2025,TRANSFORMER B - MARKET SEQUENCE + SEC,0,0,0.4543949
AMD,2025-05-19,0001193125-25-122121,-0.0216979027634007,2025,TRANSFORMER B - MARKET SEQUENCE + SEC,0,0,0.4529807
TSLA,2025-05-19,0001104659-25-050072,-0.0235029893233719,2025,TRANSFORMER B - MARKET SEQUENCE + SEC,0,0,0.4934812
AMZN,2025-05-23,0001104659-25-052014,-0.0011282096288659,2025,TRANSFORMER B - MARKET SEQUENCE + SEC,0,1,0.5031916
QCOM,2025-05-23,0001104659-25-051981,-0.004242458635643,2025,TRANSFORMER B - MARKET SEQUENCE + SEC,0,0,0.47924596
NVDA,2025-05-29,0001045810-25-000115,0.0305242737867583,2025,TRANSFORMER B - MARKET SEQUENCE + SEC,1,1,0.5019524
META,2025-06-02,0001326801-25-000090,0.028256530076506,2025,TRANSFORMER B - MARKET SEQUENCE + SEC,1,1,0.5027396
AVGO,2025-06-06,0001730168-25-000061,-0.0597888443301509,2025,TRANSFORMER B - MARKET SEQUENCE + SEC,0,1,0.50582105
NFLX,2025-06-09,0001065280-25-000286,-0.015173567476475,2025,TRANSFORMER B - MARKET SEQUENCE + SEC,0,1,0.5156712
QCOM,2025-06-10,0001104659-25-057814,0.0173228355659522,2025,TRANSFORMER B - MARKET SEQUENCE + SEC,1,0,0.48955363
ADBE,2025-06-13,0000796343-25-000064,-0.040626518735037,2025,TRANSFORMER B - MARKET SEQUENCE + SEC,0,0,0.47731367
GOOGL,2025-06-13,0001193125-25-139948,0.0066923385153199,2025,TRANSFORMER B - MARKET SEQUENCE + SEC,1,0,0.49427164
NFLX,2025-06-25,0001065280-25-000287,-0.0055742702774185,2025,TRANSFORMER B - MARKET SEQUENCE + SEC,0,0,0.49890283
NVDA,2025-07-01,0001045810-25-000179,-0.0212558369759616,2025,TRANSFORMER B - MARKET SEQUENCE + SEC,0,1,0.5006055
MSFT,2025-07-02,0001193125-25-154103,-0.0089164590656711,2025,TRANSFORMER B - MARKET SEQUENCE + SEC,0,1,0.5071045
TSLA,2025-07-02,0001628280-25-033842,0.0427169045964572,2025,TRANSFORMER B - MARKET SEQUENCE + SEC,1,0,0.45091802
AMD,2025-07-03,0000002488-25-000099,-0.0142437493103435,2025,TRANSFORMER B - MARKET SEQUENCE + SEC,0,0,0.47152862
AAPL,2025-07-09,0001140361-25-025275,-0.0016983069028726,2025,TRANSFORMER B - MARKET SEQUENCE + SEC,0,0,0.46130636
TSLA,2025-07-10,0001628280-25-034692,0.0487210294752877,2025,TRANSFORMER B - MARKET SEQUENCE + SEC,1,0,0.4420801
AVGO,2025-07-14,0001193125-25-158202,0.0008198519980098,2025,TRANSFORMER B - MARKET SEQUENCE + SEC,1,1,0.50990033
NFLX,2025-07-18,0001065280-25-000322,-0.0499976506831232,2025,TRANSFORMER B - MARKET SEQUENCE + SEC,0,0,0.45563665
GOOGL,2025-07-21,0001193125-25-161225,0.0220499551378408,2025,TRANSFORMER B - MARKET SEQUENCE + SEC,1,0,0.47841167
GOOGL,2025-07-24,0001652044-25-000056,0.0080698239913239,2025,TRANSFORMER B - MARKET SEQUENCE + SEC,1,0,0.46080062
TSLA,2025-07-24,0001628280-25-035738,-0.0840986247796242,2025,TRANSFORMER B - MARKET SEQUENCE + SEC,0,0,0.40420675
INTC,2025-07-25,0000050863-25-000107,-0.0876920500617223,2025,TRANSFORMER B - MARKET SEQUENCE + SEC,0,0,0.44895166
AAPL,2025-07-28,0001140361-25-027340,-0.0023301113794165,2025,TRANSFORMER B - MARKET SEQUENCE + SEC,0,0,0.4851061
META,2025-07-31,0001628280-25-036719,0.117826296679073,2025,TRANSFORMER B - MARKET SEQUENCE + SEC,1,0,0.448326
MSFT,2025-07-31,0000950170-25-100226,0.0447738533112154,2025,TRANSFORMER B - MARKET SEQUENCE + SEC,1,0,0.47872728
QCOM,2025-07-31,0000804328-25-000044,-0.0720301967840085,2025,TRANSFORMER B - MARKET SEQUENCE + SEC,0,0,0.4646255
AAPL,2025-08-01,0000320193-25-000071,-0.0053046623012307,2025,TRANSFORMER B - MARKET SEQUENCE + SEC,0,0,0.47202164
AMZN,2025-08-01,0001018724-25-000084,-0.0629972838598512,2025,TRANSFORMER B - MARKET SEQUENCE + SEC,0,0,0.46341068
TSLA,2025-08-04,0001104659-25-073263,0.0034564045452589,2025,TRANSFORMER B - MARKET SEQUENCE + SEC,1,0,0.4107282
AMD,2025-08-06,0000002488-25-000106,-0.0767793645794883,2025,TRANSFORMER B - MARKET SEQUENCE + SEC,0,0,0.45918775
NVDA,2025-08-06,0001045810-25-000197,-0.0060761692887618,2025,TRANSFORMER B - MARKET SEQUENCE + SEC,0,0,0.47897866
INTC,2025-08-15,0000050863-25-000123,0.0337351462987751,2025,TRANSFORMER B - MARKET SEQUENCE + SEC,1,0,0.38183534
INTC,2025-08-22,0000050863-25-000126,0.0398916783123206,2025,TRANSFORMER B - MARKET SEQUENCE + SEC,1,0,0.40316185
INTC,2025-08-25,0000050863-25-000129,-0.0071959885373535,2025,TRANSFORMER B - MARKET SEQUENCE + SEC,0,0,0.41329715
AMD,2025-08-26,0000002488-25-000147,0.0159407664814916,2025,TRANSFORMER B - MARKET SEQUENCE + SEC,1,0,0.45385996
QCOM,2025-08-26,0000804328-25-000049,0.0135658664098605,2025,TRANSFORMER B - MARKET SEQUENCE + SEC,1,0,0.37884942
NVDA,2025-08-28,0001045810-25-000207,-0.0141343127791589,2025,TRANSFORMER B - MARKET SEQUENCE + SEC,0,0,0.45217305
INTC,2025-09-02,0000050863-25-000135,0.0026306361602177,2025,TRANSFORMER B - MARKET SEQUENCE + SEC,1,0,0.4109881
QCOM,2025-09-03,0000804328-25-000054,-0.0173144997282927,2025,TRANSFORMER B - MARKET SEQUENCE + SEC,0,0,0.4052517
GOOGL,2025-09-04,0001652044-25-000067,-0.0019413096759779,2025,TRANSFORMER B - MARKET SEQUENCE + SEC,0,1,0.5002785
AVGO,2025-09-05,0001730168-25-000094,0.0926114077971371,2025,TRANSFORMER B - MARKET SEQUENCE + SEC,1,0,0.44406274
GOOGL,2025-09-08,0001652044-25-000074,-0.008072545922159,2025,TRANSFORMER B - MARKET SEQUENCE + SEC,0,1,0.5002076
INTC,2025-09-08,0000050863-25-000147,-0.0052864773859351,2025,TRANSFORMER B - MARKET SEQUENCE + SEC,0,0,0.40798852
TSLA,2025-09-08,0001104659-25-087862,-0.0175334866626433,2025,TRANSFORMER B - MARKET SEQUENCE + SEC,0,0,0.46395588
INTC,2025-09-09,0000050863-25-000149,-0.0044669492947324,2025,TRANSFORMER B - MARKET SEQUENCE + SEC,0,0,0.42283183
AVGO,2025-09-10,0001193125-25-199281,0.0973944507010884,2025,TRANSFORMER B - MARKET SEQUENCE + SEC,1,0,0.44313157
AVGO,2025-09-11,0001193125-25-200108,-0.0327165698047944,2025,TRANSFORMER B - MARKET SEQUENCE + SEC,0,0,0.4660228
ADBE,2025-09-12,0000796343-25-000102,-0.0078118643336309,2025,TRANSFORMER B - MARKET SEQUENCE + SEC,0,0,0.3917983
INTC,2025-09-15,0000050863-25-000153,0.0200976390034777,2025,TRANSFORMER B - MARKET SEQUENCE + SEC,1,0,0.45462364
INTC,2025-09-19,0000050863-25-000155,-0.0391540449480576,2025,TRANSFORMER B - MARKET SEQUENCE + SEC,0,0,0.47796518
AVGO,2025-09-30,0001193125-25-223202,0.003390818422353,2025,TRANSFORMER B - MARKET SEQUENCE + SEC,1,0,0.4597106
INTC,2025-09-30,0000050863-25-000159,-0.0297113012730684,2025,TRANSFORMER B - MARKET SEQUENCE + SEC,0,0,0.48078644
MSFT,2025-10-01,0001193125-25-225125,-0.0013989545791359,2025,TRANSFORMER B - MARKET SEQUENCE + SEC,0,0,0.3682089
TSLA,2025-10-02,0001628280-25-043530,-0.0551710441225548,2025,TRANSFORMER B - MARKET SEQUENCE + SEC,0,0,0.46703282
AMD,2025-10-06,0001193125-25-230895,0.229570120988193,2025,TRANSFORMER B - MARKET SEQUENCE + SEC,1,0,0.36812976
NFLX,2025-10-22,0001065280-25-000404,-0.0910467302021142,2025,TRANSFORMER B - MARKET SEQUENCE + SEC,0,0,0.39469525
TSLA,2025-10-23,0001628280-25-045861,0.0143968924225061,2025,TRANSFORMER B - MARKET SEQUENCE + SEC,1,0,0.4610263
INTC,2025-10-24,0000050863-25-000169,-0.0075336534220806,2025,TRANSFORMER B - MARKET SEQUENCE + SEC,0,0,0.4623726
AMD,2025-10-27,0001193125-25-250803,0.0088791200291153,2025,TRANSFORMER B - MARKET SEQUENCE + SEC,1,0,0.47118613
GOOGL,2025-10-30,0001652044-25-000087,0.0404553257695274,2025,TRANSFORMER B - MARKET SEQUENCE + SEC,1,0,0.45895496
META,2025-10-30,0001628280-25-047114,-0.0980590832120631,2025,TRANSFORMER B - MARKET SEQUENCE + SEC,0,0,0.34693953
MSFT,2025-10-30,0001193125-25-256310,-0.0138684677156911,2025,TRANSFORMER B - MARKET SEQUENCE + SEC,0,0,0.46280974
AAPL,2025-10-31,0000320193-25-000077,-0.0086189929971478,2025,TRANSFORMER B - MARKET SEQUENCE + SEC,0,0,0.46904883
AMZN,2025-10-31,0001018724-25-000121,0.091021090689308,2025,TRANSFORMER B - MARKET SEQUENCE + SEC,1,0,0.35342014
NFLX,2025-10-31,0001065280-25-000407,0.0225958143803028,2025,TRANSFORMER B - MARKET SEQUENCE + SEC,1,0,0.34961984
META,2025-11-04,0001193125-25-262593,0.0040052461336197,2025,TRANSFORMER B - MARKET SEQUENCE + SEC,1,0,0.3215787
AMD,2025-11-05,0000002488-25-000163,0.018607060458321,2025,TRANSFORMER B - MARKET SEQUENCE + SEC,1,0,0.4652182
NFLX,2025-11-05,0001065280-25-000408,-0.0014756161842595,2025,TRANSFORMER B - MARKET SEQUENCE + SEC,0,0,0.34278062
QCOM,2025-11-06,0000804328-25-000084,-0.0176514743796617,2025,TRANSFORMER B - MARKET SEQUENCE + SEC,0,0,0.4512101
GOOGL,2025-11-07,0001193125-25-269979,-0.0176349022429217,2025,TRANSFORMER B - MARKET SEQUENCE + SEC,0,0,0.48037016
TSLA,2025-11-10,0001104659-25-108507,0.0144516595534354,2025,TRANSFORMER B - MARKET SEQUENCE + SEC,1,0,0.4441391
INTC,2025-11-13,0000050863-25-000194,-0.0318404771007635,2025,TRANSFORMER B - MARKET SEQUENCE + SEC,0,0,0.4718636
NFLX,2025-11-17,0001065280-25-000450,0.0002054042438982,2025,TRANSFORMER B - MARKET SEQUENCE + SEC,1,0,0.34098023
NVDA,2025-11-20,0001045810-25-000228,-0.0078530969650368,2025,TRANSFORMER B - MARKET SEQUENCE + SEC,0,0,0.42247504
AMZN,2025-11-21,0001104659-25-114647,0.0088361750757295,2025,TRANSFORMER B - MARKET SEQUENCE + SEC,1,0,0.4307284
NFLX,2025-12-05,0001193125-25-308651,-0.0329477561125077,2025,TRANSFORMER B - MARKET SEQUENCE + SEC,0,0,0.37435848
AAPL,2025-12-08,0001140361-25-044561,-0.0012738305670579,2025,TRANSFORMER B - MARKET SEQUENCE + SEC,0,0,0.49586436
MSFT,2025-12-09,0001193125-25-311196,0.0008032673129765,2025,TRANSFORMER B - MARKET SEQUENCE + SEC,1,0,0.41462958
ADBE,2025-12-11,0000796343-25-000135,0.0245091460598039,2025,TRANSFORMER B - MARKET SEQUENCE + SEC,1,0,0.3667824
QCOM,2025-12-11,0000804328-25-000096,-0.0019244707519939,2025,TRANSFORMER B - MARKET SEQUENCE + SEC,0,0,0.35934582
AVGO,2025-12-12,0001730168-25-000116,-0.0951618269193697,2025,TRANSFORMER B - MARKET SEQUENCE + SEC,0,0,0.45037988
META,2025-12-15,0001628280-25-056768,0.0109305638451026,2025,TRANSFORMER B - MARKET SEQUENCE + SEC,1,0,0.368022
AMD,2025-12-16,0000002488-25-000182,0.0056778767854142,2025,TRANSFORMER B - MARKET SEQUENCE + SEC,1,0,0.34696022
QCOM,2025-12-17,0000804328-25-000098,-0.0029255981515337,2025,TRANSFORMER B - MARKET SEQUENCE + SEC,0,0,0.38513628
META,2025-12-22,0001628280-25-058337,-0.0006494060583752,2025,TRANSFORMER B - MARKET SEQUENCE + SEC,0,0,0.38489884
NFLX,2025-12-22,0001193125-25-327462,-0.0170828254997952,2025,TRANSFORMER B - MARKET SEQUENCE + SEC,0,0,0.36692435
INTC,2025-12-29,0000050863-25-000204,0.0181003383428818,2025,TRANSFORMER B - MARKET SEQUENCE + SEC,1,0,0.35473564
TSLA,2025-01-02,0001628280-25-000007,-0.05886014378365,2025,TRANSFORMER C - MARKET SEQUENCE + SEC + FINBERT,0,1,0.5137643
AAPL,2025-01-06,0001140361-25-000228,-0.0047542763313559,2025,TRANSFORMER C - MARKET SEQUENCE + SEC + FINBERT,0,1,0.53701043
META,2025-01-07,0001326801-25-000005,-0.0016890354040893,2025,TRANSFORMER C - MARKET SEQUENCE + SEC + FINBERT,0,0,0.495766
AVGO,2025-01-13,0001193125-25-004476,0.0075827566715486,2025,TRANSFORMER C - MARKET SEQUENCE + SEC + FINBERT,1,1,0.50220746
AVGO,2025-01-14,0001193125-25-005318,-0.0016694757783562,2025,TRANSFORMER C - MARKET SEQUENCE + SEC + FINBERT,0,0,0.49387738
ADBE,2025-01-21,0001193125-25-008409,0.0089492434486455,2025,TRANSFORMER C - MARKET SEQUENCE + SEC + FINBERT,1,0,0.42685702
NVDA,2025-01-21,0001045810-25-000007,0.0167911079756806,2025,TRANSFORMER C - MARKET SEQUENCE + SEC + FINBERT,1,0,0.4734331
NFLX,2025-01-22,0001065280-25-000033,0.0841579013756215,2025,TRANSFORMER C - MARKET SEQUENCE + SEC + FINBERT,1,0,0.4936055
MSFT,2025-01-23,0001193125-25-010492,-0.0009831174507721,2025,TRANSFORMER C - MARKET SEQUENCE + SEC + FINBERT,0,0,0.4889907
META,2025-01-30,0001326801-25-000014,0.0112736215606825,2025,TRANSFORMER C - MARKET SEQUENCE + SEC + FINBERT,1,0,0.4767621
MSFT,2025-01-30,0000950170-25-010484,-0.0660714994455886,2025,TRANSFORMER C - MARKET SEQUENCE + SEC + FINBERT,0,0,0.4638095
TSLA,2025-01-30,0001628280-25-002993,0.0244704911779372,2025,TRANSFORMER C - MARKET SEQUENCE + SEC + FINBERT,1,1,0.5033216
AAPL,2025-01-31,0000320193-25-000007,-0.0052390147515748,2025,TRANSFORMER C - MARKET SEQUENCE + SEC + FINBERT,0,0,0.4744413
ADBE,2025-01-31,0000796343-25-000036,-0.0177172220699866,2025,TRANSFORMER C - MARKET SEQUENCE + SEC + FINBERT,0,0,0.4204791
INTC,2025-01-31,0000050863-25-000004,-0.0275323489546072,2025,TRANSFORMER C - MARKET SEQUENCE + SEC + FINBERT,0,0,0.42292297
AMD,2025-02-05,0000002488-25-000009,-0.0672156317243187,2025,TRANSFORMER C - MARKET SEQUENCE + SEC + FINBERT,0,0,0.39733207
GOOGL,2025-02-05,0001652044-25-000010,-0.0774615664851434,2025,TRANSFORMER C - MARKET SEQUENCE + SEC + FINBERT,0,0,0.48830244
QCOM,2025-02-06,0000804328-25-000010,-0.0424086946512257,2025,TRANSFORMER C - MARKET SEQUENCE + SEC + FINBERT,0,1,0.50234157
AMZN,2025-02-07,0001018724-25-000002,-0.0279175860380737,2025,TRANSFORMER C - MARKET SEQUENCE + SEC + FINBERT,0,1,0.5212417
META,2025-02-21,0001326801-25-000021,0.0045063857929992,2025,TRANSFORMER C - MARKET SEQUENCE + SEC + FINBERT,1,1,0.5267433
AMD,2025-02-25,0000002488-25-000026,-0.0257874407127393,2025,TRANSFORMER C - MARKET SEQUENCE + SEC + FINBERT,0,0,0.43602952
AAPL,2025-02-26,0001140361-25-005876,-0.0294557859935854,2025,TRANSFORMER C - MARKET SEQUENCE + SEC + FINBERT,0,0,0.4721851
NVDA,2025-02-27,0001045810-25-000021,-0.0570094103254051,2025,TRANSFORMER C - MARKET SEQUENCE + SEC + FINBERT,0,0,0.4588358
INTC,2025-03-03,0000050863-25-000024,-0.019836860760271,2025,TRANSFORMER C - MARKET SEQUENCE + SEC + FINBERT,0,0,0.4928975
AVGO,2025-03-07,0001730168-25-000009,0.0790772020043801,2025,TRANSFORMER C - MARKET SEQUENCE + SEC + FINBERT,1,0,0.46492684
NVDA,2025-03-10,0001045810-25-000039,-0.01191383511016,2025,TRANSFORMER C - MARKET SEQUENCE + SEC + FINBERT,0,0,0.47288585
AMD,2025-03-12,0001193125-25-052173,0.030368716856449,2025,TRANSFORMER C - MARKET SEQUENCE + SEC + FINBERT,1,0,0.4212143
ADBE,2025-03-13,0000796343-25-000052,-0.1205411963432797,2025,TRANSFORMER C - MARKET SEQUENCE + SEC + FINBERT,0,0,0.47893086
INTC,2025-03-17,0000050863-25-000036,0.0617075900886607,2025,TRANSFORMER C - MARKET SEQUENCE + SEC + FINBERT,1,0,0.46256536
GOOGL,2025-03-18,0001652044-25-000027,-0.0049868533512834,2025,TRANSFORMER C - MARKET SEQUENCE + SEC + FINBERT,0,0,0.4563553
QCOM,2025-03-21,0000804328-25-000018,-0.0104507625727504,2025,TRANSFORMER C - MARKET SEQUENCE + SEC + FINBERT,0,0,0.47620305
AMD,2025-03-25,0001193125-25-061366,0.0027255524888967,2025,TRANSFORMER C - MARKET SEQUENCE + SEC + FINBERT,1,0,0.40049362
INTC,2025-03-28,0000050863-25-000060,-0.0121988617232063,2025,TRANSFORMER C - MARKET SEQUENCE + SEC + FINBERT,0,1,0.5004115
AMD,2025-03-31,0001193125-25-067902,-0.0046076765526307,2025,TRANSFORMER C - MARKET SEQUENCE + SEC + FINBERT,0,0,0.43054783
TSLA,2025-04-02,0001628280-25-016070,0.0459683875483936,2025,TRANSFORMER C - MARKET SEQUENCE + SEC + FINBERT,1,0,0.417426
AMZN,2025-04-10,0001104659-25-033450,-0.0091684982251557,2025,TRANSFORMER C - MARKET SEQUENCE + SEC + FINBERT,0,0,0.45268157
INTC,2025-04-14,0001193125-25-079727,0.0220970611689994,2025,TRANSFORMER C - MARKET SEQUENCE + SEC + FINBERT,1,0,0.45574647
META,2025-04-14,0001326801-25-000027,-0.0290202980323543,2025,TRANSFORMER C - MARKET SEQUENCE + SEC + FINBERT,0,0,0.45582005
AMD,2025-04-16,0000002488-25-000039,-0.0433064565689217,2025,TRANSFORMER C - MARKET SEQUENCE + SEC + FINBERT,0,0,0.43146485
NVDA,2025-04-16,0001045810-25-000082,-0.0385630135262662,2025,TRANSFORMER C - MARKET SEQUENCE + SEC + FINBERT,0,0,0.41995442
GOOGL,2025-04-21,0001652044-25-000033,0.001658441613326,2025,TRANSFORMER C - MARKET SEQUENCE + SEC + FINBERT,1,0,0.4145204
INTC,2025-04-21,0000050863-25-000063,0.0199923705911453,2025,TRANSFORMER C - MARKET SEQUENCE + SEC + FINBERT,1,0,0.43300694
NFLX,2025-04-21,0001065280-25-000175,0.0400391628791936,2025,TRANSFORMER C - MARKET SEQUENCE + SEC + FINBERT,1,0,0.43116596
AVGO,2025-04-23,0001730168-25-000037,0.020546316571693,2025,TRANSFORMER C - MARKET SEQUENCE + SEC + FINBERT,1,0,0.41047475
TSLA,2025-04-23,0001628280-25-018851,0.0309840231341191,2025,TRANSFORMER C - MARKET SEQUENCE + SEC + FINBERT,1,0,0.4200562
ADBE,2025-04-25,0001628280-25-019665,0.00772102769487,2025,TRANSFORMER C - MARKET SEQUENCE + SEC + FINBERT,1,0,0.41248807
GOOGL,2025-04-25,0001652044-25-000040,0.0056778680502369,2025,TRANSFORMER C - MARKET SEQUENCE + SEC + FINBERT,1,0,0.40271592
INTC,2025-04-25,0000050863-25-000070,-0.0781558716736774,2025,TRANSFORMER C - MARKET SEQUENCE + SEC + FINBERT,0,0,0.4399523
INTC,2025-04-30,0000050863-25-000079,-0.0116732534635292,2025,TRANSFORMER C - MARKET SEQUENCE + SEC + FINBERT,0,0,0.44483492
META,2025-05-01,0001326801-25-000050,0.0292160941986381,2025,TRANSFORMER C - MARKET SEQUENCE + SEC + FINBERT,1,0,0.42632583
MSFT,2025-05-01,0000950170-25-061032,0.0631927321655236,2025,TRANSFORMER C - MARKET SEQUENCE + SEC + FINBERT,1,0,0.42599693
QCOM,2025-05-01,0000804328-25-000029,-0.1023105592841709,2025,TRANSFORMER C - MARKET SEQUENCE + SEC + FINBERT,0,0,0.4310279
AAPL,2025-05-02,0000320193-25-000055,-0.0522054924249119,2025,TRANSFORMER C - MARKET SEQUENCE + SEC + FINBERT,0,0,0.4481829
AMZN,2025-05-02,0001018724-25-000034,-0.016000458315075,2025,TRANSFORMER C - MARKET SEQUENCE + SEC + FINBERT,0,0,0.43282253
GOOGL,2025-05-02,0001193125-25-110020,0.0020812471971012,2025,TRANSFORMER C - MARKET SEQUENCE + SEC + FINBERT,1,0,0.42043683
AMD,2025-05-07,0000002488-25-000045,0.0137175882183342,2025,TRANSFORMER C - MARKET SEQUENCE + SEC + FINBERT,1,0,0.43673253
GOOGL,2025-05-07,0001193125-25-113864,-0.0765227155851061,2025,TRANSFORMER C - MARKET SEQUENCE + SEC + FINBERT,0,0,0.4233676
INTC,2025-05-12,0000050863-25-000084,-0.0052593287332221,2025,TRANSFORMER C - MARKET SEQUENCE + SEC + FINBERT,0,0,0.4321741
AAPL,2025-05-13,0001140361-25-018400,-0.0050885492194789,2025,TRANSFORMER C - MARKET SEQUENCE + SEC + FINBERT,0,0,0.4463831
QCOM,2025-05-14,0000804328-25-000034,0.0048435657776624,2025,TRANSFORMER C - MARKET SEQUENCE + SEC + FINBERT,1,0,0.45322216
TSLA,2025-05-16,0001628280-25-026148,0.0165331773278589,2025,TRANSFORMER C - MARKET SEQUENCE + SEC + FINBERT,1,0,0.4502026
AMD,2025-05-19,0000002488-25-000064,-0.0216979027634007,2025,TRANSFORMER C - MARKET SEQUENCE + SEC + FINBERT,0,0,0.45103806
AMD,2025-05-19,0001193125-25-122121,-0.0216979027634007,2025,TRANSFORMER C - MARKET SEQUENCE + SEC + FINBERT,0,0,0.44074667
TSLA,2025-05-19,0001104659-25-050072,-0.0235029893233719,2025,TRANSFORMER C - MARKET SEQUENCE + SEC + FINBERT,0,0,0.45305175
AMZN,2025-05-23,0001104659-25-052014,-0.0011282096288659,2025,TRANSFORMER C - MARKET SEQUENCE + SEC + FINBERT,0,0,0.4519655
QCOM,2025-05-23,0001104659-25-051981,-0.004242458635643,2025,TRANSFORMER C - MARKET SEQUENCE + SEC + FINBERT,0,0,0.4345181
NVDA,2025-05-29,0001045810-25-000115,0.0305242737867583,2025,TRANSFORMER C - MARKET SEQUENCE + SEC + FINBERT,1,0,0.47306317
META,2025-06-02,0001326801-25-000090,0.028256530076506,2025,TRANSFORMER C - MARKET SEQUENCE + SEC + FINBERT,1,0,0.46424285
AVGO,2025-06-06,0001730168-25-000061,-0.0597888443301509,2025,TRANSFORMER C - MARKET SEQUENCE + SEC + FINBERT,0,0,0.49647975
NFLX,2025-06-09,0001065280-25-000286,-0.015173567476475,2025,TRANSFORMER C - MARKET SEQUENCE + SEC + FINBERT,0,0,0.49481708
QCOM,2025-06-10,0001104659-25-057814,0.0173228355659522,2025,TRANSFORMER C - MARKET SEQUENCE + SEC + FINBERT,1,0,0.45180103
ADBE,2025-06-13,0000796343-25-000064,-0.040626518735037,2025,TRANSFORMER C - MARKET SEQUENCE + SEC + FINBERT,0,0,0.49178597
GOOGL,2025-06-13,0001193125-25-139948,0.0066923385153199,2025,TRANSFORMER C - MARKET SEQUENCE + SEC + FINBERT,1,0,0.47248003
NFLX,2025-06-25,0001065280-25-000287,-0.0055742702774185,2025,TRANSFORMER C - MARKET SEQUENCE + SEC + FINBERT,0,0,0.49397555
NVDA,2025-07-01,0001045810-25-000179,-0.0212558369759616,2025,TRANSFORMER C - MARKET SEQUENCE + SEC + FINBERT,0,1,0.51970965
MSFT,2025-07-02,0001193125-25-154103,-0.0089164590656711,2025,TRANSFORMER C - MARKET SEQUENCE + SEC + FINBERT,0,1,0.5449126
TSLA,2025-07-02,0001628280-25-033842,0.0427169045964572,2025,TRANSFORMER C - MARKET SEQUENCE + SEC + FINBERT,1,0,0.47643688
AMD,2025-07-03,0000002488-25-000099,-0.0142437493103435,2025,TRANSFORMER C - MARKET SEQUENCE + SEC + FINBERT,0,1,0.5247949
AAPL,2025-07-09,0001140361-25-025275,-0.0016983069028726,2025,TRANSFORMER C - MARKET SEQUENCE + SEC + FINBERT,0,0,0.45503104
TSLA,2025-07-10,0001628280-25-034692,0.0487210294752877,2025,TRANSFORMER C - MARKET SEQUENCE + SEC + FINBERT,1,0,0.47124788
AVGO,2025-07-14,0001193125-25-158202,0.0008198519980098,2025,TRANSFORMER C - MARKET SEQUENCE + SEC + FINBERT,1,1,0.5080784
NFLX,2025-07-18,0001065280-25-000322,-0.0499976506831232,2025,TRANSFORMER C - MARKET SEQUENCE + SEC + FINBERT,0,0,0.49963877
GOOGL,2025-07-21,0001193125-25-161225,0.0220499551378408,2025,TRANSFORMER C - MARKET SEQUENCE + SEC + FINBERT,1,0,0.483045
GOOGL,2025-07-24,0001652044-25-000056,0.0080698239913239,2025,TRANSFORMER C - MARKET SEQUENCE + SEC + FINBERT,1,0,0.47626218
TSLA,2025-07-24,0001628280-25-035738,-0.0840986247796242,2025,TRANSFORMER C - MARKET SEQUENCE + SEC + FINBERT,0,0,0.44702023
INTC,2025-07-25,0000050863-25-000107,-0.0876920500617223,2025,TRANSFORMER C - MARKET SEQUENCE + SEC + FINBERT,0,0,0.47751832
AAPL,2025-07-28,0001140361-25-027340,-0.0023301113794165,2025,TRANSFORMER C - MARKET SEQUENCE + SEC + FINBERT,0,0,0.47864795
META,2025-07-31,0001628280-25-036719,0.117826296679073,2025,TRANSFORMER C - MARKET SEQUENCE + SEC + FINBERT,1,0,0.49193493
MSFT,2025-07-31,0000950170-25-100226,0.0447738533112154,2025,TRANSFORMER C - MARKET SEQUENCE + SEC + FINBERT,1,1,0.51110995
QCOM,2025-07-31,0000804328-25-000044,-0.0720301967840085,2025,TRANSFORMER C - MARKET SEQUENCE + SEC + FINBERT,0,0,0.47326666
AAPL,2025-08-01,0000320193-25-000071,-0.0053046623012307,2025,TRANSFORMER C - MARKET SEQUENCE + SEC + FINBERT,0,0,0.47300333
AMZN,2025-08-01,0001018724-25-000084,-0.0629972838598512,2025,TRANSFORMER C - MARKET SEQUENCE + SEC + FINBERT,0,1,0.50236684
TSLA,2025-08-04,0001104659-25-073263,0.0034564045452589,2025,TRANSFORMER C - MARKET SEQUENCE + SEC + FINBERT,1,0,0.43647343
AMD,2025-08-06,0000002488-25-000106,-0.0767793645794883,2025,TRANSFORMER C - MARKET SEQUENCE + SEC + FINBERT,0,1,0.5239018
NVDA,2025-08-06,0001045810-25-000197,-0.0060761692887618,2025,TRANSFORMER C - MARKET SEQUENCE + SEC + FINBERT,0,1,0.5242918
INTC,2025-08-15,0000050863-25-000123,0.0337351462987751,2025,TRANSFORMER C - MARKET SEQUENCE + SEC + FINBERT,1,0,0.4427979
INTC,2025-08-22,0000050863-25-000126,0.0398916783123206,2025,TRANSFORMER C - MARKET SEQUENCE + SEC + FINBERT,1,0,0.4539322
INTC,2025-08-25,0000050863-25-000129,-0.0071959885373535,2025,TRANSFORMER C - MARKET SEQUENCE + SEC + FINBERT,0,0,0.43565777
AMD,2025-08-26,0000002488-25-000147,0.0159407664814916,2025,TRANSFORMER C - MARKET SEQUENCE + SEC + FINBERT,1,1,0.5205026
QCOM,2025-08-26,0000804328-25-000049,0.0135658664098605,2025,TRANSFORMER C - MARKET SEQUENCE + SEC + FINBERT,1,0,0.4693343
NVDA,2025-08-28,0001045810-25-000207,-0.0141343127791589,2025,TRANSFORMER C - MARKET SEQUENCE + SEC + FINBERT,0,1,0.52351105
INTC,2025-09-02,0000050863-25-000135,0.0026306361602177,2025,TRANSFORMER C - MARKET SEQUENCE + SEC + FINBERT,1,0,0.4505214
QCOM,2025-09-03,0000804328-25-000054,-0.0173144997282927,2025,TRANSFORMER C - MARKET SEQUENCE + SEC + FINBERT,0,0,0.46616188
GOOGL,2025-09-04,0001652044-25-000067,-0.0019413096759779,2025,TRANSFORMER C - MARKET SEQUENCE + SEC + FINBERT,0,1,0.52403367
AVGO,2025-09-05,0001730168-25-000094,0.0926114077971371,2025,TRANSFORMER C - MARKET SEQUENCE + SEC + FINBERT,1,1,0.50210005
GOOGL,2025-09-08,0001652044-25-000074,-0.008072545922159,2025,TRANSFORMER C - MARKET SEQUENCE + SEC + FINBERT,0,1,0.52420384
INTC,2025-09-08,0000050863-25-000147,-0.0052864773859351,2025,TRANSFORMER C - MARKET SEQUENCE + SEC + FINBERT,0,0,0.45945343
TSLA,2025-09-08,0001104659-25-087862,-0.0175334866626433,2025,TRANSFORMER C - MARKET SEQUENCE + SEC + FINBERT,0,0,0.4750315
INTC,2025-09-09,0000050863-25-000149,-0.0044669492947324,2025,TRANSFORMER C - MARKET SEQUENCE + SEC + FINBERT,0,0,0.45839196
AVGO,2025-09-10,0001193125-25-199281,0.0973944507010884,2025,TRANSFORMER C - MARKET SEQUENCE + SEC + FINBERT,1,1,0.52101487
AVGO,2025-09-11,0001193125-25-200108,-0.0327165698047944,2025,TRANSFORMER C - MARKET SEQUENCE + SEC + FINBERT,0,1,0.51438546
ADBE,2025-09-12,0000796343-25-000102,-0.0078118643336309,2025,TRANSFORMER C - MARKET SEQUENCE + SEC + FINBERT,0,0,0.41590083
INTC,2025-09-15,0000050863-25-000153,0.0200976390034777,2025,TRANSFORMER C - MARKET SEQUENCE + SEC + FINBERT,1,0,0.49019048
INTC,2025-09-19,0000050863-25-000155,-0.0391540449480576,2025,TRANSFORMER C - MARKET SEQUENCE + SEC + FINBERT,0,1,0.50127506
AVGO,2025-09-30,0001193125-25-223202,0.003390818422353,2025,TRANSFORMER C - MARKET SEQUENCE + SEC + FINBERT,1,0,0.48834148
INTC,2025-09-30,0000050863-25-000159,-0.0297113012730684,2025,TRANSFORMER C - MARKET SEQUENCE + SEC + FINBERT,0,1,0.5137046
MSFT,2025-10-01,0001193125-25-225125,-0.0013989545791359,2025,TRANSFORMER C - MARKET SEQUENCE + SEC + FINBERT,0,0,0.46921074
TSLA,2025-10-02,0001628280-25-043530,-0.0551710441225548,2025,TRANSFORMER C - MARKET SEQUENCE + SEC + FINBERT,0,1,0.5030311
AMD,2025-10-06,0001193125-25-230895,0.229570120988193,2025,TRANSFORMER C - MARKET SEQUENCE + SEC + FINBERT,1,0,0.44392085
NFLX,2025-10-22,0001065280-25-000404,-0.0910467302021142,2025,TRANSFORMER C - MARKET SEQUENCE + SEC + FINBERT,0,0,0.43888217
TSLA,2025-10-23,0001628280-25-045861,0.0143968924225061,2025,TRANSFORMER C - MARKET SEQUENCE + SEC + FINBERT,1,1,0.51225865
INTC,2025-10-24,0000050863-25-000169,-0.0075336534220806,2025,TRANSFORMER C - MARKET SEQUENCE + SEC + FINBERT,0,1,0.5181882
AMD,2025-10-27,0001193125-25-250803,0.0088791200291153,2025,TRANSFORMER C - MARKET SEQUENCE + SEC + FINBERT,1,1,0.53275305
GOOGL,2025-10-30,0001652044-25-000087,0.0404553257695274,2025,TRANSFORMER C - MARKET SEQUENCE + SEC + FINBERT,1,0,0.49852428
META,2025-10-30,0001628280-25-047114,-0.0980590832120631,2025,TRANSFORMER C - MARKET SEQUENCE + SEC + FINBERT,0,0,0.42854255
MSFT,2025-10-30,0001193125-25-256310,-0.0138684677156911,2025,TRANSFORMER C - MARKET SEQUENCE + SEC + FINBERT,0,0,0.4831434
AAPL,2025-10-31,0000320193-25-000077,-0.0086189929971478,2025,TRANSFORMER C - MARKET SEQUENCE + SEC + FINBERT,0,1,0.5062394
AMZN,2025-10-31,0001018724-25-000121,0.091021090689308,2025,TRANSFORMER C - MARKET SEQUENCE + SEC + FINBERT,1,0,0.4405277
NFLX,2025-10-31,0001065280-25-000407,0.0225958143803028,2025,TRANSFORMER C - MARKET SEQUENCE + SEC + FINBERT,1,0,0.44861442
META,2025-11-04,0001193125-25-262593,0.0040052461336197,2025,TRANSFORMER C - MARKET SEQUENCE + SEC + FINBERT,1,0,0.44547334
AMD,2025-11-05,0000002488-25-000163,0.018607060458321,2025,TRANSFORMER C - MARKET SEQUENCE + SEC + FINBERT,1,1,0.5206296
NFLX,2025-11-05,0001065280-25-000408,-0.0014756161842595,2025,TRANSFORMER C - MARKET SEQUENCE + SEC + FINBERT,0,0,0.4420721
QCOM,2025-11-06,0000804328-25-000084,-0.0176514743796617,2025,TRANSFORMER C - MARKET SEQUENCE + SEC + FINBERT,0,0,0.47880343
GOOGL,2025-11-07,0001193125-25-269979,-0.0176349022429217,2025,TRANSFORMER C - MARKET SEQUENCE + SEC + FINBERT,0,1,0.52440643
TSLA,2025-11-10,0001104659-25-108507,0.0144516595534354,2025,TRANSFORMER C - MARKET SEQUENCE + SEC + FINBERT,1,0,0.48368594
INTC,2025-11-13,0000050863-25-000194,-0.0318404771007635,2025,TRANSFORMER C - MARKET SEQUENCE + SEC + FINBERT,0,1,0.52031416
NFLX,2025-11-17,0001065280-25-000450,0.0002054042438982,2025,TRANSFORMER C - MARKET SEQUENCE + SEC + FINBERT,1,0,0.45268255
NVDA,2025-11-20,0001045810-25-000228,-0.0078530969650368,2025,TRANSFORMER C - MARKET SEQUENCE + SEC + FINBERT,0,0,0.47084925
AMZN,2025-11-21,0001104659-25-114647,0.0088361750757295,2025,TRANSFORMER C - MARKET SEQUENCE + SEC + FINBERT,1,0,0.48670772
NFLX,2025-12-05,0001193125-25-308651,-0.0329477561125077,2025,TRANSFORMER C - MARKET SEQUENCE + SEC + FINBERT,0,0,0.4372943
AAPL,2025-12-08,0001140361-25-044561,-0.0012738305670579,2025,TRANSFORMER C - MARKET SEQUENCE + SEC + FINBERT,0,1,0.5458762
MSFT,2025-12-09,0001193125-25-311196,0.0008032673129765,2025,TRANSFORMER C - MARKET SEQUENCE + SEC + FINBERT,1,0,0.45122138
ADBE,2025-12-11,0000796343-25-000135,0.0245091460598039,2025,TRANSFORMER C - MARKET SEQUENCE + SEC + FINBERT,1,0,0.42490557
QCOM,2025-12-11,0000804328-25-000096,-0.0019244707519939,2025,TRANSFORMER C - MARKET SEQUENCE + SEC + FINBERT,0,0,0.48084366
AVGO,2025-12-12,0001730168-25-000116,-0.0951618269193697,2025,TRANSFORMER C - MARKET SEQUENCE + SEC + FINBERT,0,0,0.48057964
META,2025-12-15,0001628280-25-056768,0.0109305638451026,2025,TRANSFORMER C - MARKET SEQUENCE + SEC + FINBERT,1,0,0.42310652
AMD,2025-12-16,0000002488-25-000182,0.0056778767854142,2025,TRANSFORMER C - MARKET SEQUENCE + SEC + FINBERT,1,0,0.4910692
QCOM,2025-12-17,0000804328-25-000098,-0.0029255981515337,2025,TRANSFORMER C - MARKET SEQUENCE + SEC + FINBERT,0,0,0.49208543
META,2025-12-22,0001628280-25-058337,-0.0006494060583752,2025,TRANSFORMER C - MARKET SEQUENCE + SEC + FINBERT,0,0,0.42142364
NFLX,2025-12-22,0001193125-25-327462,-0.0170828254997952,2025,TRANSFORMER C - MARKET SEQUENCE + SEC + FINBERT,0,0,0.43456152
INTC,2025-12-29,0000050863-25-000204,0.0181003383428818,2025,TRANSFORMER C - MARKET SEQUENCE + SEC + FINBERT,1,0,0.48550075
TSLA,2026-01-02,0001628280-26-000016,-0.0239678642381994,2026,TRANSFORMER A - MARKET SEQUENCE,0,0,0.4356326
AAPL,2026-01-05,0001140361-26-000199,-0.0217800458753627,2026,TRANSFORMER A - MARKET SEQUENCE,0,0,0.46200225
AVGO,2026-01-14,0001193125-26-011731,-0.0308274202273529,2026,TRANSFORMER A - MARKET SEQUENCE,0,0,0.44580042
META,2026-01-20,0001628280-26-002429,-0.0047584991112157,2026,TRANSFORMER A - MARKET SEQUENCE,0,0,0.418036
NFLX,2026-01-20,0001193125-26-015951,0.0128380428459016,2026,TRANSFORMER A - MARKET SEQUENCE,1,0,0.4187491
QCOM,2026-01-20,0000804328-26-000008,-0.0123119600924475,2026,TRANSFORMER A - MARKET SEQUENCE,0,0,0.43583217
AMD,2026-01-21,0000002488-26-000002,0.0635771921622683,2026,TRANSFORMER A - MARKET SEQUENCE,1,0,0.42727083
NFLX,2026-01-21,0001065280-26-000033,-0.0352924053531309,2026,TRANSFORMER A - MARKET SEQUENCE,0,0,0.41573474
INTC,2026-01-23,0000050863-26-000009,-0.1734446087334877,2026,TRANSFORMER A - MARKET SEQUENCE,0,0,0.41964582
INTC,2026-01-26,0000050863-26-000031,-0.0616443526820043,2026,TRANSFORMER A - MARKET SEQUENCE,0,0,0.42178017
NVDA,2026-01-26,0001045810-26-000003,-0.0107942800846292,2026,TRANSFORMER A - MARKET SEQUENCE,0,0,0.4342498
ADBE,2026-01-28,0000796343-26-000019,0.0039509326542428,2026,TRANSFORMER A - MARKET SEQUENCE,1,0,0.43534395
META,2026-01-29,0001628280-26-003832,0.1100332626111563,2026,TRANSFORMER A - MARKET SEQUENCE,1,0,0.4197606
MSFT,2026-01-29,0001193125-26-027198,-0.0939462485029963,2026,TRANSFORMER A - MARKET SEQUENCE,0,0,0.4180819
TSLA,2026-01-29,0001628280-26-003837,-0.0285486205114363,2026,TRANSFORMER A - MARKET SEQUENCE,0,0,0.435426
AAPL,2026-01-30,0000320193-26-000005,0.0166570985837904,2026,TRANSFORMER A - MARKET SEQUENCE,1,0,0.4608155
AMD,2026-02-04,0000002488-26-000014,-0.1556753126058757,2026,TRANSFORMER A - MARKET SEQUENCE,0,0,0.43838367
GOOGL,2026-02-05,0001652044-26-000012,0.0090205072317608,2026,TRANSFORMER A - MARKET SEQUENCE,1,0,0.45528314
QCOM,2026-02-05,0000804328-26-000016,-0.0701637211062347,2026,TRANSFORMER A - MARKET SEQUENCE,0,0,0.4452705
AMZN,2026-02-06,0001018724-26-000002,-0.0766860142220456,2026,TRANSFORMER A - MARKET SEQUENCE,0,0,0.4210104
GOOGL,2026-02-17,0001193125-26-051423,-0.0110726566318904,2026,TRANSFORMER A - MARKET SEQUENCE,0,0,0.4468519
AMD,2026-02-18,0000002488-26-000029,-0.0220428400711223,2026,TRANSFORMER A - MARKET SEQUENCE,0,0,0.4274112
AMD,2026-02-24,0000002488-26-000045,0.0769491952441228,2026,TRANSFORMER A - MARKET SEQUENCE,1,0,0.42782038
AAPL,2026-02-25,0001140361-26-006577,-0.0068133729662351,2026,TRANSFORMER A - MARKET SEQUENCE,0,0,0.43000165
NVDA,2026-02-26,0001045810-26-000019,-0.042496617762763,2026,TRANSFORMER A - MARKET SEQUENCE,0,0,0.41446236
AMZN,2026-02-27,0001104659-26-021050,0.0132045115816146,2026,TRANSFORMER A - MARKET SEQUENCE,1,0,0.4429306
AVGO,2026-03-03,0001193125-26-085656,-0.0049143356508332,2026,TRANSFORMER A - MARKET SEQUENCE,0,0,0.4120276
INTC,2026-03-04,0000050863-26-000044,0.0422975261028819,2026,TRANSFORMER A - MARKET SEQUENCE,1,0,0.4384838
AVGO,2026-03-05,0001730168-26-000011,0.0510080549581203,2026,TRANSFORMER A - MARKET SEQUENCE,1,0,0.41303983
GOOGL,2026-03-09,0001652044-26-000026,0.0136296578488566,2026,TRANSFORMER A - MARKET SEQUENCE,1,0,0.44045323
NVDA,2026-03-09,0001045810-26-000024,0.0138065906068347,2026,TRANSFORMER A - MARKET SEQUENCE,1,0,0.42307845
ADBE,2026-03-13,0000796343-26-000048,-0.0699124470795066,2026,TRANSFORMER A - MARKET SEQUENCE,0,0,0.43304142
AMZN,2026-03-16,0001104659-26-027729,0.0083809647767647,2026,TRANSFORMER A - MARKET SEQUENCE,1,0,0.4264742
AMZN,2026-03-17,0001104659-26-028556,0.0114605156306819,2026,TRANSFORMER A - MARKET SEQUENCE,1,0,0.42566547
QCOM,2026-03-20,0000804328-26-000041,0.0079698096776174,2026,TRANSFORMER A - MARKET SEQUENCE,1,0,0.42525867
TSLA,2026-04-02,0001628280-26-022956,-0.0553616328176903,2026,TRANSFORMER A - MARKET SEQUENCE,0,0,0.41216508
AVGO,2026-04-06,0001193125-26-140574,-0.0063988681204529,2026,TRANSFORMER A - MARKET SEQUENCE,0,0,0.4107182
GOOGL,2026-04-06,0001652044-26-000031,0.0082504348362495,2026,TRANSFORMER A - MARKET SEQUENCE,1,0,0.42618725
INTC,2026-04-06,0000050863-26-000069,0.0019222474605418,2026,TRANSFORMER A - MARKET SEQUENCE,1,0,0.40451068
AVGO,2026-04-07,0001193125-26-144028,0.0619912664480655,2026,TRANSFORMER A - MARKET SEQUENCE,1,0,0.411353
AMZN,2026-04-09,0001104659-26-041034,0.0492804640933421,2026,TRANSFORMER A - MARKET SEQUENCE,1,0,0.40375215
INTC,2026-04-09,0000050863-26-000072,0.0402242748034202,2026,TRANSFORMER A - MARKET SEQUENCE,1,0,0.40000477
GOOGL,2026-04-13,0001652044-26-000034,0.0024868969699596,2026,TRANSFORMER A - MARKET SEQUENCE,1,0,0.41943815
AMZN,2026-04-14,0001104659-26-042880,0.0199021520163233,2026,TRANSFORMER A - MARKET SEQUENCE,1,0,0.40716124
META,2026-04-15,0001628280-26-025108,-0.0002783824166061,2026,TRANSFORMER A - MARKET SEQUENCE,0,0,0.41619688
NFLX,2026-04-17,0001065280-26-000137,-0.110310240572915,2026,TRANSFORMER A - MARKET SEQUENCE,0,0,0.45173556
AAPL,2026-04-21,0001140361-26-015711,-0.0213933529678685,2026,TRANSFORMER A - MARKET SEQUENCE,0,0,0.4170148
ADBE,2026-04-22,0000796343-26-000101,0.0187092090498186,2026,TRANSFORMER A - MARKET SEQUENCE,1,0,0.42411077
AVGO,2026-04-22,0001730168-26-000039,0.0341930534958387,2026,TRANSFORMER A - MARKET SEQUENCE,1,0,0.43942147
NFLX,2026-04-23,0001065280-26-000139,0.0011281946640834,2026,TRANSFORMER A - MARKET SEQUENCE,1,0,0.44678205
TSLA,2026-04-23,0001628280-26-026551,-0.0299535199415285,2026,TRANSFORMER A - MARKET SEQUENCE,0,0,0.40731457
INTC,2026-04-24,0000050863-26-000077,0.2168713502986243,2026,TRANSFORMER A - MARKET SEQUENCE,1,0,0.43743688
INTC,2026-04-27,0000050863-26-000083,0.0291553468152547,2026,TRANSFORMER A - MARKET SEQUENCE,1,0,0.44698897
NVDA,2026-04-28,0001045810-26-000026,-0.0058242896842328,2026,TRANSFORMER A - MARKET SEQUENCE,0,0,0.44533443
AMZN,2026-04-30,0001018724-26-000012,-0.0016468727883254,2026,TRANSFORMER A - MARKET SEQUENCE,0,0,0.4653004
GOOGL,2026-04-30,0001652044-26-000043,0.0902907529038123,2026,TRANSFORMER A - MARKET SEQUENCE,1,0,0.4474708
META,2026-04-30,0001628280-26-028364,-0.0948266554954643,2026,TRANSFORMER A - MARKET SEQUENCE,0,0,0.41644606
MSFT,2026-04-30,0001193125-26-191457,-0.0486231754824486,2026,TRANSFORMER A - MARKET SEQUENCE,0,0,0.43509242
QCOM,2026-04-30,0000804328-26-000060,0.1418276564768905,2026,TRANSFORMER A - MARKET SEQUENCE,1,0,0.44600815
AAPL,2026-05-01,0000320193-26-000011,0.022793892307859,2026,TRANSFORMER A - MARKET SEQUENCE,1,0,0.43346128
INTC,2026-05-01,0001193125-26-197845,0.0448034171687428,2026,TRANSFORMER A - MARKET SEQUENCE,1,0,0.46321
META,2026-05-05,0001193125-26-204128,-0.0219024667890024,2026,TRANSFORMER A - MARKET SEQUENCE,0,0,0.42372245
AMD,2026-05-06,0000002488-26-000072,0.1653710025525319,2026,TRANSFORMER A - MARKET SEQUENCE,1,0,0.4838779
NVDA,2026-05-11,0001045810-26-000028,0.0168061992095833,2026,TRANSFORMER A - MARKET SEQUENCE,1,0,0.47244698
GOOGL,2026-05-12,0001193125-26-216986,0.0051624834241175,2026,TRANSFORMER A - MARKET SEQUENCE,1,1,0.5058967
MSFT,2026-05-15,0001193125-26-224155,0.0455934480664714,2026,TRANSFORMER A - MARKET SEQUENCE,1,0,0.47603074
AMD,2026-05-18,0001193125-26-226746,-0.0030308987230113,2026,TRANSFORMER A - MARKET SEQUENCE,0,1,0.5034924
INTC,2026-05-18,0000050863-26-000118,-0.0012138983150062,2026,TRANSFORMER A - MARKET SEQUENCE,0,0,0.49487698
NVDA,2026-05-21,0001045810-26-000051,-0.0196275026130384,2026,TRANSFORMER A - MARKET SEQUENCE,0,0,0.4734624
GOOGL,2026-05-22,0001193125-26-234488,-0.0163388825753002,2026,TRANSFORMER A - MARKET SEQUENCE,0,0,0.49461272
AMZN,2026-05-26,0001104659-26-065717,-0.0216227139416436,2026,TRANSFORMER A - MARKET SEQUENCE,0,0,0.48587272
META,2026-06-01,0001628280-26-039193,-0.0566556308874622,2026,TRANSFORMER A - MARKET SEQUENCE,0,0,0.43179378
AVGO,2026-06-04,0001730168-26-000051,-0.1210312398743514,2026,TRANSFORMER A - MARKET SEQUENCE,0,0,0.47733146
GOOGL,2026-06-05,0001193125-26-257724,0.0381672421712767,2026,TRANSFORMER A - MARKET SEQUENCE,1,0,0.4792144
GOOGL,2026-06-08,0001193125-26-259830,-0.0291912288708725,2026,TRANSFORMER A - MARKET SEQUENCE,0,0,0.47458404
GOOGL,2026-06-08,0001652044-26-000059,-0.0291912288708725,2026,TRANSFORMER A - MARKET SEQUENCE,0,0,0.47458404
NFLX,2026-06-08,0001065280-26-000189,-0.0100182503504155,2026,TRANSFORMER A - MARKET SEQUENCE,0,0,0.44125652
AMZN,2026-06-10,0001104659-26-072140,-0.0053726134400394,2026,TRANSFORMER A - MARKET SEQUENCE,0,0,0.4678505
AVGO,2026-06-11,0001193125-26-266777,0.0024240754021118,2026,TRANSFORMER A - MARKET SEQUENCE,1,0,0.48684165
ADBE,2026-06-12,0000796343-26-000109,-0.0734349532560182,2026,TRANSFORMER A - MARKET SEQUENCE,0,0,0.43037897
GOOGL,2026-06-12,0001193125-26-267578,-0.0005460497805231,2026,TRANSFORMER A - MARKET SEQUENCE,0,0,0.46484074
AMZN,2026-06-15,0001104659-26-073562,-9.957228603751922e-05,2026,TRANSFORMER A - MARKET SEQUENCE,0,0,0.46964914
AVGO,2026-06-18,0001193125-26-275077,0.0218931329896958,2026,TRANSFORMER A - MARKET SEQUENCE,1,0,0.4872911
NVDA,2026-06-22,0001193125-26-275783,-0.0071724054817254,2026,TRANSFORMER A - MARKET SEQUENCE,0,0,0.46258456
QCOM,2026-06-24,0001104659-26-077071,-0.0286743834556753,2026,TRANSFORMER A - MARKET SEQUENCE,0,0,0.46747372
NVDA,2026-07-01,0001045810-26-000056,0.0027055922428425,2026,TRANSFORMER A - MARKET SEQUENCE,1,0,0.4670934
AMD,2026-07-02,0000002488-26-000115,-0.0253003437574649,2026,TRANSFORMER A - MARKET SEQUENCE,0,0,0.49001282
NVDA,2026-07-02,0001045810-26-000060,0.003415464384313,2026,TRANSFORMER A - MARKET SEQUENCE,1,0,0.46461484
TSLA,2026-07-02,0001628280-26-046717,-0.0575543818261817,2026,TRANSFORMER A - MARKET SEQUENCE,0,0,0.41180003
AVGO,2026-07-06,0001193125-26-295589,0.0229725241748379,2026,TRANSFORMER A - MARKET SEQUENCE,1,0,0.4788567
AMZN,2026-07-10,0001104659-26-082293,-0.0099646140288109,2026,TRANSFORMER A - MARKET SEQUENCE,0,0,0.4351117
NFLX,2026-07-17,0001065280-26-000211,-0.057599892179291,2026,TRANSFORMER A - MARKET SEQUENCE,0,0,0.41172266
ADBE,2026-07-20,0000796343-26-000120,-0.011629367377381,2026,TRANSFORMER A - MARKET SEQUENCE,0,0,0.43792924
GOOGL,2026-07-23,0001652044-26-000066,-0.0523428238232774,2026,TRANSFORMER A - MARKET SEQUENCE,0,0,0.4234852
NFLX,2026-07-23,0001193125-26-312575,0.0242366010624127,2026,TRANSFORMER A - MARKET SEQUENCE,1,0,0.4129283
TSLA,2026-07-23,0001628280-26-049213,-0.1262533558961757,2026,TRANSFORMER A - MARKET SEQUENCE,0,0,0.4386743
INTC,2026-07-24,0000050863-26-000155,-0.0677472957838671,2026,TRANSFORMER A - MARKET SEQUENCE,0,0,0.4509144
META,2026-07-30,0001628280-26-050596,-0.1125151041907142,2026,TRANSFORMER A - MARKET SEQUENCE,0,0,0.4356518
MSFT,2026-07-30,0001193125-26-323632,0.1220932058569126,2026,TRANSFORMER A - MARKET SEQUENCE,1,0,0.42751434
QCOM,2026-07-30,0000804328-26-000085,-0.0591817061233279,2026,TRANSFORMER A - MARKET SEQUENCE,0,0,0.43936574
AAPL,2026-07-31,0000320193-26-000018,-0.0800340895161154,2026,TRANSFORMER A - MARKET SEQUENCE,0,0,0.44559518
AMZN,2026-07-31,0001018724-26-000024,0.1467103826662883,2026,TRANSFORMER A - MARKET SEQUENCE,1,0,0.42128855
NFLX,2026-07-31,0001065280-26-000214,-0.0264490259696927,2026,TRANSFORMER A - MARKET SEQUENCE,0,0,0.41038936
QCOM,2026-08-03,0001104659-26-089234,0.0092690762540241,2026,TRANSFORMER A - MARKET SEQUENCE,1,0,0.43835872
AMD,2026-08-05,0000002488-26-000121,-0.0613935964812326,2026,TRANSFORMER A - MARKET SEQUENCE,0,0,0.4581634
GOOGL,2026-08-11,0001193125-26-342390,-0.0350184491059453,2026,TRANSFORMER A - MARKET SEQUENCE,0,0,0.40701884
INTC,2026-08-13,0001193125-26-346806,0.0241947255920518,2026,TRANSFORMER A - MARKET SEQUENCE,1,0,0.42519218
TSLA,2026-01-02,0001628280-26-000016,-0.0239678642381994,2026,TRANSFORMER B - MARKET SEQUENCE + SEC,0,0,0.45297393
AAPL,2026-01-05,0001140361-26-000199,-0.0217800458753627,2026,TRANSFORMER B - MARKET SEQUENCE + SEC,0,0,0.4750373
AVGO,2026-01-14,0001193125-26-011731,-0.0308274202273529,2026,TRANSFORMER B - MARKET SEQUENCE + SEC,0,0,0.43301567
META,2026-01-20,0001628280-26-002429,-0.0047584991112157,2026,TRANSFORMER B - MARKET SEQUENCE + SEC,0,0,0.43063617
NFLX,2026-01-20,0001193125-26-015951,0.0128380428459016,2026,TRANSFORMER B - MARKET SEQUENCE + SEC,1,0,0.44211957
QCOM,2026-01-20,0000804328-26-000008,-0.0123119600924475,2026,TRANSFORMER B - MARKET SEQUENCE + SEC,0,0,0.4432891
AMD,2026-01-21,0000002488-26-000002,0.0635771921622683,2026,TRANSFORMER B - MARKET SEQUENCE + SEC,1,0,0.44438785
NFLX,2026-01-21,0001065280-26-000033,-0.0352924053531309,2026,TRANSFORMER B - MARKET SEQUENCE + SEC,0,0,0.45003995
INTC,2026-01-23,0000050863-26-000009,-0.1734446087334877,2026,TRANSFORMER B - MARKET SEQUENCE + SEC,0,0,0.45193636
INTC,2026-01-26,0000050863-26-000031,-0.0616443526820043,2026,TRANSFORMER B - MARKET SEQUENCE + SEC,0,0,0.47055784
NVDA,2026-01-26,0001045810-26-000003,-0.0107942800846292,2026,TRANSFORMER B - MARKET SEQUENCE + SEC,0,0,0.4477575
ADBE,2026-01-28,0000796343-26-000019,0.0039509326542428,2026,TRANSFORMER B - MARKET SEQUENCE + SEC,1,0,0.42613408
META,2026-01-29,0001628280-26-003832,0.1100332626111563,2026,TRANSFORMER B - MARKET SEQUENCE + SEC,1,0,0.42624676
MSFT,2026-01-29,0001193125-26-027198,-0.0939462485029963,2026,TRANSFORMER B - MARKET SEQUENCE + SEC,0,0,0.42114726
TSLA,2026-01-29,0001628280-26-003837,-0.0285486205114363,2026,TRANSFORMER B - MARKET SEQUENCE + SEC,0,0,0.44517165
AAPL,2026-01-30,0000320193-26-000005,0.0166570985837904,2026,TRANSFORMER B - MARKET SEQUENCE + SEC,1,0,0.4529525
AMD,2026-02-04,0000002488-26-000014,-0.1556753126058757,2026,TRANSFORMER B - MARKET SEQUENCE + SEC,0,0,0.45479903
GOOGL,2026-02-05,0001652044-26-000012,0.0090205072317608,2026,TRANSFORMER B - MARKET SEQUENCE + SEC,1,0,0.4843061
QCOM,2026-02-05,0000804328-26-000016,-0.0701637211062347,2026,TRANSFORMER B - MARKET SEQUENCE + SEC,0,0,0.4410969
AMZN,2026-02-06,0001018724-26-000002,-0.0766860142220456,2026,TRANSFORMER B - MARKET SEQUENCE + SEC,0,0,0.4483256
GOOGL,2026-02-17,0001193125-26-051423,-0.0110726566318904,2026,TRANSFORMER B - MARKET SEQUENCE + SEC,0,0,0.4979634
AMD,2026-02-18,0000002488-26-000029,-0.0220428400711223,2026,TRANSFORMER B - MARKET SEQUENCE + SEC,0,0,0.4454573
AMD,2026-02-24,0000002488-26-000045,0.0769491952441228,2026,TRANSFORMER B - MARKET SEQUENCE + SEC,1,0,0.44027367
AAPL,2026-02-25,0001140361-26-006577,-0.0068133729662351,2026,TRANSFORMER B - MARKET SEQUENCE + SEC,0,0,0.4102121
NVDA,2026-02-26,0001045810-26-000019,-0.042496617762763,2026,TRANSFORMER B - MARKET SEQUENCE + SEC,0,0,0.429049
AMZN,2026-02-27,0001104659-26-021050,0.0132045115816146,2026,TRANSFORMER B - MARKET SEQUENCE + SEC,1,0,0.44629276
AVGO,2026-03-03,0001193125-26-085656,-0.0049143356508332,2026,TRANSFORMER B - MARKET SEQUENCE + SEC,0,0,0.43030524
INTC,2026-03-04,0000050863-26-000044,0.0422975261028819,2026,TRANSFORMER B - MARKET SEQUENCE + SEC,1,0,0.42461357
AVGO,2026-03-05,0001730168-26-000011,0.0510080549581203,2026,TRANSFORMER B - MARKET SEQUENCE + SEC,1,0,0.42752102
GOOGL,2026-03-09,0001652044-26-000026,0.0136296578488566,2026,TRANSFORMER B - MARKET SEQUENCE + SEC,1,0,0.46724734
NVDA,2026-03-09,0001045810-26-000024,0.0138065906068347,2026,TRANSFORMER B - MARKET SEQUENCE + SEC,1,0,0.41993108
ADBE,2026-03-13,0000796343-26-000048,-0.0699124470795066,2026,TRANSFORMER B - MARKET SEQUENCE + SEC,0,0,0.399401
AMZN,2026-03-16,0001104659-26-027729,0.0083809647767647,2026,TRANSFORMER B - MARKET SEQUENCE + SEC,1,0,0.45434636
AMZN,2026-03-17,0001104659-26-028556,0.0114605156306819,2026,TRANSFORMER B - MARKET SEQUENCE + SEC,1,0,0.45198917
QCOM,2026-03-20,0000804328-26-000041,0.0079698096776174,2026,TRANSFORMER B - MARKET SEQUENCE + SEC,1,0,0.41410083
TSLA,2026-04-02,0001628280-26-022956,-0.0553616328176903,2026,TRANSFORMER B - MARKET SEQUENCE + SEC,0,0,0.4324186
AVGO,2026-04-06,0001193125-26-140574,-0.0063988681204529,2026,TRANSFORMER B - MARKET SEQUENCE + SEC,0,0,0.42592105
GOOGL,2026-04-06,0001652044-26-000031,0.0082504348362495,2026,TRANSFORMER B - MARKET SEQUENCE + SEC,1,0,0.42133445
INTC,2026-04-06,0000050863-26-000069,0.0019222474605418,2026,TRANSFORMER B - MARKET SEQUENCE + SEC,1,0,0.45612124
AVGO,2026-04-07,0001193125-26-144028,0.0619912664480655,2026,TRANSFORMER B - MARKET SEQUENCE + SEC,1,0,0.43569273
AMZN,2026-04-09,0001104659-26-041034,0.0492804640933421,2026,TRANSFORMER B - MARKET SEQUENCE + SEC,1,0,0.38303182
INTC,2026-04-09,0000050863-26-000072,0.0402242748034202,2026,TRANSFORMER B - MARKET SEQUENCE + SEC,1,0,0.46867833
GOOGL,2026-04-13,0001652044-26-000034,0.0024868969699596,2026,TRANSFORMER B - MARKET SEQUENCE + SEC,1,0,0.3889194
AMZN,2026-04-14,0001104659-26-042880,0.0199021520163233,2026,TRANSFORMER B - MARKET SEQUENCE + SEC,1,0,0.39771605
META,2026-04-15,0001628280-26-025108,-0.0002783824166061,2026,TRANSFORMER B - MARKET SEQUENCE + SEC,0,0,0.3964467
NFLX,2026-04-17,0001065280-26-000137,-0.110310240572915,2026,TRANSFORMER B - MARKET SEQUENCE + SEC,0,0,0.44473398
AAPL,2026-04-21,0001140361-26-015711,-0.0213933529678685,2026,TRANSFORMER B - MARKET SEQUENCE + SEC,0,0,0.41239205
ADBE,2026-04-22,0000796343-26-000101,0.0187092090498186,2026,TRANSFORMER B - MARKET SEQUENCE + SEC,1,0,0.40422156
AVGO,2026-04-22,0001730168-26-000039,0.0341930534958387,2026,TRANSFORMER B - MARKET SEQUENCE + SEC,1,0,0.42519158
NFLX,2026-04-23,0001065280-26-000139,0.0011281946640834,2026,TRANSFORMER B - MARKET SEQUENCE + SEC,1,0,0.44548777
TSLA,2026-04-23,0001628280-26-026551,-0.0299535199415285,2026,TRANSFORMER B - MARKET SEQUENCE + SEC,0,0,0.39396885
INTC,2026-04-24,0000050863-26-000077,0.2168713502986243,2026,TRANSFORMER B - MARKET SEQUENCE + SEC,1,0,0.4474141
INTC,2026-04-27,0000050863-26-000083,0.0291553468152547,2026,TRANSFORMER B - MARKET SEQUENCE + SEC,1,0,0.45009965
NVDA,2026-04-28,0001045810-26-000026,-0.0058242896842328,2026,TRANSFORMER B - MARKET SEQUENCE + SEC,0,0,0.43594423
AMZN,2026-04-30,0001018724-26-000012,-0.0016468727883254,2026,TRANSFORMER B - MARKET SEQUENCE + SEC,0,0,0.42482135
GOOGL,2026-04-30,0001652044-26-000043,0.0902907529038123,2026,TRANSFORMER B - MARKET SEQUENCE + SEC,1,0,0.3980604
META,2026-04-30,0001628280-26-028364,-0.0948266554954643,2026,TRANSFORMER B - MARKET SEQUENCE + SEC,0,0,0.38606417
MSFT,2026-04-30,0001193125-26-191457,-0.0486231754824486,2026,TRANSFORMER B - MARKET SEQUENCE + SEC,0,0,0.41249123
QCOM,2026-04-30,0000804328-26-000060,0.1418276564768905,2026,TRANSFORMER B - MARKET SEQUENCE + SEC,1,0,0.43332013
AAPL,2026-05-01,0000320193-26-000011,0.022793892307859,2026,TRANSFORMER B - MARKET SEQUENCE + SEC,1,0,0.4227944
INTC,2026-05-01,0001193125-26-197845,0.0448034171687428,2026,TRANSFORMER B - MARKET SEQUENCE + SEC,1,0,0.47343302
META,2026-05-05,0001193125-26-204128,-0.0219024667890024,2026,TRANSFORMER B - MARKET SEQUENCE + SEC,0,0,0.39922667
AMD,2026-05-06,0000002488-26-000072,0.1653710025525319,2026,TRANSFORMER B - MARKET SEQUENCE + SEC,1,0,0.4589217
NVDA,2026-05-11,0001045810-26-000028,0.0168061992095833,2026,TRANSFORMER B - MARKET SEQUENCE + SEC,1,0,0.4298785
GOOGL,2026-05-12,0001193125-26-216986,0.0051624834241175,2026,TRANSFORMER B - MARKET SEQUENCE + SEC,1,0,0.42251486
MSFT,2026-05-15,0001193125-26-224155,0.0455934480664714,2026,TRANSFORMER B - MARKET SEQUENCE + SEC,1,0,0.42286712
AMD,2026-05-18,0001193125-26-226746,-0.0030308987230113,2026,TRANSFORMER B - MARKET SEQUENCE + SEC,0,0,0.46031916
INTC,2026-05-18,0000050863-26-000118,-0.0012138983150062,2026,TRANSFORMER B - MARKET SEQUENCE + SEC,0,0,0.45221812
NVDA,2026-05-21,0001045810-26-000051,-0.0196275026130384,2026,TRANSFORMER B - MARKET SEQUENCE + SEC,0,0,0.43313283
GOOGL,2026-05-22,0001193125-26-234488,-0.0163388825753002,2026,TRANSFORMER B - MARKET SEQUENCE + SEC,0,0,0.43839207
AMZN,2026-05-26,0001104659-26-065717,-0.0216227139416436,2026,TRANSFORMER B - MARKET SEQUENCE + SEC,0,0,0.4670117
META,2026-06-01,0001628280-26-039193,-0.0566556308874622,2026,TRANSFORMER B - MARKET SEQUENCE + SEC,0,0,0.42413568
AVGO,2026-06-04,0001730168-26-000051,-0.1210312398743514,2026,TRANSFORMER B - MARKET SEQUENCE + SEC,0,0,0.44959322
GOOGL,2026-06-05,0001193125-26-257724,0.0381672421712767,2026,TRANSFORMER B - MARKET SEQUENCE + SEC,1,0,0.44276464
GOOGL,2026-06-08,0001193125-26-259830,-0.0291912288708725,2026,TRANSFORMER B - MARKET SEQUENCE + SEC,0,0,0.4385827
GOOGL,2026-06-08,0001652044-26-000059,-0.0291912288708725,2026,TRANSFORMER B - MARKET SEQUENCE + SEC,0,0,0.44357803
NFLX,2026-06-08,0001065280-26-000189,-0.0100182503504155,2026,TRANSFORMER B - MARKET SEQUENCE + SEC,0,0,0.44725597
AMZN,2026-06-10,0001104659-26-072140,-0.0053726134400394,2026,TRANSFORMER B - MARKET SEQUENCE + SEC,0,0,0.47246113
AVGO,2026-06-11,0001193125-26-266777,0.0024240754021118,2026,TRANSFORMER B - MARKET SEQUENCE + SEC,1,0,0.43428102
ADBE,2026-06-12,0000796343-26-000109,-0.0734349532560182,2026,TRANSFORMER B - MARKET SEQUENCE + SEC,0,0,0.40203175
GOOGL,2026-06-12,0001193125-26-267578,-0.0005460497805231,2026,TRANSFORMER B - MARKET SEQUENCE + SEC,0,0,0.44895485
AMZN,2026-06-15,0001104659-26-073562,-9.957228603751922e-05,2026,TRANSFORMER B - MARKET SEQUENCE + SEC,0,0,0.46091598
AVGO,2026-06-18,0001193125-26-275077,0.0218931329896958,2026,TRANSFORMER B - MARKET SEQUENCE + SEC,1,0,0.42882702
NVDA,2026-06-22,0001193125-26-275783,-0.0071724054817254,2026,TRANSFORMER B - MARKET SEQUENCE + SEC,0,0,0.41786864
QCOM,2026-06-24,0001104659-26-077071,-0.0286743834556753,2026,TRANSFORMER B - MARKET SEQUENCE + SEC,0,0,0.44050792
NVDA,2026-07-01,0001045810-26-000056,0.0027055922428425,2026,TRANSFORMER B - MARKET SEQUENCE + SEC,1,0,0.41986248
AMD,2026-07-02,0000002488-26-000115,-0.0253003437574649,2026,TRANSFORMER B - MARKET SEQUENCE + SEC,0,0,0.4728733
NVDA,2026-07-02,0001045810-26-000060,0.003415464384313,2026,TRANSFORMER B - MARKET SEQUENCE + SEC,1,0,0.4136992
TSLA,2026-07-02,0001628280-26-046717,-0.0575543818261817,2026,TRANSFORMER B - MARKET SEQUENCE + SEC,0,0,0.41335425
AVGO,2026-07-06,0001193125-26-295589,0.0229725241748379,2026,TRANSFORMER B - MARKET SEQUENCE + SEC,1,0,0.43126896
AMZN,2026-07-10,0001104659-26-082293,-0.0099646140288109,2026,TRANSFORMER B - MARKET SEQUENCE + SEC,0,0,0.43931103
NFLX,2026-07-17,0001065280-26-000211,-0.057599892179291,2026,TRANSFORMER B - MARKET SEQUENCE + SEC,0,0,0.40423504
ADBE,2026-07-20,0000796343-26-000120,-0.011629367377381,2026,TRANSFORMER B - MARKET SEQUENCE + SEC,0,0,0.43524697
GOOGL,2026-07-23,0001652044-26-000066,-0.0523428238232774,2026,TRANSFORMER B - MARKET SEQUENCE + SEC,0,0,0.4488822
NFLX,2026-07-23,0001193125-26-312575,0.0242366010624127,2026,TRANSFORMER B - MARKET SEQUENCE + SEC,1,0,0.41043514
TSLA,2026-07-23,0001628280-26-049213,-0.1262533558961757,2026,TRANSFORMER B - MARKET SEQUENCE + SEC,0,0,0.4348867
INTC,2026-07-24,0000050863-26-000155,-0.0677472957838671,2026,TRANSFORMER B - MARKET SEQUENCE + SEC,0,0,0.45931292
META,2026-07-30,0001628280-26-050596,-0.1125151041907142,2026,TRANSFORMER B - MARKET SEQUENCE + SEC,0,0,0.42335284
MSFT,2026-07-30,0001193125-26-323632,0.1220932058569126,2026,TRANSFORMER B - MARKET SEQUENCE + SEC,1,0,0.4498217
QCOM,2026-07-30,0000804328-26-000085,-0.0591817061233279,2026,TRANSFORMER B - MARKET SEQUENCE + SEC,0,0,0.44019935
AAPL,2026-07-31,0000320193-26-000018,-0.0800340895161154,2026,TRANSFORMER B - MARKET SEQUENCE + SEC,0,0,0.47020912
AMZN,2026-07-31,0001018724-26-000024,0.1467103826662883,2026,TRANSFORMER B - MARKET SEQUENCE + SEC,1,0,0.43600368
NFLX,2026-07-31,0001065280-26-000214,-0.0264490259696927,2026,TRANSFORMER B - MARKET SEQUENCE + SEC,0,0,0.40688547
QCOM,2026-08-03,0001104659-26-089234,0.0092690762540241,2026,TRANSFORMER B - MARKET SEQUENCE + SEC,1,0,0.46278933
AMD,2026-08-05,0000002488-26-000121,-0.0613935964812326,2026,TRANSFORMER B - MARKET SEQUENCE + SEC,0,0,0.47111106
GOOGL,2026-08-11,0001193125-26-342390,-0.0350184491059453,2026,TRANSFORMER B - MARKET SEQUENCE + SEC,0,0,0.42393643
INTC,2026-08-13,0001193125-26-346806,0.0241947255920518,2026,TRANSFORMER B - MARKET SEQUENCE + SEC,1,0,0.43638855
TSLA,2026-01-02,0001628280-26-000016,-0.0239678642381994,2026,TRANSFORMER C - MARKET SEQUENCE + SEC + FINBERT,0,0,0.43530762
AAPL,2026-01-05,0001140361-26-000199,-0.0217800458753627,2026,TRANSFORMER C - MARKET SEQUENCE + SEC + FINBERT,0,0,0.46434125
AVGO,2026-01-14,0001193125-26-011731,-0.0308274202273529,2026,TRANSFORMER C - MARKET SEQUENCE + SEC + FINBERT,0,0,0.443472
META,2026-01-20,0001628280-26-002429,-0.0047584991112157,2026,TRANSFORMER C - MARKET SEQUENCE + SEC + FINBERT,0,0,0.38945976
NFLX,2026-01-20,0001193125-26-015951,0.0128380428459016,2026,TRANSFORMER C - MARKET SEQUENCE + SEC + FINBERT,1,0,0.4298308
QCOM,2026-01-20,0000804328-26-000008,-0.0123119600924475,2026,TRANSFORMER C - MARKET SEQUENCE + SEC + FINBERT,0,0,0.43132895
AMD,2026-01-21,0000002488-26-000002,0.0635771921622683,2026,TRANSFORMER C - MARKET SEQUENCE + SEC + FINBERT,1,0,0.40367854
NFLX,2026-01-21,0001065280-26-000033,-0.0352924053531309,2026,TRANSFORMER C - MARKET SEQUENCE + SEC + FINBERT,0,0,0.43442222
INTC,2026-01-23,0000050863-26-000009,-0.1734446087334877,2026,TRANSFORMER C - MARKET SEQUENCE + SEC + FINBERT,0,0,0.42744893
INTC,2026-01-26,0000050863-26-000031,-0.0616443526820043,2026,TRANSFORMER C - MARKET SEQUENCE + SEC + FINBERT,0,0,0.43610758
NVDA,2026-01-26,0001045810-26-000003,-0.0107942800846292,2026,TRANSFORMER C - MARKET SEQUENCE + SEC + FINBERT,0,0,0.42754084
ADBE,2026-01-28,0000796343-26-000019,0.0039509326542428,2026,TRANSFORMER C - MARKET SEQUENCE + SEC + FINBERT,1,0,0.42401186
META,2026-01-29,0001628280-26-003832,0.1100332626111563,2026,TRANSFORMER C - MARKET SEQUENCE + SEC + FINBERT,1,0,0.40499812
MSFT,2026-01-29,0001193125-26-027198,-0.0939462485029963,2026,TRANSFORMER C - MARKET SEQUENCE + SEC + FINBERT,0,0,0.41906774
TSLA,2026-01-29,0001628280-26-003837,-0.0285486205114363,2026,TRANSFORMER C - MARKET SEQUENCE + SEC + FINBERT,0,0,0.45479307
AAPL,2026-01-30,0000320193-26-000005,0.0166570985837904,2026,TRANSFORMER C - MARKET SEQUENCE + SEC + FINBERT,1,0,0.49454963
AMD,2026-02-04,0000002488-26-000014,-0.1556753126058757,2026,TRANSFORMER C - MARKET SEQUENCE + SEC + FINBERT,0,0,0.4141831
GOOGL,2026-02-05,0001652044-26-000012,0.0090205072317608,2026,TRANSFORMER C - MARKET SEQUENCE + SEC + FINBERT,1,0,0.4729053
QCOM,2026-02-05,0000804328-26-000016,-0.0701637211062347,2026,TRANSFORMER C - MARKET SEQUENCE + SEC + FINBERT,0,0,0.45783153
AMZN,2026-02-06,0001018724-26-000002,-0.0766860142220456,2026,TRANSFORMER C - MARKET SEQUENCE + SEC + FINBERT,0,0,0.4403553
GOOGL,2026-02-17,0001193125-26-051423,-0.0110726566318904,2026,TRANSFORMER C - MARKET SEQUENCE + SEC + FINBERT,0,0,0.47890848
AMD,2026-02-18,0000002488-26-000029,-0.0220428400711223,2026,TRANSFORMER C - MARKET SEQUENCE + SEC + FINBERT,0,0,0.42116356
AMD,2026-02-24,0000002488-26-000045,0.0769491952441228,2026,TRANSFORMER C - MARKET SEQUENCE + SEC + FINBERT,1,0,0.44925934
AAPL,2026-02-25,0001140361-26-006577,-0.0068133729662351,2026,TRANSFORMER C - MARKET SEQUENCE + SEC + FINBERT,0,0,0.44184563
NVDA,2026-02-26,0001045810-26-000019,-0.042496617762763,2026,TRANSFORMER C - MARKET SEQUENCE + SEC + FINBERT,0,0,0.42416728
AMZN,2026-02-27,0001104659-26-021050,0.0132045115816146,2026,TRANSFORMER C - MARKET SEQUENCE + SEC + FINBERT,1,0,0.48472834
AVGO,2026-03-03,0001193125-26-085656,-0.0049143356508332,2026,TRANSFORMER C - MARKET SEQUENCE + SEC + FINBERT,0,0,0.37338334
INTC,2026-03-04,0000050863-26-000044,0.0422975261028819,2026,TRANSFORMER C - MARKET SEQUENCE + SEC + FINBERT,1,0,0.44605696
AVGO,2026-03-05,0001730168-26-000011,0.0510080549581203,2026,TRANSFORMER C - MARKET SEQUENCE + SEC + FINBERT,1,0,0.38613585
GOOGL,2026-03-09,0001652044-26-000026,0.0136296578488566,2026,TRANSFORMER C - MARKET SEQUENCE + SEC + FINBERT,1,0,0.42895755
NVDA,2026-03-09,0001045810-26-000024,0.0138065906068347,2026,TRANSFORMER C - MARKET SEQUENCE + SEC + FINBERT,1,0,0.4256559
ADBE,2026-03-13,0000796343-26-000048,-0.0699124470795066,2026,TRANSFORMER C - MARKET SEQUENCE + SEC + FINBERT,0,0,0.4159075
AMZN,2026-03-16,0001104659-26-027729,0.0083809647767647,2026,TRANSFORMER C - MARKET SEQUENCE + SEC + FINBERT,1,0,0.4348859
AMZN,2026-03-17,0001104659-26-028556,0.0114605156306819,2026,TRANSFORMER C - MARKET SEQUENCE + SEC + FINBERT,1,0,0.4329058
QCOM,2026-03-20,0000804328-26-000041,0.0079698096776174,2026,TRANSFORMER C - MARKET SEQUENCE + SEC + FINBERT,1,0,0.4144194
TSLA,2026-04-02,0001628280-26-022956,-0.0553616328176903,2026,TRANSFORMER C - MARKET SEQUENCE + SEC + FINBERT,0,0,0.4442874
AVGO,2026-04-06,0001193125-26-140574,-0.0063988681204529,2026,TRANSFORMER C - MARKET SEQUENCE + SEC + FINBERT,0,0,0.3835684
GOOGL,2026-04-06,0001652044-26-000031,0.0082504348362495,2026,TRANSFORMER C - MARKET SEQUENCE + SEC + FINBERT,1,0,0.42650878
INTC,2026-04-06,0000050863-26-000069,0.0019222474605418,2026,TRANSFORMER C - MARKET SEQUENCE + SEC + FINBERT,1,0,0.40326008
AVGO,2026-04-07,0001193125-26-144028,0.0619912664480655,2026,TRANSFORMER C - MARKET SEQUENCE + SEC + FINBERT,1,0,0.38829893
AMZN,2026-04-09,0001104659-26-041034,0.0492804640933421,2026,TRANSFORMER C - MARKET SEQUENCE + SEC + FINBERT,1,0,0.39690322
INTC,2026-04-09,0000050863-26-000072,0.0402242748034202,2026,TRANSFORMER C - MARKET SEQUENCE + SEC + FINBERT,1,0,0.39136696
GOOGL,2026-04-13,0001652044-26-000034,0.0024868969699596,2026,TRANSFORMER C - MARKET SEQUENCE + SEC + FINBERT,1,0,0.4154855
AMZN,2026-04-14,0001104659-26-042880,0.0199021520163233,2026,TRANSFORMER C - MARKET SEQUENCE + SEC + FINBERT,1,0,0.37933123
META,2026-04-15,0001628280-26-025108,-0.0002783824166061,2026,TRANSFORMER C - MARKET SEQUENCE + SEC + FINBERT,0,0,0.39231312
NFLX,2026-04-17,0001065280-26-000137,-0.110310240572915,2026,TRANSFORMER C - MARKET SEQUENCE + SEC + FINBERT,0,0,0.44000292
AAPL,2026-04-21,0001140361-26-015711,-0.0213933529678685,2026,TRANSFORMER C - MARKET SEQUENCE + SEC + FINBERT,0,0,0.3592131
ADBE,2026-04-22,0000796343-26-000101,0.0187092090498186,2026,TRANSFORMER C - MARKET SEQUENCE + SEC + FINBERT,1,0,0.38357434
AVGO,2026-04-22,0001730168-26-000039,0.0341930534958387,2026,TRANSFORMER C - MARKET SEQUENCE + SEC + FINBERT,1,0,0.38846296
NFLX,2026-04-23,0001065280-26-000139,0.0011281946640834,2026,TRANSFORMER C - MARKET SEQUENCE + SEC + FINBERT,1,0,0.41836312
TSLA,2026-04-23,0001628280-26-026551,-0.0299535199415285,2026,TRANSFORMER C - MARKET SEQUENCE + SEC + FINBERT,0,0,0.43506977
INTC,2026-04-24,0000050863-26-000077,0.2168713502986243,2026,TRANSFORMER C - MARKET SEQUENCE + SEC + FINBERT,1,0,0.4226459
INTC,2026-04-27,0000050863-26-000083,0.0291553468152547,2026,TRANSFORMER C - MARKET SEQUENCE + SEC + FINBERT,1,0,0.3996351
NVDA,2026-04-28,0001045810-26-000026,-0.0058242896842328,2026,TRANSFORMER C - MARKET SEQUENCE + SEC + FINBERT,0,0,0.39358598
AMZN,2026-04-30,0001018724-26-000012,-0.0016468727883254,2026,TRANSFORMER C - MARKET SEQUENCE + SEC + FINBERT,0,0,0.44047228
GOOGL,2026-04-30,0001652044-26-000043,0.0902907529038123,2026,TRANSFORMER C - MARKET SEQUENCE + SEC + FINBERT,1,0,0.43866378
META,2026-04-30,0001628280-26-028364,-0.0948266554954643,2026,TRANSFORMER C - MARKET SEQUENCE + SEC + FINBERT,0,0,0.3808199
MSFT,2026-04-30,0001193125-26-191457,-0.0486231754824486,2026,TRANSFORMER C - MARKET SEQUENCE + SEC + FINBERT,0,0,0.3755038
QCOM,2026-04-30,0000804328-26-000060,0.1418276564768905,2026,TRANSFORMER C - MARKET SEQUENCE + SEC + FINBERT,1,0,0.3869235
AAPL,2026-05-01,0000320193-26-000011,0.022793892307859,2026,TRANSFORMER C - MARKET SEQUENCE + SEC + FINBERT,1,0,0.41293892
INTC,2026-05-01,0001193125-26-197845,0.0448034171687428,2026,TRANSFORMER C - MARKET SEQUENCE + SEC + FINBERT,1,0,0.4301686
META,2026-05-05,0001193125-26-204128,-0.0219024667890024,2026,TRANSFORMER C - MARKET SEQUENCE + SEC + FINBERT,0,0,0.37962434
AMD,2026-05-06,0000002488-26-000072,0.1653710025525319,2026,TRANSFORMER C - MARKET SEQUENCE + SEC + FINBERT,1,0,0.4364244
NVDA,2026-05-11,0001045810-26-000028,0.0168061992095833,2026,TRANSFORMER C - MARKET SEQUENCE + SEC + FINBERT,1,0,0.41490605
GOOGL,2026-05-12,0001193125-26-216986,0.0051624834241175,2026,TRANSFORMER C - MARKET SEQUENCE + SEC + FINBERT,1,0,0.4496935
MSFT,2026-05-15,0001193125-26-224155,0.0455934480664714,2026,TRANSFORMER C - MARKET SEQUENCE + SEC + FINBERT,1,0,0.40856266
AMD,2026-05-18,0001193125-26-226746,-0.0030308987230113,2026,TRANSFORMER C - MARKET SEQUENCE + SEC + FINBERT,0,0,0.43519595
INTC,2026-05-18,0000050863-26-000118,-0.0012138983150062,2026,TRANSFORMER C - MARKET SEQUENCE + SEC + FINBERT,0,0,0.45040685
NVDA,2026-05-21,0001045810-26-000051,-0.0196275026130384,2026,TRANSFORMER C - MARKET SEQUENCE + SEC + FINBERT,0,0,0.46098852
GOOGL,2026-05-22,0001193125-26-234488,-0.0163388825753002,2026,TRANSFORMER C - MARKET SEQUENCE + SEC + FINBERT,0,0,0.4619668
AMZN,2026-05-26,0001104659-26-065717,-0.0216227139416436,2026,TRANSFORMER C - MARKET SEQUENCE + SEC + FINBERT,0,0,0.48398712
META,2026-06-01,0001628280-26-039193,-0.0566556308874622,2026,TRANSFORMER C - MARKET SEQUENCE + SEC + FINBERT,0,0,0.3893253
AVGO,2026-06-04,0001730168-26-000051,-0.1210312398743514,2026,TRANSFORMER C - MARKET SEQUENCE + SEC + FINBERT,0,0,0.45761195
GOOGL,2026-06-05,0001193125-26-257724,0.0381672421712767,2026,TRANSFORMER C - MARKET SEQUENCE + SEC + FINBERT,1,0,0.47172403
GOOGL,2026-06-08,0001193125-26-259830,-0.0291912288708725,2026,TRANSFORMER C - MARKET SEQUENCE + SEC + FINBERT,0,0,0.46425587
GOOGL,2026-06-08,0001652044-26-000059,-0.0291912288708725,2026,TRANSFORMER C - MARKET SEQUENCE + SEC + FINBERT,0,0,0.44931892
NFLX,2026-06-08,0001065280-26-000189,-0.0100182503504155,2026,TRANSFORMER C - MARKET SEQUENCE + SEC + FINBERT,0,0,0.40687475
AMZN,2026-06-10,0001104659-26-072140,-0.0053726134400394,2026,TRANSFORMER C - MARKET SEQUENCE + SEC + FINBERT,0,0,0.47959337
AVGO,2026-06-11,0001193125-26-266777,0.0024240754021118,2026,TRANSFORMER C - MARKET SEQUENCE + SEC + FINBERT,1,0,0.4835889
ADBE,2026-06-12,0000796343-26-000109,-0.0734349532560182,2026,TRANSFORMER C - MARKET SEQUENCE + SEC + FINBERT,0,0,0.40557423
GOOGL,2026-06-12,0001193125-26-267578,-0.0005460497805231,2026,TRANSFORMER C - MARKET SEQUENCE + SEC + FINBERT,0,0,0.4405086
AMZN,2026-06-15,0001104659-26-073562,-9.957228603751922e-05,2026,TRANSFORMER C - MARKET SEQUENCE + SEC + FINBERT,0,0,0.46593478
AVGO,2026-06-18,0001193125-26-275077,0.0218931329896958,2026,TRANSFORMER C - MARKET SEQUENCE + SEC + FINBERT,1,1,0.5034922
NVDA,2026-06-22,0001193125-26-275783,-0.0071724054817254,2026,TRANSFORMER C - MARKET SEQUENCE + SEC + FINBERT,0,0,0.4377044
QCOM,2026-06-24,0001104659-26-077071,-0.0286743834556753,2026,TRANSFORMER C - MARKET SEQUENCE + SEC + FINBERT,0,0,0.4145881
NVDA,2026-07-01,0001045810-26-000056,0.0027055922428425,2026,TRANSFORMER C - MARKET SEQUENCE + SEC + FINBERT,1,0,0.4236383
AMD,2026-07-02,0000002488-26-000115,-0.0253003437574649,2026,TRANSFORMER C - MARKET SEQUENCE + SEC + FINBERT,0,0,0.4360892
NVDA,2026-07-02,0001045810-26-000060,0.003415464384313,2026,TRANSFORMER C - MARKET SEQUENCE + SEC + FINBERT,1,0,0.4116473
TSLA,2026-07-02,0001628280-26-046717,-0.0575543818261817,2026,TRANSFORMER C - MARKET SEQUENCE + SEC + FINBERT,0,0,0.3888882
AVGO,2026-07-06,0001193125-26-295589,0.0229725241748379,2026,TRANSFORMER C - MARKET SEQUENCE + SEC + FINBERT,1,0,0.47540814
AMZN,2026-07-10,0001104659-26-082293,-0.0099646140288109,2026,TRANSFORMER C - MARKET SEQUENCE + SEC + FINBERT,0,0,0.45726946
NFLX,2026-07-17,0001065280-26-000211,-0.057599892179291,2026,TRANSFORMER C - MARKET SEQUENCE + SEC + FINBERT,0,0,0.4310546
ADBE,2026-07-20,0000796343-26-000120,-0.011629367377381,2026,TRANSFORMER C - MARKET SEQUENCE + SEC + FINBERT,0,0,0.37741613
GOOGL,2026-07-23,0001652044-26-000066,-0.0523428238232774,2026,TRANSFORMER C - MARKET SEQUENCE + SEC + FINBERT,0,0,0.38775358
NFLX,2026-07-23,0001193125-26-312575,0.0242366010624127,2026,TRANSFORMER C - MARKET SEQUENCE + SEC + FINBERT,1,0,0.40997964
TSLA,2026-07-23,0001628280-26-049213,-0.1262533558961757,2026,TRANSFORMER C - MARKET SEQUENCE + SEC + FINBERT,0,0,0.4114571
INTC,2026-07-24,0000050863-26-000155,-0.0677472957838671,2026,TRANSFORMER C - MARKET SEQUENCE + SEC + FINBERT,0,0,0.4107788
META,2026-07-30,0001628280-26-050596,-0.1125151041907142,2026,TRANSFORMER C - MARKET SEQUENCE + SEC + FINBERT,0,0,0.37147248
MSFT,2026-07-30,0001193125-26-323632,0.1220932058569126,2026,TRANSFORMER C - MARKET SEQUENCE + SEC + FINBERT,1,0,0.38072333
QCOM,2026-07-30,0000804328-26-000085,-0.0591817061233279,2026,TRANSFORMER C - MARKET SEQUENCE + SEC + FINBERT,0,0,0.40364638
AAPL,2026-07-31,0000320193-26-000018,-0.0800340895161154,2026,TRANSFORMER C - MARKET SEQUENCE + SEC + FINBERT,0,0,0.41480902
AMZN,2026-07-31,0001018724-26-000024,0.1467103826662883,2026,TRANSFORMER C - MARKET SEQUENCE + SEC + FINBERT,1,0,0.4368213
NFLX,2026-07-31,0001065280-26-000214,-0.0264490259696927,2026,TRANSFORMER C - MARKET SEQUENCE + SEC + FINBERT,0,0,0.37753457
QCOM,2026-08-03,0001104659-26-089234,0.0092690762540241,2026,TRANSFORMER C - MARKET SEQUENCE + SEC + FINBERT,1,0,0.40336773
AMD,2026-08-05,0000002488-26-000121,-0.0613935964812326,2026,TRANSFORMER C - MARKET SEQUENCE + SEC + FINBERT,0,0,0.41342637
GOOGL,2026-08-11,0001193125-26-342390,-0.0350184491059453,2026,TRANSFORMER C - MARKET SEQUENCE + SEC + FINBERT,0,0,0.35232794
INTC,2026-08-13,0001193125-26-346806,0.0241947255920518,2026,TRANSFORMER C - MARKET SEQUENCE + SEC + FINBERT,1,0,0.43841055
