Ticker,Event_Session,Accession,Abnormal_Event_Return_1D,Tradable_Abnormal_Return_1D,Test_Year,Model,y_true,y_pred,y_prob
TSLA,2023-01-03,0001564590-23-000002,-0.1156624860226348,-0.0720107395275778,2023,XGB A - MARKET,0,0,0.4559023
AMZN,2023-01-04,0001193125-23-000849,-0.0126876408399162,-0.0129157740059399,2023,XGB A - MARKET,0,0,0.12154524
AMZN,2023-01-09,0001193125-23-003621,0.0083963791381691,-7.26610642479697e-05,2023,XGB A - MARKET,0,0,0.15995528
NFLX,2023-01-10,0001065280-23-000033,0.0307843939834469,0.0405525545982103,2023,XGB A - MARKET,1,0,0.39248544
AMD,2023-01-12,0000002488-23-000003,0.019791102730847,0.0070743471655714,2023,XGB A - MARKET,1,0,0.28707445
ADBE,2023-01-20,0001193125-23-010953,0.0130675568418314,0.0169119459884681,2023,XGB A - MARKET,1,0,0.4975362
GOOGL,2023-01-20,0001193125-23-011424,0.026045161412773,0.0094248902763049,2023,XGB A - MARKET,1,0,0.42722294
NFLX,2023-01-20,0001065280-23-000034,0.0572490265820655,-0.0043254532199215,2023,XGB A - MARKET,0,0,0.44532523
GOOGL,2023-01-25,0001652044-23-000005,-0.0231644469233743,-0.0176172626475952,2023,XGB A - MARKET,0,0,0.34801784
MSFT,2023-01-25,0001193125-23-014230,-0.003688560046954,0.0121879344250572,2023,XGB A - MARKET,1,0,0.3456288
TSLA,2023-01-26,0001564590-23-000799,0.0901750820045785,-0.0054043323110186,2023,XGB A - MARKET,0,0,0.37529543
ADBE,2023-01-27,0000796343-23-000011,0.0034130337334414,0.0052739242075479,2023,XGB A - MARKET,1,0,0.3887138
INTC,2023-01-27,0000050863-23-000005,-0.0740950349112492,0.0256769086473362,2023,XGB A - MARKET,1,0,0.26618335
AMD,2023-02-01,0000002488-23-000007,0.1048972199729882,0.0565166972239445,2023,XGB A - MARKET,1,0,0.42060405
META,2023-02-02,0001326801-23-000015,0.1969341805130866,0.0158996709095216,2023,XGB A - MARKET,1,0,0.23170172
AAPL,2023-02-03,0000320193-23-000005,0.0421727178443979,0.0396410235680864,2023,XGB A - MARKET,1,0,0.41136932
AMZN,2023-02-03,0001018724-23-000002,-0.0665420767107707,-0.0218319003543158,2023,XGB A - MARKET,0,0,0.21772726
GOOGL,2023-02-03,0001652044-23-000013,-0.0097006411015775,0.0139070234336826,2023,XGB A - MARKET,1,0,0.23361598
QCOM,2023-02-03,0000804328-23-000005,0.0116632618341803,0.0253633663543237,2023,XGB A - MARKET,1,0,0.33253276
INTC,2023-02-13,0001193125-23-032608,0.0109625490155056,0.0132077736207554,2023,XGB A - MARKET,1,0,0.4317424
META,2023-02-14,0001326801-23-000019,-0.0071106667692597,0.0003516103807958,2023,XGB A - MARKET,1,0,0.44602415
META,2023-02-16,0001326801-23-000023,-0.0078781083747686,0.0017537658320269,2023,XGB A - MARKET,1,0,0.39730775
AMD,2023-02-22,0000002488-23-000040,-0.002832042904912,-0.0029037832030454,2023,XGB A - MARKET,0,1,0.58911836
NVDA,2023-02-23,0001045810-23-000014,0.1314796732369261,0.0134157005515644,2023,XGB A - MARKET,1,0,0.35462943
NFLX,2023-02-27,0001065280-23-000062,0.0113790277894145,0.0012359943514402,2023,XGB A - MARKET,1,1,0.51285744
AVGO,2023-03-03,0001730168-23-000004,0.036304244985005,0.0098576779317773,2023,XGB A - MARKET,1,0,0.30425712
NVDA,2023-03-09,0001045810-23-000039,-0.0134832812365488,-0.0115629621939261,2023,XGB A - MARKET,0,1,0.5343684
QCOM,2023-03-10,0000804328-23-000014,-0.0032742910351497,-0.0053771953683138,2023,XGB A - MARKET,0,1,0.61419445
AAPL,2023-03-13,0001140361-23-011192,0.0058495767557158,0.004185229204535,2023,XGB A - MARKET,1,0,0.4626965
ADBE,2023-03-16,0000796343-23-000044,0.0326300284227003,-0.0042568429343836,2023,XGB A - MARKET,0,0,0.44085795
TSLA,2023-04-03,0001564590-23-005126,-0.0587379920681228,-0.0300407222817098,2023,XGB A - MARKET,0,0,0.348458
TSLA,2023-04-06,0001564590-23-005462,-0.0092216572279802,-0.0013095626006749,2023,XGB A - MARKET,0,1,0.6248361
AVGO,2023-04-10,0001730168-23-000052,0.0081949810147982,0.0062251401938429,2023,XGB A - MARKET,1,0,0.15612613
META,2023-04-11,0001326801-23-000038,0.0022265981036951,-0.0012717866948718,2023,XGB A - MARKET,0,1,0.50526434
AMZN,2023-04-13,0001104659-23-044715,0.0271315497467332,0.0210808380159321,2023,XGB A - MARKET,1,1,0.6396153
NFLX,2023-04-19,0001065280-23-000119,-0.0312345844131969,-0.010631065051982,2023,XGB A - MARKET,0,0,0.18194878
TSLA,2023-04-20,0001564590-23-005959,-0.0898338509164068,-0.0210058949076691,2023,XGB A - MARKET,0,0,0.23491342
GOOGL,2023-04-21,0001652044-23-000034,9.635682347419738e-05,-0.0027846219668283,2023,XGB A - MARKET,0,0,0.37331155
GOOGL,2023-04-24,0001193125-23-110657,0.0073971460599369,0.0059093281773334,2023,XGB A - MARKET,1,1,0.5743526
ADBE,2023-04-25,0000796343-23-000084,-0.0016747468953407,0.0028688305451172,2023,XGB A - MARKET,1,0,0.19948678
GOOGL,2023-04-26,0001652044-23-000041,-0.0074125529130505,-0.0065236312817857,2023,XGB A - MARKET,0,0,0.45194566
MSFT,2023-04-26,0001193125-23-115280,0.0663702873324159,0.0005262566423006,2023,XGB A - MARKET,1,0,0.4918327
META,2023-04-27,0001326801-23-000063,0.1120639737781477,-0.020273368771846,2023,XGB A - MARKET,0,0,0.16581033
AMZN,2023-04-28,0001018724-23-000006,-0.0466911150938218,-0.0288177375455369,2023,XGB A - MARKET,0,0,0.16607165
INTC,2023-04-28,0000050863-23-000027,0.0332888165939835,-0.0364216403375011,2023,XGB A - MARKET,0,1,0.5151976
AMD,2023-05-03,0000002488-23-000074,-0.0856594537141515,-0.0152894961531212,2023,XGB A - MARKET,0,0,0.46995592
META,2023-05-04,0001193125-23-134410,-0.0112782936674858,-0.0079529582994017,2023,XGB A - MARKET,0,1,0.59264904
QCOM,2023-05-04,0000804328-23-000022,-0.0518631415817621,0.0273191792245914,2023,XGB A - MARKET,1,0,0.19006924
AAPL,2023-05-05,0000320193-23-000063,0.0256724402288117,0.0012691383248919,2023,XGB A - MARKET,1,0,0.32607388
AAPL,2023-05-11,0001140361-23-023909,-0.0021652177173392,-0.0021103985939553,2023,XGB A - MARKET,0,1,0.5411241
INTC,2023-05-17,0000050863-23-000057,-0.0240821783586867,-0.0307930398179215,2023,XGB A - MARKET,0,0,0.34100148
AVGO,2023-05-23,0001730168-23-000054,0.0246609698157997,0.0015378538156908,2023,XGB A - MARKET,1,1,0.5880117
TSLA,2023-05-23,0001564590-23-007379,-0.0037371727338172,0.0052230092126488,2023,XGB A - MARKET,1,0,0.3546655
AMD,2023-05-24,0001193125-23-151810,0.0065167645276903,0.0207628132604171,2023,XGB A - MARKET,1,1,0.5671621
NVDA,2023-05-25,0001045810-23-000087,0.2193636281413169,-0.0158056253594253,2023,XGB A - MARKET,0,0,0.39193344
AMZN,2023-05-30,0001104659-23-065457,0.0083696886722113,0.0019379464981017,2023,XGB A - MARKET,1,0,0.28888986
AVGO,2023-06-02,0001730168-23-000062,0.0204133015688046,0.0246135061700552,2023,XGB A - MARKET,1,0,0.3862073
META,2023-06-02,0001326801-23-000083,-0.0074997429598375,-0.0025859503346447,2023,XGB A - MARKET,0,0,0.42859593
NFLX,2023-06-07,0001065280-23-000173,0.01816757671609,-0.0082045797704944,2023,XGB A - MARKET,0,0,0.45495215
GOOGL,2023-06-09,0001193125-23-163590,-0.0030860725402626,0.0002030212928941,2023,XGB A - MARKET,1,0,0.3813222
ADBE,2023-06-16,0000796343-23-000133,0.014990951110978,-0.0316268054016003,2023,XGB A - MARKET,0,0,0.35147244
NVDA,2023-06-28,0001045810-23-000146,-0.0200767039267372,0.0041673585470676,2023,XGB A - MARKET,1,0,0.33784357
TSLA,2023-07-03,0000950170-23-031241,0.0665986854549824,0.0114494120436481,2023,XGB A - MARKET,1,1,0.5239643
MSFT,2023-07-05,0001193125-23-181341,0.0005004739878785,0.0048465775696648,2023,XGB A - MARKET,1,0,0.29058018
AMD,2023-07-11,0000002488-23-000123,-0.0248385321263878,-0.006807377401649,2023,XGB A - MARKET,0,0,0.29664874
NFLX,2023-07-20,0001065280-23-000197,-0.061057964347201,-0.006142113688995,2023,XGB A - MARKET,0,0,0.42500305
TSLA,2023-07-20,0000950170-23-033544,-0.0743182954482134,-0.0443040034004684,2023,XGB A - MARKET,0,1,0.5766552
TSLA,2023-07-21,0000950170-23-033695,-0.0079554484795124,-0.0204138842705264,2023,XGB A - MARKET,0,1,0.6301874
QCOM,2023-07-24,0000804328-23-000033,-0.0065684745719806,-0.0039356729133458,2023,XGB A - MARKET,0,0,0.22287555
NVDA,2023-07-25,0001045810-23-000164,0.0171394451344162,0.0115667871783551,2023,XGB A - MARKET,1,0,0.30473143
GOOGL,2023-07-26,0001652044-23-000067,0.0610958891728896,-0.0056210323818488,2023,XGB A - MARKET,0,0,0.41878852
MSFT,2023-07-26,0000950170-23-034400,-0.034310902649988,-0.010219108377325,2023,XGB A - MARKET,0,1,0.62474626
META,2023-07-27,0001326801-23-000089,0.0463935093631231,-0.0244086357015217,2023,XGB A - MARKET,0,0,0.14247333
INTC,2023-07-28,0000050863-23-000068,0.0477765658727746,-0.0050196461714024,2023,XGB A - MARKET,0,0,0.15021873
AMD,2023-08-02,0000002488-23-000135,-0.0482088842918932,-0.0720198721771854,2023,XGB A - MARKET,0,0,0.1482108
QCOM,2023-08-03,0000804328-23-000042,-0.0801639818534351,0.0098161435414596,2023,XGB A - MARKET,1,1,0.50498337
AAPL,2023-08-04,0000320193-23-000075,-0.0433382634719031,-0.0091540276644959,2023,XGB A - MARKET,0,0,0.19004162
AMZN,2023-08-04,0001018724-23-000010,0.0873750758850028,-0.0006892485760171,2023,XGB A - MARKET,0,0,0.24736619
TSLA,2023-08-07,0000950170-23-038779,-0.0179601974231734,-0.0035037914343785,2023,XGB A - MARKET,0,0,0.24199496
INTC,2023-08-16,0000050863-23-000078,-0.0250739480828992,-0.0195775180111414,2023,XGB A - MARKET,0,0,0.49775586
AVGO,2023-08-17,0001140361-23-040084,0.0038521879863934,0.0035327170731977,2023,XGB A - MARKET,1,1,0.6760719
NVDA,2023-08-24,0001045810-23-000171,0.0223730774420519,-0.0301511489450569,2023,XGB A - MARKET,0,0,0.3340995
AVGO,2023-09-01,0001730168-23-000074,-0.0535204835952857,-0.0251565123774194,2023,XGB A - MARKET,0,0,0.2350994
NFLX,2023-09-11,0001065280-23-000236,-0.0060012285836754,0.0016812963585863,2023,XGB A - MARKET,1,0,0.21283647
AMZN,2023-09-14,0001018724-23-000014,-0.0090747963121458,-0.0058857364558924,2023,XGB A - MARKET,0,0,0.38856688
ADBE,2023-09-15,0000796343-23-000198,-0.02502054182054,0.0075157678680588,2023,XGB A - MARKET,1,0,0.42059907
TSLA,2023-10-02,0000950170-23-050938,-0.002830292489464,0.0201495047563271,2023,XGB A - MARKET,1,0,0.2924346
INTC,2023-10-06,0000050863-23-000092,-0.0083964910635536,-0.0165253219860828,2023,XGB A - MARKET,0,0,0.25513172
MSFT,2023-10-12,0001193125-23-254151,-0.0003152479384481,0.0066270581503058,2023,XGB A - MARKET,1,0,0.38210285
MSFT,2023-10-13,0001193125-23-255762,0.00221233460412,0.0002853355228754,2023,XGB A - MARKET,1,0,0.32346493
MSFT,2023-10-17,0001104659-23-109428,0.0015318703273898,0.0009606767851062,2023,XGB A - MARKET,1,1,0.5166573
NVDA,2023-10-18,0001045810-23-000217,-0.026529242653115,-0.0029843966530455,2023,XGB A - MARKET,0,0,0.11461508
AVGO,2023-10-19,0001140361-23-048712,-0.0122884466989438,-0.0083671364678491,2023,XGB A - MARKET,0,0,0.2544679
NFLX,2023-10-19,0001065280-23-000272,0.1699046838528121,0.0059291040066745,2023,XGB A - MARKET,1,0,0.43455976
TSLA,2023-10-19,0001628280-23-034588,-0.0836460577049078,-0.0125792401156,2023,XGB A - MARKET,0,0,0.3426805
NVDA,2023-10-24,0001045810-23-000221,0.0062813387042774,0.0090721852382542,2023,XGB A - MARKET,1,0,0.21574
GOOGL,2023-10-25,0001652044-23-000088,-0.0706179909738787,-0.002066873774713,2023,XGB A - MARKET,0,0,0.22987294
MSFT,2023-10-25,0000950170-23-054848,0.055153711915042,0.0052222588183123,2023,XGB A - MARKET,1,0,0.16912161
META,2023-10-26,0001326801-23-000100,-0.0182579428540037,-0.0069030547251518,2023,XGB A - MARKET,0,0,0.42675897
ADBE,2023-10-27,0000796343-23-000226,-0.0167791192109428,-0.0148926509675673,2023,XGB A - MARKET,0,1,0.5157411
AMZN,2023-10-27,0001018724-23-000016,0.0635270182582283,0.0154358224971135,2023,XGB A - MARKET,1,0,0.41251922
INTC,2023-10-27,0000050863-23-000100,0.0880646751163118,0.0286224912416522,2023,XGB A - MARKET,1,1,0.5266951
MSFT,2023-10-30,0001193125-23-265616,0.0114748285087669,0.0077585116432334,2023,XGB A - MARKET,1,0,0.16790453
AVGO,2023-10-31,0001140361-23-050217,-0.0046394434065792,-0.0076821581648375,2023,XGB A - MARKET,0,0,0.40871975
INTC,2023-10-31,0000050863-23-000109,0.0179131352807329,0.0188598092051881,2023,XGB A - MARKET,1,1,0.56059855
AMD,2023-11-01,0000002488-23-000192,0.0794961599914265,0.0810644721714186,2023,XGB A - MARKET,1,0,0.19891694
AMZN,2023-11-02,0001104659-23-113444,-0.0103430414359735,-0.0100126388487968,2023,XGB A - MARKET,0,0,0.31959423
QCOM,2023-11-02,0000804328-23-000054,0.0401928728476417,-0.0104260910372055,2023,XGB A - MARKET,0,0,0.25739145
AAPL,2023-11-03,0000320193-23-000104,-0.0169300059307896,0.0057163058597877,2023,XGB A - MARKET,1,0,0.33814082
MSFT,2023-11-07,0001193125-23-271376,0.0017667309806421,-0.0034186986032804,2023,XGB A - MARKET,0,1,0.59882796
AVGO,2023-11-22,0001140361-23-054354,-0.0134692814063422,-0.0105780804862856,2023,XGB A - MARKET,0,1,0.57562125
NVDA,2023-11-22,0001045810-23-000225,-0.0286805560808804,-0.0214816733095978,2023,XGB A - MARKET,0,1,0.51809764
INTC,2023-12-06,0000050863-23-000128,-0.0097218902060801,-0.015108612194558,2023,XGB A - MARKET,0,0,0.28493702
AVGO,2023-12-08,0001730168-23-000093,0.0194412139707647,0.0087351001326707,2023,XGB A - MARKET,1,1,0.61858726
MSFT,2023-12-11,0001193125-23-291720,-0.0163715839149479,-0.00199625623182,2023,XGB A - MARKET,0,1,0.57738215
NFLX,2023-12-11,0001065280-23-000334,0.0049671978177439,-0.0084955276181191,2023,XGB A - MARKET,0,0,0.3380556
ADBE,2023-12-14,0000796343-23-000252,-0.0626001880030415,-0.0101716723957256,2023,XGB A - MARKET,0,0,0.3213359
ADBE,2023-12-18,0000796343-23-000254,0.0184155250957505,0.0075555910524478,2023,XGB A - MARKET,1,0,0.42258602
TSLA,2023-01-03,0001564590-23-000002,-0.1156624860226348,-0.0720107395275778,2023,XGB B - MARKET + SEC,0,0,0.37691534
AMZN,2023-01-04,0001193125-23-000849,-0.0126876408399162,-0.0129157740059399,2023,XGB B - MARKET + SEC,0,0,0.15706077
AMZN,2023-01-09,0001193125-23-003621,0.0083963791381691,-7.26610642479697e-05,2023,XGB B - MARKET + SEC,0,0,0.09579495
NFLX,2023-01-10,0001065280-23-000033,0.0307843939834469,0.0405525545982103,2023,XGB B - MARKET + SEC,1,0,0.30238914
AMD,2023-01-12,0000002488-23-000003,0.019791102730847,0.0070743471655714,2023,XGB B - MARKET + SEC,1,0,0.25984174
ADBE,2023-01-20,0001193125-23-010953,0.0130675568418314,0.0169119459884681,2023,XGB B - MARKET + SEC,1,1,0.5562567
GOOGL,2023-01-20,0001193125-23-011424,0.026045161412773,0.0094248902763049,2023,XGB B - MARKET + SEC,1,1,0.505007
NFLX,2023-01-20,0001065280-23-000034,0.0572490265820655,-0.0043254532199215,2023,XGB B - MARKET + SEC,0,0,0.48902848
GOOGL,2023-01-25,0001652044-23-000005,-0.0231644469233743,-0.0176172626475952,2023,XGB B - MARKET + SEC,0,0,0.34153256
MSFT,2023-01-25,0001193125-23-014230,-0.003688560046954,0.0121879344250572,2023,XGB B - MARKET + SEC,1,0,0.38267386
TSLA,2023-01-26,0001564590-23-000799,0.0901750820045785,-0.0054043323110186,2023,XGB B - MARKET + SEC,0,0,0.30701473
ADBE,2023-01-27,0000796343-23-000011,0.0034130337334414,0.0052739242075479,2023,XGB B - MARKET + SEC,1,0,0.4210687
INTC,2023-01-27,0000050863-23-000005,-0.0740950349112492,0.0256769086473362,2023,XGB B - MARKET + SEC,1,0,0.23010617
AMD,2023-02-01,0000002488-23-000007,0.1048972199729882,0.0565166972239445,2023,XGB B - MARKET + SEC,1,0,0.4283225
META,2023-02-02,0001326801-23-000015,0.1969341805130866,0.0158996709095216,2023,XGB B - MARKET + SEC,1,0,0.23463157
AAPL,2023-02-03,0000320193-23-000005,0.0421727178443979,0.0396410235680864,2023,XGB B - MARKET + SEC,1,0,0.4896146
AMZN,2023-02-03,0001018724-23-000002,-0.0665420767107707,-0.0218319003543158,2023,XGB B - MARKET + SEC,0,0,0.23807058
GOOGL,2023-02-03,0001652044-23-000013,-0.0097006411015775,0.0139070234336826,2023,XGB B - MARKET + SEC,1,0,0.27722326
QCOM,2023-02-03,0000804328-23-000005,0.0116632618341803,0.0253633663543237,2023,XGB B - MARKET + SEC,1,0,0.4427125
INTC,2023-02-13,0001193125-23-032608,0.0109625490155056,0.0132077736207554,2023,XGB B - MARKET + SEC,1,0,0.27784947
META,2023-02-14,0001326801-23-000019,-0.0071106667692597,0.0003516103807958,2023,XGB B - MARKET + SEC,1,1,0.60374224
META,2023-02-16,0001326801-23-000023,-0.0078781083747686,0.0017537658320269,2023,XGB B - MARKET + SEC,1,1,0.5561105
AMD,2023-02-22,0000002488-23-000040,-0.002832042904912,-0.0029037832030454,2023,XGB B - MARKET + SEC,0,1,0.6436353
NVDA,2023-02-23,0001045810-23-000014,0.1314796732369261,0.0134157005515644,2023,XGB B - MARKET + SEC,1,0,0.26928115
NFLX,2023-02-27,0001065280-23-000062,0.0113790277894145,0.0012359943514402,2023,XGB B - MARKET + SEC,1,1,0.5689422
AVGO,2023-03-03,0001730168-23-000004,0.036304244985005,0.0098576779317773,2023,XGB B - MARKET + SEC,1,0,0.455036
NVDA,2023-03-09,0001045810-23-000039,-0.0134832812365488,-0.0115629621939261,2023,XGB B - MARKET + SEC,0,1,0.5409527
QCOM,2023-03-10,0000804328-23-000014,-0.0032742910351497,-0.0053771953683138,2023,XGB B - MARKET + SEC,0,1,0.70208305
AAPL,2023-03-13,0001140361-23-011192,0.0058495767557158,0.004185229204535,2023,XGB B - MARKET + SEC,1,1,0.60480434
ADBE,2023-03-16,0000796343-23-000044,0.0326300284227003,-0.0042568429343836,2023,XGB B - MARKET + SEC,0,0,0.36975577
TSLA,2023-04-03,0001564590-23-005126,-0.0587379920681228,-0.0300407222817098,2023,XGB B - MARKET + SEC,0,0,0.27920383
TSLA,2023-04-06,0001564590-23-005462,-0.0092216572279802,-0.0013095626006749,2023,XGB B - MARKET + SEC,0,1,0.55906385
AVGO,2023-04-10,0001730168-23-000052,0.0081949810147982,0.0062251401938429,2023,XGB B - MARKET + SEC,1,0,0.19467202
META,2023-04-11,0001326801-23-000038,0.0022265981036951,-0.0012717866948718,2023,XGB B - MARKET + SEC,0,1,0.55944246
AMZN,2023-04-13,0001104659-23-044715,0.0271315497467332,0.0210808380159321,2023,XGB B - MARKET + SEC,1,1,0.5826523
NFLX,2023-04-19,0001065280-23-000119,-0.0312345844131969,-0.010631065051982,2023,XGB B - MARKET + SEC,0,0,0.14099531
TSLA,2023-04-20,0001564590-23-005959,-0.0898338509164068,-0.0210058949076691,2023,XGB B - MARKET + SEC,0,0,0.20025891
GOOGL,2023-04-21,0001652044-23-000034,9.635682347419738e-05,-0.0027846219668283,2023,XGB B - MARKET + SEC,0,0,0.38273942
GOOGL,2023-04-24,0001193125-23-110657,0.0073971460599369,0.0059093281773334,2023,XGB B - MARKET + SEC,1,1,0.62997
ADBE,2023-04-25,0000796343-23-000084,-0.0016747468953407,0.0028688305451172,2023,XGB B - MARKET + SEC,1,0,0.24621555
GOOGL,2023-04-26,0001652044-23-000041,-0.0074125529130505,-0.0065236312817857,2023,XGB B - MARKET + SEC,0,0,0.4848913
MSFT,2023-04-26,0001193125-23-115280,0.0663702873324159,0.0005262566423006,2023,XGB B - MARKET + SEC,1,1,0.5352426
META,2023-04-27,0001326801-23-000063,0.1120639737781477,-0.020273368771846,2023,XGB B - MARKET + SEC,0,0,0.1609149
AMZN,2023-04-28,0001018724-23-000006,-0.0466911150938218,-0.0288177375455369,2023,XGB B - MARKET + SEC,0,0,0.1496012
INTC,2023-04-28,0000050863-23-000027,0.0332888165939835,-0.0364216403375011,2023,XGB B - MARKET + SEC,0,0,0.46149588
AMD,2023-05-03,0000002488-23-000074,-0.0856594537141515,-0.0152894961531212,2023,XGB B - MARKET + SEC,0,0,0.48803106
META,2023-05-04,0001193125-23-134410,-0.0112782936674858,-0.0079529582994017,2023,XGB B - MARKET + SEC,0,1,0.5206799
QCOM,2023-05-04,0000804328-23-000022,-0.0518631415817621,0.0273191792245914,2023,XGB B - MARKET + SEC,1,0,0.14462827
AAPL,2023-05-05,0000320193-23-000063,0.0256724402288117,0.0012691383248919,2023,XGB B - MARKET + SEC,1,0,0.22193888
AAPL,2023-05-11,0001140361-23-023909,-0.0021652177173392,-0.0021103985939553,2023,XGB B - MARKET + SEC,0,1,0.53504777
INTC,2023-05-17,0000050863-23-000057,-0.0240821783586867,-0.0307930398179215,2023,XGB B - MARKET + SEC,0,0,0.33006442
AVGO,2023-05-23,0001730168-23-000054,0.0246609698157997,0.0015378538156908,2023,XGB B - MARKET + SEC,1,1,0.6691394
TSLA,2023-05-23,0001564590-23-007379,-0.0037371727338172,0.0052230092126488,2023,XGB B - MARKET + SEC,1,0,0.3242178
AMD,2023-05-24,0001193125-23-151810,0.0065167645276903,0.0207628132604171,2023,XGB B - MARKET + SEC,1,1,0.5468553
NVDA,2023-05-25,0001045810-23-000087,0.2193636281413169,-0.0158056253594253,2023,XGB B - MARKET + SEC,0,0,0.2780487
AMZN,2023-05-30,0001104659-23-065457,0.0083696886722113,0.0019379464981017,2023,XGB B - MARKET + SEC,1,0,0.2615757
AVGO,2023-06-02,0001730168-23-000062,0.0204133015688046,0.0246135061700552,2023,XGB B - MARKET + SEC,1,0,0.27510247
META,2023-06-02,0001326801-23-000083,-0.0074997429598375,-0.0025859503346447,2023,XGB B - MARKET + SEC,0,0,0.38735697
NFLX,2023-06-07,0001065280-23-000173,0.01816757671609,-0.0082045797704944,2023,XGB B - MARKET + SEC,0,0,0.4409006
GOOGL,2023-06-09,0001193125-23-163590,-0.0030860725402626,0.0002030212928941,2023,XGB B - MARKET + SEC,1,0,0.44505078
ADBE,2023-06-16,0000796343-23-000133,0.014990951110978,-0.0316268054016003,2023,XGB B - MARKET + SEC,0,1,0.5094322
NVDA,2023-06-28,0001045810-23-000146,-0.0200767039267372,0.0041673585470676,2023,XGB B - MARKET + SEC,1,0,0.3293531
TSLA,2023-07-03,0000950170-23-031241,0.0665986854549824,0.0114494120436481,2023,XGB B - MARKET + SEC,1,1,0.58719355
MSFT,2023-07-05,0001193125-23-181341,0.0005004739878785,0.0048465775696648,2023,XGB B - MARKET + SEC,1,0,0.376504
AMD,2023-07-11,0000002488-23-000123,-0.0248385321263878,-0.006807377401649,2023,XGB B - MARKET + SEC,0,0,0.22503558
NFLX,2023-07-20,0001065280-23-000197,-0.061057964347201,-0.006142113688995,2023,XGB B - MARKET + SEC,0,0,0.42734718
TSLA,2023-07-20,0000950170-23-033544,-0.0743182954482134,-0.0443040034004684,2023,XGB B - MARKET + SEC,0,1,0.6504419
TSLA,2023-07-21,0000950170-23-033695,-0.0079554484795124,-0.0204138842705264,2023,XGB B - MARKET + SEC,0,1,0.5397144
QCOM,2023-07-24,0000804328-23-000033,-0.0065684745719806,-0.0039356729133458,2023,XGB B - MARKET + SEC,0,0,0.17208205
NVDA,2023-07-25,0001045810-23-000164,0.0171394451344162,0.0115667871783551,2023,XGB B - MARKET + SEC,1,0,0.23273486
GOOGL,2023-07-26,0001652044-23-000067,0.0610958891728896,-0.0056210323818488,2023,XGB B - MARKET + SEC,0,0,0.38810512
MSFT,2023-07-26,0000950170-23-034400,-0.034310902649988,-0.010219108377325,2023,XGB B - MARKET + SEC,0,1,0.7121232
META,2023-07-27,0001326801-23-000089,0.0463935093631231,-0.0244086357015217,2023,XGB B - MARKET + SEC,0,0,0.075384445
INTC,2023-07-28,0000050863-23-000068,0.0477765658727746,-0.0050196461714024,2023,XGB B - MARKET + SEC,0,0,0.17077103
AMD,2023-08-02,0000002488-23-000135,-0.0482088842918932,-0.0720198721771854,2023,XGB B - MARKET + SEC,0,0,0.16851284
QCOM,2023-08-03,0000804328-23-000042,-0.0801639818534351,0.0098161435414596,2023,XGB B - MARKET + SEC,1,0,0.45065424
AAPL,2023-08-04,0000320193-23-000075,-0.0433382634719031,-0.0091540276644959,2023,XGB B - MARKET + SEC,0,0,0.16370086
AMZN,2023-08-04,0001018724-23-000010,0.0873750758850028,-0.0006892485760171,2023,XGB B - MARKET + SEC,0,0,0.20689258
TSLA,2023-08-07,0000950170-23-038779,-0.0179601974231734,-0.0035037914343785,2023,XGB B - MARKET + SEC,0,0,0.26590478
INTC,2023-08-16,0000050863-23-000078,-0.0250739480828992,-0.0195775180111414,2023,XGB B - MARKET + SEC,0,0,0.48265734
AVGO,2023-08-17,0001140361-23-040084,0.0038521879863934,0.0035327170731977,2023,XGB B - MARKET + SEC,1,1,0.56340706
NVDA,2023-08-24,0001045810-23-000171,0.0223730774420519,-0.0301511489450569,2023,XGB B - MARKET + SEC,0,0,0.3342087
AVGO,2023-09-01,0001730168-23-000074,-0.0535204835952857,-0.0251565123774194,2023,XGB B - MARKET + SEC,0,0,0.23232639
NFLX,2023-09-11,0001065280-23-000236,-0.0060012285836754,0.0016812963585863,2023,XGB B - MARKET + SEC,1,0,0.2515045
AMZN,2023-09-14,0001018724-23-000014,-0.0090747963121458,-0.0058857364558924,2023,XGB B - MARKET + SEC,0,0,0.42038846
ADBE,2023-09-15,0000796343-23-000198,-0.02502054182054,0.0075157678680588,2023,XGB B - MARKET + SEC,1,0,0.37597647
TSLA,2023-10-02,0000950170-23-050938,-0.002830292489464,0.0201495047563271,2023,XGB B - MARKET + SEC,1,0,0.17633764
INTC,2023-10-06,0000050863-23-000092,-0.0083964910635536,-0.0165253219860828,2023,XGB B - MARKET + SEC,0,0,0.23311506
MSFT,2023-10-12,0001193125-23-254151,-0.0003152479384481,0.0066270581503058,2023,XGB B - MARKET + SEC,1,0,0.39017895
MSFT,2023-10-13,0001193125-23-255762,0.00221233460412,0.0002853355228754,2023,XGB B - MARKET + SEC,1,0,0.4095608
MSFT,2023-10-17,0001104659-23-109428,0.0015318703273898,0.0009606767851062,2023,XGB B - MARKET + SEC,1,1,0.52060187
NVDA,2023-10-18,0001045810-23-000217,-0.026529242653115,-0.0029843966530455,2023,XGB B - MARKET + SEC,0,0,0.08404467
AVGO,2023-10-19,0001140361-23-048712,-0.0122884466989438,-0.0083671364678491,2023,XGB B - MARKET + SEC,0,0,0.29368937
NFLX,2023-10-19,0001065280-23-000272,0.1699046838528121,0.0059291040066745,2023,XGB B - MARKET + SEC,1,1,0.5091146
TSLA,2023-10-19,0001628280-23-034588,-0.0836460577049078,-0.0125792401156,2023,XGB B - MARKET + SEC,0,0,0.2544686
NVDA,2023-10-24,0001045810-23-000221,0.0062813387042774,0.0090721852382542,2023,XGB B - MARKET + SEC,1,0,0.19067885
GOOGL,2023-10-25,0001652044-23-000088,-0.0706179909738787,-0.002066873774713,2023,XGB B - MARKET + SEC,0,0,0.24907568
MSFT,2023-10-25,0000950170-23-054848,0.055153711915042,0.0052222588183123,2023,XGB B - MARKET + SEC,1,0,0.18605267
META,2023-10-26,0001326801-23-000100,-0.0182579428540037,-0.0069030547251518,2023,XGB B - MARKET + SEC,0,0,0.31532934
ADBE,2023-10-27,0000796343-23-000226,-0.0167791192109428,-0.0148926509675673,2023,XGB B - MARKET + SEC,0,0,0.42156038
AMZN,2023-10-27,0001018724-23-000016,0.0635270182582283,0.0154358224971135,2023,XGB B - MARKET + SEC,1,0,0.34029618
INTC,2023-10-27,0000050863-23-000100,0.0880646751163118,0.0286224912416522,2023,XGB B - MARKET + SEC,1,0,0.42325
MSFT,2023-10-30,0001193125-23-265616,0.0114748285087669,0.0077585116432334,2023,XGB B - MARKET + SEC,1,0,0.33045143
AVGO,2023-10-31,0001140361-23-050217,-0.0046394434065792,-0.0076821581648375,2023,XGB B - MARKET + SEC,0,0,0.25890914
INTC,2023-10-31,0000050863-23-000109,0.0179131352807329,0.0188598092051881,2023,XGB B - MARKET + SEC,1,1,0.61308014
AMD,2023-11-01,0000002488-23-000192,0.0794961599914265,0.0810644721714186,2023,XGB B - MARKET + SEC,1,0,0.19343399
AMZN,2023-11-02,0001104659-23-113444,-0.0103430414359735,-0.0100126388487968,2023,XGB B - MARKET + SEC,0,0,0.30274582
QCOM,2023-11-02,0000804328-23-000054,0.0401928728476417,-0.0104260910372055,2023,XGB B - MARKET + SEC,0,0,0.27074128
AAPL,2023-11-03,0000320193-23-000104,-0.0169300059307896,0.0057163058597877,2023,XGB B - MARKET + SEC,1,0,0.41872168
MSFT,2023-11-07,0001193125-23-271376,0.0017667309806421,-0.0034186986032804,2023,XGB B - MARKET + SEC,0,0,0.46398985
AVGO,2023-11-22,0001140361-23-054354,-0.0134692814063422,-0.0105780804862856,2023,XGB B - MARKET + SEC,0,1,0.56214684
NVDA,2023-11-22,0001045810-23-000225,-0.0286805560808804,-0.0214816733095978,2023,XGB B - MARKET + SEC,0,1,0.5088823
INTC,2023-12-06,0000050863-23-000128,-0.0097218902060801,-0.015108612194558,2023,XGB B - MARKET + SEC,0,0,0.2968558
AVGO,2023-12-08,0001730168-23-000093,0.0194412139707647,0.0087351001326707,2023,XGB B - MARKET + SEC,1,1,0.69548786
MSFT,2023-12-11,0001193125-23-291720,-0.0163715839149479,-0.00199625623182,2023,XGB B - MARKET + SEC,0,0,0.42642185
NFLX,2023-12-11,0001065280-23-000334,0.0049671978177439,-0.0084955276181191,2023,XGB B - MARKET + SEC,0,0,0.3383266
ADBE,2023-12-14,0000796343-23-000252,-0.0626001880030415,-0.0101716723957256,2023,XGB B - MARKET + SEC,0,0,0.324635
ADBE,2023-12-18,0000796343-23-000254,0.0184155250957505,0.0075555910524478,2023,XGB B - MARKET + SEC,1,0,0.3911571
TSLA,2023-01-03,0001564590-23-000002,-0.1156624860226348,-0.0720107395275778,2023,XGB C - MARKET + SEC + FINBERT,0,0,0.36379346
AMZN,2023-01-04,0001193125-23-000849,-0.0126876408399162,-0.0129157740059399,2023,XGB C - MARKET + SEC + FINBERT,0,0,0.173589
AMZN,2023-01-09,0001193125-23-003621,0.0083963791381691,-7.26610642479697e-05,2023,XGB C - MARKET + SEC + FINBERT,0,0,0.09130488
NFLX,2023-01-10,0001065280-23-000033,0.0307843939834469,0.0405525545982103,2023,XGB C - MARKET + SEC + FINBERT,1,0,0.24122041
AMD,2023-01-12,0000002488-23-000003,0.019791102730847,0.0070743471655714,2023,XGB C - MARKET + SEC + FINBERT,1,0,0.25670448
ADBE,2023-01-20,0001193125-23-010953,0.0130675568418314,0.0169119459884681,2023,XGB C - MARKET + SEC + FINBERT,1,0,0.43678328
GOOGL,2023-01-20,0001193125-23-011424,0.026045161412773,0.0094248902763049,2023,XGB C - MARKET + SEC + FINBERT,1,0,0.47015905
NFLX,2023-01-20,0001065280-23-000034,0.0572490265820655,-0.0043254532199215,2023,XGB C - MARKET + SEC + FINBERT,0,0,0.38692853
GOOGL,2023-01-25,0001652044-23-000005,-0.0231644469233743,-0.0176172626475952,2023,XGB C - MARKET + SEC + FINBERT,0,0,0.37977108
MSFT,2023-01-25,0001193125-23-014230,-0.003688560046954,0.0121879344250572,2023,XGB C - MARKET + SEC + FINBERT,1,1,0.5899318
TSLA,2023-01-26,0001564590-23-000799,0.0901750820045785,-0.0054043323110186,2023,XGB C - MARKET + SEC + FINBERT,0,0,0.31465834
ADBE,2023-01-27,0000796343-23-000011,0.0034130337334414,0.0052739242075479,2023,XGB C - MARKET + SEC + FINBERT,1,1,0.5910172
INTC,2023-01-27,0000050863-23-000005,-0.0740950349112492,0.0256769086473362,2023,XGB C - MARKET + SEC + FINBERT,1,0,0.32026544
AMD,2023-02-01,0000002488-23-000007,0.1048972199729882,0.0565166972239445,2023,XGB C - MARKET + SEC + FINBERT,1,0,0.45599163
META,2023-02-02,0001326801-23-000015,0.1969341805130866,0.0158996709095216,2023,XGB C - MARKET + SEC + FINBERT,1,0,0.29995218
AAPL,2023-02-03,0000320193-23-000005,0.0421727178443979,0.0396410235680864,2023,XGB C - MARKET + SEC + FINBERT,1,0,0.4453647
AMZN,2023-02-03,0001018724-23-000002,-0.0665420767107707,-0.0218319003543158,2023,XGB C - MARKET + SEC + FINBERT,0,0,0.20768854
GOOGL,2023-02-03,0001652044-23-000013,-0.0097006411015775,0.0139070234336826,2023,XGB C - MARKET + SEC + FINBERT,1,0,0.26931107
QCOM,2023-02-03,0000804328-23-000005,0.0116632618341803,0.0253633663543237,2023,XGB C - MARKET + SEC + FINBERT,1,0,0.4427839
INTC,2023-02-13,0001193125-23-032608,0.0109625490155056,0.0132077736207554,2023,XGB C - MARKET + SEC + FINBERT,1,0,0.41630268
META,2023-02-14,0001326801-23-000019,-0.0071106667692597,0.0003516103807958,2023,XGB C - MARKET + SEC + FINBERT,1,0,0.49995255
META,2023-02-16,0001326801-23-000023,-0.0078781083747686,0.0017537658320269,2023,XGB C - MARKET + SEC + FINBERT,1,1,0.5537705
AMD,2023-02-22,0000002488-23-000040,-0.002832042904912,-0.0029037832030454,2023,XGB C - MARKET + SEC + FINBERT,0,1,0.77914613
NVDA,2023-02-23,0001045810-23-000014,0.1314796732369261,0.0134157005515644,2023,XGB C - MARKET + SEC + FINBERT,1,0,0.20959565
NFLX,2023-02-27,0001065280-23-000062,0.0113790277894145,0.0012359943514402,2023,XGB C - MARKET + SEC + FINBERT,1,1,0.61083066
AVGO,2023-03-03,0001730168-23-000004,0.036304244985005,0.0098576779317773,2023,XGB C - MARKET + SEC + FINBERT,1,0,0.4595724
NVDA,2023-03-09,0001045810-23-000039,-0.0134832812365488,-0.0115629621939261,2023,XGB C - MARKET + SEC + FINBERT,0,1,0.67554706
QCOM,2023-03-10,0000804328-23-000014,-0.0032742910351497,-0.0053771953683138,2023,XGB C - MARKET + SEC + FINBERT,0,1,0.7036592
AAPL,2023-03-13,0001140361-23-011192,0.0058495767557158,0.004185229204535,2023,XGB C - MARKET + SEC + FINBERT,1,0,0.38191184
ADBE,2023-03-16,0000796343-23-000044,0.0326300284227003,-0.0042568429343836,2023,XGB C - MARKET + SEC + FINBERT,0,0,0.3132132
TSLA,2023-04-03,0001564590-23-005126,-0.0587379920681228,-0.0300407222817098,2023,XGB C - MARKET + SEC + FINBERT,0,0,0.4301579
TSLA,2023-04-06,0001564590-23-005462,-0.0092216572279802,-0.0013095626006749,2023,XGB C - MARKET + SEC + FINBERT,0,0,0.4389021
AVGO,2023-04-10,0001730168-23-000052,0.0081949810147982,0.0062251401938429,2023,XGB C - MARKET + SEC + FINBERT,1,0,0.103980854
META,2023-04-11,0001326801-23-000038,0.0022265981036951,-0.0012717866948718,2023,XGB C - MARKET + SEC + FINBERT,0,0,0.499582
AMZN,2023-04-13,0001104659-23-044715,0.0271315497467332,0.0210808380159321,2023,XGB C - MARKET + SEC + FINBERT,1,1,0.52614284
NFLX,2023-04-19,0001065280-23-000119,-0.0312345844131969,-0.010631065051982,2023,XGB C - MARKET + SEC + FINBERT,0,0,0.08403217
TSLA,2023-04-20,0001564590-23-005959,-0.0898338509164068,-0.0210058949076691,2023,XGB C - MARKET + SEC + FINBERT,0,0,0.24681038
GOOGL,2023-04-21,0001652044-23-000034,9.635682347419738e-05,-0.0027846219668283,2023,XGB C - MARKET + SEC + FINBERT,0,0,0.3118036
GOOGL,2023-04-24,0001193125-23-110657,0.0073971460599369,0.0059093281773334,2023,XGB C - MARKET + SEC + FINBERT,1,1,0.59780586
ADBE,2023-04-25,0000796343-23-000084,-0.0016747468953407,0.0028688305451172,2023,XGB C - MARKET + SEC + FINBERT,1,0,0.21668066
GOOGL,2023-04-26,0001652044-23-000041,-0.0074125529130505,-0.0065236312817857,2023,XGB C - MARKET + SEC + FINBERT,0,0,0.38755745
MSFT,2023-04-26,0001193125-23-115280,0.0663702873324159,0.0005262566423006,2023,XGB C - MARKET + SEC + FINBERT,1,0,0.44603184
META,2023-04-27,0001326801-23-000063,0.1120639737781477,-0.020273368771846,2023,XGB C - MARKET + SEC + FINBERT,0,0,0.16675076
AMZN,2023-04-28,0001018724-23-000006,-0.0466911150938218,-0.0288177375455369,2023,XGB C - MARKET + SEC + FINBERT,0,0,0.21288013
INTC,2023-04-28,0000050863-23-000027,0.0332888165939835,-0.0364216403375011,2023,XGB C - MARKET + SEC + FINBERT,0,0,0.48902833
AMD,2023-05-03,0000002488-23-000074,-0.0856594537141515,-0.0152894961531212,2023,XGB C - MARKET + SEC + FINBERT,0,0,0.48126695
META,2023-05-04,0001193125-23-134410,-0.0112782936674858,-0.0079529582994017,2023,XGB C - MARKET + SEC + FINBERT,0,1,0.5070836
QCOM,2023-05-04,0000804328-23-000022,-0.0518631415817621,0.0273191792245914,2023,XGB C - MARKET + SEC + FINBERT,1,0,0.1432287
AAPL,2023-05-05,0000320193-23-000063,0.0256724402288117,0.0012691383248919,2023,XGB C - MARKET + SEC + FINBERT,1,0,0.17338802
AAPL,2023-05-11,0001140361-23-023909,-0.0021652177173392,-0.0021103985939553,2023,XGB C - MARKET + SEC + FINBERT,0,1,0.71899813
INTC,2023-05-17,0000050863-23-000057,-0.0240821783586867,-0.0307930398179215,2023,XGB C - MARKET + SEC + FINBERT,0,0,0.35317728
AVGO,2023-05-23,0001730168-23-000054,0.0246609698157997,0.0015378538156908,2023,XGB C - MARKET + SEC + FINBERT,1,1,0.57154614
TSLA,2023-05-23,0001564590-23-007379,-0.0037371727338172,0.0052230092126488,2023,XGB C - MARKET + SEC + FINBERT,1,0,0.30017808
AMD,2023-05-24,0001193125-23-151810,0.0065167645276903,0.0207628132604171,2023,XGB C - MARKET + SEC + FINBERT,1,1,0.58523726
NVDA,2023-05-25,0001045810-23-000087,0.2193636281413169,-0.0158056253594253,2023,XGB C - MARKET + SEC + FINBERT,0,0,0.21722615
AMZN,2023-05-30,0001104659-23-065457,0.0083696886722113,0.0019379464981017,2023,XGB C - MARKET + SEC + FINBERT,1,0,0.22666538
AVGO,2023-06-02,0001730168-23-000062,0.0204133015688046,0.0246135061700552,2023,XGB C - MARKET + SEC + FINBERT,1,0,0.33820954
META,2023-06-02,0001326801-23-000083,-0.0074997429598375,-0.0025859503346447,2023,XGB C - MARKET + SEC + FINBERT,0,0,0.37094823
NFLX,2023-06-07,0001065280-23-000173,0.01816757671609,-0.0082045797704944,2023,XGB C - MARKET + SEC + FINBERT,0,0,0.45191705
GOOGL,2023-06-09,0001193125-23-163590,-0.0030860725402626,0.0002030212928941,2023,XGB C - MARKET + SEC + FINBERT,1,0,0.39867216
ADBE,2023-06-16,0000796343-23-000133,0.014990951110978,-0.0316268054016003,2023,XGB C - MARKET + SEC + FINBERT,0,0,0.40347746
NVDA,2023-06-28,0001045810-23-000146,-0.0200767039267372,0.0041673585470676,2023,XGB C - MARKET + SEC + FINBERT,1,0,0.3719503
TSLA,2023-07-03,0000950170-23-031241,0.0665986854549824,0.0114494120436481,2023,XGB C - MARKET + SEC + FINBERT,1,1,0.56661534
MSFT,2023-07-05,0001193125-23-181341,0.0005004739878785,0.0048465775696648,2023,XGB C - MARKET + SEC + FINBERT,1,0,0.404561
AMD,2023-07-11,0000002488-23-000123,-0.0248385321263878,-0.006807377401649,2023,XGB C - MARKET + SEC + FINBERT,0,0,0.34869543
NFLX,2023-07-20,0001065280-23-000197,-0.061057964347201,-0.006142113688995,2023,XGB C - MARKET + SEC + FINBERT,0,0,0.36875328
TSLA,2023-07-20,0000950170-23-033544,-0.0743182954482134,-0.0443040034004684,2023,XGB C - MARKET + SEC + FINBERT,0,1,0.5706791
TSLA,2023-07-21,0000950170-23-033695,-0.0079554484795124,-0.0204138842705264,2023,XGB C - MARKET + SEC + FINBERT,0,1,0.5756295
QCOM,2023-07-24,0000804328-23-000033,-0.0065684745719806,-0.0039356729133458,2023,XGB C - MARKET + SEC + FINBERT,0,0,0.21140274
NVDA,2023-07-25,0001045810-23-000164,0.0171394451344162,0.0115667871783551,2023,XGB C - MARKET + SEC + FINBERT,1,0,0.34922278
GOOGL,2023-07-26,0001652044-23-000067,0.0610958891728896,-0.0056210323818488,2023,XGB C - MARKET + SEC + FINBERT,0,0,0.28456935
MSFT,2023-07-26,0000950170-23-034400,-0.034310902649988,-0.010219108377325,2023,XGB C - MARKET + SEC + FINBERT,0,0,0.44247788
META,2023-07-27,0001326801-23-000089,0.0463935093631231,-0.0244086357015217,2023,XGB C - MARKET + SEC + FINBERT,0,0,0.07976668
INTC,2023-07-28,0000050863-23-000068,0.0477765658727746,-0.0050196461714024,2023,XGB C - MARKET + SEC + FINBERT,0,0,0.1389492
AMD,2023-08-02,0000002488-23-000135,-0.0482088842918932,-0.0720198721771854,2023,XGB C - MARKET + SEC + FINBERT,0,0,0.14635962
QCOM,2023-08-03,0000804328-23-000042,-0.0801639818534351,0.0098161435414596,2023,XGB C - MARKET + SEC + FINBERT,1,1,0.577676
AAPL,2023-08-04,0000320193-23-000075,-0.0433382634719031,-0.0091540276644959,2023,XGB C - MARKET + SEC + FINBERT,0,0,0.15269104
AMZN,2023-08-04,0001018724-23-000010,0.0873750758850028,-0.0006892485760171,2023,XGB C - MARKET + SEC + FINBERT,0,0,0.1883757
TSLA,2023-08-07,0000950170-23-038779,-0.0179601974231734,-0.0035037914343785,2023,XGB C - MARKET + SEC + FINBERT,0,0,0.26424548
INTC,2023-08-16,0000050863-23-000078,-0.0250739480828992,-0.0195775180111414,2023,XGB C - MARKET + SEC + FINBERT,0,1,0.5087998
AVGO,2023-08-17,0001140361-23-040084,0.0038521879863934,0.0035327170731977,2023,XGB C - MARKET + SEC + FINBERT,1,0,0.43723333
NVDA,2023-08-24,0001045810-23-000171,0.0223730774420519,-0.0301511489450569,2023,XGB C - MARKET + SEC + FINBERT,0,0,0.26986703
AVGO,2023-09-01,0001730168-23-000074,-0.0535204835952857,-0.0251565123774194,2023,XGB C - MARKET + SEC + FINBERT,0,0,0.27002224
NFLX,2023-09-11,0001065280-23-000236,-0.0060012285836754,0.0016812963585863,2023,XGB C - MARKET + SEC + FINBERT,1,0,0.22681172
AMZN,2023-09-14,0001018724-23-000014,-0.0090747963121458,-0.0058857364558924,2023,XGB C - MARKET + SEC + FINBERT,0,0,0.37204477
ADBE,2023-09-15,0000796343-23-000198,-0.02502054182054,0.0075157678680588,2023,XGB C - MARKET + SEC + FINBERT,1,0,0.32897648
TSLA,2023-10-02,0000950170-23-050938,-0.002830292489464,0.0201495047563271,2023,XGB C - MARKET + SEC + FINBERT,1,0,0.15456042
INTC,2023-10-06,0000050863-23-000092,-0.0083964910635536,-0.0165253219860828,2023,XGB C - MARKET + SEC + FINBERT,0,0,0.17841844
MSFT,2023-10-12,0001193125-23-254151,-0.0003152479384481,0.0066270581503058,2023,XGB C - MARKET + SEC + FINBERT,1,1,0.54525405
MSFT,2023-10-13,0001193125-23-255762,0.00221233460412,0.0002853355228754,2023,XGB C - MARKET + SEC + FINBERT,1,0,0.4159633
MSFT,2023-10-17,0001104659-23-109428,0.0015318703273898,0.0009606767851062,2023,XGB C - MARKET + SEC + FINBERT,1,1,0.5509575
NVDA,2023-10-18,0001045810-23-000217,-0.026529242653115,-0.0029843966530455,2023,XGB C - MARKET + SEC + FINBERT,0,0,0.051216166
AVGO,2023-10-19,0001140361-23-048712,-0.0122884466989438,-0.0083671364678491,2023,XGB C - MARKET + SEC + FINBERT,0,0,0.20712405
NFLX,2023-10-19,0001065280-23-000272,0.1699046838528121,0.0059291040066745,2023,XGB C - MARKET + SEC + FINBERT,1,0,0.4122631
TSLA,2023-10-19,0001628280-23-034588,-0.0836460577049078,-0.0125792401156,2023,XGB C - MARKET + SEC + FINBERT,0,0,0.2818411
NVDA,2023-10-24,0001045810-23-000221,0.0062813387042774,0.0090721852382542,2023,XGB C - MARKET + SEC + FINBERT,1,0,0.10052657
GOOGL,2023-10-25,0001652044-23-000088,-0.0706179909738787,-0.002066873774713,2023,XGB C - MARKET + SEC + FINBERT,0,0,0.19617628
MSFT,2023-10-25,0000950170-23-054848,0.055153711915042,0.0052222588183123,2023,XGB C - MARKET + SEC + FINBERT,1,0,0.12509152
META,2023-10-26,0001326801-23-000100,-0.0182579428540037,-0.0069030547251518,2023,XGB C - MARKET + SEC + FINBERT,0,0,0.40261978
ADBE,2023-10-27,0000796343-23-000226,-0.0167791192109428,-0.0148926509675673,2023,XGB C - MARKET + SEC + FINBERT,0,1,0.50491184
AMZN,2023-10-27,0001018724-23-000016,0.0635270182582283,0.0154358224971135,2023,XGB C - MARKET + SEC + FINBERT,1,0,0.41579774
INTC,2023-10-27,0000050863-23-000100,0.0880646751163118,0.0286224912416522,2023,XGB C - MARKET + SEC + FINBERT,1,0,0.44814616
MSFT,2023-10-30,0001193125-23-265616,0.0114748285087669,0.0077585116432334,2023,XGB C - MARKET + SEC + FINBERT,1,0,0.32152694
AVGO,2023-10-31,0001140361-23-050217,-0.0046394434065792,-0.0076821581648375,2023,XGB C - MARKET + SEC + FINBERT,0,0,0.31666115
INTC,2023-10-31,0000050863-23-000109,0.0179131352807329,0.0188598092051881,2023,XGB C - MARKET + SEC + FINBERT,1,1,0.51007646
AMD,2023-11-01,0000002488-23-000192,0.0794961599914265,0.0810644721714186,2023,XGB C - MARKET + SEC + FINBERT,1,0,0.2227823
AMZN,2023-11-02,0001104659-23-113444,-0.0103430414359735,-0.0100126388487968,2023,XGB C - MARKET + SEC + FINBERT,0,0,0.2539646
QCOM,2023-11-02,0000804328-23-000054,0.0401928728476417,-0.0104260910372055,2023,XGB C - MARKET + SEC + FINBERT,0,0,0.46576405
AAPL,2023-11-03,0000320193-23-000104,-0.0169300059307896,0.0057163058597877,2023,XGB C - MARKET + SEC + FINBERT,1,0,0.4075773
MSFT,2023-11-07,0001193125-23-271376,0.0017667309806421,-0.0034186986032804,2023,XGB C - MARKET + SEC + FINBERT,0,0,0.39225343
AVGO,2023-11-22,0001140361-23-054354,-0.0134692814063422,-0.0105780804862856,2023,XGB C - MARKET + SEC + FINBERT,0,0,0.44868737
NVDA,2023-11-22,0001045810-23-000225,-0.0286805560808804,-0.0214816733095978,2023,XGB C - MARKET + SEC + FINBERT,0,0,0.47532803
INTC,2023-12-06,0000050863-23-000128,-0.0097218902060801,-0.015108612194558,2023,XGB C - MARKET + SEC + FINBERT,0,0,0.19624256
AVGO,2023-12-08,0001730168-23-000093,0.0194412139707647,0.0087351001326707,2023,XGB C - MARKET + SEC + FINBERT,1,1,0.62769735
MSFT,2023-12-11,0001193125-23-291720,-0.0163715839149479,-0.00199625623182,2023,XGB C - MARKET + SEC + FINBERT,0,0,0.3761438
NFLX,2023-12-11,0001065280-23-000334,0.0049671978177439,-0.0084955276181191,2023,XGB C - MARKET + SEC + FINBERT,0,0,0.3051059
ADBE,2023-12-14,0000796343-23-000252,-0.0626001880030415,-0.0101716723957256,2023,XGB C - MARKET + SEC + FINBERT,0,0,0.33740363
ADBE,2023-12-18,0000796343-23-000254,0.0184155250957505,0.0075555910524478,2023,XGB C - MARKET + SEC + FINBERT,1,0,0.2283825
TSLA,2024-01-03,0000950170-24-000282,-0.0295523615445163,-0.0226545171869674,2024,XGB A - MARKET,0,0,0.37578693
INTC,2024-01-04,0000050863-24-000003,0.0013208611358523,0.0255566563320699,2024,XGB A - MARKET,1,1,0.684279
META,2024-01-18,0001326801-24-000003,0.0068716760055087,0.0064735193915923,2024,XGB A - MARKET,1,0,0.42423487
MSFT,2024-01-22,0001193125-24-011295,-0.0067240263536275,-0.0048067416064173,2024,XGB A - MARKET,0,1,0.6042958
NFLX,2024-01-24,0001065280-24-000029,0.1014825439820832,0.017006963115941,2024,XGB A - MARKET,1,0,0.18547104
QCOM,2024-01-24,0000804328-24-000005,0.0001184438030557,0.0010533057587108,2024,XGB A - MARKET,1,1,0.52114314
TSLA,2024-01-25,0000950170-24-007073,-0.1224741103919198,-0.032577064875676,2024,XGB A - MARKET,0,0,0.39943364
INTC,2024-01-26,0000050863-24-000008,-0.11311396767197,-0.0105120305068941,2024,XGB A - MARKET,0,0,0.16668962
ADBE,2024-01-29,0000796343-24-000024,0.0163098929269993,0.0144373308886145,2024,XGB A - MARKET,1,1,0.5890703
AMD,2024-01-31,0000002488-24-000009,-0.0058118248488935,0.0209848452310299,2024,XGB A - MARKET,1,0,0.24195342
GOOGL,2024-01-31,0001652044-24-000014,-0.0554170976082305,-0.0152895973072105,2024,XGB A - MARKET,0,0,0.426073
MSFT,2024-01-31,0000950170-24-008809,-0.0073599426113252,-0.0138295124592655,2024,XGB A - MARKET,0,0,0.47713003
QCOM,2024-02-01,0000804328-24-000015,-0.0616038178342546,-0.0056746532812144,2024,XGB A - MARKET,0,0,0.324736
AAPL,2024-02-02,0000320193-24-000005,-0.0223056256506791,0.0210101241817823,2024,XGB A - MARKET,1,1,0.64425063
AMZN,2024-02-02,0001018724-24-000006,0.0617659743841729,0.003191932820876,2024,XGB A - MARKET,1,0,0.32619625
META,2024-02-02,0001326801-24-000010,0.1862757343741432,0.0211920178268043,2024,XGB A - MARKET,1,1,0.5783389
GOOGL,2024-02-09,0001652044-24-000032,0.0113344008513249,0.0086499390209007,2024,XGB A - MARKET,1,0,0.36259052
AVGO,2024-02-12,0001140361-24-006724,-0.0104551341500487,-0.0157256564809257,2024,XGB A - MARKET,0,0,0.45142302
META,2024-02-15,0001326801-24-000019,0.0197360446932637,0.0170505111918173,2024,XGB A - MARKET,1,1,0.70118594
INTC,2024-02-20,0000050863-24-000033,0.0307611358256039,0.0087445251734825,2024,XGB A - MARKET,1,0,0.25934038
AMD,2024-02-21,0001628280-24-005593,-0.0044479301244626,0.0070275638113204,2024,XGB A - MARKET,1,0,0.15536125
INTC,2024-02-22,0001193125-24-041435,-0.040547800162927,-0.0462879453259678,2024,XGB A - MARKET,0,0,0.24210005
NVDA,2024-02-22,0001045810-24-000028,0.1347332638011742,0.0385848126930625,2024,XGB A - MARKET,1,0,0.204809
AAPL,2024-02-29,0001140361-24-010155,-0.0122623659914666,-0.0046257155710164,2024,XGB A - MARKET,0,0,0.20754844
AVGO,2024-03-08,0001730168-24-000012,-0.0554224471998863,-0.0461141495697798,2024,XGB A - MARKET,0,0,0.29856128
QCOM,2024-03-08,0000804328-24-000020,-0.0148731793983257,-0.0090799956651966,2024,XGB A - MARKET,0,0,0.38107792
INTC,2024-03-14,0000050863-24-000036,-0.0085821928844943,-0.0057580097601842,2024,XGB A - MARKET,0,0,0.15120275
ADBE,2024-03-15,0000796343-24-000057,-0.1248298569156682,-0.0094400056454753,2024,XGB A - MARKET,0,0,0.305579
NVDA,2024-03-15,0001045810-24-000069,0.0106703355026588,0.0153640425589067,2024,XGB A - MARKET,1,0,0.33673933
INTC,2024-04-03,0000050863-24-000068,-0.0844017438350074,-0.0329987071827579,2024,XGB A - MARKET,0,1,0.6430229
TSLA,2024-04-03,0000950170-24-040274,0.0082580203888873,0.0194288222812655,2024,XGB A - MARKET,1,0,0.4752292
ADBE,2024-04-05,0001193125-24-087244,-0.0158691765647923,-0.0160580490812419,2024,XGB A - MARKET,0,0,0.4438722
AMZN,2024-04-11,0001104659-24-045915,0.0007029498870967,0.0007633825809041,2024,XGB A - MARKET,1,1,0.57544583
TSLA,2024-04-16,0000950170-24-044588,-0.0271548640353915,0.0018963927833401,2024,XGB A - MARKET,1,0,0.24686223
NFLX,2024-04-19,0001065280-24-000127,-0.0702437720797997,-0.0046812921519177,2024,XGB A - MARKET,0,0,0.20894997
ADBE,2024-04-22,0000796343-24-000086,-0.0060352250836583,-0.0107001995197877,2024,XGB A - MARKET,0,1,0.67784536
AVGO,2024-04-24,0001730168-24-000055,0.0027201450777365,-0.0016549510293677,2024,XGB A - MARKET,0,1,0.59324074
TSLA,2024-04-24,0000950170-24-046895,0.1172233513171765,-0.0004132962628813,2024,XGB A - MARKET,0,0,0.3591723
META,2024-04-25,0001326801-24-000044,-0.1007829608030361,0.0349861087075502,2024,XGB A - MARKET,1,0,0.085244834
GOOGL,2024-04-26,0001652044-24-000047,0.0868120421641083,-0.0217827495698069,2024,XGB A - MARKET,0,0,0.14683673
INTC,2024-04-26,0000050863-24-000074,-0.1074282051823032,-0.0047576405098448,2024,XGB A - MARKET,0,0,0.2846224
MSFT,2024-04-26,0000950170-24-048268,0.0028120551619008,-0.022097412596483,2024,XGB A - MARKET,0,0,0.24773745
AMD,2024-05-01,0000002488-24-000054,-0.0818590800234352,-0.022074577775313,2024,XGB A - MARKET,0,0,0.4210398
AMZN,2024-05-01,0001018724-24-000081,0.0300875954473209,-0.0106821667359587,2024,XGB A - MARKET,0,0,0.49152744
QCOM,2024-05-02,0000804328-24-000038,0.0846713010941171,0.0226242397234444,2024,XGB A - MARKET,1,0,0.34080592
AAPL,2024-05-03,0000320193-24-000067,0.0397179250576655,-0.0199132691270487,2024,XGB A - MARKET,0,0,0.4371973
AAPL,2024-05-06,0001140361-24-024352,-0.0200602371463446,-0.0102556996678071,2024,XGB A - MARKET,0,0,0.106685095
AMZN,2024-05-06,0001104659-24-057026,0.0024184940626126,0.0062452172000497,2024,XGB A - MARKET,1,0,0.39625013
INTC,2024-05-08,0000050863-24-000086,-0.0215737571910907,-0.0054606988313903,2024,XGB A - MARKET,0,0,0.16602649
QCOM,2024-05-09,0000804328-24-000042,-0.0022370849261215,-0.0041084857128144,2024,XGB A - MARKET,0,0,0.404158
INTC,2024-05-10,0000050863-24-000093,-0.0103340752317097,-0.0147412273626148,2024,XGB A - MARKET,0,0,0.34012502
AMD,2024-05-14,0000002488-24-000076,0.0108366496777008,0.0107381348325958,2024,XGB A - MARKET,1,0,0.1588745
AMZN,2024-05-15,0001104659-24-061143,-0.0214035124642162,-0.009860546649119,2024,XGB A - MARKET,0,1,0.5472556
NVDA,2024-05-23,0001045810-24-000113,0.0976949081129665,0.032318356080579,2024,XGB A - MARKET,1,0,0.28867638
AMZN,2024-05-28,0001104659-24-065117,0.0039677844666901,0.0112492411647011,2024,XGB A - MARKET,1,0,0.2112638
META,2024-06-03,0001326801-24-000057,0.0174655233768301,0.0172484635078848,2024,XGB A - MARKET,1,0,0.35876897
GOOGL,2024-06-05,0001193125-24-154725,-0.0108381991358403,-0.0109197376955498,2024,XGB A - MARKET,0,0,0.3309708
INTC,2024-06-05,0000050863-24-000103,0.0048153135408781,0.0047299658495167,2024,XGB A - MARKET,1,0,0.19363616
GOOGL,2024-06-10,0001193125-24-157498,0.000264694362364,-0.0062890735908762,2024,XGB A - MARKET,0,0,0.33904627
NFLX,2024-06-10,0001065280-24-000185,0.0006842006766056,-0.0010731280485969,2024,XGB A - MARKET,0,1,0.6147711
NVDA,2024-06-10,0001045810-24-000144,0.0034223695035195,0.0052792980574816,2024,XGB A - MARKET,1,1,0.71732754
AVGO,2024-06-13,0001730168-24-000077,0.1172669500798657,-0.016041214397465,2024,XGB A - MARKET,0,0,0.16419178
ADBE,2024-06-14,0000796343-24-000140,0.1399336504887722,-0.0149195157587632,2024,XGB A - MARKET,0,0,0.36917162
GOOGL,2024-06-14,0001193125-24-160721,0.004124415003359,0.009148267072816,2024,XGB A - MARKET,1,0,0.26229754
TSLA,2024-06-14,0001104659-24-071439,-0.029623659174497,-0.0475299992622972,2024,XGB A - MARKET,0,0,0.12240904
INTC,2024-06-17,0000050863-24-000110,0.0051556007241069,0.0094144253864987,2024,XGB A - MARKET,1,0,0.36095056
AMD,2024-07-03,0000002488-24-000109,-0.0108323814250977,-0.0117402818659907,2024,XGB A - MARKET,0,0,0.26379323
NVDA,2024-07-03,0001045810-24-000206,0.0373955067193187,0.0445006756655272,2024,XGB A - MARKET,1,0,0.46898296
AVGO,2024-07-08,0001140361-24-032566,0.0226025212638882,0.0223334843353208,2024,XGB A - MARKET,1,0,0.22780949
AVGO,2024-07-15,0001140361-24-033072,0.0052678441045099,0.0092791934059965,2024,XGB A - MARKET,1,1,0.5142662
ADBE,2024-07-19,0000796343-24-000173,-0.001641808140351,-0.0027004712311778,2024,XGB A - MARKET,0,1,0.5229297
NFLX,2024-07-19,0001065280-24-000199,-0.0062209463310989,-0.0331633223876491,2024,XGB A - MARKET,0,0,0.41354287
AMD,2024-07-23,0000002488-24-000115,-0.0084724167185586,-0.004489959833504,2024,XGB A - MARKET,0,1,0.54905754
GOOGL,2024-07-24,0001652044-24-000076,-0.0145173459168354,0.0164461240504198,2024,XGB A - MARKET,1,0,0.19994032
TSLA,2024-07-24,0001628280-24-032603,-0.0874758552348191,-0.0197993021608954,2024,XGB A - MARKET,0,0,0.41934577
AMD,2024-07-31,0000002488-24-000121,0.0140352718571412,-0.0483044049992547,2024,XGB A - MARKET,0,0,0.48844242
MSFT,2024-07-31,0000950170-24-087835,-0.0403994612618912,-0.0119524791087044,2024,XGB A - MARKET,0,1,0.6237611
META,2024-08-01,0001326801-24-000065,0.0724702601260065,-0.0189962850657215,2024,XGB A - MARKET,0,0,0.38248935
QCOM,2024-08-01,0000804328-24-000055,-0.0694507007604851,-0.0195306421387311,2024,XGB A - MARKET,0,0,0.43092337
AAPL,2024-08-02,0000320193-24-000080,0.0306042309299121,0.0079860218465118,2024,XGB A - MARKET,1,1,0.781925
AMZN,2024-08-02,0001018724-24-000128,-0.0641121876767938,0.0116427161435751,2024,XGB A - MARKET,1,0,0.498812
INTC,2024-08-02,0000050863-24-000122,-0.2368502490991094,-0.0162201153234435,2024,XGB A - MARKET,0,0,0.46345973
NFLX,2024-08-02,0001140361-24-035325,0.0057945558366498,-0.0070738441437668,2024,XGB A - MARKET,0,1,0.52944934
GOOGL,2024-08-06,0001652044-24-000085,-0.0155834658884495,-0.0117877479807448,2024,XGB A - MARKET,0,0,0.35302833
ADBE,2024-08-09,0000796343-24-000192,0.006206337965156,0.0074660641034229,2024,XGB A - MARKET,1,0,0.28824046
META,2024-08-12,0001193125-24-197873,-0.0056686381894932,-0.0017384041711793,2024,XGB A - MARKET,0,0,0.4262116
QCOM,2024-08-12,0000804328-24-000061,-0.0118202036782681,0.0145338960687355,2024,XGB A - MARKET,1,0,0.40993968
AMD,2024-08-19,0001193125-24-202457,0.0320981939885101,0.0333122845499129,2024,XGB A - MARKET,1,0,0.31610915
MSFT,2024-08-22,0001193125-24-204403,-0.0043979583433071,-0.0001559542656064,2024,XGB A - MARKET,0,1,0.6297642
INTC,2024-08-23,0000050863-24-000134,0.0110450938530819,0.0092409672270856,2024,XGB A - MARKET,1,0,0.3829302
AAPL,2024-08-26,0001140361-24-038403,0.0112071583591698,0.010424525817929,2024,XGB A - MARKET,1,1,0.6722944
AAPL,2024-08-27,0001140361-24-038601,0.0007542711733212,0.0025012481564683,2024,XGB A - MARKET,1,1,0.69459677
NVDA,2024-08-29,0001045810-24-000262,-0.0623846340010401,-0.0255288115141936,2024,XGB A - MARKET,0,0,0.19829877
AVGO,2024-09-06,0001730168-24-000095,-0.0767332384895764,-0.018343843467267,2024,XGB A - MARKET,0,0,0.28720775
AAPL,2024-09-10,0001140361-24-040659,-0.0128632516445373,0.000131531432435,2024,XGB A - MARKET,1,0,0.370373
META,2024-09-11,0001326801-24-000072,-0.0077691247511657,-0.0094317993192933,2024,XGB A - MARKET,0,0,0.27186996
ADBE,2024-09-13,0000796343-24-000200,-0.0891786499822013,0.0020208978330698,2024,XGB A - MARKET,1,0,0.36074442
GOOGL,2024-09-24,0001652044-24-000097,-0.0021050517793912,-0.0064174632666135,2024,XGB A - MARKET,0,0,0.22285235
TSLA,2024-10-02,0001628280-24-041816,-0.0362939534554686,0.0026281256673255,2024,XGB A - MARKET,1,0,0.38745642
AVGO,2024-10-03,0001193125-24-231159,0.0079542399034105,0.0095266130962226,2024,XGB A - MARKET,1,0,0.36303675
QCOM,2024-10-10,0000804328-24-000064,-0.0088514172834252,0.0041691270184072,2024,XGB A - MARKET,1,0,0.26894316
NFLX,2024-10-18,0001065280-24-000286,0.1043156336409134,0.0347565988337037,2024,XGB A - MARKET,1,0,0.25411016
TSLA,2024-10-24,0001628280-24-043432,0.2110815159093464,0.0641474358938924,2024,XGB A - MARKET,1,1,0.54182744
AMD,2024-10-30,0000002488-24-000161,-0.0986077821001309,-0.0227941981390301,2024,XGB A - MARKET,0,0,0.14979883
GOOGL,2024-10-30,0001652044-24-000115,0.0357283996891425,-0.0283980546030995,2024,XGB A - MARKET,0,0,0.39675078
META,2024-10-31,0001326801-24-000077,-0.0156830042514072,-0.0124537331805056,2024,XGB A - MARKET,0,0,0.4196139
MSFT,2024-10-31,0000950170-24-118955,-0.0352847409838739,-0.0043679616139221,2024,XGB A - MARKET,0,0,0.22153498
AAPL,2024-11-01,0000320193-24-000120,-0.0206786714994927,0.0048042151993934,2024,XGB A - MARKET,1,1,0.5410543
AMZN,2024-11-01,0001018724-24-000158,0.0544571727079066,-0.0093521893544827,2024,XGB A - MARKET,0,1,0.5749387
INTC,2024-11-01,0000050863-24-000147,0.0706678810739138,0.0047204172179406,2024,XGB A - MARKET,1,0,0.45091888
QCOM,2024-11-07,0000804328-24-000074,-0.0162066399992345,-0.0509377682319753,2024,XGB A - MARKET,0,0,0.06447663
NVDA,2024-11-08,0001045810-24-000300,-0.009564605628046,-0.0098069847314985,2024,XGB A - MARKET,0,0,0.33718336
AMD,2024-11-19,0000002488-24-000172,-0.0035686689679286,0.0022667885466844,2024,XGB A - MARKET,1,1,0.6625246
NVDA,2024-11-21,0001045810-24-000315,0.0017493274410433,-0.0154555811305558,2024,XGB A - MARKET,0,0,0.41536674
INTC,2024-11-29,0000050863-24-000169,0.0081263998252203,0.0063816261262434,2024,XGB A - MARKET,1,0,0.22212614
INTC,2024-12-03,0000050863-24-000173,-0.0640773123765042,-0.0567794673378192,2024,XGB A - MARKET,0,0,0.12195529
MSFT,2024-12-04,0000950170-24-132722,0.0020617676099534,0.0044875259768517,2024,XGB A - MARKET,1,1,0.624143
INTC,2024-12-05,0000050863-24-000180,-0.050052136326123,-0.0533950469796038,2024,XGB A - MARKET,0,0,0.4642713
ADBE,2024-12-12,0000796343-24-000250,-0.1304728856136858,-0.02416380007312,2024,XGB A - MARKET,0,0,0.24931915
MSFT,2024-12-12,0001193125-24-275524,0.0077231899631595,0.0032381988211638,2024,XGB A - MARKET,1,0,0.4682209
AVGO,2024-12-13,0001730168-24-000125,0.2366721755825886,0.0508264612861861,2024,XGB A - MARKET,1,0,0.1517435
QCOM,2024-12-13,0000804328-24-000079,-0.0058216285687771,0.0017006420183773,2024,XGB A - MARKET,1,0,0.26559535
TSLA,2024-01-03,0000950170-24-000282,-0.0295523615445163,-0.0226545171869674,2024,XGB B - MARKET + SEC,0,0,0.3418563
INTC,2024-01-04,0000050863-24-000003,0.0013208611358523,0.0255566563320699,2024,XGB B - MARKET + SEC,1,1,0.6139061
META,2024-01-18,0001326801-24-000003,0.0068716760055087,0.0064735193915923,2024,XGB B - MARKET + SEC,1,1,0.5210228
MSFT,2024-01-22,0001193125-24-011295,-0.0067240263536275,-0.0048067416064173,2024,XGB B - MARKET + SEC,0,1,0.5859516
NFLX,2024-01-24,0001065280-24-000029,0.1014825439820832,0.017006963115941,2024,XGB B - MARKET + SEC,1,0,0.2563017
QCOM,2024-01-24,0000804328-24-000005,0.0001184438030557,0.0010533057587108,2024,XGB B - MARKET + SEC,1,0,0.4808408
TSLA,2024-01-25,0000950170-24-007073,-0.1224741103919198,-0.032577064875676,2024,XGB B - MARKET + SEC,0,0,0.46692395
INTC,2024-01-26,0000050863-24-000008,-0.11311396767197,-0.0105120305068941,2024,XGB B - MARKET + SEC,0,0,0.22425699
ADBE,2024-01-29,0000796343-24-000024,0.0163098929269993,0.0144373308886145,2024,XGB B - MARKET + SEC,1,1,0.62046075
AMD,2024-01-31,0000002488-24-000009,-0.0058118248488935,0.0209848452310299,2024,XGB B - MARKET + SEC,1,0,0.20997322
GOOGL,2024-01-31,0001652044-24-000014,-0.0554170976082305,-0.0152895973072105,2024,XGB B - MARKET + SEC,0,1,0.52786154
MSFT,2024-01-31,0000950170-24-008809,-0.0073599426113252,-0.0138295124592655,2024,XGB B - MARKET + SEC,0,1,0.5886483
QCOM,2024-02-01,0000804328-24-000015,-0.0616038178342546,-0.0056746532812144,2024,XGB B - MARKET + SEC,0,0,0.25338
AAPL,2024-02-02,0000320193-24-000005,-0.0223056256506791,0.0210101241817823,2024,XGB B - MARKET + SEC,1,1,0.5656055
AMZN,2024-02-02,0001018724-24-000006,0.0617659743841729,0.003191932820876,2024,XGB B - MARKET + SEC,1,0,0.26781952
META,2024-02-02,0001326801-24-000010,0.1862757343741432,0.0211920178268043,2024,XGB B - MARKET + SEC,1,1,0.5277351
GOOGL,2024-02-09,0001652044-24-000032,0.0113344008513249,0.0086499390209007,2024,XGB B - MARKET + SEC,1,0,0.3757429
AVGO,2024-02-12,0001140361-24-006724,-0.0104551341500487,-0.0157256564809257,2024,XGB B - MARKET + SEC,0,0,0.41330892
META,2024-02-15,0001326801-24-000019,0.0197360446932637,0.0170505111918173,2024,XGB B - MARKET + SEC,1,1,0.60880226
INTC,2024-02-20,0000050863-24-000033,0.0307611358256039,0.0087445251734825,2024,XGB B - MARKET + SEC,1,0,0.38265124
AMD,2024-02-21,0001628280-24-005593,-0.0044479301244626,0.0070275638113204,2024,XGB B - MARKET + SEC,1,0,0.20717087
INTC,2024-02-22,0001193125-24-041435,-0.040547800162927,-0.0462879453259678,2024,XGB B - MARKET + SEC,0,0,0.32783133
NVDA,2024-02-22,0001045810-24-000028,0.1347332638011742,0.0385848126930625,2024,XGB B - MARKET + SEC,1,0,0.17213066
AAPL,2024-02-29,0001140361-24-010155,-0.0122623659914666,-0.0046257155710164,2024,XGB B - MARKET + SEC,0,0,0.21070564
AVGO,2024-03-08,0001730168-24-000012,-0.0554224471998863,-0.0461141495697798,2024,XGB B - MARKET + SEC,0,0,0.2016283
QCOM,2024-03-08,0000804328-24-000020,-0.0148731793983257,-0.0090799956651966,2024,XGB B - MARKET + SEC,0,0,0.48005173
INTC,2024-03-14,0000050863-24-000036,-0.0085821928844943,-0.0057580097601842,2024,XGB B - MARKET + SEC,0,0,0.1283662
ADBE,2024-03-15,0000796343-24-000057,-0.1248298569156682,-0.0094400056454753,2024,XGB B - MARKET + SEC,0,0,0.26530194
NVDA,2024-03-15,0001045810-24-000069,0.0106703355026588,0.0153640425589067,2024,XGB B - MARKET + SEC,1,0,0.31259802
INTC,2024-04-03,0000050863-24-000068,-0.0844017438350074,-0.0329987071827579,2024,XGB B - MARKET + SEC,0,1,0.7107004
TSLA,2024-04-03,0000950170-24-040274,0.0082580203888873,0.0194288222812655,2024,XGB B - MARKET + SEC,1,1,0.5663851
ADBE,2024-04-05,0001193125-24-087244,-0.0158691765647923,-0.0160580490812419,2024,XGB B - MARKET + SEC,0,1,0.5976183
AMZN,2024-04-11,0001104659-24-045915,0.0007029498870967,0.0007633825809041,2024,XGB B - MARKET + SEC,1,1,0.667967
TSLA,2024-04-16,0000950170-24-044588,-0.0271548640353915,0.0018963927833401,2024,XGB B - MARKET + SEC,1,0,0.23904872
NFLX,2024-04-19,0001065280-24-000127,-0.0702437720797997,-0.0046812921519177,2024,XGB B - MARKET + SEC,0,0,0.23154135
ADBE,2024-04-22,0000796343-24-000086,-0.0060352250836583,-0.0107001995197877,2024,XGB B - MARKET + SEC,0,1,0.65794915
AVGO,2024-04-24,0001730168-24-000055,0.0027201450777365,-0.0016549510293677,2024,XGB B - MARKET + SEC,0,1,0.56857735
TSLA,2024-04-24,0000950170-24-046895,0.1172233513171765,-0.0004132962628813,2024,XGB B - MARKET + SEC,0,0,0.4272905
META,2024-04-25,0001326801-24-000044,-0.1007829608030361,0.0349861087075502,2024,XGB B - MARKET + SEC,1,0,0.10723955
GOOGL,2024-04-26,0001652044-24-000047,0.0868120421641083,-0.0217827495698069,2024,XGB B - MARKET + SEC,0,0,0.1620978
INTC,2024-04-26,0000050863-24-000074,-0.1074282051823032,-0.0047576405098448,2024,XGB B - MARKET + SEC,0,0,0.2834076
MSFT,2024-04-26,0000950170-24-048268,0.0028120551619008,-0.022097412596483,2024,XGB B - MARKET + SEC,0,0,0.31539515
AMD,2024-05-01,0000002488-24-000054,-0.0818590800234352,-0.022074577775313,2024,XGB B - MARKET + SEC,0,0,0.38674396
AMZN,2024-05-01,0001018724-24-000081,0.0300875954473209,-0.0106821667359587,2024,XGB B - MARKET + SEC,0,0,0.4917669
QCOM,2024-05-02,0000804328-24-000038,0.0846713010941171,0.0226242397234444,2024,XGB B - MARKET + SEC,1,0,0.4498139
AAPL,2024-05-03,0000320193-24-000067,0.0397179250576655,-0.0199132691270487,2024,XGB B - MARKET + SEC,0,0,0.45651773
AAPL,2024-05-06,0001140361-24-024352,-0.0200602371463446,-0.0102556996678071,2024,XGB B - MARKET + SEC,0,0,0.1326167
AMZN,2024-05-06,0001104659-24-057026,0.0024184940626126,0.0062452172000497,2024,XGB B - MARKET + SEC,1,0,0.4221017
INTC,2024-05-08,0000050863-24-000086,-0.0215737571910907,-0.0054606988313903,2024,XGB B - MARKET + SEC,0,0,0.16947864
QCOM,2024-05-09,0000804328-24-000042,-0.0022370849261215,-0.0041084857128144,2024,XGB B - MARKET + SEC,0,0,0.3879881
INTC,2024-05-10,0000050863-24-000093,-0.0103340752317097,-0.0147412273626148,2024,XGB B - MARKET + SEC,0,0,0.36838388
AMD,2024-05-14,0000002488-24-000076,0.0108366496777008,0.0107381348325958,2024,XGB B - MARKET + SEC,1,0,0.16264677
AMZN,2024-05-15,0001104659-24-061143,-0.0214035124642162,-0.009860546649119,2024,XGB B - MARKET + SEC,0,0,0.44233075
NVDA,2024-05-23,0001045810-24-000113,0.0976949081129665,0.032318356080579,2024,XGB B - MARKET + SEC,1,0,0.28393447
AMZN,2024-05-28,0001104659-24-065117,0.0039677844666901,0.0112492411647011,2024,XGB B - MARKET + SEC,1,0,0.17563011
META,2024-06-03,0001326801-24-000057,0.0174655233768301,0.0172484635078848,2024,XGB B - MARKET + SEC,1,0,0.34753242
GOOGL,2024-06-05,0001193125-24-154725,-0.0108381991358403,-0.0109197376955498,2024,XGB B - MARKET + SEC,0,0,0.40446147
INTC,2024-06-05,0000050863-24-000103,0.0048153135408781,0.0047299658495167,2024,XGB B - MARKET + SEC,1,0,0.30285645
GOOGL,2024-06-10,0001193125-24-157498,0.000264694362364,-0.0062890735908762,2024,XGB B - MARKET + SEC,0,0,0.31817508
NFLX,2024-06-10,0001065280-24-000185,0.0006842006766056,-0.0010731280485969,2024,XGB B - MARKET + SEC,0,1,0.62394756
NVDA,2024-06-10,0001045810-24-000144,0.0034223695035195,0.0052792980574816,2024,XGB B - MARKET + SEC,1,1,0.70058566
AVGO,2024-06-13,0001730168-24-000077,0.1172669500798657,-0.016041214397465,2024,XGB B - MARKET + SEC,0,0,0.2267371
ADBE,2024-06-14,0000796343-24-000140,0.1399336504887722,-0.0149195157587632,2024,XGB B - MARKET + SEC,0,0,0.35513154
GOOGL,2024-06-14,0001193125-24-160721,0.004124415003359,0.009148267072816,2024,XGB B - MARKET + SEC,1,0,0.34188053
TSLA,2024-06-14,0001104659-24-071439,-0.029623659174497,-0.0475299992622972,2024,XGB B - MARKET + SEC,0,0,0.12622142
INTC,2024-06-17,0000050863-24-000110,0.0051556007241069,0.0094144253864987,2024,XGB B - MARKET + SEC,1,0,0.38555983
AMD,2024-07-03,0000002488-24-000109,-0.0108323814250977,-0.0117402818659907,2024,XGB B - MARKET + SEC,0,0,0.2936336
NVDA,2024-07-03,0001045810-24-000206,0.0373955067193187,0.0445006756655272,2024,XGB B - MARKET + SEC,1,0,0.3746451
AVGO,2024-07-08,0001140361-24-032566,0.0226025212638882,0.0223334843353208,2024,XGB B - MARKET + SEC,1,0,0.22281621
AVGO,2024-07-15,0001140361-24-033072,0.0052678441045099,0.0092791934059965,2024,XGB B - MARKET + SEC,1,0,0.39326677
ADBE,2024-07-19,0000796343-24-000173,-0.001641808140351,-0.0027004712311778,2024,XGB B - MARKET + SEC,0,1,0.5286416
NFLX,2024-07-19,0001065280-24-000199,-0.0062209463310989,-0.0331633223876491,2024,XGB B - MARKET + SEC,0,0,0.3773745
AMD,2024-07-23,0000002488-24-000115,-0.0084724167185586,-0.004489959833504,2024,XGB B - MARKET + SEC,0,0,0.4723894
GOOGL,2024-07-24,0001652044-24-000076,-0.0145173459168354,0.0164461240504198,2024,XGB B - MARKET + SEC,1,0,0.18958934
TSLA,2024-07-24,0001628280-24-032603,-0.0874758552348191,-0.0197993021608954,2024,XGB B - MARKET + SEC,0,0,0.37981743
AMD,2024-07-31,0000002488-24-000121,0.0140352718571412,-0.0483044049992547,2024,XGB B - MARKET + SEC,0,1,0.5101307
MSFT,2024-07-31,0000950170-24-087835,-0.0403994612618912,-0.0119524791087044,2024,XGB B - MARKET + SEC,0,1,0.64851683
META,2024-08-01,0001326801-24-000065,0.0724702601260065,-0.0189962850657215,2024,XGB B - MARKET + SEC,0,0,0.36192045
QCOM,2024-08-01,0000804328-24-000055,-0.0694507007604851,-0.0195306421387311,2024,XGB B - MARKET + SEC,0,0,0.3921472
AAPL,2024-08-02,0000320193-24-000080,0.0306042309299121,0.0079860218465118,2024,XGB B - MARKET + SEC,1,1,0.84143317
AMZN,2024-08-02,0001018724-24-000128,-0.0641121876767938,0.0116427161435751,2024,XGB B - MARKET + SEC,1,0,0.43155342
INTC,2024-08-02,0000050863-24-000122,-0.2368502490991094,-0.0162201153234435,2024,XGB B - MARKET + SEC,0,1,0.5259087
NFLX,2024-08-02,0001140361-24-035325,0.0057945558366498,-0.0070738441437668,2024,XGB B - MARKET + SEC,0,1,0.5689582
GOOGL,2024-08-06,0001652044-24-000085,-0.0155834658884495,-0.0117877479807448,2024,XGB B - MARKET + SEC,0,0,0.26097858
ADBE,2024-08-09,0000796343-24-000192,0.006206337965156,0.0074660641034229,2024,XGB B - MARKET + SEC,1,0,0.2446373
META,2024-08-12,0001193125-24-197873,-0.0056686381894932,-0.0017384041711793,2024,XGB B - MARKET + SEC,0,0,0.36981785
QCOM,2024-08-12,0000804328-24-000061,-0.0118202036782681,0.0145338960687355,2024,XGB B - MARKET + SEC,1,0,0.4650658
AMD,2024-08-19,0001193125-24-202457,0.0320981939885101,0.0333122845499129,2024,XGB B - MARKET + SEC,1,0,0.3103073
MSFT,2024-08-22,0001193125-24-204403,-0.0043979583433071,-0.0001559542656064,2024,XGB B - MARKET + SEC,0,1,0.69942546
INTC,2024-08-23,0000050863-24-000134,0.0110450938530819,0.0092409672270856,2024,XGB B - MARKET + SEC,1,0,0.47505787
AAPL,2024-08-26,0001140361-24-038403,0.0112071583591698,0.010424525817929,2024,XGB B - MARKET + SEC,1,1,0.6435846
AAPL,2024-08-27,0001140361-24-038601,0.0007542711733212,0.0025012481564683,2024,XGB B - MARKET + SEC,1,1,0.7108311
NVDA,2024-08-29,0001045810-24-000262,-0.0623846340010401,-0.0255288115141936,2024,XGB B - MARKET + SEC,0,0,0.17853232
AVGO,2024-09-06,0001730168-24-000095,-0.0767332384895764,-0.018343843467267,2024,XGB B - MARKET + SEC,0,0,0.2888549
AAPL,2024-09-10,0001140361-24-040659,-0.0128632516445373,0.000131531432435,2024,XGB B - MARKET + SEC,1,0,0.4666169
META,2024-09-11,0001326801-24-000072,-0.0077691247511657,-0.0094317993192933,2024,XGB B - MARKET + SEC,0,0,0.3842562
ADBE,2024-09-13,0000796343-24-000200,-0.0891786499822013,0.0020208978330698,2024,XGB B - MARKET + SEC,1,0,0.49395373
GOOGL,2024-09-24,0001652044-24-000097,-0.0021050517793912,-0.0064174632666135,2024,XGB B - MARKET + SEC,0,0,0.2874364
TSLA,2024-10-02,0001628280-24-041816,-0.0362939534554686,0.0026281256673255,2024,XGB B - MARKET + SEC,1,0,0.34410688
AVGO,2024-10-03,0001193125-24-231159,0.0079542399034105,0.0095266130962226,2024,XGB B - MARKET + SEC,1,0,0.32069924
QCOM,2024-10-10,0000804328-24-000064,-0.0088514172834252,0.0041691270184072,2024,XGB B - MARKET + SEC,1,0,0.38382334
NFLX,2024-10-18,0001065280-24-000286,0.1043156336409134,0.0347565988337037,2024,XGB B - MARKET + SEC,1,0,0.26053643
TSLA,2024-10-24,0001628280-24-043432,0.2110815159093464,0.0641474358938924,2024,XGB B - MARKET + SEC,1,1,0.5020884
AMD,2024-10-30,0000002488-24-000161,-0.0986077821001309,-0.0227941981390301,2024,XGB B - MARKET + SEC,0,0,0.15477827
GOOGL,2024-10-30,0001652044-24-000115,0.0357283996891425,-0.0283980546030995,2024,XGB B - MARKET + SEC,0,0,0.29524493
META,2024-10-31,0001326801-24-000077,-0.0156830042514072,-0.0124537331805056,2024,XGB B - MARKET + SEC,0,0,0.44023776
MSFT,2024-10-31,0000950170-24-118955,-0.0352847409838739,-0.0043679616139221,2024,XGB B - MARKET + SEC,0,0,0.28791448
AAPL,2024-11-01,0000320193-24-000120,-0.0206786714994927,0.0048042151993934,2024,XGB B - MARKET + SEC,1,0,0.3756178
AMZN,2024-11-01,0001018724-24-000158,0.0544571727079066,-0.0093521893544827,2024,XGB B - MARKET + SEC,0,0,0.49442008
INTC,2024-11-01,0000050863-24-000147,0.0706678810739138,0.0047204172179406,2024,XGB B - MARKET + SEC,1,0,0.46496713
QCOM,2024-11-07,0000804328-24-000074,-0.0162066399992345,-0.0509377682319753,2024,XGB B - MARKET + SEC,0,0,0.06467516
NVDA,2024-11-08,0001045810-24-000300,-0.009564605628046,-0.0098069847314985,2024,XGB B - MARKET + SEC,0,0,0.44683716
AMD,2024-11-19,0000002488-24-000172,-0.0035686689679286,0.0022667885466844,2024,XGB B - MARKET + SEC,1,1,0.6541436
NVDA,2024-11-21,0001045810-24-000315,0.0017493274410433,-0.0154555811305558,2024,XGB B - MARKET + SEC,0,0,0.36346677
INTC,2024-11-29,0000050863-24-000169,0.0081263998252203,0.0063816261262434,2024,XGB B - MARKET + SEC,1,0,0.29712906
INTC,2024-12-03,0000050863-24-000173,-0.0640773123765042,-0.0567794673378192,2024,XGB B - MARKET + SEC,0,0,0.12338479
MSFT,2024-12-04,0000950170-24-132722,0.0020617676099534,0.0044875259768517,2024,XGB B - MARKET + SEC,1,1,0.563461
INTC,2024-12-05,0000050863-24-000180,-0.050052136326123,-0.0533950469796038,2024,XGB B - MARKET + SEC,0,0,0.3355936
ADBE,2024-12-12,0000796343-24-000250,-0.1304728856136858,-0.02416380007312,2024,XGB B - MARKET + SEC,0,0,0.28858408
MSFT,2024-12-12,0001193125-24-275524,0.0077231899631595,0.0032381988211638,2024,XGB B - MARKET + SEC,1,1,0.6134761
AVGO,2024-12-13,0001730168-24-000125,0.2366721755825886,0.0508264612861861,2024,XGB B - MARKET + SEC,1,0,0.10733593
QCOM,2024-12-13,0000804328-24-000079,-0.0058216285687771,0.0017006420183773,2024,XGB B - MARKET + SEC,1,0,0.27386084
TSLA,2024-01-03,0000950170-24-000282,-0.0295523615445163,-0.0226545171869674,2024,XGB C - MARKET + SEC + FINBERT,0,0,0.33631042
INTC,2024-01-04,0000050863-24-000003,0.0013208611358523,0.0255566563320699,2024,XGB C - MARKET + SEC + FINBERT,1,1,0.67505634
META,2024-01-18,0001326801-24-000003,0.0068716760055087,0.0064735193915923,2024,XGB C - MARKET + SEC + FINBERT,1,0,0.4100355
MSFT,2024-01-22,0001193125-24-011295,-0.0067240263536275,-0.0048067416064173,2024,XGB C - MARKET + SEC + FINBERT,0,1,0.6076536
NFLX,2024-01-24,0001065280-24-000029,0.1014825439820832,0.017006963115941,2024,XGB C - MARKET + SEC + FINBERT,1,0,0.17341307
QCOM,2024-01-24,0000804328-24-000005,0.0001184438030557,0.0010533057587108,2024,XGB C - MARKET + SEC + FINBERT,1,1,0.70164335
TSLA,2024-01-25,0000950170-24-007073,-0.1224741103919198,-0.032577064875676,2024,XGB C - MARKET + SEC + FINBERT,0,0,0.38587198
INTC,2024-01-26,0000050863-24-000008,-0.11311396767197,-0.0105120305068941,2024,XGB C - MARKET + SEC + FINBERT,0,0,0.20092836
ADBE,2024-01-29,0000796343-24-000024,0.0163098929269993,0.0144373308886145,2024,XGB C - MARKET + SEC + FINBERT,1,1,0.7194401
AMD,2024-01-31,0000002488-24-000009,-0.0058118248488935,0.0209848452310299,2024,XGB C - MARKET + SEC + FINBERT,1,0,0.15768017
GOOGL,2024-01-31,0001652044-24-000014,-0.0554170976082305,-0.0152895973072105,2024,XGB C - MARKET + SEC + FINBERT,0,0,0.49231187
MSFT,2024-01-31,0000950170-24-008809,-0.0073599426113252,-0.0138295124592655,2024,XGB C - MARKET + SEC + FINBERT,0,1,0.5123903
QCOM,2024-02-01,0000804328-24-000015,-0.0616038178342546,-0.0056746532812144,2024,XGB C - MARKET + SEC + FINBERT,0,0,0.2914735
AAPL,2024-02-02,0000320193-24-000005,-0.0223056256506791,0.0210101241817823,2024,XGB C - MARKET + SEC + FINBERT,1,1,0.5839374
AMZN,2024-02-02,0001018724-24-000006,0.0617659743841729,0.003191932820876,2024,XGB C - MARKET + SEC + FINBERT,1,0,0.3470828
META,2024-02-02,0001326801-24-000010,0.1862757343741432,0.0211920178268043,2024,XGB C - MARKET + SEC + FINBERT,1,0,0.4985485
GOOGL,2024-02-09,0001652044-24-000032,0.0113344008513249,0.0086499390209007,2024,XGB C - MARKET + SEC + FINBERT,1,0,0.2975451
AVGO,2024-02-12,0001140361-24-006724,-0.0104551341500487,-0.0157256564809257,2024,XGB C - MARKET + SEC + FINBERT,0,1,0.636603
META,2024-02-15,0001326801-24-000019,0.0197360446932637,0.0170505111918173,2024,XGB C - MARKET + SEC + FINBERT,1,1,0.5987447
INTC,2024-02-20,0000050863-24-000033,0.0307611358256039,0.0087445251734825,2024,XGB C - MARKET + SEC + FINBERT,1,0,0.36542425
AMD,2024-02-21,0001628280-24-005593,-0.0044479301244626,0.0070275638113204,2024,XGB C - MARKET + SEC + FINBERT,1,0,0.22574052
INTC,2024-02-22,0001193125-24-041435,-0.040547800162927,-0.0462879453259678,2024,XGB C - MARKET + SEC + FINBERT,0,0,0.29376844
NVDA,2024-02-22,0001045810-24-000028,0.1347332638011742,0.0385848126930625,2024,XGB C - MARKET + SEC + FINBERT,1,0,0.31814975
AAPL,2024-02-29,0001140361-24-010155,-0.0122623659914666,-0.0046257155710164,2024,XGB C - MARKET + SEC + FINBERT,0,0,0.17178376
AVGO,2024-03-08,0001730168-24-000012,-0.0554224471998863,-0.0461141495697798,2024,XGB C - MARKET + SEC + FINBERT,0,0,0.29144052
QCOM,2024-03-08,0000804328-24-000020,-0.0148731793983257,-0.0090799956651966,2024,XGB C - MARKET + SEC + FINBERT,0,0,0.41259328
INTC,2024-03-14,0000050863-24-000036,-0.0085821928844943,-0.0057580097601842,2024,XGB C - MARKET + SEC + FINBERT,0,0,0.19934225
ADBE,2024-03-15,0000796343-24-000057,-0.1248298569156682,-0.0094400056454753,2024,XGB C - MARKET + SEC + FINBERT,0,0,0.1574616
NVDA,2024-03-15,0001045810-24-000069,0.0106703355026588,0.0153640425589067,2024,XGB C - MARKET + SEC + FINBERT,1,0,0.42463997
INTC,2024-04-03,0000050863-24-000068,-0.0844017438350074,-0.0329987071827579,2024,XGB C - MARKET + SEC + FINBERT,0,1,0.6404167
TSLA,2024-04-03,0000950170-24-040274,0.0082580203888873,0.0194288222812655,2024,XGB C - MARKET + SEC + FINBERT,1,1,0.599728
ADBE,2024-04-05,0001193125-24-087244,-0.0158691765647923,-0.0160580490812419,2024,XGB C - MARKET + SEC + FINBERT,0,1,0.5742047
AMZN,2024-04-11,0001104659-24-045915,0.0007029498870967,0.0007633825809041,2024,XGB C - MARKET + SEC + FINBERT,1,0,0.43574178
TSLA,2024-04-16,0000950170-24-044588,-0.0271548640353915,0.0018963927833401,2024,XGB C - MARKET + SEC + FINBERT,1,0,0.191625
NFLX,2024-04-19,0001065280-24-000127,-0.0702437720797997,-0.0046812921519177,2024,XGB C - MARKET + SEC + FINBERT,0,0,0.14763258
ADBE,2024-04-22,0000796343-24-000086,-0.0060352250836583,-0.0107001995197877,2024,XGB C - MARKET + SEC + FINBERT,0,1,0.6144711
AVGO,2024-04-24,0001730168-24-000055,0.0027201450777365,-0.0016549510293677,2024,XGB C - MARKET + SEC + FINBERT,0,0,0.4715349
TSLA,2024-04-24,0000950170-24-046895,0.1172233513171765,-0.0004132962628813,2024,XGB C - MARKET + SEC + FINBERT,0,0,0.38025486
META,2024-04-25,0001326801-24-000044,-0.1007829608030361,0.0349861087075502,2024,XGB C - MARKET + SEC + FINBERT,1,0,0.14359069
GOOGL,2024-04-26,0001652044-24-000047,0.0868120421641083,-0.0217827495698069,2024,XGB C - MARKET + SEC + FINBERT,0,0,0.20562108
INTC,2024-04-26,0000050863-24-000074,-0.1074282051823032,-0.0047576405098448,2024,XGB C - MARKET + SEC + FINBERT,0,0,0.20677796
MSFT,2024-04-26,0000950170-24-048268,0.0028120551619008,-0.022097412596483,2024,XGB C - MARKET + SEC + FINBERT,0,0,0.27540898
AMD,2024-05-01,0000002488-24-000054,-0.0818590800234352,-0.022074577775313,2024,XGB C - MARKET + SEC + FINBERT,0,0,0.4951653
AMZN,2024-05-01,0001018724-24-000081,0.0300875954473209,-0.0106821667359587,2024,XGB C - MARKET + SEC + FINBERT,0,0,0.4862624
QCOM,2024-05-02,0000804328-24-000038,0.0846713010941171,0.0226242397234444,2024,XGB C - MARKET + SEC + FINBERT,1,0,0.32047907
AAPL,2024-05-03,0000320193-24-000067,0.0397179250576655,-0.0199132691270487,2024,XGB C - MARKET + SEC + FINBERT,0,0,0.48447943
AAPL,2024-05-06,0001140361-24-024352,-0.0200602371463446,-0.0102556996678071,2024,XGB C - MARKET + SEC + FINBERT,0,0,0.1453897
AMZN,2024-05-06,0001104659-24-057026,0.0024184940626126,0.0062452172000497,2024,XGB C - MARKET + SEC + FINBERT,1,0,0.4466602
INTC,2024-05-08,0000050863-24-000086,-0.0215737571910907,-0.0054606988313903,2024,XGB C - MARKET + SEC + FINBERT,0,0,0.138797
QCOM,2024-05-09,0000804328-24-000042,-0.0022370849261215,-0.0041084857128144,2024,XGB C - MARKET + SEC + FINBERT,0,0,0.47570816
INTC,2024-05-10,0000050863-24-000093,-0.0103340752317097,-0.0147412273626148,2024,XGB C - MARKET + SEC + FINBERT,0,0,0.3039654
AMD,2024-05-14,0000002488-24-000076,0.0108366496777008,0.0107381348325958,2024,XGB C - MARKET + SEC + FINBERT,1,0,0.16435716
AMZN,2024-05-15,0001104659-24-061143,-0.0214035124642162,-0.009860546649119,2024,XGB C - MARKET + SEC + FINBERT,0,1,0.52697724
NVDA,2024-05-23,0001045810-24-000113,0.0976949081129665,0.032318356080579,2024,XGB C - MARKET + SEC + FINBERT,1,0,0.18075381
AMZN,2024-05-28,0001104659-24-065117,0.0039677844666901,0.0112492411647011,2024,XGB C - MARKET + SEC + FINBERT,1,0,0.14136578
META,2024-06-03,0001326801-24-000057,0.0174655233768301,0.0172484635078848,2024,XGB C - MARKET + SEC + FINBERT,1,0,0.39839152
GOOGL,2024-06-05,0001193125-24-154725,-0.0108381991358403,-0.0109197376955498,2024,XGB C - MARKET + SEC + FINBERT,0,0,0.46638855
INTC,2024-06-05,0000050863-24-000103,0.0048153135408781,0.0047299658495167,2024,XGB C - MARKET + SEC + FINBERT,1,0,0.23332731
GOOGL,2024-06-10,0001193125-24-157498,0.000264694362364,-0.0062890735908762,2024,XGB C - MARKET + SEC + FINBERT,0,0,0.3491086
NFLX,2024-06-10,0001065280-24-000185,0.0006842006766056,-0.0010731280485969,2024,XGB C - MARKET + SEC + FINBERT,0,1,0.56176543
NVDA,2024-06-10,0001045810-24-000144,0.0034223695035195,0.0052792980574816,2024,XGB C - MARKET + SEC + FINBERT,1,1,0.82796544
AVGO,2024-06-13,0001730168-24-000077,0.1172669500798657,-0.016041214397465,2024,XGB C - MARKET + SEC + FINBERT,0,0,0.13765523
ADBE,2024-06-14,0000796343-24-000140,0.1399336504887722,-0.0149195157587632,2024,XGB C - MARKET + SEC + FINBERT,0,0,0.23265545
GOOGL,2024-06-14,0001193125-24-160721,0.004124415003359,0.009148267072816,2024,XGB C - MARKET + SEC + FINBERT,1,0,0.30766487
TSLA,2024-06-14,0001104659-24-071439,-0.029623659174497,-0.0475299992622972,2024,XGB C - MARKET + SEC + FINBERT,0,0,0.1533092
INTC,2024-06-17,0000050863-24-000110,0.0051556007241069,0.0094144253864987,2024,XGB C - MARKET + SEC + FINBERT,1,0,0.43619785
AMD,2024-07-03,0000002488-24-000109,-0.0108323814250977,-0.0117402818659907,2024,XGB C - MARKET + SEC + FINBERT,0,0,0.4300043
NVDA,2024-07-03,0001045810-24-000206,0.0373955067193187,0.0445006756655272,2024,XGB C - MARKET + SEC + FINBERT,1,0,0.35066956
AVGO,2024-07-08,0001140361-24-032566,0.0226025212638882,0.0223334843353208,2024,XGB C - MARKET + SEC + FINBERT,1,0,0.2488808
AVGO,2024-07-15,0001140361-24-033072,0.0052678441045099,0.0092791934059965,2024,XGB C - MARKET + SEC + FINBERT,1,0,0.39471257
ADBE,2024-07-19,0000796343-24-000173,-0.001641808140351,-0.0027004712311778,2024,XGB C - MARKET + SEC + FINBERT,0,1,0.54450756
NFLX,2024-07-19,0001065280-24-000199,-0.0062209463310989,-0.0331633223876491,2024,XGB C - MARKET + SEC + FINBERT,0,0,0.4469262
AMD,2024-07-23,0000002488-24-000115,-0.0084724167185586,-0.004489959833504,2024,XGB C - MARKET + SEC + FINBERT,0,0,0.38935572
GOOGL,2024-07-24,0001652044-24-000076,-0.0145173459168354,0.0164461240504198,2024,XGB C - MARKET + SEC + FINBERT,1,0,0.14316127
TSLA,2024-07-24,0001628280-24-032603,-0.0874758552348191,-0.0197993021608954,2024,XGB C - MARKET + SEC + FINBERT,0,0,0.26236778
AMD,2024-07-31,0000002488-24-000121,0.0140352718571412,-0.0483044049992547,2024,XGB C - MARKET + SEC + FINBERT,0,1,0.6091227
MSFT,2024-07-31,0000950170-24-087835,-0.0403994612618912,-0.0119524791087044,2024,XGB C - MARKET + SEC + FINBERT,0,1,0.66280735
META,2024-08-01,0001326801-24-000065,0.0724702601260065,-0.0189962850657215,2024,XGB C - MARKET + SEC + FINBERT,0,0,0.32652718
QCOM,2024-08-01,0000804328-24-000055,-0.0694507007604851,-0.0195306421387311,2024,XGB C - MARKET + SEC + FINBERT,0,0,0.366569
AAPL,2024-08-02,0000320193-24-000080,0.0306042309299121,0.0079860218465118,2024,XGB C - MARKET + SEC + FINBERT,1,1,0.78894466
AMZN,2024-08-02,0001018724-24-000128,-0.0641121876767938,0.0116427161435751,2024,XGB C - MARKET + SEC + FINBERT,1,0,0.35166293
INTC,2024-08-02,0000050863-24-000122,-0.2368502490991094,-0.0162201153234435,2024,XGB C - MARKET + SEC + FINBERT,0,0,0.4232103
NFLX,2024-08-02,0001140361-24-035325,0.0057945558366498,-0.0070738441437668,2024,XGB C - MARKET + SEC + FINBERT,0,1,0.5659666
GOOGL,2024-08-06,0001652044-24-000085,-0.0155834658884495,-0.0117877479807448,2024,XGB C - MARKET + SEC + FINBERT,0,0,0.31177005
ADBE,2024-08-09,0000796343-24-000192,0.006206337965156,0.0074660641034229,2024,XGB C - MARKET + SEC + FINBERT,1,1,0.50580186
META,2024-08-12,0001193125-24-197873,-0.0056686381894932,-0.0017384041711793,2024,XGB C - MARKET + SEC + FINBERT,0,1,0.51561224
QCOM,2024-08-12,0000804328-24-000061,-0.0118202036782681,0.0145338960687355,2024,XGB C - MARKET + SEC + FINBERT,1,0,0.44137016
AMD,2024-08-19,0001193125-24-202457,0.0320981939885101,0.0333122845499129,2024,XGB C - MARKET + SEC + FINBERT,1,0,0.4142412
MSFT,2024-08-22,0001193125-24-204403,-0.0043979583433071,-0.0001559542656064,2024,XGB C - MARKET + SEC + FINBERT,0,1,0.7258487
INTC,2024-08-23,0000050863-24-000134,0.0110450938530819,0.0092409672270856,2024,XGB C - MARKET + SEC + FINBERT,1,0,0.47456917
AAPL,2024-08-26,0001140361-24-038403,0.0112071583591698,0.010424525817929,2024,XGB C - MARKET + SEC + FINBERT,1,1,0.54661
AAPL,2024-08-27,0001140361-24-038601,0.0007542711733212,0.0025012481564683,2024,XGB C - MARKET + SEC + FINBERT,1,1,0.71607566
NVDA,2024-08-29,0001045810-24-000262,-0.0623846340010401,-0.0255288115141936,2024,XGB C - MARKET + SEC + FINBERT,0,0,0.2958083
AVGO,2024-09-06,0001730168-24-000095,-0.0767332384895764,-0.018343843467267,2024,XGB C - MARKET + SEC + FINBERT,0,0,0.26418504
AAPL,2024-09-10,0001140361-24-040659,-0.0128632516445373,0.000131531432435,2024,XGB C - MARKET + SEC + FINBERT,1,0,0.45403996
META,2024-09-11,0001326801-24-000072,-0.0077691247511657,-0.0094317993192933,2024,XGB C - MARKET + SEC + FINBERT,0,0,0.4337017
ADBE,2024-09-13,0000796343-24-000200,-0.0891786499822013,0.0020208978330698,2024,XGB C - MARKET + SEC + FINBERT,1,0,0.35448697
GOOGL,2024-09-24,0001652044-24-000097,-0.0021050517793912,-0.0064174632666135,2024,XGB C - MARKET + SEC + FINBERT,0,0,0.23420006
TSLA,2024-10-02,0001628280-24-041816,-0.0362939534554686,0.0026281256673255,2024,XGB C - MARKET + SEC + FINBERT,1,0,0.4586102
AVGO,2024-10-03,0001193125-24-231159,0.0079542399034105,0.0095266130962226,2024,XGB C - MARKET + SEC + FINBERT,1,0,0.400392
QCOM,2024-10-10,0000804328-24-000064,-0.0088514172834252,0.0041691270184072,2024,XGB C - MARKET + SEC + FINBERT,1,0,0.27837887
NFLX,2024-10-18,0001065280-24-000286,0.1043156336409134,0.0347565988337037,2024,XGB C - MARKET + SEC + FINBERT,1,0,0.42323494
TSLA,2024-10-24,0001628280-24-043432,0.2110815159093464,0.0641474358938924,2024,XGB C - MARKET + SEC + FINBERT,1,0,0.48083076
AMD,2024-10-30,0000002488-24-000161,-0.0986077821001309,-0.0227941981390301,2024,XGB C - MARKET + SEC + FINBERT,0,0,0.19382389
GOOGL,2024-10-30,0001652044-24-000115,0.0357283996891425,-0.0283980546030995,2024,XGB C - MARKET + SEC + FINBERT,0,0,0.2314796
META,2024-10-31,0001326801-24-000077,-0.0156830042514072,-0.0124537331805056,2024,XGB C - MARKET + SEC + FINBERT,0,0,0.2905772
MSFT,2024-10-31,0000950170-24-118955,-0.0352847409838739,-0.0043679616139221,2024,XGB C - MARKET + SEC + FINBERT,0,0,0.28278533
AAPL,2024-11-01,0000320193-24-000120,-0.0206786714994927,0.0048042151993934,2024,XGB C - MARKET + SEC + FINBERT,1,1,0.58479375
AMZN,2024-11-01,0001018724-24-000158,0.0544571727079066,-0.0093521893544827,2024,XGB C - MARKET + SEC + FINBERT,0,0,0.37923288
INTC,2024-11-01,0000050863-24-000147,0.0706678810739138,0.0047204172179406,2024,XGB C - MARKET + SEC + FINBERT,1,0,0.3965114
QCOM,2024-11-07,0000804328-24-000074,-0.0162066399992345,-0.0509377682319753,2024,XGB C - MARKET + SEC + FINBERT,0,0,0.06689474
NVDA,2024-11-08,0001045810-24-000300,-0.009564605628046,-0.0098069847314985,2024,XGB C - MARKET + SEC + FINBERT,0,1,0.6353757
AMD,2024-11-19,0000002488-24-000172,-0.0035686689679286,0.0022667885466844,2024,XGB C - MARKET + SEC + FINBERT,1,1,0.66219324
NVDA,2024-11-21,0001045810-24-000315,0.0017493274410433,-0.0154555811305558,2024,XGB C - MARKET + SEC + FINBERT,0,0,0.3616661
INTC,2024-11-29,0000050863-24-000169,0.0081263998252203,0.0063816261262434,2024,XGB C - MARKET + SEC + FINBERT,1,0,0.2643453
INTC,2024-12-03,0000050863-24-000173,-0.0640773123765042,-0.0567794673378192,2024,XGB C - MARKET + SEC + FINBERT,0,0,0.16011886
MSFT,2024-12-04,0000950170-24-132722,0.0020617676099534,0.0044875259768517,2024,XGB C - MARKET + SEC + FINBERT,1,1,0.62797546
INTC,2024-12-05,0000050863-24-000180,-0.050052136326123,-0.0533950469796038,2024,XGB C - MARKET + SEC + FINBERT,0,0,0.30751243
ADBE,2024-12-12,0000796343-24-000250,-0.1304728856136858,-0.02416380007312,2024,XGB C - MARKET + SEC + FINBERT,0,0,0.21855806
MSFT,2024-12-12,0001193125-24-275524,0.0077231899631595,0.0032381988211638,2024,XGB C - MARKET + SEC + FINBERT,1,1,0.5535209
AVGO,2024-12-13,0001730168-24-000125,0.2366721755825886,0.0508264612861861,2024,XGB C - MARKET + SEC + FINBERT,1,0,0.10060646
QCOM,2024-12-13,0000804328-24-000079,-0.0058216285687771,0.0017006420183773,2024,XGB C - MARKET + SEC + FINBERT,1,0,0.21790127
TSLA,2025-01-02,0001628280-25-000007,-0.0588601436660173,-0.0198228720118325,2025,XGB A - MARKET,0,1,0.51258636
AAPL,2025-01-06,0001140361-25-000228,-0.0047540378227144,0.001832041351172,2025,XGB A - MARKET,1,1,0.67716575
META,2025-01-07,0001326801-25-000005,-0.0016892091507633,-0.0020552619732235,2025,XGB A - MARKET,0,0,0.26114494
AVGO,2025-01-13,0001193125-25-004476,0.0075826962484965,0.0153928554230622,2025,XGB A - MARKET,1,1,0.74875087
AVGO,2025-01-14,0001193125-25-005318,-0.0016694149650476,-0.0010593134717623,2025,XGB A - MARKET,0,0,0.19128335
ADBE,2025-01-21,0001193125-25-008409,0.0089492434486455,0.0065448583843421,2025,XGB A - MARKET,1,0,0.28975382
NVDA,2025-01-21,0001045810-25-000007,0.0167913299142159,0.0113904192897718,2025,XGB A - MARKET,1,0,0.34883597
NFLX,2025-01-22,0001065280-25-000033,0.0841577842080263,-0.0477902767738838,2025,XGB A - MARKET,0,0,0.28325623
MSFT,2025-01-23,0001193125-25-010492,-0.0009831865408345,0.0038512412938136,2025,XGB A - MARKET,1,1,0.51498514
META,2025-01-30,0001326801-25-000014,0.0112738581852596,-0.012832297766722,2025,XGB A - MARKET,0,1,0.53295314
MSFT,2025-01-30,0000950170-25-010484,-0.0660713284405873,-0.0077661272230343,2025,XGB A - MARKET,0,1,0.6563416
TSLA,2025-01-30,0001628280-25-002993,0.0244707278025142,-0.0243008230296973,2025,XGB A - MARKET,0,0,0.39874092
AAPL,2025-01-31,0000320193-25-000007,-0.0052391330061739,-0.0364819088078013,2025,XGB A - MARKET,0,0,0.44310528
ADBE,2025-01-31,0000796343-25-000036,-0.0177173394587626,-0.0125339390371581,2025,XGB A - MARKET,0,0,0.4645387
INTC,2025-01-31,0000050863-25-000004,-0.0275324663433832,-0.024546414320429,2025,XGB A - MARKET,0,0,0.43911523
AMD,2025-02-05,0000002488-25-000009,-0.0672156317243187,0.0312491289416219,2025,XGB A - MARKET,1,0,0.10124157
GOOGL,2025-02-05,0001652044-25-000010,-0.0774615030031682,-0.0082785492423809,2025,XGB A - MARKET,0,0,0.15945503
QCOM,2025-02-06,0000804328-25-000010,-0.0424084291589017,0.004570433064295,2025,XGB A - MARKET,1,0,0.14535035
AMZN,2025-02-07,0001018724-25-000002,-0.0279174699324333,-0.0007895248846888,2025,XGB A - MARKET,0,0,0.4762882
META,2025-02-21,0001326801-25-000021,0.0045063605523029,0.0041405759436566,2025,XGB A - MARKET,1,0,0.4471962
AMD,2025-02-25,0000002488-25-000026,-0.0257875575012072,-0.0250247463750109,2025,XGB A - MARKET,0,0,0.48334295
AAPL,2025-02-26,0001140361-25-005876,-0.0294557814887705,-0.014366900983585,2025,XGB A - MARKET,0,0,0.44153988
NVDA,2025-02-27,0001045810-25-000021,-0.0570091876091523,-0.0755298447162823,2025,XGB A - MARKET,0,0,0.17986919
INTC,2025-03-03,0000050863-25-000024,-0.0198368594363603,-0.0621117671872429,2025,XGB A - MARKET,0,0,0.21158151
AVGO,2025-03-07,0001730168-25-000009,0.0790774784362973,0.0290087427576939,2025,XGB A - MARKET,1,1,0.5971994
NVDA,2025-03-10,0001045810-25-000039,-0.0119137100780268,-0.0043956317299868,2025,XGB A - MARKET,0,0,0.17114039
AMD,2025-03-12,0001193125-25-052173,0.0303685850006325,0.0222416905365828,2025,XGB A - MARKET,1,0,0.27155727
ADBE,2025-03-13,0000796343-25-000052,-0.1205412608085477,-0.0510743250681857,2025,XGB A - MARKET,0,1,0.5456602
INTC,2025-03-17,0000050863-25-000036,0.0617075905042487,0.0454178761114498,2025,XGB A - MARKET,1,1,0.54348105
GOOGL,2025-03-18,0001652044-25-000027,-0.0049867632368514,-0.0082311984909179,2025,XGB A - MARKET,0,0,0.4211616
QCOM,2025-03-21,0000804328-25-000018,-0.0104509259571374,-0.002386642931401,2025,XGB A - MARKET,0,1,0.6100206
AMD,2025-03-25,0001193125-25-061366,0.002725615769713,0.0093833488384558,2025,XGB A - MARKET,1,0,0.23043147
INTC,2025-03-28,0000050863-25-000060,-0.0121990495902265,-0.0047542578767548,2025,XGB A - MARKET,0,0,0.35283256
AMD,2025-03-31,0001193125-25-067902,-0.004607611090768,0.0097860053823615,2025,XGB A - MARKET,1,0,0.31760973
TSLA,2025-04-02,0001628280-25-016070,0.0459683221304736,0.0890868204927668,2025,XGB A - MARKET,1,0,0.2498671
AMZN,2025-04-10,0001104659-25-033450,-0.0091684982251557,-0.0064854061023468,2025,XGB A - MARKET,0,0,0.4114855
INTC,2025-04-14,0001193125-25-079727,0.0220972647630925,0.0014292953885868,2025,XGB A - MARKET,1,0,0.29922545
META,2025-04-14,0001326801-25-000027,-0.0290200944382612,-0.0293647441828373,2025,XGB A - MARKET,0,1,0.52891713
AMD,2025-04-16,0000002488-25-000039,-0.0433064565689217,0.0185627481562223,2025,XGB A - MARKET,1,0,0.46464202
NVDA,2025-04-16,0001045810-25-000082,-0.0385630135262662,0.0102271359876854,2025,XGB A - MARKET,1,0,0.34441355
GOOGL,2025-04-21,0001652044-25-000033,0.0016587433386546,0.0035560251051514,2025,XGB A - MARKET,1,0,0.4146691
INTC,2025-04-21,0000050863-25-000063,0.0199923705911453,0.0069290546754072,2025,XGB A - MARKET,1,1,0.54082584
NFLX,2025-04-21,0001065280-25-000175,0.0400391628791936,0.0152490233819946,2025,XGB A - MARKET,1,0,0.43576717
AVGO,2025-04-23,0001730168-25-000037,0.0205463669862371,0.0029855444945559,2025,XGB A - MARKET,1,1,0.5884256
TSLA,2025-04-23,0001628280-25-018851,0.0309841644011779,-0.0082865129631763,2025,XGB A - MARKET,0,0,0.32492423
ADBE,2025-04-25,0001628280-25-019665,0.0077209612752138,0.0046728138383749,2025,XGB A - MARKET,1,1,0.54624206
GOOGL,2025-04-25,0001652044-25-000040,0.0056778994371551,-0.0308112773153231,2025,XGB A - MARKET,0,1,0.63458806
INTC,2025-04-25,0000050863-25-000070,-0.0781559380933336,0.0042481582721847,2025,XGB A - MARKET,1,0,0.2522836
INTC,2025-04-30,0000050863-25-000079,-0.0116731889060959,0.0019332825517195,2025,XGB A - MARKET,1,1,0.541845
META,2025-05-01,0001326801-25-000050,0.0292160933553613,-0.0299808795034363,2025,XGB A - MARKET,0,0,0.49658936
MSFT,2025-05-01,0000950170-25-061032,0.0631928153940433,-0.0096660947445923,2025,XGB A - MARKET,0,0,0.45850924
QCOM,2025-05-01,0000804328-25-000029,-0.1023103583957897,-0.0222155047056927,2025,XGB A - MARKET,0,0,0.273249
AAPL,2025-05-02,0000320193-25-000055,-0.052205690118386,-0.0082972761924694,2025,XGB A - MARKET,0,0,0.47951323
AMZN,2025-05-02,0001018724-25-000034,-0.0160005867274706,-0.012333104577668,2025,XGB A - MARKET,0,0,0.22671045
GOOGL,2025-05-02,0001193125-25-110020,0.0020810221935769,-0.0009125517611037,2025,XGB A - MARKET,0,1,0.5275799
AMD,2025-05-07,0000002488-25-000045,0.0137175882183342,-0.0064016645852096,2025,XGB A - MARKET,0,1,0.57686794
GOOGL,2025-05-07,0001193125-25-113864,-0.0765227223990804,-0.0799319511126916,2025,XGB A - MARKET,0,1,0.70503277
INTC,2025-05-12,0000050863-25-000084,-0.0052593287332221,-0.0016963172561712,2025,XGB A - MARKET,0,0,0.18984635
AAPL,2025-05-13,0001140361-25-018400,-0.00508862121946,-0.0007482530042699,2025,XGB A - MARKET,0,0,0.37008953
QCOM,2025-05-14,0000804328-25-000034,0.0048435801702395,0.0032151150107322,2025,XGB A - MARKET,1,0,0.45636782
TSLA,2025-05-16,0001628280-25-026148,0.0165331778425057,0.0091692025166951,2025,XGB A - MARKET,1,1,0.69794375
AMD,2025-05-19,0001193125-25-122121,-0.0216977849193453,-0.0175440633833826,2025,XGB A - MARKET,0,0,0.42123204
TSLA,2025-05-19,0001104659-25-050072,-0.0235028714793165,0.0021070820905475,2025,XGB A - MARKET,1,1,0.5281046
AMZN,2025-05-23,0001104659-25-052014,-0.0011282693545375,0.004462575887919,2025,XGB A - MARKET,1,1,0.51677144
QCOM,2025-05-23,0001104659-25-051981,-0.004242624719401,0.0076209267357016,2025,XGB A - MARKET,1,0,0.38476482
NVDA,2025-05-29,0001045810-25-000115,0.0305243886578203,-0.0093516887077954,2025,XGB A - MARKET,0,0,0.43941596
META,2025-06-02,0001326801-25-000090,0.0282568199240662,0.0295976043525485,2025,XGB A - MARKET,1,1,0.551773
AVGO,2025-06-06,0001730168-25-000061,-0.0597886684685325,-0.0166126093078132,2025,XGB A - MARKET,0,0,0.34879082
NFLX,2025-06-09,0001065280-25-000286,-0.0151736835098013,-0.0126958762985833,2025,XGB A - MARKET,0,1,0.6269452
QCOM,2025-06-10,0001104659-25-057814,0.0173228379656831,0.0130999549417551,2025,XGB A - MARKET,1,0,0.27714217
ADBE,2025-06-13,0000796343-25-000064,-0.0406266323413929,-0.0007247828250706,2025,XGB A - MARKET,0,0,0.40997562
GOOGL,2025-06-13,0001193125-25-139948,0.0066923114918399,0.0142964171810643,2025,XGB A - MARKET,1,1,0.6670728
NFLX,2025-06-25,0001065280-25-000287,-0.0055741566587045,-0.0073462131758876,2025,XGB A - MARKET,0,1,0.6202743
NVDA,2025-07-01,0001045810-25-000179,-0.0212560583907467,-0.0141467933600969,2025,XGB A - MARKET,0,1,0.5716024
MSFT,2025-07-02,0001193125-25-154103,-0.0089162965547048,-0.0062507498849404,2025,XGB A - MARKET,0,0,0.4647711
TSLA,2025-07-02,0001628280-25-033842,0.04271712961961,0.0011642399947584,2025,XGB A - MARKET,1,0,0.41502014
AMD,2025-07-03,0000002488-25-000099,-0.0142439730970502,-0.0141217041121846,2025,XGB A - MARKET,0,1,0.6755821
AAPL,2025-07-09,0001140361-25-025275,-0.0016980836539071,0.0044916514460748,2025,XGB A - MARKET,1,1,0.611459
TSLA,2025-07-10,0001628280-25-034692,0.0487208091247157,0.035313697679322,2025,XGB A - MARKET,1,0,0.3739592
AVGO,2025-07-14,0001193125-25-158202,0.0008195192080375,0.0013550737362122,2025,XGB A - MARKET,1,1,0.73572135
NFLX,2025-07-18,0001065280-25-000322,-0.0499975415177276,-0.0230424182521934,2025,XGB A - MARKET,0,0,0.36934167
GOOGL,2025-07-21,0001193125-25-161225,0.0220496510900962,0.0169707770560356,2025,XGB A - MARKET,1,0,0.41685027
GOOGL,2025-07-24,0001652044-25-000056,0.0080696345424389,-0.0244539658420761,2025,XGB A - MARKET,0,0,0.46090376
TSLA,2025-07-24,0001628280-25-035738,-0.0840987337873635,-0.0149489978186739,2025,XGB A - MARKET,0,0,0.31627223
INTC,2025-07-25,0000050863-25-000107,-0.0876919415165468,-0.0015818526151998,2025,XGB A - MARKET,0,0,0.09076451
AAPL,2025-07-28,0001140361-25-027340,-0.0023302200023396,-0.0006111260640351,2025,XGB A - MARKET,0,1,0.51363945
META,2025-07-31,0001628280-25-036719,0.117826296679073,0.0143167337841138,2025,XGB A - MARKET,1,0,0.42519408
MSFT,2025-07-31,0000950170-25-100226,0.0447737908924121,-0.0225497722604536,2025,XGB A - MARKET,0,1,0.5500653
QCOM,2025-07-31,0000804328-25-000044,-0.0720300008780704,-0.0248863619758611,2025,XGB A - MARKET,0,0,0.29266343
AAPL,2025-08-01,0000320193-25-000071,-0.0053047361680511,-0.0314039135313497,2025,XGB A - MARKET,0,0,0.4980594
AMZN,2025-08-01,0001018724-25-000084,-0.0629972838598512,-0.0024676622350275,2025,XGB A - MARKET,0,0,0.296693
TSLA,2025-08-04,0001104659-25-073263,0.0034562938188973,-0.0084507110907907,2025,XGB A - MARKET,0,1,0.59180784
AMD,2025-08-06,0000002488-25-000106,-0.0767792551159853,-0.0227608621884095,2025,XGB A - MARKET,0,1,0.5665528
NVDA,2025-08-06,0001045810-25-000197,-0.0060758878424844,0.0064565517085208,2025,XGB A - MARKET,1,1,0.61363083
INTC,2025-08-15,0000050863-25-000123,0.0337351462987751,-0.0137500581431697,2025,XGB A - MARKET,0,0,0.08558786
INTC,2025-08-22,0000050863-25-000126,0.0398916783123206,0.035697893899141,2025,XGB A - MARKET,1,0,0.4637915
INTC,2025-08-25,0000050863-25-000129,-0.0071958813129945,-0.0371146494704082,2025,XGB A - MARKET,0,0,0.40699697
AMD,2025-08-26,0000002488-25-000147,0.015940550980585,-0.0169153478971797,2025,XGB A - MARKET,0,0,0.32631958
QCOM,2025-08-26,0000804328-25-000049,0.0135655495515913,0.0046989447523471,2025,XGB A - MARKET,1,0,0.4531749
NVDA,2025-08-28,0001045810-25-000207,-0.0141343969152345,-0.0087680656399758,2025,XGB A - MARKET,0,1,0.634259
INTC,2025-09-02,0000050863-25-000135,0.0026305286407352,0.006140630639668,2025,XGB A - MARKET,1,0,0.49724826
QCOM,2025-09-03,0000804328-25-000054,-0.0173144988752298,-0.0147755693053536,2025,XGB A - MARKET,0,1,0.7818595
GOOGL,2025-09-04,0001652044-25-000067,-0.0019414418568022,0.0036723763713513,2025,XGB A - MARKET,1,0,0.3363685
AVGO,2025-09-05,0001730168-25-000094,0.0926115240134093,-0.0510845448269031,2025,XGB A - MARKET,0,0,0.38322437
GOOGL,2025-09-08,0001652044-25-000074,-0.0080723979042452,-0.0069374926390231,2025,XGB A - MARKET,0,1,0.59178907
INTC,2025-09-08,0000050863-25-000147,-0.0052862644597848,-0.0008644985117161,2025,XGB A - MARKET,0,1,0.6740864
TSLA,2025-09-08,0001104659-25-087862,-0.017533273736493,-0.0240993857539852,2025,XGB A - MARKET,0,1,0.5640592
INTC,2025-09-09,0000050863-25-000149,-0.0044672677338561,-0.0051181296027199,2025,XGB A - MARKET,0,0,0.49828765
AVGO,2025-09-10,0001193125-25-199281,0.097394459658594,0.0565562438095068,2025,XGB A - MARKET,1,0,0.41400945
AVGO,2025-09-11,0001193125-25-200108,-0.0327163826339845,-0.0325572225186817,2025,XGB A - MARKET,0,0,0.44678015
ADBE,2025-09-12,0000796343-25-000102,-0.0078118643336309,-0.0352808597030378,2025,XGB A - MARKET,0,0,0.14688857
INTC,2025-09-15,0000050863-25-000153,0.0200975344640188,0.0125786238758711,2025,XGB A - MARKET,1,0,0.25883135
INTC,2025-09-19,0000050863-25-000155,-0.0391540449480576,-0.0297147352255693,2025,XGB A - MARKET,0,0,0.2209638
AVGO,2025-09-30,0001193125-25-223202,0.0033906219439023,-0.003877926645426,2025,XGB A - MARKET,0,0,0.3963404
INTC,2025-09-30,0000050863-25-000159,-0.0297114035864664,-0.0144413800249273,2025,XGB A - MARKET,0,1,0.70742875
MSFT,2025-10-01,0001193125-25-225125,-0.0013989708651802,-0.0006436331444079,2025,XGB A - MARKET,0,1,0.5352511
TSLA,2025-10-02,0001628280-25-043530,-0.0551709425757636,-0.0712141254541658,2025,XGB A - MARKET,0,1,0.54615
AMD,2025-10-06,0001193125-25-230895,0.229570120988193,-0.0992032878490386,2025,XGB A - MARKET,0,0,0.28934735
NFLX,2025-10-22,0001065280-25-000404,-0.0910467302021142,-0.0144868754701381,2025,XGB A - MARKET,0,0,0.43822536
TSLA,2025-10-23,0001628280-25-045861,0.0143969935936225,0.0596266578931594,2025,XGB A - MARKET,1,0,0.3128269
INTC,2025-10-24,0000050863-25-000169,-0.0075336544934081,-0.0452802558660202,2025,XGB A - MARKET,0,0,0.15451288
AMD,2025-10-27,0001193125-25-250803,0.0088791182612346,0.0012248442344606,2025,XGB A - MARKET,1,0,0.45006254
GOOGL,2025-10-30,0001652044-25-000087,0.0404553064820906,-0.0249909883258669,2025,XGB A - MARKET,0,0,0.4616841
META,2025-10-30,0001628280-25-047114,-0.0980589883325543,0.0056757715969477,2025,XGB A - MARKET,1,1,0.7243515
MSFT,2025-10-30,0001193125-25-256310,-0.0138683761493496,0.0007833855191289,2025,XGB A - MARKET,1,1,0.6495663
AAPL,2025-10-31,0000320193-25-000077,-0.0086190908457217,-0.0158577936073247,2025,XGB A - MARKET,0,1,0.54156977
AMZN,2025-10-31,0001018724-25-000121,0.0910209928407341,-0.0154686453287599,2025,XGB A - MARKET,0,0,0.26741424
NFLX,2025-10-31,0001065280-25-000407,0.0225957165317289,0.0202277147233559,2025,XGB A - MARKET,1,0,0.4015547
META,2025-11-04,0001193125-25-262593,0.0040052461336197,0.0053194633784826,2025,XGB A - MARKET,1,0,0.40775704
AMD,2025-11-05,0000002488-25-000163,0.0186069615352764,0.0460703512307747,2025,XGB A - MARKET,1,0,0.44617122
NFLX,2025-11-05,0001065280-25-000408,-0.0014757151073041,0.0046608043949261,2025,XGB A - MARKET,1,0,0.38791496
QCOM,2025-11-06,0000804328-25-000084,-0.0176512917249331,-0.0095962157532334,2025,XGB A - MARKET,0,0,0.25042963
GOOGL,2025-11-07,0001193125-25-269979,-0.0176350096258526,-0.0178163363697554,2025,XGB A - MARKET,0,0,0.33759478
TSLA,2025-11-10,0001104659-25-108507,0.0144515590875045,0.0058433687483856,2025,XGB A - MARKET,1,0,0.38678682
INTC,2025-11-13,0000050863-25-000194,-0.0318405737186725,-0.0216899047438533,2025,XGB A - MARKET,0,0,0.1733808
NFLX,2025-11-17,0001065280-25-000450,0.0002054033846309,0.0002008137027038,2025,XGB A - MARKET,1,0,0.33235008
NVDA,2025-11-20,0001045810-25-000228,-0.0078528975617969,-0.0357038398791261,2025,XGB A - MARKET,0,0,0.2398667
AMZN,2025-11-21,0001104659-25-114647,0.0088361750757295,0.0156342498592421,2025,XGB A - MARKET,1,0,0.34942144
NFLX,2025-12-05,0001193125-25-308651,-0.0329477561125077,0.0130186022785119,2025,XGB A - MARKET,1,0,0.3209014
AAPL,2025-12-08,0001140361-25-044561,-0.0012741476869497,0.0038085990912825,2025,XGB A - MARKET,1,0,0.37692562
MSFT,2025-12-09,0001193125-25-311196,0.0008032674339999,0.0026957237860334,2025,XGB A - MARKET,1,0,0.32222947
ADBE,2025-12-11,0000796343-25-000135,0.0245091460598039,0.0228774691762878,2025,XGB A - MARKET,1,0,0.2851586
QCOM,2025-12-11,0000804328-25-000096,-0.0019244703155916,-0.0033726509227647,2025,XGB A - MARKET,0,0,0.106107764
AVGO,2025-12-12,0001730168-25-000116,-0.0951618579528871,-0.0391165013644733,2025,XGB A - MARKET,0,0,0.41727668
META,2025-12-15,0001628280-25-056768,0.010930663174681,0.015465505175654,2025,XGB A - MARKET,1,0,0.37333727
AMD,2025-12-16,0000002488-25-000182,0.0056778767854142,0.0051361059163674,2025,XGB A - MARKET,1,0,0.36448902
QCOM,2025-12-17,0000804328-25-000098,-0.002925698287378,-0.0008283971940326,2025,XGB A - MARKET,0,1,0.60795736
META,2025-12-22,0001628280-25-058337,-0.0006495058100002,0.0032172962513938,2025,XGB A - MARKET,1,0,0.2289678
NFLX,2025-12-22,0001193125-25-327462,-0.0170829252514201,-0.0121825657089167,2025,XGB A - MARKET,0,0,0.4242044
INTC,2025-12-29,0000050863-25-000204,0.0181002407565633,0.0173642319969709,2025,XGB A - MARKET,1,0,0.32062775
TSLA,2025-01-02,0001628280-25-000007,-0.0588601436660173,-0.0198228720118325,2025,XGB B - MARKET + SEC,0,0,0.44051814
AAPL,2025-01-06,0001140361-25-000228,-0.0047540378227144,0.001832041351172,2025,XGB B - MARKET + SEC,1,1,0.69896525
META,2025-01-07,0001326801-25-000005,-0.0016892091507633,-0.0020552619732235,2025,XGB B - MARKET + SEC,0,0,0.36040384
AVGO,2025-01-13,0001193125-25-004476,0.0075826962484965,0.0153928554230622,2025,XGB B - MARKET + SEC,1,1,0.69566846
AVGO,2025-01-14,0001193125-25-005318,-0.0016694149650476,-0.0010593134717623,2025,XGB B - MARKET + SEC,0,0,0.2745693
ADBE,2025-01-21,0001193125-25-008409,0.0089492434486455,0.0065448583843421,2025,XGB B - MARKET + SEC,1,0,0.28415173
NVDA,2025-01-21,0001045810-25-000007,0.0167913299142159,0.0113904192897718,2025,XGB B - MARKET + SEC,1,0,0.28403735
NFLX,2025-01-22,0001065280-25-000033,0.0841577842080263,-0.0477902767738838,2025,XGB B - MARKET + SEC,0,0,0.23244561
MSFT,2025-01-23,0001193125-25-010492,-0.0009831865408345,0.0038512412938136,2025,XGB B - MARKET + SEC,1,1,0.5059943
META,2025-01-30,0001326801-25-000014,0.0112738581852596,-0.012832297766722,2025,XGB B - MARKET + SEC,0,1,0.5997983
MSFT,2025-01-30,0000950170-25-010484,-0.0660713284405873,-0.0077661272230343,2025,XGB B - MARKET + SEC,0,1,0.59924966
TSLA,2025-01-30,0001628280-25-002993,0.0244707278025142,-0.0243008230296973,2025,XGB B - MARKET + SEC,0,0,0.41184396
AAPL,2025-01-31,0000320193-25-000007,-0.0052391330061739,-0.0364819088078013,2025,XGB B - MARKET + SEC,0,0,0.3283906
ADBE,2025-01-31,0000796343-25-000036,-0.0177173394587626,-0.0125339390371581,2025,XGB B - MARKET + SEC,0,0,0.47793424
INTC,2025-01-31,0000050863-25-000004,-0.0275324663433832,-0.024546414320429,2025,XGB B - MARKET + SEC,0,1,0.50103444
AMD,2025-02-05,0000002488-25-000009,-0.0672156317243187,0.0312491289416219,2025,XGB B - MARKET + SEC,1,0,0.119139686
GOOGL,2025-02-05,0001652044-25-000010,-0.0774615030031682,-0.0082785492423809,2025,XGB B - MARKET + SEC,0,0,0.11106141
QCOM,2025-02-06,0000804328-25-000010,-0.0424084291589017,0.004570433064295,2025,XGB B - MARKET + SEC,1,0,0.12051007
AMZN,2025-02-07,0001018724-25-000002,-0.0279174699324333,-0.0007895248846888,2025,XGB B - MARKET + SEC,0,0,0.43677053
META,2025-02-21,0001326801-25-000021,0.0045063605523029,0.0041405759436566,2025,XGB B - MARKET + SEC,1,1,0.56306976
AMD,2025-02-25,0000002488-25-000026,-0.0257875575012072,-0.0250247463750109,2025,XGB B - MARKET + SEC,0,1,0.5687853
AAPL,2025-02-26,0001140361-25-005876,-0.0294557814887705,-0.014366900983585,2025,XGB B - MARKET + SEC,0,0,0.41710222
NVDA,2025-02-27,0001045810-25-000021,-0.0570091876091523,-0.0755298447162823,2025,XGB B - MARKET + SEC,0,0,0.19065568
INTC,2025-03-03,0000050863-25-000024,-0.0198368594363603,-0.0621117671872429,2025,XGB B - MARKET + SEC,0,0,0.19732118
AVGO,2025-03-07,0001730168-25-000009,0.0790774784362973,0.0290087427576939,2025,XGB B - MARKET + SEC,1,1,0.60949147
NVDA,2025-03-10,0001045810-25-000039,-0.0119137100780268,-0.0043956317299868,2025,XGB B - MARKET + SEC,0,0,0.3040232
AMD,2025-03-12,0001193125-25-052173,0.0303685850006325,0.0222416905365828,2025,XGB B - MARKET + SEC,1,0,0.29996508
ADBE,2025-03-13,0000796343-25-000052,-0.1205412608085477,-0.0510743250681857,2025,XGB B - MARKET + SEC,0,1,0.6144401
INTC,2025-03-17,0000050863-25-000036,0.0617075905042487,0.0454178761114498,2025,XGB B - MARKET + SEC,1,1,0.5746744
GOOGL,2025-03-18,0001652044-25-000027,-0.0049867632368514,-0.0082311984909179,2025,XGB B - MARKET + SEC,0,0,0.38134852
QCOM,2025-03-21,0000804328-25-000018,-0.0104509259571374,-0.002386642931401,2025,XGB B - MARKET + SEC,0,1,0.54426634
AMD,2025-03-25,0001193125-25-061366,0.002725615769713,0.0093833488384558,2025,XGB B - MARKET + SEC,1,0,0.36623773
INTC,2025-03-28,0000050863-25-000060,-0.0121990495902265,-0.0047542578767548,2025,XGB B - MARKET + SEC,0,0,0.32439286
AMD,2025-03-31,0001193125-25-067902,-0.004607611090768,0.0097860053823615,2025,XGB B - MARKET + SEC,1,0,0.36095977
TSLA,2025-04-02,0001628280-25-016070,0.0459683221304736,0.0890868204927668,2025,XGB B - MARKET + SEC,1,0,0.25936517
AMZN,2025-04-10,0001104659-25-033450,-0.0091684982251557,-0.0064854061023468,2025,XGB B - MARKET + SEC,0,0,0.40455726
INTC,2025-04-14,0001193125-25-079727,0.0220972647630925,0.0014292953885868,2025,XGB B - MARKET + SEC,1,0,0.27034426
META,2025-04-14,0001326801-25-000027,-0.0290200944382612,-0.0293647441828373,2025,XGB B - MARKET + SEC,0,0,0.41814336
AMD,2025-04-16,0000002488-25-000039,-0.0433064565689217,0.0185627481562223,2025,XGB B - MARKET + SEC,1,1,0.5364619
NVDA,2025-04-16,0001045810-25-000082,-0.0385630135262662,0.0102271359876854,2025,XGB B - MARKET + SEC,1,0,0.30165467
GOOGL,2025-04-21,0001652044-25-000033,0.0016587433386546,0.0035560251051514,2025,XGB B - MARKET + SEC,1,0,0.39493072
INTC,2025-04-21,0000050863-25-000063,0.0199923705911453,0.0069290546754072,2025,XGB B - MARKET + SEC,1,0,0.43848494
NFLX,2025-04-21,0001065280-25-000175,0.0400391628791936,0.0152490233819946,2025,XGB B - MARKET + SEC,1,0,0.36575896
AVGO,2025-04-23,0001730168-25-000037,0.0205463669862371,0.0029855444945559,2025,XGB B - MARKET + SEC,1,1,0.55610055
TSLA,2025-04-23,0001628280-25-018851,0.0309841644011779,-0.0082865129631763,2025,XGB B - MARKET + SEC,0,0,0.23566638
ADBE,2025-04-25,0001628280-25-019665,0.0077209612752138,0.0046728138383749,2025,XGB B - MARKET + SEC,1,0,0.48571226
GOOGL,2025-04-25,0001652044-25-000040,0.0056778994371551,-0.0308112773153231,2025,XGB B - MARKET + SEC,0,1,0.6897567
INTC,2025-04-25,0000050863-25-000070,-0.0781559380933336,0.0042481582721847,2025,XGB B - MARKET + SEC,1,0,0.21495163
INTC,2025-04-30,0000050863-25-000079,-0.0116731889060959,0.0019332825517195,2025,XGB B - MARKET + SEC,1,1,0.5158977
META,2025-05-01,0001326801-25-000050,0.0292160933553613,-0.0299808795034363,2025,XGB B - MARKET + SEC,0,0,0.49549457
MSFT,2025-05-01,0000950170-25-061032,0.0631928153940433,-0.0096660947445923,2025,XGB B - MARKET + SEC,0,0,0.42809853
QCOM,2025-05-01,0000804328-25-000029,-0.1023103583957897,-0.0222155047056927,2025,XGB B - MARKET + SEC,0,0,0.23292744
AAPL,2025-05-02,0000320193-25-000055,-0.052205690118386,-0.0082972761924694,2025,XGB B - MARKET + SEC,0,1,0.54261065
AMZN,2025-05-02,0001018724-25-000034,-0.0160005867274706,-0.012333104577668,2025,XGB B - MARKET + SEC,0,0,0.28771552
GOOGL,2025-05-02,0001193125-25-110020,0.0020810221935769,-0.0009125517611037,2025,XGB B - MARKET + SEC,0,1,0.5650291
AMD,2025-05-07,0000002488-25-000045,0.0137175882183342,-0.0064016645852096,2025,XGB B - MARKET + SEC,0,1,0.5691486
GOOGL,2025-05-07,0001193125-25-113864,-0.0765227223990804,-0.0799319511126916,2025,XGB B - MARKET + SEC,0,1,0.6569569
INTC,2025-05-12,0000050863-25-000084,-0.0052593287332221,-0.0016963172561712,2025,XGB B - MARKET + SEC,0,0,0.084972925
AAPL,2025-05-13,0001140361-25-018400,-0.00508862121946,-0.0007482530042699,2025,XGB B - MARKET + SEC,0,0,0.28977352
QCOM,2025-05-14,0000804328-25-000034,0.0048435801702395,0.0032151150107322,2025,XGB B - MARKET + SEC,1,0,0.4071245
TSLA,2025-05-16,0001628280-25-026148,0.0165331778425057,0.0091692025166951,2025,XGB B - MARKET + SEC,1,1,0.70159566
AMD,2025-05-19,0001193125-25-122121,-0.0216977849193453,-0.0175440633833826,2025,XGB B - MARKET + SEC,0,0,0.27622923
TSLA,2025-05-19,0001104659-25-050072,-0.0235028714793165,0.0021070820905475,2025,XGB B - MARKET + SEC,1,0,0.49349537
AMZN,2025-05-23,0001104659-25-052014,-0.0011282693545375,0.004462575887919,2025,XGB B - MARKET + SEC,1,1,0.51329863
QCOM,2025-05-23,0001104659-25-051981,-0.004242624719401,0.0076209267357016,2025,XGB B - MARKET + SEC,1,0,0.45729667
NVDA,2025-05-29,0001045810-25-000115,0.0305243886578203,-0.0093516887077954,2025,XGB B - MARKET + SEC,0,0,0.31901118
META,2025-06-02,0001326801-25-000090,0.0282568199240662,0.0295976043525485,2025,XGB B - MARKET + SEC,1,1,0.5092602
AVGO,2025-06-06,0001730168-25-000061,-0.0597886684685325,-0.0166126093078132,2025,XGB B - MARKET + SEC,0,0,0.32501018
NFLX,2025-06-09,0001065280-25-000286,-0.0151736835098013,-0.0126958762985833,2025,XGB B - MARKET + SEC,0,1,0.7222657
QCOM,2025-06-10,0001104659-25-057814,0.0173228379656831,0.0130999549417551,2025,XGB B - MARKET + SEC,1,0,0.29797286
ADBE,2025-06-13,0000796343-25-000064,-0.0406266323413929,-0.0007247828250706,2025,XGB B - MARKET + SEC,0,0,0.38624072
GOOGL,2025-06-13,0001193125-25-139948,0.0066923114918399,0.0142964171810643,2025,XGB B - MARKET + SEC,1,1,0.7941116
NFLX,2025-06-25,0001065280-25-000287,-0.0055741566587045,-0.0073462131758876,2025,XGB B - MARKET + SEC,0,1,0.5776833
NVDA,2025-07-01,0001045810-25-000179,-0.0212560583907467,-0.0141467933600969,2025,XGB B - MARKET + SEC,0,1,0.6510743
MSFT,2025-07-02,0001193125-25-154103,-0.0089162965547048,-0.0062507498849404,2025,XGB B - MARKET + SEC,0,0,0.4653489
TSLA,2025-07-02,0001628280-25-033842,0.04271712961961,0.0011642399947584,2025,XGB B - MARKET + SEC,1,0,0.23687318
AMD,2025-07-03,0000002488-25-000099,-0.0142439730970502,-0.0141217041121846,2025,XGB B - MARKET + SEC,0,1,0.6399807
AAPL,2025-07-09,0001140361-25-025275,-0.0016980836539071,0.0044916514460748,2025,XGB B - MARKET + SEC,1,1,0.7089434
TSLA,2025-07-10,0001628280-25-034692,0.0487208091247157,0.035313697679322,2025,XGB B - MARKET + SEC,1,0,0.3531213
AVGO,2025-07-14,0001193125-25-158202,0.0008195192080375,0.0013550737362122,2025,XGB B - MARKET + SEC,1,1,0.7234089
NFLX,2025-07-18,0001065280-25-000322,-0.0499975415177276,-0.0230424182521934,2025,XGB B - MARKET + SEC,0,0,0.2462797
GOOGL,2025-07-21,0001193125-25-161225,0.0220496510900962,0.0169707770560356,2025,XGB B - MARKET + SEC,1,0,0.34422287
GOOGL,2025-07-24,0001652044-25-000056,0.0080696345424389,-0.0244539658420761,2025,XGB B - MARKET + SEC,0,0,0.3228204
TSLA,2025-07-24,0001628280-25-035738,-0.0840987337873635,-0.0149489978186739,2025,XGB B - MARKET + SEC,0,0,0.3180862
INTC,2025-07-25,0000050863-25-000107,-0.0876919415165468,-0.0015818526151998,2025,XGB B - MARKET + SEC,0,0,0.1268926
AAPL,2025-07-28,0001140361-25-027340,-0.0023302200023396,-0.0006111260640351,2025,XGB B - MARKET + SEC,0,0,0.4725971
META,2025-07-31,0001628280-25-036719,0.117826296679073,0.0143167337841138,2025,XGB B - MARKET + SEC,1,0,0.34081805
MSFT,2025-07-31,0000950170-25-100226,0.0447737908924121,-0.0225497722604536,2025,XGB B - MARKET + SEC,0,1,0.5068125
QCOM,2025-07-31,0000804328-25-000044,-0.0720300008780704,-0.0248863619758611,2025,XGB B - MARKET + SEC,0,0,0.27593723
AAPL,2025-08-01,0000320193-25-000071,-0.0053047361680511,-0.0314039135313497,2025,XGB B - MARKET + SEC,0,0,0.45681286
AMZN,2025-08-01,0001018724-25-000084,-0.0629972838598512,-0.0024676622350275,2025,XGB B - MARKET + SEC,0,0,0.23708321
TSLA,2025-08-04,0001104659-25-073263,0.0034562938188973,-0.0084507110907907,2025,XGB B - MARKET + SEC,0,1,0.73531824
AMD,2025-08-06,0000002488-25-000106,-0.0767792551159853,-0.0227608621884095,2025,XGB B - MARKET + SEC,0,1,0.51409
NVDA,2025-08-06,0001045810-25-000197,-0.0060758878424844,0.0064565517085208,2025,XGB B - MARKET + SEC,1,1,0.5719432
INTC,2025-08-15,0000050863-25-000123,0.0337351462987751,-0.0137500581431697,2025,XGB B - MARKET + SEC,0,0,0.11311035
INTC,2025-08-22,0000050863-25-000126,0.0398916783123206,0.035697893899141,2025,XGB B - MARKET + SEC,1,1,0.6055126
INTC,2025-08-25,0000050863-25-000129,-0.0071958813129945,-0.0371146494704082,2025,XGB B - MARKET + SEC,0,0,0.44442588
AMD,2025-08-26,0000002488-25-000147,0.015940550980585,-0.0169153478971797,2025,XGB B - MARKET + SEC,0,0,0.44735253
QCOM,2025-08-26,0000804328-25-000049,0.0135655495515913,0.0046989447523471,2025,XGB B - MARKET + SEC,1,0,0.4901867
NVDA,2025-08-28,0001045810-25-000207,-0.0141343969152345,-0.0087680656399758,2025,XGB B - MARKET + SEC,0,1,0.6520474
INTC,2025-09-02,0000050863-25-000135,0.0026305286407352,0.006140630639668,2025,XGB B - MARKET + SEC,1,1,0.57953125
QCOM,2025-09-03,0000804328-25-000054,-0.0173144988752298,-0.0147755693053536,2025,XGB B - MARKET + SEC,0,1,0.72453105
GOOGL,2025-09-04,0001652044-25-000067,-0.0019414418568022,0.0036723763713513,2025,XGB B - MARKET + SEC,1,0,0.30797708
AVGO,2025-09-05,0001730168-25-000094,0.0926115240134093,-0.0510845448269031,2025,XGB B - MARKET + SEC,0,0,0.34755078
GOOGL,2025-09-08,0001652044-25-000074,-0.0080723979042452,-0.0069374926390231,2025,XGB B - MARKET + SEC,0,1,0.54302037
INTC,2025-09-08,0000050863-25-000147,-0.0052862644597848,-0.0008644985117161,2025,XGB B - MARKET + SEC,0,1,0.6836148
TSLA,2025-09-08,0001104659-25-087862,-0.017533273736493,-0.0240993857539852,2025,XGB B - MARKET + SEC,0,0,0.43956834
INTC,2025-09-09,0000050863-25-000149,-0.0044672677338561,-0.0051181296027199,2025,XGB B - MARKET + SEC,0,1,0.5301732
AVGO,2025-09-10,0001193125-25-199281,0.097394459658594,0.0565562438095068,2025,XGB B - MARKET + SEC,1,0,0.47478035
AVGO,2025-09-11,0001193125-25-200108,-0.0327163826339845,-0.0325572225186817,2025,XGB B - MARKET + SEC,0,0,0.37942
ADBE,2025-09-12,0000796343-25-000102,-0.0078118643336309,-0.0352808597030378,2025,XGB B - MARKET + SEC,0,0,0.14476487
INTC,2025-09-15,0000050863-25-000153,0.0200975344640188,0.0125786238758711,2025,XGB B - MARKET + SEC,1,0,0.34742227
INTC,2025-09-19,0000050863-25-000155,-0.0391540449480576,-0.0297147352255693,2025,XGB B - MARKET + SEC,0,0,0.21886571
AVGO,2025-09-30,0001193125-25-223202,0.0033906219439023,-0.003877926645426,2025,XGB B - MARKET + SEC,0,0,0.4198802
INTC,2025-09-30,0000050863-25-000159,-0.0297114035864664,-0.0144413800249273,2025,XGB B - MARKET + SEC,0,1,0.76436746
MSFT,2025-10-01,0001193125-25-225125,-0.0013989708651802,-0.0006436331444079,2025,XGB B - MARKET + SEC,0,0,0.4203359
TSLA,2025-10-02,0001628280-25-043530,-0.0551709425757636,-0.0712141254541658,2025,XGB B - MARKET + SEC,0,1,0.57867336
AMD,2025-10-06,0001193125-25-230895,0.229570120988193,-0.0992032878490386,2025,XGB B - MARKET + SEC,0,0,0.35028258
NFLX,2025-10-22,0001065280-25-000404,-0.0910467302021142,-0.0144868754701381,2025,XGB B - MARKET + SEC,0,1,0.60613656
TSLA,2025-10-23,0001628280-25-045861,0.0143969935936225,0.0596266578931594,2025,XGB B - MARKET + SEC,1,0,0.24054769
INTC,2025-10-24,0000050863-25-000169,-0.0075336544934081,-0.0452802558660202,2025,XGB B - MARKET + SEC,0,0,0.19368732
AMD,2025-10-27,0001193125-25-250803,0.0088791182612346,0.0012248442344606,2025,XGB B - MARKET + SEC,1,0,0.48798043
GOOGL,2025-10-30,0001652044-25-000087,0.0404553064820906,-0.0249909883258669,2025,XGB B - MARKET + SEC,0,1,0.52574766
META,2025-10-30,0001628280-25-047114,-0.0980589883325543,0.0056757715969477,2025,XGB B - MARKET + SEC,1,1,0.6533203
MSFT,2025-10-30,0001193125-25-256310,-0.0138683761493496,0.0007833855191289,2025,XGB B - MARKET + SEC,1,0,0.4594554
AAPL,2025-10-31,0000320193-25-000077,-0.0086190908457217,-0.0158577936073247,2025,XGB B - MARKET + SEC,0,1,0.65984875
AMZN,2025-10-31,0001018724-25-000121,0.0910209928407341,-0.0154686453287599,2025,XGB B - MARKET + SEC,0,0,0.3211723
NFLX,2025-10-31,0001065280-25-000407,0.0225957165317289,0.0202277147233559,2025,XGB B - MARKET + SEC,1,0,0.49382213
META,2025-11-04,0001193125-25-262593,0.0040052461336197,0.0053194633784826,2025,XGB B - MARKET + SEC,1,0,0.3539923
AMD,2025-11-05,0000002488-25-000163,0.0186069615352764,0.0460703512307747,2025,XGB B - MARKET + SEC,1,0,0.47690055
NFLX,2025-11-05,0001065280-25-000408,-0.0014757151073041,0.0046608043949261,2025,XGB B - MARKET + SEC,1,0,0.42255765
QCOM,2025-11-06,0000804328-25-000084,-0.0176512917249331,-0.0095962157532334,2025,XGB B - MARKET + SEC,0,0,0.2646104
GOOGL,2025-11-07,0001193125-25-269979,-0.0176350096258526,-0.0178163363697554,2025,XGB B - MARKET + SEC,0,0,0.33419946
TSLA,2025-11-10,0001104659-25-108507,0.0144515590875045,0.0058433687483856,2025,XGB B - MARKET + SEC,1,0,0.265606
INTC,2025-11-13,0000050863-25-000194,-0.0318405737186725,-0.0216899047438533,2025,XGB B - MARKET + SEC,0,0,0.13380313
NFLX,2025-11-17,0001065280-25-000450,0.0002054033846309,0.0002008137027038,2025,XGB B - MARKET + SEC,1,0,0.32763502
NVDA,2025-11-20,0001045810-25-000228,-0.0078528975617969,-0.0357038398791261,2025,XGB B - MARKET + SEC,0,0,0.22206344
AMZN,2025-11-21,0001104659-25-114647,0.0088361750757295,0.0156342498592421,2025,XGB B - MARKET + SEC,1,0,0.33645523
NFLX,2025-12-05,0001193125-25-308651,-0.0329477561125077,0.0130186022785119,2025,XGB B - MARKET + SEC,1,0,0.2860156
AAPL,2025-12-08,0001140361-25-044561,-0.0012741476869497,0.0038085990912825,2025,XGB B - MARKET + SEC,1,0,0.28282344
MSFT,2025-12-09,0001193125-25-311196,0.0008032674339999,0.0026957237860334,2025,XGB B - MARKET + SEC,1,0,0.30986157
ADBE,2025-12-11,0000796343-25-000135,0.0245091460598039,0.0228774691762878,2025,XGB B - MARKET + SEC,1,0,0.35613024
QCOM,2025-12-11,0000804328-25-000096,-0.0019244703155916,-0.0033726509227647,2025,XGB B - MARKET + SEC,0,0,0.17375186
AVGO,2025-12-12,0001730168-25-000116,-0.0951618579528871,-0.0391165013644733,2025,XGB B - MARKET + SEC,0,0,0.4854769
META,2025-12-15,0001628280-25-056768,0.010930663174681,0.015465505175654,2025,XGB B - MARKET + SEC,1,0,0.38041392
AMD,2025-12-16,0000002488-25-000182,0.0056778767854142,0.0051361059163674,2025,XGB B - MARKET + SEC,1,0,0.42423314
QCOM,2025-12-17,0000804328-25-000098,-0.002925698287378,-0.0008283971940326,2025,XGB B - MARKET + SEC,0,1,0.7329588
META,2025-12-22,0001628280-25-058337,-0.0006495058100002,0.0032172962513938,2025,XGB B - MARKET + SEC,1,0,0.34006798
NFLX,2025-12-22,0001193125-25-327462,-0.0170829252514201,-0.0121825657089167,2025,XGB B - MARKET + SEC,0,0,0.28126863
INTC,2025-12-29,0000050863-25-000204,0.0181002407565633,0.0173642319969709,2025,XGB B - MARKET + SEC,1,0,0.34841442
TSLA,2025-01-02,0001628280-25-000007,-0.0588601436660173,-0.0198228720118325,2025,XGB C - MARKET + SEC + FINBERT,0,0,0.45849228
AAPL,2025-01-06,0001140361-25-000228,-0.0047540378227144,0.001832041351172,2025,XGB C - MARKET + SEC + FINBERT,1,1,0.6883288
META,2025-01-07,0001326801-25-000005,-0.0016892091507633,-0.0020552619732235,2025,XGB C - MARKET + SEC + FINBERT,0,0,0.35810554
AVGO,2025-01-13,0001193125-25-004476,0.0075826962484965,0.0153928554230622,2025,XGB C - MARKET + SEC + FINBERT,1,1,0.70859
AVGO,2025-01-14,0001193125-25-005318,-0.0016694149650476,-0.0010593134717623,2025,XGB C - MARKET + SEC + FINBERT,0,0,0.2742295
ADBE,2025-01-21,0001193125-25-008409,0.0089492434486455,0.0065448583843421,2025,XGB C - MARKET + SEC + FINBERT,1,0,0.37087414
NVDA,2025-01-21,0001045810-25-000007,0.0167913299142159,0.0113904192897718,2025,XGB C - MARKET + SEC + FINBERT,1,0,0.36960453
NFLX,2025-01-22,0001065280-25-000033,0.0841577842080263,-0.0477902767738838,2025,XGB C - MARKET + SEC + FINBERT,0,0,0.23995237
MSFT,2025-01-23,0001193125-25-010492,-0.0009831865408345,0.0038512412938136,2025,XGB C - MARKET + SEC + FINBERT,1,1,0.540752
META,2025-01-30,0001326801-25-000014,0.0112738581852596,-0.012832297766722,2025,XGB C - MARKET + SEC + FINBERT,0,1,0.57128334
MSFT,2025-01-30,0000950170-25-010484,-0.0660713284405873,-0.0077661272230343,2025,XGB C - MARKET + SEC + FINBERT,0,1,0.71759474
TSLA,2025-01-30,0001628280-25-002993,0.0244707278025142,-0.0243008230296973,2025,XGB C - MARKET + SEC + FINBERT,0,0,0.34723702
AAPL,2025-01-31,0000320193-25-000007,-0.0052391330061739,-0.0364819088078013,2025,XGB C - MARKET + SEC + FINBERT,0,0,0.38959557
ADBE,2025-01-31,0000796343-25-000036,-0.0177173394587626,-0.0125339390371581,2025,XGB C - MARKET + SEC + FINBERT,0,1,0.54120755
INTC,2025-01-31,0000050863-25-000004,-0.0275324663433832,-0.024546414320429,2025,XGB C - MARKET + SEC + FINBERT,0,0,0.4422482
AMD,2025-02-05,0000002488-25-000009,-0.0672156317243187,0.0312491289416219,2025,XGB C - MARKET + SEC + FINBERT,1,0,0.16478029
GOOGL,2025-02-05,0001652044-25-000010,-0.0774615030031682,-0.0082785492423809,2025,XGB C - MARKET + SEC + FINBERT,0,0,0.16777802
QCOM,2025-02-06,0000804328-25-000010,-0.0424084291589017,0.004570433064295,2025,XGB C - MARKET + SEC + FINBERT,1,0,0.14029308
AMZN,2025-02-07,0001018724-25-000002,-0.0279174699324333,-0.0007895248846888,2025,XGB C - MARKET + SEC + FINBERT,0,1,0.5703887
META,2025-02-21,0001326801-25-000021,0.0045063605523029,0.0041405759436566,2025,XGB C - MARKET + SEC + FINBERT,1,1,0.5620141
AMD,2025-02-25,0000002488-25-000026,-0.0257875575012072,-0.0250247463750109,2025,XGB C - MARKET + SEC + FINBERT,0,1,0.5446715
AAPL,2025-02-26,0001140361-25-005876,-0.0294557814887705,-0.014366900983585,2025,XGB C - MARKET + SEC + FINBERT,0,1,0.5234204
NVDA,2025-02-27,0001045810-25-000021,-0.0570091876091523,-0.0755298447162823,2025,XGB C - MARKET + SEC + FINBERT,0,0,0.3099458
INTC,2025-03-03,0000050863-25-000024,-0.0198368594363603,-0.0621117671872429,2025,XGB C - MARKET + SEC + FINBERT,0,0,0.19546375
AVGO,2025-03-07,0001730168-25-000009,0.0790774784362973,0.0290087427576939,2025,XGB C - MARKET + SEC + FINBERT,1,1,0.57514
NVDA,2025-03-10,0001045810-25-000039,-0.0119137100780268,-0.0043956317299868,2025,XGB C - MARKET + SEC + FINBERT,0,0,0.24056871
AMD,2025-03-12,0001193125-25-052173,0.0303685850006325,0.0222416905365828,2025,XGB C - MARKET + SEC + FINBERT,1,0,0.30814803
ADBE,2025-03-13,0000796343-25-000052,-0.1205412608085477,-0.0510743250681857,2025,XGB C - MARKET + SEC + FINBERT,0,0,0.38290712
INTC,2025-03-17,0000050863-25-000036,0.0617075905042487,0.0454178761114498,2025,XGB C - MARKET + SEC + FINBERT,1,1,0.5144068
GOOGL,2025-03-18,0001652044-25-000027,-0.0049867632368514,-0.0082311984909179,2025,XGB C - MARKET + SEC + FINBERT,0,0,0.4495176
QCOM,2025-03-21,0000804328-25-000018,-0.0104509259571374,-0.002386642931401,2025,XGB C - MARKET + SEC + FINBERT,0,0,0.45782098
AMD,2025-03-25,0001193125-25-061366,0.002725615769713,0.0093833488384558,2025,XGB C - MARKET + SEC + FINBERT,1,0,0.23567514
INTC,2025-03-28,0000050863-25-000060,-0.0121990495902265,-0.0047542578767548,2025,XGB C - MARKET + SEC + FINBERT,0,0,0.31010163
AMD,2025-03-31,0001193125-25-067902,-0.004607611090768,0.0097860053823615,2025,XGB C - MARKET + SEC + FINBERT,1,0,0.39515942
TSLA,2025-04-02,0001628280-25-016070,0.0459683221304736,0.0890868204927668,2025,XGB C - MARKET + SEC + FINBERT,1,0,0.32004896
AMZN,2025-04-10,0001104659-25-033450,-0.0091684982251557,-0.0064854061023468,2025,XGB C - MARKET + SEC + FINBERT,0,0,0.3413062
INTC,2025-04-14,0001193125-25-079727,0.0220972647630925,0.0014292953885868,2025,XGB C - MARKET + SEC + FINBERT,1,0,0.42528203
META,2025-04-14,0001326801-25-000027,-0.0290200944382612,-0.0293647441828373,2025,XGB C - MARKET + SEC + FINBERT,0,0,0.38913122
AMD,2025-04-16,0000002488-25-000039,-0.0433064565689217,0.0185627481562223,2025,XGB C - MARKET + SEC + FINBERT,1,1,0.500985
NVDA,2025-04-16,0001045810-25-000082,-0.0385630135262662,0.0102271359876854,2025,XGB C - MARKET + SEC + FINBERT,1,0,0.37696856
GOOGL,2025-04-21,0001652044-25-000033,0.0016587433386546,0.0035560251051514,2025,XGB C - MARKET + SEC + FINBERT,1,0,0.4004842
INTC,2025-04-21,0000050863-25-000063,0.0199923705911453,0.0069290546754072,2025,XGB C - MARKET + SEC + FINBERT,1,0,0.45882562
NFLX,2025-04-21,0001065280-25-000175,0.0400391628791936,0.0152490233819946,2025,XGB C - MARKET + SEC + FINBERT,1,0,0.3228393
AVGO,2025-04-23,0001730168-25-000037,0.0205463669862371,0.0029855444945559,2025,XGB C - MARKET + SEC + FINBERT,1,1,0.5643205
TSLA,2025-04-23,0001628280-25-018851,0.0309841644011779,-0.0082865129631763,2025,XGB C - MARKET + SEC + FINBERT,0,0,0.25999695
ADBE,2025-04-25,0001628280-25-019665,0.0077209612752138,0.0046728138383749,2025,XGB C - MARKET + SEC + FINBERT,1,1,0.568948
GOOGL,2025-04-25,0001652044-25-000040,0.0056778994371551,-0.0308112773153231,2025,XGB C - MARKET + SEC + FINBERT,0,1,0.6457477
INTC,2025-04-25,0000050863-25-000070,-0.0781559380933336,0.0042481582721847,2025,XGB C - MARKET + SEC + FINBERT,1,0,0.28102133
INTC,2025-04-30,0000050863-25-000079,-0.0116731889060959,0.0019332825517195,2025,XGB C - MARKET + SEC + FINBERT,1,1,0.57239276
META,2025-05-01,0001326801-25-000050,0.0292160933553613,-0.0299808795034363,2025,XGB C - MARKET + SEC + FINBERT,0,0,0.47494614
MSFT,2025-05-01,0000950170-25-061032,0.0631928153940433,-0.0096660947445923,2025,XGB C - MARKET + SEC + FINBERT,0,1,0.5937324
QCOM,2025-05-01,0000804328-25-000029,-0.1023103583957897,-0.0222155047056927,2025,XGB C - MARKET + SEC + FINBERT,0,0,0.19672742
AAPL,2025-05-02,0000320193-25-000055,-0.052205690118386,-0.0082972761924694,2025,XGB C - MARKET + SEC + FINBERT,0,1,0.5306191
AMZN,2025-05-02,0001018724-25-000034,-0.0160005867274706,-0.012333104577668,2025,XGB C - MARKET + SEC + FINBERT,0,0,0.25665057
GOOGL,2025-05-02,0001193125-25-110020,0.0020810221935769,-0.0009125517611037,2025,XGB C - MARKET + SEC + FINBERT,0,1,0.6173444
AMD,2025-05-07,0000002488-25-000045,0.0137175882183342,-0.0064016645852096,2025,XGB C - MARKET + SEC + FINBERT,0,0,0.42112377
GOOGL,2025-05-07,0001193125-25-113864,-0.0765227223990804,-0.0799319511126916,2025,XGB C - MARKET + SEC + FINBERT,0,1,0.77793854
INTC,2025-05-12,0000050863-25-000084,-0.0052593287332221,-0.0016963172561712,2025,XGB C - MARKET + SEC + FINBERT,0,0,0.1294355
AAPL,2025-05-13,0001140361-25-018400,-0.00508862121946,-0.0007482530042699,2025,XGB C - MARKET + SEC + FINBERT,0,0,0.35693178
QCOM,2025-05-14,0000804328-25-000034,0.0048435801702395,0.0032151150107322,2025,XGB C - MARKET + SEC + FINBERT,1,1,0.55939114
TSLA,2025-05-16,0001628280-25-026148,0.0165331778425057,0.0091692025166951,2025,XGB C - MARKET + SEC + FINBERT,1,1,0.61912715
AMD,2025-05-19,0001193125-25-122121,-0.0216977849193453,-0.0175440633833826,2025,XGB C - MARKET + SEC + FINBERT,0,0,0.3478677
TSLA,2025-05-19,0001104659-25-050072,-0.0235028714793165,0.0021070820905475,2025,XGB C - MARKET + SEC + FINBERT,1,0,0.44904554
AMZN,2025-05-23,0001104659-25-052014,-0.0011282693545375,0.004462575887919,2025,XGB C - MARKET + SEC + FINBERT,1,1,0.53242445
QCOM,2025-05-23,0001104659-25-051981,-0.004242624719401,0.0076209267357016,2025,XGB C - MARKET + SEC + FINBERT,1,0,0.4961052
NVDA,2025-05-29,0001045810-25-000115,0.0305243886578203,-0.0093516887077954,2025,XGB C - MARKET + SEC + FINBERT,0,0,0.36113143
META,2025-06-02,0001326801-25-000090,0.0282568199240662,0.0295976043525485,2025,XGB C - MARKET + SEC + FINBERT,1,1,0.5095439
AVGO,2025-06-06,0001730168-25-000061,-0.0597886684685325,-0.0166126093078132,2025,XGB C - MARKET + SEC + FINBERT,0,0,0.3161841
NFLX,2025-06-09,0001065280-25-000286,-0.0151736835098013,-0.0126958762985833,2025,XGB C - MARKET + SEC + FINBERT,0,1,0.6681219
QCOM,2025-06-10,0001104659-25-057814,0.0173228379656831,0.0130999549417551,2025,XGB C - MARKET + SEC + FINBERT,1,0,0.28079593
ADBE,2025-06-13,0000796343-25-000064,-0.0406266323413929,-0.0007247828250706,2025,XGB C - MARKET + SEC + FINBERT,0,0,0.44644576
GOOGL,2025-06-13,0001193125-25-139948,0.0066923114918399,0.0142964171810643,2025,XGB C - MARKET + SEC + FINBERT,1,1,0.7144246
NFLX,2025-06-25,0001065280-25-000287,-0.0055741566587045,-0.0073462131758876,2025,XGB C - MARKET + SEC + FINBERT,0,1,0.6180526
NVDA,2025-07-01,0001045810-25-000179,-0.0212560583907467,-0.0141467933600969,2025,XGB C - MARKET + SEC + FINBERT,0,1,0.63779044
MSFT,2025-07-02,0001193125-25-154103,-0.0089162965547048,-0.0062507498849404,2025,XGB C - MARKET + SEC + FINBERT,0,1,0.57316315
TSLA,2025-07-02,0001628280-25-033842,0.04271712961961,0.0011642399947584,2025,XGB C - MARKET + SEC + FINBERT,1,0,0.42102638
AMD,2025-07-03,0000002488-25-000099,-0.0142439730970502,-0.0141217041121846,2025,XGB C - MARKET + SEC + FINBERT,0,1,0.6537634
AAPL,2025-07-09,0001140361-25-025275,-0.0016980836539071,0.0044916514460748,2025,XGB C - MARKET + SEC + FINBERT,1,1,0.6739934
TSLA,2025-07-10,0001628280-25-034692,0.0487208091247157,0.035313697679322,2025,XGB C - MARKET + SEC + FINBERT,1,0,0.45466354
AVGO,2025-07-14,0001193125-25-158202,0.0008195192080375,0.0013550737362122,2025,XGB C - MARKET + SEC + FINBERT,1,1,0.76889056
NFLX,2025-07-18,0001065280-25-000322,-0.0499975415177276,-0.0230424182521934,2025,XGB C - MARKET + SEC + FINBERT,0,0,0.2598954
GOOGL,2025-07-21,0001193125-25-161225,0.0220496510900962,0.0169707770560356,2025,XGB C - MARKET + SEC + FINBERT,1,0,0.33374253
GOOGL,2025-07-24,0001652044-25-000056,0.0080696345424389,-0.0244539658420761,2025,XGB C - MARKET + SEC + FINBERT,0,0,0.3503946
TSLA,2025-07-24,0001628280-25-035738,-0.0840987337873635,-0.0149489978186739,2025,XGB C - MARKET + SEC + FINBERT,0,0,0.2001008
INTC,2025-07-25,0000050863-25-000107,-0.0876919415165468,-0.0015818526151998,2025,XGB C - MARKET + SEC + FINBERT,0,0,0.14651078
AAPL,2025-07-28,0001140361-25-027340,-0.0023302200023396,-0.0006111260640351,2025,XGB C - MARKET + SEC + FINBERT,0,1,0.5668894
META,2025-07-31,0001628280-25-036719,0.117826296679073,0.0143167337841138,2025,XGB C - MARKET + SEC + FINBERT,1,0,0.4634668
MSFT,2025-07-31,0000950170-25-100226,0.0447737908924121,-0.0225497722604536,2025,XGB C - MARKET + SEC + FINBERT,0,0,0.43209493
QCOM,2025-07-31,0000804328-25-000044,-0.0720300008780704,-0.0248863619758611,2025,XGB C - MARKET + SEC + FINBERT,0,0,0.3091406
AAPL,2025-08-01,0000320193-25-000071,-0.0053047361680511,-0.0314039135313497,2025,XGB C - MARKET + SEC + FINBERT,0,1,0.6193972
AMZN,2025-08-01,0001018724-25-000084,-0.0629972838598512,-0.0024676622350275,2025,XGB C - MARKET + SEC + FINBERT,0,0,0.17728712
TSLA,2025-08-04,0001104659-25-073263,0.0034562938188973,-0.0084507110907907,2025,XGB C - MARKET + SEC + FINBERT,0,1,0.5435811
AMD,2025-08-06,0000002488-25-000106,-0.0767792551159853,-0.0227608621884095,2025,XGB C - MARKET + SEC + FINBERT,0,0,0.43070623
NVDA,2025-08-06,0001045810-25-000197,-0.0060758878424844,0.0064565517085208,2025,XGB C - MARKET + SEC + FINBERT,1,1,0.5890091
INTC,2025-08-15,0000050863-25-000123,0.0337351462987751,-0.0137500581431697,2025,XGB C - MARKET + SEC + FINBERT,0,0,0.07871308
INTC,2025-08-22,0000050863-25-000126,0.0398916783123206,0.035697893899141,2025,XGB C - MARKET + SEC + FINBERT,1,0,0.48130247
INTC,2025-08-25,0000050863-25-000129,-0.0071958813129945,-0.0371146494704082,2025,XGB C - MARKET + SEC + FINBERT,0,0,0.44698873
AMD,2025-08-26,0000002488-25-000147,0.015940550980585,-0.0169153478971797,2025,XGB C - MARKET + SEC + FINBERT,0,0,0.43336397
QCOM,2025-08-26,0000804328-25-000049,0.0135655495515913,0.0046989447523471,2025,XGB C - MARKET + SEC + FINBERT,1,1,0.5613323
NVDA,2025-08-28,0001045810-25-000207,-0.0141343969152345,-0.0087680656399758,2025,XGB C - MARKET + SEC + FINBERT,0,1,0.5522972
INTC,2025-09-02,0000050863-25-000135,0.0026305286407352,0.006140630639668,2025,XGB C - MARKET + SEC + FINBERT,1,0,0.45911136
QCOM,2025-09-03,0000804328-25-000054,-0.0173144988752298,-0.0147755693053536,2025,XGB C - MARKET + SEC + FINBERT,0,1,0.7401962
GOOGL,2025-09-04,0001652044-25-000067,-0.0019414418568022,0.0036723763713513,2025,XGB C - MARKET + SEC + FINBERT,1,0,0.22152059
AVGO,2025-09-05,0001730168-25-000094,0.0926115240134093,-0.0510845448269031,2025,XGB C - MARKET + SEC + FINBERT,0,0,0.2504899
GOOGL,2025-09-08,0001652044-25-000074,-0.0080723979042452,-0.0069374926390231,2025,XGB C - MARKET + SEC + FINBERT,0,1,0.5461965
INTC,2025-09-08,0000050863-25-000147,-0.0052862644597848,-0.0008644985117161,2025,XGB C - MARKET + SEC + FINBERT,0,1,0.78022635
TSLA,2025-09-08,0001104659-25-087862,-0.017533273736493,-0.0240993857539852,2025,XGB C - MARKET + SEC + FINBERT,0,0,0.34651825
INTC,2025-09-09,0000050863-25-000149,-0.0044672677338561,-0.0051181296027199,2025,XGB C - MARKET + SEC + FINBERT,0,1,0.5273263
AVGO,2025-09-10,0001193125-25-199281,0.097394459658594,0.0565562438095068,2025,XGB C - MARKET + SEC + FINBERT,1,1,0.5151471
AVGO,2025-09-11,0001193125-25-200108,-0.0327163826339845,-0.0325572225186817,2025,XGB C - MARKET + SEC + FINBERT,0,0,0.24084084
ADBE,2025-09-12,0000796343-25-000102,-0.0078118643336309,-0.0352808597030378,2025,XGB C - MARKET + SEC + FINBERT,0,0,0.12341514
INTC,2025-09-15,0000050863-25-000153,0.0200975344640188,0.0125786238758711,2025,XGB C - MARKET + SEC + FINBERT,1,0,0.32260072
INTC,2025-09-19,0000050863-25-000155,-0.0391540449480576,-0.0297147352255693,2025,XGB C - MARKET + SEC + FINBERT,0,0,0.17663838
AVGO,2025-09-30,0001193125-25-223202,0.0033906219439023,-0.003877926645426,2025,XGB C - MARKET + SEC + FINBERT,0,0,0.47461075
INTC,2025-09-30,0000050863-25-000159,-0.0297114035864664,-0.0144413800249273,2025,XGB C - MARKET + SEC + FINBERT,0,1,0.7181624
MSFT,2025-10-01,0001193125-25-225125,-0.0013989708651802,-0.0006436331444079,2025,XGB C - MARKET + SEC + FINBERT,0,0,0.45750642
TSLA,2025-10-02,0001628280-25-043530,-0.0551709425757636,-0.0712141254541658,2025,XGB C - MARKET + SEC + FINBERT,0,1,0.53999233
AMD,2025-10-06,0001193125-25-230895,0.229570120988193,-0.0992032878490386,2025,XGB C - MARKET + SEC + FINBERT,0,0,0.38680133
NFLX,2025-10-22,0001065280-25-000404,-0.0910467302021142,-0.0144868754701381,2025,XGB C - MARKET + SEC + FINBERT,0,0,0.48132798
TSLA,2025-10-23,0001628280-25-045861,0.0143969935936225,0.0596266578931594,2025,XGB C - MARKET + SEC + FINBERT,1,0,0.20947742
INTC,2025-10-24,0000050863-25-000169,-0.0075336544934081,-0.0452802558660202,2025,XGB C - MARKET + SEC + FINBERT,0,0,0.16606994
AMD,2025-10-27,0001193125-25-250803,0.0088791182612346,0.0012248442344606,2025,XGB C - MARKET + SEC + FINBERT,1,0,0.47313842
GOOGL,2025-10-30,0001652044-25-000087,0.0404553064820906,-0.0249909883258669,2025,XGB C - MARKET + SEC + FINBERT,0,0,0.39229897
META,2025-10-30,0001628280-25-047114,-0.0980589883325543,0.0056757715969477,2025,XGB C - MARKET + SEC + FINBERT,1,1,0.790293
MSFT,2025-10-30,0001193125-25-256310,-0.0138683761493496,0.0007833855191289,2025,XGB C - MARKET + SEC + FINBERT,1,0,0.44851
AAPL,2025-10-31,0000320193-25-000077,-0.0086190908457217,-0.0158577936073247,2025,XGB C - MARKET + SEC + FINBERT,0,1,0.5543849
AMZN,2025-10-31,0001018724-25-000121,0.0910209928407341,-0.0154686453287599,2025,XGB C - MARKET + SEC + FINBERT,0,0,0.3350394
NFLX,2025-10-31,0001065280-25-000407,0.0225957165317289,0.0202277147233559,2025,XGB C - MARKET + SEC + FINBERT,1,0,0.3420669
META,2025-11-04,0001193125-25-262593,0.0040052461336197,0.0053194633784826,2025,XGB C - MARKET + SEC + FINBERT,1,0,0.31286067
AMD,2025-11-05,0000002488-25-000163,0.0186069615352764,0.0460703512307747,2025,XGB C - MARKET + SEC + FINBERT,1,1,0.52169955
NFLX,2025-11-05,0001065280-25-000408,-0.0014757151073041,0.0046608043949261,2025,XGB C - MARKET + SEC + FINBERT,1,0,0.3858239
QCOM,2025-11-06,0000804328-25-000084,-0.0176512917249331,-0.0095962157532334,2025,XGB C - MARKET + SEC + FINBERT,0,0,0.23915002
GOOGL,2025-11-07,0001193125-25-269979,-0.0176350096258526,-0.0178163363697554,2025,XGB C - MARKET + SEC + FINBERT,0,0,0.4127534
TSLA,2025-11-10,0001104659-25-108507,0.0144515590875045,0.0058433687483856,2025,XGB C - MARKET + SEC + FINBERT,1,0,0.353623
INTC,2025-11-13,0000050863-25-000194,-0.0318405737186725,-0.0216899047438533,2025,XGB C - MARKET + SEC + FINBERT,0,0,0.11230591
NFLX,2025-11-17,0001065280-25-000450,0.0002054033846309,0.0002008137027038,2025,XGB C - MARKET + SEC + FINBERT,1,0,0.2973939
NVDA,2025-11-20,0001045810-25-000228,-0.0078528975617969,-0.0357038398791261,2025,XGB C - MARKET + SEC + FINBERT,0,0,0.2194028
AMZN,2025-11-21,0001104659-25-114647,0.0088361750757295,0.0156342498592421,2025,XGB C - MARKET + SEC + FINBERT,1,0,0.25025487
NFLX,2025-12-05,0001193125-25-308651,-0.0329477561125077,0.0130186022785119,2025,XGB C - MARKET + SEC + FINBERT,1,0,0.27786088
AAPL,2025-12-08,0001140361-25-044561,-0.0012741476869497,0.0038085990912825,2025,XGB C - MARKET + SEC + FINBERT,1,0,0.42644283
MSFT,2025-12-09,0001193125-25-311196,0.0008032674339999,0.0026957237860334,2025,XGB C - MARKET + SEC + FINBERT,1,0,0.29489854
ADBE,2025-12-11,0000796343-25-000135,0.0245091460598039,0.0228774691762878,2025,XGB C - MARKET + SEC + FINBERT,1,0,0.41695675
QCOM,2025-12-11,0000804328-25-000096,-0.0019244703155916,-0.0033726509227647,2025,XGB C - MARKET + SEC + FINBERT,0,0,0.25550312
AVGO,2025-12-12,0001730168-25-000116,-0.0951618579528871,-0.0391165013644733,2025,XGB C - MARKET + SEC + FINBERT,0,0,0.2865944
META,2025-12-15,0001628280-25-056768,0.010930663174681,0.015465505175654,2025,XGB C - MARKET + SEC + FINBERT,1,0,0.3529051
AMD,2025-12-16,0000002488-25-000182,0.0056778767854142,0.0051361059163674,2025,XGB C - MARKET + SEC + FINBERT,1,0,0.30727744
QCOM,2025-12-17,0000804328-25-000098,-0.002925698287378,-0.0008283971940326,2025,XGB C - MARKET + SEC + FINBERT,0,1,0.5852458
META,2025-12-22,0001628280-25-058337,-0.0006495058100002,0.0032172962513938,2025,XGB C - MARKET + SEC + FINBERT,1,0,0.32153526
NFLX,2025-12-22,0001193125-25-327462,-0.0170829252514201,-0.0121825657089167,2025,XGB C - MARKET + SEC + FINBERT,0,1,0.53967464
INTC,2025-12-29,0000050863-25-000204,0.0181002407565633,0.0173642319969709,2025,XGB C - MARKET + SEC + FINBERT,1,0,0.37519062
AAPL,2026-01-05,0001140361-26-000199,-0.0217799468616566,-0.0103413883295395,2026,XGB A - MARKET,0,0,0.38793412
AVGO,2026-01-14,0001193125-26-011731,-0.0308274202273529,-0.0216962952747108,2026,XGB A - MARKET,0,0,0.3344796
META,2026-01-20,0001628280-26-002429,-0.0047584991112157,-0.0021397303181613,2026,XGB A - MARKET,0,0,0.46881312
NFLX,2026-01-20,0001193125-26-015951,0.0128380428459016,-0.0151742341985336,2026,XGB A - MARKET,0,0,0.30682388
QCOM,2026-01-20,0000804328-26-000008,-0.0123120567771578,-0.0016334674875372,2026,XGB A - MARKET,0,0,0.3145486
AMD,2026-01-21,0000002488-26-000002,0.0635771921622683,0.0473456777326968,2026,XGB A - MARKET,1,0,0.2724606
NFLX,2026-01-21,0001065280-26-000033,-0.0352924053531309,0.0232422093035407,2026,XGB A - MARKET,1,0,0.35031343
INTC,2026-01-23,0000050863-26-000009,-0.1734446087334877,-0.0430235754619413,2026,XGB A - MARKET,0,0,0.3888759
INTC,2026-01-26,0000050863-26-000031,-0.0616443526820043,-0.0440348464397251,2026,XGB A - MARKET,0,0,0.23242539
NVDA,2026-01-26,0001045810-26-000003,-0.0107942800846292,-0.0072970380480024,2026,XGB A - MARKET,0,0,0.3376928
ADBE,2026-01-28,0000796343-26-000019,0.0039508357181503,0.003258059807592,2026,XGB A - MARKET,1,0,0.16837825
META,2026-01-29,0001628280-26-003832,0.1100332620328821,0.0062830922555235,2026,XGB A - MARKET,1,0,0.4858245
MSFT,2026-01-29,0001193125-26-027198,-0.0939462490812705,-0.0096605613494352,2026,XGB A - MARKET,0,0,0.3818394
TSLA,2026-01-29,0001628280-26-003837,-0.0285486210897105,-0.0434255308205537,2026,XGB A - MARKET,0,1,0.5478528
AAPL,2026-01-30,0000320193-26-000005,0.0166569789377926,0.0230278217096914,2026,XGB A - MARKET,1,0,0.4063188
AMD,2026-02-04,0000002488-26-000014,-0.1556754118391105,-0.0538109977331892,2026,XGB A - MARKET,0,0,0.2954634
GOOGL,2026-02-05,0001652044-26-000012,0.0090205057778721,0.0662487408523784,2026,XGB A - MARKET,1,0,0.22869264
QCOM,2026-02-05,0000804328-26-000016,-0.0701637225601233,0.0307269997086276,2026,XGB A - MARKET,1,1,0.65085936
AMZN,2026-02-06,0001018724-26-000002,-0.0766859095832953,0.0218308409733383,2026,XGB A - MARKET,1,1,0.7012449
GOOGL,2026-02-17,0001193125-26-051423,-0.0110725550963733,0.0017192411931825,2026,XGB A - MARKET,1,0,0.44712734
AMD,2026-02-18,0000002488-26-000029,-0.0220427383261037,0.0025066459721003,2026,XGB A - MARKET,1,0,0.30867982
AMD,2026-02-24,0000002488-26-000045,0.0769491952441228,0.0013624169613037,2026,XGB A - MARKET,1,1,0.7550208
AAPL,2026-02-25,0001140361-26-006577,-0.0068133729662351,-0.0001659043702417,2026,XGB A - MARKET,0,0,0.35871837
NVDA,2026-02-26,0001045810-26-000019,-0.042496617762763,-0.0379679747996765,2026,XGB A - MARKET,0,1,0.5463368
AMZN,2026-02-27,0001104659-26-021050,0.0132046120006229,0.0081787591184356,2026,XGB A - MARKET,1,0,0.4922353
AVGO,2026-03-03,0001193125-26-085656,-0.0049144362597486,-0.0061201555946002,2026,XGB A - MARKET,0,1,0.6462972
INTC,2026-03-04,0000050863-26-000044,0.0422975276530752,0.0233559686390798,2026,XGB A - MARKET,1,1,0.6220328
AVGO,2026-03-05,0001730168-26-000011,0.0510081539046997,0.0053582738545181,2026,XGB A - MARKET,1,1,0.63835496
GOOGL,2026-03-09,0001652044-26-000026,0.0136296578488566,0.0179973989442567,2026,XGB A - MARKET,1,1,0.79154956
NVDA,2026-03-09,0001045810-26-000024,0.013806678855444,0.0101439104808573,2026,XGB A - MARKET,1,0,0.42915285
ADBE,2026-03-13,0000796343-26-000048,-0.0699123452534083,0.0113063627824637,2026,XGB A - MARKET,1,1,0.69350004
AMZN,2026-03-16,0001104659-26-027729,0.0083809647767647,0.0157040212697481,2026,XGB A - MARKET,1,1,0.6899132
AMZN,2026-03-17,0001104659-26-028556,0.0114605156306819,0.0109012804045238,2026,XGB A - MARKET,1,1,0.6215076
QCOM,2026-03-20,0000804328-26-000041,0.0079698096776174,0.0044889041274942,2026,XGB A - MARKET,1,0,0.48828822
TSLA,2026-04-02,0001628280-26-022956,-0.0553616328176903,-0.0290943846448863,2026,XGB A - MARKET,0,0,0.4119662
AVGO,2026-04-06,0001193125-26-140574,-0.0063988681204529,-0.0058718684103425,2026,XGB A - MARKET,0,0,0.358978
GOOGL,2026-04-06,0001652044-26-000031,0.0082504348362495,0.0100527845935252,2026,XGB A - MARKET,1,0,0.49819958
INTC,2026-04-06,0000050863-26-000069,0.0019222474605418,-0.0058376875250483,2026,XGB A - MARKET,0,0,0.3147333
AVGO,2026-04-07,0001193125-26-144028,0.0619912664480655,0.0171216935941338,2026,XGB A - MARKET,1,1,0.5344498
AMZN,2026-04-09,0001104659-26-041034,0.0492804640933421,0.0303534687607456,2026,XGB A - MARKET,1,0,0.34762642
INTC,2026-04-09,0000050863-26-000072,0.0402242748034202,0.0498187770797828,2026,XGB A - MARKET,1,0,0.35165673
GOOGL,2026-04-13,0001652044-26-000034,0.0024868969699596,0.000170379551692,2026,XGB A - MARKET,1,0,0.4990485
AMZN,2026-04-14,0001104659-26-042880,0.0199021520163233,0.016433257387515,2026,XGB A - MARKET,1,1,0.6668899
META,2026-04-15,0001628280-26-025108,-0.0002783824166061,-0.0063590818176222,2026,XGB A - MARKET,0,1,0.6221757
NFLX,2026-04-17,0001065280-26-000137,-0.110310240572915,0.004704453846027,2026,XGB A - MARKET,1,1,0.70705384
AAPL,2026-04-21,0001140361-26-015711,-0.0213933529678685,-0.0133393788829566,2026,XGB A - MARKET,0,1,0.54241896
ADBE,2026-04-22,0000796343-26-000101,0.0187092090498186,-0.0031548534392964,2026,XGB A - MARKET,0,0,0.2551708
AVGO,2026-04-22,0001730168-26-000039,0.0341930534958387,0.0308741291936955,2026,XGB A - MARKET,1,1,0.61130524
NFLX,2026-04-23,0001065280-26-000139,0.0011281946640834,-0.009923921481999,2026,XGB A - MARKET,0,1,0.8156537
TSLA,2026-04-23,0001628280-26-026551,-0.0299535199415285,-0.0008977589101131,2026,XGB A - MARKET,0,1,0.76428974
INTC,2026-04-24,0000050863-26-000077,0.2168713502986243,-0.0040184646610659,2026,XGB A - MARKET,0,0,0.36993235
INTC,2026-04-27,0000050863-26-000083,0.0291553468152547,0.0145251963407004,2026,XGB A - MARKET,1,0,0.17074868
NVDA,2026-04-28,0001045810-26-000026,-0.0058242896842328,0.0173534563331154,2026,XGB A - MARKET,1,0,0.3507968
AMZN,2026-04-30,0001018724-26-000012,-0.0016468727883254,-0.0332806455473947,2026,XGB A - MARKET,0,0,0.33863708
GOOGL,2026-04-30,0001652044-26-000043,0.0902907529038123,0.025092301512154,2026,XGB A - MARKET,1,0,0.4794846
META,2026-04-30,0001628280-26-028364,-0.0948266554954643,-0.0155569070982914,2026,XGB A - MARKET,0,1,0.66252375
MSFT,2026-04-30,0001193125-26-191457,-0.0486231754824486,-0.0109677860587226,2026,XGB A - MARKET,0,1,0.59066
QCOM,2026-04-30,0000804328-26-000060,0.1418276564768905,0.0401742225864352,2026,XGB A - MARKET,1,0,0.22307825
AAPL,2026-05-01,0000320193-26-000011,0.0227940049742925,-0.0028669651190025,2026,XGB A - MARKET,0,1,0.57452255
INTC,2026-05-01,0001193125-26-197845,0.0448034171687428,0.0614269973170729,2026,XGB A - MARKET,1,0,0.4491127
META,2026-05-05,0001193125-26-204128,-0.0219024667890024,-0.0189983528936068,2026,XGB A - MARKET,0,0,0.39916286
AMD,2026-05-06,0000002488-26-000072,0.1653710025525319,0.0174435268670318,2026,XGB A - MARKET,1,0,0.37640193
NVDA,2026-05-11,0001045810-26-000028,0.0168061992095833,0.0211043137808344,2026,XGB A - MARKET,1,0,0.3765202
GOOGL,2026-05-12,0001193125-26-216986,0.0051624834241175,0.0014095656150419,2026,XGB A - MARKET,1,1,0.5632065
MSFT,2026-05-15,0001193125-26-224155,0.0455934480664714,0.0201701973866516,2026,XGB A - MARKET,1,1,0.56440705
AMD,2026-05-18,0001193125-26-226746,-0.0030308987230113,-0.0118592197421618,2026,XGB A - MARKET,0,1,0.7342991
INTC,2026-05-18,0000050863-26-000118,-0.0012138983150062,-0.0387538675638343,2026,XGB A - MARKET,0,1,0.5707829
NVDA,2026-05-21,0001045810-26-000051,-0.0196275026130384,-0.0202919315077955,2026,XGB A - MARKET,0,1,0.50867003
GOOGL,2026-05-22,0001193125-26-234488,-0.0163388825753002,-0.0105694849773525,2026,XGB A - MARKET,0,0,0.49093515
AMZN,2026-05-26,0001104659-26-065717,-0.0216227139416436,-0.0158410020689607,2026,XGB A - MARKET,0,0,0.42869037
META,2026-06-01,0001628280-26-039193,-0.0566556308874622,-0.0552115292853173,2026,XGB A - MARKET,0,1,0.6320662
AVGO,2026-06-04,0001730168-26-000051,-0.1210312398743514,0.0172798616329554,2026,XGB A - MARKET,1,0,0.18325457
GOOGL,2026-06-05,0001193125-26-257724,0.0381672421712767,0.0402218208000237,2026,XGB A - MARKET,1,0,0.19820255
GOOGL,2026-06-08,0001193125-26-259830,-0.0291912288708725,-0.0026967229043125,2026,XGB A - MARKET,0,0,0.43472448
NFLX,2026-06-08,0001065280-26-000189,-0.0100182503504155,0.0144249530046822,2026,XGB A - MARKET,1,1,0.5610741
AMZN,2026-06-10,0001104659-26-072140,-0.0053726134400394,-0.0116698773160114,2026,XGB A - MARKET,0,0,0.28889385
AVGO,2026-06-11,0001193125-26-266777,0.0024240754021118,0.0087014930563651,2026,XGB A - MARKET,1,0,0.4912319
ADBE,2026-06-12,0000796343-26-000109,-0.0734349532560182,0.0028061367377654,2026,XGB A - MARKET,1,0,0.3366416
GOOGL,2026-06-12,0001193125-26-267578,-0.0005460497805231,-0.0133055350915846,2026,XGB A - MARKET,0,0,0.22021034
AMZN,2026-06-15,0001104659-26-073562,-9.957228603751922e-05,-0.0039122307428645,2026,XGB A - MARKET,0,0,0.32240623
AVGO,2026-06-18,0001193125-26-275077,0.0218931329896958,-0.000317604097846,2026,XGB A - MARKET,0,0,0.47039318
NVDA,2026-06-22,0001193125-26-275783,-0.0071724054817254,-0.007710235866725,2026,XGB A - MARKET,0,1,0.53694826
QCOM,2026-06-24,0001104659-26-077071,-0.0286743834556753,-0.0188327726233503,2026,XGB A - MARKET,0,1,0.6192202
NVDA,2026-07-01,0001045810-26-000056,0.0027055922428425,0.0125466573486643,2026,XGB A - MARKET,1,1,0.58617777
AMD,2026-07-02,0000002488-26-000115,-0.0253003437574649,-0.0199061957949452,2026,XGB A - MARKET,0,0,0.42948946
TSLA,2026-07-02,0001628280-26-046717,-0.0575543818261817,-0.0628565756754723,2026,XGB A - MARKET,0,0,0.47753227
AVGO,2026-07-06,0001193125-26-295589,0.0229725241748379,-0.0032380661653597,2026,XGB A - MARKET,0,1,0.6362676
AMZN,2026-07-10,0001104659-26-082293,-0.0099646140288109,-0.0235444567364055,2026,XGB A - MARKET,0,0,0.4420544
NFLX,2026-07-17,0001065280-26-000211,-0.057599892179291,0.0476725804437911,2026,XGB A - MARKET,1,0,0.47570416
ADBE,2026-07-20,0000796343-26-000120,-0.011629367377381,0.0047412792953291,2026,XGB A - MARKET,1,1,0.5451731
GOOGL,2026-07-23,0001652044-26-000066,-0.0523428238232774,-0.0068111033037658,2026,XGB A - MARKET,0,0,0.30715147
NFLX,2026-07-23,0001193125-26-312575,0.0242366010624127,0.0085678362373775,2026,XGB A - MARKET,1,0,0.19121806
TSLA,2026-07-23,0001628280-26-049213,-0.1262533558961757,-0.0585915846858855,2026,XGB A - MARKET,0,1,0.51401514
INTC,2026-07-24,0000050863-26-000155,-0.0677472957838671,-0.0711604142334447,2026,XGB A - MARKET,0,0,0.25495777
META,2026-07-30,0001628280-26-050596,-0.1125151041907142,0.0117450975750164,2026,XGB A - MARKET,1,0,0.4257554
MSFT,2026-07-30,0001193125-26-323632,0.1220932058569126,0.0171170755192331,2026,XGB A - MARKET,1,0,0.42232877
QCOM,2026-07-30,0000804328-26-000085,-0.0591817061233279,0.0214324277981945,2026,XGB A - MARKET,1,0,0.4661847
AAPL,2026-07-31,0000320193-26-000018,-0.0800340895161154,0.0194038264358225,2026,XGB A - MARKET,1,1,0.5063733
AMZN,2026-07-31,0001018724-26-000024,0.1467103826662883,0.0307829420489287,2026,XGB A - MARKET,1,0,0.2257067
NFLX,2026-07-31,0001065280-26-000214,-0.0264490259696927,0.0023401580514879,2026,XGB A - MARKET,1,0,0.25306877
QCOM,2026-08-03,0001104659-26-089234,0.0092690762540241,0.019630447514588,2026,XGB A - MARKET,1,0,0.22544982
AMD,2026-08-05,0000002488-26-000121,-0.0613935964812326,0.0072668121016936,2026,XGB A - MARKET,1,0,0.29756552
GOOGL,2026-08-11,0001193125-26-342390,-0.0350184491059453,-0.0272796468601477,2026,XGB A - MARKET,0,0,0.3445468
INTC,2026-08-13,0001193125-26-346806,0.0241947255920518,0.0205034258151435,2026,XGB A - MARKET,1,0,0.16846131
AAPL,2026-01-05,0001140361-26-000199,-0.0217799468616566,-0.0103413883295395,2026,XGB B - MARKET + SEC,0,0,0.45688283
AVGO,2026-01-14,0001193125-26-011731,-0.0308274202273529,-0.0216962952747108,2026,XGB B - MARKET + SEC,0,0,0.46296424
META,2026-01-20,0001628280-26-002429,-0.0047584991112157,-0.0021397303181613,2026,XGB B - MARKET + SEC,0,0,0.42899123
NFLX,2026-01-20,0001193125-26-015951,0.0128380428459016,-0.0151742341985336,2026,XGB B - MARKET + SEC,0,0,0.4083319
QCOM,2026-01-20,0000804328-26-000008,-0.0123120567771578,-0.0016334674875372,2026,XGB B - MARKET + SEC,0,0,0.4418196
AMD,2026-01-21,0000002488-26-000002,0.0635771921622683,0.0473456777326968,2026,XGB B - MARKET + SEC,1,0,0.30405906
NFLX,2026-01-21,0001065280-26-000033,-0.0352924053531309,0.0232422093035407,2026,XGB B - MARKET + SEC,1,0,0.39004248
INTC,2026-01-23,0000050863-26-000009,-0.1734446087334877,-0.0430235754619413,2026,XGB B - MARKET + SEC,0,0,0.41120297
INTC,2026-01-26,0000050863-26-000031,-0.0616443526820043,-0.0440348464397251,2026,XGB B - MARKET + SEC,0,0,0.25867233
NVDA,2026-01-26,0001045810-26-000003,-0.0107942800846292,-0.0072970380480024,2026,XGB B - MARKET + SEC,0,0,0.4294937
ADBE,2026-01-28,0000796343-26-000019,0.0039508357181503,0.003258059807592,2026,XGB B - MARKET + SEC,1,0,0.19239147
META,2026-01-29,0001628280-26-003832,0.1100332620328821,0.0062830922555235,2026,XGB B - MARKET + SEC,1,0,0.36066526
MSFT,2026-01-29,0001193125-26-027198,-0.0939462490812705,-0.0096605613494352,2026,XGB B - MARKET + SEC,0,0,0.37334898
TSLA,2026-01-29,0001628280-26-003837,-0.0285486210897105,-0.0434255308205537,2026,XGB B - MARKET + SEC,0,0,0.44316038
AAPL,2026-01-30,0000320193-26-000005,0.0166569789377926,0.0230278217096914,2026,XGB B - MARKET + SEC,1,0,0.28777966
AMD,2026-02-04,0000002488-26-000014,-0.1556754118391105,-0.0538109977331892,2026,XGB B - MARKET + SEC,0,0,0.3844311
GOOGL,2026-02-05,0001652044-26-000012,0.0090205057778721,0.0662487408523784,2026,XGB B - MARKET + SEC,1,0,0.34534362
QCOM,2026-02-05,0000804328-26-000016,-0.0701637225601233,0.0307269997086276,2026,XGB B - MARKET + SEC,1,1,0.55525655
AMZN,2026-02-06,0001018724-26-000002,-0.0766859095832953,0.0218308409733383,2026,XGB B - MARKET + SEC,1,1,0.5963736
GOOGL,2026-02-17,0001193125-26-051423,-0.0110725550963733,0.0017192411931825,2026,XGB B - MARKET + SEC,1,0,0.44261113
AMD,2026-02-18,0000002488-26-000029,-0.0220427383261037,0.0025066459721003,2026,XGB B - MARKET + SEC,1,0,0.27728578
AMD,2026-02-24,0000002488-26-000045,0.0769491952441228,0.0013624169613037,2026,XGB B - MARKET + SEC,1,1,0.606774
AAPL,2026-02-25,0001140361-26-006577,-0.0068133729662351,-0.0001659043702417,2026,XGB B - MARKET + SEC,0,0,0.26831222
NVDA,2026-02-26,0001045810-26-000019,-0.042496617762763,-0.0379679747996765,2026,XGB B - MARKET + SEC,0,0,0.44910622
AMZN,2026-02-27,0001104659-26-021050,0.0132046120006229,0.0081787591184356,2026,XGB B - MARKET + SEC,1,0,0.39055756
AVGO,2026-03-03,0001193125-26-085656,-0.0049144362597486,-0.0061201555946002,2026,XGB B - MARKET + SEC,0,1,0.64614785
INTC,2026-03-04,0000050863-26-000044,0.0422975276530752,0.0233559686390798,2026,XGB B - MARKET + SEC,1,1,0.51414263
AVGO,2026-03-05,0001730168-26-000011,0.0510081539046997,0.0053582738545181,2026,XGB B - MARKET + SEC,1,1,0.72531384
GOOGL,2026-03-09,0001652044-26-000026,0.0136296578488566,0.0179973989442567,2026,XGB B - MARKET + SEC,1,1,0.799775
NVDA,2026-03-09,0001045810-26-000024,0.013806678855444,0.0101439104808573,2026,XGB B - MARKET + SEC,1,0,0.48729387
ADBE,2026-03-13,0000796343-26-000048,-0.0699123452534083,0.0113063627824637,2026,XGB B - MARKET + SEC,1,1,0.59473467
AMZN,2026-03-16,0001104659-26-027729,0.0083809647767647,0.0157040212697481,2026,XGB B - MARKET + SEC,1,1,0.7113932
AMZN,2026-03-17,0001104659-26-028556,0.0114605156306819,0.0109012804045238,2026,XGB B - MARKET + SEC,1,1,0.73872125
QCOM,2026-03-20,0000804328-26-000041,0.0079698096776174,0.0044889041274942,2026,XGB B - MARKET + SEC,1,1,0.50731647
TSLA,2026-04-02,0001628280-26-022956,-0.0553616328176903,-0.0290943846448863,2026,XGB B - MARKET + SEC,0,0,0.27707574
AVGO,2026-04-06,0001193125-26-140574,-0.0063988681204529,-0.0058718684103425,2026,XGB B - MARKET + SEC,0,0,0.33459392
GOOGL,2026-04-06,0001652044-26-000031,0.0082504348362495,0.0100527845935252,2026,XGB B - MARKET + SEC,1,1,0.5072834
INTC,2026-04-06,0000050863-26-000069,0.0019222474605418,-0.0058376875250483,2026,XGB B - MARKET + SEC,0,0,0.45120993
AVGO,2026-04-07,0001193125-26-144028,0.0619912664480655,0.0171216935941338,2026,XGB B - MARKET + SEC,1,0,0.4675514
AMZN,2026-04-09,0001104659-26-041034,0.0492804640933421,0.0303534687607456,2026,XGB B - MARKET + SEC,1,0,0.42541504
INTC,2026-04-09,0000050863-26-000072,0.0402242748034202,0.0498187770797828,2026,XGB B - MARKET + SEC,1,0,0.3447368
GOOGL,2026-04-13,0001652044-26-000034,0.0024868969699596,0.000170379551692,2026,XGB B - MARKET + SEC,1,1,0.5270274
AMZN,2026-04-14,0001104659-26-042880,0.0199021520163233,0.016433257387515,2026,XGB B - MARKET + SEC,1,1,0.73255026
META,2026-04-15,0001628280-26-025108,-0.0002783824166061,-0.0063590818176222,2026,XGB B - MARKET + SEC,0,1,0.5978669
NFLX,2026-04-17,0001065280-26-000137,-0.110310240572915,0.004704453846027,2026,XGB B - MARKET + SEC,1,1,0.66820663
AAPL,2026-04-21,0001140361-26-015711,-0.0213933529678685,-0.0133393788829566,2026,XGB B - MARKET + SEC,0,1,0.59499437
ADBE,2026-04-22,0000796343-26-000101,0.0187092090498186,-0.0031548534392964,2026,XGB B - MARKET + SEC,0,0,0.16766906
AVGO,2026-04-22,0001730168-26-000039,0.0341930534958387,0.0308741291936955,2026,XGB B - MARKET + SEC,1,0,0.47913516
NFLX,2026-04-23,0001065280-26-000139,0.0011281946640834,-0.009923921481999,2026,XGB B - MARKET + SEC,0,1,0.7778907
TSLA,2026-04-23,0001628280-26-026551,-0.0299535199415285,-0.0008977589101131,2026,XGB B - MARKET + SEC,0,1,0.64149034
INTC,2026-04-24,0000050863-26-000077,0.2168713502986243,-0.0040184646610659,2026,XGB B - MARKET + SEC,0,0,0.25545388
INTC,2026-04-27,0000050863-26-000083,0.0291553468152547,0.0145251963407004,2026,XGB B - MARKET + SEC,1,0,0.15883502
NVDA,2026-04-28,0001045810-26-000026,-0.0058242896842328,0.0173534563331154,2026,XGB B - MARKET + SEC,1,0,0.40133953
AMZN,2026-04-30,0001018724-26-000012,-0.0016468727883254,-0.0332806455473947,2026,XGB B - MARKET + SEC,0,0,0.37597182
GOOGL,2026-04-30,0001652044-26-000043,0.0902907529038123,0.025092301512154,2026,XGB B - MARKET + SEC,1,1,0.52742165
META,2026-04-30,0001628280-26-028364,-0.0948266554954643,-0.0155569070982914,2026,XGB B - MARKET + SEC,0,1,0.54370195
MSFT,2026-04-30,0001193125-26-191457,-0.0486231754824486,-0.0109677860587226,2026,XGB B - MARKET + SEC,0,1,0.6332836
QCOM,2026-04-30,0000804328-26-000060,0.1418276564768905,0.0401742225864352,2026,XGB B - MARKET + SEC,1,0,0.28329843
AAPL,2026-05-01,0000320193-26-000011,0.0227940049742925,-0.0028669651190025,2026,XGB B - MARKET + SEC,0,1,0.5529627
INTC,2026-05-01,0001193125-26-197845,0.0448034171687428,0.0614269973170729,2026,XGB B - MARKET + SEC,1,0,0.419555
META,2026-05-05,0001193125-26-204128,-0.0219024667890024,-0.0189983528936068,2026,XGB B - MARKET + SEC,0,0,0.42531168
AMD,2026-05-06,0000002488-26-000072,0.1653710025525319,0.0174435268670318,2026,XGB B - MARKET + SEC,1,0,0.3394105
NVDA,2026-05-11,0001045810-26-000028,0.0168061992095833,0.0211043137808344,2026,XGB B - MARKET + SEC,1,0,0.48864013
GOOGL,2026-05-12,0001193125-26-216986,0.0051624834241175,0.0014095656150419,2026,XGB B - MARKET + SEC,1,1,0.61648405
MSFT,2026-05-15,0001193125-26-224155,0.0455934480664714,0.0201701973866516,2026,XGB B - MARKET + SEC,1,1,0.5240485
AMD,2026-05-18,0001193125-26-226746,-0.0030308987230113,-0.0118592197421618,2026,XGB B - MARKET + SEC,0,1,0.806812
INTC,2026-05-18,0000050863-26-000118,-0.0012138983150062,-0.0387538675638343,2026,XGB B - MARKET + SEC,0,1,0.6789508
NVDA,2026-05-21,0001045810-26-000051,-0.0196275026130384,-0.0202919315077955,2026,XGB B - MARKET + SEC,0,0,0.49864507
GOOGL,2026-05-22,0001193125-26-234488,-0.0163388825753002,-0.0105694849773525,2026,XGB B - MARKET + SEC,0,1,0.62670285
AMZN,2026-05-26,0001104659-26-065717,-0.0216227139416436,-0.0158410020689607,2026,XGB B - MARKET + SEC,0,0,0.31486112
META,2026-06-01,0001628280-26-039193,-0.0566556308874622,-0.0552115292853173,2026,XGB B - MARKET + SEC,0,1,0.6386683
AVGO,2026-06-04,0001730168-26-000051,-0.1210312398743514,0.0172798616329554,2026,XGB B - MARKET + SEC,1,0,0.25630307
GOOGL,2026-06-05,0001193125-26-257724,0.0381672421712767,0.0402218208000237,2026,XGB B - MARKET + SEC,1,0,0.43851355
GOOGL,2026-06-08,0001193125-26-259830,-0.0291912288708725,-0.0026967229043125,2026,XGB B - MARKET + SEC,0,1,0.5444083
NFLX,2026-06-08,0001065280-26-000189,-0.0100182503504155,0.0144249530046822,2026,XGB B - MARKET + SEC,1,1,0.5987924
AMZN,2026-06-10,0001104659-26-072140,-0.0053726134400394,-0.0116698773160114,2026,XGB B - MARKET + SEC,0,0,0.37784278
AVGO,2026-06-11,0001193125-26-266777,0.0024240754021118,0.0087014930563651,2026,XGB B - MARKET + SEC,1,0,0.44627628
ADBE,2026-06-12,0000796343-26-000109,-0.0734349532560182,0.0028061367377654,2026,XGB B - MARKET + SEC,1,0,0.35955137
GOOGL,2026-06-12,0001193125-26-267578,-0.0005460497805231,-0.0133055350915846,2026,XGB B - MARKET + SEC,0,0,0.33592048
AMZN,2026-06-15,0001104659-26-073562,-9.957228603751922e-05,-0.0039122307428645,2026,XGB B - MARKET + SEC,0,0,0.32383278
AVGO,2026-06-18,0001193125-26-275077,0.0218931329896958,-0.000317604097846,2026,XGB B - MARKET + SEC,0,0,0.38233593
NVDA,2026-06-22,0001193125-26-275783,-0.0071724054817254,-0.007710235866725,2026,XGB B - MARKET + SEC,0,1,0.5798193
QCOM,2026-06-24,0001104659-26-077071,-0.0286743834556753,-0.0188327726233503,2026,XGB B - MARKET + SEC,0,1,0.61320186
NVDA,2026-07-01,0001045810-26-000056,0.0027055922428425,0.0125466573486643,2026,XGB B - MARKET + SEC,1,1,0.6518809
AMD,2026-07-02,0000002488-26-000115,-0.0253003437574649,-0.0199061957949452,2026,XGB B - MARKET + SEC,0,0,0.37205157
TSLA,2026-07-02,0001628280-26-046717,-0.0575543818261817,-0.0628565756754723,2026,XGB B - MARKET + SEC,0,1,0.51589185
AVGO,2026-07-06,0001193125-26-295589,0.0229725241748379,-0.0032380661653597,2026,XGB B - MARKET + SEC,0,1,0.6104496
AMZN,2026-07-10,0001104659-26-082293,-0.0099646140288109,-0.0235444567364055,2026,XGB B - MARKET + SEC,0,0,0.48174575
NFLX,2026-07-17,0001065280-26-000211,-0.057599892179291,0.0476725804437911,2026,XGB B - MARKET + SEC,1,0,0.29871178
ADBE,2026-07-20,0000796343-26-000120,-0.011629367377381,0.0047412792953291,2026,XGB B - MARKET + SEC,1,1,0.6097797
GOOGL,2026-07-23,0001652044-26-000066,-0.0523428238232774,-0.0068111033037658,2026,XGB B - MARKET + SEC,0,0,0.4428652
NFLX,2026-07-23,0001193125-26-312575,0.0242366010624127,0.0085678362373775,2026,XGB B - MARKET + SEC,1,0,0.3359335
TSLA,2026-07-23,0001628280-26-049213,-0.1262533558961757,-0.0585915846858855,2026,XGB B - MARKET + SEC,0,0,0.45267576
INTC,2026-07-24,0000050863-26-000155,-0.0677472957838671,-0.0711604142334447,2026,XGB B - MARKET + SEC,0,0,0.3958663
META,2026-07-30,0001628280-26-050596,-0.1125151041907142,0.0117450975750164,2026,XGB B - MARKET + SEC,1,0,0.45438728
MSFT,2026-07-30,0001193125-26-323632,0.1220932058569126,0.0171170755192331,2026,XGB B - MARKET + SEC,1,0,0.32214975
QCOM,2026-07-30,0000804328-26-000085,-0.0591817061233279,0.0214324277981945,2026,XGB B - MARKET + SEC,1,0,0.44099808
AAPL,2026-07-31,0000320193-26-000018,-0.0800340895161154,0.0194038264358225,2026,XGB B - MARKET + SEC,1,1,0.568046
AMZN,2026-07-31,0001018724-26-000024,0.1467103826662883,0.0307829420489287,2026,XGB B - MARKET + SEC,1,0,0.2250718
NFLX,2026-07-31,0001065280-26-000214,-0.0264490259696927,0.0023401580514879,2026,XGB B - MARKET + SEC,1,0,0.37626383
QCOM,2026-08-03,0001104659-26-089234,0.0092690762540241,0.019630447514588,2026,XGB B - MARKET + SEC,1,0,0.3875265
AMD,2026-08-05,0000002488-26-000121,-0.0613935964812326,0.0072668121016936,2026,XGB B - MARKET + SEC,1,0,0.22774613
GOOGL,2026-08-11,0001193125-26-342390,-0.0350184491059453,-0.0272796468601477,2026,XGB B - MARKET + SEC,0,0,0.42043772
INTC,2026-08-13,0001193125-26-346806,0.0241947255920518,0.0205034258151435,2026,XGB B - MARKET + SEC,1,0,0.14792125
AAPL,2026-01-05,0001140361-26-000199,-0.0217799468616566,-0.0103413883295395,2026,XGB C - MARKET + SEC + FINBERT,0,0,0.49382073
AVGO,2026-01-14,0001193125-26-011731,-0.0308274202273529,-0.0216962952747108,2026,XGB C - MARKET + SEC + FINBERT,0,0,0.39165363
META,2026-01-20,0001628280-26-002429,-0.0047584991112157,-0.0021397303181613,2026,XGB C - MARKET + SEC + FINBERT,0,0,0.4459551
NFLX,2026-01-20,0001193125-26-015951,0.0128380428459016,-0.0151742341985336,2026,XGB C - MARKET + SEC + FINBERT,0,0,0.31895524
QCOM,2026-01-20,0000804328-26-000008,-0.0123120567771578,-0.0016334674875372,2026,XGB C - MARKET + SEC + FINBERT,0,0,0.39767322
AMD,2026-01-21,0000002488-26-000002,0.0635771921622683,0.0473456777326968,2026,XGB C - MARKET + SEC + FINBERT,1,0,0.24250503
NFLX,2026-01-21,0001065280-26-000033,-0.0352924053531309,0.0232422093035407,2026,XGB C - MARKET + SEC + FINBERT,1,0,0.4408278
INTC,2026-01-23,0000050863-26-000009,-0.1734446087334877,-0.0430235754619413,2026,XGB C - MARKET + SEC + FINBERT,0,0,0.44255504
INTC,2026-01-26,0000050863-26-000031,-0.0616443526820043,-0.0440348464397251,2026,XGB C - MARKET + SEC + FINBERT,0,0,0.2039572
NVDA,2026-01-26,0001045810-26-000003,-0.0107942800846292,-0.0072970380480024,2026,XGB C - MARKET + SEC + FINBERT,0,0,0.4856334
ADBE,2026-01-28,0000796343-26-000019,0.0039508357181503,0.003258059807592,2026,XGB C - MARKET + SEC + FINBERT,1,0,0.25187355
META,2026-01-29,0001628280-26-003832,0.1100332620328821,0.0062830922555235,2026,XGB C - MARKET + SEC + FINBERT,1,0,0.33426657
MSFT,2026-01-29,0001193125-26-027198,-0.0939462490812705,-0.0096605613494352,2026,XGB C - MARKET + SEC + FINBERT,0,0,0.3431289
TSLA,2026-01-29,0001628280-26-003837,-0.0285486210897105,-0.0434255308205537,2026,XGB C - MARKET + SEC + FINBERT,0,0,0.4144239
AAPL,2026-01-30,0000320193-26-000005,0.0166569789377926,0.0230278217096914,2026,XGB C - MARKET + SEC + FINBERT,1,0,0.3982042
AMD,2026-02-04,0000002488-26-000014,-0.1556754118391105,-0.0538109977331892,2026,XGB C - MARKET + SEC + FINBERT,0,0,0.3371737
GOOGL,2026-02-05,0001652044-26-000012,0.0090205057778721,0.0662487408523784,2026,XGB C - MARKET + SEC + FINBERT,1,0,0.27910915
QCOM,2026-02-05,0000804328-26-000016,-0.0701637225601233,0.0307269997086276,2026,XGB C - MARKET + SEC + FINBERT,1,0,0.4923077
AMZN,2026-02-06,0001018724-26-000002,-0.0766859095832953,0.0218308409733383,2026,XGB C - MARKET + SEC + FINBERT,1,1,0.6481609
GOOGL,2026-02-17,0001193125-26-051423,-0.0110725550963733,0.0017192411931825,2026,XGB C - MARKET + SEC + FINBERT,1,0,0.47527698
AMD,2026-02-18,0000002488-26-000029,-0.0220427383261037,0.0025066459721003,2026,XGB C - MARKET + SEC + FINBERT,1,0,0.33140144
AMD,2026-02-24,0000002488-26-000045,0.0769491952441228,0.0013624169613037,2026,XGB C - MARKET + SEC + FINBERT,1,1,0.6951878
AAPL,2026-02-25,0001140361-26-006577,-0.0068133729662351,-0.0001659043702417,2026,XGB C - MARKET + SEC + FINBERT,0,0,0.3410438
NVDA,2026-02-26,0001045810-26-000019,-0.042496617762763,-0.0379679747996765,2026,XGB C - MARKET + SEC + FINBERT,0,0,0.4449159
AMZN,2026-02-27,0001104659-26-021050,0.0132046120006229,0.0081787591184356,2026,XGB C - MARKET + SEC + FINBERT,1,0,0.3820433
AVGO,2026-03-03,0001193125-26-085656,-0.0049144362597486,-0.0061201555946002,2026,XGB C - MARKET + SEC + FINBERT,0,1,0.68998945
INTC,2026-03-04,0000050863-26-000044,0.0422975276530752,0.0233559686390798,2026,XGB C - MARKET + SEC + FINBERT,1,1,0.54230577
AVGO,2026-03-05,0001730168-26-000011,0.0510081539046997,0.0053582738545181,2026,XGB C - MARKET + SEC + FINBERT,1,1,0.55377334
GOOGL,2026-03-09,0001652044-26-000026,0.0136296578488566,0.0179973989442567,2026,XGB C - MARKET + SEC + FINBERT,1,1,0.79276824
NVDA,2026-03-09,0001045810-26-000024,0.013806678855444,0.0101439104808573,2026,XGB C - MARKET + SEC + FINBERT,1,0,0.46192235
ADBE,2026-03-13,0000796343-26-000048,-0.0699123452534083,0.0113063627824637,2026,XGB C - MARKET + SEC + FINBERT,1,1,0.6284057
AMZN,2026-03-16,0001104659-26-027729,0.0083809647767647,0.0157040212697481,2026,XGB C - MARKET + SEC + FINBERT,1,1,0.699368
AMZN,2026-03-17,0001104659-26-028556,0.0114605156306819,0.0109012804045238,2026,XGB C - MARKET + SEC + FINBERT,1,1,0.7094078
QCOM,2026-03-20,0000804328-26-000041,0.0079698096776174,0.0044889041274942,2026,XGB C - MARKET + SEC + FINBERT,1,1,0.55654633
TSLA,2026-04-02,0001628280-26-022956,-0.0553616328176903,-0.0290943846448863,2026,XGB C - MARKET + SEC + FINBERT,0,0,0.4232245
AVGO,2026-04-06,0001193125-26-140574,-0.0063988681204529,-0.0058718684103425,2026,XGB C - MARKET + SEC + FINBERT,0,0,0.40760794
GOOGL,2026-04-06,0001652044-26-000031,0.0082504348362495,0.0100527845935252,2026,XGB C - MARKET + SEC + FINBERT,1,1,0.58178324
INTC,2026-04-06,0000050863-26-000069,0.0019222474605418,-0.0058376875250483,2026,XGB C - MARKET + SEC + FINBERT,0,0,0.29284728
AVGO,2026-04-07,0001193125-26-144028,0.0619912664480655,0.0171216935941338,2026,XGB C - MARKET + SEC + FINBERT,1,0,0.45825675
AMZN,2026-04-09,0001104659-26-041034,0.0492804640933421,0.0303534687607456,2026,XGB C - MARKET + SEC + FINBERT,1,0,0.3235934
INTC,2026-04-09,0000050863-26-000072,0.0402242748034202,0.0498187770797828,2026,XGB C - MARKET + SEC + FINBERT,1,0,0.28177795
GOOGL,2026-04-13,0001652044-26-000034,0.0024868969699596,0.000170379551692,2026,XGB C - MARKET + SEC + FINBERT,1,1,0.54756224
AMZN,2026-04-14,0001104659-26-042880,0.0199021520163233,0.016433257387515,2026,XGB C - MARKET + SEC + FINBERT,1,1,0.50460017
META,2026-04-15,0001628280-26-025108,-0.0002783824166061,-0.0063590818176222,2026,XGB C - MARKET + SEC + FINBERT,0,0,0.4922732
NFLX,2026-04-17,0001065280-26-000137,-0.110310240572915,0.004704453846027,2026,XGB C - MARKET + SEC + FINBERT,1,1,0.572346
AAPL,2026-04-21,0001140361-26-015711,-0.0213933529678685,-0.0133393788829566,2026,XGB C - MARKET + SEC + FINBERT,0,1,0.5759371
ADBE,2026-04-22,0000796343-26-000101,0.0187092090498186,-0.0031548534392964,2026,XGB C - MARKET + SEC + FINBERT,0,0,0.2285368
AVGO,2026-04-22,0001730168-26-000039,0.0341930534958387,0.0308741291936955,2026,XGB C - MARKET + SEC + FINBERT,1,1,0.50894254
NFLX,2026-04-23,0001065280-26-000139,0.0011281946640834,-0.009923921481999,2026,XGB C - MARKET + SEC + FINBERT,0,1,0.7175381
TSLA,2026-04-23,0001628280-26-026551,-0.0299535199415285,-0.0008977589101131,2026,XGB C - MARKET + SEC + FINBERT,0,1,0.6427702
INTC,2026-04-24,0000050863-26-000077,0.2168713502986243,-0.0040184646610659,2026,XGB C - MARKET + SEC + FINBERT,0,0,0.28960726
INTC,2026-04-27,0000050863-26-000083,0.0291553468152547,0.0145251963407004,2026,XGB C - MARKET + SEC + FINBERT,1,0,0.23567207
NVDA,2026-04-28,0001045810-26-000026,-0.0058242896842328,0.0173534563331154,2026,XGB C - MARKET + SEC + FINBERT,1,0,0.42850965
AMZN,2026-04-30,0001018724-26-000012,-0.0016468727883254,-0.0332806455473947,2026,XGB C - MARKET + SEC + FINBERT,0,0,0.47301948
GOOGL,2026-04-30,0001652044-26-000043,0.0902907529038123,0.025092301512154,2026,XGB C - MARKET + SEC + FINBERT,1,0,0.35666966
META,2026-04-30,0001628280-26-028364,-0.0948266554954643,-0.0155569070982914,2026,XGB C - MARKET + SEC + FINBERT,0,1,0.57418853
MSFT,2026-04-30,0001193125-26-191457,-0.0486231754824486,-0.0109677860587226,2026,XGB C - MARKET + SEC + FINBERT,0,1,0.6600142
QCOM,2026-04-30,0000804328-26-000060,0.1418276564768905,0.0401742225864352,2026,XGB C - MARKET + SEC + FINBERT,1,0,0.3411455
AAPL,2026-05-01,0000320193-26-000011,0.0227940049742925,-0.0028669651190025,2026,XGB C - MARKET + SEC + FINBERT,0,1,0.53617954
INTC,2026-05-01,0001193125-26-197845,0.0448034171687428,0.0614269973170729,2026,XGB C - MARKET + SEC + FINBERT,1,0,0.42472076
META,2026-05-05,0001193125-26-204128,-0.0219024667890024,-0.0189983528936068,2026,XGB C - MARKET + SEC + FINBERT,0,1,0.5396647
AMD,2026-05-06,0000002488-26-000072,0.1653710025525319,0.0174435268670318,2026,XGB C - MARKET + SEC + FINBERT,1,0,0.44469315
NVDA,2026-05-11,0001045810-26-000028,0.0168061992095833,0.0211043137808344,2026,XGB C - MARKET + SEC + FINBERT,1,0,0.4711672
GOOGL,2026-05-12,0001193125-26-216986,0.0051624834241175,0.0014095656150419,2026,XGB C - MARKET + SEC + FINBERT,1,0,0.48762086
MSFT,2026-05-15,0001193125-26-224155,0.0455934480664714,0.0201701973866516,2026,XGB C - MARKET + SEC + FINBERT,1,1,0.50113535
AMD,2026-05-18,0001193125-26-226746,-0.0030308987230113,-0.0118592197421618,2026,XGB C - MARKET + SEC + FINBERT,0,1,0.7940694
INTC,2026-05-18,0000050863-26-000118,-0.0012138983150062,-0.0387538675638343,2026,XGB C - MARKET + SEC + FINBERT,0,1,0.51500845
NVDA,2026-05-21,0001045810-26-000051,-0.0196275026130384,-0.0202919315077955,2026,XGB C - MARKET + SEC + FINBERT,0,0,0.42913222
GOOGL,2026-05-22,0001193125-26-234488,-0.0163388825753002,-0.0105694849773525,2026,XGB C - MARKET + SEC + FINBERT,0,1,0.5299857
AMZN,2026-05-26,0001104659-26-065717,-0.0216227139416436,-0.0158410020689607,2026,XGB C - MARKET + SEC + FINBERT,0,0,0.4322335
META,2026-06-01,0001628280-26-039193,-0.0566556308874622,-0.0552115292853173,2026,XGB C - MARKET + SEC + FINBERT,0,1,0.6694746
AVGO,2026-06-04,0001730168-26-000051,-0.1210312398743514,0.0172798616329554,2026,XGB C - MARKET + SEC + FINBERT,1,0,0.20281868
GOOGL,2026-06-05,0001193125-26-257724,0.0381672421712767,0.0402218208000237,2026,XGB C - MARKET + SEC + FINBERT,1,0,0.354879
GOOGL,2026-06-08,0001193125-26-259830,-0.0291912288708725,-0.0026967229043125,2026,XGB C - MARKET + SEC + FINBERT,0,0,0.36152974
NFLX,2026-06-08,0001065280-26-000189,-0.0100182503504155,0.0144249530046822,2026,XGB C - MARKET + SEC + FINBERT,1,1,0.56283385
AMZN,2026-06-10,0001104659-26-072140,-0.0053726134400394,-0.0116698773160114,2026,XGB C - MARKET + SEC + FINBERT,0,0,0.30949423
AVGO,2026-06-11,0001193125-26-266777,0.0024240754021118,0.0087014930563651,2026,XGB C - MARKET + SEC + FINBERT,1,1,0.6010914
ADBE,2026-06-12,0000796343-26-000109,-0.0734349532560182,0.0028061367377654,2026,XGB C - MARKET + SEC + FINBERT,1,0,0.31301844
GOOGL,2026-06-12,0001193125-26-267578,-0.0005460497805231,-0.0133055350915846,2026,XGB C - MARKET + SEC + FINBERT,0,0,0.33710387
AMZN,2026-06-15,0001104659-26-073562,-9.957228603751922e-05,-0.0039122307428645,2026,XGB C - MARKET + SEC + FINBERT,0,0,0.37139282
AVGO,2026-06-18,0001193125-26-275077,0.0218931329896958,-0.000317604097846,2026,XGB C - MARKET + SEC + FINBERT,0,0,0.2888283
NVDA,2026-06-22,0001193125-26-275783,-0.0071724054817254,-0.007710235866725,2026,XGB C - MARKET + SEC + FINBERT,0,0,0.47411513
QCOM,2026-06-24,0001104659-26-077071,-0.0286743834556753,-0.0188327726233503,2026,XGB C - MARKET + SEC + FINBERT,0,1,0.6728332
NVDA,2026-07-01,0001045810-26-000056,0.0027055922428425,0.0125466573486643,2026,XGB C - MARKET + SEC + FINBERT,1,1,0.59229994
AMD,2026-07-02,0000002488-26-000115,-0.0253003437574649,-0.0199061957949452,2026,XGB C - MARKET + SEC + FINBERT,0,0,0.3610066
TSLA,2026-07-02,0001628280-26-046717,-0.0575543818261817,-0.0628565756754723,2026,XGB C - MARKET + SEC + FINBERT,0,0,0.38865793
AVGO,2026-07-06,0001193125-26-295589,0.0229725241748379,-0.0032380661653597,2026,XGB C - MARKET + SEC + FINBERT,0,1,0.63116443
AMZN,2026-07-10,0001104659-26-082293,-0.0099646140288109,-0.0235444567364055,2026,XGB C - MARKET + SEC + FINBERT,0,0,0.45378917
NFLX,2026-07-17,0001065280-26-000211,-0.057599892179291,0.0476725804437911,2026,XGB C - MARKET + SEC + FINBERT,1,0,0.28576985
ADBE,2026-07-20,0000796343-26-000120,-0.011629367377381,0.0047412792953291,2026,XGB C - MARKET + SEC + FINBERT,1,1,0.5428456
GOOGL,2026-07-23,0001652044-26-000066,-0.0523428238232774,-0.0068111033037658,2026,XGB C - MARKET + SEC + FINBERT,0,0,0.19479626
NFLX,2026-07-23,0001193125-26-312575,0.0242366010624127,0.0085678362373775,2026,XGB C - MARKET + SEC + FINBERT,1,0,0.34113464
TSLA,2026-07-23,0001628280-26-049213,-0.1262533558961757,-0.0585915846858855,2026,XGB C - MARKET + SEC + FINBERT,0,0,0.3819584
INTC,2026-07-24,0000050863-26-000155,-0.0677472957838671,-0.0711604142334447,2026,XGB C - MARKET + SEC + FINBERT,0,0,0.32003266
META,2026-07-30,0001628280-26-050596,-0.1125151041907142,0.0117450975750164,2026,XGB C - MARKET + SEC + FINBERT,1,0,0.35885528
MSFT,2026-07-30,0001193125-26-323632,0.1220932058569126,0.0171170755192331,2026,XGB C - MARKET + SEC + FINBERT,1,0,0.31659892
QCOM,2026-07-30,0000804328-26-000085,-0.0591817061233279,0.0214324277981945,2026,XGB C - MARKET + SEC + FINBERT,1,0,0.34314442
AAPL,2026-07-31,0000320193-26-000018,-0.0800340895161154,0.0194038264358225,2026,XGB C - MARKET + SEC + FINBERT,1,0,0.4761387
AMZN,2026-07-31,0001018724-26-000024,0.1467103826662883,0.0307829420489287,2026,XGB C - MARKET + SEC + FINBERT,1,0,0.40221867
NFLX,2026-07-31,0001065280-26-000214,-0.0264490259696927,0.0023401580514879,2026,XGB C - MARKET + SEC + FINBERT,1,0,0.37581614
QCOM,2026-08-03,0001104659-26-089234,0.0092690762540241,0.019630447514588,2026,XGB C - MARKET + SEC + FINBERT,1,0,0.20067123
AMD,2026-08-05,0000002488-26-000121,-0.0613935964812326,0.0072668121016936,2026,XGB C - MARKET + SEC + FINBERT,1,0,0.24490634
GOOGL,2026-08-11,0001193125-26-342390,-0.0350184491059453,-0.0272796468601477,2026,XGB C - MARKET + SEC + FINBERT,0,0,0.3604968
INTC,2026-08-13,0001193125-26-346806,0.0241947255920518,0.0205034258151435,2026,XGB C - MARKET + SEC + FINBERT,1,0,0.15691686
