Variant,Test_Year,Sequence_Step,Feature,Mean_Abs_IG,Mean_IG,Positive_Share,Negative_Share
A,2023,1,Log_Return_1D_Z60,7.707760687480913e-07,-4.1560817010122264e-08,0.4661016949152542,0.5338983050847458
A,2023,1,Log_Return_5D_Z60,1.2448607549231383e-06,2.4809645537970937e-07,0.5169491525423728,0.4830508474576271
A,2023,1,Volatility_14D_Z60,2.2347360300045693e-06,-1.411584207744454e-06,0.288135593220339,0.711864406779661
A,2023,1,Relative_Volume_20D_Z60,7.430915047734743e-07,-9.87678419051008e-08,0.423728813559322,0.576271186440678
A,2023,1,RSI_14_Scaled,7.698720878579479e-07,-1.2277430982976512e-07,0.4406779661016949,0.559322033898305
A,2023,1,Price_to_SMA20_Z60,1.6932610833464423e-06,-1.235070783422998e-07,0.5423728813559322,0.4576271186440678
A,2023,1,Intraday_Return_Z60,4.931792432216753e-07,-6.403120256237571e-09,0.559322033898305,0.4406779661016949
A,2023,1,Daily_Range_Z60,1.7551000155435759e-06,-4.781704205925053e-07,0.3305084745762712,0.6694915254237288
A,2023,1,QQQ_Log_Return_1D,2.0872570871688367e-07,-9.735324368875808e-08,0.3728813559322034,0.6271186440677966
A,2023,1,QQQ_Log_Return_5D,6.505800342893053e-07,1.274563317110733e-07,0.5677966101694916,0.4322033898305085
A,2023,1,QQQ_Volatility_14D,2.566222576660948e-07,-9.72002354160395e-08,0.3813559322033898,0.6186440677966102
A,2023,2,Log_Return_1D_Z60,1.0263835292789736e-06,-2.2634809226929065e-07,0.5169491525423728,0.4830508474576271
A,2023,2,Log_Return_5D_Z60,1.933558223754517e-06,8.861963607387224e-08,0.5254237288135594,0.4745762711864407
A,2023,2,Volatility_14D_Z60,3.065119699385832e-06,-1.8456297539160005e-06,0.288135593220339,0.711864406779661
A,2023,2,Relative_Volume_20D_Z60,1.1894049976035603e-06,-9.491407126915874e-08,0.4322033898305085,0.5677966101694916
A,2023,2,RSI_14_Scaled,1.1565502973098774e-06,-2.401091876436112e-07,0.4406779661016949,0.559322033898305
A,2023,2,Price_to_SMA20_Z60,2.271083303639898e-06,-1.116382861710008e-07,0.4830508474576271,0.5169491525423728
A,2023,2,Intraday_Return_Z60,6.440223501158471e-07,-2.8714229216575404e-08,0.4915254237288136,0.5084745762711864
A,2023,2,Daily_Range_Z60,2.5693902898638044e-06,-6.070719678064052e-07,0.3220338983050847,0.6779661016949152
A,2023,2,QQQ_Log_Return_1D,2.4580955937381077e-07,-7.513704325390336e-09,0.4576271186440678,0.5423728813559322
A,2023,2,QQQ_Log_Return_5D,9.263706033380004e-07,2.743034777097364e-08,0.5254237288135594,0.4745762711864407
A,2023,2,QQQ_Volatility_14D,4.355029261660093e-07,-2.671160643785697e-07,0.3305084745762712,0.6694915254237288
A,2023,3,Log_Return_1D_Z60,1.8761396631816751e-06,-3.2205090860770724e-07,0.423728813559322,0.576271186440678
A,2023,3,Log_Return_5D_Z60,3.164572490277351e-06,1.1245358422229401e-07,0.576271186440678,0.423728813559322
A,2023,3,Volatility_14D_Z60,4.181657914159587e-06,-2.4142914298863616e-06,0.2542372881355932,0.7457627118644068
A,2023,3,Relative_Volume_20D_Z60,1.9941519440180855e-06,3.341834826642298e-07,0.3644067796610169,0.635593220338983
A,2023,3,RSI_14_Scaled,1.9190624698239844e-06,-3.112077422429138e-07,0.3898305084745763,0.6101694915254238
A,2023,3,Price_to_SMA20_Z60,3.2440898394270334e-06,-3.108241060090222e-07,0.4915254237288136,0.5084745762711864
A,2023,3,Intraday_Return_Z60,9.876521289697848e-07,-1.2370141178053018e-07,0.5084745762711864,0.4915254237288136
A,2023,3,Daily_Range_Z60,3.3230512599402573e-06,-1.8943794088954746e-08,0.423728813559322,0.576271186440678
A,2023,3,QQQ_Log_Return_1D,4.4286343836574815e-07,-3.705069673287653e-08,0.3898305084745763,0.6101694915254238
A,2023,3,QQQ_Log_Return_5D,1.1692767429849482e-06,-9.567740733018582e-08,0.4661016949152542,0.5338983050847458
A,2023,3,QQQ_Volatility_14D,6.613291247958841e-07,-4.4466565896073007e-07,0.3389830508474576,0.6610169491525424
A,2023,4,Log_Return_1D_Z60,2.546247515056166e-06,-7.55693861265172e-07,0.5338983050847458,0.4661016949152542
A,2023,4,Log_Return_5D_Z60,4.361696483101696e-06,-3.730446849203872e-07,0.4661016949152542,0.5338983050847458
A,2023,4,Volatility_14D_Z60,6.261570888455026e-06,-3.5098003081657225e-06,0.2457627118644068,0.7542372881355932
A,2023,4,Relative_Volume_20D_Z60,3.923913936887402e-06,4.643045485863695e-07,0.3983050847457627,0.6016949152542372
A,2023,4,RSI_14_Scaled,2.470002300469787e-06,-2.940993795164104e-07,0.423728813559322,0.576271186440678
A,2023,4,Price_to_SMA20_Z60,4.283911493985215e-06,-4.0356690078624524e-07,0.5508474576271186,0.4491525423728814
A,2023,4,Intraday_Return_Z60,1.3036186601311783e-06,-5.072808662021089e-08,0.5677966101694916,0.4322033898305085
A,2023,4,Daily_Range_Z60,4.573607384372735e-06,-1.013444602904201e-06,0.3305084745762712,0.6694915254237288
A,2023,4,QQQ_Log_Return_1D,6.447073133131198e-07,2.109229590985251e-08,0.4491525423728814,0.5508474576271186
A,2023,4,QQQ_Log_Return_5D,1.6810455463200924e-06,1.290720632596276e-07,0.4576271186440678,0.5423728813559322
A,2023,4,QQQ_Volatility_14D,1.0345103191866656e-06,-7.626151727890829e-07,0.2796610169491525,0.7203389830508474
A,2023,5,Log_Return_1D_Z60,3.614665956774843e-06,5.942799319313963e-08,0.5338983050847458,0.4661016949152542
A,2023,5,Log_Return_5D_Z60,6.275171017477987e-06,-8.989542266135686e-07,0.4576271186440678,0.5423728813559322
A,2023,5,Volatility_14D_Z60,8.921937478589825e-06,-5.171189513930585e-06,0.2288135593220339,0.7711864406779662
A,2023,5,Relative_Volume_20D_Z60,5.473535111377714e-06,-6.617036518719033e-08,0.3898305084745763,0.6101694915254238
A,2023,5,RSI_14_Scaled,3.8093346574896714e-06,-5.381243113333767e-07,0.4576271186440678,0.5423728813559322
A,2023,5,Price_to_SMA20_Z60,5.737915216741385e-06,-1.263809394913551e-06,0.4915254237288136,0.5084745762711864
A,2023,5,Intraday_Return_Z60,1.755131393110787e-06,-8.008221641375712e-08,0.5084745762711864,0.4915254237288136
A,2023,5,Daily_Range_Z60,6.698049674014328e-06,-1.0773039775813231e-06,0.3644067796610169,0.635593220338983
A,2023,5,QQQ_Log_Return_1D,1.1547498388608801e-06,3.852403906989821e-08,0.4491525423728814,0.5508474576271186
A,2023,5,QQQ_Log_Return_5D,2.410044544376433e-06,2.044610880602704e-07,0.4661016949152542,0.5338983050847458
A,2023,5,QQQ_Volatility_14D,1.473721113143256e-06,-1.122174126066966e-06,0.288135593220339,0.711864406779661
A,2023,6,Log_Return_1D_Z60,5.8178193285129964e-06,9.969253511599163e-08,0.5423728813559322,0.4576271186440678
A,2023,6,Log_Return_5D_Z60,1.04730015664245e-05,-1.3471562851918861e-06,0.4576271186440678,0.5423728813559322
A,2023,6,Volatility_14D_Z60,1.2871972103312146e-05,-7.691487553529441e-06,0.2542372881355932,0.7457627118644068
A,2023,6,Relative_Volume_20D_Z60,8.74686702445615e-06,-4.986658268535393e-07,0.3389830508474576,0.6610169491525424
A,2023,6,RSI_14_Scaled,6.291799763857853e-06,-1.0998611514878576e-06,0.4661016949152542,0.5338983050847458
A,2023,6,Price_to_SMA20_Z60,8.135382813634351e-06,-2.0084880816284567e-06,0.5508474576271186,0.4491525423728814
A,2023,6,Intraday_Return_Z60,2.4726723495405167e-06,1.1513081688008242e-07,0.559322033898305,0.4406779661016949
A,2023,6,Daily_Range_Z60,8.228204933402594e-06,-2.317751523150946e-06,0.3220338983050847,0.6779661016949152
A,2023,6,QQQ_Log_Return_1D,1.7707023971524904e-06,-5.250322487881931e-08,0.423728813559322,0.576271186440678
A,2023,6,QQQ_Log_Return_5D,3.7678239550587023e-06,3.762609424029506e-07,0.4745762711864407,0.5254237288135594
A,2023,6,QQQ_Volatility_14D,2.0704883354483172e-06,-1.5861838846831233e-06,0.2796610169491525,0.7203389830508474
A,2023,7,Log_Return_1D_Z60,8.90101000550203e-06,-2.8481852041295497e-06,0.4830508474576271,0.5169491525423728
A,2023,7,Log_Return_5D_Z60,1.542001155030448e-05,-2.539391061873175e-06,0.4491525423728814,0.5508474576271186
A,2023,7,Volatility_14D_Z60,1.7862948880065233e-05,-1.0695635864976794e-05,0.23728813559322035,0.7627118644067796
A,2023,7,Relative_Volume_20D_Z60,1.1531328709679656e-05,-8.049298116930004e-07,0.3898305084745763,0.6101694915254238
A,2023,7,RSI_14_Scaled,9.19980629987549e-06,-3.8901728771634225e-07,0.5254237288135594,0.4745762711864407
A,2023,7,Price_to_SMA20_Z60,9.875346222543158e-06,-2.3907077775220387e-06,0.5508474576271186,0.4491525423728814
A,2023,7,Intraday_Return_Z60,3.017305289176875e-06,-1.3282218880306118e-08,0.4745762711864407,0.5254237288135594
A,2023,7,Daily_Range_Z60,9.664114259066992e-06,-4.866557446803199e-06,0.2796610169491525,0.7203389830508474
A,2023,7,QQQ_Log_Return_1D,2.2699371129419887e-06,-3.9411028751601407e-07,0.4745762711864407,0.5254237288135594
A,2023,7,QQQ_Log_Return_5D,5.672396127920365e-06,1.4551839058185578e-06,0.5254237288135594,0.4745762711864407
A,2023,7,QQQ_Volatility_14D,2.749679879343603e-06,-2.0569625576172257e-06,0.2457627118644068,0.7542372881355932
A,2023,8,Log_Return_1D_Z60,1.2710897863144055e-05,-1.6113839365061722e-06,0.5169491525423728,0.4830508474576271
A,2023,8,Log_Return_5D_Z60,2.233259510830976e-05,-3.34344395014341e-06,0.4661016949152542,0.5338983050847458
A,2023,8,Volatility_14D_Z60,2.502862480469048e-05,-1.4932760677766055e-05,0.2288135593220339,0.7711864406779662
A,2023,8,Relative_Volume_20D_Z60,1.699990389170125e-05,-3.6110486689722165e-06,0.3135593220338983,0.6864406779661016
A,2023,8,RSI_14_Scaled,1.4966898561397102e-05,-4.0948041402089075e-08,0.5254237288135594,0.4745762711864407
A,2023,8,Price_to_SMA20_Z60,1.2811899978260044e-05,-3.9930400816956535e-06,0.5338983050847458,0.4661016949152542
A,2023,8,Intraday_Return_Z60,3.8822690839879215e-06,-5.864840773028845e-07,0.5338983050847458,0.4661016949152542
A,2023,8,Daily_Range_Z60,1.4406432455871254e-05,-5.452439381770091e-06,0.3135593220338983,0.6864406779661016
A,2023,8,QQQ_Log_Return_1D,3.308487293907092e-06,-3.5461820857563e-07,0.5169491525423728,0.4830508474576271
A,2023,8,QQQ_Log_Return_5D,7.802654181432445e-06,2.3605023216077825e-06,0.5338983050847458,0.4661016949152542
A,2023,8,QQQ_Volatility_14D,3.970083525928203e-06,-3.041061518160859e-06,0.23728813559322035,0.7627118644067796
A,2023,9,Log_Return_1D_Z60,1.9248007447458804e-05,-2.2751898995920783e-06,0.4745762711864407,0.5254237288135594
A,2023,9,Log_Return_5D_Z60,3.1483807106269524e-05,-1.6771911077739787e-06,0.5084745762711864,0.4915254237288136
A,2023,9,Volatility_14D_Z60,3.420472057769075e-05,-2.233099439763464e-05,0.2288135593220339,0.7711864406779662
A,2023,9,Relative_Volume_20D_Z60,2.9385017114691436e-05,-6.78776473250764e-07,0.2966101694915254,0.7033898305084746
A,2023,9,RSI_14_Scaled,2.174043947889004e-05,-4.3392356019467115e-07,0.5338983050847458,0.4661016949152542
A,2023,9,Price_to_SMA20_Z60,1.6816587958601303e-05,-4.92970184495789e-06,0.5169491525423728,0.4830508474576271
A,2023,9,Intraday_Return_Z60,6.746741291863145e-06,1.3961474678580998e-06,0.559322033898305,0.4406779661016949
A,2023,9,Daily_Range_Z60,2.094210867653601e-05,-2.817256245180033e-06,0.3644067796610169,0.635593220338983
A,2023,9,QQQ_Log_Return_1D,4.200086550554261e-06,2.235845926179536e-07,0.5169491525423728,0.4830508474576271
A,2023,9,QQQ_Log_Return_5D,1.1125253877253272e-05,2.6845771117223194e-06,0.4491525423728814,0.5508474576271186
A,2023,9,QQQ_Volatility_14D,5.20123285241425e-06,-4.1290686567663215e-06,0.2542372881355932,0.7457627118644068
A,2023,10,Log_Return_1D_Z60,2.9806526072206907e-05,-4.368589543446433e-06,0.5338983050847458,0.4661016949152542
A,2023,10,Log_Return_5D_Z60,4.295268445275724e-05,-5.679684818460373e-06,0.4830508474576271,0.5169491525423728
A,2023,10,Volatility_14D_Z60,4.765793710248545e-05,-3.059583832509816e-05,0.2288135593220339,0.7711864406779662
A,2023,10,Relative_Volume_20D_Z60,3.5517496144166216e-05,-8.48651416163193e-06,0.288135593220339,0.711864406779661
A,2023,10,RSI_14_Scaled,3.307307997602038e-05,8.619354048278183e-07,0.5508474576271186,0.4491525423728814
A,2023,10,Price_to_SMA20_Z60,2.1537704014917836e-05,-7.588354947074549e-06,0.4491525423728814,0.5508474576271186
A,2023,10,Intraday_Return_Z60,8.495746442349628e-06,-5.596835421783908e-07,0.5677966101694916,0.4322033898305085
A,2023,10,Daily_Range_Z60,2.144204336218536e-05,-7.34498780730064e-06,0.3389830508474576,0.6610169491525424
A,2023,10,QQQ_Log_Return_1D,6.231254246813478e-06,-8.030750109355722e-08,0.5,0.5
A,2023,10,QQQ_Log_Return_5D,1.6312478692270815e-05,4.0447885112371296e-06,0.5423728813559322,0.4576271186440678
A,2023,10,QQQ_Volatility_14D,7.337442639254732e-06,-5.522605079022469e-06,0.2542372881355932,0.7457627118644068
A,2023,11,Log_Return_1D_Z60,4.446917955647223e-05,7.535826171078952e-06,0.5847457627118644,0.4152542372881356
A,2023,11,Log_Return_5D_Z60,6.322144326986745e-05,-3.7512652397708734e-06,0.5932203389830508,0.4067796610169492
A,2023,11,Volatility_14D_Z60,7.1407099312637e-05,-4.277960033505224e-05,0.23728813559322035,0.7627118644067796
A,2023,11,Relative_Volume_20D_Z60,4.273712693247944e-05,-1.1701758921844885e-05,0.3135593220338983,0.6864406779661016
A,2023,11,RSI_14_Scaled,5.088220495963469e-05,-8.372894626518246e-07,0.5,0.5
A,2023,11,Price_to_SMA20_Z60,2.7137590222992003e-05,-1.3067246072751004e-05,0.3983050847457627,0.6016949152542372
A,2023,11,Intraday_Return_Z60,1.1665909369185101e-05,3.6231253943697084e-06,0.6779661016949152,0.3220338983050847
A,2023,11,Daily_Range_Z60,2.6799043553182855e-05,-4.993773927708389e-06,0.3898305084745763,0.6101694915254238
A,2023,11,QQQ_Log_Return_1D,1.1149272722832393e-05,3.069993681492633e-06,0.6101694915254238,0.3898305084745763
A,2023,11,QQQ_Log_Return_5D,2.353438139834907e-05,2.882026819861494e-06,0.4915254237288136,0.5084745762711864
A,2023,11,QQQ_Volatility_14D,9.775461876415648e-06,-8.01652731752256e-06,0.23728813559322035,0.7627118644067796
A,2023,12,Log_Return_1D_Z60,7.369816739810631e-05,-1.2563188647618517e-05,0.4745762711864407,0.5254237288135594
A,2023,12,Log_Return_5D_Z60,8.734138828003779e-05,1.0480409855517792e-06,0.576271186440678,0.423728813559322
A,2023,12,Volatility_14D_Z60,0.00010037051833933219,-5.89045557717327e-05,0.2288135593220339,0.7711864406779662
A,2023,12,Relative_Volume_20D_Z60,6.437525735236704e-05,-1.4629051293013617e-05,0.3644067796610169,0.635593220338983
A,2023,12,RSI_14_Scaled,7.311906665563583e-05,3.7292390970833367e-06,0.5084745762711864,0.4915254237288136
A,2023,12,Price_to_SMA20_Z60,3.0450200938503258e-05,-1.519239776825998e-05,0.3898305084745763,0.6101694915254238
A,2023,12,Intraday_Return_Z60,1.6055289961514063e-05,-6.686308324788115e-07,0.5423728813559322,0.4576271186440678
A,2023,12,Daily_Range_Z60,3.041594936803449e-05,-2.0842726371483877e-06,0.3983050847457627,0.6016949152542372
A,2023,12,QQQ_Log_Return_1D,1.7715354260872118e-05,-4.1051566768146586e-06,0.4406779661016949,0.559322033898305
A,2023,12,QQQ_Log_Return_5D,3.162892608088441e-05,4.342064130469225e-06,0.5423728813559322,0.4576271186440678
A,2023,12,QQQ_Volatility_14D,1.3071997273073066e-05,-1.0445308362250216e-05,0.2627118644067797,0.7372881355932204
A,2023,13,Log_Return_1D_Z60,7.88857287261635e-05,-1.585980317031499e-05,0.5084745762711864,0.4915254237288136
A,2023,13,Log_Return_5D_Z60,0.00011923298006877303,-5.1823831199726555e-06,0.5677966101694916,0.4322033898305085
A,2023,13,Volatility_14D_Z60,0.00013994202890899032,-7.956567424116656e-05,0.2711864406779661,0.7288135593220338
A,2023,13,Relative_Volume_20D_Z60,0.00010129555448656902,-2.968452827190049e-05,0.3220338983050847,0.6779661016949152
A,2023,13,RSI_14_Scaled,0.00010319247667212039,1.2811821761715692e-05,0.5338983050847458,0.4661016949152542
A,2023,13,Price_to_SMA20_Z60,3.5142726119374856e-05,-1.813304697861895e-05,0.4152542372881356,0.5847457627118644
A,2023,13,Intraday_Return_Z60,1.9074139345320873e-05,-2.517551820346853e-07,0.5084745762711864,0.4915254237288136
A,2023,13,Daily_Range_Z60,3.8003861845936626e-05,-1.0321342415409163e-05,0.3135593220338983,0.6864406779661016
A,2023,13,QQQ_Log_Return_1D,1.8528948203311302e-05,-1.7904377500599367e-06,0.4830508474576271,0.5169491525423728
A,2023,13,QQQ_Log_Return_5D,4.6154131268849596e-05,8.988812624011189e-06,0.5084745762711864,0.4915254237288136
A,2023,13,QQQ_Volatility_14D,1.7655880583333783e-05,-1.4844611541775521e-05,0.23728813559322035,0.7627118644067796
A,2023,14,Log_Return_1D_Z60,0.00012441622675396502,-2.9978311431477778e-05,0.423728813559322,0.576271186440678
A,2023,14,Log_Return_5D_Z60,0.00018337600340601057,-1.785741733328905e-05,0.5084745762711864,0.4915254237288136
A,2023,14,Volatility_14D_Z60,0.0001874245936051011,-0.00010691873467294499,0.22033898305084745,0.7796610169491526
A,2023,14,Relative_Volume_20D_Z60,0.0001124509290093556,-6.271639722399414e-05,0.22033898305084745,0.7796610169491526
A,2023,14,RSI_14_Scaled,0.0001463315129512921,3.0051376597839408e-05,0.5508474576271186,0.4491525423728814
A,2023,14,Price_to_SMA20_Z60,4.0895196434576064e-05,-1.9683115169755183e-05,0.3983050847457627,0.6016949152542372
A,2023,14,Intraday_Return_Z60,3.191410723957233e-05,-5.514485224011878e-07,0.4830508474576271,0.5169491525423728
A,2023,14,Daily_Range_Z60,3.381743226782419e-05,-1.107183561543934e-05,0.3474576271186441,0.652542372881356
A,2023,14,QQQ_Log_Return_1D,2.738338298513554e-05,-6.919032784935553e-06,0.4152542372881356,0.5847457627118644
A,2023,14,QQQ_Log_Return_5D,7.74404761614278e-05,2.0534669602056965e-05,0.559322033898305,0.4406779661016949
A,2023,14,QQQ_Volatility_14D,2.438348383293487e-05,-2.1095183910802007e-05,0.23728813559322035,0.7627118644067796
A,2023,15,Log_Return_1D_Z60,0.00019382858590688556,-2.0116407540626824e-05,0.5254237288135594,0.4745762711864407
A,2023,15,Log_Return_5D_Z60,0.00025773633387871087,-3.221317456336692e-05,0.4491525423728814,0.5508474576271186
A,2023,15,Volatility_14D_Z60,0.0002544363378547132,-0.0001589092134963721,0.22033898305084745,0.7796610169491526
A,2023,15,Relative_Volume_20D_Z60,0.00016777498240116984,-6.932664109626785e-05,0.2796610169491525,0.7203389830508474
A,2023,15,RSI_14_Scaled,0.00022406478819902986,4.7501103836111724e-05,0.5932203389830508,0.4067796610169492
A,2023,15,Price_to_SMA20_Z60,5.35802282684017e-05,-2.6551142582320608e-05,0.4576271186440678,0.5423728813559322
A,2023,15,Intraday_Return_Z60,4.374193667899817e-05,-1.2418233382049948e-05,0.5084745762711864,0.4915254237288136
A,2023,15,Daily_Range_Z60,4.454357986105606e-05,-6.7342839429329615e-06,0.3728813559322034,0.6271186440677966
A,2023,15,QQQ_Log_Return_1D,3.986634692410007e-05,-7.574638402729761e-06,0.4661016949152542,0.5338983050847458
A,2023,15,QQQ_Log_Return_5D,0.00012407345639076084,3.947963341488503e-05,0.6101694915254238,0.3898305084745763
A,2023,15,QQQ_Volatility_14D,3.490775634418242e-05,-2.9983690183144063e-05,0.19491525423728814,0.8050847457627118
A,2023,16,Log_Return_1D_Z60,0.0002637276193127036,-5.0789432862075046e-05,0.5,0.5
A,2023,16,Log_Return_5D_Z60,0.00035218658740632236,-0.00011132781219203025,0.4576271186440678,0.5423728813559322
A,2023,16,Volatility_14D_Z60,0.0003544929495546967,-0.00020424864487722516,0.23728813559322035,0.7627118644067796
A,2023,16,Relative_Volume_20D_Z60,0.00024842590210027993,-2.7831467377836816e-05,0.2796610169491525,0.7203389830508474
A,2023,16,RSI_14_Scaled,0.0003247017739340663,8.392517338506877e-05,0.6016949152542372,0.3983050847457627
A,2023,16,Price_to_SMA20_Z60,6.401539576472715e-05,-3.793735959334299e-05,0.4322033898305085,0.5677966101694916
A,2023,16,Intraday_Return_Z60,5.98248079768382e-05,-1.1227659342694096e-05,0.4915254237288136,0.5084745762711864
A,2023,16,Daily_Range_Z60,4.330044612288475e-05,6.530108294100501e-06,0.4745762711864407,0.5254237288135594
A,2023,16,QQQ_Log_Return_1D,5.3179028327576816e-05,-8.090881237876602e-06,0.4915254237288136,0.5084745762711864
A,2023,16,QQQ_Log_Return_5D,0.0002069235051749274,0.00010977961937896907,0.6694915254237288,0.3305084745762712
A,2023,16,QQQ_Volatility_14D,5.0655573431868106e-05,-4.337899372330867e-05,0.1864406779661017,0.8135593220338984
A,2023,17,Log_Return_1D_Z60,0.00036602834006771445,-0.00013695091183762997,0.4152542372881356,0.5847457627118644
A,2023,17,Log_Return_5D_Z60,0.00047338835429400206,-0.0001903880765894428,0.4491525423728814,0.5508474576271186
A,2023,17,Volatility_14D_Z60,0.0005104822921566665,-0.00030863069696351886,0.2033898305084746,0.7966101694915254
A,2023,17,Relative_Volume_20D_Z60,0.00035568219027481973,-8.298447937704623e-05,0.2711864406779661,0.7288135593220338
A,2023,17,RSI_14_Scaled,0.0004771322710439563,0.0001718767307465896,0.635593220338983,0.3644067796610169
A,2023,17,Price_to_SMA20_Z60,7.650388579349965e-05,-4.4773001718567684e-05,0.3813559322033898,0.6186440677966102
A,2023,17,Intraday_Return_Z60,9.366659651277587e-05,-3.5278124414617196e-05,0.4576271186440678,0.5423728813559322
A,2023,17,Daily_Range_Z60,6.276672502281144e-05,1.5119545423658565e-05,0.4745762711864407,0.5254237288135594
A,2023,17,QQQ_Log_Return_1D,7.171322067733854e-05,-2.7992737159365788e-05,0.4406779661016949,0.559322033898305
A,2023,17,QQQ_Log_Return_5D,0.0002913078642450273,0.00016478625184390694,0.652542372881356,0.3474576271186441
A,2023,17,QQQ_Volatility_14D,7.199829997261986e-05,-6.508476508315653e-05,0.16101694915254236,0.8389830508474576
A,2023,18,Log_Return_1D_Z60,0.0005365493125282228,-0.00017534260405227542,0.4322033898305085,0.5677966101694916
A,2023,18,Log_Return_5D_Z60,0.0007057548500597477,-0.0003127545351162553,0.423728813559322,0.576271186440678
A,2023,18,Volatility_14D_Z60,0.0007234821678139269,-0.0004165556747466326,0.2033898305084746,0.7966101694915254
A,2023,18,Relative_Volume_20D_Z60,0.0004467201652005315,-4.338938197179232e-06,0.3305084745762712,0.6694915254237288
A,2023,18,RSI_14_Scaled,0.0007247185567393899,0.00029595507658086717,0.652542372881356,0.3474576271186441
A,2023,18,Price_to_SMA20_Z60,0.00010415993892820552,-7.479730265913531e-05,0.3135593220338983,0.6864406779661016
A,2023,18,Intraday_Return_Z60,0.00011508013994898647,-4.7056069888640195e-05,0.4491525423728814,0.5508474576271186
A,2023,18,Daily_Range_Z60,8.619701839052141e-05,2.9265274861245416e-05,0.5254237288135594,0.4745762711864407
A,2023,18,QQQ_Log_Return_1D,7.686702883802354e-05,-2.178308022848796e-05,0.4322033898305085,0.5677966101694916
A,2023,18,QQQ_Log_Return_5D,0.00042258703615516424,0.0002535388630349189,0.6864406779661016,0.3135593220338983
A,2023,18,QQQ_Volatility_14D,0.00010790176020236686,-0.00010119640501216054,0.13559322033898305,0.864406779661017
A,2023,19,Log_Return_1D_Z60,0.0006916587590239942,-2.6850733775063418e-05,0.5169491525423728,0.4830508474576271
A,2023,19,Log_Return_5D_Z60,0.001002115779556334,-0.00035122717963531613,0.3898305084745763,0.6101694915254238
A,2023,19,Volatility_14D_Z60,0.0010158225195482373,-0.0005563743179664016,0.211864406779661,0.788135593220339
A,2023,19,Relative_Volume_20D_Z60,0.0004894344601780176,-9.127409430220723e-05,0.3220338983050847,0.6779661016949152
A,2023,19,RSI_14_Scaled,0.0010064373491331935,0.000408864114433527,0.6271186440677966,0.3728813559322034
A,2023,19,Price_to_SMA20_Z60,0.00011936619557673112,-9.089700324693695e-05,0.3050847457627119,0.6949152542372882
A,2023,19,Intraday_Return_Z60,0.00013180576206650585,-1.1693569831550121e-05,0.4830508474576271,0.5169491525423728
A,2023,19,Daily_Range_Z60,0.00010901514178840443,7.730378274573013e-05,0.6779661016949152,0.3220338983050847
A,2023,19,QQQ_Log_Return_1D,0.00012153897841926664,2.031642543443013e-05,0.5338983050847458,0.4661016949152542
A,2023,19,QQQ_Log_Return_5D,0.0005868895095773041,0.0002774233289528638,0.6271186440677966,0.3728813559322034
A,2023,19,QQQ_Volatility_14D,0.00016815464186947793,-0.00016341096488758922,0.0847457627118644,0.9152542372881356
A,2023,20,Log_Return_1D_Z60,0.0008785554673522711,4.725798135041259e-05,0.5423728813559322,0.4576271186440678
A,2023,20,Log_Return_5D_Z60,0.0012962841428816319,-0.0003947916266042739,0.4406779661016949,0.559322033898305
A,2023,20,Volatility_14D_Z60,0.0013606062857434154,-0.0008138649864122272,0.17796610169491525,0.8220338983050848
A,2023,20,Relative_Volume_20D_Z60,0.0005819693324156106,-0.00011780801287386566,0.3220338983050847,0.6779661016949152
A,2023,20,RSI_14_Scaled,0.0013447164092212915,0.0005118316039443016,0.6186440677966102,0.3813559322033898
A,2023,20,Price_to_SMA20_Z60,0.00014593150990549475,-0.00011512711353134364,0.2966101694915254,0.7033898305084746
A,2023,20,Intraday_Return_Z60,0.0001852693676482886,-2.9161531074350933e-06,0.5508474576271186,0.4491525423728814
A,2023,20,Daily_Range_Z60,0.0001292020606342703,7.448098040185869e-05,0.6949152542372882,0.3050847457627119
A,2023,20,QQQ_Log_Return_1D,0.0001753547985572368,2.0972869606339373e-05,0.5338983050847458,0.4661016949152542
A,2023,20,QQQ_Log_Return_5D,0.0008177220588549972,0.00030696825706399977,0.6271186440677966,0.3728813559322034
A,2023,20,QQQ_Volatility_14D,0.00024285518156830221,-0.00023711867106612772,0.0847457627118644,0.9152542372881356
A,2023,21,Log_Return_1D_Z60,0.001508699613623321,-7.984119292814285e-05,0.5423728813559322,0.4576271186440678
A,2023,21,Log_Return_5D_Z60,0.0016636628424748778,-0.0004665776214096695,0.4491525423728814,0.5508474576271186
A,2023,21,Volatility_14D_Z60,0.0017987055471166968,-0.0009718358051031828,0.211864406779661,0.788135593220339
A,2023,21,Relative_Volume_20D_Z60,0.0008957718382589519,8.856951171765104e-05,0.3474576271186441,0.652542372881356
A,2023,21,RSI_14_Scaled,0.0018726094858720899,0.0006592340650968254,0.6016949152542372,0.3983050847457627
A,2023,21,Price_to_SMA20_Z60,0.0002132497465936467,-0.00019128613348584622,0.211864406779661,0.788135593220339
A,2023,21,Intraday_Return_Z60,0.00023489701561629772,-3.0385021091206e-05,0.5338983050847458,0.4661016949152542
A,2023,21,Daily_Range_Z60,0.0002199545269832015,0.00014211030793376267,0.7372881355932204,0.2627118644067797
A,2023,21,QQQ_Log_Return_1D,0.0002579173888079822,-6.914337973285001e-06,0.576271186440678,0.423728813559322
A,2023,21,QQQ_Log_Return_5D,0.0010471661807969213,0.00034530414268374443,0.5677966101694916,0.4322033898305085
A,2023,21,QQQ_Volatility_14D,0.0003549735411070287,-0.00034676544601097703,0.06779661016949153,0.9322033898305084
A,2023,22,Log_Return_1D_Z60,0.0017884192056953907,-0.0006218724884092808,0.4322033898305085,0.5677966101694916
A,2023,22,Log_Return_5D_Z60,0.0022140832152217627,-0.0006678214413113892,0.4406779661016949,0.559322033898305
A,2023,22,Volatility_14D_Z60,0.002433605957776308,-0.001247274805791676,0.22033898305084745,0.7796610169491526
A,2023,22,Relative_Volume_20D_Z60,0.000985887018032372,9.344437785330229e-06,0.3644067796610169,0.635593220338983
A,2023,22,RSI_14_Scaled,0.002524258568882942,0.0012142418418079615,0.635593220338983,0.3644067796610169
A,2023,22,Price_to_SMA20_Z60,0.0002818289794959128,-0.0002586902701295912,0.2711864406779661,0.7288135593220338
A,2023,22,Intraday_Return_Z60,0.00031281670089811087,-6.793312059016898e-05,0.4322033898305085,0.5677966101694916
A,2023,22,Daily_Range_Z60,0.0003429876232985407,0.00017549355106893927,0.7033898305084746,0.2966101694915254
A,2023,22,QQQ_Log_Return_1D,0.0003017324488610029,-7.420833571814e-05,0.4576271186440678,0.5423728813559322
A,2023,22,QQQ_Log_Return_5D,0.0014919383684173226,0.00042380020022392273,0.5423728813559322,0.4576271186440678
A,2023,22,QQQ_Volatility_14D,0.0005209713126532733,-0.0005146140465512872,0.05084745762711865,0.9491525423728814
A,2023,23,Log_Return_1D_Z60,0.0022203887347131968,6.242388190003112e-05,0.559322033898305,0.4406779661016949
A,2023,23,Log_Return_5D_Z60,0.002842902671545744,-0.00044455609167926013,0.5338983050847458,0.4661016949152542
A,2023,23,Volatility_14D_Z60,0.0031189662404358387,-0.0017023039981722832,0.19491525423728814,0.8050847457627118
A,2023,23,Relative_Volume_20D_Z60,0.0010395585559308529,-0.00019181131210643798,0.2457627118644068,0.7542372881355932
A,2023,23,RSI_14_Scaled,0.0032299000304192305,0.0015745809068903327,0.6610169491525424,0.3389830508474576
A,2023,23,Price_to_SMA20_Z60,0.0003695553750731051,-0.00033215261646546423,0.2288135593220339,0.7711864406779662
A,2023,23,Intraday_Return_Z60,0.00035769862006418407,-4.203817661618814e-05,0.5338983050847458,0.4661016949152542
A,2023,23,Daily_Range_Z60,0.0006338952807709575,0.00031324379961006343,0.7457627118644068,0.2542372881355932
A,2023,23,QQQ_Log_Return_1D,0.00034193991450592875,-5.768613482359797e-05,0.5084745762711864,0.4915254237288136
A,2023,23,QQQ_Log_Return_5D,0.0022396964486688375,0.0005016620852984488,0.5084745762711864,0.4915254237288136
A,2023,23,QQQ_Volatility_14D,0.0008031859761103988,-0.0007971271988935769,0.0423728813559322,0.9576271186440678
A,2023,24,Log_Return_1D_Z60,0.0029245445039123297,0.00019215128850191832,0.5847457627118644,0.4152542372881356
A,2023,24,Log_Return_5D_Z60,0.003650459460914135,-0.0004308363131713122,0.5084745762711864,0.4915254237288136
A,2023,24,Volatility_14D_Z60,0.004115900490432978,-0.0023924987763166428,0.211864406779661,0.788135593220339
A,2023,24,Relative_Volume_20D_Z60,0.0010583419352769852,-0.00013082944497000426,0.3644067796610169,0.635593220338983
A,2023,24,RSI_14_Scaled,0.004317853599786758,0.0019589217845350504,0.6610169491525424,0.3389830508474576
A,2023,24,Price_to_SMA20_Z60,0.0004782641481142491,-0.00042371833114884794,0.2627118644067797,0.7372881355932204
A,2023,24,Intraday_Return_Z60,0.0004167023580521345,-0.00014822832599747926,0.4067796610169492,0.5932203389830508
A,2023,24,Daily_Range_Z60,0.0010668145259842277,0.0003734685305971652,0.7033898305084746,0.2966101694915254
A,2023,24,QQQ_Log_Return_1D,0.00043766506132669747,2.0269731976441108e-05,0.5423728813559322,0.4576271186440678
A,2023,24,QQQ_Log_Return_5D,0.0031769650522619486,0.0006909651565365493,0.5254237288135594,0.4745762711864407
A,2023,24,QQQ_Volatility_14D,0.001161146559752524,-0.0011568650370463729,0.05084745762711865,0.9491525423728814
A,2023,25,Log_Return_1D_Z60,0.004425577353686094,-2.0916228095302358e-05,0.4830508474576271,0.5169491525423728
A,2023,25,Log_Return_5D_Z60,0.005095271859318018,-0.0007450752891600132,0.5254237288135594,0.4745762711864407
A,2023,25,Volatility_14D_Z60,0.005268980283290148,-0.0029945247806608677,0.2457627118644068,0.7542372881355932
A,2023,25,Relative_Volume_20D_Z60,0.0009770096512511373,4.675323725678027e-05,0.3813559322033898,0.6186440677966102
A,2023,25,RSI_14_Scaled,0.0058914353139698505,0.0025839570444077253,0.5932203389830508,0.4067796610169492
A,2023,25,Price_to_SMA20_Z60,0.0006959287566132843,-0.0005370351136662066,0.3305084745762712,0.6694915254237288
A,2023,25,Intraday_Return_Z60,0.0006080800085328519,-0.00021007184113841504,0.4576271186440678,0.5423728813559322
A,2023,25,Daily_Range_Z60,0.0014050697209313512,0.0006253048777580261,0.7288135593220338,0.2711864406779661
A,2023,25,QQQ_Log_Return_1D,0.0005960626294836402,-0.0001298566348850727,0.4661016949152542,0.5338983050847458
A,2023,25,QQQ_Log_Return_5D,0.004585004411637783,0.0014258282026275992,0.5169491525423728,0.4830508474576271
A,2023,25,QQQ_Volatility_14D,0.0017477974761277437,-0.0017321126069873571,0.05084745762711865,0.9491525423728814
A,2023,26,Log_Return_1D_Z60,0.00571306562051177,-0.00045905375736765563,0.4915254237288136,0.5084745762711864
A,2023,26,Log_Return_5D_Z60,0.0063744052313268185,-0.0011213355464860797,0.5,0.5
A,2023,26,Volatility_14D_Z60,0.006615223828703165,-0.00350576383061707,0.23728813559322035,0.7627118644067796
A,2023,26,Relative_Volume_20D_Z60,0.0009603446233086288,0.00044928555143997073,0.4661016949152542,0.5338983050847458
A,2023,26,RSI_14_Scaled,0.008019649423658848,0.0034208816941827536,0.6186440677966102,0.3813559322033898
A,2023,26,Price_to_SMA20_Z60,0.0010840054601430893,-0.0008084247238002717,0.3813559322033898,0.6186440677966102
A,2023,26,Intraday_Return_Z60,0.0006050328374840319,-0.00020302558550611138,0.4067796610169492,0.5932203389830508
A,2023,26,Daily_Range_Z60,0.0018551645334810019,0.0004485263198148459,0.635593220338983,0.3644067796610169
A,2023,26,QQQ_Log_Return_1D,0.00064130499958992,-9.809952462092042e-05,0.5084745762711864,0.4915254237288136
A,2023,26,QQQ_Log_Return_5D,0.006490310188382864,0.0021955694537609816,0.559322033898305,0.4406779661016949
A,2023,26,QQQ_Volatility_14D,0.002610300900414586,-0.002595866797491908,0.05084745762711865,0.9491525423728814
A,2023,27,Log_Return_1D_Z60,0.008074657060205936,-0.0003825320745818317,0.5084745762711864,0.4915254237288136
A,2023,27,Log_Return_5D_Z60,0.008690521121025085,-0.0005421129171736538,0.5338983050847458,0.4661016949152542
A,2023,27,Volatility_14D_Z60,0.008640100248157978,-0.0031708877068012953,0.2542372881355932,0.7457627118644068
A,2023,27,Relative_Volume_20D_Z60,0.0007392594125121832,0.000504864554386586,0.576271186440678,0.423728813559322
A,2023,27,RSI_14_Scaled,0.01045229285955429,0.004489848390221596,0.6440677966101694,0.3559322033898305
A,2023,27,Price_to_SMA20_Z60,0.0017135471571236849,-0.0011142463190481067,0.4661016949152542,0.5338983050847458
A,2023,27,Intraday_Return_Z60,0.0007744887843728065,-0.00045653452980332077,0.3559322033898305,0.6440677966101694
A,2023,27,Daily_Range_Z60,0.002817187225446105,0.0008308293763548136,0.6949152542372882,0.3050847457627119
A,2023,27,QQQ_Log_Return_1D,0.0007168354350142181,-4.478112532524392e-05,0.5084745762711864,0.4915254237288136
A,2023,27,QQQ_Log_Return_5D,0.007660687901079655,0.0019937828183174133,0.559322033898305,0.4406779661016949
A,2023,27,QQQ_Volatility_14D,0.003848445601761341,-0.0038110995665192604,0.05084745762711865,0.9491525423728814
A,2023,28,Log_Return_1D_Z60,0.009275301359593868,0.0003633340238593519,0.5423728813559322,0.4576271186440678
A,2023,28,Log_Return_5D_Z60,0.011091780848801136,-0.0010757979471236467,0.5338983050847458,0.4661016949152542
A,2023,28,Volatility_14D_Z60,0.010332763195037842,-0.0033056342508643866,0.2457627118644068,0.7542372881355932
A,2023,28,Relative_Volume_20D_Z60,0.0016662689158692956,0.0006200190982781351,0.5847457627118644,0.4152542372881356
A,2023,28,RSI_14_Scaled,0.011391768231987953,0.005068694707006216,0.6440677966101694,0.3559322033898305
A,2023,28,Price_to_SMA20_Z60,0.003005856415256858,-0.0015026647597551346,0.4830508474576271,0.5169491525423728
A,2023,28,Intraday_Return_Z60,0.000783568131737411,-5.243334817350842e-05,0.5084745762711864,0.4915254237288136
A,2023,28,Daily_Range_Z60,0.0037010125815868378,0.0008838083012960851,0.6271186440677966,0.3728813559322034
A,2023,28,QQQ_Log_Return_1D,0.0005933454376645386,7.118526264093816e-05,0.5677966101694916,0.4322033898305085
A,2023,28,QQQ_Log_Return_5D,0.009919438511133194,0.0021464757155627012,0.559322033898305,0.4406779661016949
A,2023,28,QQQ_Volatility_14D,0.005738852079957724,-0.005692233331501484,0.05084745762711865,0.9491525423728814
A,2023,29,Log_Return_1D_Z60,0.011887160129845142,0.002649440197274089,0.4915254237288136,0.5084745762711864
A,2023,29,Log_Return_5D_Z60,0.014288494363427162,-0.0005582941230386496,0.5254237288135594,0.4745762711864407
A,2023,29,Volatility_14D_Z60,0.012077719904482365,-0.0019010145915672183,0.2627118644067797,0.7372881355932204
A,2023,29,Relative_Volume_20D_Z60,0.0032170137856155634,0.00028654796187765896,0.5677966101694916,0.4322033898305085
A,2023,29,RSI_14_Scaled,0.012257842347025871,0.004898402839899063,0.6101694915254238,0.3898305084745763
A,2023,29,Price_to_SMA20_Z60,0.005038770381361246,-0.0013007012894377112,0.5084745762711864,0.4915254237288136
A,2023,29,Intraday_Return_Z60,0.0009999008616432548,-0.0002410994202364236,0.4830508474576271,0.5169491525423728
A,2023,29,Daily_Range_Z60,0.004401085432618856,0.0011443558614701033,0.6440677966101694,0.3559322033898305
A,2023,29,QQQ_Log_Return_1D,0.0008434928604401648,0.0003293223271612078,0.5508474576271186,0.4491525423728814
A,2023,29,QQQ_Log_Return_5D,0.01297849602997303,0.002388189546763897,0.5254237288135594,0.4745762711864407
A,2023,29,QQQ_Volatility_14D,0.00848438497632742,-0.00842888280749321,0.0423728813559322,0.9576271186440678
A,2023,30,Log_Return_1D_Z60,0.014447260648012161,0.0006145962979644537,0.4661016949152542,0.5338983050847458
A,2023,30,Log_Return_5D_Z60,0.0210993904620409,-0.0013751378282904625,0.5254237288135594,0.4745762711864407
A,2023,30,Volatility_14D_Z60,0.01116439513862133,-0.0009474342223256826,0.2627118644067797,0.7372881355932204
A,2023,30,Relative_Volume_20D_Z60,0.01777782291173935,-0.013135410845279694,0.3644067796610169,0.635593220338983
A,2023,30,RSI_14_Scaled,0.015201353468000889,0.005344638600945473,0.6186440677966102,0.3813559322033898
A,2023,30,Price_to_SMA20_Z60,0.010543184354901314,-0.002458968199789524,0.5254237288135594,0.4745762711864407
A,2023,30,Intraday_Return_Z60,0.003967898897826672,-0.0008986824541352689,0.4576271186440678,0.5423728813559322
A,2023,30,Daily_Range_Z60,0.004593408666551113,0.0012278318172320724,0.652542372881356,0.3474576271186441
A,2023,30,QQQ_Log_Return_1D,0.0013777989661321044,0.00015213864389806986,0.5338983050847458,0.4661016949152542
A,2023,30,QQQ_Log_Return_5D,0.018891988322138786,0.003997694700956345,0.5,0.5
A,2023,30,QQQ_Volatility_14D,0.012301945127546787,-0.01224167738109827,0.0423728813559322,0.9576271186440678
B,2023,1,Log_Return_1D_Z60,1.2652003889002117e-08,2.3298547535688385e-09,0.4661016949152542,0.5338983050847458
B,2023,1,Log_Return_5D_Z60,4.0538150614111146e-09,-5.543786540940232e-10,0.5169491525423728,0.4830508474576271
B,2023,1,Volatility_14D_Z60,2.713407809551427e-08,-1.870647992063823e-08,0.288135593220339,0.711864406779661
B,2023,1,Relative_Volume_20D_Z60,4.8692516685377996e-09,-7.059362538974767e-10,0.3983050847457627,0.6016949152542372
B,2023,1,RSI_14_Scaled,4.849391110894885e-09,1.6209029674030262e-09,0.559322033898305,0.4406779661016949
B,2023,1,Price_to_SMA20_Z60,6.388269024881765e-09,-1.7355741288582749e-09,0.4661016949152542,0.5338983050847458
B,2023,1,Intraday_Return_Z60,2.056647652182164e-08,1.1489604823111677e-09,0.4661016949152542,0.5338983050847458
B,2023,1,Daily_Range_Z60,2.167535662067621e-08,5.1183999261184e-09,0.6864406779661016,0.3135593220338983
B,2023,1,QQQ_Log_Return_1D,8.279417151868529e-09,-2.865837567256335e-09,0.5254237288135594,0.4745762711864407
B,2023,1,QQQ_Log_Return_5D,3.2619456025173577e-09,1.498862922666433e-09,0.5677966101694916,0.4322033898305085
B,2023,1,QQQ_Volatility_14D,2.8522086914506417e-09,2.5987025864537827e-09,0.8050847457627118,0.19491525423728814
B,2023,2,Log_Return_1D_Z60,1.53778909606217e-08,4.444680179460647e-09,0.5338983050847458,0.4661016949152542
B,2023,2,Log_Return_5D_Z60,6.798416052333778e-09,-2.993343906076973e-10,0.559322033898305,0.4406779661016949
B,2023,2,Volatility_14D_Z60,3.750360377807738e-08,-2.5888839516596818e-08,0.2796610169491525,0.7203389830508474
B,2023,2,Relative_Volume_20D_Z60,8.963683129081801e-09,2.4999622372234853e-09,0.3813559322033898,0.6186440677966102
B,2023,2,RSI_14_Scaled,7.426721015946214e-09,3.241665380571135e-09,0.6016949152542372,0.3983050847457627
B,2023,2,Price_to_SMA20_Z60,7.793432565961211e-09,-2.1491186608102453e-09,0.5254237288135594,0.4745762711864407
B,2023,2,Intraday_Return_Z60,2.385820430106378e-08,4.5256407510407826e-09,0.5338983050847458,0.4661016949152542
B,2023,2,Daily_Range_Z60,3.039326657017227e-08,3.6950698056870124e-09,0.6864406779661016,0.3135593220338983
B,2023,2,QQQ_Log_Return_1D,9.238990905657829e-09,3.924118807674404e-10,0.4576271186440678,0.5423728813559322
B,2023,2,QQQ_Log_Return_5D,4.49182380179991e-09,1.006448258067394e-09,0.5677966101694916,0.4322033898305085
B,2023,2,QQQ_Volatility_14D,4.134555364743164e-09,3.811683857435355e-09,0.8898305084745762,0.11016949152542373
B,2023,3,Log_Return_1D_Z60,3.024767636361503e-08,1.0676823869459895e-08,0.576271186440678,0.423728813559322
B,2023,3,Log_Return_5D_Z60,1.2587513253947691e-08,-4.911138606900067e-09,0.5508474576271186,0.4491525423728814
B,2023,3,Volatility_14D_Z60,5.0655888372830304e-08,-3.283942362486414e-08,0.2457627118644068,0.7542372881355932
B,2023,3,Relative_Volume_20D_Z60,1.2444468566741307e-08,3.150535166085433e-09,0.4152542372881356,0.5847457627118644
B,2023,3,RSI_14_Scaled,1.3340923032956198e-08,7.701753901301345e-09,0.635593220338983,0.3644067796610169
B,2023,3,Price_to_SMA20_Z60,1.0532946070895832e-08,-2.48137754788047e-09,0.5338983050847458,0.4661016949152542
B,2023,3,Intraday_Return_Z60,4.4136601928812524e-08,1.1752187667468661e-08,0.4745762711864407,0.5254237288135594
B,2023,3,Daily_Range_Z60,4.436573775024044e-08,-8.038209209360048e-09,0.5847457627118644,0.4152542372881356
B,2023,3,QQQ_Log_Return_1D,1.565120655300234e-08,-3.6826957039437502e-09,0.4322033898305085,0.5677966101694916
B,2023,3,QQQ_Log_Return_5D,7.930118783860962e-09,3.2191356247324165e-09,0.5508474576271186,0.4491525423728814
B,2023,3,QQQ_Volatility_14D,6.801093910269174e-09,6.1489200398057164e-09,0.847457627118644,0.15254237288135594
B,2023,4,Log_Return_1D_Z60,3.661033787238921e-08,8.898394909806484e-09,0.5169491525423728,0.4830508474576271
B,2023,4,Log_Return_5D_Z60,1.8213375696518597e-08,-9.058842564968472e-09,0.4491525423728814,0.5508474576271186
B,2023,4,Volatility_14D_Z60,7.54838112015932e-08,-4.671074549378318e-08,0.23728813559322035,0.7627118644067796
B,2023,4,Relative_Volume_20D_Z60,2.3675713833881673e-08,9.430031866486388e-09,0.4576271186440678,0.5423728813559322
B,2023,4,RSI_14_Scaled,1.9285510077793333e-08,1.1137073485656401e-08,0.5677966101694916,0.4322033898305085
B,2023,4,Price_to_SMA20_Z60,1.3878026727809356e-08,-3.9882550595393695e-09,0.5,0.5
B,2023,4,Intraday_Return_Z60,5.4332527810174724e-08,4.66909000351734e-09,0.4830508474576271,0.5169491525423728
B,2023,4,Daily_Range_Z60,5.369836131308148e-08,1.1843525049570758e-09,0.6694915254237288,0.3305084745762712
B,2023,4,QQQ_Log_Return_1D,2.2275417066452974e-08,2.163164758428593e-09,0.5084745762711864,0.4915254237288136
B,2023,4,QQQ_Log_Return_5D,8.947925955737901e-09,2.1782975423434436e-09,0.5254237288135594,0.4745762711864407
B,2023,4,QQQ_Volatility_14D,8.824695640896607e-09,8.081792124414733e-09,0.8220338983050848,0.17796610169491525
B,2023,5,Log_Return_1D_Z60,5.268919878176348e-08,-3.947086213429429e-09,0.4576271186440678,0.5423728813559322
B,2023,5,Log_Return_5D_Z60,2.3085330980165963e-08,-1.1772335994919558e-08,0.4322033898305085,0.5677966101694916
B,2023,5,Volatility_14D_Z60,1.1005094791016745e-07,-7.141914437625019e-08,0.22033898305084745,0.7796610169491526
B,2023,5,Relative_Volume_20D_Z60,2.8985592592789544e-08,1.7839961730103937e-09,0.3474576271186441,0.652542372881356
B,2023,5,RSI_14_Scaled,2.8398526197292995e-08,1.7612986624726545e-08,0.6016949152542372,0.3983050847457627
B,2023,5,Price_to_SMA20_Z60,1.7585820799581597e-08,-1.2718628372709873e-09,0.576271186440678,0.423728813559322
B,2023,5,Intraday_Return_Z60,8.270208695648762e-08,8.054954037106654e-09,0.4915254237288136,0.5084745762711864
B,2023,5,Daily_Range_Z60,8.100794701704217e-08,1.6023049553837154e-08,0.6440677966101694,0.3559322033898305
B,2023,5,QQQ_Log_Return_1D,2.9480952790095216e-08,-1.7117622874707195e-09,0.4915254237288136,0.5084745762711864
B,2023,5,QQQ_Log_Return_5D,1.1392510934626898e-08,8.74793737448698e-10,0.5423728813559322,0.4576271186440678
B,2023,5,QQQ_Volatility_14D,1.3355651695690085e-08,1.1863906301812221e-08,0.8220338983050848,0.17796610169491525
B,2023,6,Log_Return_1D_Z60,8.111567240121076e-08,5.1477173634850715e-09,0.4745762711864407,0.5254237288135594
B,2023,6,Log_Return_5D_Z60,3.7741177294492445e-08,-1.7166971844062573e-08,0.4830508474576271,0.5169491525423728
B,2023,6,Volatility_14D_Z60,1.8133710000256542e-07,-1.226792250008657e-07,0.23728813559322035,0.7627118644067796
B,2023,6,Relative_Volume_20D_Z60,3.417500238356297e-08,-1.668828986112203e-08,0.3050847457627119,0.6949152542372882
B,2023,6,RSI_14_Scaled,4.599506553404353e-08,2.7077849296119894e-08,0.6016949152542372,0.3983050847457627
B,2023,6,Price_to_SMA20_Z60,2.5245205037549567e-08,9.912277665335978e-10,0.5423728813559322,0.4576271186440678
B,2023,6,Intraday_Return_Z60,1.1853120440719067e-07,-1.7429940157853707e-08,0.423728813559322,0.576271186440678
B,2023,6,Daily_Range_Z60,1.0868478028669415e-07,3.432132089642437e-08,0.6779661016949152,0.3220338983050847
B,2023,6,QQQ_Log_Return_1D,5.54846266709319e-08,-1.6601127583726338e-08,0.4576271186440678,0.5423728813559322
B,2023,6,QQQ_Log_Return_5D,1.8145055236118424e-08,2.445900371128573e-09,0.5,0.5
B,2023,6,QQQ_Volatility_14D,2.0329990135792286e-08,1.9046687782520166e-08,0.8050847457627118,0.19491525423728814
B,2023,7,Log_Return_1D_Z60,1.290611066906422e-07,1.3751925820315591e-08,0.5084745762711864,0.4915254237288136
B,2023,7,Log_Return_5D_Z60,4.4863583070764435e-08,-1.8977738491798846e-08,0.4661016949152542,0.5338983050847458
B,2023,7,Volatility_14D_Z60,2.4793632746877847e-07,-1.638078686028166e-07,0.23728813559322035,0.7627118644067796
B,2023,7,Relative_Volume_20D_Z60,6.189580403770378e-08,8.759516667566913e-09,0.3898305084745763,0.6101694915254238
B,2023,7,RSI_14_Scaled,6.282844822180778e-08,3.4563957029831727e-08,0.5847457627118644,0.4152542372881356
B,2023,7,Price_to_SMA20_Z60,3.5462257130802755e-08,2.558322664825141e-09,0.5423728813559322,0.4576271186440678
B,2023,7,Intraday_Return_Z60,1.7440218869069213e-07,2.5074522014278955e-08,0.5169491525423728,0.4830508474576271
B,2023,7,Daily_Range_Z60,1.822116786343031e-07,2.08096491149945e-08,0.7288135593220338,0.2711864406779661
B,2023,7,QQQ_Log_Return_1D,8.84481039520324e-08,-2.437391266596478e-08,0.4915254237288136,0.5084745762711864
B,2023,7,QQQ_Log_Return_5D,3.658628955349741e-08,1.230842183730374e-08,0.4915254237288136,0.5084745762711864
B,2023,7,QQQ_Volatility_14D,2.5995118946298135e-08,2.3887618993967408e-08,0.864406779661017,0.13559322033898305
B,2023,8,Log_Return_1D_Z60,1.9433279874192522e-07,2.8052118850041552e-08,0.4915254237288136,0.5084745762711864
B,2023,8,Log_Return_5D_Z60,5.8131753633006156e-08,-2.0226410768486858e-08,0.4830508474576271,0.5169491525423728
B,2023,8,Volatility_14D_Z60,3.3776447594391357e-07,-2.2032496360679943e-07,0.2288135593220339,0.7711864406779662
B,2023,8,Relative_Volume_20D_Z60,8.77084005423967e-08,-1.6307940553517142e-09,0.3305084745762712,0.6694915254237288
B,2023,8,RSI_14_Scaled,9.407833800878507e-08,4.781497153771852e-08,0.5847457627118644,0.4152542372881356
B,2023,8,Price_to_SMA20_Z60,5.0392191752735016e-08,2.292821710270232e-09,0.5847457627118644,0.4152542372881356
B,2023,8,Intraday_Return_Z60,2.3086036549102573e-07,4.064245473500705e-08,0.5,0.5
B,2023,8,Daily_Range_Z60,2.310786015868871e-07,7.224960540952452e-08,0.7288135593220338,0.2711864406779661
B,2023,8,QQQ_Log_Return_1D,1.0545053186206133e-07,-8.700983933351836e-09,0.5254237288135594,0.4745762711864407
B,2023,8,QQQ_Log_Return_5D,4.4323908099386244e-08,7.38766603447516e-09,0.4661016949152542,0.5338983050847458
B,2023,8,QQQ_Volatility_14D,3.943752702184611e-08,3.48464084254374e-08,0.7796610169491526,0.22033898305084745
B,2023,9,Log_Return_1D_Z60,3.4698868489613233e-07,4.280382981391995e-08,0.5254237288135594,0.4745762711864407
B,2023,9,Log_Return_5D_Z60,1.0741921130374976e-07,-4.5306848051041015e-08,0.5169491525423728,0.4830508474576271
B,2023,9,Volatility_14D_Z60,4.942572218169516e-07,-3.251697364703432e-07,0.2288135593220339,0.7711864406779662
B,2023,9,Relative_Volume_20D_Z60,1.526247501715261e-07,-3.262472603182687e-08,0.3305084745762712,0.6694915254237288
B,2023,9,RSI_14_Scaled,1.510175451358009e-07,8.588300914880165e-08,0.5847457627118644,0.4152542372881356
B,2023,9,Price_to_SMA20_Z60,1.0059556387886914e-07,-2.0832340297260998e-08,0.5169491525423728,0.4830508474576271
B,2023,9,Intraday_Return_Z60,4.1338250866829185e-07,1.5110382278749057e-08,0.576271186440678,0.423728813559322
B,2023,9,Daily_Range_Z60,3.9310583588303416e-07,-1.648469272197417e-08,0.635593220338983,0.3644067796610169
B,2023,9,QQQ_Log_Return_1D,1.4385548752215982e-07,1.5514642015546087e-08,0.5508474576271186,0.4491525423728814
B,2023,9,QQQ_Log_Return_5D,6.454492762486552e-08,1.2284483652535982e-08,0.4406779661016949,0.559322033898305
B,2023,9,QQQ_Volatility_14D,5.30531387710198e-08,4.849318102628786e-08,0.8305084745762712,0.1694915254237288
B,2023,10,Log_Return_1D_Z60,4.897829626315797e-07,2.561960421587628e-08,0.4745762711864407,0.5254237288135594
B,2023,10,Log_Return_5D_Z60,1.3367339590786287e-07,-6.14951218835813e-08,0.5,0.5
B,2023,10,Volatility_14D_Z60,6.938705041648063e-07,-4.461347202777688e-07,0.2288135593220339,0.7711864406779662
B,2023,10,Relative_Volume_20D_Z60,1.945343228726415e-07,-8.951770880116783e-09,0.3559322033898305,0.6440677966101694
B,2023,10,RSI_14_Scaled,2.1747015921391721e-07,1.2860584774898598e-07,0.5932203389830508,0.4067796610169492
B,2023,10,Price_to_SMA20_Z60,9.946421641870984e-08,1.6747383924098358e-08,0.5508474576271186,0.4491525423728814
B,2023,10,Intraday_Return_Z60,6.03559556111577e-07,3.46147395191565e-08,0.4406779661016949,0.559322033898305
B,2023,10,Daily_Range_Z60,5.065814434601634e-07,5.325023977320598e-09,0.6864406779661016,0.3135593220338983
B,2023,10,QQQ_Log_Return_1D,2.400185792339471e-07,-3.081976984731227e-08,0.5169491525423728,0.4830508474576271
B,2023,10,QQQ_Log_Return_5D,1.1494058327343737e-07,4.535042563702518e-08,0.5338983050847458,0.4661016949152542
B,2023,10,QQQ_Volatility_14D,7.362143605860183e-08,6.766548921177673e-08,0.8305084745762712,0.1694915254237288
B,2023,11,Log_Return_1D_Z60,7.199797664725338e-07,-1.3751738947576087e-07,0.4067796610169492,0.5932203389830508
B,2023,11,Log_Return_5D_Z60,1.5554829246866575e-07,-5.027024840842387e-08,0.5932203389830508,0.4067796610169492
B,2023,11,Volatility_14D_Z60,1.0984115306200692e-06,-7.016770382506365e-07,0.23728813559322035,0.7627118644067796
B,2023,11,Relative_Volume_20D_Z60,2.4426122990917065e-07,2.3979655594530414e-08,0.3983050847457627,0.6016949152542372
B,2023,11,RSI_14_Scaled,3.2729562349231855e-07,1.941720029208227e-07,0.6271186440677966,0.3728813559322034
B,2023,11,Price_to_SMA20_Z60,1.4907647027939674e-07,3.588082719829799e-08,0.5508474576271186,0.4491525423728814
B,2023,11,Intraday_Return_Z60,9.02265242075373e-07,-2.340597973216063e-07,0.3813559322033898,0.6186440677966102
B,2023,11,Daily_Range_Z60,6.83874702644971e-07,6.526663298700441e-08,0.6610169491525424,0.3389830508474576
B,2023,11,QQQ_Log_Return_1D,3.6401070246938616e-07,8.913538351862371e-08,0.6186440677966102,0.3813559322033898
B,2023,11,QQQ_Log_Return_5D,1.521693064887586e-07,1.5808218734036927e-08,0.4322033898305085,0.5677966101694916
B,2023,11,QQQ_Volatility_14D,1.0032128727743839e-07,8.6486657835394e-08,0.7627118644067796,0.23728813559322035
B,2023,12,Log_Return_1D_Z60,1.191029241454089e-06,7.458797313120158e-08,0.5254237288135594,0.4745762711864407
B,2023,12,Log_Return_5D_Z60,2.137620782605154e-07,-7.239622590304862e-08,0.4915254237288136,0.5084745762711864
B,2023,12,Volatility_14D_Z60,1.6605117707513273e-06,-1.0585604286461603e-06,0.2288135593220339,0.7711864406779662
B,2023,12,Relative_Volume_20D_Z60,3.5112194041175826e-07,-2.3082723288325724e-08,0.3898305084745763,0.6101694915254238
B,2023,12,RSI_14_Scaled,4.1395085759177164e-07,2.2588299941617151e-07,0.6101694915254238,0.3898305084745763
B,2023,12,Price_to_SMA20_Z60,2.0707008729914378e-07,6.549583986270591e-08,0.5508474576271186,0.4491525423728814
B,2023,12,Intraday_Return_Z60,1.4032300441613188e-06,1.2088395351383951e-07,0.4915254237288136,0.5084745762711864
B,2023,12,Daily_Range_Z60,9.8270697890257e-07,2.6615687431785773e-08,0.6101694915254238,0.3898305084745763
B,2023,12,QQQ_Log_Return_1D,6.868040713925438e-07,-2.1001271477416594e-07,0.4576271186440678,0.5423728813559322
B,2023,12,QQQ_Log_Return_5D,2.149454445543597e-07,2.505214169445935e-08,0.5,0.5
B,2023,12,QQQ_Volatility_14D,1.5116695806227654e-07,1.277197725357837e-07,0.7796610169491526,0.22033898305084745
B,2023,13,Log_Return_1D_Z60,1.4103775356488768e-06,1.7914965066978539e-09,0.4915254237288136,0.5084745762711864
B,2023,13,Log_Return_5D_Z60,2.3436058427250828e-07,-8.311966581686647e-08,0.4576271186440678,0.5423728813559322
B,2023,13,Volatility_14D_Z60,2.37019912674441e-06,-1.5709417766629485e-06,0.2711864406779661,0.7288135593220338
B,2023,13,Relative_Volume_20D_Z60,5.427812084235484e-07,-6.861602486196716e-08,0.3813559322033898,0.6186440677966102
B,2023,13,RSI_14_Scaled,5.938790650361625e-07,3.278575775311765e-07,0.6101694915254238,0.3898305084745763
B,2023,13,Price_to_SMA20_Z60,2.94558560653968e-07,5.766634103565593e-08,0.5508474576271186,0.4491525423728814
B,2023,13,Intraday_Return_Z60,1.8263154970554751e-06,1.1321818504939074e-07,0.5254237288135594,0.4745762711864407
B,2023,13,Daily_Range_Z60,1.3578575135397841e-06,4.942297664456419e-07,0.7457627118644068,0.2542372881355932
B,2023,13,QQQ_Log_Return_1D,8.151285442181688e-07,-1.2659049275498546e-07,0.4745762711864407,0.5254237288135594
B,2023,13,QQQ_Log_Return_5D,3.020530527919618e-07,6.419066522767025e-08,0.4915254237288136,0.5084745762711864
B,2023,13,QQQ_Volatility_14D,2.1308821374077525e-07,1.729967920027775e-07,0.7203389830508474,0.2796610169491525
B,2023,14,Log_Return_1D_Z60,2.4055027552094543e-06,3.6611427844945865e-07,0.576271186440678,0.423728813559322
B,2023,14,Log_Return_5D_Z60,3.167659770042519e-07,-5.93007669635881e-08,0.5,0.5
B,2023,14,Volatility_14D_Z60,3.392576218175236e-06,-2.3030659122014185e-06,0.211864406779661,0.788135593220339
B,2023,14,Relative_Volume_20D_Z60,7.231081440295384e-07,-1.2802139792711387e-07,0.3559322033898305,0.6440677966101694
B,2023,14,RSI_14_Scaled,8.352212148565741e-07,4.4281838995630096e-07,0.6101694915254238,0.3898305084745763
B,2023,14,Price_to_SMA20_Z60,4.5872366172261536e-07,7.190637063558825e-08,0.5508474576271186,0.4491525423728814
B,2023,14,Intraday_Return_Z60,3.1120446237764554e-06,1.1551268386256197e-07,0.5338983050847458,0.4661016949152542
B,2023,14,Daily_Range_Z60,1.7865696690932964e-06,5.976397119411558e-07,0.7457627118644068,0.2542372881355932
B,2023,14,QQQ_Log_Return_1D,1.4313909559859894e-06,-3.1769437214279606e-07,0.423728813559322,0.576271186440678
B,2023,14,QQQ_Log_Return_5D,4.876263233200007e-07,1.8714852956236427e-07,0.5508474576271186,0.4491525423728814
B,2023,14,QQQ_Volatility_14D,3.3523133424750995e-07,2.837055887994211e-07,0.7542372881355932,0.2457627118644068
B,2023,15,Log_Return_1D_Z60,3.88177568311221e-06,1.8672395185603818e-07,0.4745762711864407,0.5254237288135594
B,2023,15,Log_Return_5D_Z60,4.959946977578511e-07,-3.0093701752775814e-08,0.5084745762711864,0.4915254237288136
B,2023,15,Volatility_14D_Z60,4.7090506996028125e-06,-3.5679440770763904e-06,0.22033898305084745,0.7796610169491526
B,2023,15,Relative_Volume_20D_Z60,1.1292111139482586e-06,-3.949363076571899e-07,0.3305084745762712,0.6694915254237288
B,2023,15,RSI_14_Scaled,1.368355810882349e-06,7.97167047039693e-07,0.5847457627118644,0.4152542372881356
B,2023,15,Price_to_SMA20_Z60,7.120041232155927e-07,1.2492887435655575e-07,0.559322033898305,0.4406779661016949
B,2023,15,Intraday_Return_Z60,4.467703547561541e-06,3.762589813049999e-07,0.4915254237288136,0.5084745762711864
B,2023,15,Daily_Range_Z60,2.8897281936224317e-06,1.0188421128987102e-06,0.7542372881355932,0.2457627118644068
B,2023,15,QQQ_Log_Return_1D,2.3760285330354236e-06,-4.469781060834066e-07,0.4576271186440678,0.5423728813559322
B,2023,15,QQQ_Log_Return_5D,8.344546813532361e-07,3.6855252005807415e-07,0.6271186440677966,0.3728813559322034
B,2023,15,QQQ_Volatility_14D,5.66125663681305e-07,4.841434133595612e-07,0.7711864406779662,0.2288135593220339
B,2023,16,Log_Return_1D_Z60,5.810679795104079e-06,1.3631686215376249e-06,0.5,0.5
B,2023,16,Log_Return_5D_Z60,1.0061248758574948e-06,7.579425442827414e-08,0.5254237288135594,0.4745762711864407
B,2023,16,Volatility_14D_Z60,6.721251793351257e-06,-5.038677045376971e-06,0.2288135593220339,0.7711864406779662
B,2023,16,Relative_Volume_20D_Z60,2.0768675312865525e-06,9.047455762356549e-08,0.3559322033898305,0.6440677966101694
B,2023,16,RSI_14_Scaled,2.0059958387719234e-06,1.2878778079539188e-06,0.6610169491525424,0.3389830508474576
B,2023,16,Price_to_SMA20_Z60,1.1124030834253062e-06,-2.169849722122308e-08,0.5423728813559322,0.4576271186440678
B,2023,16,Intraday_Return_Z60,6.9999887273297645e-06,7.533582788710191e-07,0.5254237288135594,0.4745762711864407
B,2023,16,Daily_Range_Z60,4.337122391007142e-06,7.173761105150334e-07,0.6610169491525424,0.3389830508474576
B,2023,16,QQQ_Log_Return_1D,3.907549398718402e-06,-8.307822554343147e-07,0.4915254237288136,0.5084745762711864
B,2023,16,QQQ_Log_Return_5D,1.468675918658846e-06,7.246947575367813e-07,0.7033898305084746,0.2966101694915254
B,2023,16,QQQ_Volatility_14D,9.207439575220633e-07,8.269604450106272e-07,0.8220338983050848,0.17796610169491525
B,2023,17,Log_Return_1D_Z60,8.760605851421133e-06,2.756467438302934e-06,0.5847457627118644,0.4152542372881356
B,2023,17,Log_Return_5D_Z60,1.6232264670179575e-06,4.3523536419343145e-07,0.5,0.5
B,2023,17,Volatility_14D_Z60,9.977549780160189e-06,-7.78250159783056e-06,0.19491525423728814,0.8050847457627118
B,2023,17,Relative_Volume_20D_Z60,3.194546025042655e-06,-8.970438898359134e-07,0.288135593220339,0.711864406779661
B,2023,17,RSI_14_Scaled,3.398602757442859e-06,2.5133142571576172e-06,0.6779661016949152,0.3220338983050847
B,2023,17,Price_to_SMA20_Z60,1.7886120531329652e-06,-9.26099374964906e-08,0.559322033898305,0.4406779661016949
B,2023,17,Intraday_Return_Z60,1.141060420195572e-05,2.2825047381047625e-06,0.559322033898305,0.4406779661016949
B,2023,17,Daily_Range_Z60,6.998332082730485e-06,2.3721256638964405e-06,0.6694915254237288,0.3305084745762712
B,2023,17,QQQ_Log_Return_1D,6.617775397899095e-06,-3.1315782962337835e-06,0.4491525423728814,0.5508474576271186
B,2023,17,QQQ_Log_Return_5D,2.2201995761861326e-06,1.3483378324963269e-06,0.6694915254237288,0.3305084745762712
B,2023,17,QQQ_Volatility_14D,1.6005513998607057e-06,1.5062419151945505e-06,0.8728813559322034,0.1271186440677966
B,2023,18,Log_Return_1D_Z60,1.3626504369312897e-05,3.722015435414505e-06,0.5677966101694916,0.4322033898305085
B,2023,18,Log_Return_5D_Z60,3.664480345832999e-06,1.7704860511003062e-06,0.5677966101694916,0.4322033898305085
B,2023,18,Volatility_14D_Z60,1.3711761312151793e-05,-1.0942957487714011e-05,0.19491525423728814,0.8050847457627118
B,2023,18,Relative_Volume_20D_Z60,4.58822978544049e-06,-4.0925769440036674e-07,0.3305084745762712,0.6694915254237288
B,2023,18,RSI_14_Scaled,6.210890205693431e-06,4.81295546705951e-06,0.711864406779661,0.288135593220339
B,2023,18,Price_to_SMA20_Z60,2.5179865588143002e-06,4.6546020371351915e-08,0.5,0.5
B,2023,18,Intraday_Return_Z60,1.6954702005023137e-05,3.273587481089635e-06,0.5423728813559322,0.4576271186440678
B,2023,18,Daily_Range_Z60,1.2165584848844446e-05,2.089198005705839e-06,0.7457627118644068,0.2542372881355932
B,2023,18,QQQ_Log_Return_1D,8.521951713191811e-06,-2.3073903321346734e-06,0.423728813559322,0.576271186440678
B,2023,18,QQQ_Log_Return_5D,3.073196239711251e-06,2.159122232114896e-06,0.7203389830508474,0.2796610169491525
B,2023,18,QQQ_Volatility_14D,2.901891775763943e-06,2.754565230134176e-06,0.8559322033898306,0.1440677966101695
B,2023,19,Log_Return_1D_Z60,1.9865759895765223e-05,-6.683799824713788e-07,0.4830508474576271,0.5169491525423728
B,2023,19,Log_Return_5D_Z60,6.149974524305435e-06,3.003980964422226e-06,0.6271186440677966,0.3728813559322034
B,2023,19,Volatility_14D_Z60,1.9329461792949587e-05,-1.5778830857016146e-05,0.2033898305084746,0.7966101694915254
B,2023,19,Relative_Volume_20D_Z60,7.764035217405763e-06,-1.1810636380005235e-07,0.3474576271186441,0.652542372881356
B,2023,19,RSI_14_Scaled,1.0783117431856226e-05,8.820763468975201e-06,0.711864406779661,0.288135593220339
B,2023,19,Price_to_SMA20_Z60,3.3991204873018432e-06,4.4614083094529633e-07,0.5508474576271186,0.4491525423728814
B,2023,19,Intraday_Return_Z60,2.5003162591019645e-05,-6.497064646282524e-07,0.5338983050847458,0.4661016949152542
B,2023,19,Daily_Range_Z60,1.6550813597859815e-05,4.765792255057022e-06,0.7203389830508474,0.2796610169491525
B,2023,19,QQQ_Log_Return_1D,1.6057501852628775e-05,1.0831872714334168e-06,0.5254237288135594,0.4745762711864407
B,2023,19,QQQ_Log_Return_5D,4.338237886258867e-06,2.1880309759580996e-06,0.6016949152542372,0.3983050847457627
B,2023,19,QQQ_Volatility_14D,5.2938594308216125e-06,5.110329311719397e-06,0.9152542372881356,0.0847457627118644
B,2023,20,Log_Return_1D_Z60,2.8047568775946274e-05,-2.6504803827265278e-06,0.4576271186440678,0.5423728813559322
B,2023,20,Log_Return_5D_Z60,1.0445111911394633e-05,4.288655418349663e-06,0.6101694915254238,0.3898305084745763
B,2023,20,Volatility_14D_Z60,2.535482963139657e-05,-2.2101183276390657e-05,0.1440677966101695,0.8559322033898306
B,2023,20,Relative_Volume_20D_Z60,1.303952740272507e-05,-1.568911898175429e-07,0.3644067796610169,0.635593220338983
B,2023,20,RSI_14_Scaled,1.9155520931235515e-05,1.4403007298824377e-05,0.6610169491525424,0.3389830508474576
B,2023,20,Price_to_SMA20_Z60,4.759655439556809e-06,-1.1673374444853835e-07,0.4830508474576271,0.5169491525423728
B,2023,20,Intraday_Return_Z60,3.884272155119106e-05,-3.6004964840685716e-06,0.4491525423728814,0.5508474576271186
B,2023,20,Daily_Range_Z60,2.6634234018274583e-05,9.464228241995443e-06,0.7033898305084746,0.2966101694915254
B,2023,20,QQQ_Log_Return_1D,2.951522583316546e-05,1.6535070699319476e-06,0.5254237288135594,0.4745762711864407
B,2023,20,QQQ_Log_Return_5D,5.796331606688909e-06,2.1944454147160286e-06,0.635593220338983,0.3644067796610169
B,2023,20,QQQ_Volatility_14D,9.720960406411905e-06,9.40252994041657e-06,0.9067796610169492,0.09322033898305085
B,2023,21,Log_Return_1D_Z60,5.189898729440756e-05,1.5728020343885873e-06,0.4576271186440678,0.5423728813559322
B,2023,21,Log_Return_5D_Z60,1.567947219882626e-05,7.638383976882324e-06,0.5847457627118644,0.4152542372881356
B,2023,21,Volatility_14D_Z60,3.157980609103106e-05,-2.855204547813628e-05,0.13559322033898305,0.864406779661017
B,2023,21,Relative_Volume_20D_Z60,2.1612821001326665e-05,3.0711026965946076e-07,0.3813559322033898,0.6186440677966102
B,2023,21,RSI_14_Scaled,3.521229882608168e-05,2.2737953258911148e-05,0.6186440677966102,0.3813559322033898
B,2023,21,Price_to_SMA20_Z60,9.118080015468877e-06,-3.463338089204626e-06,0.4491525423728814,0.5508474576271186
B,2023,21,Intraday_Return_Z60,5.40416112926323e-05,-1.154875735664973e-05,0.4491525423728814,0.5508474576271186
B,2023,21,Daily_Range_Z60,4.76461646030657e-05,1.4603700037696399e-05,0.7033898305084746,0.2966101694915254
B,2023,21,QQQ_Log_Return_1D,5.187354327063076e-05,1.207503373734653e-06,0.5847457627118644,0.4152542372881356
B,2023,21,QQQ_Log_Return_5D,6.694036528642755e-06,2.152189608750632e-06,0.576271186440678,0.423728813559322
B,2023,21,QQQ_Volatility_14D,1.7884249245980754e-05,1.7423932149540633e-05,0.940677966101695,0.059322033898305086
B,2023,22,Log_Return_1D_Z60,6.68673383188434e-05,2.1258887500152923e-05,0.5677966101694916,0.4322033898305085
B,2023,22,Log_Return_5D_Z60,2.4029532141867094e-05,1.330331724602729e-05,0.576271186440678,0.423728813559322
B,2023,22,Volatility_14D_Z60,4.09882704843767e-05,-3.764837310882285e-05,0.1694915254237288,0.8305084745762712
B,2023,22,Relative_Volume_20D_Z60,3.619866038206965e-05,1.9344240627106046e-06,0.3728813559322034,0.6271186440677966
B,2023,22,RSI_14_Scaled,7.362804171862081e-05,4.8282454372383654e-05,0.635593220338983,0.3644067796610169
B,2023,22,Price_to_SMA20_Z60,1.1106208148703445e-05,-4.353360509412596e-06,0.5,0.5
B,2023,22,Intraday_Return_Z60,8.798778435448185e-05,1.7555606973473914e-05,0.5847457627118644,0.4152542372881356
B,2023,22,Daily_Range_Z60,7.487450784537941e-05,1.9460087059997022e-05,0.6864406779661016,0.3135593220338983
B,2023,22,QQQ_Log_Return_1D,8.538732799934223e-05,-2.736146780080162e-05,0.4491525423728814,0.5508474576271186
B,2023,22,QQQ_Log_Return_5D,9.355992915516254e-06,1.691338525233732e-06,0.5423728813559322,0.4576271186440678
B,2023,22,QQQ_Volatility_14D,3.4877175494330004e-05,3.417861080379225e-05,0.9491525423728814,0.05084745762711865
B,2023,23,Log_Return_1D_Z60,9.043973113875836e-05,-4.858529791818e-06,0.4406779661016949,0.559322033898305
B,2023,23,Log_Return_5D_Z60,3.59976984327659e-05,1.612995401956141e-05,0.5254237288135594,0.4745762711864407
B,2023,23,Volatility_14D_Z60,4.994232949684374e-05,-4.4851909478893504e-05,0.15254237288135594,0.847457627118644
B,2023,23,Relative_Volume_20D_Z60,5.031193359172903e-05,-8.397699275519699e-06,0.2542372881355932,0.7457627118644068
B,2023,23,RSI_14_Scaled,0.0001383715425617993,8.29766140668653e-05,0.6610169491525424,0.3389830508474576
B,2023,23,Price_to_SMA20_Z60,1.98828311113175e-05,-1.0727007975219749e-05,0.4915254237288136,0.5084745762711864
B,2023,23,Intraday_Return_Z60,0.00011136204557260498,-1.0641697372193448e-05,0.4491525423728814,0.5508474576271186
B,2023,23,Daily_Range_Z60,0.00014814294991083443,2.7298230634187348e-05,0.7372881355932204,0.2627118644067797
B,2023,23,QQQ_Log_Return_1D,0.00011656776769086719,-1.1513203389768023e-05,0.5084745762711864,0.4915254237288136
B,2023,23,QQQ_Log_Return_5D,1.2793945643352345e-05,1.3949319281891803e-06,0.5169491525423728,0.4830508474576271
B,2023,23,QQQ_Volatility_14D,6.823844887549058e-05,6.730644236085936e-05,0.9576271186440678,0.0423728813559322
B,2023,24,Log_Return_1D_Z60,0.0001230125781148672,-1.1058671589125879e-05,0.423728813559322,0.576271186440678
B,2023,24,Log_Return_5D_Z60,4.631625415640883e-05,2.1987738364259712e-05,0.559322033898305,0.4406779661016949
B,2023,24,Volatility_14D_Z60,6.73339600325562e-05,-5.70241900277324e-05,0.2711864406779661,0.7288135593220338
B,2023,24,Relative_Volume_20D_Z60,7.422568160109222e-05,-6.520569968415657e-06,0.3728813559322034,0.6271186440677966
B,2023,24,RSI_14_Scaled,0.0002733506844379008,0.0001445312809664756,0.6610169491525424,0.3389830508474576
B,2023,24,Price_to_SMA20_Z60,3.43403808074072e-05,-1.625230288482271e-05,0.4491525423728814,0.5508474576271186
B,2023,24,Intraday_Return_Z60,0.00012989860260859132,-4.270509180059889e-06,0.4915254237288136,0.5084745762711864
B,2023,24,Daily_Range_Z60,0.0002465510042384267,5.721038542105816e-05,0.7033898305084746,0.2966101694915254
B,2023,24,QQQ_Log_Return_1D,0.00020916140056215227,-2.096378239002661e-06,0.5254237288135594,0.4745762711864407
B,2023,24,QQQ_Log_Return_5D,1.6921940186875872e-05,1.1537875934664044e-06,0.4915254237288136,0.5084745762711864
B,2023,24,QQQ_Volatility_14D,0.00012790046457666904,0.00012670696014538407,0.9491525423728814,0.05084745762711865
B,2023,25,Log_Return_1D_Z60,0.0002108609478455037,2.4497417143720668e-06,0.5169491525423728,0.4830508474576271
B,2023,25,Log_Return_5D_Z60,6.368978210957721e-05,3.3093125239247456e-05,0.6016949152542372,0.3983050847457627
B,2023,25,Volatility_14D_Z60,0.00010264272714266554,-6.530761311296374e-05,0.3644067796610169,0.635593220338983
B,2023,25,Relative_Volume_20D_Z60,0.00010883540380746126,-6.238931746338494e-06,0.3644067796610169,0.635593220338983
B,2023,25,RSI_14_Scaled,0.0005421723471954465,0.00025879693566821516,0.5932203389830508,0.4067796610169492
B,2023,25,Price_to_SMA20_Z60,7.015398296061903e-05,-2.2406555217457935e-05,0.4661016949152542,0.5338983050847458
B,2023,25,Intraday_Return_Z60,0.0001649267942411825,-4.897971302852966e-05,0.4576271186440678,0.5423728813559322
B,2023,25,Daily_Range_Z60,0.00043388441554270685,1.4900443602527957e-05,0.7203389830508474,0.2796610169491525
B,2023,25,QQQ_Log_Return_1D,0.00037224002880975604,-3.6589794035535306e-05,0.4745762711864407,0.5254237288135594
B,2023,25,QQQ_Log_Return_5D,2.9350490876822732e-05,3.967682005168172e-06,0.4745762711864407,0.5254237288135594
B,2023,25,QQQ_Volatility_14D,0.0002505065349396318,0.0002462226548232138,0.9491525423728814,0.05084745762711865
B,2023,26,Log_Return_1D_Z60,0.0003313709457870573,2.1977120923111215e-05,0.5,0.5
B,2023,26,Log_Return_5D_Z60,8.526641613570973e-05,2.654722447914537e-05,0.5932203389830508,0.4067796610169492
B,2023,26,Volatility_14D_Z60,0.00014548351464327425,-6.885944458190352e-05,0.4491525423728814,0.5508474576271186
B,2023,26,Relative_Volume_20D_Z60,0.0001543375401524827,1.0977882993756793e-06,0.423728813559322,0.576271186440678
B,2023,26,RSI_14_Scaled,0.0010942912194877863,0.00046632508747279644,0.6186440677966102,0.3813559322033898
B,2023,26,Price_to_SMA20_Z60,0.00011852559691760689,-4.7490331780863926e-05,0.4576271186440678,0.5423728813559322
B,2023,26,Intraday_Return_Z60,0.00013877074525225908,-4.2614021367626265e-05,0.5,0.5
B,2023,26,Daily_Range_Z60,0.0006123894127085805,3.9466791349695995e-05,0.635593220338983,0.3644067796610169
B,2023,26,QQQ_Log_Return_1D,0.0005493683274835348,-5.7192195527022704e-05,0.4745762711864407,0.5254237288135594
B,2023,26,QQQ_Log_Return_5D,5.227022847975604e-05,-2.3572290501761017e-06,0.4576271186440678,0.5423728813559322
B,2023,26,QQQ_Volatility_14D,0.0004720079305116087,0.0004666722961701453,0.9491525423728814,0.05084745762711865
B,2023,27,Log_Return_1D_Z60,0.0004907523398287594,2.6927982617053203e-05,0.4915254237288136,0.5084745762711864
B,2023,27,Log_Return_5D_Z60,0.00015321765386033803,1.3383598343352787e-05,0.576271186440678,0.423728813559322
B,2023,27,Volatility_14D_Z60,0.00023041955137159675,-0.00014343200018629432,0.3050847457627119,0.6949152542372882
B,2023,27,Relative_Volume_20D_Z60,0.00021230320271570235,4.292590165277943e-05,0.4406779661016949,0.559322033898305
B,2023,27,RSI_14_Scaled,0.0021043019369244576,0.0008258499437943101,0.6440677966101694,0.3559322033898305
B,2023,27,Price_to_SMA20_Z60,0.0001785289350664243,-6.698387005599216e-05,0.5,0.5
B,2023,27,Intraday_Return_Z60,0.00021903497690800577,-7.907023973530158e-05,0.4322033898305085,0.5677966101694916
B,2023,27,Daily_Range_Z60,0.0010744715109467506,7.942804950289428e-05,0.6864406779661016,0.3135593220338983
B,2023,27,QQQ_Log_Return_1D,0.0008356742328032851,-4.0168295527109876e-05,0.4745762711864407,0.5254237288135594
B,2023,27,QQQ_Log_Return_5D,0.00010867157834582031,-1.1918619748030324e-05,0.5254237288135594,0.4745762711864407
B,2023,27,QQQ_Volatility_14D,0.0008464301936328411,0.0008343760273419321,0.9491525423728814,0.05084745762711865
B,2023,28,Log_Return_1D_Z60,0.0007271321956068277,2.382055936323013e-05,0.4745762711864407,0.5254237288135594
B,2023,28,Log_Return_5D_Z60,0.0003635818720795214,-8.167413034243509e-05,0.559322033898305,0.4406779661016949
B,2023,28,Volatility_14D_Z60,0.0003942956100217998,-0.00032125183497555554,0.211864406779661,0.788135593220339
B,2023,28,Relative_Volume_20D_Z60,0.0003193846205249429,4.302358138374984e-05,0.4576271186440678,0.5423728813559322
B,2023,28,RSI_14_Scaled,0.0034701537806540728,0.0013628205051645637,0.6440677966101694,0.3559322033898305
B,2023,28,Price_to_SMA20_Z60,0.0002706205705180764,-9.501520980848e-05,0.4491525423728814,0.5508474576271186
B,2023,28,Intraday_Return_Z60,0.0007057921611703932,0.00011217153223697096,0.5508474576271186,0.4491525423728814
B,2023,28,Daily_Range_Z60,0.0014495828654617071,0.00017179995484184474,0.6271186440677966,0.3728813559322034
B,2023,28,QQQ_Log_Return_1D,0.0009717357461340725,-8.612826786702499e-05,0.4745762711864407,0.5254237288135594
B,2023,28,QQQ_Log_Return_5D,0.00025693001225590706,-4.7147346776910126e-05,0.4491525423728814,0.5508474576271186
B,2023,28,QQQ_Volatility_14D,0.0015088006621226668,0.0014911339385434985,0.9491525423728814,0.05084745762711865
B,2023,29,Log_Return_1D_Z60,0.0011767832329496741,-0.00022460301988758147,0.4830508474576271,0.5169491525423728
B,2023,29,Log_Return_5D_Z60,0.0010902375215664506,-0.0002294013975188136,0.5169491525423728,0.4830508474576271
B,2023,29,Volatility_14D_Z60,0.0011254297569394112,-0.0007264032610692084,0.23728813559322035,0.7627118644067796
B,2023,29,Relative_Volume_20D_Z60,0.0006160244229249656,-5.341918222256936e-05,0.4915254237288136,0.5084745762711864
B,2023,29,RSI_14_Scaled,0.005538018885999918,0.001992290373891592,0.6101694915254238,0.3898305084745763
B,2023,29,Price_to_SMA20_Z60,0.0006826852331869304,-0.00019242016423959285,0.4661016949152542,0.5338983050847458
B,2023,29,Intraday_Return_Z60,0.0017591611249372363,0.0005056847003288567,0.5508474576271186,0.4491525423728814
B,2023,29,Daily_Range_Z60,0.0026910880114883184,0.00012957454600837082,0.652542372881356,0.3474576271186441
B,2023,29,QQQ_Log_Return_1D,0.0010865714866667986,5.489259820024017e-06,0.5508474576271186,0.4491525423728814
B,2023,29,QQQ_Log_Return_5D,0.0005997298867441714,-0.00012821487325709313,0.4830508474576271,0.5169491525423728
B,2023,29,QQQ_Volatility_14D,0.0025950882118195295,0.0025728491600602865,0.9576271186440678,0.0423728813559322
B,2023,30,Log_Return_1D_Z60,0.002338457852602005,-3.7176541809458286e-05,0.5508474576271186,0.4491525423728814
B,2023,30,Log_Return_5D_Z60,0.0029443716630339622,-0.0005912454216741025,0.5254237288135594,0.4745762711864407
B,2023,30,Volatility_14D_Z60,0.004057093057781458,-0.0018446964677423239,0.2627118644067797,0.7372881355932204
B,2023,30,Relative_Volume_20D_Z60,0.005526388064026833,-0.0044190529733896255,0.3559322033898305,0.6440677966101694
B,2023,30,RSI_14_Scaled,0.010775887407362461,0.003983829636126757,0.6186440677966102,0.3813559322033898
B,2023,30,Price_to_SMA20_Z60,0.0021662276703864336,-0.0006821746937930584,0.4067796610169492,0.5932203389830508
B,2023,30,Intraday_Return_Z60,0.002621506340801716,-0.0003076128487009555,0.4830508474576271,0.5169491525423728
B,2023,30,Daily_Range_Z60,0.00492635415866971,0.0011744904331862926,0.6610169491525424,0.3389830508474576
B,2023,30,QQQ_Log_Return_1D,0.000701884098816663,-5.670814425684512e-05,0.4915254237288136,0.5084745762711864
B,2023,30,QQQ_Log_Return_5D,0.0022346158511936665,-0.0009616269962862134,0.4661016949152542,0.5338983050847458
B,2023,30,QQQ_Volatility_14D,0.004621253348886967,0.004593081306666136,0.9576271186440678,0.0423728813559322
C,2023,1,Log_Return_1D_Z60,2.7782471878623483e-09,1.034859198334459e-09,0.576271186440678,0.423728813559322
C,2023,1,Log_Return_5D_Z60,1.2952392047793637e-08,-2.2063932902938177e-09,0.4745762711864407,0.5254237288135594
C,2023,1,Volatility_14D_Z60,3.484864397051979e-09,2.0335777506375052e-09,0.7033898305084746,0.2966101694915254
C,2023,1,Relative_Volume_20D_Z60,2.3555419836895908e-09,-9.437768344611186e-10,0.4576271186440678,0.5423728813559322
C,2023,1,RSI_14_Scaled,1.0411609352445339e-08,-1.2442480379348808e-09,0.5254237288135594,0.4745762711864407
C,2023,1,Price_to_SMA20_Z60,3.6789755686328363e-09,-9.936012013156414e-10,0.4661016949152542,0.5338983050847458
C,2023,1,Intraday_Return_Z60,1.4666387215811483e-08,2.639447549412921e-09,0.5508474576271186,0.4491525423728814
C,2023,1,Daily_Range_Z60,2.1962222263027797e-08,-6.679978348245186e-09,0.3220338983050847,0.6779661016949152
C,2023,1,QQQ_Log_Return_1D,1.3311993285469725e-08,-3.848907859094197e-10,0.4491525423728814,0.5508474576271186
C,2023,1,QQQ_Log_Return_5D,4.04355127159306e-09,1.036691399391998e-09,0.5169491525423728,0.4830508474576271
C,2023,1,QQQ_Volatility_14D,1.0531505667543684e-09,-4.0800504641502755e-10,0.3474576271186441,0.652542372881356
C,2023,2,Log_Return_1D_Z60,3.903423362316971e-09,2.7872787411453714e-10,0.5254237288135594,0.4745762711864407
C,2023,2,Log_Return_5D_Z60,1.887995892957406e-08,-2.688216982349445e-09,0.4576271186440678,0.5423728813559322
C,2023,2,Volatility_14D_Z60,5.289443105738201e-09,3.080600441407455e-09,0.7033898305084746,0.2966101694915254
C,2023,2,Relative_Volume_20D_Z60,3.7231886462762986e-09,-4.174853518446042e-10,0.4745762711864407,0.5254237288135594
C,2023,2,RSI_14_Scaled,1.5032233235956483e-08,-1.6897110377556146e-09,0.5508474576271186,0.4491525423728814
C,2023,2,Price_to_SMA20_Z60,5.551068049669539e-09,-1.764149271110682e-09,0.5169491525423728,0.4830508474576271
C,2023,2,Intraday_Return_Z60,2.0393320809830584e-08,-7.565766346750991e-10,0.4576271186440678,0.5423728813559322
C,2023,2,Daily_Range_Z60,3.2572867070257416e-08,-9.404098832987984e-09,0.3050847457627119,0.6949152542372882
C,2023,2,QQQ_Log_Return_1D,1.8227130027526073e-08,2.1867891941695916e-09,0.5423728813559322,0.4576271186440678
C,2023,2,QQQ_Log_Return_5D,6.6844338952876114e-09,1.6271232139430936e-09,0.576271186440678,0.423728813559322
C,2023,2,QQQ_Volatility_14D,1.3856839009562805e-09,2.3310282523669734e-11,0.4322033898305085,0.5677966101694916
C,2023,3,Log_Return_1D_Z60,7.799098256100478e-09,-2.9581052884974923e-11,0.4576271186440678,0.5423728813559322
C,2023,3,Log_Return_5D_Z60,2.7655051582087253e-08,-2.7658368928484833e-09,0.4576271186440678,0.5423728813559322
C,2023,3,Volatility_14D_Z60,7.1417316505062445e-09,3.628216616036184e-09,0.7796610169491526,0.22033898305084745
C,2023,3,Relative_Volume_20D_Z60,6.7835186357001476e-09,8.345781843388522e-10,0.4491525423728814,0.5508474576271186
C,2023,3,RSI_14_Scaled,2.2638927177354162e-08,-2.7789934797795013e-09,0.5508474576271186,0.4491525423728814
C,2023,3,Price_to_SMA20_Z60,7.937002166613638e-09,-2.7446742656422884e-09,0.4915254237288136,0.5084745762711864
C,2023,3,Intraday_Return_Z60,3.600328568609257e-08,1.8974986026876195e-09,0.5254237288135594,0.4745762711864407
C,2023,3,Daily_Range_Z60,4.641772832769675e-08,-7.591552275698632e-09,0.3983050847457627,0.6016949152542372
C,2023,3,QQQ_Log_Return_1D,2.7720616913029517e-08,1.682229577859573e-09,0.5677966101694916,0.4322033898305085
C,2023,3,QQQ_Log_Return_5D,1.0072763956259223e-08,2.5256166047427087e-09,0.559322033898305,0.4406779661016949
C,2023,3,QQQ_Volatility_14D,2.1669130934043324e-09,5.215805565228493e-10,0.5423728813559322,0.4576271186440678
C,2023,4,Log_Return_1D_Z60,1.3486604721890671e-08,-1.1556541279489352e-09,0.5169491525423728,0.4830508474576271
C,2023,4,Log_Return_5D_Z60,4.25862118902387e-08,-1.241585056988015e-09,0.5338983050847458,0.4661016949152542
C,2023,4,Volatility_14D_Z60,1.0909629644118013e-08,5.118317769614578e-09,0.7542372881355932,0.2457627118644068
C,2023,4,Relative_Volume_20D_Z60,1.3486862293632385e-08,-1.5698455868573546e-09,0.3474576271186441,0.652542372881356
C,2023,4,RSI_14_Scaled,3.094668699077374e-08,-5.255399671000305e-09,0.5084745762711864,0.4915254237288136
C,2023,4,Price_to_SMA20_Z60,1.1598606519669374e-08,-3.901347689350132e-09,0.4491525423728814,0.5508474576271186
C,2023,4,Intraday_Return_Z60,5.518522883107835e-08,1.9135697471028834e-09,0.5169491525423728,0.4830508474576271
C,2023,4,Daily_Range_Z60,6.885218795105175e-08,-1.7996780954376845e-08,0.3305084745762712,0.6694915254237288
C,2023,4,QQQ_Log_Return_1D,3.6822534354996606e-08,-1.7348283920526342e-09,0.4745762711864407,0.5254237288135594
C,2023,4,QQQ_Log_Return_5D,1.558026774262089e-08,3.886647448325675e-09,0.5508474576271186,0.4491525423728814
C,2023,4,QQQ_Volatility_14D,3.2178506526037154e-09,9.676096590638394e-10,0.6610169491525424,0.3389830508474576
C,2023,5,Log_Return_1D_Z60,1.849956987598489e-08,3.4507481316836675e-09,0.5423728813559322,0.4576271186440678
C,2023,5,Log_Return_5D_Z60,6.25856131364344e-08,1.0744496403702897e-09,0.559322033898305,0.4406779661016949
C,2023,5,Volatility_14D_Z60,1.6603385333269216e-08,8.913566773571802e-09,0.788135593220339,0.211864406779661
C,2023,5,Relative_Volume_20D_Z60,1.9226947145511986e-08,-3.913021018320251e-09,0.3983050847457627,0.6016949152542372
C,2023,5,RSI_14_Scaled,4.596572011905664e-08,-1.3282237532052932e-08,0.5084745762711864,0.4915254237288136
C,2023,5,Price_to_SMA20_Z60,1.651561554183445e-08,-4.37243219408856e-09,0.5338983050847458,0.4661016949152542
C,2023,5,Intraday_Return_Z60,8.254877315039266e-08,6.267400820547664e-09,0.5084745762711864,0.4915254237288136
C,2023,5,Daily_Range_Z60,1.0177163289881719e-07,-2.7889534237601765e-08,0.3389830508474576,0.6610169491525424
C,2023,5,QQQ_Log_Return_1D,5.929554092176659e-08,4.378554407935553e-09,0.5,0.5
C,2023,5,QQQ_Log_Return_5D,2.5412560944459983e-08,4.606616865743263e-09,0.5254237288135594,0.4745762711864407
C,2023,5,QQQ_Volatility_14D,4.887201754399939e-09,1.6091585841593314e-09,0.6779661016949152,0.3220338983050847
C,2023,6,Log_Return_1D_Z60,2.8084414793738688e-08,-4.1767986291851855e-10,0.5084745762711864,0.4915254237288136
C,2023,6,Log_Return_5D_Z60,1.0350351686838621e-07,1.0118194282426884e-08,0.5169491525423728,0.4830508474576271
C,2023,6,Volatility_14D_Z60,2.6038311062848152e-08,1.3046516755821358e-08,0.7711864406779662,0.2288135593220339
C,2023,6,Relative_Volume_20D_Z60,3.252374014550696e-08,-8.625242742255068e-09,0.3559322033898305,0.6440677966101694
C,2023,6,RSI_14_Scaled,6.583653089364816e-08,-2.2267839128176092e-08,0.5169491525423728,0.4830508474576271
C,2023,6,Price_to_SMA20_Z60,2.506940788293832e-08,-4.8705817157213005e-09,0.4830508474576271,0.5169491525423728
C,2023,6,Intraday_Return_Z60,1.3505464835361636e-07,1.5742148917752274e-08,0.5677966101694916,0.4322033898305085
C,2023,6,Daily_Range_Z60,1.445188075877013e-07,-3.9072613589041794e-08,0.3135593220338983,0.6864406779661016
C,2023,6,QQQ_Log_Return_1D,8.294001929698425e-08,2.04109813495279e-08,0.5508474576271186,0.4491525423728814
C,2023,6,QQQ_Log_Return_5D,4.132435549308866e-08,3.579281315779781e-09,0.4576271186440678,0.5423728813559322
C,2023,6,QQQ_Volatility_14D,7.4801054239515e-09,2.9661975098349558e-09,0.6440677966101694,0.3559322033898305
C,2023,7,Log_Return_1D_Z60,4.008042253644817e-08,-2.8386353267961795e-09,0.5,0.5
C,2023,7,Log_Return_5D_Z60,1.498519281994959e-07,1.5556789634274537e-08,0.5254237288135594,0.4745762711864407
C,2023,7,Volatility_14D_Z60,4.589365332208217e-08,2.5403020131875564e-08,0.7542372881355932,0.2457627118644068
C,2023,7,Relative_Volume_20D_Z60,4.0316958660469027e-08,-7.503922816454178e-09,0.4406779661016949,0.559322033898305
C,2023,7,RSI_14_Scaled,8.733656642334608e-08,-2.7293488358282048e-08,0.5169491525423728,0.4830508474576271
C,2023,7,Price_to_SMA20_Z60,3.69042325587543e-08,-4.897192873443146e-09,0.4830508474576271,0.5169491525423728
C,2023,7,Intraday_Return_Z60,1.7773189142644696e-07,-1.237876734450083e-08,0.4745762711864407,0.5254237288135594
C,2023,7,Daily_Range_Z60,2.1796452642774966e-07,-1.0221049961955941e-07,0.2711864406779661,0.7288135593220338
C,2023,7,QQQ_Log_Return_1D,1.082372875771398e-07,1.65164113496985e-08,0.5254237288135594,0.4745762711864407
C,2023,7,QQQ_Log_Return_5D,6.324094670162594e-08,1.864606247181655e-10,0.4576271186440678,0.5423728813559322
C,2023,7,QQQ_Volatility_14D,1.198472254770877e-08,4.909877837633303e-09,0.652542372881356,0.3474576271186441
C,2023,8,Log_Return_1D_Z60,7.931082990353389e-08,2.0977944714672958e-08,0.559322033898305,0.4406779661016949
C,2023,8,Log_Return_5D_Z60,2.102677001403208e-07,7.386117273355808e-10,0.5084745762711864,0.4915254237288136
C,2023,8,Volatility_14D_Z60,7.003642110703368e-08,3.86462097878848e-08,0.7796610169491526,0.22033898305084745
C,2023,8,Relative_Volume_20D_Z60,7.598667650654534e-08,-1.156900353294077e-08,0.3644067796610169,0.635593220338983
C,2023,8,RSI_14_Scaled,1.2619540257219342e-07,-5.2368804404068214e-08,0.5084745762711864,0.4915254237288136
C,2023,8,Price_to_SMA20_Z60,5.160759286582106e-08,-5.2831943264664005e-09,0.5169491525423728,0.4830508474576271
C,2023,8,Intraday_Return_Z60,2.9028234393990715e-07,7.717651406835557e-09,0.4915254237288136,0.5084745762711864
C,2023,8,Daily_Range_Z60,3.4753060162984184e-07,-1.3679633070751152e-07,0.288135593220339,0.711864406779661
C,2023,8,QQQ_Log_Return_1D,1.436099807961e-07,-5.391113777619694e-09,0.4576271186440678,0.5423728813559322
C,2023,8,QQQ_Log_Return_5D,9.944854895138633e-08,6.4708562952375814e-09,0.5084745762711864,0.4915254237288136
C,2023,8,QQQ_Volatility_14D,1.8200712048610512e-08,7.52299289530356e-09,0.6440677966101694,0.3559322033898305
C,2023,9,Log_Return_1D_Z60,1.4011314419803966e-07,2.338001081625407e-08,0.5,0.5
C,2023,9,Log_Return_5D_Z60,3.123882095223962e-07,-1.6177128969729893e-08,0.4745762711864407,0.5254237288135594
C,2023,9,Volatility_14D_Z60,1.0356006896472536e-07,5.426081273185446e-08,0.7796610169491526,0.22033898305084745
C,2023,9,Relative_Volume_20D_Z60,1.3464024561926635e-07,-1.4810692672284631e-09,0.3474576271186441,0.652542372881356
C,2023,9,RSI_14_Scaled,1.6717061157578428e-07,-9.89850477139953e-08,0.3898305084745763,0.6101694915254238
C,2023,9,Price_to_SMA20_Z60,8.386083294453783e-08,-4.079878213048005e-09,0.5,0.5
C,2023,9,Intraday_Return_Z60,4.859510340793349e-07,1.2363615020660745e-08,0.4406779661016949,0.559322033898305
C,2023,9,Daily_Range_Z60,5.701724603568437e-07,-1.0946135375888844e-07,0.3389830508474576,0.6610169491525424
C,2023,9,QQQ_Log_Return_1D,1.9269695883394888e-07,1.849894459837742e-08,0.5,0.5
C,2023,9,QQQ_Log_Return_5D,1.3752990923876496e-07,4.516738982829338e-09,0.559322033898305,0.4406779661016949
C,2023,9,QQQ_Volatility_14D,2.5862478381100118e-08,1.1855346926381571e-08,0.635593220338983,0.3644067796610169
C,2023,10,Log_Return_1D_Z60,1.7781097483293706e-07,1.430490303988563e-08,0.5423728813559322,0.4576271186440678
C,2023,10,Log_Return_5D_Z60,4.4031088464180357e-07,-1.107159341984243e-08,0.5169491525423728,0.4830508474576271
C,2023,10,Volatility_14D_Z60,1.6694586690846336e-07,7.98077834929245e-08,0.7627118644067796,0.23728813559322035
C,2023,10,Relative_Volume_20D_Z60,1.678016161577034e-07,-4.214907889377173e-08,0.3389830508474576,0.6610169491525424
C,2023,10,RSI_14_Scaled,2.3882640221017937e-07,-1.5221722549085825e-07,0.3644067796610169,0.635593220338983
C,2023,10,Price_to_SMA20_Z60,1.226524801722917e-07,1.2180133346362254e-08,0.5932203389830508,0.4067796610169492
C,2023,10,Intraday_Return_Z60,7.050664976304688e-07,9.649967580571683e-08,0.5677966101694916,0.4322033898305085
C,2023,10,Daily_Range_Z60,7.569916533611831e-07,-3.01027540672294e-07,0.3135593220338983,0.6864406779661016
C,2023,10,QQQ_Log_Return_1D,2.4558772793170647e-07,2.528894871289822e-09,0.4830508474576271,0.5169491525423728
C,2023,10,QQQ_Log_Return_5D,2.119868725003471e-07,1.463645116217549e-08,0.4830508474576271,0.5169491525423728
C,2023,10,QQQ_Volatility_14D,4.2948698819600395e-08,2.1935953498086747e-08,0.6694915254237288,0.3305084745762712
C,2023,11,Log_Return_1D_Z60,3.004616360158252e-07,1.2922789949243452e-07,0.576271186440678,0.423728813559322
C,2023,11,Log_Return_5D_Z60,6.782117338843818e-07,-1.338804764827728e-07,0.4067796610169492,0.5932203389830508
C,2023,11,Volatility_14D_Z60,2.5820361315709306e-07,1.1768382535137789e-07,0.7627118644067796,0.23728813559322035
C,2023,11,Relative_Volume_20D_Z60,2.370622667058342e-07,-5.4567966145668834e-08,0.3389830508474576,0.6610169491525424
C,2023,11,RSI_14_Scaled,3.6117012314207386e-07,-2.898881916735263e-07,0.23728813559322035,0.7627118644067796
C,2023,11,Price_to_SMA20_Z60,1.9174139254118927e-07,4.0297390313526193e-08,0.6440677966101694,0.3559322033898305
C,2023,11,Intraday_Return_Z60,1.1464308045106009e-06,3.3999600645984174e-07,0.6271186440677966,0.3728813559322034
C,2023,11,Daily_Range_Z60,1.060691033671901e-06,-3.809708175595006e-07,0.3389830508474576,0.6610169491525424
C,2023,11,QQQ_Log_Return_1D,3.306761016119708e-07,-9.454853255874696e-08,0.3728813559322034,0.6271186440677966
C,2023,11,QQQ_Log_Return_5D,3.212316244116664e-07,9.307521509072103e-08,0.5254237288135594,0.4745762711864407
C,2023,11,QQQ_Volatility_14D,6.915175987387556e-08,2.750915761851047e-08,0.6864406779661016,0.3135593220338983
C,2023,12,Log_Return_1D_Z60,5.491511956279282e-07,-1.1202122784936819e-08,0.5,0.5
C,2023,12,Log_Return_5D_Z60,9.745805300553911e-07,-1.773308042629651e-07,0.423728813559322,0.576271186440678
C,2023,12,Volatility_14D_Z60,4.080357882685348e-07,1.732871197646091e-07,0.7711864406779662,0.2288135593220339
C,2023,12,Relative_Volume_20D_Z60,3.454785826306761e-07,-2.4652131003222166e-08,0.3898305084745763,0.6101694915254238
C,2023,12,RSI_14_Scaled,4.865552796218253e-07,-4.0273297940984776e-07,0.22033898305084745,0.7796610169491526
C,2023,12,Price_to_SMA20_Z60,2.8178490651953325e-07,7.912724697689555e-08,0.6440677966101694,0.3559322033898305
C,2023,12,Intraday_Return_Z60,1.7579981204107753e-06,-1.9006801466048273e-08,0.5,0.5
C,2023,12,Daily_Range_Z60,1.5528499943684437e-06,-3.6167301686873543e-07,0.3559322033898305,0.6440677966101694
C,2023,12,QQQ_Log_Return_1D,5.919341106164211e-07,1.6166796967809205e-07,0.5084745762711864,0.4915254237288136
C,2023,12,QQQ_Log_Return_5D,4.277163441201992e-07,1.0681550577373855e-07,0.4576271186440678,0.5423728813559322
C,2023,12,QQQ_Volatility_14D,1.091796661967237e-07,6.509451111469389e-08,0.7372881355932204,0.2627118644067797
C,2023,13,Log_Return_1D_Z60,6.150669946691778e-07,-1.743322108893608e-08,0.5169491525423728,0.4830508474576271
C,2023,13,Log_Return_5D_Z60,1.3954017958894838e-06,-1.5397334607314406e-07,0.4322033898305085,0.5677966101694916
C,2023,13,Volatility_14D_Z60,6.405413159882301e-07,2.771887182007049e-07,0.7457627118644068,0.2542372881355932
C,2023,13,Relative_Volume_20D_Z60,6.22913546521886e-07,-6.24740863486295e-08,0.3474576271186441,0.652542372881356
C,2023,13,RSI_14_Scaled,6.866516173431592e-07,-6.013734150656092e-07,0.211864406779661,0.788135593220339
C,2023,13,Price_to_SMA20_Z60,4.203890568987845e-07,1.2465217480439605e-07,0.5932203389830508,0.4067796610169492
C,2023,13,Intraday_Return_Z60,2.1783221200166736e-06,-2.8796907258765714e-07,0.4745762711864407,0.5254237288135594
C,2023,13,Daily_Range_Z60,2.4872263111319626e-06,-1.171938265542849e-06,0.2457627118644068,0.7542372881355932
C,2023,13,QQQ_Log_Return_1D,5.570728376369516e-07,9.877686579784495e-08,0.5508474576271186,0.4491525423728814
C,2023,13,QQQ_Log_Return_5D,6.053459742361156e-07,5.1532886402583244e-08,0.5,0.5
C,2023,13,QQQ_Volatility_14D,1.7155612397345976e-07,1.1666176646940585e-07,0.788135593220339,0.211864406779661
C,2023,14,Log_Return_1D_Z60,1.0782360959638027e-06,-1.674607119639404e-07,0.4322033898305085,0.5677966101694916
C,2023,14,Log_Return_5D_Z60,2.1928105979895918e-06,-6.525275608737502e-08,0.4915254237288136,0.5084745762711864
C,2023,14,Volatility_14D_Z60,9.675906085249153e-07,4.3091787915727764e-07,0.7796610169491526,0.22033898305084745
C,2023,14,Relative_Volume_20D_Z60,6.698945185235061e-07,-2.637977729591512e-07,0.2711864406779661,0.7288135593220338
C,2023,14,RSI_14_Scaled,9.725822565087583e-07,-8.776810318522621e-07,0.2033898305084746,0.7966101694915254
C,2023,14,Price_to_SMA20_Z60,6.097507139202207e-07,1.8507486743146728e-07,0.6101694915254238,0.3898305084745763
C,2023,14,Intraday_Return_Z60,3.687076059577521e-06,-2.866332238227187e-07,0.4661016949152542,0.5338983050847458
C,2023,14,Daily_Range_Z60,2.9952091153973015e-06,-1.7019159486153512e-06,0.2457627118644068,0.7542372881355932
C,2023,14,QQQ_Log_Return_1D,7.911372108537762e-07,3.0114614446574706e-07,0.5508474576271186,0.4491525423728814
C,2023,14,QQQ_Log_Return_5D,9.505777711638075e-07,-8.69307399398167e-08,0.4491525423728814,0.5508474576271186
C,2023,14,QQQ_Volatility_14D,3.003591757533286e-07,2.1873742639400007e-07,0.7796610169491526,0.22033898305084745
C,2023,15,Log_Return_1D_Z60,1.8391592675470747e-06,8.385506333752346e-08,0.5169491525423728,0.4830508474576271
C,2023,15,Log_Return_5D_Z60,3.0250373583839973e-06,-1.0566847841175786e-08,0.5508474576271186,0.4491525423728814
C,2023,15,Volatility_14D_Z60,1.5116363556444412e-06,7.603332505823346e-07,0.7796610169491526,0.22033898305084745
C,2023,15,Relative_Volume_20D_Z60,1.1898990806002985e-06,-6.424454568332294e-08,0.3983050847457627,0.6016949152542372
C,2023,15,RSI_14_Scaled,1.5450278851858457e-06,-1.3180067526263883e-06,0.288135593220339,0.711864406779661
C,2023,15,Price_to_SMA20_Z60,9.273427963307768e-07,2.3272042426469852e-07,0.5338983050847458,0.4661016949152542
C,2023,15,Intraday_Return_Z60,5.2028262871317565e-06,1.6045724748892098e-07,0.5084745762711864,0.4915254237288136
C,2023,15,Daily_Range_Z60,4.9063851292885374e-06,-2.847315272447304e-06,0.22033898305084745,0.7796610169491526
C,2023,15,QQQ_Log_Return_1D,1.0959412293232162e-06,5.014433099859161e-07,0.576271186440678,0.423728813559322
C,2023,15,QQQ_Log_Return_5D,1.4369055634233519e-06,-1.9698161679571058e-07,0.4152542372881356,0.5847457627118644
C,2023,15,QQQ_Volatility_14D,4.836830953536264e-07,3.807828647950373e-07,0.788135593220339,0.211864406779661
C,2023,16,Log_Return_1D_Z60,3.074092319366173e-06,3.1816036027976224e-08,0.5169491525423728,0.4830508474576271
C,2023,16,Log_Return_5D_Z60,4.30643922300078e-06,7.087016342666175e-07,0.5423728813559322,0.4576271186440678
C,2023,16,Volatility_14D_Z60,2.267830495839007e-06,1.0655134019543766e-06,0.7542372881355932,0.2457627118644068
C,2023,16,Relative_Volume_20D_Z60,2.2116782929515466e-06,5.186732892070722e-07,0.3559322033898305,0.6440677966101694
C,2023,16,RSI_14_Scaled,2.419554903099197e-06,-2.1291800749168033e-06,0.23728813559322035,0.7627118644067796
C,2023,16,Price_to_SMA20_Z60,1.4117857745077345e-06,3.3564543855391094e-07,0.5338983050847458,0.4661016949152542
C,2023,16,Intraday_Return_Z60,7.972582352522295e-06,-1.5373994699530158e-07,0.4745762711864407,0.5254237288135594
C,2023,16,Daily_Range_Z60,7.2046163950290065e-06,-2.097787501043058e-06,0.3220338983050847,0.6779661016949152
C,2023,16,QQQ_Log_Return_1D,1.398102767780074e-06,4.376808533379517e-07,0.4915254237288136,0.5084745762711864
C,2023,16,QQQ_Log_Return_5D,2.1699624994653277e-06,-5.492298100762127e-07,0.3559322033898305,0.6440677966101694
C,2023,16,QQQ_Volatility_14D,8.211728186324763e-07,6.471285018960771e-07,0.8135593220338984,0.1864406779661017
C,2023,17,Log_Return_1D_Z60,4.6744930841668975e-06,-1.0320510455130716e-06,0.423728813559322,0.576271186440678
C,2023,17,Log_Return_5D_Z60,5.940447408647742e-06,1.3477152833729633e-06,0.5508474576271186,0.4491525423728814
C,2023,17,Volatility_14D_Z60,3.7050356240797555e-06,1.9166641322954092e-06,0.8050847457627118,0.19491525423728814
C,2023,17,Relative_Volume_20D_Z60,3.4055524338327814e-06,6.300350605670246e-07,0.3644067796610169,0.635593220338983
C,2023,17,RSI_14_Scaled,3.8890620999154635e-06,-3.330723984618089e-06,0.2457627118644068,0.7542372881355932
C,2023,17,Price_to_SMA20_Z60,2.2074814296502154e-06,3.531106642640225e-07,0.5169491525423728,0.4830508474576271
C,2023,17,Intraday_Return_Z60,1.2776440598827321e-05,-1.712767584649555e-06,0.4406779661016949,0.559322033898305
C,2023,17,Daily_Range_Z60,1.0887808457482606e-05,-3.744519290194148e-06,0.3220338983050847,0.6779661016949152
C,2023,17,QQQ_Log_Return_1D,2.0269062588340603e-06,3.4803923654180835e-07,0.5254237288135594,0.4745762711864407
C,2023,17,QQQ_Log_Return_5D,2.9231016469566384e-06,-9.01905025330052e-07,0.3559322033898305,0.6440677966101694
C,2023,17,QQQ_Volatility_14D,1.343206918136275e-06,1.1753695616789628e-06,0.8389830508474576,0.16101694915254236
C,2023,18,Log_Return_1D_Z60,7.636483132955618e-06,-2.0457509890547954e-06,0.4322033898305085,0.5677966101694916
C,2023,18,Log_Return_5D_Z60,9.191985554934945e-06,2.4613434561615577e-06,0.576271186440678,0.423728813559322
C,2023,18,Volatility_14D_Z60,5.667018285748782e-06,2.939012802016805e-06,0.7796610169491526,0.22033898305084745
C,2023,18,Relative_Volume_20D_Z60,3.780409087994485e-06,8.485374678457447e-07,0.4491525423728814,0.5508474576271186
C,2023,18,RSI_14_Scaled,6.426696472772164e-06,-5.578552645602031e-06,0.19491525423728814,0.8050847457627118
C,2023,18,Price_to_SMA20_Z60,3.5361263144295663e-06,1.0175192954875456e-07,0.5254237288135594,0.4745762711864407
C,2023,18,Intraday_Return_Z60,1.851026354415808e-05,-3.2153152460523415e-06,0.4576271186440678,0.5423728813559322
C,2023,18,Daily_Range_Z60,1.6166259229066782e-05,-4.107876975467661e-06,0.2711864406779661,0.7288135593220338
C,2023,18,QQQ_Log_Return_1D,2.717805273277918e-06,7.586151014038478e-07,0.5254237288135594,0.4745762711864407
C,2023,18,QQQ_Log_Return_5D,4.023567726108013e-06,-9.2121615580254e-07,0.3389830508474576,0.6610169491525424
C,2023,18,QQQ_Volatility_14D,2.1495511646207888e-06,2.0529760149656795e-06,0.8559322033898306,0.1440677966101695
C,2023,19,Log_Return_1D_Z60,1.1599255230976269e-05,-1.08388917396951e-06,0.5169491525423728,0.4830508474576271
C,2023,19,Log_Return_5D_Z60,1.3632765330839902e-05,2.866810064006131e-06,0.6016949152542372,0.3983050847457627
C,2023,19,Volatility_14D_Z60,8.53671008371748e-06,4.195037945464719e-06,0.7457627118644068,0.2542372881355932
C,2023,19,Relative_Volume_20D_Z60,4.520582933764672e-06,1.0789839279823354e-06,0.4491525423728814,0.5508474576271186
C,2023,19,RSI_14_Scaled,9.804273759073112e-06,-7.3352139224880375e-06,0.3050847457627119,0.6949152542372882
C,2023,19,Price_to_SMA20_Z60,4.825102678296389e-06,1.5829044741622056e-07,0.4915254237288136,0.5084745762711864
C,2023,19,Intraday_Return_Z60,2.628296169859823e-05,9.156427722700755e-07,0.4661016949152542,0.5338983050847458
C,2023,19,Daily_Range_Z60,2.1019928681198508e-05,-6.779001523682382e-06,0.2796610169491525,0.7203389830508474
C,2023,19,QQQ_Log_Return_1D,4.7680609895905945e-06,1.4360831528392737e-06,0.5508474576271186,0.4491525423728814
C,2023,19,QQQ_Log_Return_5D,5.643659278575797e-06,-4.0922358834905026e-07,0.3898305084745763,0.6101694915254238
C,2023,19,QQQ_Volatility_14D,3.7999823234713404e-06,3.704302798723802e-06,0.8898305084745762,0.11016949152542373
C,2023,20,Log_Return_1D_Z60,1.8105738490703516e-05,3.170264790242072e-06,0.5423728813559322,0.4576271186440678
C,2023,20,Log_Return_5D_Z60,1.8104010450770147e-05,3.4180211514467373e-06,0.5508474576271186,0.4491525423728814
C,2023,20,Volatility_14D_Z60,1.2874864296463784e-05,6.845521056675352e-06,0.7796610169491526,0.22033898305084745
C,2023,20,Relative_Volume_20D_Z60,8.38588584883837e-06,3.7845127280888846e-06,0.5,0.5
C,2023,20,RSI_14_Scaled,1.476767283747904e-05,-1.0871781341847964e-05,0.288135593220339,0.711864406779661
C,2023,20,Price_to_SMA20_Z60,6.58685985399643e-06,7.622790576533589e-07,0.5169491525423728,0.4830508474576271
C,2023,20,Intraday_Return_Z60,3.685384217533283e-05,6.9201264523144346e-06,0.5508474576271186,0.4491525423728814
C,2023,20,Daily_Range_Z60,2.793638668663334e-05,-9.75760576693574e-06,0.2796610169491525,0.7203389830508474
C,2023,20,QQQ_Log_Return_1D,8.954069016908761e-06,2.2712549707648577e-06,0.559322033898305,0.4406779661016949
C,2023,20,QQQ_Log_Return_5D,7.654950422875118e-06,-4.557399435611842e-08,0.4491525423728814,0.5508474576271186
C,2023,20,QQQ_Volatility_14D,6.810740160290152e-06,6.529341590066906e-06,0.9067796610169492,0.09322033898305085
C,2023,21,Log_Return_1D_Z60,3.128497701254673e-05,2.5017761799972504e-06,0.5423728813559322,0.4576271186440678
C,2023,21,Log_Return_5D_Z60,2.3560402041766793e-05,2.765469389487407e-06,0.5677966101694916,0.4322033898305085
C,2023,21,Volatility_14D_Z60,1.9109165805275552e-05,8.026249815884512e-06,0.7372881355932204,0.2627118644067797
C,2023,21,Relative_Volume_20D_Z60,1.282345056097256e-05,7.664618351554964e-06,0.576271186440678,0.423728813559322
C,2023,21,RSI_14_Scaled,2.377115743001923e-05,-1.728824463498313e-05,0.2796610169491525,0.7203389830508474
C,2023,21,Price_to_SMA20_Z60,1.0926760296570137e-05,2.440001708237105e-06,0.5847457627118644,0.4152542372881356
C,2023,21,Intraday_Return_Z60,5.1036447985097766e-05,1.4775637282582466e-05,0.559322033898305,0.4406779661016949
C,2023,21,Daily_Range_Z60,4.070862632943317e-05,-1.3379568372329231e-05,0.288135593220339,0.711864406779661
C,2023,21,QQQ_Log_Return_1D,1.4954433027014602e-05,4.351678398961667e-06,0.6016949152542372,0.3983050847457627
C,2023,21,QQQ_Log_Return_5D,1.0267135621688794e-05,4.091294840691262e-07,0.4406779661016949,0.559322033898305
C,2023,21,QQQ_Volatility_14D,1.1540499144757632e-05,1.141557459050091e-05,0.9067796610169492,0.09322033898305085
C,2023,22,Log_Return_1D_Z60,4.30651634815149e-05,-1.596271431481e-05,0.4406779661016949,0.559322033898305
C,2023,22,Log_Return_5D_Z60,2.7552878236747347e-05,2.026857828241191e-06,0.559322033898305,0.4406779661016949
C,2023,22,Volatility_14D_Z60,2.7731350201065652e-05,1.1668200386338867e-05,0.6949152542372882,0.3050847457627119
C,2023,22,Relative_Volume_20D_Z60,1.5277859347406775e-05,9.014310307975393e-06,0.5847457627118644,0.4152542372881356
C,2023,22,RSI_14_Scaled,3.424392343731597e-05,-2.3533813873655163e-05,0.2711864406779661,0.7288135593220338
C,2023,22,Price_to_SMA20_Z60,1.56273217726266e-05,3.1039071473060176e-06,0.5847457627118644,0.4152542372881356
C,2023,22,Intraday_Return_Z60,8.461155812256038e-05,-1.0981350897054654e-05,0.423728813559322,0.576271186440678
C,2023,22,Daily_Range_Z60,4.8489364417036995e-05,-1.535994488222059e-05,0.3135593220338983,0.6864406779661016
C,2023,22,QQQ_Log_Return_1D,2.5481434931862168e-05,-1.796805463527562e-06,0.4915254237288136,0.5084745762711864
C,2023,22,QQQ_Log_Return_5D,1.538286596769467e-05,3.069911599595798e-06,0.5847457627118644,0.4152542372881356
C,2023,22,QQQ_Volatility_14D,2.1141542674740776e-05,2.0922501789755188e-05,0.940677966101695,0.059322033898305086
C,2023,23,Log_Return_1D_Z60,6.424496677936986e-05,-4.477305083128158e-06,0.5423728813559322,0.4576271186440678
C,2023,23,Log_Return_5D_Z60,2.9620729037560523e-05,-3.7668069126084447e-06,0.4491525423728814,0.5508474576271186
C,2023,23,Volatility_14D_Z60,3.8566195144085214e-05,1.9446366422926076e-05,0.7372881355932204,0.2627118644067797
C,2023,23,Relative_Volume_20D_Z60,3.427884803386405e-05,2.1733723770012148e-05,0.635593220338983,0.3644067796610169
C,2023,23,RSI_14_Scaled,4.857889507547952e-05,-2.8043132260791026e-05,0.3813559322033898,0.6186440677966102
C,2023,23,Price_to_SMA20_Z60,2.0942388800904155e-05,4.839854682359146e-06,0.576271186440678,0.423728813559322
C,2023,23,Intraday_Return_Z60,0.00010761031444417313,8.33361173135927e-06,0.5423728813559322,0.4576271186440678
C,2023,23,Daily_Range_Z60,7.277764962054789e-05,-1.840526965679601e-05,0.2796610169491525,0.7203389830508474
C,2023,23,QQQ_Log_Return_1D,3.5624576412374154e-05,3.7940578749839915e-06,0.5847457627118644,0.4152542372881356
C,2023,23,QQQ_Log_Return_5D,2.391502130194567e-05,5.311404038366163e-06,0.576271186440678,0.423728813559322
C,2023,23,QQQ_Volatility_14D,3.8783651689300314e-05,3.800575723289512e-05,0.940677966101695,0.059322033898305086
C,2023,24,Log_Return_1D_Z60,0.00010221997217740864,2.8459837722039083e-06,0.576271186440678,0.423728813559322
C,2023,24,Log_Return_5D_Z60,3.679992369143292e-05,-8.816718946036417e-06,0.5,0.5
C,2023,24,Volatility_14D_Z60,5.685683208866976e-05,2.9548695238190703e-05,0.7033898305084746,0.2966101694915254
C,2023,24,Relative_Volume_20D_Z60,5.7804922107607126e-05,2.2956295651965775e-05,0.5677966101694916,0.4322033898305085
C,2023,24,RSI_14_Scaled,7.505814573960379e-05,-2.9717777579207905e-05,0.4322033898305085,0.5677966101694916
C,2023,24,Price_to_SMA20_Z60,3.628805643529631e-05,1.2494072507251985e-05,0.5423728813559322,0.4576271186440678
C,2023,24,Intraday_Return_Z60,0.00014271291729528457,1.1376304428267758e-05,0.5,0.5
C,2023,24,Daily_Range_Z60,8.847387653077021e-05,-1.8943495888379402e-05,0.3135593220338983,0.6864406779661016
C,2023,24,QQQ_Log_Return_1D,6.65268671582453e-05,1.611161496839486e-05,0.5508474576271186,0.4491525423728814
C,2023,24,QQQ_Log_Return_5D,3.9927923353388906e-05,1.0699114682211075e-05,0.6016949152542372,0.3983050847457627
C,2023,24,QQQ_Volatility_14D,6.67273488943465e-05,6.605750968446955e-05,0.940677966101695,0.059322033898305086
C,2023,25,Log_Return_1D_Z60,0.00018570676911622286,8.768173756834585e-06,0.4915254237288136,0.5084745762711864
C,2023,25,Log_Return_5D_Z60,5.383839743444696e-05,-2.275763290526811e-05,0.3983050847457627,0.6016949152542372
C,2023,25,Volatility_14D_Z60,8.525756129529327e-05,5.196045458433218e-05,0.6610169491525424,0.3389830508474576
C,2023,25,Relative_Volume_20D_Z60,0.00011141558206873015,3.605995516409166e-05,0.6101694915254238,0.3898305084745763
C,2023,25,RSI_14_Scaled,0.00011674728739308193,-1.3799585758533794e-05,0.4745762711864407,0.5254237288135594
C,2023,25,Price_to_SMA20_Z60,5.747605973738246e-05,2.085264895868022e-05,0.559322033898305,0.4406779661016949
C,2023,25,Intraday_Return_Z60,0.0002246450021630153,4.555126361083239e-05,0.5338983050847458,0.4661016949152542
C,2023,25,Daily_Range_Z60,0.00010783298057503998,5.67108554605511e-06,0.4067796610169492,0.5932203389830508
C,2023,25,QQQ_Log_Return_1D,0.00013677129754796624,7.771242053422611e-06,0.4830508474576271,0.5169491525423728
C,2023,25,QQQ_Log_Return_5D,7.998611545190215e-05,2.9389551855274476e-05,0.5508474576271186,0.4491525423728814
C,2023,25,QQQ_Volatility_14D,0.00011938834359170869,0.00011707864177878946,0.940677966101695,0.059322033898305086
C,2023,26,Log_Return_1D_Z60,0.0002703993523027748,-6.888109055580571e-05,0.4915254237288136,0.5084745762711864
C,2023,26,Log_Return_5D_Z60,9.047931962413713e-05,-3.840334829874337e-05,0.3813559322033898,0.6186440677966102
C,2023,26,Volatility_14D_Z60,0.00013275296078063548,6.52521412121132e-05,0.635593220338983,0.3644067796610169
C,2023,26,Relative_Volume_20D_Z60,0.00022589768923353404,2.493412102921866e-05,0.5932203389830508,0.4067796610169492
C,2023,26,RSI_14_Scaled,0.00019997255003545433,2.8383599783410318e-05,0.4830508474576271,0.5169491525423728
C,2023,26,Price_to_SMA20_Z60,9.477461571805179e-05,3.856121838907711e-05,0.5,0.5
C,2023,26,Intraday_Return_Z60,0.0002444807905703783,2.7660231353365816e-05,0.5254237288135594,0.4745762711864407
C,2023,26,Daily_Range_Z60,0.00012219227210152894,3.2963082048809156e-05,0.559322033898305,0.4406779661016949
C,2023,26,QQQ_Log_Return_1D,0.00022509763948619366,1.3676287380803842e-05,0.4745762711864407,0.5254237288135594
C,2023,26,QQQ_Log_Return_5D,0.00016071669233497232,6.821491842856631e-05,0.6271186440677966,0.3728813559322034
C,2023,26,QQQ_Volatility_14D,0.00020901502284687012,0.00020504347048699856,0.923728813559322,0.07627118644067797
C,2023,27,Log_Return_1D_Z60,0.00047111421008594334,-0.00011439925583545119,0.5084745762711864,0.4915254237288136
C,2023,27,Log_Return_5D_Z60,0.00019302332657389343,-4.095474287169054e-05,0.5,0.5
C,2023,27,Volatility_14D_Z60,0.0001898439513752237,7.303343591047451e-05,0.6016949152542372,0.3983050847457627
C,2023,27,Relative_Volume_20D_Z60,0.00040581589564681053,2.9128412279533222e-05,0.559322033898305,0.4406779661016949
C,2023,27,RSI_14_Scaled,0.0003857043047901243,0.0001414868311258033,0.576271186440678,0.423728813559322
C,2023,27,Price_to_SMA20_Z60,0.00016721710562705994,6.753912748536095e-05,0.5169491525423728,0.4830508474576271
C,2023,27,Intraday_Return_Z60,0.00029242481105029583,-9.064889127330389e-06,0.4576271186440678,0.5423728813559322
C,2023,27,Daily_Range_Z60,0.00018271493900101632,8.85408153408207e-05,0.6440677966101694,0.3559322033898305
C,2023,27,QQQ_Log_Return_1D,0.00037775415694341063,3.328238017274998e-05,0.4745762711864407,0.5254237288135594
C,2023,27,QQQ_Log_Return_5D,0.0002818835200741887,6.592211866518483e-05,0.5932203389830508,0.4067796610169492
C,2023,27,QQQ_Volatility_14D,0.00035296581336297095,0.00034330072230659425,0.9152542372881356,0.0847457627118644
C,2023,28,Log_Return_1D_Z60,0.0006575105362571776,3.4023867101495853e-06,0.559322033898305,0.4406779661016949
C,2023,28,Log_Return_5D_Z60,0.0004889784031547606,-1.0953351647913223e-06,0.5,0.5
C,2023,28,Volatility_14D_Z60,0.0002831447927746922,0.00010123731772182509,0.6016949152542372,0.3983050847457627
C,2023,28,Relative_Volume_20D_Z60,0.0007607069564983249,-3.5382174246478826e-05,0.5847457627118644,0.4152542372881356
C,2023,28,RSI_14_Scaled,0.0006820158450864255,0.00026210068608634174,0.652542372881356,0.3474576271186441
C,2023,28,Price_to_SMA20_Z60,0.00024244275118689984,0.00011559672566363588,0.5338983050847458,0.4661016949152542
C,2023,28,Intraday_Return_Z60,0.00036730951978825033,6.188659608596936e-05,0.5932203389830508,0.4067796610169492
C,2023,28,Daily_Range_Z60,0.0002912933414336294,0.0001951986487256363,0.6016949152542372,0.3983050847457627
C,2023,28,QQQ_Log_Return_1D,0.0005676373839378357,6.627920811297372e-06,0.4745762711864407,0.5254237288135594
C,2023,28,QQQ_Log_Return_5D,0.0005619153962470591,6.962400220800191e-05,0.5677966101694916,0.4322033898305085
C,2023,28,QQQ_Volatility_14D,0.0005871765315532684,0.0005689137033186853,0.923728813559322,0.07627118644067797
C,2023,29,Log_Return_1D_Z60,0.0010263932636007667,0.00036248384276404977,0.6186440677966102,0.3813559322033898
C,2023,29,Log_Return_5D_Z60,0.001117625506594777,0.00020214708638377488,0.5084745762711864,0.4915254237288136
C,2023,29,Volatility_14D_Z60,0.000550410826690495,0.0002266844967380166,0.6016949152542372,0.3983050847457627
C,2023,29,Relative_Volume_20D_Z60,0.001233543618582189,-0.00011600833386182785,0.559322033898305,0.4406779661016949
C,2023,29,RSI_14_Scaled,0.0012060189619660378,0.0003266076382715255,0.5847457627118644,0.4152542372881356
C,2023,29,Price_to_SMA20_Z60,0.00035963731352239847,0.0002148656058125198,0.5847457627118644,0.4152542372881356
C,2023,29,Intraday_Return_Z60,0.0005383609095588326,9.826104360399768e-05,0.5254237288135594,0.4745762711864407
C,2023,29,Daily_Range_Z60,0.0005995380925014615,0.0001842906785896048,0.6186440677966102,0.3813559322033898
C,2023,29,QQQ_Log_Return_1D,0.0010413853451609612,0.0002660976897459477,0.5508474576271186,0.4491525423728814
C,2023,29,QQQ_Log_Return_5D,0.0012444277526810765,0.00018390570767223835,0.5254237288135594,0.4745762711864407
C,2023,29,QQQ_Volatility_14D,0.0009170861449092627,0.0008829713333398104,0.9067796610169492,0.09322033898305085
C,2023,30,Log_Return_1D_Z60,0.001514190575107932,0.00018997186271008104,0.559322033898305,0.4406779661016949
C,2023,30,Log_Return_5D_Z60,0.0033034628722816706,0.0008091049385257065,0.5338983050847458,0.4661016949152542
C,2023,30,Volatility_14D_Z60,0.0010946764377877116,0.0004335683770477772,0.5847457627118644,0.4152542372881356
C,2023,30,Relative_Volume_20D_Z60,0.005952900741249323,-0.004669183399528265,0.3644067796610169,0.635593220338983
C,2023,30,RSI_14_Scaled,0.0024468086194247007,0.0002739936753641814,0.5932203389830508,0.4067796610169492
C,2023,30,Price_to_SMA20_Z60,0.000728606479242444,0.0002706199011299759,0.6186440677966102,0.3813559322033898
C,2023,30,Intraday_Return_Z60,0.0014286477817222476,0.00018240403733216226,0.5254237288135594,0.4745762711864407
C,2023,30,Daily_Range_Z60,0.0011592012597247958,0.000511733116582036,0.6694915254237288,0.3305084745762712
C,2023,30,QQQ_Log_Return_1D,0.0022408878430724144,-0.0001232845097547397,0.4745762711864407,0.5254237288135594
C,2023,30,QQQ_Log_Return_5D,0.0027957442216575146,0.0005080840201117098,0.5084745762711864,0.4915254237288136
C,2023,30,QQQ_Volatility_14D,0.001610713079571724,0.0015388127649202943,0.847457627118644,0.15254237288135594
A,2024,1,Log_Return_1D_Z60,6.132107266410003e-09,7.94554810834569e-10,0.5327868852459017,0.4672131147540984
A,2024,1,Log_Return_5D_Z60,1.9559569519600473e-09,9.465999095681354e-10,0.5573770491803278,0.4426229508196721
A,2024,1,Volatility_14D_Z60,6.8780900974729775e-09,1.5201865322111985e-09,0.5245901639344263,0.47540983606557374
A,2024,1,Relative_Volume_20D_Z60,6.997937340713634e-09,1.2115514147481576e-09,0.3770491803278688,0.6229508196721312
A,2024,1,RSI_14_Scaled,3.174360774238494e-09,9.764784536514526e-10,0.5901639344262295,0.4098360655737705
A,2024,1,Price_to_SMA20_Z60,3.3892462170115323e-09,3.2557112561448776e-10,0.4918032786885246,0.5081967213114754
A,2024,1,Intraday_Return_Z60,8.568338039083301e-09,4.343204407231127e-10,0.5081967213114754,0.4918032786885246
A,2024,1,Daily_Range_Z60,1.1148189926757368e-08,-1.0676307615753444e-09,0.45081967213114754,0.5491803278688525
A,2024,1,QQQ_Log_Return_1D,3.4933886894350508e-09,-4.707620959720771e-10,0.5737704918032787,0.4262295081967213
A,2024,1,QQQ_Log_Return_5D,1.2877886534923277e-09,7.732120499426287e-11,0.47540983606557374,0.5245901639344263
A,2024,1,QQQ_Volatility_14D,1.6343160158527326e-09,-6.716358580405313e-10,0.5081967213114754,0.4918032786885246
A,2024,2,Log_Return_1D_Z60,8.027379649888644e-09,2.0116405763381806e-10,0.5737704918032787,0.4262295081967213
A,2024,2,Log_Return_5D_Z60,2.8546494057479777e-09,5.268459557505878e-10,0.5327868852459017,0.4672131147540984
A,2024,2,Volatility_14D_Z60,1.1600241656140042e-08,3.2070182065524477e-09,0.47540983606557374,0.5245901639344263
A,2024,2,Relative_Volume_20D_Z60,9.03838248689226e-09,2.382799069167163e-09,0.4262295081967213,0.5737704918032787
A,2024,2,RSI_14_Scaled,4.809812548245418e-09,3.3456806769471825e-10,0.6557377049180327,0.3442622950819672
A,2024,2,Price_to_SMA20_Z60,4.680027032577527e-09,-1.1419429291059657e-10,0.5163934426229508,0.48360655737704916
A,2024,2,Intraday_Return_Z60,1.039531483115752e-08,5.982731532405694e-10,0.5245901639344263,0.47540983606557374
A,2024,2,Daily_Range_Z60,1.105509195298282e-08,-3.218442456986992e-10,0.5491803278688525,0.45081967213114754
A,2024,2,QQQ_Log_Return_1D,4.966200783940167e-09,1.7950833874902372e-10,0.5081967213114754,0.4918032786885246
A,2024,2,QQQ_Log_Return_5D,1.872854094031595e-09,-4.14005191240463e-10,0.4672131147540984,0.5327868852459017
A,2024,2,QQQ_Volatility_14D,2.7037201366653107e-09,-1.0347928069975865e-09,0.5081967213114754,0.4918032786885246
A,2024,3,Log_Return_1D_Z60,1.1376018349551487e-08,-2.575895718948118e-09,0.4262295081967213,0.5737704918032787
A,2024,3,Log_Return_5D_Z60,4.444247636570253e-09,5.793525104103026e-10,0.5163934426229508,0.48360655737704916
A,2024,3,Volatility_14D_Z60,1.71866165743495e-08,5.796430890825377e-09,0.4672131147540984,0.5327868852459017
A,2024,3,Relative_Volume_20D_Z60,1.3041649538081401e-08,-2.2936723631516998e-09,0.3770491803278688,0.6229508196721312
A,2024,3,RSI_14_Scaled,7.850547767418448e-09,9.328009475950694e-10,0.6721311475409836,0.32786885245901637
A,2024,3,Price_to_SMA20_Z60,6.92526525014614e-09,-5.688221005328842e-10,0.45901639344262296,0.5409836065573771
A,2024,3,Intraday_Return_Z60,1.772013646927917e-08,-5.9562585974504145e-09,0.48360655737704916,0.5163934426229508
A,2024,3,Daily_Range_Z60,2.1391894478028917e-08,-4.940259312746775e-09,0.4672131147540984,0.5327868852459017
A,2024,3,QQQ_Log_Return_1D,7.3235111308633805e-09,1.8717454253192045e-09,0.5409836065573771,0.45901639344262296
A,2024,3,QQQ_Log_Return_5D,2.9903193254909866e-09,-9.654883559306882e-10,0.4180327868852459,0.5819672131147541
A,2024,3,QQQ_Volatility_14D,4.349738347286802e-09,-1.84842685602149e-09,0.5163934426229508,0.48360655737704916
A,2024,4,Log_Return_1D_Z60,2.0490894314662e-08,3.2753451062461636e-09,0.5409836065573771,0.45901639344262296
A,2024,4,Log_Return_5D_Z60,6.101944283187777e-09,2.104668883617933e-09,0.5,0.5
A,2024,4,Volatility_14D_Z60,2.8487846748248558e-08,7.539883384310997e-09,0.4672131147540984,0.5327868852459017
A,2024,4,Relative_Volume_20D_Z60,2.1985870901630733e-08,-3.0009617013604384e-09,0.38524590163934425,0.6147540983606558
A,2024,4,RSI_14_Scaled,1.3253107056243607e-08,2.9076496765867432e-09,0.6229508196721312,0.3770491803278688
A,2024,4,Price_to_SMA20_Z60,1.0087807922332104e-08,-1.584576914126501e-09,0.5245901639344263,0.47540983606557374
A,2024,4,Intraday_Return_Z60,2.6294832977669103e-08,3.1838507386083847e-09,0.5163934426229508,0.48360655737704916
A,2024,4,Daily_Range_Z60,2.965358980588917e-08,-3.999355069339572e-09,0.5,0.5
A,2024,4,QQQ_Log_Return_1D,1.096982504833477e-08,-9.038461645793916e-11,0.4918032786885246,0.5081967213114754
A,2024,4,QQQ_Log_Return_5D,4.989418656009548e-09,-2.425106337966554e-09,0.4098360655737705,0.5901639344262295
A,2024,4,QQQ_Volatility_14D,6.801955443336283e-09,-2.960045542010903e-09,0.5,0.5
A,2024,5,Log_Return_1D_Z60,2.711168001212627e-08,-2.952636468656067e-10,0.4918032786885246,0.5081967213114754
A,2024,5,Log_Return_5D_Z60,8.53620552021539e-09,3.2540286021287557e-09,0.5901639344262295,0.4098360655737705
A,2024,5,Volatility_14D_Z60,4.338818015980905e-08,1.1932192123254026e-08,0.45081967213114754,0.5491803278688525
A,2024,5,Relative_Volume_20D_Z60,2.88462782549459e-08,4.006441400861149e-09,0.4344262295081967,0.5655737704918032
A,2024,5,RSI_14_Scaled,2.350568450992796e-08,7.685351022246323e-09,0.6475409836065574,0.3524590163934426
A,2024,5,Price_to_SMA20_Z60,1.4894560251832445e-08,6.377497419052247e-10,0.5245901639344263,0.47540983606557374
A,2024,5,Intraday_Return_Z60,4.136649423003291e-08,9.475811246772992e-09,0.5409836065573771,0.45901639344262296
A,2024,5,Daily_Range_Z60,4.6525464370006375e-08,-5.454539597771202e-10,0.5655737704918032,0.4344262295081967
A,2024,5,QQQ_Log_Return_1D,1.678235506119563e-08,1.0883568490882567e-09,0.5491803278688525,0.45081967213114754
A,2024,5,QQQ_Log_Return_5D,7.386489642158267e-09,-2.3303641238925366e-09,0.4180327868852459,0.5819672131147541
A,2024,5,QQQ_Volatility_14D,1.048177189488797e-08,-5.46102452148034e-09,0.47540983606557374,0.5245901639344263
A,2024,6,Log_Return_1D_Z60,4.018313148890229e-08,-7.105007249208484e-09,0.5081967213114754,0.4918032786885246
A,2024,6,Log_Return_5D_Z60,1.4473951814863995e-08,7.035599214333388e-09,0.5491803278688525,0.45081967213114754
A,2024,6,Volatility_14D_Z60,6.827804099884816e-08,1.500821689148779e-08,0.4918032786885246,0.5081967213114754
A,2024,6,Relative_Volume_20D_Z60,4.8838533217576696e-08,3.230060441339333e-09,0.4918032786885246,0.5081967213114754
A,2024,6,RSI_14_Scaled,4.1869199662869505e-08,1.4387444124963622e-08,0.5737704918032787,0.4262295081967213
A,2024,6,Price_to_SMA20_Z60,2.2278724642887937e-08,-9.582760140958158e-10,0.5573770491803278,0.4426229508196721
A,2024,6,Intraday_Return_Z60,6.087451254188636e-08,-1.7296313714609823e-08,0.39344262295081966,0.6065573770491803
A,2024,6,Daily_Range_Z60,6.402480323686177e-08,-6.494930815392763e-09,0.5163934426229508,0.48360655737704916
A,2024,6,QQQ_Log_Return_1D,2.675004040497697e-08,2.5745019449630036e-09,0.5245901639344263,0.47540983606557374
A,2024,6,QQQ_Log_Return_5D,1.236825220019e-08,-3.207639265312423e-09,0.4672131147540984,0.5327868852459017
A,2024,6,QQQ_Volatility_14D,1.4900395584049875e-08,-6.6612604321392155e-09,0.4180327868852459,0.5819672131147541
A,2024,7,Log_Return_1D_Z60,5.307057193704168e-08,-8.47992787100793e-09,0.48360655737704916,0.5163934426229508
A,2024,7,Log_Return_5D_Z60,2.4156470601610636e-08,1.2803032412023185e-08,0.6229508196721312,0.3770491803278688
A,2024,7,Volatility_14D_Z60,1.0704838615538392e-07,2.1182710696621143e-08,0.47540983606557374,0.5245901639344263
A,2024,7,Relative_Volume_20D_Z60,6.396927432206212e-08,4.278981613481392e-09,0.45901639344262296,0.5409836065573771
A,2024,7,RSI_14_Scaled,7.524101164335661e-08,2.133913845625557e-08,0.5491803278688525,0.45081967213114754
A,2024,7,Price_to_SMA20_Z60,3.494465872222463e-08,-3.118796054746298e-10,0.5901639344262295,0.4098360655737705
A,2024,7,Intraday_Return_Z60,8.089910608077844e-08,-1.5858129032153556e-08,0.4672131147540984,0.5327868852459017
A,2024,7,Daily_Range_Z60,7.991732076106928e-08,-7.655152955976519e-09,0.6475409836065574,0.3524590163934426
A,2024,7,QQQ_Log_Return_1D,3.797740433242325e-08,8.604203571849212e-09,0.5491803278688525,0.45081967213114754
A,2024,7,QQQ_Log_Return_5D,1.9996644340380954e-08,-4.505587902770003e-09,0.45081967213114754,0.5491803278688525
A,2024,7,QQQ_Volatility_14D,2.2480577399619506e-08,-1.2285568118386436e-08,0.4262295081967213,0.5737704918032787
A,2024,8,Log_Return_1D_Z60,1.585237185963706e-07,6.604279434441196e-08,0.5491803278688525,0.45081967213114754
A,2024,8,Log_Return_5D_Z60,4.6342368165142034e-08,3.29435501100761e-08,0.6147540983606558,0.38524590163934425
A,2024,8,Volatility_14D_Z60,1.740999380217545e-07,1.9082825986060925e-08,0.4672131147540984,0.5327868852459017
A,2024,8,Relative_Volume_20D_Z60,1.08497545170394e-07,-3.451101804330392e-08,0.38524590163934425,0.6147540983606558
A,2024,8,RSI_14_Scaled,1.3544136834298115e-07,4.451341695244082e-08,0.5573770491803278,0.4426229508196721
A,2024,8,Price_to_SMA20_Z60,7.630755050058724e-08,-1.9710018506202687e-08,0.5573770491803278,0.4426229508196721
A,2024,8,Intraday_Return_Z60,1.451121249829157e-07,1.9071443091434048e-08,0.5737704918032787,0.4262295081967213
A,2024,8,Daily_Range_Z60,1.1763884089077692e-07,-2.1086584922613838e-08,0.4918032786885246,0.5081967213114754
A,2024,8,QQQ_Log_Return_1D,5.282934978367848e-08,-7.49763984231322e-09,0.4918032786885246,0.5081967213114754
A,2024,8,QQQ_Log_Return_5D,3.932568759523747e-08,-5.570486738548652e-09,0.4426229508196721,0.5573770491803278
A,2024,8,QQQ_Volatility_14D,3.8009279279549446e-08,-1.7520456196962186e-08,0.36885245901639346,0.6311475409836066
A,2024,9,Log_Return_1D_Z60,1.0528582805591213e-07,2.1206103539839205e-08,0.5819672131147541,0.4180327868852459
A,2024,9,Log_Return_5D_Z60,6.160236409868958e-08,3.446245244731472e-08,0.5737704918032787,0.4262295081967213
A,2024,9,Volatility_14D_Z60,2.5986147988987796e-07,6.106865413357809e-08,0.5245901639344263,0.47540983606557374
A,2024,9,Relative_Volume_20D_Z60,1.3535496634631272e-07,-3.1255186883072383e-08,0.38524590163934425,0.6147540983606558
A,2024,9,RSI_14_Scaled,2.138227301884399e-07,4.839370504328144e-08,0.5,0.5
A,2024,9,Price_to_SMA20_Z60,9.493734864918224e-08,-1.6335844676973466e-08,0.48360655737704916,0.5163934426229508
A,2024,9,Intraday_Return_Z60,1.773899782619992e-07,1.99562233405004e-09,0.5163934426229508,0.48360655737704916
A,2024,9,Daily_Range_Z60,2.3529436532498949e-07,-4.5813827398433205e-08,0.5,0.5
A,2024,9,QQQ_Log_Return_1D,9.603267869806587e-08,-4.0884287955123e-08,0.4016393442622951,0.5983606557377049
A,2024,9,QQQ_Log_Return_5D,6.02425274109919e-08,-4.778541562444616e-09,0.47540983606557374,0.5245901639344263
A,2024,9,QQQ_Volatility_14D,5.019344939682924e-08,-2.8305171539955154e-08,0.39344262295081966,0.6065573770491803
A,2024,10,Log_Return_1D_Z60,1.7754148018411797e-07,-2.241771390742997e-08,0.5327868852459017,0.4672131147540984
A,2024,10,Log_Return_5D_Z60,8.500796155885837e-08,5.702144889596639e-08,0.6475409836065574,0.3524590163934426
A,2024,10,Volatility_14D_Z60,3.6627673694056284e-07,1.1552808132364589e-07,0.5655737704918032,0.4344262295081967
A,2024,10,Relative_Volume_20D_Z60,1.9305691978388495e-07,-1.2695331008671928e-08,0.4426229508196721,0.5573770491803278
A,2024,10,RSI_14_Scaled,3.6037002359989856e-07,9.911929765848981e-08,0.5327868852459017,0.4672131147540984
A,2024,10,Price_to_SMA20_Z60,1.5279789522537612e-07,1.548205830204097e-08,0.5163934426229508,0.48360655737704916
A,2024,10,Intraday_Return_Z60,3.2470828159603116e-07,6.760017612350566e-08,0.5,0.5
A,2024,10,Daily_Range_Z60,3.0598428679695644e-07,1.461563092775009e-09,0.5901639344262295,0.4098360655737705
A,2024,10,QQQ_Log_Return_1D,1.639751019411051e-07,1.5165628752811244e-08,0.5573770491803278,0.4426229508196721
A,2024,10,QQQ_Log_Return_5D,1.0802392580444575e-07,-1.1614715411667476e-08,0.45081967213114754,0.5491803278688525
A,2024,10,QQQ_Volatility_14D,8.753394808991288e-08,-5.628401211765777e-08,0.36885245901639346,0.6311475409836066
A,2024,11,Log_Return_1D_Z60,3.047451855309191e-07,-1.7802622709339744e-09,0.5163934426229508,0.48360655737704916
A,2024,11,Log_Return_5D_Z60,1.275863752425721e-07,7.76101103383553e-08,0.639344262295082,0.36065573770491804
A,2024,11,Volatility_14D_Z60,5.637720619233733e-07,1.6096440447199711e-07,0.5737704918032787,0.4262295081967213
A,2024,11,Relative_Volume_20D_Z60,2.6587431989355537e-07,-2.2117959019851696e-08,0.3770491803278688,0.6229508196721312
A,2024,11,RSI_14_Scaled,5.958169708719652e-07,1.5154292043462192e-07,0.5327868852459017,0.4672131147540984
A,2024,11,Price_to_SMA20_Z60,2.504810936443391e-07,5.478228715105615e-08,0.5327868852459017,0.4672131147540984
A,2024,11,Intraday_Return_Z60,4.458884177438449e-07,-5.0931102890672264e-08,0.45081967213114754,0.5491803278688525
A,2024,11,Daily_Range_Z60,4.0129552303369564e-07,3.989644881130516e-08,0.5409836065573771,0.45901639344262296
A,2024,11,QQQ_Log_Return_1D,2.463246744355274e-07,-3.4617190891594873e-08,0.45081967213114754,0.5491803278688525
A,2024,11,QQQ_Log_Return_5D,1.96214813286133e-07,2.6499527572276804e-10,0.5245901639344263,0.47540983606557374
A,2024,11,QQQ_Volatility_14D,1.2682018279974727e-07,-8.658660277660601e-08,0.36885245901639346,0.6311475409836066
A,2024,12,Log_Return_1D_Z60,4.0026333181231166e-07,3.3328728221704296e-08,0.5163934426229508,0.48360655737704916
A,2024,12,Log_Return_5D_Z60,2.2142917543988005e-07,1.395674473769759e-07,0.639344262295082,0.36065573770491804
A,2024,12,Volatility_14D_Z60,8.27950827897439e-07,2.70470792429478e-07,0.5819672131147541,0.4180327868852459
A,2024,12,Relative_Volume_20D_Z60,5.516279202311125e-07,1.7409334418516664e-08,0.45081967213114754,0.5491803278688525
A,2024,12,RSI_14_Scaled,1.1340463288433966e-06,3.3116035069724603e-07,0.5819672131147541,0.4180327868852459
A,2024,12,Price_to_SMA20_Z60,4.068919281507988e-07,9.49660616811343e-08,0.5409836065573771,0.45901639344262296
A,2024,12,Intraday_Return_Z60,8.123413408611668e-07,9.80870282774049e-08,0.5983606557377049,0.4016393442622951
A,2024,12,Daily_Range_Z60,6.515149948427279e-07,-3.035457041278278e-08,0.5327868852459017,0.4672131147540984
A,2024,12,QQQ_Log_Return_1D,3.7071180258863023e-07,-6.011836006791782e-08,0.5819672131147541,0.4180327868852459
A,2024,12,QQQ_Log_Return_5D,3.512234059144248e-07,2.4207560400668626e-08,0.5245901639344263,0.47540983606557374
A,2024,12,QQQ_Volatility_14D,1.982637058972614e-07,-1.418071349235106e-07,0.28688524590163933,0.7131147540983607
A,2024,13,Log_Return_1D_Z60,7.06698301655706e-07,1.291649738277556e-07,0.5,0.5
A,2024,13,Log_Return_5D_Z60,3.126500587313785e-07,1.7310735245246178e-07,0.5983606557377049,0.4016393442622951
A,2024,13,Volatility_14D_Z60,1.2223702015035087e-06,3.4534991755208466e-07,0.5901639344262295,0.4098360655737705
A,2024,13,Relative_Volume_20D_Z60,8.552183885512932e-07,1.474823108083001e-07,0.4262295081967213,0.5737704918032787
A,2024,13,RSI_14_Scaled,1.8212749637314118e-06,3.921591940070357e-07,0.5491803278688525,0.45081967213114754
A,2024,13,Price_to_SMA20_Z60,6.498256084341847e-07,1.1201488092638101e-07,0.5409836065573771,0.45901639344262296
A,2024,13,Intraday_Return_Z60,1.1709049658747972e-06,5.851065765227759e-08,0.5081967213114754,0.4918032786885246
A,2024,13,Daily_Range_Z60,9.734102377478848e-07,-1.9314393284730613e-07,0.5573770491803278,0.4426229508196721
A,2024,13,QQQ_Log_Return_1D,7.981053045114095e-07,-1.8729201656242367e-07,0.5163934426229508,0.48360655737704916
A,2024,13,QQQ_Log_Return_5D,5.810783250126406e-07,7.636378995812265e-08,0.5327868852459017,0.4672131147540984
A,2024,13,QQQ_Volatility_14D,2.945879771232285e-07,-2.2426955581522634e-07,0.2786885245901639,0.7213114754098361
A,2024,14,Log_Return_1D_Z60,9.249708909919718e-07,-3.016994867266476e-07,0.45901639344262296,0.5409836065573771
A,2024,14,Log_Return_5D_Z60,4.328587692725705e-07,1.2005483540633577e-07,0.5983606557377049,0.4016393442622951
A,2024,14,Volatility_14D_Z60,1.875652969829389e-06,6.419351734621159e-07,0.5655737704918032,0.4344262295081967
A,2024,14,Relative_Volume_20D_Z60,8.765239272179315e-07,-1.3771723672562075e-07,0.47540983606557374,0.5245901639344263
A,2024,14,RSI_14_Scaled,2.7475441584101645e-06,7.023244847914611e-07,0.5737704918032787,0.4262295081967213
A,2024,14,Price_to_SMA20_Z60,1.0020187346526654e-06,1.8004791968451173e-07,0.5163934426229508,0.48360655737704916
A,2024,14,Intraday_Return_Z60,1.5498631000809837e-06,-1.8592103856462927e-07,0.4672131147540984,0.5327868852459017
A,2024,14,Daily_Range_Z60,1.100520535146643e-06,3.5312353929839446e-08,0.5491803278688525,0.45081967213114754
A,2024,14,QQQ_Log_Return_1D,1.1372839026080328e-06,3.0360288860720175e-07,0.5819672131147541,0.4180327868852459
A,2024,14,QQQ_Log_Return_5D,8.810509939394251e-07,-9.108620524500566e-09,0.5163934426229508,0.48360655737704916
A,2024,14,QQQ_Volatility_14D,4.718395132385922e-07,-3.715268235282565e-07,0.30327868852459017,0.6967213114754098
A,2024,15,Log_Return_1D_Z60,1.8441843394612079e-06,-7.620284918630205e-07,0.48360655737704916,0.5163934426229508
A,2024,15,Log_Return_5D_Z60,8.103908157863771e-07,2.3468528809189593e-07,0.5901639344262295,0.4098360655737705
A,2024,15,Volatility_14D_Z60,2.7164303446625127e-06,8.245818889918155e-07,0.5573770491803278,0.4426229508196721
A,2024,15,Relative_Volume_20D_Z60,1.6909704072531895e-06,1.0664675897942288e-07,0.4262295081967213,0.5737704918032787
A,2024,15,RSI_14_Scaled,3.950111931771971e-06,6.987812071201915e-07,0.5819672131147541,0.4180327868852459
A,2024,15,Price_to_SMA20_Z60,1.7202942217409145e-06,3.9208867974593886e-07,0.5573770491803278,0.4426229508196721
A,2024,15,Intraday_Return_Z60,2.921164423241862e-06,4.162802103024887e-09,0.5163934426229508,0.48360655737704916
A,2024,15,Daily_Range_Z60,2.47148909693351e-06,-4.796537567131054e-08,0.5819672131147541,0.4180327868852459
A,2024,15,QQQ_Log_Return_1D,2.25196777137171e-06,5.326317022991134e-07,0.5081967213114754,0.4918032786885246
A,2024,15,QQQ_Log_Return_5D,1.2203939832033939e-06,-4.586872393019803e-08,0.4918032786885246,0.5081967213114754
A,2024,15,QQQ_Volatility_14D,7.592462338834594e-07,-6.536657792821643e-07,0.20491803278688525,0.7950819672131147
A,2024,16,Log_Return_1D_Z60,3.126545607301523e-06,-7.499142640199352e-08,0.4672131147540984,0.5327868852459017
A,2024,16,Log_Return_5D_Z60,2.0102054349990794e-06,5.35667368239956e-07,0.5245901639344263,0.47540983606557374
A,2024,16,Volatility_14D_Z60,3.63873141395743e-06,1.12218390313501e-06,0.5327868852459017,0.4672131147540984
A,2024,16,Relative_Volume_20D_Z60,2.6338079806009773e-06,-9.060581618314245e-08,0.45081967213114754,0.5491803278688525
A,2024,16,RSI_14_Scaled,6.4465098148502875e-06,3.9504823234892683e-07,0.5163934426229508,0.48360655737704916
A,2024,16,Price_to_SMA20_Z60,3.3648177577561e-06,8.935267032939009e-07,0.5573770491803278,0.4426229508196721
A,2024,16,Intraday_Return_Z60,3.963351900893031e-06,1.680245844681849e-07,0.47540983606557374,0.5245901639344263
A,2024,16,Daily_Range_Z60,2.675372797966702e-06,-1.0416482787434234e-08,0.5327868852459017,0.4672131147540984
A,2024,16,QQQ_Log_Return_1D,3.4027268611680483e-06,-1.1171907488005672e-07,0.5737704918032787,0.4262295081967213
A,2024,16,QQQ_Log_Return_5D,1.9652275113912765e-06,-3.38443690850454e-08,0.47540983606557374,0.5245901639344263
A,2024,16,QQQ_Volatility_14D,1.1708422107403749e-06,-1.0058582802230376e-06,0.22131147540983606,0.7786885245901639
A,2024,17,Log_Return_1D_Z60,4.222571078571491e-06,3.508361317017261e-07,0.5327868852459017,0.4672131147540984
A,2024,17,Log_Return_5D_Z60,3.600110403567669e-06,9.037517543220019e-07,0.5819672131147541,0.4180327868852459
A,2024,17,Volatility_14D_Z60,5.228148438618518e-06,2.0667580429289956e-06,0.5737704918032787,0.4262295081967213
A,2024,17,Relative_Volume_20D_Z60,3.2123323308042018e-06,-3.8712599348400545e-07,0.4016393442622951,0.5983606557377049
A,2024,17,RSI_14_Scaled,9.452840458834544e-06,-4.2525513777036394e-08,0.5,0.5
A,2024,17,Price_to_SMA20_Z60,5.2591531130019575e-06,6.439053095164127e-07,0.5163934426229508,0.48360655737704916
A,2024,17,Intraday_Return_Z60,4.3589939195953775e-06,-3.581522491913347e-07,0.5163934426229508,0.48360655737704916
A,2024,17,Daily_Range_Z60,3.7956419873808045e-06,1.1710058060998563e-06,0.5819672131147541,0.4180327868852459
A,2024,17,QQQ_Log_Return_1D,4.9439508984505665e-06,-2.2376354991138214e-07,0.5491803278688525,0.45081967213114754
A,2024,17,QQQ_Log_Return_5D,3.515978960422217e-06,9.811733292508507e-08,0.5,0.5
A,2024,17,QQQ_Volatility_14D,1.8977262925545801e-06,-1.6522453734069131e-06,0.21311475409836064,0.7868852459016393
A,2024,18,Log_Return_1D_Z60,7.588990229123738e-06,-2.197231196987559e-07,0.4672131147540984,0.5327868852459017
A,2024,18,Log_Return_5D_Z60,6.454266440414358e-06,1.002342742140172e-06,0.5081967213114754,0.4918032786885246
A,2024,18,Volatility_14D_Z60,7.14436737325741e-06,3.351047098476556e-06,0.5901639344262295,0.4098360655737705
A,2024,18,Relative_Volume_20D_Z60,3.290117092547007e-06,-6.402821668416436e-07,0.4672131147540984,0.5327868852459017
A,2024,18,RSI_14_Scaled,1.3135154404153582e-05,-9.513110512671119e-07,0.48360655737704916,0.5163934426229508
A,2024,18,Price_to_SMA20_Z60,8.350461939699017e-06,1.0615909786793054e-06,0.4918032786885246,0.5081967213114754
A,2024,18,Intraday_Return_Z60,5.967201104795095e-06,3.514014963457157e-07,0.5245901639344263,0.47540983606557374
A,2024,18,Daily_Range_Z60,5.565470473811729e-06,1.5502855603699572e-06,0.5081967213114754,0.4918032786885246
A,2024,18,QQQ_Log_Return_1D,9.025077815749682e-06,-7.150828764679318e-07,0.5655737704918032,0.4344262295081967
A,2024,18,QQQ_Log_Return_5D,5.569212135014823e-06,8.229792314295992e-08,0.5081967213114754,0.4918032786885246
A,2024,18,QQQ_Volatility_14D,3.1855054203333566e-06,-2.929056790890172e-06,0.1721311475409836,0.8278688524590164
A,2024,19,Log_Return_1D_Z60,1.2552086445793975e-05,2.293361376359826e-06,0.5655737704918032,0.4344262295081967
A,2024,19,Log_Return_5D_Z60,1.1440153684816323e-05,2.7873384169652127e-06,0.5901639344262295,0.4098360655737705
A,2024,19,Volatility_14D_Z60,9.810871233639773e-06,5.232848707237281e-06,0.6065573770491803,0.39344262295081966
A,2024,19,Relative_Volume_20D_Z60,5.233903266343987e-06,-9.749930995894829e-07,0.36065573770491804,0.639344262295082
A,2024,19,RSI_14_Scaled,1.753312608343549e-05,-3.306855433038436e-06,0.48360655737704916,0.5163934426229508
A,2024,19,Price_to_SMA20_Z60,1.2922458154207561e-05,-4.94738571887865e-07,0.48360655737704916,0.5163934426229508
A,2024,19,Intraday_Return_Z60,8.050477845245041e-06,-1.241522795680794e-06,0.4672131147540984,0.5327868852459017
A,2024,19,Daily_Range_Z60,9.477213097852655e-06,-8.87550513084534e-08,0.4016393442622951,0.5983606557377049
A,2024,19,QQQ_Log_Return_1D,1.4341170754050836e-05,-4.935627202939941e-06,0.4180327868852459,0.5819672131147541
A,2024,19,QQQ_Log_Return_5D,7.603654012200423e-06,1.3446413049678085e-06,0.5819672131147541,0.4180327868852459
A,2024,19,QQQ_Volatility_14D,5.034044534113491e-06,-4.721681307273684e-06,0.1557377049180328,0.8442622950819673
A,2024,20,Log_Return_1D_Z60,3.441722219577059e-05,1.7958178659682744e-06,0.5163934426229508,0.48360655737704916
A,2024,20,Log_Return_5D_Z60,2.059225516859442e-05,5.117690761835547e-06,0.5901639344262295,0.4098360655737705
A,2024,20,Volatility_14D_Z60,1.3783161193714477e-05,6.899977506691357e-06,0.6065573770491803,0.39344262295081966
A,2024,20,Relative_Volume_20D_Z60,9.706102900963742e-06,2.1200746687100036e-06,0.45901639344262296,0.5409836065573771
A,2024,20,RSI_14_Scaled,2.3412256268784404e-05,-9.091902029467747e-06,0.4426229508196721,0.5573770491803278
A,2024,20,Price_to_SMA20_Z60,2.2104597519501112e-05,-2.7997664346912643e-06,0.45081967213114754,0.5491803278688525
A,2024,20,Intraday_Return_Z60,1.5376419469248503e-05,-1.2148318546678638e-06,0.5081967213114754,0.4918032786885246
A,2024,20,Daily_Range_Z60,2.138994022971019e-05,4.32589195042965e-06,0.45081967213114754,0.5491803278688525
A,2024,20,QQQ_Log_Return_1D,2.952326394733973e-05,-2.376856173214037e-06,0.4672131147540984,0.5327868852459017
A,2024,20,QQQ_Log_Return_5D,9.664314347901382e-06,2.163191766157979e-06,0.5819672131147541,0.4180327868852459
A,2024,20,QQQ_Volatility_14D,8.512366548529826e-06,-8.157803677022457e-06,0.11475409836065574,0.8852459016393442
A,2024,21,Log_Return_1D_Z60,4.141527824685909e-05,-3.845108039968181e-06,0.5327868852459017,0.4672131147540984
A,2024,21,Log_Return_5D_Z60,3.3294447348453104e-05,9.206451068166643e-06,0.5901639344262295,0.4098360655737705
A,2024,21,Volatility_14D_Z60,2.4280871002702042e-05,1.224672632815782e-05,0.5983606557377049,0.4016393442622951
A,2024,21,Relative_Volume_20D_Z60,1.4769838344363961e-05,9.741263511386933e-07,0.4344262295081967,0.5655737704918032
A,2024,21,RSI_14_Scaled,2.9832855943823233e-05,-1.4451520655711647e-05,0.4098360655737705,0.5901639344262295
A,2024,21,Price_to_SMA20_Z60,3.4664244594750926e-05,-5.508211415872211e-06,0.4262295081967213,0.5737704918032787
A,2024,21,Intraday_Return_Z60,1.4577617548638955e-05,-3.994350663560908e-06,0.4098360655737705,0.5901639344262295
A,2024,21,Daily_Range_Z60,3.7181245716055855e-05,-1.690319663794071e-06,0.32786885245901637,0.6721311475409836
A,2024,21,QQQ_Log_Return_1D,4.63982141809538e-05,3.717210574905039e-06,0.5409836065573771,0.45901639344262296
A,2024,21,QQQ_Log_Return_5D,1.3697733265871648e-05,2.4510311504855053e-06,0.5819672131147541,0.4180327868852459
A,2024,21,QQQ_Volatility_14D,1.4029129488335457e-05,-1.3628807209897786e-05,0.09016393442622951,0.9098360655737705
A,2024,22,Log_Return_1D_Z60,9.216855687554926e-05,-1.2205966413603164e-05,0.48360655737704916,0.5163934426229508
A,2024,22,Log_Return_5D_Z60,6.14127711742185e-05,5.438368589238962e-06,0.5409836065573771,0.45901639344262296
A,2024,22,Volatility_14D_Z60,4.21108488808386e-05,1.8436659956933e-05,0.5901639344262295,0.4098360655737705
A,2024,22,Relative_Volume_20D_Z60,1.8402824935037643e-05,-2.0768534625403845e-07,0.5163934426229508,0.48360655737704916
A,2024,22,RSI_14_Scaled,3.949232996092178e-05,-2.5828654543147422e-05,0.36885245901639346,0.6311475409836066
A,2024,22,Price_to_SMA20_Z60,5.69699659536127e-05,-6.223815034900326e-06,0.4918032786885246,0.5081967213114754
A,2024,22,Intraday_Return_Z60,2.7829026294057257e-05,2.8339245545794256e-06,0.5163934426229508,0.48360655737704916
A,2024,22,Daily_Range_Z60,8.483738929498941e-05,1.9274153601145372e-05,0.4262295081967213,0.5737704918032787
A,2024,22,QQQ_Log_Return_1D,7.652026397408918e-05,2.0256586140021682e-05,0.6229508196721312,0.3770491803278688
A,2024,22,QQQ_Log_Return_5D,1.877921931736637e-05,1.2363549330984824e-06,0.5163934426229508,0.48360655737704916
A,2024,22,QQQ_Volatility_14D,2.283752655785065e-05,-2.2080073904362507e-05,0.07377049180327869,0.9262295081967213
A,2024,23,Log_Return_1D_Z60,0.00013108843995723873,-9.172174031846225e-06,0.5081967213114754,0.4918032786885246
A,2024,23,Log_Return_5D_Z60,0.0001116278363042511,1.0802756150951609e-05,0.5327868852459017,0.4672131147540984
A,2024,23,Volatility_14D_Z60,7.439104228978977e-05,2.9728587833233178e-05,0.4918032786885246,0.5081967213114754
A,2024,23,Relative_Volume_20D_Z60,3.0410088584176265e-05,2.5848792120086728e-06,0.5163934426229508,0.48360655737704916
A,2024,23,RSI_14_Scaled,6.265789124881849e-05,-4.5370219595497474e-05,0.32786885245901637,0.6721311475409836
A,2024,23,Price_to_SMA20_Z60,8.283960778499022e-05,-8.857096872816328e-06,0.45901639344262296,0.5409836065573771
A,2024,23,Intraday_Return_Z60,3.6030105547979474e-05,9.379730727232527e-06,0.5327868852459017,0.4672131147540984
A,2024,23,Daily_Range_Z60,0.00013098024646751583,1.9940417317343417e-08,0.39344262295081966,0.6065573770491803
A,2024,23,QQQ_Log_Return_1D,0.00011475117935333401,1.6698380932211876e-05,0.5983606557377049,0.4016393442622951
A,2024,23,QQQ_Log_Return_5D,2.421432509436272e-05,-1.6248261545115383e-06,0.5,0.5
A,2024,23,QQQ_Volatility_14D,3.8454738387372345e-05,-3.7637622881447896e-05,0.06557377049180328,0.9344262295081968
A,2024,24,Log_Return_1D_Z60,0.00024031473731156439,1.7887476133182645e-05,0.4672131147540984,0.5327868852459017
A,2024,24,Log_Return_5D_Z60,0.00019526242977008224,5.955571396043524e-06,0.5245901639344263,0.47540983606557374
A,2024,24,Volatility_14D_Z60,0.00012411143688950688,3.7003093893872574e-05,0.4344262295081967,0.5655737704918032
A,2024,24,Relative_Volume_20D_Z60,5.342921213014051e-05,-3.0730748221685644e-06,0.6475409836065574,0.3524590163934426
A,2024,24,RSI_14_Scaled,0.00011922164412681013,-6.437478441512212e-05,0.4180327868852459,0.5819672131147541
A,2024,24,Price_to_SMA20_Z60,0.00011474248458398506,-1.6010370018193498e-05,0.4344262295081967,0.5655737704918032
A,2024,24,Intraday_Return_Z60,5.22402988281101e-05,1.3580907761934213e-05,0.5245901639344263,0.47540983606557374
A,2024,24,Daily_Range_Z60,0.000263314665062353,9.516391401120927e-06,0.3524590163934426,0.6475409836065574
A,2024,24,QQQ_Log_Return_1D,0.00020323546777945012,-1.0296545951860026e-05,0.5737704918032787,0.4262295081967213
A,2024,24,QQQ_Log_Return_5D,2.7614722057478502e-05,-4.509896825766191e-06,0.45081967213114754,0.5491803278688525
A,2024,24,QQQ_Volatility_14D,6.055865014786832e-05,-5.974540181341581e-05,0.04918032786885246,0.9508196721311475
A,2024,25,Log_Return_1D_Z60,0.0003273619804531336,1.8876551621360704e-05,0.4918032786885246,0.5081967213114754
A,2024,25,Log_Return_5D_Z60,0.0003138912725262344,-1.4070176803215872e-05,0.5245901639344263,0.47540983606557374
A,2024,25,Volatility_14D_Z60,0.00020730230608023703,4.630754119716585e-05,0.4098360655737705,0.5901639344262295
A,2024,25,Relative_Volume_20D_Z60,8.691255789017305e-05,3.233798634028062e-05,0.5819672131147541,0.4180327868852459
A,2024,25,RSI_14_Scaled,0.00023615262762177736,-9.256533667212352e-05,0.5163934426229508,0.48360655737704916
A,2024,25,Price_to_SMA20_Z60,0.0001604093995410949,-1.9342069208505563e-05,0.47540983606557374,0.5245901639344263
A,2024,25,Intraday_Return_Z60,5.7181387091986835e-05,7.569169611088e-06,0.5245901639344263,0.47540983606557374
A,2024,25,Daily_Range_Z60,0.0004570730379782617,9.571572263666894e-06,0.4426229508196721,0.5573770491803278
A,2024,25,QQQ_Log_Return_1D,0.00028007238870486617,-3.583628495107405e-05,0.5081967213114754,0.4918032786885246
A,2024,25,QQQ_Log_Return_5D,3.7745940062450245e-05,-8.92182697498356e-07,0.48360655737704916,0.5163934426229508
A,2024,25,QQQ_Volatility_14D,9.880645666271448e-05,-9.716567728901282e-05,0.06557377049180328,0.9344262295081968
A,2024,26,Log_Return_1D_Z60,0.0005957967950962484,-4.185506622889079e-05,0.5327868852459017,0.4672131147540984
A,2024,26,Log_Return_5D_Z60,0.0005635594134218991,-7.187139999587089e-05,0.5409836065573771,0.45901639344262296
A,2024,26,Volatility_14D_Z60,0.00034449942177161574,3.8344660424627364e-05,0.4262295081967213,0.5737704918032787
A,2024,26,Relative_Volume_20D_Z60,0.0002504281292203814,3.776836092583835e-05,0.6557377049180327,0.3442622950819672
A,2024,26,RSI_14_Scaled,0.00046320544788613915,-0.00012677065387833863,0.48360655737704916,0.5163934426229508
A,2024,26,Price_to_SMA20_Z60,0.00022294381051324308,-1.3933567061030772e-05,0.5491803278688525,0.45081967213114754
A,2024,26,Intraday_Return_Z60,0.0001326767378486693,2.7107425921713002e-05,0.6229508196721312,0.3770491803278688
A,2024,26,Daily_Range_Z60,0.0009970740647986531,0.00017871659656520933,0.4344262295081967,0.5655737704918032
A,2024,26,QQQ_Log_Return_1D,0.00047316544805653393,-0.00010229353938484564,0.48360655737704916,0.5163934426229508
A,2024,26,QQQ_Log_Return_5D,0.00010156193457078189,-1.492097453592578e-05,0.4918032786885246,0.5081967213114754
A,2024,26,QQQ_Volatility_14D,0.00016314670210704207,-0.00015690102009102702,0.09016393442622951,0.9098360655737705
A,2024,27,Log_Return_1D_Z60,0.0008204320911318064,3.767858652281575e-05,0.47540983606557374,0.5245901639344263
A,2024,27,Log_Return_5D_Z60,0.0008071172051131725,-8.621439337730408e-05,0.5081967213114754,0.4918032786885246
A,2024,27,Volatility_14D_Z60,0.0005810883012600243,1.3700211638933979e-05,0.38524590163934425,0.6147540983606558
A,2024,27,Relative_Volume_20D_Z60,0.0005888538435101509,0.00012206775863887742,0.6065573770491803,0.39344262295081966
A,2024,27,RSI_14_Scaled,0.0007421557093039155,-0.00013423767813947052,0.5327868852459017,0.4672131147540984
A,2024,27,Price_to_SMA20_Z60,0.00022450716642197222,-2.7131685783388093e-05,0.5327868852459017,0.4672131147540984
A,2024,27,Intraday_Return_Z60,0.00018844151054508984,6.316936924122274e-05,0.5737704918032787,0.4262295081967213
A,2024,27,Daily_Range_Z60,0.0017487469594925642,-9.285182022722438e-05,0.38524590163934425,0.6147540983606558
A,2024,27,QQQ_Log_Return_1D,0.0004811249964404851,7.40623363526538e-05,0.6229508196721312,0.3770491803278688
A,2024,27,QQQ_Log_Return_5D,0.0001849354594014585,-3.0142979085212573e-05,0.5163934426229508,0.48360655737704916
A,2024,27,QQQ_Volatility_14D,0.0002950784983113408,-0.0002801481168717146,0.08196721311475409,0.9180327868852459
A,2024,28,Log_Return_1D_Z60,0.0011048411251977086,0.00020112549827899784,0.5737704918032787,0.4262295081967213
A,2024,28,Log_Return_5D_Z60,0.0011330065317451954,-0.0001586348662385717,0.5163934426229508,0.48360655737704916
A,2024,28,Volatility_14D_Z60,0.000968381529673934,-2.2834941773908213e-05,0.4016393442622951,0.5983606557377049
A,2024,28,Relative_Volume_20D_Z60,0.0015036853728815913,0.0001278069248655811,0.6311475409836066,0.36885245901639346
A,2024,28,RSI_14_Scaled,0.0010686111636459827,5.178615538170561e-06,0.5573770491803278,0.4426229508196721
A,2024,28,Price_to_SMA20_Z60,0.00029207259649410844,-6.579149339813739e-05,0.45901639344262296,0.5409836065573771
A,2024,28,Intraday_Return_Z60,0.0003236427728552371,0.00015953724505379796,0.5573770491803278,0.4426229508196721
A,2024,28,Daily_Range_Z60,0.003302764380350709,0.00016738234262447804,0.38524590163934425,0.6147540983606558
A,2024,28,QQQ_Log_Return_1D,0.0008384771062992513,-1.5839097613934427e-05,0.45901639344262296,0.5409836065573771
A,2024,28,QQQ_Log_Return_5D,0.0003785218868870288,-8.8779917859938e-05,0.5,0.5
A,2024,28,QQQ_Volatility_14D,0.000572197895962745,-0.0005405731499195099,0.06557377049180328,0.9344262295081968
A,2024,29,Log_Return_1D_Z60,0.0015209922567009926,2.878286613849923e-05,0.47540983606557374,0.5245901639344263
A,2024,29,Log_Return_5D_Z60,0.001658005639910698,-0.0005259927711449564,0.47540983606557374,0.5245901639344263
A,2024,29,Volatility_14D_Z60,0.001881772535853088,-0.00032571403426118195,0.36885245901639346,0.6311475409836066
A,2024,29,Relative_Volume_20D_Z60,0.003101164475083351,0.00010559190559433773,0.5409836065573771,0.45901639344262296
A,2024,29,RSI_14_Scaled,0.0013202109839767218,5.6219905673060566e-05,0.5,0.5
A,2024,29,Price_to_SMA20_Z60,0.0005659501766785979,-9.781314292922616e-05,0.45901639344262296,0.5409836065573771
A,2024,29,Intraday_Return_Z60,0.00043472484685480595,0.00011619872384471819,0.6065573770491803,0.39344262295081966
A,2024,29,Daily_Range_Z60,0.005661035887897015,1.9634771888377145e-05,0.4262295081967213,0.5737704918032787
A,2024,29,QQQ_Log_Return_1D,0.0012516017304733396,0.0002540466084610671,0.6147540983606558,0.38524590163934425
A,2024,29,QQQ_Log_Return_5D,0.0006393071380443871,-9.954640700016171e-05,0.48360655737704916,0.5163934426229508
A,2024,29,QQQ_Volatility_14D,0.0013459647307172418,-0.00124634662643075,0.09836065573770492,0.9016393442622951
A,2024,30,Log_Return_1D_Z60,0.0015978692099452019,0.00026192577206529677,0.6557377049180327,0.3442622950819672
A,2024,30,Log_Return_5D_Z60,0.0022865927312523127,-0.00041872047586366534,0.5081967213114754,0.4918032786885246
A,2024,30,Volatility_14D_Z60,0.004346194677054882,-0.0009320212993770838,0.38524590163934425,0.6147540983606558
A,2024,30,Relative_Volume_20D_Z60,0.01666141115128994,-0.009665037505328655,0.4180327868852459,0.5819672131147541
A,2024,30,RSI_14_Scaled,0.001617587055079639,-9.871381189441308e-05,0.4918032786885246,0.5081967213114754
A,2024,30,Price_to_SMA20_Z60,0.0013688064645975828,0.00038789957761764526,0.5163934426229508,0.48360655737704916
A,2024,30,Intraday_Return_Z60,0.0017078121891245246,-0.000611635041423142,0.3442622950819672,0.6557377049180327
A,2024,30,Daily_Range_Z60,0.013560852967202663,0.0030588810332119465,0.45901639344262296,0.5409836065573771
A,2024,30,QQQ_Log_Return_1D,0.0017610731301829219,0.00018141098553314805,0.5245901639344263,0.47540983606557374
A,2024,30,QQQ_Log_Return_5D,0.001184104010462761,-0.00023864529794082046,0.5,0.5
A,2024,30,QQQ_Volatility_14D,0.004041638225317001,-0.003652543295174837,0.10655737704918032,0.8934426229508197
B,2024,1,Log_Return_1D_Z60,1.1375043129646656e-07,-4.527473507209834e-09,0.47540983606557374,0.5245901639344263
B,2024,1,Log_Return_5D_Z60,1.8799002532432496e-07,1.985286068872938e-08,0.5655737704918032,0.4344262295081967
B,2024,1,Volatility_14D_Z60,1.1495810525730121e-07,1.2688326833654173e-08,0.4098360655737705,0.5901639344262295
B,2024,1,Relative_Volume_20D_Z60,1.3475569460297265e-07,-1.0523256932515324e-08,0.5901639344262295,0.4098360655737705
B,2024,1,RSI_14_Scaled,3.482687986888777e-07,2.3066217380574017e-08,0.6147540983606558,0.38524590163934425
B,2024,1,Price_to_SMA20_Z60,1.8085698627601232e-07,-9.380836551997618e-09,0.45081967213114754,0.5491803278688525
B,2024,1,Intraday_Return_Z60,1.2199249965760828e-07,-6.066319890862815e-09,0.5081967213114754,0.4918032786885246
B,2024,1,Daily_Range_Z60,5.68852442484058e-07,7.159562187553092e-08,0.39344262295081966,0.6065573770491803
B,2024,1,QQQ_Log_Return_1D,2.1587138121503813e-07,1.58280819562151e-08,0.5409836065573771,0.45901639344262296
B,2024,1,QQQ_Log_Return_5D,1.4309128459899512e-07,3.834533757185454e-08,0.6065573770491803,0.39344262295081966
B,2024,1,QQQ_Volatility_14D,1.643580844756798e-07,-1.5979267686816456e-07,0.03278688524590164,0.9672131147540983
B,2024,2,Log_Return_1D_Z60,1.6907209499095188e-07,3.952305149823587e-08,0.5081967213114754,0.4918032786885246
B,2024,2,Log_Return_5D_Z60,2.738784132816363e-07,7.75078490278247e-09,0.5327868852459017,0.4672131147540984
B,2024,2,Volatility_14D_Z60,1.7641457361605717e-07,2.0940301936889227e-08,0.4180327868852459,0.5819672131147541
B,2024,2,Relative_Volume_20D_Z60,1.6642660227716988e-07,1.6763068710901052e-09,0.6147540983606558,0.38524590163934425
B,2024,2,RSI_14_Scaled,4.768013468492427e-07,3.074893584198435e-08,0.5983606557377049,0.4016393442622951
B,2024,2,Price_to_SMA20_Z60,2.30173355930674e-07,-7.287286329926701e-09,0.45081967213114754,0.5491803278688525
B,2024,2,Intraday_Return_Z60,1.622495489073117e-07,1.7527709061937458e-08,0.5327868852459017,0.4672131147540984
B,2024,2,Daily_Range_Z60,6.392672275978839e-07,-1.3181299607367691e-07,0.3770491803278688,0.6229508196721312
B,2024,2,QQQ_Log_Return_1D,3.0787734317527793e-07,5.0891738823111154e-08,0.5573770491803278,0.4426229508196721
B,2024,2,QQQ_Log_Return_5D,1.844769883518893e-07,5.2043354514808016e-08,0.5819672131147541,0.4180327868852459
B,2024,2,QQQ_Volatility_14D,2.232772260413185e-07,-2.1777876213491254e-07,0.040983606557377046,0.9590163934426229
B,2024,3,Log_Return_1D_Z60,1.762443844199879e-07,2.8149042208269748e-08,0.5409836065573771,0.45901639344262296
B,2024,3,Log_Return_5D_Z60,3.921996665212646e-07,-2.3505826618475112e-08,0.4918032786885246,0.5081967213114754
B,2024,3,Volatility_14D_Z60,2.6473449565855844e-07,1.790347248231683e-08,0.4016393442622951,0.5983606557377049
B,2024,3,Relative_Volume_20D_Z60,2.0551064494611637e-07,2.1625444546202743e-08,0.6311475409836066,0.36885245901639346
B,2024,3,RSI_14_Scaled,6.435482760025479e-07,3.66848311728063e-08,0.5983606557377049,0.4016393442622951
B,2024,3,Price_to_SMA20_Z60,3.175521499088063e-07,-1.3843798996049372e-08,0.45081967213114754,0.5491803278688525
B,2024,3,Intraday_Return_Z60,2.599195738639537e-07,2.718128300216449e-08,0.5245901639344263,0.47540983606557374
B,2024,3,Daily_Range_Z60,1.0254021844957606e-06,6.935592722356887e-08,0.39344262295081966,0.6065573770491803
B,2024,3,QQQ_Log_Return_1D,4.5406289927996113e-07,5.701534178115253e-08,0.5573770491803278,0.4426229508196721
B,2024,3,QQQ_Log_Return_5D,2.5653179136497783e-07,6.408738784102752e-08,0.5737704918032787,0.4262295081967213
B,2024,3,QQQ_Volatility_14D,3.056691468827921e-07,-2.9707965154557314e-07,0.040983606557377046,0.9590163934426229
B,2024,4,Log_Return_1D_Z60,3.2523249160476553e-07,5.86202730801233e-08,0.47540983606557374,0.5245901639344263
B,2024,4,Log_Return_5D_Z60,5.368224265112076e-07,-6.829819909626167e-08,0.4426229508196721,0.5573770491803278
B,2024,4,Volatility_14D_Z60,3.86449897860075e-07,5.45021272557733e-08,0.4016393442622951,0.5983606557377049
B,2024,4,Relative_Volume_20D_Z60,3.049141810151923e-07,6.526121865135792e-08,0.6967213114754098,0.30327868852459017
B,2024,4,RSI_14_Scaled,9.314005069427367e-07,-1.0000382744124181e-08,0.5409836065573771,0.45901639344262296
B,2024,4,Price_to_SMA20_Z60,4.5450676111613575e-07,1.4225266298240058e-08,0.4426229508196721,0.5573770491803278
B,2024,4,Intraday_Return_Z60,4.2915885956062994e-07,9.704908165986126e-08,0.5327868852459017,0.4672131147540984
B,2024,4,Daily_Range_Z60,1.46888180552196e-06,-3.054012154279917e-08,0.3770491803278688,0.6229508196721312
B,2024,4,QQQ_Log_Return_1D,5.434606009657728e-07,-1.1276983791219664e-09,0.5409836065573771,0.45901639344262296
B,2024,4,QQQ_Log_Return_5D,4.005092080205941e-07,8.532946083050774e-08,0.5163934426229508,0.48360655737704916
B,2024,4,QQQ_Volatility_14D,4.3387953496676346e-07,-4.212815269966086e-07,0.03278688524590164,0.9672131147540983
B,2024,5,Log_Return_1D_Z60,3.510448323140736e-07,-4.897696470607116e-08,0.4098360655737705,0.5901639344262295
B,2024,5,Log_Return_5D_Z60,7.294999591067608e-07,-7.812396773942965e-08,0.5491803278688525,0.45081967213114754
B,2024,5,Volatility_14D_Z60,5.479415676745703e-07,4.80538169256306e-08,0.4344262295081967,0.5655737704918032
B,2024,5,Relative_Volume_20D_Z60,3.8556646586584975e-07,1.941508713798612e-07,0.6967213114754098,0.30327868852459017
B,2024,5,RSI_14_Scaled,1.3353633221413475e-06,1.1500691954324793e-07,0.5737704918032787,0.4262295081967213
B,2024,5,Price_to_SMA20_Z60,6.481375862676941e-07,-2.3123510217715193e-08,0.4426229508196721,0.5573770491803278
B,2024,5,Intraday_Return_Z60,6.765905595784716e-07,-1.4989085173056083e-07,0.4426229508196721,0.5573770491803278
B,2024,5,Daily_Range_Z60,2.1034404653619276e-06,-2.2539653343756072e-07,0.3360655737704918,0.6639344262295082
B,2024,5,QQQ_Log_Return_1D,8.13430006019189e-07,1.1048076942188345e-07,0.5737704918032787,0.4262295081967213
B,2024,5,QQQ_Log_Return_5D,6.035988349140098e-07,1.0136132999605252e-07,0.5737704918032787,0.4262295081967213
B,2024,5,QQQ_Volatility_14D,6.03455418968224e-07,-5.849711328664853e-07,0.040983606557377046,0.9590163934426229
B,2024,6,Log_Return_1D_Z60,6.184465064507094e-07,9.803642342376406e-08,0.4918032786885246,0.5081967213114754
B,2024,6,Log_Return_5D_Z60,1.070616008291836e-06,-1.2712413877125073e-07,0.48360655737704916,0.5163934426229508
B,2024,6,Volatility_14D_Z60,8.749211133363133e-07,9.123158406509901e-08,0.4344262295081967,0.5655737704918032
B,2024,6,Relative_Volume_20D_Z60,5.641404072775913e-07,2.20619682522738e-07,0.6721311475409836,0.32786885245901637
B,2024,6,RSI_14_Scaled,2.0835122995777056e-06,1.1100704000455153e-07,0.5573770491803278,0.4426229508196721
B,2024,6,Price_to_SMA20_Z60,9.107682217290858e-07,-3.1553202717304885e-08,0.45901639344262296,0.5409836065573771
B,2024,6,Intraday_Return_Z60,9.32439320422418e-07,3.654642455330759e-08,0.5573770491803278,0.4426229508196721
B,2024,6,Daily_Range_Z60,2.7570561087486567e-06,-2.7204652042200905e-07,0.39344262295081966,0.6065573770491803
B,2024,6,QQQ_Log_Return_1D,1.0774964493975858e-06,4.4615308070206083e-07,0.7049180327868853,0.29508196721311475
B,2024,6,QQQ_Log_Return_5D,8.228249726016656e-07,2.40026167830365e-07,0.5491803278688525,0.45081967213114754
B,2024,6,QQQ_Volatility_14D,8.816643912723521e-07,-8.51556933412212e-07,0.040983606557377046,0.9590163934426229
B,2024,7,Log_Return_1D_Z60,6.598108939215308e-07,8.081085667299703e-08,0.5327868852459017,0.4672131147540984
B,2024,7,Log_Return_5D_Z60,1.4724491848028265e-06,-1.1880026562494095e-07,0.5491803278688525,0.45081967213114754
B,2024,7,Volatility_14D_Z60,1.2229096455484978e-06,6.79202898368203e-08,0.4344262295081967,0.5655737704918032
B,2024,7,Relative_Volume_20D_Z60,6.300758172983478e-07,3.4112835578525846e-07,0.7131147540983607,0.28688524590163933
B,2024,7,RSI_14_Scaled,2.9587688459287165e-06,1.9784391724897432e-07,0.5573770491803278,0.4426229508196721
B,2024,7,Price_to_SMA20_Z60,1.222147943735763e-06,2.245962527069878e-09,0.4344262295081967,0.5655737704918032
B,2024,7,Intraday_Return_Z60,1.2613334092748119e-06,7.533407853088647e-08,0.5409836065573771,0.45901639344262296
B,2024,7,Daily_Range_Z60,3.328719685669057e-06,-8.35793798614759e-07,0.3114754098360656,0.6885245901639344
B,2024,7,QQQ_Log_Return_1D,1.4770258758289856e-06,1.993669656030761e-07,0.6065573770491803,0.39344262295081966
B,2024,7,QQQ_Log_Return_5D,1.0832601446963963e-06,3.3682283628877485e-07,0.5737704918032787,0.4262295081967213
B,2024,7,QQQ_Volatility_14D,1.2520062000476173e-06,-1.214352778333705e-06,0.040983606557377046,0.9590163934426229
B,2024,8,Log_Return_1D_Z60,1.3226691635281895e-06,1.274930667705121e-07,0.47540983606557374,0.5245901639344263
B,2024,8,Log_Return_5D_Z60,2.0699435481219552e-06,-7.480590369368656e-08,0.5327868852459017,0.4672131147540984
B,2024,8,Volatility_14D_Z60,1.7378558823111234e-06,1.9547825047538936e-07,0.4426229508196721,0.5573770491803278
B,2024,8,Relative_Volume_20D_Z60,9.081740017791162e-07,4.1375483306183014e-07,0.6967213114754098,0.30327868852459017
B,2024,8,RSI_14_Scaled,4.023069777758792e-06,8.413195473622181e-08,0.5655737704918032,0.4344262295081967
B,2024,8,Price_to_SMA20_Z60,1.7052379917004146e-06,-5.127442292973683e-08,0.4262295081967213,0.5737704918032787
B,2024,8,Intraday_Return_Z60,2.0311340449552517e-06,-6.325024770603704e-08,0.4672131147540984,0.5327868852459017
B,2024,8,Daily_Range_Z60,4.9869199756358285e-06,-4.875444687968411e-07,0.36065573770491804,0.639344262295082
B,2024,8,QQQ_Log_Return_1D,2.0805734948226018e-06,-3.043459173568408e-08,0.5409836065573771,0.45901639344262296
B,2024,8,QQQ_Log_Return_5D,1.4304417845778516e-06,3.2793943205433607e-07,0.5573770491803278,0.4426229508196721
B,2024,8,QQQ_Volatility_14D,1.7662936215856462e-06,-1.7181812381750206e-06,0.040983606557377046,0.9590163934426229
B,2024,9,Log_Return_1D_Z60,1.5222393585645477e-06,5.521897605831327e-07,0.5409836065573771,0.45901639344262296
B,2024,9,Log_Return_5D_Z60,2.9081290904287016e-06,-3.5283187571621966e-07,0.5,0.5
B,2024,9,Volatility_14D_Z60,2.5145916424662573e-06,2.1651584347637254e-07,0.4180327868852459,0.5819672131147541
B,2024,9,Relative_Volume_20D_Z60,1.271277824343997e-06,5.06067465266824e-07,0.6475409836065574,0.3524590163934426
B,2024,9,RSI_14_Scaled,5.591657100012526e-06,-2.847785367521283e-07,0.5163934426229508,0.48360655737704916
B,2024,9,Price_to_SMA20_Z60,2.424874082862516e-06,7.439894744720732e-08,0.5081967213114754,0.4918032786885246
B,2024,9,Intraday_Return_Z60,2.849842758223531e-06,5.817872192892537e-07,0.5245901639344263,0.47540983606557374
B,2024,9,Daily_Range_Z60,8.072353921306785e-06,1.0897779247898143e-06,0.45901639344262296,0.5409836065573771
B,2024,9,QQQ_Log_Return_1D,3.395505245862296e-06,-6.113204875646261e-08,0.5,0.5
B,2024,9,QQQ_Log_Return_5D,1.947522378031863e-06,4.79706841360894e-07,0.5409836065573771,0.45901639344262296
B,2024,9,QQQ_Volatility_14D,2.465728130118805e-06,-2.4051150830928236e-06,0.040983606557377046,0.9590163934426229
B,2024,10,Log_Return_1D_Z60,2.115990355378017e-06,-1.7270757268761372e-08,0.48360655737704916,0.5163934426229508
B,2024,10,Log_Return_5D_Z60,3.890975676767994e-06,-5.51427206119115e-07,0.5,0.5
B,2024,10,Volatility_14D_Z60,3.5226503314333968e-06,2.0563429359299334e-07,0.4098360655737705,0.5901639344262295
B,2024,10,Relative_Volume_20D_Z60,1.7709127178022754e-06,1.0388108648839989e-06,0.7295081967213115,0.27049180327868855
B,2024,10,RSI_14_Scaled,8.145784704538528e-06,-2.561477572271542e-07,0.5327868852459017,0.4672131147540984
B,2024,10,Price_to_SMA20_Z60,3.4833547033485956e-06,7.190297246495447e-09,0.47540983606557374,0.5245901639344263
B,2024,10,Intraday_Return_Z60,3.946309334423859e-06,-3.3923930686796666e-07,0.4918032786885246,0.5081967213114754
B,2024,10,Daily_Range_Z60,1.0468831533216871e-05,-2.662204963144177e-07,0.39344262295081966,0.6065573770491803
B,2024,10,QQQ_Log_Return_1D,4.5556912482425105e-06,6.588120982087275e-07,0.5901639344262295,0.4098360655737705
B,2024,10,QQQ_Log_Return_5D,3.0262706331996014e-06,7.140828870433324e-07,0.5655737704918032,0.4344262295081967
B,2024,10,QQQ_Volatility_14D,3.4743393371172715e-06,-3.402705033295206e-06,0.040983606557377046,0.9590163934426229
B,2024,11,Log_Return_1D_Z60,3.0421194878726965e-06,-1.0407504902332221e-07,0.5,0.5
B,2024,11,Log_Return_5D_Z60,5.550004971155431e-06,-5.145780619386642e-07,0.5491803278688525,0.45081967213114754
B,2024,11,Volatility_14D_Z60,4.9515406317368615e-06,-9.380816123893965e-08,0.4016393442622951,0.5983606557377049
B,2024,11,Relative_Volume_20D_Z60,2.3495842924603494e-06,1.4588304111384787e-06,0.7131147540983607,0.28688524590163933
B,2024,11,RSI_14_Scaled,1.1372359040251467e-05,2.782516048682737e-07,0.5409836065573771,0.45901639344262296
B,2024,11,Price_to_SMA20_Z60,4.989544777345145e-06,-2.7604795604929677e-07,0.45901639344262296,0.5409836065573771
B,2024,11,Intraday_Return_Z60,5.6555636547273025e-06,2.043586277977738e-07,0.5327868852459017,0.4672131147540984
B,2024,11,Daily_Range_Z60,1.32657196445507e-05,-1.5832118833714048e-06,0.3770491803278688,0.6229508196721312
B,2024,11,QQQ_Log_Return_1D,5.867460458830465e-06,6.25259701791947e-07,0.5655737704918032,0.4344262295081967
B,2024,11,QQQ_Log_Return_5D,4.301332410250325e-06,3.072742629228742e-07,0.4918032786885246,0.5081967213114754
B,2024,11,QQQ_Volatility_14D,4.977308435627492e-06,-4.853364316659281e-06,0.040983606557377046,0.9590163934426229
B,2024,12,Log_Return_1D_Z60,4.486581929086242e-06,-3.207530880899867e-07,0.38524590163934425,0.6147540983606558
B,2024,12,Log_Return_5D_Z60,9.492213393968996e-06,-5.060870194029121e-07,0.5737704918032787,0.4262295081967213
B,2024,12,Volatility_14D_Z60,6.8321896833367646e-06,-5.84673955472681e-07,0.4098360655737705,0.5901639344262295
B,2024,12,Relative_Volume_20D_Z60,3.817752713075606e-06,1.4847000784357078e-06,0.6311475409836066,0.36885245901639346
B,2024,12,RSI_14_Scaled,1.7317386664217338e-05,1.926169261423638e-06,0.5901639344262295,0.4098360655737705
B,2024,12,Price_to_SMA20_Z60,7.742162779322825e-06,-8.572937417739013e-07,0.45901639344262296,0.5409836065573771
B,2024,12,Intraday_Return_Z60,8.623053872724995e-06,-2.224940317319124e-06,0.38524590163934425,0.6147540983606558
B,2024,12,Daily_Range_Z60,2.1860112610738724e-05,-8.005167728697415e-07,0.3360655737704918,0.6639344262295082
B,2024,12,QQQ_Log_Return_1D,7.919607014628127e-06,9.773252713785041e-07,0.5901639344262295,0.4098360655737705
B,2024,12,QQQ_Log_Return_5D,7.041721801215317e-06,6.319297085610742e-07,0.4918032786885246,0.5081967213114754
B,2024,12,QQQ_Volatility_14D,7.051647571643116e-06,-6.842165475973161e-06,0.04918032786885246,0.9508196721311475
B,2024,13,Log_Return_1D_Z60,7.722499503870495e-06,2.545128154451959e-06,0.5245901639344263,0.47540983606557374
B,2024,13,Log_Return_5D_Z60,1.2118717677367385e-05,-1.2113063121432788e-06,0.5,0.5
B,2024,13,Volatility_14D_Z60,1.054099811881315e-05,9.318149096770867e-08,0.39344262295081966,0.6065573770491803
B,2024,13,Relative_Volume_20D_Z60,5.325604888639646e-06,1.6554757849007729e-06,0.6475409836065574,0.3524590163934426
B,2024,13,RSI_14_Scaled,2.4690054488019086e-05,1.5058417375257704e-06,0.5573770491803278,0.4426229508196721
B,2024,13,Price_to_SMA20_Z60,1.0752673915703781e-05,-3.480878092432249e-07,0.47540983606557374,0.5245901639344263
B,2024,13,Intraday_Return_Z60,1.3393993867794052e-05,1.2956328419022611e-06,0.47540983606557374,0.5245901639344263
B,2024,13,Daily_Range_Z60,3.0460434572887607e-05,3.8994439819362015e-06,0.4262295081967213,0.5737704918032787
B,2024,13,QQQ_Log_Return_1D,1.3401559044723399e-05,-5.731022838517674e-07,0.5081967213114754,0.4918032786885246
B,2024,13,QQQ_Log_Return_5D,1.001532200461952e-05,9.784538406165666e-07,0.48360655737704916,0.5163934426229508
B,2024,13,QQQ_Volatility_14D,9.996277185564395e-06,-9.634148227632977e-06,0.05737704918032787,0.9426229508196722
B,2024,14,Log_Return_1D_Z60,8.10366964287823e-06,1.0140744421960335e-07,0.4918032786885246,0.5081967213114754
B,2024,14,Log_Return_5D_Z60,1.4256709619075991e-05,6.374361305461207e-07,0.5081967213114754,0.4918032786885246
B,2024,14,Volatility_14D_Z60,1.4762457794859074e-05,3.794611203034037e-08,0.4262295081967213,0.5737704918032787
B,2024,14,Relative_Volume_20D_Z60,5.947278168605408e-06,3.225861519240425e-06,0.6557377049180327,0.3442622950819672
B,2024,14,RSI_14_Scaled,3.39589714712929e-05,3.1503459467785433e-06,0.5819672131147541,0.4180327868852459
B,2024,14,Price_to_SMA20_Z60,1.4710289178765379e-05,-3.972208730829152e-07,0.4672131147540984,0.5327868852459017
B,2024,14,Intraday_Return_Z60,1.57388967636507e-05,4.7274685499587576e-08,0.5,0.5
B,2024,14,Daily_Range_Z60,3.43352003255859e-05,-4.409966550156241e-06,0.3770491803278688,0.6229508196721312
B,2024,14,QQQ_Log_Return_1D,1.646766031626612e-05,2.84872658085078e-06,0.6065573770491803,0.39344262295081966
B,2024,14,QQQ_Log_Return_5D,1.3866512745153159e-05,2.137890987796709e-06,0.5,0.5
B,2024,14,QQQ_Volatility_14D,1.4471914255409501e-05,-1.3846363799530081e-05,0.06557377049180328,0.9344262295081968
B,2024,15,Log_Return_1D_Z60,1.582592449267395e-05,4.192407232039841e-06,0.4672131147540984,0.5327868852459017
B,2024,15,Log_Return_5D_Z60,2.0092629711143672e-05,-2.69888982984412e-06,0.5245901639344263,0.47540983606557374
B,2024,15,Volatility_14D_Z60,2.180670344387181e-05,1.5784305560373468e-06,0.4672131147540984,0.5327868852459017
B,2024,15,Relative_Volume_20D_Z60,8.006587449926883e-06,4.2310239223297685e-06,0.6721311475409836,0.32786885245901637
B,2024,15,RSI_14_Scaled,4.521580194705166e-05,2.9392001010819513e-07,0.5983606557377049,0.4016393442622951
B,2024,15,Price_to_SMA20_Z60,1.9479006368783303e-05,6.042193945177132e-07,0.45901639344262296,0.5409836065573771
B,2024,15,Intraday_Return_Z60,2.780675276881084e-05,2.897309627769573e-07,0.4918032786885246,0.5081967213114754
B,2024,15,Daily_Range_Z60,6.430179200833663e-05,8.596180123277009e-06,0.3770491803278688,0.6229508196721312
B,2024,15,QQQ_Log_Return_1D,2.355478864046745e-05,1.616821577954397e-06,0.5163934426229508,0.48360655737704916
B,2024,15,QQQ_Log_Return_5D,1.7206235497724265e-05,1.786796474334551e-06,0.5163934426229508,0.48360655737704916
B,2024,15,QQQ_Volatility_14D,2.084505649690982e-05,-1.9838176740449853e-05,0.07377049180327869,0.9262295081967213
B,2024,16,Log_Return_1D_Z60,2.348240013816394e-05,7.1515537456434686e-06,0.5163934426229508,0.48360655737704916
B,2024,16,Log_Return_5D_Z60,2.983059675898403e-05,-5.068457994639175e-06,0.5245901639344263,0.47540983606557374
B,2024,16,Volatility_14D_Z60,3.138048850814812e-05,2.542994252507924e-06,0.4672131147540984,0.5327868852459017
B,2024,16,Relative_Volume_20D_Z60,1.21143129945267e-05,5.266242169454927e-06,0.6065573770491803,0.39344262295081966
B,2024,16,RSI_14_Scaled,6.532402039738372e-05,-3.321840495118522e-06,0.5491803278688525,0.45081967213114754
B,2024,16,Price_to_SMA20_Z60,3.0528080969816074e-05,3.5371860462873883e-07,0.4426229508196721,0.5573770491803278
B,2024,16,Intraday_Return_Z60,3.787253444897942e-05,7.721984047748265e-07,0.5655737704918032,0.4344262295081967
B,2024,16,Daily_Range_Z60,7.675545930396765e-05,2.2823349354439415e-05,0.5327868852459017,0.4672131147540984
B,2024,16,QQQ_Log_Return_1D,3.332644701004028e-05,5.107404376758495e-06,0.5819672131147541,0.4180327868852459
B,2024,16,QQQ_Log_Return_5D,2.5629327865317464e-05,2.634311158544733e-06,0.5327868852459017,0.4672131147540984
B,2024,16,QQQ_Volatility_14D,2.980718454637099e-05,-2.8259439204703085e-05,0.07377049180327869,0.9262295081967213
B,2024,17,Log_Return_1D_Z60,2.764123746601399e-05,9.36447577259969e-06,0.5245901639344263,0.47540983606557374
B,2024,17,Log_Return_5D_Z60,4.2078110709553584e-05,-1.1179239663761109e-05,0.4344262295081967,0.5655737704918032
B,2024,17,Volatility_14D_Z60,4.698062548413873e-05,8.342233741132077e-06,0.45081967213114754,0.5491803278688525
B,2024,17,Relative_Volume_20D_Z60,1.656586755416356e-05,1.1503559107950423e-05,0.6967213114754098,0.30327868852459017
B,2024,17,RSI_14_Scaled,9.856338874669746e-05,-7.3397959567955695e-06,0.5327868852459017,0.4672131147540984
B,2024,17,Price_to_SMA20_Z60,4.632417039829306e-05,3.705944891407853e-06,0.4918032786885246,0.5081967213114754
B,2024,17,Intraday_Return_Z60,4.132919275434688e-05,3.096770569754881e-06,0.5409836065573771,0.45901639344262296
B,2024,17,Daily_Range_Z60,0.00010380212916061282,-4.154189355176641e-06,0.39344262295081966,0.6065573770491803
B,2024,17,QQQ_Log_Return_1D,4.0361035644309595e-05,2.6315606191928964e-06,0.5491803278688525,0.45081967213114754
B,2024,17,QQQ_Log_Return_5D,4.139495285926387e-05,3.779923645197414e-06,0.5081967213114754,0.4918032786885246
B,2024,17,QQQ_Volatility_14D,4.33797285950277e-05,-4.12901645177044e-05,0.06557377049180328,0.9344262295081968
B,2024,18,Log_Return_1D_Z60,3.211031435057521e-05,3.2223410926235374e-06,0.4918032786885246,0.5081967213114754
B,2024,18,Log_Return_5D_Z60,5.213256008573808e-05,-1.3732887055084575e-05,0.4918032786885246,0.5081967213114754
B,2024,18,Volatility_14D_Z60,7.269618799909949e-05,6.8782110247411765e-06,0.4016393442622951,0.5983606557377049
B,2024,18,Relative_Volume_20D_Z60,2.033094824582804e-05,1.3059160664852243e-05,0.7377049180327869,0.26229508196721313
B,2024,18,RSI_14_Scaled,0.00013829307863488793,-7.4146432780253235e-06,0.5163934426229508,0.48360655737704916
B,2024,18,Price_to_SMA20_Z60,6.693971226923168e-05,6.987930191826308e-06,0.5081967213114754,0.4918032786885246
B,2024,18,Intraday_Return_Z60,6.216497422428802e-05,2.980245426442707e-06,0.5081967213114754,0.4918032786885246
B,2024,18,Daily_Range_Z60,0.00013311576913110912,1.7893566109705716e-05,0.45081967213114754,0.5491803278688525
B,2024,18,QQQ_Log_Return_1D,5.520581908058375e-05,-1.561735871291603e-06,0.5655737704918032,0.4344262295081967
B,2024,18,QQQ_Log_Return_5D,5.958507244940847e-05,6.279569788603112e-06,0.4918032786885246,0.5081967213114754
B,2024,18,QQQ_Volatility_14D,6.138715980341658e-05,-5.837934077135287e-05,0.07377049180327869,0.9262295081967213
B,2024,19,Log_Return_1D_Z60,4.5075117668602616e-05,9.282432074542157e-06,0.5655737704918032,0.4344262295081967
B,2024,19,Log_Return_5D_Z60,6.644164386671036e-05,-2.4264734747703187e-05,0.4098360655737705,0.5901639344262295
B,2024,19,Volatility_14D_Z60,0.00010035721788881347,6.534436579386238e-06,0.38524590163934425,0.6147540983606558
B,2024,19,Relative_Volume_20D_Z60,3.195795579813421e-05,1.3362093341129366e-05,0.7377049180327869,0.26229508196721313
B,2024,19,RSI_14_Scaled,0.00019657234952319413,-1.8421980712446384e-05,0.5327868852459017,0.4672131147540984
B,2024,19,Price_to_SMA20_Z60,9.553926793159917e-05,1.6870177205419168e-05,0.5163934426229508,0.48360655737704916
B,2024,19,Intraday_Return_Z60,8.270137914223596e-05,1.6972429875750095e-05,0.5573770491803278,0.4426229508196721
B,2024,19,Daily_Range_Z60,0.00018355267820879817,-2.548733573348727e-05,0.319672131147541,0.680327868852459
B,2024,19,QQQ_Log_Return_1D,7.88630495662801e-05,-2.0208044588798657e-05,0.4180327868852459,0.5819672131147541
B,2024,19,QQQ_Log_Return_5D,9.062777826329693e-05,-7.162321253417758e-06,0.4262295081967213,0.5737704918032787
B,2024,19,QQQ_Volatility_14D,8.634448749944568e-05,-8.265919313998893e-05,0.06557377049180328,0.9344262295081968
B,2024,20,Log_Return_1D_Z60,8.90612936927937e-05,1.5997913578758016e-05,0.5163934426229508,0.48360655737704916
B,2024,20,Log_Return_5D_Z60,9.622109064366668e-05,-3.779036705964245e-05,0.4098360655737705,0.5901639344262295
B,2024,20,Volatility_14D_Z60,0.00014803229714743793,8.348547453351784e-06,0.4016393442622951,0.5983606557377049
B,2024,20,Relative_Volume_20D_Z60,4.2947885958710685e-05,2.2145608454593457e-05,0.7049180327868853,0.29508196721311475
B,2024,20,RSI_14_Scaled,0.0002725013764575124,-3.632007792475633e-05,0.5327868852459017,0.4672131147540984
B,2024,20,Price_to_SMA20_Z60,0.00014584025484509766,3.457017373875715e-05,0.5491803278688525,0.45081967213114754
B,2024,20,Intraday_Return_Z60,0.00013104919344186783,2.716254130064044e-05,0.5901639344262295,0.4098360655737705
B,2024,20,Daily_Range_Z60,0.0002781367511488497,2.6622632503858767e-05,0.4180327868852459,0.5819672131147541
B,2024,20,QQQ_Log_Return_1D,0.00011968299077125266,4.228583748044912e-06,0.4672131147540984,0.5327868852459017
B,2024,20,QQQ_Log_Return_5D,0.00012114671699237078,-1.1916353287233505e-05,0.4262295081967213,0.5737704918032787
B,2024,20,QQQ_Volatility_14D,0.0001234467199537903,-0.00011815479228971526,0.05737704918032787,0.9426229508196722
B,2024,21,Log_Return_1D_Z60,0.00010546260455157608,1.7682674297248013e-05,0.5327868852459017,0.4672131147540984
B,2024,21,Log_Return_5D_Z60,0.00010394527635071427,-4.869823533226736e-05,0.4098360655737705,0.5901639344262295
B,2024,21,Volatility_14D_Z60,0.0002208095829701051,2.066663364530541e-05,0.4180327868852459,0.5819672131147541
B,2024,21,Relative_Volume_20D_Z60,6.774412759114057e-05,3.5488039429765195e-05,0.7213114754098361,0.2786885245901639
B,2024,21,RSI_14_Scaled,0.000415853108279407,-5.0514321628725156e-05,0.4918032786885246,0.5081967213114754
B,2024,21,Price_to_SMA20_Z60,0.00021550379460677505,5.87521972192917e-05,0.5737704918032787,0.4262295081967213
B,2024,21,Intraday_Return_Z60,0.00014787304098717868,8.39576114231022e-06,0.5819672131147541,0.4180327868852459
B,2024,21,Daily_Range_Z60,0.0003441286680754274,-2.072293500532396e-05,0.32786885245901637,0.6721311475409836
B,2024,21,QQQ_Log_Return_1D,0.00016072913422249258,2.0978584871045314e-05,0.5409836065573771,0.45901639344262296
B,2024,21,QQQ_Log_Return_5D,0.00019183254335075617,-2.4275797841255553e-05,0.4180327868852459,0.5819672131147541
B,2024,21,QQQ_Volatility_14D,0.0001792650728020817,-0.00017081148689612746,0.05737704918032787,0.9426229508196722
B,2024,22,Log_Return_1D_Z60,0.0001876340975286439,3.169994897689321e-06,0.48360655737704916,0.5163934426229508
B,2024,22,Log_Return_5D_Z60,0.00014427163114305586,-6.884381582494825e-05,0.45081967213114754,0.5491803278688525
B,2024,22,Volatility_14D_Z60,0.00033169935340993106,4.637262100004591e-05,0.4180327868852459,0.5819672131147541
B,2024,22,Relative_Volume_20D_Z60,9.942550241248682e-05,2.9337956220842898e-05,0.6967213114754098,0.30327868852459017
B,2024,22,RSI_14_Scaled,0.000591475865803659,-7.559210644103587e-05,0.5081967213114754,0.4918032786885246
B,2024,22,Price_to_SMA20_Z60,0.00032994046341627836,7.317237032111734e-05,0.5081967213114754,0.4918032786885246
B,2024,22,Intraday_Return_Z60,0.00023996594245545566,2.868233605113346e-05,0.5245901639344263,0.47540983606557374
B,2024,22,Daily_Range_Z60,0.0004978558281436563,5.629667793982662e-05,0.4344262295081967,0.5655737704918032
B,2024,22,QQQ_Log_Return_1D,0.00021753743931185454,5.7152603403665125e-05,0.6229508196721312,0.3770491803278688
B,2024,22,QQQ_Log_Return_5D,0.00028481479967013,-1.519090528745437e-05,0.5245901639344263,0.47540983606557374
B,2024,22,QQQ_Volatility_14D,0.00025468147941865027,-0.0002442577388137579,0.04918032786885246,0.9508196721311475
B,2024,23,Log_Return_1D_Z60,0.00024079723516479135,2.0864928956143558e-05,0.5081967213114754,0.4918032786885246
B,2024,23,Log_Return_5D_Z60,0.00015670918219257146,-7.897982868598774e-05,0.47540983606557374,0.5245901639344263
B,2024,23,Volatility_14D_Z60,0.00045300586498342454,5.449619857245125e-05,0.4180327868852459,0.5819672131147541
B,2024,23,Relative_Volume_20D_Z60,0.0001265000901184976,4.5152912207413465e-05,0.6967213114754098,0.30327868852459017
B,2024,23,RSI_14_Scaled,0.000845601549372077,-8.526891906512901e-05,0.4918032786885246,0.5081967213114754
B,2024,23,Price_to_SMA20_Z60,0.00048178373253904283,0.00011331938731018454,0.5409836065573771,0.45901639344262296
B,2024,23,Intraday_Return_Z60,0.0002763574302662164,-2.578419753263006e-06,0.5327868852459017,0.4672131147540984
B,2024,23,Daily_Range_Z60,0.0006274444167502224,5.162256275070831e-05,0.39344262295081966,0.6065573770491803
B,2024,23,QQQ_Log_Return_1D,0.0002945032902061939,3.787774403463118e-05,0.5983606557377049,0.4016393442622951
B,2024,23,QQQ_Log_Return_5D,0.0004543356189969927,5.911288667448389e-07,0.5,0.5
B,2024,23,QQQ_Volatility_14D,0.00036837573861703277,-0.0003518655139487237,0.06557377049180328,0.9344262295081968
B,2024,24,Log_Return_1D_Z60,0.00040344285662285984,4.754516703542322e-05,0.4672131147540984,0.5327868852459017
B,2024,24,Log_Return_5D_Z60,0.00017238980217371136,-8.33643352962099e-05,0.48360655737704916,0.5163934426229508
B,2024,24,Volatility_14D_Z60,0.0006293484475463629,8.105432789307088e-05,0.4344262295081967,0.5655737704918032
B,2024,24,Relative_Volume_20D_Z60,0.0001536448107799515,7.841153274057433e-05,0.7213114754098361,0.2786885245901639
B,2024,24,RSI_14_Scaled,0.0012446981854736805,-0.00011683245975291356,0.45901639344262296,0.5409836065573771
B,2024,24,Price_to_SMA20_Z60,0.0006721082027070224,0.00018126066424883902,0.5737704918032787,0.4262295081967213
B,2024,24,Intraday_Return_Z60,0.0003489689843263477,2.4927880076575093e-05,0.5573770491803278,0.4426229508196721
B,2024,24,Daily_Range_Z60,0.0007883011130616069,1.9552984667825513e-05,0.3524590163934426,0.6475409836065574
B,2024,24,QQQ_Log_Return_1D,0.000468747311970219,2.5821211238508113e-05,0.5737704918032787,0.4262295081967213
B,2024,24,QQQ_Log_Return_5D,0.0006682350649498403,7.270327478181571e-05,0.5245901639344263,0.47540983606557374
B,2024,24,QQQ_Volatility_14D,0.0005166257033124566,-0.0004871861601714045,0.07377049180327869,0.9262295081967213
B,2024,25,Log_Return_1D_Z60,0.0005456544458866119,-7.708889171453848e-08,0.4918032786885246,0.5081967213114754
B,2024,25,Log_Return_5D_Z60,0.0001879609772004187,-0.00011086397717008367,0.4016393442622951,0.5983606557377049
B,2024,25,Volatility_14D_Z60,0.000875716854352504,6.729816232109442e-05,0.4098360655737705,0.5901639344262295
B,2024,25,Relative_Volume_20D_Z60,0.00022251292830333114,0.0001072483864845708,0.6229508196721312,0.3770491803278688
B,2024,25,RSI_14_Scaled,0.0018337644869461656,-0.00013125600526109338,0.4180327868852459,0.5819672131147541
B,2024,25,Price_to_SMA20_Z60,0.0010312388185411692,0.0002266730007249862,0.5409836065573771,0.45901639344262296
B,2024,25,Intraday_Return_Z60,0.00038263018359430134,-1.300818348681787e-05,0.45901639344262296,0.5409836065573771
B,2024,25,Daily_Range_Z60,0.000982859288342297,9.392262290930375e-05,0.4426229508196721,0.5573770491803278
B,2024,25,QQQ_Log_Return_1D,0.0005310129490680993,-2.2461039407062344e-05,0.5081967213114754,0.4918032786885246
B,2024,25,QQQ_Log_Return_5D,0.0009956100257113576,0.00011440717207733542,0.5,0.5
B,2024,25,QQQ_Volatility_14D,0.0007483490044251084,-0.0007048742263577878,0.07377049180327869,0.9262295081967213
B,2024,26,Log_Return_1D_Z60,0.0008948839385993779,-8.464687562081963e-05,0.5327868852459017,0.4672131147540984
B,2024,26,Log_Return_5D_Z60,0.0002734086592681706,-0.0001682183356024325,0.3442622950819672,0.6557377049180327
B,2024,26,Volatility_14D_Z60,0.0013039634795859456,2.111778303515166e-05,0.4262295081967213,0.5737704918032787
B,2024,26,Relative_Volume_20D_Z60,0.00041882472578436136,0.0001578957453602925,0.6639344262295082,0.3360655737704918
B,2024,26,RSI_14_Scaled,0.0026700717862695456,-7.665839802939445e-05,0.47540983606557374,0.5245901639344263
B,2024,26,Price_to_SMA20_Z60,0.0016434644348919392,0.0002670354151632637,0.5245901639344263,0.47540983606557374
B,2024,26,Intraday_Return_Z60,0.0005683443741872907,7.32711487216875e-05,0.5409836065573771,0.45901639344262296
B,2024,26,Daily_Range_Z60,0.0013521438231691718,0.0003411866491660476,0.4344262295081967,0.5655737704918032
B,2024,26,QQQ_Log_Return_1D,0.0007977433851920068,-0.00016972255252767354,0.48360655737704916,0.5163934426229508
B,2024,26,QQQ_Log_Return_5D,0.0015108929947018623,-8.148459528456442e-06,0.45901639344262296,0.5409836065573771
B,2024,26,QQQ_Volatility_14D,0.0010676550446078181,-0.0010025495430454612,0.07377049180327869,0.9262295081967213
B,2024,27,Log_Return_1D_Z60,0.001260763849131763,2.6335577786085196e-05,0.47540983606557374,0.5245901639344263
B,2024,27,Log_Return_5D_Z60,0.00042217335430905223,-0.00019458062888588756,0.3524590163934426,0.6475409836065574
B,2024,27,Volatility_14D_Z60,0.0019057473400607705,-9.219931234838441e-05,0.38524590163934425,0.6147540983606558
B,2024,27,Relative_Volume_20D_Z60,0.0006691160961054265,0.0002909433387685567,0.6147540983606558,0.38524590163934425
B,2024,27,RSI_14_Scaled,0.003986322320997715,-5.422860340331681e-05,0.45901639344262296,0.5409836065573771
B,2024,27,Price_to_SMA20_Z60,0.0022355506662279367,0.0003833383962046355,0.5163934426229508,0.48360655737704916
B,2024,27,Intraday_Return_Z60,0.0006070176023058593,4.1556148062227294e-05,0.5081967213114754,0.4918032786885246
B,2024,27,Daily_Range_Z60,0.001491614500992,0.00011185873881913722,0.38524590163934425,0.6147540983606558
B,2024,27,QQQ_Log_Return_1D,0.0007782408501952887,0.00015821095439605415,0.6229508196721312,0.3770491803278688
B,2024,27,QQQ_Log_Return_5D,0.0019862912595272064,-0.00010455302253831178,0.4918032786885246,0.5081967213114754
B,2024,27,QQQ_Volatility_14D,0.0016306976322084665,-0.001538880285806954,0.07377049180327869,0.9262295081967213
B,2024,28,Log_Return_1D_Z60,0.001781614264473319,-1.7081722035072744e-05,0.5737704918032787,0.4262295081967213
B,2024,28,Log_Return_5D_Z60,0.000781841401476413,-0.0002004502748604864,0.45901639344262296,0.5409836065573771
B,2024,28,Volatility_14D_Z60,0.0026090904138982296,-0.00015231732686515898,0.4016393442622951,0.5983606557377049
B,2024,28,Relative_Volume_20D_Z60,0.0012593289138749242,0.0003449399664532393,0.6311475409836066,0.36885245901639346
B,2024,28,RSI_14_Scaled,0.005708109587430954,-6.763854617020115e-05,0.45901639344262296,0.5409836065573771
B,2024,28,Price_to_SMA20_Z60,0.00279914285056293,0.0005069707403890789,0.5245901639344263,0.47540983606557374
B,2024,28,Intraday_Return_Z60,0.0008769514970481396,0.00014051271136850119,0.5491803278688525,0.45081967213114754
B,2024,28,Daily_Range_Z60,0.0015685221878811717,0.0003907901991624385,0.38524590163934425,0.6147540983606558
B,2024,28,QQQ_Log_Return_1D,0.0009269611327908933,7.70556835050229e-06,0.45901639344262296,0.5409836065573771
B,2024,28,QQQ_Log_Return_5D,0.0026428010314702988,-0.00023644708562642336,0.5,0.5
B,2024,28,QQQ_Volatility_14D,0.0024799173697829247,-0.002356398617848754,0.07377049180327869,0.9262295081967213
B,2024,29,Log_Return_1D_Z60,0.002876022132113576,-0.00035838643088936806,0.4672131147540984,0.5327868852459017
B,2024,29,Log_Return_5D_Z60,0.0023638224229216576,-0.00037349111516959965,0.48360655737704916,0.5163934426229508
B,2024,29,Volatility_14D_Z60,0.0032756340224295855,-0.00026433035964146256,0.3770491803278688,0.6229508196721312
B,2024,29,Relative_Volume_20D_Z60,0.0025042749475687742,0.00011858744983328506,0.5409836065573771,0.45901639344262296
B,2024,29,RSI_14_Scaled,0.007931654341518879,-7.94014340499416e-06,0.47540983606557374,0.5245901639344263
B,2024,29,Price_to_SMA20_Z60,0.0032180845737457275,0.0003394578234292567,0.5327868852459017,0.4672131147540984
B,2024,29,Intraday_Return_Z60,0.001526663196273148,-0.00011779771011788398,0.4918032786885246,0.5081967213114754
B,2024,29,Daily_Range_Z60,0.0012132448609918356,0.00027767568826675415,0.4426229508196721,0.5573770491803278
B,2024,29,QQQ_Log_Return_1D,0.000764147553127259,0.00022829824592918158,0.6065573770491803,0.39344262295081966
B,2024,29,QQQ_Log_Return_5D,0.0034014382399618626,-2.642885738168843e-05,0.5491803278688525,0.45081967213114754
B,2024,29,QQQ_Volatility_14D,0.004022194538265467,-0.0037298714742064476,0.09836065573770492,0.9016393442622951
B,2024,30,Log_Return_1D_Z60,0.003627712605521083,0.000335643591824919,0.639344262295082,0.36065573770491804
B,2024,30,Log_Return_5D_Z60,0.006002609618008137,-0.0007751149823889136,0.5655737704918032,0.4344262295081967
B,2024,30,Volatility_14D_Z60,0.004021980334073305,-2.0917494111927226e-05,0.3770491803278688,0.6229508196721312
B,2024,30,Relative_Volume_20D_Z60,0.013830468989908695,-0.008413288742303848,0.4180327868852459,0.5819672131147541
B,2024,30,RSI_14_Scaled,0.009313863702118397,-0.00091761932708323,0.48360655737704916,0.5163934426229508
B,2024,30,Price_to_SMA20_Z60,0.0058781118132174015,-8.603309106547385e-05,0.5491803278688525,0.45081967213114754
B,2024,30,Intraday_Return_Z60,0.003516525262966752,0.00031009636586531997,0.5819672131147541,0.4180327868852459
B,2024,30,Daily_Range_Z60,0.001370234414935112,0.0005306423408910632,0.5655737704918032,0.4344262295081967
B,2024,30,QQQ_Log_Return_1D,0.001222931663505733,0.00023574380611535162,0.5409836065573771,0.45901639344262296
B,2024,30,QQQ_Log_Return_5D,0.0038032231386750937,0.0003353085194248706,0.4672131147540984,0.5327868852459017
B,2024,30,QQQ_Volatility_14D,0.008312604390084743,-0.007605161517858505,0.10655737704918032,0.8934426229508197
C,2024,1,Log_Return_1D_Z60,3.818405591715646e-09,-1.5865206925980146e-09,0.48360655737704916,0.5163934426229508
C,2024,1,Log_Return_5D_Z60,1.0997734278817006e-08,5.240865519340332e-10,0.5409836065573771,0.45901639344262296
C,2024,1,Volatility_14D_Z60,6.5090550727120444e-09,1.958617490416259e-09,0.5655737704918032,0.4344262295081967
C,2024,1,Relative_Volume_20D_Z60,5.055108331930569e-09,-4.09265776823986e-09,0.45901639344262296,0.5409836065573771
C,2024,1,RSI_14_Scaled,1.3875190774115254e-08,1.0363859104245421e-08,0.680327868852459,0.319672131147541
C,2024,1,Price_to_SMA20_Z60,3.435522533123958e-09,-2.8194431164751954e-11,0.4672131147540984,0.5327868852459017
C,2024,1,Intraday_Return_Z60,7.918135480622368e-09,-2.300444945646518e-09,0.45901639344262296,0.5409836065573771
C,2024,1,Daily_Range_Z60,7.381224964575495e-09,-2.3750559297042173e-09,0.6065573770491803,0.39344262295081966
C,2024,1,QQQ_Log_Return_1D,1.3956684696836419e-09,-5.691375148941802e-10,0.3770491803278688,0.6229508196721312
C,2024,1,QQQ_Log_Return_5D,7.551683722795133e-09,3.4739990883991823e-09,0.6065573770491803,0.39344262295081966
C,2024,1,QQQ_Volatility_14D,5.509985356866309e-09,-3.9309879795723646e-09,0.1885245901639344,0.8114754098360656
C,2024,2,Log_Return_1D_Z60,7.610048591288887e-09,-4.759654448349693e-09,0.4344262295081967,0.5655737704918032
C,2024,2,Log_Return_5D_Z60,1.7423873899247155e-08,-3.0882050250369275e-09,0.4918032786885246,0.5081967213114754
C,2024,2,Volatility_14D_Z60,9.394288014163976e-09,4.330783287542772e-09,0.5491803278688525,0.45081967213114754
C,2024,2,Relative_Volume_20D_Z60,3.89131216138594e-09,-2.963572498515532e-09,0.4180327868852459,0.5819672131147541
C,2024,2,RSI_14_Scaled,2.1467608135594674e-08,1.6668582958345723e-08,0.7131147540983607,0.28688524590163933
C,2024,2,Price_to_SMA20_Z60,4.5851114016670635e-09,2.232502377408352e-10,0.47540983606557374,0.5245901639344263
C,2024,2,Intraday_Return_Z60,1.0134153960450476e-08,-3.6015053161975175e-09,0.4180327868852459,0.5819672131147541
C,2024,2,Daily_Range_Z60,8.008637308876132e-09,-5.511815448500101e-10,0.5819672131147541,0.4180327868852459
C,2024,2,QQQ_Log_Return_1D,1.9343431301166447e-09,-5.737423869334179e-10,0.4344262295081967,0.5655737704918032
C,2024,2,QQQ_Log_Return_5D,1.0007083162122399e-08,4.382224361165754e-09,0.5409836065573771,0.45901639344262296
C,2024,2,QQQ_Volatility_14D,7.890781361652444e-09,-5.91338400468544e-09,0.14754098360655737,0.8524590163934426
C,2024,3,Log_Return_1D_Z60,7.379215016811713e-09,-2.490209594085968e-09,0.4180327868852459,0.5819672131147541
C,2024,3,Log_Return_5D_Z60,2.487754535707154e-08,-5.00268004799409e-09,0.47540983606557374,0.5245901639344263
C,2024,3,Volatility_14D_Z60,1.2894227019444315e-08,7.047845418384213e-09,0.6065573770491803,0.39344262295081966
C,2024,3,Relative_Volume_20D_Z60,3.800246339835667e-09,-9.66851265715718e-10,0.4262295081967213,0.5737704918032787
C,2024,3,RSI_14_Scaled,3.2684237538660454e-08,2.680308952562882e-08,0.6885245901639344,0.3114754098360656
C,2024,3,Price_to_SMA20_Z60,5.939591485315532e-09,-2.9886598751360793e-10,0.47540983606557374,0.5245901639344263
C,2024,3,Intraday_Return_Z60,1.5225198879420532e-08,-9.420011437555331e-10,0.5163934426229508,0.48360655737704916
C,2024,3,Daily_Range_Z60,1.2074714561549627e-08,-1.846100605717993e-09,0.5655737704918032,0.4344262295081967
C,2024,3,QQQ_Log_Return_1D,2.861896497563521e-09,-1.0381728809960578e-09,0.4426229508196721,0.5573770491803278
C,2024,3,QQQ_Log_Return_5D,1.3230962991883644e-08,5.142312797801196e-09,0.5655737704918032,0.4344262295081967
C,2024,3,QQQ_Volatility_14D,1.1575600034063882e-08,-9.01065888569974e-09,0.1557377049180328,0.8442622950819673
C,2024,4,Log_Return_1D_Z60,1.1817257394852732e-08,-5.092637422876578e-09,0.5163934426229508,0.48360655737704916
C,2024,4,Log_Return_5D_Z60,3.597746101036137e-08,-1.0058678334701199e-08,0.38524590163934425,0.6147540983606558
C,2024,4,Volatility_14D_Z60,1.8142205959748026e-08,9.608277729000747e-09,0.6639344262295082,0.3360655737704918
C,2024,4,Relative_Volume_20D_Z60,7.66752883407662e-09,-3.0951068374918123e-09,0.3770491803278688,0.6229508196721312
C,2024,4,RSI_14_Scaled,4.7292278537724997e-08,3.971052109363882e-08,0.6967213114754098,0.30327868852459017
C,2024,4,Price_to_SMA20_Z60,1.0871763045372518e-08,5.33917576817089e-10,0.5081967213114754,0.4918032786885246
C,2024,4,Intraday_Return_Z60,2.2603527938258594e-08,-6.224327719905887e-09,0.48360655737704916,0.5163934426229508
C,2024,4,Daily_Range_Z60,1.8877518215276723e-08,-3.630943989918478e-09,0.5573770491803278,0.4426229508196721
C,2024,4,QQQ_Log_Return_1D,3.960718419904197e-09,-3.727366193473358e-10,0.45081967213114754,0.5491803278688525
C,2024,4,QQQ_Log_Return_5D,1.9942518747484428e-08,6.458997336977745e-09,0.5163934426229508,0.48360655737704916
C,2024,4,QQQ_Volatility_14D,1.6919852185992568e-08,-1.3521680664041469e-08,0.14754098360655737,0.8524590163934426
C,2024,5,Log_Return_1D_Z60,1.583388709036626e-08,-4.957234622793294e-09,0.4262295081967213,0.5737704918032787
C,2024,5,Log_Return_5D_Z60,4.651215235185191e-08,-1.4081856569703177e-08,0.4918032786885246,0.5081967213114754
C,2024,5,Volatility_14D_Z60,2.58785863849198e-08,1.465199961359076e-08,0.6311475409836066,0.36885245901639346
C,2024,5,Relative_Volume_20D_Z60,9.542230117176587e-09,-4.742401138457808e-09,0.36885245901639346,0.6311475409836066
C,2024,5,RSI_14_Scaled,7.091084341936948e-08,6.120721707247867e-08,0.7459016393442623,0.2540983606557377
C,2024,5,Price_to_SMA20_Z60,1.541200589372238e-08,9.132998801675285e-10,0.5163934426229508,0.48360655737704916
C,2024,5,Intraday_Return_Z60,3.52805535897005e-08,3.5538989529015907e-09,0.5327868852459017,0.4672131147540984
C,2024,5,Daily_Range_Z60,2.503875684567447e-08,-3.5237537332477586e-09,0.5983606557377049,0.4016393442622951
C,2024,5,QQQ_Log_Return_1D,8.0592617024422e-09,-3.853303010004083e-09,0.36065573770491804,0.639344262295082
C,2024,5,QQQ_Log_Return_5D,3.080331723026575e-08,1.0372382064360863e-08,0.5819672131147541,0.4180327868852459
C,2024,5,QQQ_Volatility_14D,2.4217328586928488e-08,-1.881532440961564e-08,0.1721311475409836,0.8278688524590164
C,2024,6,Log_Return_1D_Z60,2.5302666628590487e-08,-1.610581712441217e-08,0.38524590163934425,0.6147540983606558
C,2024,6,Log_Return_5D_Z60,6.545310071714994e-08,-2.3568452078848168e-08,0.36885245901639346,0.6311475409836066
C,2024,6,Volatility_14D_Z60,3.902159662061422e-08,2.4160110356774567e-08,0.6311475409836066,0.36885245901639346
C,2024,6,Relative_Volume_20D_Z60,1.9215137925243653e-08,-1.1033084668099491e-08,0.36885245901639346,0.6311475409836066
C,2024,6,RSI_14_Scaled,1.1399777832821201e-07,9.48036387171669e-08,0.6885245901639344,0.3114754098360656
C,2024,6,Price_to_SMA20_Z60,2.1940818939469864e-08,1.4763298361586408e-09,0.4918032786885246,0.5081967213114754
C,2024,6,Intraday_Return_Z60,4.1881612844463234e-08,-2.486605810148035e-09,0.45081967213114754,0.5491803278688525
C,2024,6,Daily_Range_Z60,3.650804103472183e-08,-1.3634603668322143e-08,0.4918032786885246,0.5081967213114754
C,2024,6,QQQ_Log_Return_1D,1.2606192534292404e-08,-5.847326622898663e-09,0.3442622950819672,0.6557377049180327
C,2024,6,QQQ_Log_Return_5D,4.584748580782616e-08,2.0934381339543506e-08,0.5491803278688525,0.45081967213114754
C,2024,6,QQQ_Volatility_14D,3.4977905016830846e-08,-2.653996489243582e-08,0.1885245901639344,0.8114754098360656
C,2024,7,Log_Return_1D_Z60,2.7656223977601258e-08,-1.1060047988564747e-08,0.45901639344262296,0.5409836065573771
C,2024,7,Log_Return_5D_Z60,8.724029498807795e-08,-2.1109837433641587e-08,0.4262295081967213,0.5737704918032787
C,2024,7,Volatility_14D_Z60,5.616327669599741e-08,3.397279968453404e-08,0.639344262295082,0.36065573770491804
C,2024,7,Relative_Volume_20D_Z60,3.0776075021776705e-08,-1.9036262344229726e-08,0.3442622950819672,0.6557377049180327
C,2024,7,RSI_14_Scaled,1.7133038454630878e-07,1.3249821506633452e-07,0.6147540983606558,0.38524590163934425
C,2024,7,Price_to_SMA20_Z60,2.9083032870858005e-08,2.1985309128780273e-09,0.5163934426229508,0.48360655737704916
C,2024,7,Intraday_Return_Z60,6.330343893523604e-08,-1.6016911130734002e-09,0.5327868852459017,0.4672131147540984
C,2024,7,Daily_Range_Z60,4.58465905239791e-08,-7.621641984201233e-09,0.5573770491803278,0.4426229508196721
C,2024,7,QQQ_Log_Return_1D,1.7766966564636277e-08,-8.374160032076361e-09,0.36065573770491804,0.639344262295082
C,2024,7,QQQ_Log_Return_5D,7.23856885542773e-08,3.4699521478387396e-08,0.5655737704918032,0.4344262295081967
C,2024,7,QQQ_Volatility_14D,4.983320067708519e-08,-3.424507966087731e-08,0.19672131147540983,0.8032786885245902
C,2024,8,Log_Return_1D_Z60,6.441461408712712e-08,-3.021079209020172e-08,0.4426229508196721,0.5573770491803278
C,2024,8,Log_Return_5D_Z60,1.3870902648704941e-07,-2.8570987353759847e-08,0.45081967213114754,0.5491803278688525
C,2024,8,Volatility_14D_Z60,9.44934228641614e-08,5.1621857011241445e-08,0.6885245901639344,0.3114754098360656
C,2024,8,Relative_Volume_20D_Z60,4.342123460787661e-08,-2.8443134070244014e-08,0.36065573770491804,0.639344262295082
C,2024,8,RSI_14_Scaled,2.4229990458479733e-07,1.98184537225643e-07,0.6885245901639344,0.3114754098360656
C,2024,8,Price_to_SMA20_Z60,4.6855618052177306e-08,1.464170895637551e-09,0.5245901639344263,0.47540983606557374
C,2024,8,Intraday_Return_Z60,9.09315929220611e-08,-2.0542733736306218e-08,0.5409836065573771,0.45901639344262296
C,2024,8,Daily_Range_Z60,6.435288213424428e-08,-4.40154712677554e-09,0.5573770491803278,0.4426229508196721
C,2024,8,QQQ_Log_Return_1D,2.0441039083607393e-08,-1.7831074394791813e-09,0.4918032786885246,0.5081967213114754
C,2024,8,QQQ_Log_Return_5D,1.0008154305296557e-07,4.286198773684191e-08,0.5491803278688525,0.45081967213114754
C,2024,8,QQQ_Volatility_14D,7.288267056537734e-08,-4.479979054394789e-08,0.21311475409836064,0.7868852459016393
C,2024,9,Log_Return_1D_Z60,6.84318592902855e-08,-3.949264382185902e-08,0.3524590163934426,0.6475409836065574
C,2024,9,Log_Return_5D_Z60,1.87399180617831e-07,-5.9061800783410945e-08,0.4098360655737705,0.5901639344262295
C,2024,9,Volatility_14D_Z60,1.334522607976396e-07,9.424795877066572e-08,0.6639344262295082,0.3360655737704918
C,2024,9,Relative_Volume_20D_Z60,6.620284409564192e-08,-2.4331628267759697e-08,0.39344262295081966,0.6065573770491803
C,2024,9,RSI_14_Scaled,3.4057632092299173e-07,2.7568336236072355e-07,0.6721311475409836,0.32786885245901637
C,2024,9,Price_to_SMA20_Z60,6.969676746848563e-08,-2.5156208227627985e-09,0.5081967213114754,0.4918032786885246
C,2024,9,Intraday_Return_Z60,1.2951959149631875e-07,-2.2450731052003903e-08,0.5,0.5
C,2024,9,Daily_Range_Z60,1.3625789563320723e-07,-7.49911279740445e-08,0.45081967213114754,0.5491803278688525
C,2024,9,QQQ_Log_Return_1D,3.440501927798323e-08,-4.245477303044254e-09,0.45901639344262296,0.5409836065573771
C,2024,9,QQQ_Log_Return_5D,1.6023165017031715e-07,5.859930496399102e-08,0.5573770491803278,0.4426229508196721
C,2024,9,QQQ_Volatility_14D,9.844395520985927e-08,-5.7603514846960024e-08,0.21311475409836064,0.7868852459016393
C,2024,10,Log_Return_1D_Z60,8.073646284856295e-08,-1.4761726063738934e-08,0.4426229508196721,0.5573770491803278
C,2024,10,Log_Return_5D_Z60,2.5834148686953995e-07,-6.536705399184939e-08,0.4672131147540984,0.5327868852459017
C,2024,10,Volatility_14D_Z60,1.935562323751583e-07,1.2815742422844778e-07,0.6147540983606558,0.38524590163934425
C,2024,10,Relative_Volume_20D_Z60,9.215117557914709e-08,-4.500116546068966e-08,0.30327868852459017,0.6967213114754098
C,2024,10,RSI_14_Scaled,4.980997232451045e-07,3.9801463458388753e-07,0.6885245901639344,0.3114754098360656
C,2024,10,Price_to_SMA20_Z60,1.018570330302282e-07,9.425341396251952e-09,0.4918032786885246,0.5081967213114754
C,2024,10,Intraday_Return_Z60,1.6345191511391022e-07,8.338306045629906e-09,0.5655737704918032,0.4344262295081967
C,2024,10,Daily_Range_Z60,1.5088915006344905e-07,-3.387506097851656e-08,0.48360655737704916,0.5163934426229508
C,2024,10,QQQ_Log_Return_1D,6.457887025135278e-08,-1.792875892192569e-08,0.47540983606557374,0.5245901639344263
C,2024,10,QQQ_Log_Return_5D,2.7131204660690855e-07,7.115411193581167e-08,0.5737704918032787,0.4262295081967213
C,2024,10,QQQ_Volatility_14D,1.3855569136467238e-07,-8.241551796572821e-08,0.21311475409836064,0.7868852459016393
C,2024,11,Log_Return_1D_Z60,1.6131882318859425e-07,-3.8740708419027214e-08,0.4262295081967213,0.5737704918032787
C,2024,11,Log_Return_5D_Z60,3.643114894202881e-07,-4.5070347454156945e-08,0.4672131147540984,0.5327868852459017
C,2024,11,Volatility_14D_Z60,2.845310405064083e-07,1.743815971622098e-07,0.6229508196721312,0.3770491803278688
C,2024,11,Relative_Volume_20D_Z60,1.4586485974632524e-07,-5.833087257656189e-08,0.3114754098360656,0.6885245901639344
C,2024,11,RSI_14_Scaled,7.755527917652216e-07,5.701223813048273e-07,0.6475409836065574,0.3524590163934426
C,2024,11,Price_to_SMA20_Z60,1.8331307671815011e-07,-2.45132394383063e-08,0.5163934426229508,0.48360655737704916
C,2024,11,Intraday_Return_Z60,2.439673778553697e-07,-5.0393737183185294e-08,0.5,0.5
C,2024,11,Daily_Range_Z60,2.488249037924106e-07,-1.4363733669142675e-07,0.4016393442622951,0.5983606557377049
C,2024,11,QQQ_Log_Return_1D,8.544774487972973e-08,-1.2573650565173011e-08,0.45081967213114754,0.5491803278688525
C,2024,11,QQQ_Log_Return_5D,3.945990272313793e-07,2.712341284905051e-08,0.5081967213114754,0.4918032786885246
C,2024,11,QQQ_Volatility_14D,1.9557921859814087e-07,-1.2027815898818517e-07,0.23770491803278687,0.7622950819672131
C,2024,12,Log_Return_1D_Z60,2.4106225282594096e-07,-1.1683378176030601e-07,0.36885245901639346,0.6311475409836066
C,2024,12,Log_Return_5D_Z60,6.507416969725455e-07,-1.0969209540689917e-07,0.4426229508196721,0.5573770491803278
C,2024,12,Volatility_14D_Z60,4.0244376009468397e-07,2.2819733658252517e-07,0.5737704918032787,0.4262295081967213
C,2024,12,Relative_Volume_20D_Z60,2.4521517616449273e-07,-6.018752429781671e-08,0.39344262295081966,0.6065573770491803
C,2024,12,RSI_14_Scaled,1.287385657633422e-06,9.147651667262835e-07,0.680327868852459,0.319672131147541
C,2024,12,Price_to_SMA20_Z60,2.705854740270297e-07,-3.1641551601069295e-08,0.5,0.5
C,2024,12,Intraday_Return_Z60,4.4740761495631887e-07,-4.773637130028874e-08,0.45901639344262296,0.5409836065573771
C,2024,12,Daily_Range_Z60,3.9235678173099586e-07,-1.6480348108416365e-07,0.48360655737704916,0.5163934426229508
C,2024,12,QQQ_Log_Return_1D,1.285393125272094e-07,-1.8686153069324973e-08,0.4262295081967213,0.5737704918032787
C,2024,12,QQQ_Log_Return_5D,7.121256544451171e-07,2.0720394289241995e-08,0.48360655737704916,0.5163934426229508
C,2024,12,QQQ_Volatility_14D,2.7725008067136514e-07,-1.6681620707004186e-07,0.2540983606557377,0.7459016393442623
C,2024,13,Log_Return_1D_Z60,3.700522768212977e-07,-3.693149608352542e-08,0.4672131147540984,0.5327868852459017
C,2024,13,Log_Return_5D_Z60,8.649895448797906e-07,-1.890886380806478e-07,0.4016393442622951,0.5983606557377049
C,2024,13,Volatility_14D_Z60,6.257774316509312e-07,3.553511191967118e-07,0.639344262295082,0.36065573770491804
C,2024,13,Relative_Volume_20D_Z60,3.714528702403186e-07,-1.1473395744587833e-07,0.3360655737704918,0.6639344262295082
C,2024,13,RSI_14_Scaled,1.9232033992011566e-06,1.2892641052530962e-06,0.6557377049180327,0.3442622950819672
C,2024,13,Price_to_SMA20_Z60,3.9578898736181145e-07,-1.1083605500061822e-07,0.48360655737704916,0.5163934426229508
C,2024,13,Intraday_Return_Z60,6.304758812802902e-07,4.4966654400013795e-08,0.5081967213114754,0.4918032786885246
C,2024,13,Daily_Range_Z60,5.255445216789667e-07,-2.9544327162511763e-07,0.4344262295081967,0.5655737704918032
C,2024,13,QQQ_Log_Return_1D,2.406997055004467e-07,8.467183398863654e-09,0.5081967213114754,0.4918032786885246
C,2024,13,QQQ_Log_Return_5D,1.018918169393146e-06,9.970053582719629e-08,0.4918032786885246,0.5081967213114754
C,2024,13,QQQ_Volatility_14D,3.9076383018255e-07,-2.19458854644472e-07,0.2786885245901639,0.7213114754098361
C,2024,14,Log_Return_1D_Z60,4.740756764931575e-07,3.583586760669277e-08,0.4918032786885246,0.5081967213114754
C,2024,14,Log_Return_5D_Z60,1.2697028068942018e-06,-2.442448305828293e-07,0.4344262295081967,0.5655737704918032
C,2024,14,Volatility_14D_Z60,9.477647040512238e-07,4.984016186426743e-07,0.6065573770491803,0.39344262295081966
C,2024,14,Relative_Volume_20D_Z60,5.127222379996965e-07,-2.5767292299860856e-07,0.3524590163934426,0.6475409836065574
C,2024,14,RSI_14_Scaled,2.7031780973629793e-06,1.8494571349947364e-06,0.680327868852459,0.319672131147541
C,2024,14,Price_to_SMA20_Z60,6.545868700413848e-07,-9.92167343838446e-08,0.5163934426229508,0.48360655737704916
C,2024,14,Intraday_Return_Z60,7.690030656704039e-07,-8.526861883240144e-09,0.45901639344262296,0.5409836065573771
C,2024,14,Daily_Range_Z60,4.984252655049204e-07,-2.2707087055096054e-07,0.3770491803278688,0.6229508196721312
C,2024,14,QQQ_Log_Return_1D,2.9073356699882424e-07,-5.324605822920603e-08,0.45901639344262296,0.5409836065573771
C,2024,14,QQQ_Log_Return_5D,1.5167827314144233e-06,2.70295203108617e-07,0.5081967213114754,0.4918032786885246
C,2024,14,QQQ_Volatility_14D,5.729482381866546e-07,-3.269845478826028e-07,0.3360655737704918,0.6639344262295082
C,2024,15,Log_Return_1D_Z60,1.1163381259393645e-06,-2.4207114535101937e-08,0.4672131147540984,0.5327868852459017
C,2024,15,Log_Return_5D_Z60,1.8276564333064016e-06,-2.524168678519345e-07,0.5245901639344263,0.47540983606557374
C,2024,15,Volatility_14D_Z60,1.2326775049587013e-06,6.116864597061067e-07,0.5983606557377049,0.4016393442622951
C,2024,15,Relative_Volume_20D_Z60,8.682814609528577e-07,-2.904357927491219e-07,0.3360655737704918,0.6639344262295082
C,2024,15,RSI_14_Scaled,3.7795830394316e-06,2.7037831387133338e-06,0.6721311475409836,0.32786885245901637
C,2024,15,Price_to_SMA20_Z60,1.0300964277121238e-06,-1.0019623886137197e-07,0.5819672131147541,0.4180327868852459
C,2024,15,Intraday_Return_Z60,1.7019353890646016e-06,-1.1254548581973722e-07,0.5,0.5
C,2024,15,Daily_Range_Z60,1.0204862519458402e-06,-2.3516091118835902e-07,0.45081967213114754,0.5491803278688525
C,2024,15,QQQ_Log_Return_1D,5.980529635962739e-07,-9.260150868328765e-09,0.5245901639344263,0.47540983606557374
C,2024,15,QQQ_Log_Return_5D,2.050855073321145e-06,5.233011393102061e-07,0.5245901639344263,0.47540983606557374
C,2024,15,QQQ_Volatility_14D,8.482156204081548e-07,-4.828144142265955e-07,0.3114754098360656,0.6885245901639344
C,2024,16,Log_Return_1D_Z60,1.4005768207425717e-06,-4.003454634471382e-08,0.4918032786885246,0.5081967213114754
C,2024,16,Log_Return_5D_Z60,2.929385573224863e-06,-3.597281192924129e-07,0.5327868852459017,0.4672131147540984
C,2024,16,Volatility_14D_Z60,1.8425093912810553e-06,6.894881607877323e-07,0.5655737704918032,0.4344262295081967
C,2024,16,Relative_Volume_20D_Z60,1.391297473674058e-06,-7.638964234502055e-07,0.38524590163934425,0.6147540983606558
C,2024,16,RSI_14_Scaled,5.867554136784747e-06,3.734238362085307e-06,0.6229508196721312,0.3770491803278688
C,2024,16,Price_to_SMA20_Z60,1.6847568531375146e-06,-2.054567431741816e-07,0.4672131147540984,0.5327868852459017
C,2024,16,Intraday_Return_Z60,2.159343694074778e-06,-3.3915068797796266e-07,0.4672131147540984,0.5327868852459017
C,2024,16,Daily_Range_Z60,1.2673823448494659e-06,6.715462319561993e-08,0.48360655737704916,0.5163934426229508
C,2024,16,QQQ_Log_Return_1D,8.539188343092974e-07,-1.0004883144176802e-08,0.48360655737704916,0.5163934426229508
C,2024,16,QQQ_Log_Return_5D,2.8475428734964225e-06,9.036955361807486e-07,0.5409836065573771,0.45901639344262296
C,2024,16,QQQ_Volatility_14D,1.360701162411715e-06,-6.980457669669704e-07,0.29508196721311475,0.7049180327868853
C,2024,17,Log_Return_1D_Z60,2.1123387341503985e-06,-3.642107060386479e-07,0.47540983606557374,0.5245901639344263
C,2024,17,Log_Return_5D_Z60,5.2310319915704895e-06,-4.266228188498644e-07,0.5327868852459017,0.4672131147540984
C,2024,17,Volatility_14D_Z60,2.925211447291076e-06,1.2856598914368078e-06,0.5901639344262295,0.4098360655737705
C,2024,17,Relative_Volume_20D_Z60,2.2411700228985865e-06,-1.018285161080712e-06,0.30327868852459017,0.6967213114754098
C,2024,17,RSI_14_Scaled,9.082225005840883e-06,5.86215901421383e-06,0.5901639344262295,0.4098360655737705
C,2024,17,Price_to_SMA20_Z60,2.7821242838399485e-06,-1.782164389396712e-07,0.5245901639344263,0.47540983606557374
C,2024,17,Intraday_Return_Z60,2.8589101930265315e-06,-1.9285465668872348e-07,0.47540983606557374,0.5245901639344263
C,2024,17,Daily_Range_Z60,2.1837556687387405e-06,-3.9903451920508815e-07,0.4262295081967213,0.5737704918032787
C,2024,17,QQQ_Log_Return_1D,1.233034936376498e-06,5.452179507869914e-08,0.4262295081967213,0.5737704918032787
C,2024,17,QQQ_Log_Return_5D,4.735506990982685e-06,1.6592146039329236e-06,0.5163934426229508,0.48360655737704916
C,2024,17,QQQ_Volatility_14D,2.1856583316548495e-06,-1.2331462357906275e-06,0.26229508196721313,0.7377049180327869
C,2024,18,Log_Return_1D_Z60,2.954153160317219e-06,8.199521062124404e-08,0.4672131147540984,0.5327868852459017
C,2024,18,Log_Return_5D_Z60,7.926088073872961e-06,-5.9137416741350535e-08,0.5245901639344263,0.47540983606557374
C,2024,18,Volatility_14D_Z60,4.611722943081986e-06,1.7703739558783127e-06,0.5491803278688525,0.45081967213114754
C,2024,18,Relative_Volume_20D_Z60,3.3158480619022157e-06,-9.906403874992975e-07,0.3360655737704918,0.6639344262295082
C,2024,18,RSI_14_Scaled,1.3151541679690126e-05,8.477612027490977e-06,0.5819672131147541,0.4180327868852459
C,2024,18,Price_to_SMA20_Z60,4.39531504525803e-06,-4.334536072292394e-07,0.4918032786885246,0.5081967213114754
C,2024,18,Intraday_Return_Z60,4.492457264859695e-06,6.828009873061092e-07,0.5573770491803278,0.4426229508196721
C,2024,18,Daily_Range_Z60,2.7414052965468727e-06,-1.1749516488634981e-06,0.4344262295081967,0.5655737704918032
C,2024,18,QQQ_Log_Return_1D,2.1008545445511118e-06,-2.4054230607362115e-07,0.39344262295081966,0.6065573770491803
C,2024,18,QQQ_Log_Return_5D,7.284055755008012e-06,2.3483946733904304e-06,0.4918032786885246,0.5081967213114754
C,2024,18,QQQ_Volatility_14D,3.6602627915272024e-06,-1.9996389255538816e-06,0.2786885245901639,0.7213114754098361
C,2024,19,Log_Return_1D_Z60,5.2439409046201035e-06,9.10871847281669e-07,0.5737704918032787,0.4262295081967213
C,2024,19,Log_Return_5D_Z60,1.19999167509377e-05,4.729413660697901e-07,0.5737704918032787,0.4262295081967213
C,2024,19,Volatility_14D_Z60,7.0387482082878705e-06,2.73930072580697e-06,0.5573770491803278,0.4426229508196721
C,2024,19,Relative_Volume_20D_Z60,5.817820238007698e-06,-2.7052869882027153e-06,0.2786885245901639,0.7213114754098361
C,2024,19,RSI_14_Scaled,1.947374767041765e-05,1.1502930647111498e-05,0.5819672131147541,0.4180327868852459
C,2024,19,Price_to_SMA20_Z60,7.736583029327448e-06,1.4918992974344292e-07,0.5409836065573771,0.45901639344262296
C,2024,19,Intraday_Return_Z60,5.862242687726393e-06,-8.539391842532496e-07,0.45901639344262296,0.5409836065573771
C,2024,19,Daily_Range_Z60,5.220621460466646e-06,-1.1744855328288395e-06,0.36065573770491804,0.639344262295082
C,2024,19,QQQ_Log_Return_1D,3.9688356991973706e-06,2.0463826331251767e-06,0.5573770491803278,0.4426229508196721
C,2024,19,QQQ_Log_Return_5D,1.0885198207688518e-05,1.4621084574173437e-06,0.4262295081967213,0.5737704918032787
C,2024,19,QQQ_Volatility_14D,5.7747338360059075e-06,-3.7181562220212072e-06,0.22950819672131148,0.7704918032786885
C,2024,20,Log_Return_1D_Z60,1.1462286238383967e-05,1.4290156968854717e-06,0.5,0.5
C,2024,20,Log_Return_5D_Z60,2.0664578187279403e-05,1.7662688378550229e-06,0.5081967213114754,0.4918032786885246
C,2024,20,Volatility_14D_Z60,1.1223728506593034e-05,4.257085038261721e-06,0.5409836065573771,0.45901639344262296
C,2024,20,Relative_Volume_20D_Z60,1.043584052240476e-05,-1.6498877357662423e-06,0.36885245901639346,0.6311475409836066
C,2024,20,RSI_14_Scaled,2.8821934392908588e-05,1.3757187844021246e-05,0.5819672131147541,0.4180327868852459
C,2024,20,Price_to_SMA20_Z60,1.3818063052895013e-05,2.634334578033304e-06,0.5491803278688525,0.45081967213114754
C,2024,20,Intraday_Return_Z60,1.194280048366636e-05,6.456614869421173e-07,0.5081967213114754,0.4918032786885246
C,2024,20,Daily_Range_Z60,8.848142897477373e-06,4.017382195797836e-07,0.48360655737704916,0.5163934426229508
C,2024,20,QQQ_Log_Return_1D,6.538743491546484e-06,1.3504190974344965e-06,0.5491803278688525,0.45081967213114754
C,2024,20,QQQ_Log_Return_5D,1.6135216355905868e-05,2.46932103209474e-07,0.4262295081967213,0.5737704918032787
C,2024,20,QQQ_Volatility_14D,9.598536962585058e-06,-7.226551588246366e-06,0.1721311475409836,0.8278688524590164
C,2024,21,Log_Return_1D_Z60,1.916735891427379e-05,5.847543434356339e-06,0.5409836065573771,0.45901639344262296
C,2024,21,Log_Return_5D_Z60,3.7494210118893534e-05,8.320497727254406e-06,0.5737704918032787,0.4262295081967213
C,2024,21,Volatility_14D_Z60,1.7502808987046592e-05,6.6125985540566035e-06,0.5491803278688525,0.45081967213114754
C,2024,21,Relative_Volume_20D_Z60,1.8416292732581496e-05,-4.7452749640797265e-06,0.3114754098360656,0.6885245901639344
C,2024,21,RSI_14_Scaled,4.384072235552594e-05,1.9948285626014695e-05,0.5327868852459017,0.4672131147540984
C,2024,21,Price_to_SMA20_Z60,2.1634916265611537e-05,5.572582267632242e-06,0.5327868852459017,0.4672131147540984
C,2024,21,Intraday_Return_Z60,1.2532751497928984e-05,-1.1485535367228294e-07,0.5,0.5
C,2024,21,Daily_Range_Z60,1.1321049896650948e-05,-1.3539137171392213e-06,0.36885245901639346,0.6311475409836066
C,2024,21,QQQ_Log_Return_1D,1.3104364370519761e-05,4.612703833117848e-06,0.47540983606557374,0.5245901639344263
C,2024,21,QQQ_Log_Return_5D,2.6910727683571167e-05,8.707747838343494e-07,0.4180327868852459,0.5819672131147541
C,2024,21,QQQ_Volatility_14D,1.6797868738649413e-05,-1.467080528527731e-05,0.1721311475409836,0.8278688524590164
C,2024,22,Log_Return_1D_Z60,3.29556678480003e-05,5.7040761021198705e-06,0.5,0.5
C,2024,22,Log_Return_5D_Z60,6.18988779024221e-05,1.8717237253440544e-05,0.5491803278688525,0.45081967213114754
C,2024,22,Volatility_14D_Z60,2.9914710466982797e-05,2.7931860131502617e-06,0.5245901639344263,0.47540983606557374
C,2024,22,Relative_Volume_20D_Z60,2.921005398093257e-05,-2.9452223770931596e-06,0.3442622950819672,0.6557377049180327
C,2024,22,RSI_14_Scaled,6.17797632003203e-05,2.7957221391261555e-05,0.5737704918032787,0.4262295081967213
C,2024,22,Price_to_SMA20_Z60,4.2231782572343946e-05,1.3658532225235831e-05,0.5163934426229508,0.48360655737704916
C,2024,22,Intraday_Return_Z60,2.813469836837612e-05,8.62363140186062e-06,0.639344262295082,0.36065573770491804
C,2024,22,Daily_Range_Z60,2.4748960640863515e-05,7.97885331849102e-06,0.45901639344262296,0.5409836065573771
C,2024,22,QQQ_Log_Return_1D,1.722163324302528e-05,2.1941800696367864e-06,0.4180327868852459,0.5819672131147541
C,2024,22,QQQ_Log_Return_5D,4.4078587961848825e-05,1.6985070487862686e-06,0.5245901639344263,0.47540983606557374
C,2024,22,QQQ_Volatility_14D,2.9304768759175204e-05,-2.690215660550166e-05,0.11475409836065574,0.8852459016393442
C,2024,23,Log_Return_1D_Z60,5.219867671257816e-05,6.265679076022934e-06,0.5081967213114754,0.4918032786885246
C,2024,23,Log_Return_5D_Z60,0.00011990735220024362,2.3888531359261833e-05,0.5245901639344263,0.47540983606557374
C,2024,23,Volatility_14D_Z60,3.853385351249017e-05,9.636643881094642e-06,0.5245901639344263,0.47540983606557374
C,2024,23,Relative_Volume_20D_Z60,4.274463208275847e-05,-3.874838512274437e-06,0.32786885245901637,0.6721311475409836
C,2024,23,RSI_14_Scaled,8.949721814133227e-05,4.2951389332301915e-05,0.5491803278688525,0.45081967213114754
C,2024,23,Price_to_SMA20_Z60,6.848995690234005e-05,2.218071313109249e-05,0.5327868852459017,0.4672131147540984
C,2024,23,Intraday_Return_Z60,3.5932534956373274e-05,2.8308891160122585e-06,0.5327868852459017,0.4672131147540984
C,2024,23,Daily_Range_Z60,3.079850648646243e-05,5.065292498329654e-06,0.45081967213114754,0.5491803278688525
C,2024,23,QQQ_Log_Return_1D,3.0340423109009862e-05,8.5566243797075e-06,0.4262295081967213,0.5737704918032787
C,2024,23,QQQ_Log_Return_5D,7.909796113381162e-05,6.084812866902212e-06,0.5,0.5
C,2024,23,QQQ_Volatility_14D,5.183854591450654e-05,-4.806609285878949e-05,0.08196721311475409,0.9180327868852459
C,2024,24,Log_Return_1D_Z60,0.00011178825661772862,1.8416132661513984e-05,0.4672131147540984,0.5327868852459017
C,2024,24,Log_Return_5D_Z60,0.00017700936587061733,3.7202873500064015e-05,0.5327868852459017,0.4672131147540984
C,2024,24,Volatility_14D_Z60,5.565497849602252e-05,1.2767095540766604e-05,0.5655737704918032,0.4344262295081967
C,2024,24,Relative_Volume_20D_Z60,6.598859908990562e-05,-1.1238715160288848e-05,0.3360655737704918,0.6639344262295082
C,2024,24,RSI_14_Scaled,0.0001307700149482116,6.753630441380665e-05,0.5,0.5
C,2024,24,Price_to_SMA20_Z60,0.00010380867752246559,3.6634901334764436e-05,0.5573770491803278,0.4426229508196721
C,2024,24,Intraday_Return_Z60,5.592954039457254e-05,7.1058334469853435e-06,0.5163934426229508,0.48360655737704916
C,2024,24,Daily_Range_Z60,4.410302062751725e-05,-4.908410573989386e-06,0.36885245901639346,0.6311475409836066
C,2024,24,QQQ_Log_Return_1D,5.887232691748068e-05,1.1353048648743425e-05,0.4426229508196721,0.5573770491803278
C,2024,24,QQQ_Log_Return_5D,0.00013125332770869136,2.2139158318168484e-05,0.5245901639344263,0.47540983606557374
C,2024,24,QQQ_Volatility_14D,8.866365533322096e-05,-8.262619667220861e-05,0.08196721311475409,0.9180327868852459
C,2024,25,Log_Return_1D_Z60,0.00019836731371469796,3.924312477465719e-05,0.4918032786885246,0.5081967213114754
C,2024,25,Log_Return_5D_Z60,0.00028583986568264663,5.1252405683044344e-05,0.5573770491803278,0.4426229508196721
C,2024,25,Volatility_14D_Z60,9.642426448408514e-05,1.9056689779972658e-05,0.5081967213114754,0.4918032786885246
C,2024,25,Relative_Volume_20D_Z60,8.693016570759937e-05,-2.105114072037395e-05,0.39344262295081966,0.6065573770491803
C,2024,25,RSI_14_Scaled,0.00019627860456239432,9.784713620319963e-05,0.4918032786885246,0.5081967213114754
C,2024,25,Price_to_SMA20_Z60,0.00018909685604739934,7.79779365984723e-05,0.5327868852459017,0.4672131147540984
C,2024,25,Intraday_Return_Z60,7.046892278594896e-05,1.7919370293384418e-05,0.5573770491803278,0.4426229508196721
C,2024,25,Daily_Range_Z60,7.87783064879477e-05,1.7947362721315585e-05,0.4672131147540984,0.5327868852459017
C,2024,25,QQQ_Log_Return_1D,9.88068277365528e-05,3.7855719710933045e-05,0.4918032786885246,0.5081967213114754
C,2024,25,QQQ_Log_Return_5D,0.00022209009330254048,2.6922585675492883e-05,0.5,0.5
C,2024,25,QQQ_Volatility_14D,0.00015480496222153306,-0.00014386314433068037,0.09016393442622951,0.9098360655737705
C,2024,26,Log_Return_1D_Z60,0.0004238293622620404,6.865079194540158e-05,0.5327868852459017,0.4672131147540984
C,2024,26,Log_Return_5D_Z60,0.0005361046059988439,8.830533624859527e-05,0.5655737704918032,0.4344262295081967
C,2024,26,Volatility_14D_Z60,0.00018252209702041,1.1434157386247534e-05,0.4262295081967213,0.5737704918032787
C,2024,26,Relative_Volume_20D_Z60,0.00015833567886147648,-1.2402456377458293e-05,0.36065573770491804,0.639344262295082
C,2024,26,RSI_14_Scaled,0.00030121279996819794,0.00013592146569862962,0.5737704918032787,0.4262295081967213
C,2024,26,Price_to_SMA20_Z60,0.000356702774297446,0.0001552626199554652,0.5163934426229508,0.48360655737704916
C,2024,26,Intraday_Return_Z60,0.00014744115469511598,7.031688437564299e-05,0.5983606557377049,0.4016393442622951
C,2024,26,Daily_Range_Z60,0.0001420439366484061,5.2016803238075227e-05,0.5409836065573771,0.45901639344262296
C,2024,26,QQQ_Log_Return_1D,0.00022931801504455507,0.00012847701145801693,0.5081967213114754,0.4918032786885246
C,2024,26,QQQ_Log_Return_5D,0.00039224623469635844,-3.012064189533703e-05,0.45901639344262296,0.5409836065573771
C,2024,26,QQQ_Volatility_14D,0.00025820956216193736,-0.00023920189414639026,0.08196721311475409,0.9180327868852459
C,2024,27,Log_Return_1D_Z60,0.0008885364513844252,0.00014806298713665456,0.47540983606557374,0.5245901639344263
C,2024,27,Log_Return_5D_Z60,0.0008359146886505187,0.00014607570483349264,0.5163934426229508,0.48360655737704916
C,2024,27,Volatility_14D_Z60,0.00035296098212711513,-2.013724406424444e-05,0.3442622950819672,0.6557377049180327
C,2024,27,Relative_Volume_20D_Z60,0.00017222134920302778,-3.798888792516664e-05,0.4098360655737705,0.5901639344262295
C,2024,27,RSI_14_Scaled,0.0004449442494660616,0.000224179559154436,0.5819672131147541,0.4180327868852459
C,2024,27,Price_to_SMA20_Z60,0.0006085591157898307,0.000266041315626353,0.5,0.5
C,2024,27,Intraday_Return_Z60,0.00023321133630815893,9.634820889914408e-05,0.5409836065573771,0.45901639344262296
C,2024,27,Daily_Range_Z60,0.00020410481374710798,3.951781400246546e-05,0.5327868852459017,0.4672131147540984
C,2024,27,QQQ_Log_Return_1D,0.000301612657494843,3.0292008887045085e-05,0.4180327868852459,0.5819672131147541
C,2024,27,QQQ_Log_Return_5D,0.0005849722656421363,-4.953688767272979e-05,0.4918032786885246,0.5081967213114754
C,2024,27,QQQ_Volatility_14D,0.00041278585558757186,-0.0003839254204649478,0.09016393442622951,0.9098360655737705
C,2024,28,Log_Return_1D_Z60,0.0016329134814441204,0.00023216767294798046,0.5737704918032787,0.4262295081967213
C,2024,28,Log_Return_5D_Z60,0.0013887048698961735,0.00030491763027384877,0.5409836065573771,0.45901639344262296
C,2024,28,Volatility_14D_Z60,0.0006054104305803776,-2.228769699286204e-05,0.36065573770491804,0.639344262295082
C,2024,28,Relative_Volume_20D_Z60,0.00020510537433438003,-2.203706571890507e-05,0.4262295081967213,0.5737704918032787
C,2024,28,RSI_14_Scaled,0.0005546178435906768,0.00032282344182021916,0.6147540983606558,0.38524590163934425
C,2024,28,Price_to_SMA20_Z60,0.0009554681601002812,0.0003991631674580276,0.5245901639344263,0.47540983606557374
C,2024,28,Intraday_Return_Z60,0.00040945649379864335,0.0002421322133159265,0.5409836065573771,0.45901639344262296
C,2024,28,Daily_Range_Z60,0.00026503161643631756,5.7784694945439696e-05,0.5,0.5
C,2024,28,QQQ_Log_Return_1D,0.0006599254556931555,0.00013088603736832738,0.5327868852459017,0.4672131147540984
C,2024,28,QQQ_Log_Return_5D,0.0008943112916313112,-0.00014363603258971125,0.5,0.5
C,2024,28,QQQ_Volatility_14D,0.0006156720337457955,-0.0005706523079425097,0.09016393442622951,0.9098360655737705
C,2024,29,Log_Return_1D_Z60,0.003955554217100143,0.00026757552404887974,0.4672131147540984,0.5327868852459017
C,2024,29,Log_Return_5D_Z60,0.002361026592552662,0.00026679332950152457,0.4918032786885246,0.5081967213114754
C,2024,29,Volatility_14D_Z60,0.0010322132147848606,-7.422793828482099e-07,0.36065573770491804,0.639344262295082
C,2024,29,Relative_Volume_20D_Z60,0.00027006393065676093,1.6949965356616303e-05,0.5,0.5
C,2024,29,RSI_14_Scaled,0.0007774209952913225,0.00028176119667477906,0.5819672131147541,0.4180327868852459
C,2024,29,Price_to_SMA20_Z60,0.0015686554834246635,0.000615508237387985,0.5327868852459017,0.4672131147540984
C,2024,29,Intraday_Return_Z60,0.0009301555692218244,0.0005286299856379628,0.5819672131147541,0.4180327868852459
C,2024,29,Daily_Range_Z60,0.0004443863872438669,5.9357604186516255e-05,0.47540983606557374,0.5245901639344263
C,2024,29,QQQ_Log_Return_1D,0.001535104471258819,1.9982460798928514e-05,0.38524590163934425,0.6147540983606558
C,2024,29,QQQ_Log_Return_5D,0.001224037609063089,-6.476209091488272e-05,0.5573770491803278,0.4426229508196721
C,2024,29,QQQ_Volatility_14D,0.0008436524076387286,-0.0007586540887132287,0.12295081967213115,0.8770491803278688
C,2024,30,Log_Return_1D_Z60,0.009103703312575817,0.002048912225291133,0.639344262295082,0.36065573770491804
C,2024,30,Log_Return_5D_Z60,0.0034100799821317196,0.0008921372937038541,0.5983606557377049,0.4016393442622951
C,2024,30,Volatility_14D_Z60,0.002435085829347372,0.0002664283965714276,0.4180327868852459,0.5819672131147541
C,2024,30,Relative_Volume_20D_Z60,0.006121713202446699,-0.004735596477985382,0.4180327868852459,0.5819672131147541
C,2024,30,RSI_14_Scaled,0.0013193502090871334,0.00023909108131192625,0.5081967213114754,0.4918032786885246
C,2024,30,Price_to_SMA20_Z60,0.0025208424776792526,0.0012871200451627374,0.5655737704918032,0.4344262295081967
C,2024,30,Intraday_Return_Z60,0.00310256564989686,0.001387088792398572,0.5901639344262295,0.4098360655737705
C,2024,30,Daily_Range_Z60,0.001472169067710638,0.0005158675485290587,0.5819672131147541,0.4180327868852459
C,2024,30,QQQ_Log_Return_1D,0.003994720987975597,0.0006434405222535133,0.5081967213114754,0.4918032786885246
C,2024,30,QQQ_Log_Return_5D,0.0016930418787524104,0.0002038483216892928,0.5245901639344263,0.47540983606557374
C,2024,30,QQQ_Volatility_14D,0.0011581428116187453,-0.0009741330868564546,0.22131147540983606,0.7786885245901639
A,2025,1,Log_Return_1D_Z60,2.4932658106990857e-06,-3.0656005378659756e-07,0.44666666666666666,0.5533333333333333
A,2025,1,Log_Return_5D_Z60,1.8759758404485183e-06,2.439447541746631e-07,0.5133333333333333,0.4866666666666667
A,2025,1,Volatility_14D_Z60,1.8502452121538226e-06,4.342575152804784e-07,0.6,0.4
A,2025,1,Relative_Volume_20D_Z60,1.3875519471184816e-06,1.4043388318896177e-07,0.6533333333333333,0.3466666666666667
A,2025,1,RSI_14_Scaled,7.326005288632587e-06,-3.4286570098629454e-06,0.5066666666666667,0.49333333333333335
A,2025,1,Price_to_SMA20_Z60,4.717607680504443e-06,1.5686673577874899e-06,0.5333333333333333,0.4666666666666667
A,2025,1,Intraday_Return_Z60,2.7337307528796373e-06,6.787529400753556e-07,0.5133333333333333,0.4866666666666667
A,2025,1,Daily_Range_Z60,2.196949935751036e-06,1.1201377958514058e-07,0.4533333333333333,0.5466666666666666
A,2025,1,QQQ_Log_Return_1D,6.483890047093155e-07,-2.2215314743334602e-07,0.4266666666666667,0.5733333333333334
A,2025,1,QQQ_Log_Return_5D,6.494661192846252e-06,-9.077903087018058e-07,0.38666666666666666,0.6133333333333333
A,2025,1,QQQ_Volatility_14D,3.398217586436658e-06,2.4384987682424253e-06,0.7666666666666667,0.23333333333333334
A,2025,2,Log_Return_1D_Z60,3.58872262040677e-06,5.51123775949236e-07,0.5066666666666667,0.49333333333333335
A,2025,2,Log_Return_5D_Z60,2.418359599687392e-06,3.5803620335173036e-07,0.54,0.46
A,2025,2,Volatility_14D_Z60,2.2084252577769803e-06,6.798186973355769e-07,0.58,0.42
A,2025,2,Relative_Volume_20D_Z60,2.501787321307347e-06,-6.398435630217136e-07,0.5466666666666666,0.4533333333333333
A,2025,2,RSI_14_Scaled,9.850989954429679e-06,-5.1278630053275265e-06,0.4866666666666667,0.5133333333333333
A,2025,2,Price_to_SMA20_Z60,5.867246272828197e-06,2.178644081141101e-06,0.5466666666666666,0.4533333333333333
A,2025,2,Intraday_Return_Z60,4.162468030699529e-06,-2.0438388048660272e-07,0.4666666666666667,0.5333333333333333
A,2025,2,Daily_Range_Z60,3.7812294522154843e-06,-1.6803004143639555e-07,0.42,0.58
A,2025,2,QQQ_Log_Return_1D,1.1204845122847473e-06,-1.0560674468251818e-07,0.42,0.58
A,2025,2,QQQ_Log_Return_5D,8.26304494694341e-06,-9.502978741693369e-07,0.44666666666666666,0.5533333333333333
A,2025,2,QQQ_Volatility_14D,4.69708629680099e-06,3.361333028806257e-06,0.7466666666666667,0.25333333333333335
A,2025,3,Log_Return_1D_Z60,4.466727659746539e-06,-7.063283646857599e-07,0.41333333333333333,0.5866666666666667
A,2025,3,Log_Return_5D_Z60,3.331152356622624e-06,1.715913100497346e-07,0.49333333333333335,0.5066666666666667
A,2025,3,Volatility_14D_Z60,2.6637994778866414e-06,1.1495824310259195e-06,0.6733333333333333,0.32666666666666666
A,2025,3,Relative_Volume_20D_Z60,2.7154674171470106e-06,4.904546102579843e-08,0.62,0.38
A,2025,3,RSI_14_Scaled,1.1062828889407683e-05,-5.900302312511485e-06,0.4666666666666667,0.5333333333333333
A,2025,3,Price_to_SMA20_Z60,6.570361165358918e-06,2.1998359898134368e-06,0.5733333333333334,0.4266666666666667
A,2025,3,Intraday_Return_Z60,5.503470674739219e-06,6.568931212314055e-07,0.5533333333333333,0.44666666666666666
A,2025,3,Daily_Range_Z60,7.0658279582858086e-06,1.1058767057647856e-07,0.4533333333333333,0.5466666666666666
A,2025,3,QQQ_Log_Return_1D,1.4937372725398745e-06,-1.8013078317835607e-07,0.44,0.56
A,2025,3,QQQ_Log_Return_5D,1.02197382148006e-05,-1.958591838047141e-06,0.44666666666666666,0.5533333333333333
A,2025,3,QQQ_Volatility_14D,6.195285095600411e-06,4.54038854513783e-06,0.74,0.26
A,2025,4,Log_Return_1D_Z60,5.87652266403893e-06,-9.76071987679461e-07,0.47333333333333333,0.5266666666666666
A,2025,4,Log_Return_5D_Z60,4.2798328649951145e-06,-4.729282636617427e-07,0.4066666666666667,0.5933333333333334
A,2025,4,Volatility_14D_Z60,3.3152666674141074e-06,1.4581590903617325e-06,0.6333333333333333,0.36666666666666664
A,2025,4,Relative_Volume_20D_Z60,3.0557034733647015e-06,7.568384319256438e-08,0.5,0.5
A,2025,4,RSI_14_Scaled,1.1871106835315004e-05,-6.9092043304408435e-06,0.4866666666666667,0.5133333333333333
A,2025,4,Price_to_SMA20_Z60,6.993459464865737e-06,2.3488098577217897e-06,0.58,0.42
A,2025,4,Intraday_Return_Z60,6.734997441526502e-06,6.330033670565172e-07,0.5133333333333333,0.4866666666666667
A,2025,4,Daily_Range_Z60,8.344454727193806e-06,5.044607860327233e-07,0.4266666666666667,0.5733333333333334
A,2025,4,QQQ_Log_Return_1D,3.2387335977546172e-06,-3.0452832788796513e-07,0.49333333333333335,0.5066666666666667
A,2025,4,QQQ_Log_Return_5D,1.1243508197367191e-05,-6.302801125457336e-07,0.4533333333333333,0.5466666666666666
A,2025,4,QQQ_Volatility_14D,7.649633516848553e-06,5.364021490095183e-06,0.7133333333333334,0.2866666666666667
A,2025,5,Log_Return_1D_Z60,6.628736628044862e-06,2.3823893968710763e-07,0.47333333333333333,0.5266666666666666
A,2025,5,Log_Return_5D_Z60,5.414344741438981e-06,-1.0775468126666965e-06,0.42,0.58
A,2025,5,Volatility_14D_Z60,4.532171260507312e-06,2.417025370959891e-06,0.6266666666666667,0.37333333333333335
A,2025,5,Relative_Volume_20D_Z60,4.876356342720101e-06,-1.394527959774905e-08,0.5266666666666666,0.47333333333333333
A,2025,5,RSI_14_Scaled,1.423391677235486e-05,-8.858794899424538e-06,0.4266666666666667,0.5733333333333334
A,2025,5,Price_to_SMA20_Z60,8.161081495927647e-06,2.9646651000803104e-06,0.6066666666666667,0.3933333333333333
A,2025,5,Intraday_Return_Z60,7.886338607931975e-06,7.499880325667618e-07,0.49333333333333335,0.5066666666666667
A,2025,5,Daily_Range_Z60,1.5468267520191148e-05,-1.870215982080481e-07,0.44666666666666666,0.5533333333333333
A,2025,5,QQQ_Log_Return_1D,4.844249360758113e-06,-1.945778791423436e-07,0.4666666666666667,0.5333333333333333
A,2025,5,QQQ_Log_Return_5D,1.2554711247503292e-05,-6.504506018245593e-07,0.44666666666666666,0.5533333333333333
A,2025,5,QQQ_Volatility_14D,9.183183465211187e-06,6.7344244598643854e-06,0.7133333333333334,0.2866666666666667
A,2025,6,Log_Return_1D_Z60,8.062253073148895e-06,-9.497954351900262e-07,0.47333333333333333,0.5266666666666666
A,2025,6,Log_Return_5D_Z60,5.626995971397264e-06,-1.3129955505064572e-06,0.44,0.56
A,2025,6,Volatility_14D_Z60,7.195578291430138e-06,3.0775461254961556e-06,0.56,0.44
A,2025,6,Relative_Volume_20D_Z60,6.4251294134010095e-06,-2.929455789058011e-08,0.49333333333333335,0.5066666666666667
A,2025,6,RSI_14_Scaled,1.4754111361980904e-05,-1.0410384675196838e-05,0.3933333333333333,0.6066666666666667
A,2025,6,Price_to_SMA20_Z60,1.0199297321378253e-05,4.057422302139457e-06,0.62,0.38
A,2025,6,Intraday_Return_Z60,8.381006409763359e-06,1.965472392839729e-06,0.5933333333333334,0.4066666666666667
A,2025,6,Daily_Range_Z60,2.2220807295525447e-05,-4.219958100293297e-06,0.32666666666666666,0.6733333333333333
A,2025,6,QQQ_Log_Return_1D,8.227108082792256e-06,-2.640074399096193e-07,0.5266666666666666,0.47333333333333333
A,2025,6,QQQ_Log_Return_5D,1.2439810234354809e-05,-3.078289694258274e-07,0.46,0.54
A,2025,6,QQQ_Volatility_14D,1.0589950761641376e-05,7.596762316097738e-06,0.6866666666666666,0.31333333333333335
A,2025,7,Log_Return_1D_Z60,9.263121683034115e-06,7.82940574595159e-08,0.47333333333333333,0.5266666666666666
A,2025,7,Log_Return_5D_Z60,6.650694103882415e-06,-1.6825413240439957e-06,0.38666666666666666,0.6133333333333333
A,2025,7,Volatility_14D_Z60,1.2153735042375047e-05,4.318914307077648e-06,0.52,0.48
A,2025,7,Relative_Volume_20D_Z60,1.0464107617735863e-05,-3.375345443146216e-07,0.54,0.46
A,2025,7,RSI_14_Scaled,1.6647460142849013e-05,-1.2754701856465545e-05,0.28,0.72
A,2025,7,Price_to_SMA20_Z60,1.4081603694648948e-05,5.426306415756699e-06,0.6533333333333333,0.3466666666666667
A,2025,7,Intraday_Return_Z60,1.0926215509243775e-05,-4.55367739959911e-07,0.5,0.5
A,2025,7,Daily_Range_Z60,2.9400456696748734e-05,-5.05026991959312e-06,0.36666666666666664,0.6333333333333333
A,2025,7,QQQ_Log_Return_1D,1.2512216926552355e-05,1.6587163145231898e-06,0.5666666666666667,0.43333333333333335
A,2025,7,QQQ_Log_Return_5D,1.407958916388452e-05,5.118399712955579e-07,0.47333333333333333,0.5266666666666666
A,2025,7,QQQ_Volatility_14D,1.2089241863577627e-05,8.340944987139665e-06,0.68,0.32
A,2025,8,Log_Return_1D_Z60,1.0648936040524859e-05,-5.795854463030992e-07,0.4866666666666667,0.5133333333333333
A,2025,8,Log_Return_5D_Z60,8.520323717675637e-06,-2.217282826677547e-06,0.44666666666666666,0.5533333333333333
A,2025,8,Volatility_14D_Z60,2.1687585103791207e-05,6.373167707351968e-06,0.52,0.48
A,2025,8,Relative_Volume_20D_Z60,1.4765814739803318e-05,-2.0904606117255753e-06,0.4866666666666667,0.5133333333333333
A,2025,8,RSI_14_Scaled,2.182553544116672e-05,-1.483606956753647e-05,0.30666666666666664,0.6933333333333334
A,2025,8,Price_to_SMA20_Z60,2.317177495569922e-05,6.337174909276655e-06,0.56,0.44
A,2025,8,Intraday_Return_Z60,1.2231379514560103e-05,1.2559754622998298e-06,0.4866666666666667,0.5133333333333333
A,2025,8,Daily_Range_Z60,4.8304118536179885e-05,6.093391107242496e-07,0.3933333333333333,0.6066666666666667
A,2025,8,QQQ_Log_Return_1D,2.1986985302646644e-05,5.347163551050471e-06,0.56,0.44
A,2025,8,QQQ_Log_Return_5D,1.783021798473783e-05,1.5055964013299672e-06,0.5066666666666667,0.49333333333333335
A,2025,8,QQQ_Volatility_14D,1.3601761565951165e-05,7.911601642263122e-06,0.6666666666666666,0.3333333333333333
A,2025,9,Log_Return_1D_Z60,1.4862737771181855e-05,-3.1237696020980366e-06,0.4,0.6
A,2025,9,Log_Return_5D_Z60,9.82838355412241e-06,-3.743914476217469e-06,0.42,0.58
A,2025,9,Volatility_14D_Z60,3.5234770621173084e-05,1.0800310519698542e-05,0.5333333333333333,0.4666666666666667
A,2025,9,Relative_Volume_20D_Z60,2.116791256412398e-05,-1.4684360394312534e-06,0.48,0.52
A,2025,9,RSI_14_Scaled,3.28896458086092e-05,-1.408140451530926e-05,0.2866666666666667,0.7133333333333334
A,2025,9,Price_to_SMA20_Z60,4.142813850194216e-05,6.8422195909079164e-06,0.52,0.48
A,2025,9,Intraday_Return_Z60,1.4779946468479466e-05,5.519434864709183e-08,0.4866666666666667,0.5133333333333333
A,2025,9,Daily_Range_Z60,6.328863673843443e-05,1.6439764749520691e-06,0.4266666666666667,0.5733333333333334
A,2025,9,QQQ_Log_Return_1D,3.1584215321345255e-05,2.6661484753276454e-06,0.5466666666666666,0.4533333333333333
A,2025,9,QQQ_Log_Return_5D,2.334378041268792e-05,4.5786819100612774e-06,0.56,0.44
A,2025,9,QQQ_Volatility_14D,1.634731779631693e-05,7.029286734905327e-06,0.6266666666666667,0.37333333333333335
A,2025,10,Log_Return_1D_Z60,1.999960841203574e-05,-1.894822389658657e-06,0.49333333333333335,0.5066666666666667
A,2025,10,Log_Return_5D_Z60,1.2796050214092247e-05,-6.061185558792204e-06,0.36666666666666664,0.6333333333333333
A,2025,10,Volatility_14D_Z60,5.42534253327176e-05,1.680030436546076e-05,0.5133333333333333,0.4866666666666667
A,2025,10,Relative_Volume_20D_Z60,2.8857517463620752e-05,1.845495603447489e-06,0.42,0.58
A,2025,10,RSI_14_Scaled,5.528283509192988e-05,-1.444542795070447e-05,0.38666666666666666,0.6133333333333333
A,2025,10,Price_to_SMA20_Z60,7.039174670353532e-05,7.916286449471954e-06,0.5466666666666666,0.4533333333333333
A,2025,10,Intraday_Return_Z60,1.632090970815625e-05,2.3914062694530003e-06,0.5533333333333333,0.44666666666666666
A,2025,10,Daily_Range_Z60,9.45467982091941e-05,1.6992271412163973e-05,0.46,0.54
A,2025,10,QQQ_Log_Return_1D,4.71782659587916e-05,1.898981281556189e-06,0.5266666666666666,0.47333333333333333
A,2025,10,QQQ_Log_Return_5D,4.004211587016471e-05,1.1264979548286647e-05,0.5466666666666666,0.4533333333333333
A,2025,10,QQQ_Volatility_14D,2.039855462498963e-05,5.231422619544901e-06,0.58,0.42
A,2025,11,Log_Return_1D_Z60,2.3942277039168403e-05,-7.695431349930004e-07,0.4666666666666667,0.5333333333333333
A,2025,11,Log_Return_5D_Z60,1.869240622909274e-05,-1.0917357030848507e-05,0.34,0.66
A,2025,11,Volatility_14D_Z60,8.296468149637803e-05,2.3159485863288864e-05,0.5333333333333333,0.4666666666666667
A,2025,11,Relative_Volume_20D_Z60,4.300000364310108e-05,2.8458039196266327e-06,0.43333333333333335,0.5666666666666667
A,2025,11,RSI_14_Scaled,0.00010299767018295825,-1.065657488652505e-05,0.42,0.58
A,2025,11,Price_to_SMA20_Z60,0.00012312171747907996,1.092436104954686e-05,0.5733333333333334,0.4266666666666667
A,2025,11,Intraday_Return_Z60,1.6618072550045326e-05,4.861520324084267e-07,0.5266666666666666,0.47333333333333333
A,2025,11,Daily_Range_Z60,0.00012891717778984457,8.923359018808696e-06,0.44,0.56
A,2025,11,QQQ_Log_Return_1D,6.362294516293332e-05,2.650526084835292e-06,0.5466666666666666,0.4533333333333333
A,2025,11,QQQ_Log_Return_5D,8.09446137282066e-05,2.2971646103542298e-05,0.5,0.5
A,2025,11,QQQ_Volatility_14D,2.7957912607234903e-05,2.0246975509508047e-06,0.54,0.46
A,2025,12,Log_Return_1D_Z60,4.1195024095941335e-05,-1.0163672413909808e-05,0.49333333333333335,0.5066666666666667
A,2025,12,Log_Return_5D_Z60,2.2214051568880677e-05,-1.3049151675659232e-05,0.35333333333333333,0.6466666666666666
A,2025,12,Volatility_14D_Z60,0.00013769385986961424,4.038052793475799e-05,0.5133333333333333,0.4866666666666667
A,2025,12,Relative_Volume_20D_Z60,5.690602120012045e-05,1.7061375956473057e-06,0.4,0.6
A,2025,12,RSI_14_Scaled,0.00017130983178503811,1.1456214679128607e-06,0.44,0.56
A,2025,12,Price_to_SMA20_Z60,0.00019512955623213202,3.7493805393751245e-06,0.5533333333333333,0.44666666666666666
A,2025,12,Intraday_Return_Z60,2.011495416809339e-05,5.964020601822995e-06,0.6,0.4
A,2025,12,Daily_Range_Z60,0.00018290946900378913,2.16814769373741e-05,0.4,0.6
A,2025,12,QQQ_Log_Return_1D,0.00010438008757773787,5.622540356853278e-06,0.4533333333333333,0.5466666666666666
A,2025,12,QQQ_Log_Return_5D,0.00014122975699137896,2.9006510885665193e-05,0.5066666666666667,0.49333333333333335
A,2025,12,QQQ_Volatility_14D,4.1390991100342944e-05,-5.126903943164507e-06,0.44666666666666666,0.5533333333333333
A,2025,13,Log_Return_1D_Z60,7.084097887855023e-05,-1.1319400073261932e-05,0.4533333333333333,0.5466666666666666
A,2025,13,Log_Return_5D_Z60,3.9382379327435046e-05,-2.6515648642089218e-05,0.38,0.62
A,2025,13,Volatility_14D_Z60,0.00020189117640256882,6.790567567804828e-05,0.52,0.48
A,2025,13,Relative_Volume_20D_Z60,7.761208689771593e-05,-2.162274540751241e-06,0.43333333333333335,0.5666666666666667
A,2025,13,RSI_14_Scaled,0.0002879435196518898,1.8286742488271557e-05,0.46,0.54
A,2025,13,Price_to_SMA20_Z60,0.00031273436616174877,-8.771655302552972e-06,0.5466666666666666,0.4533333333333333
A,2025,13,Intraday_Return_Z60,3.901832315023057e-05,3.801602133535198e-06,0.5133333333333333,0.4866666666666667
A,2025,13,Daily_Range_Z60,0.0002835026534739882,0.00010023192589869723,0.44,0.56
A,2025,13,QQQ_Log_Return_1D,0.00013016571756452322,1.6953468730207533e-05,0.5266666666666666,0.47333333333333333
A,2025,13,QQQ_Log_Return_5D,0.00023463185061700642,2.624236003612168e-05,0.5266666666666666,0.47333333333333333
A,2025,13,QQQ_Volatility_14D,6.405038584489375e-05,-1.819247154344339e-05,0.4066666666666667,0.5933333333333334
A,2025,14,Log_Return_1D_Z60,0.00010597390792099759,-1.7274877563977498e-06,0.4866666666666667,0.5133333333333333
A,2025,14,Log_Return_5D_Z60,5.012976907892153e-05,-2.4403529096161947e-05,0.34,0.66
A,2025,14,Volatility_14D_Z60,0.00027981222956441343,8.519783295923844e-05,0.5266666666666666,0.47333333333333333
A,2025,14,Relative_Volume_20D_Z60,0.00010498624033061787,-1.7392047084285878e-05,0.44,0.56
A,2025,14,RSI_14_Scaled,0.00046340058906935155,5.2282535762060434e-05,0.4533333333333333,0.5466666666666666
A,2025,14,Price_to_SMA20_Z60,0.00047632009955123067,-7.638271199539304e-06,0.5,0.5
A,2025,14,Intraday_Return_Z60,5.635866182274185e-05,1.059614191945002e-06,0.5666666666666667,0.43333333333333335
A,2025,14,Daily_Range_Z60,0.0003235315380152315,9.28341833059676e-05,0.47333333333333333,0.5266666666666666
A,2025,14,QQQ_Log_Return_1D,0.00017395330360159278,9.622162906453013e-06,0.5266666666666666,0.47333333333333333
A,2025,14,QQQ_Log_Return_5D,0.00036902999272570014,3.9235535950865597e-05,0.54,0.46
A,2025,14,QQQ_Volatility_14D,9.545325883664191e-05,-4.151056054979563e-05,0.3466666666666667,0.6533333333333333
A,2025,15,Log_Return_1D_Z60,0.0001642820134293288,-1.878133298305329e-05,0.44,0.56
A,2025,15,Log_Return_5D_Z60,6.576876330655068e-05,-3.964217830798589e-05,0.36666666666666664,0.6333333333333333
A,2025,15,Volatility_14D_Z60,0.00040361809078603983,9.662292723078281e-05,0.4666666666666667,0.5333333333333333
A,2025,15,Relative_Volume_20D_Z60,0.00015326825086958706,-3.2369967811973765e-05,0.34,0.66
A,2025,15,RSI_14_Scaled,0.0006821187562309206,9.492119716014713e-05,0.48,0.52
A,2025,15,Price_to_SMA20_Z60,0.0006736227078363299,-2.7702690204023384e-05,0.5133333333333333,0.4866666666666667
A,2025,15,Intraday_Return_Z60,0.0001014179943013005,2.2786691260989755e-05,0.56,0.44
A,2025,15,Daily_Range_Z60,0.00040281584369949996,6.475733243860304e-05,0.4266666666666667,0.5733333333333334
A,2025,15,QQQ_Log_Return_1D,0.0002725851081777364,3.9815393392927945e-05,0.52,0.48
A,2025,15,QQQ_Log_Return_5D,0.0005589796346612275,6.657109770458192e-05,0.5466666666666666,0.4533333333333333
A,2025,15,QQQ_Volatility_14D,0.0001489531568950042,-7.499515049858019e-05,0.25333333333333335,0.7466666666666667
A,2025,16,Log_Return_1D_Z60,0.00035410240525379777,-3.124211434624158e-05,0.5333333333333333,0.4666666666666667
A,2025,16,Log_Return_5D_Z60,0.0001058993730111979,-4.961760714650154e-05,0.42,0.58
A,2025,16,Volatility_14D_Z60,0.0006007988122291863,0.00015628020628355443,0.4866666666666667,0.5133333333333333
A,2025,16,Relative_Volume_20D_Z60,0.0002767464320641011,3.008040221175179e-05,0.3933333333333333,0.6066666666666667
A,2025,16,RSI_14_Scaled,0.0010028223041445017,0.00014616057160310447,0.46,0.54
A,2025,16,Price_to_SMA20_Z60,0.0009825641755014658,-5.615779446088709e-05,0.5333333333333333,0.4666666666666667
A,2025,16,Intraday_Return_Z60,0.00017069488239940256,4.036653626826592e-05,0.47333333333333333,0.5266666666666666
A,2025,16,Daily_Range_Z60,0.0005958881229162216,0.00019316343241371214,0.46,0.54
A,2025,16,QQQ_Log_Return_1D,0.00037605062243528664,-6.7642440626514144e-06,0.46,0.54
A,2025,16,QQQ_Log_Return_5D,0.0007992240716703236,3.773309799726121e-05,0.54,0.46
A,2025,16,QQQ_Volatility_14D,0.00023265217896550894,-0.00011003439431078732,0.24,0.76
A,2025,17,Log_Return_1D_Z60,0.00047087486018426716,3.8897393096704036e-05,0.5666666666666667,0.43333333333333335
A,2025,17,Log_Return_5D_Z60,0.00016502464131917804,-7.703178562223911e-05,0.4,0.6
A,2025,17,Volatility_14D_Z60,0.0008076988742686808,0.00022127263946458697,0.4866666666666667,0.5133333333333333
A,2025,17,Relative_Volume_20D_Z60,0.00033532321685925126,-6.58444405416958e-05,0.34,0.66
A,2025,17,RSI_14_Scaled,0.0014260300667956471,0.00016377680003643036,0.44,0.56
A,2025,17,Price_to_SMA20_Z60,0.0014097974635660648,-4.0888804505812004e-05,0.54,0.46
A,2025,17,Intraday_Return_Z60,0.00024104096519295126,1.3052079339104239e-05,0.48,0.52
A,2025,17,Daily_Range_Z60,0.0006708654691465199,0.00010525370453251526,0.43333333333333335,0.5666666666666667
A,2025,17,QQQ_Log_Return_1D,0.0005291342968121171,2.7592952392296866e-05,0.4866666666666667,0.5133333333333333
A,2025,17,QQQ_Log_Return_5D,0.0012101588072255254,1.8579541574581526e-05,0.5333333333333333,0.4666666666666667
A,2025,17,QQQ_Volatility_14D,0.0003596725582610816,-0.0001456166646676138,0.20666666666666667,0.7933333333333333
A,2025,18,Log_Return_1D_Z60,0.0006726659485138953,-8.631414675619453e-05,0.5133333333333333,0.4866666666666667
A,2025,18,Log_Return_5D_Z60,0.0002941054117400199,-0.00010159608063986525,0.56,0.44
A,2025,18,Volatility_14D_Z60,0.0010614170460030437,0.0002964300801977515,0.49333333333333335,0.5066666666666667
A,2025,18,Relative_Volume_20D_Z60,0.0004347231879364699,-0.00011852306488435715,0.28,0.72
A,2025,18,RSI_14_Scaled,0.0020518051460385323,0.00031812326051294804,0.46,0.54
A,2025,18,Price_to_SMA20_Z60,0.0018985549686476588,-0.00011051180626964197,0.5,0.5
A,2025,18,Intraday_Return_Z60,0.00035473701427690685,0.0001273800735361874,0.54,0.46
A,2025,18,Daily_Range_Z60,0.0008278884342871606,0.0001923714589793235,0.41333333333333333,0.5866666666666667
A,2025,18,QQQ_Log_Return_1D,0.0005944605218246579,8.00009183876682e-06,0.4866666666666667,0.5133333333333333
A,2025,18,QQQ_Log_Return_5D,0.001762628322467208,-0.00010382798791397363,0.5266666666666666,0.47333333333333333
A,2025,18,QQQ_Volatility_14D,0.0005423403927125037,-0.00023573530779685825,0.22,0.78
A,2025,19,Log_Return_1D_Z60,0.0008787442347966135,-1.5193223816822865e-06,0.5333333333333333,0.4666666666666667
A,2025,19,Log_Return_5D_Z60,0.00044997865916229784,-0.00015889060159679502,0.4866666666666667,0.5133333333333333
A,2025,19,Volatility_14D_Z60,0.001421964610926807,0.00032686616759747267,0.5,0.5
A,2025,19,Relative_Volume_20D_Z60,0.0006085266941227019,-0.0001763416366884485,0.2733333333333333,0.7266666666666667
A,2025,19,RSI_14_Scaled,0.002864596899598837,0.00046014110557734966,0.41333333333333333,0.5866666666666667
A,2025,19,Price_to_SMA20_Z60,0.0026358747854828835,-0.0001332555548287928,0.5266666666666666,0.47333333333333333
A,2025,19,Intraday_Return_Z60,0.0005561226862482727,7.83801733632572e-05,0.49333333333333335,0.5066666666666667
A,2025,19,Daily_Range_Z60,0.0008828365826047957,0.00011998137779301032,0.4066666666666667,0.5933333333333334
A,2025,19,QQQ_Log_Return_1D,0.0007199664250947535,0.0001383109192829579,0.5533333333333333,0.44666666666666666
A,2025,19,QQQ_Log_Return_5D,0.0028815048281103373,2.3856573534430936e-05,0.5466666666666666,0.4533333333333333
A,2025,19,QQQ_Volatility_14D,0.0007794116390869021,-0.000354250252712518,0.18666666666666668,0.8133333333333334
A,2025,20,Log_Return_1D_Z60,0.0013721135910600424,-5.955913366051391e-05,0.54,0.46
A,2025,20,Log_Return_5D_Z60,0.0006443384336307645,-0.00018630264094099402,0.5333333333333333,0.4666666666666667
A,2025,20,Volatility_14D_Z60,0.0019210203317925334,0.00043133218423463404,0.48,0.52
A,2025,20,Relative_Volume_20D_Z60,0.000810571014881134,-0.00015029343194328249,0.28,0.72
A,2025,20,RSI_14_Scaled,0.0038052606396377087,0.0005930031184107065,0.43333333333333335,0.5666666666666667
A,2025,20,Price_to_SMA20_Z60,0.0034300207626074553,-0.00017207769269589335,0.54,0.46
A,2025,20,Intraday_Return_Z60,0.0007506763213314116,5.521650018636137e-05,0.44,0.56
A,2025,20,Daily_Range_Z60,0.0011616867268458009,0.00027146973297931254,0.36,0.64
A,2025,20,QQQ_Log_Return_1D,0.001118441461585462,0.00027878209948539734,0.5733333333333334,0.4266666666666667
A,2025,20,QQQ_Log_Return_5D,0.004070793278515339,0.00014187539636623114,0.5333333333333333,0.4666666666666667
A,2025,20,QQQ_Volatility_14D,0.001157659338787198,-0.0004544289840850979,0.21333333333333335,0.7866666666666666
A,2025,21,Log_Return_1D_Z60,0.002109571360051632,-7.179584645200521e-05,0.5133333333333333,0.4866666666666667
A,2025,21,Log_Return_5D_Z60,0.0008677268051542342,-0.0002790542785078287,0.49333333333333335,0.5066666666666667
A,2025,21,Volatility_14D_Z60,0.002603662433102727,0.0006947786896489561,0.47333333333333333,0.5266666666666666
A,2025,21,Relative_Volume_20D_Z60,0.0009361495613120496,-8.918626554077491e-05,0.3466666666666667,0.6533333333333333
A,2025,21,RSI_14_Scaled,0.005114114377647638,0.0009059526491910219,0.47333333333333333,0.5266666666666666
A,2025,21,Price_to_SMA20_Z60,0.004267091862857342,-0.00023272365797311068,0.52,0.48
A,2025,21,Intraday_Return_Z60,0.0011581036960706115,6.74941620673053e-05,0.5066666666666667,0.49333333333333335
A,2025,21,Daily_Range_Z60,0.0013083447702229023,0.0005197068094275892,0.46,0.54
A,2025,21,QQQ_Log_Return_1D,0.0012293416075408459,9.658305498305708e-05,0.4666666666666667,0.5333333333333333
A,2025,21,QQQ_Log_Return_5D,0.005287326406687498,0.0004249998019076884,0.52,0.48
A,2025,21,QQQ_Volatility_14D,0.0016348345670849085,-0.0005934533546678722,0.2,0.8
A,2025,22,Log_Return_1D_Z60,0.003019303549081087,-0.0007975298794917762,0.44666666666666666,0.5533333333333333
A,2025,22,Log_Return_5D_Z60,0.0013896710006520152,-0.0005454031634144485,0.48,0.52
A,2025,22,Volatility_14D_Z60,0.0034769566264003515,0.0010630328906700015,0.47333333333333333,0.5266666666666666
A,2025,22,Relative_Volume_20D_Z60,0.0013755885884165764,-9.851701179286465e-05,0.30666666666666664,0.6933333333333334
A,2025,22,RSI_14_Scaled,0.006790390238165855,0.0016185170970857143,0.4666666666666667,0.5333333333333333
A,2025,22,Price_to_SMA20_Z60,0.005612483713775873,-0.0008566785836592317,0.4866666666666667,0.5133333333333333
A,2025,22,Intraday_Return_Z60,0.0016052031423896551,0.0006899117142893374,0.54,0.46
A,2025,22,Daily_Range_Z60,0.0012483281316235662,0.00042514156666584313,0.4666666666666667,0.5333333333333333
A,2025,22,QQQ_Log_Return_1D,0.0016307536279782653,0.0003646151744760573,0.5133333333333333,0.4866666666666667
A,2025,22,QQQ_Log_Return_5D,0.007233538664877415,0.0009553287527523935,0.5533333333333333,0.44666666666666666
A,2025,22,QQQ_Volatility_14D,0.002279844367876649,-0.0007591653848066926,0.22,0.78
A,2025,23,Log_Return_1D_Z60,0.004222437739372253,-0.0008787632104940712,0.4866666666666667,0.5133333333333333
A,2025,23,Log_Return_5D_Z60,0.0019082387443631887,-0.0006963750929571688,0.4866666666666667,0.5133333333333333
A,2025,23,Volatility_14D_Z60,0.004766563419252634,0.001553314388729632,0.47333333333333333,0.5266666666666666
A,2025,23,Relative_Volume_20D_Z60,0.001890757237561047,0.00047398218885064125,0.38,0.62
A,2025,23,RSI_14_Scaled,0.009018504992127419,0.002886864822357893,0.52,0.48
A,2025,23,Price_to_SMA20_Z60,0.007005107589066029,-0.001668151468038559,0.42,0.58
A,2025,23,Intraday_Return_Z60,0.0021140407770872116,0.00035187412868253887,0.4866666666666667,0.5133333333333333
A,2025,23,Daily_Range_Z60,0.001142289605922997,0.0005166680784896016,0.5466666666666666,0.4533333333333333
A,2025,23,QQQ_Log_Return_1D,0.001478106714785099,0.0004312689998187125,0.5933333333333334,0.4066666666666667
A,2025,23,QQQ_Log_Return_5D,0.00963909737765789,0.00201171706430614,0.5933333333333334,0.4066666666666667
A,2025,23,QQQ_Volatility_14D,0.0030523857567459345,-0.0010831550462171435,0.19333333333333333,0.8066666666666666
A,2025,24,Log_Return_1D_Z60,0.005583330988883972,0.00036712735891342163,0.4666666666666667,0.5333333333333333
A,2025,24,Log_Return_5D_Z60,0.0029245943296700716,-0.0011062404373660684,0.4666666666666667,0.5333333333333333
A,2025,24,Volatility_14D_Z60,0.006250303238630295,0.0019828465301543474,0.47333333333333333,0.5266666666666666
A,2025,24,Relative_Volume_20D_Z60,0.0017350759590044618,-1.4582332369172946e-05,0.30666666666666664,0.6933333333333334
A,2025,24,RSI_14_Scaled,0.011320261284708977,0.003051264211535454,0.5,0.5
A,2025,24,Price_to_SMA20_Z60,0.008988475427031517,-0.0017097328091040254,0.46,0.54
A,2025,24,Intraday_Return_Z60,0.0028786517214030027,0.0005387171404436231,0.5066666666666667,0.49333333333333335
A,2025,24,Daily_Range_Z60,0.0013943940866738558,0.0009533896227367222,0.6733333333333333,0.32666666666666666
A,2025,24,QQQ_Log_Return_1D,0.0018141022883355618,0.0007335619302466512,0.5866666666666667,0.41333333333333333
A,2025,24,QQQ_Log_Return_5D,0.013036292046308517,0.0030846872832626104,0.62,0.38
A,2025,24,QQQ_Volatility_14D,0.0042989798821508884,-0.0013485581148415804,0.2,0.8
A,2025,25,Log_Return_1D_Z60,0.006578284315764904,-0.0008784850360825658,0.4533333333333333,0.5466666666666666
A,2025,25,Log_Return_5D_Z60,0.004325493238866329,-0.0016094554448500276,0.4533333333333333,0.5466666666666666
A,2025,25,Volatility_14D_Z60,0.007456072140485048,0.0020638832356780767,0.46,0.54
A,2025,25,Relative_Volume_20D_Z60,0.0014806959079578519,0.00010973051394103095,0.38,0.62
A,2025,25,RSI_14_Scaled,0.014985249377787113,0.004744036588817835,0.5266666666666666,0.47333333333333333
A,2025,25,Price_to_SMA20_Z60,0.011380820535123348,-0.00251004402525723,0.4266666666666667,0.5733333333333334
A,2025,25,Intraday_Return_Z60,0.002770843915641308,0.0004272428050171584,0.4866666666666667,0.5133333333333333
A,2025,25,Daily_Range_Z60,0.0023769577965140343,0.0017509333556517959,0.7733333333333333,0.22666666666666666
A,2025,25,QQQ_Log_Return_1D,0.0011683576740324497,0.0002012855838984251,0.58,0.42
A,2025,25,QQQ_Log_Return_5D,0.016156870871782303,0.0026625089813023806,0.5933333333333334,0.4066666666666667
A,2025,25,QQQ_Volatility_14D,0.005760022439062595,-0.0018466863548383117,0.2,0.8
A,2025,26,Log_Return_1D_Z60,0.009209671057760715,-0.0016325957840308547,0.43333333333333335,0.5666666666666667
A,2025,26,Log_Return_5D_Z60,0.005486655049026012,-0.0024256808683276176,0.4066666666666667,0.5933333333333334
A,2025,26,Volatility_14D_Z60,0.009294447489082813,0.0026000249199569225,0.47333333333333333,0.5266666666666666
A,2025,26,Relative_Volume_20D_Z60,0.0015208030818030238,0.0005809476715512574,0.58,0.42
A,2025,26,RSI_14_Scaled,0.019139345735311508,0.006785684265196323,0.52,0.48
A,2025,26,Price_to_SMA20_Z60,0.013746525160968304,-0.003919519018381834,0.3933333333333333,0.6066666666666667
A,2025,26,Intraday_Return_Z60,0.0032714749686419964,0.0008435283089056611,0.5266666666666666,0.47333333333333333
A,2025,26,Daily_Range_Z60,0.003308988641947508,0.0019784034229815006,0.7133333333333334,0.2866666666666667
A,2025,26,QQQ_Log_Return_1D,0.0010682581923902035,0.0008196076960302889,0.7133333333333334,0.2866666666666667
A,2025,26,QQQ_Log_Return_5D,0.020627884194254875,0.0056733121164143085,0.6266666666666667,0.37333333333333335
A,2025,26,QQQ_Volatility_14D,0.007316152099519968,-0.0023639933206140995,0.20666666666666667,0.7933333333333333
A,2025,27,Log_Return_1D_Z60,0.01299798209220171,-0.0027066487818956375,0.44,0.56
A,2025,27,Log_Return_5D_Z60,0.007825554348528385,-0.003019413212314248,0.4533333333333333,0.5466666666666666
A,2025,27,Volatility_14D_Z60,0.011869247071444988,0.0024380581453442574,0.4533333333333333,0.5466666666666666
A,2025,27,Relative_Volume_20D_Z60,0.0030662952922284603,0.0021346909925341606,0.64,0.36
A,2025,27,RSI_14_Scaled,0.024451997131109238,0.009778334759175777,0.5333333333333333,0.4666666666666667
A,2025,27,Price_to_SMA20_Z60,0.016810961067676544,-0.005657895468175411,0.4066666666666667,0.5933333333333334
A,2025,27,Intraday_Return_Z60,0.003661197843030095,0.0009277700446546078,0.5133333333333333,0.4866666666666667
A,2025,27,Daily_Range_Z60,0.007053838577121496,0.0027106015477329493,0.6666666666666666,0.3333333333333333
A,2025,27,QQQ_Log_Return_1D,0.0014354767045006156,0.00073907250771299,0.5266666666666666,0.47333333333333333
A,2025,27,QQQ_Log_Return_5D,0.026737194508314133,0.0051941475830972195,0.6,0.4
A,2025,27,QQQ_Volatility_14D,0.008837005123496056,-0.0032145094592124224,0.2,0.8
A,2025,28,Log_Return_1D_Z60,0.021053561940789223,-0.003972935490310192,0.44666666666666666,0.5533333333333333
A,2025,28,Log_Return_5D_Z60,0.010539351962506771,-0.0035869439598172903,0.41333333333333333,0.5866666666666667
A,2025,28,Volatility_14D_Z60,0.016098273918032646,0.0042998576536774635,0.4666666666666667,0.5333333333333333
A,2025,28,Relative_Volume_20D_Z60,0.006457389798015356,0.0032487695571035147,0.6666666666666666,0.3333333333333333
A,2025,28,RSI_14_Scaled,0.02898799255490303,0.01139458641409874,0.5533333333333333,0.44666666666666666
A,2025,28,Price_to_SMA20_Z60,0.01811666414141655,-0.007701382506638765,0.38666666666666666,0.6133333333333333
A,2025,28,Intraday_Return_Z60,0.0036557463463395834,0.0016193542396649718,0.6066666666666667,0.3933333333333333
A,2025,28,Daily_Range_Z60,0.011569567956030369,0.002085530897602439,0.66,0.34
A,2025,28,QQQ_Log_Return_1D,0.004094492644071579,0.0011905109276995063,0.44,0.56
A,2025,28,QQQ_Log_Return_5D,0.03232024610042572,0.005206625442951918,0.5733333333333334,0.4266666666666667
A,2025,28,QQQ_Volatility_14D,0.01070792693644762,-0.003532491158694029,0.2,0.8
A,2025,29,Log_Return_1D_Z60,0.02355618216097355,0.0026077546644955873,0.5266666666666666,0.47333333333333333
A,2025,29,Log_Return_5D_Z60,0.012957710772752762,-0.004105330444872379,0.43333333333333335,0.5666666666666667
A,2025,29,Volatility_14D_Z60,0.02098417654633522,0.005180482752621174,0.4533333333333333,0.5466666666666666
A,2025,29,Relative_Volume_20D_Z60,0.010701772756874561,0.0029422095976769924,0.6533333333333333,0.3466666666666667
A,2025,29,RSI_14_Scaled,0.03379879146814346,0.010460207238793373,0.5533333333333333,0.44666666666666666
A,2025,29,Price_to_SMA20_Z60,0.01840806007385254,-0.006977507378906012,0.38666666666666666,0.6133333333333333
A,2025,29,Intraday_Return_Z60,0.0019179725786671042,0.000130507251014933,0.44,0.56
A,2025,29,Daily_Range_Z60,0.018130959942936897,0.0029819877818226814,0.64,0.36
A,2025,29,QQQ_Log_Return_1D,0.008761042729020119,0.0028548703994601965,0.47333333333333333,0.5266666666666666
A,2025,29,QQQ_Log_Return_5D,0.033735085278749466,0.0013100584037601948,0.5333333333333333,0.4666666666666667
A,2025,29,QQQ_Volatility_14D,0.011794889345765114,-0.004526081029325724,0.20666666666666667,0.7933333333333333
A,2025,30,Log_Return_1D_Z60,0.036775022745132446,-0.007215262856334448,0.5133333333333333,0.4866666666666667
A,2025,30,Log_Return_5D_Z60,0.019087515771389008,-0.005626484751701355,0.4533333333333333,0.5466666666666666
A,2025,30,Volatility_14D_Z60,0.030991440638899803,0.006972622126340866,0.44666666666666666,0.5533333333333333
A,2025,30,Relative_Volume_20D_Z60,0.03955540433526039,-0.016598034650087357,0.5066666666666667,0.49333333333333335
A,2025,30,RSI_14_Scaled,0.03137554973363876,0.008110112510621548,0.5733333333333334,0.4266666666666667
A,2025,30,Price_to_SMA20_Z60,0.027087993919849396,-0.01253096666187048,0.3466666666666667,0.6533333333333333
A,2025,30,Intraday_Return_Z60,0.005557604134082794,-0.00033574813278391957,0.49333333333333335,0.5066666666666667
A,2025,30,Daily_Range_Z60,0.03000996820628643,-0.00012002110452158377,0.6266666666666667,0.37333333333333335
A,2025,30,QQQ_Log_Return_1D,0.0158078595995903,-0.0009498787112534046,0.41333333333333333,0.5866666666666667
A,2025,30,QQQ_Log_Return_5D,0.0327271930873394,0.004584880545735359,0.5666666666666667,0.43333333333333335
A,2025,30,QQQ_Volatility_14D,0.009430116042494774,-0.005683279130607843,0.18666666666666668,0.8133333333333334
B,2025,1,Log_Return_1D_Z60,1.2492302630562335e-05,-6.575278803211404e-06,0.4266666666666667,0.5733333333333334
B,2025,1,Log_Return_5D_Z60,3.943501360481605e-05,-1.4647819625679404e-05,0.5,0.5
B,2025,1,Volatility_14D_Z60,8.661951869726181e-05,-3.5774180560110835e-06,0.4866666666666667,0.5133333333333333
B,2025,1,Relative_Volume_20D_Z60,0.00010916963219642639,1.0948370800178964e-05,0.4066666666666667,0.5933333333333334
B,2025,1,RSI_14_Scaled,0.00015358882956206799,6.376473902491853e-05,0.48,0.52
B,2025,1,Price_to_SMA20_Z60,0.00010233378998236731,-3.8293961551971734e-05,0.48,0.52
B,2025,1,Intraday_Return_Z60,5.917006637901068e-05,-5.738024356105598e-06,0.4866666666666667,0.5133333333333333
B,2025,1,Daily_Range_Z60,0.00016921732458285987,-8.972111572802532e-06,0.44666666666666666,0.5533333333333333
B,2025,1,QQQ_Log_Return_1D,0.00011390877625672147,4.052766598761082e-06,0.5533333333333333,0.44666666666666666
B,2025,1,QQQ_Log_Return_5D,0.00017685587226878852,4.933708987664431e-05,0.6066666666666667,0.3933333333333333
B,2025,1,QQQ_Volatility_14D,7.670035847695544e-05,-5.472991688293405e-05,0.18666666666666668,0.8133333333333334
B,2025,2,Log_Return_1D_Z60,1.6445912478957325e-05,-6.581763955182396e-06,0.52,0.48
B,2025,2,Log_Return_5D_Z60,5.4707918025087565e-05,-1.799390884116292e-05,0.44666666666666666,0.5533333333333333
B,2025,2,Volatility_14D_Z60,0.0001092957827495411,-7.971360901137814e-06,0.48,0.52
B,2025,2,Relative_Volume_20D_Z60,0.00017047242727130651,1.4956574887037277e-05,0.41333333333333333,0.5866666666666667
B,2025,2,RSI_14_Scaled,0.00021863103029318154,9.037370182340965e-05,0.4666666666666667,0.5333333333333333
B,2025,2,Price_to_SMA20_Z60,0.00014389902935363352,-5.380484071793035e-05,0.5066666666666667,0.49333333333333335
B,2025,2,Intraday_Return_Z60,9.730156307341531e-05,1.2054386388626881e-05,0.5333333333333333,0.4666666666666667
B,2025,2,Daily_Range_Z60,0.0002356300683459267,6.808921170886606e-06,0.41333333333333333,0.5866666666666667
B,2025,2,QQQ_Log_Return_1D,0.0001221256679855287,8.512040949426591e-06,0.5333333333333333,0.4666666666666667
B,2025,2,QQQ_Log_Return_5D,0.00026269181398674846,6.66235137032345e-05,0.5466666666666666,0.4533333333333333
B,2025,2,QQQ_Volatility_14D,0.00010241637210128829,-7.333484973059967e-05,0.18666666666666668,0.8133333333333334
B,2025,3,Log_Return_1D_Z60,2.4503624445060268e-05,2.4500950530637056e-06,0.6,0.4
B,2025,3,Log_Return_5D_Z60,6.778199167456478e-05,-1.945984513440635e-05,0.49333333333333335,0.5066666666666667
B,2025,3,Volatility_14D_Z60,0.00014103951980359852,-1.3924647646490484e-05,0.49333333333333335,0.5066666666666667
B,2025,3,Relative_Volume_20D_Z60,0.00019380157755222172,-2.0124021830270067e-05,0.3466666666666667,0.6533333333333333
B,2025,3,RSI_14_Scaled,0.0002719920012168586,0.00011782984074670821,0.46,0.54
B,2025,3,Price_to_SMA20_Z60,0.00017373717855662107,-5.989984856569208e-05,0.54,0.46
B,2025,3,Intraday_Return_Z60,0.00012979537132196128,-1.3312151168065611e-05,0.44666666666666666,0.5533333333333333
B,2025,3,Daily_Range_Z60,0.00035230358480475843,1.0937328625004739e-06,0.44666666666666666,0.5533333333333333
B,2025,3,QQQ_Log_Return_1D,0.00016340658476110548,1.4982375432737172e-05,0.56,0.44
B,2025,3,QQQ_Log_Return_5D,0.0003460942825768143,9.884881001198664e-05,0.54,0.46
B,2025,3,QQQ_Volatility_14D,0.00012961874017491937,-9.99771582428366e-05,0.18666666666666668,0.8133333333333334
B,2025,4,Log_Return_1D_Z60,4.1594310459913686e-05,-1.0759989891084842e-05,0.52,0.48
B,2025,4,Log_Return_5D_Z60,7.973642641445622e-05,-1.6138181308633648e-05,0.5666666666666667,0.43333333333333335
B,2025,4,Volatility_14D_Z60,0.00019361061276867986,5.735332706535701e-07,0.4666666666666667,0.5333333333333333
B,2025,4,Relative_Volume_20D_Z60,0.00023573324142489582,-5.429092198028229e-06,0.38666666666666666,0.6133333333333333
B,2025,4,RSI_14_Scaled,0.0003246454580221325,0.00013513553130906075,0.42,0.58
B,2025,4,Price_to_SMA20_Z60,0.00020185112953186035,-5.470812175190076e-05,0.56,0.44
B,2025,4,Intraday_Return_Z60,0.00018385921430308372,-1.5050640286062844e-05,0.4866666666666667,0.5133333333333333
B,2025,4,Daily_Range_Z60,0.0003915140114258975,5.4746833484387025e-05,0.4266666666666667,0.5733333333333334
B,2025,4,QQQ_Log_Return_1D,0.0002619738515932113,-5.946044439042453e-06,0.5266666666666666,0.47333333333333333
B,2025,4,QQQ_Log_Return_5D,0.0004091718583367765,7.927174010546878e-05,0.5533333333333333,0.44666666666666666
B,2025,4,QQQ_Volatility_14D,0.00016272261564154178,-0.00011840133811347187,0.19333333333333333,0.8066666666666666
B,2025,5,Log_Return_1D_Z60,6.477969145635143e-05,-1.683139089436736e-05,0.43333333333333335,0.5666666666666667
B,2025,5,Log_Return_5D_Z60,0.00010760754230432212,-4.243599960318534e-06,0.5733333333333334,0.4266666666666667
B,2025,5,Volatility_14D_Z60,0.00024358222435694188,1.0987383575411513e-05,0.4533333333333333,0.5466666666666666
B,2025,5,Relative_Volume_20D_Z60,0.00035940660745836794,6.297897198237479e-05,0.36,0.64
B,2025,5,RSI_14_Scaled,0.0004408416571095586,0.0001569394371472299,0.4,0.6
B,2025,5,Price_to_SMA20_Z60,0.000261279521510005,-5.4698473832104355e-05,0.5466666666666666,0.4533333333333333
B,2025,5,Intraday_Return_Z60,0.00021961843594908714,-3.550708788679913e-05,0.5066666666666667,0.49333333333333335
B,2025,5,Daily_Range_Z60,0.0005278285825625062,4.376935976324603e-05,0.44666666666666666,0.5533333333333333
B,2025,5,QQQ_Log_Return_1D,0.0003209381247870624,3.657639172160998e-05,0.5266666666666666,0.47333333333333333
B,2025,5,QQQ_Log_Return_5D,0.0005149453063495457,7.683820149395615e-05,0.5466666666666666,0.4533333333333333
B,2025,5,QQQ_Volatility_14D,0.00020995349041186273,-0.0001534524781163782,0.2,0.8
B,2025,6,Log_Return_1D_Z60,6.145727820694447e-05,6.076491558815178e-07,0.5333333333333333,0.4666666666666667
B,2025,6,Log_Return_5D_Z60,0.0001392664562445134,-4.1768998926272616e-05,0.5,0.5
B,2025,6,Volatility_14D_Z60,0.0002971315407194197,1.1045081919291988e-05,0.4533333333333333,0.5466666666666666
B,2025,6,Relative_Volume_20D_Z60,0.0003871518129017204,-1.3045281775703188e-05,0.3,0.7
B,2025,6,RSI_14_Scaled,0.0005380192305892706,0.00016386876814067364,0.4266666666666667,0.5733333333333334
B,2025,6,Price_to_SMA20_Z60,0.00031233683694154024,-4.973000613972545e-05,0.52,0.48
B,2025,6,Intraday_Return_Z60,0.0002287932438775897,-4.800023452844471e-05,0.43333333333333335,0.5666666666666667
B,2025,6,Daily_Range_Z60,0.0006217194604687393,-0.00013580825179815292,0.32666666666666666,0.6733333333333333
B,2025,6,QQQ_Log_Return_1D,0.00040363907464779913,4.31993612437509e-05,0.5333333333333333,0.4666666666666667
B,2025,6,QQQ_Log_Return_5D,0.0006011987570673227,0.00011888260632986203,0.54,0.46
B,2025,6,QQQ_Volatility_14D,0.0002485258737578988,-0.00018538943550083786,0.21333333333333335,0.7866666666666666
B,2025,7,Log_Return_1D_Z60,8.33796220831573e-05,-9.621276149118785e-06,0.5066666666666667,0.49333333333333335
B,2025,7,Log_Return_5D_Z60,0.00018142751650884748,-6.327789014903829e-05,0.5133333333333333,0.4866666666666667
B,2025,7,Volatility_14D_Z60,0.00035262093297205865,2.5258206733269617e-05,0.4666666666666667,0.5333333333333333
B,2025,7,Relative_Volume_20D_Z60,0.0005091804196126759,-7.252419891301543e-05,0.30666666666666664,0.6933333333333334
B,2025,7,RSI_14_Scaled,0.000628481328021735,0.00020717637380585074,0.4066666666666667,0.5933333333333334
B,2025,7,Price_to_SMA20_Z60,0.00035575739457271993,-5.9424488426884636e-05,0.56,0.44
B,2025,7,Intraday_Return_Z60,0.000329537782818079,3.90254681406077e-05,0.5133333333333333,0.4866666666666667
B,2025,7,Daily_Range_Z60,0.0007344641489908099,-9.325860446551815e-05,0.36666666666666664,0.6333333333333333
B,2025,7,QQQ_Log_Return_1D,0.0004859234031755477,6.659149948973209e-05,0.58,0.42
B,2025,7,QQQ_Log_Return_5D,0.000811638543382287,0.00018539301527198404,0.54,0.46
B,2025,7,QQQ_Volatility_14D,0.0002978202828671783,-0.00023757954477332532,0.18666666666666668,0.8133333333333334
B,2025,8,Log_Return_1D_Z60,0.00010046761599369347,-1.3143740034138318e-05,0.46,0.54
B,2025,8,Log_Return_5D_Z60,0.00021910903160460293,-9.505269554210827e-05,0.4866666666666667,0.5133333333333333
B,2025,8,Volatility_14D_Z60,0.0004496928013395518,6.041120286681689e-05,0.4866666666666667,0.5133333333333333
B,2025,8,Relative_Volume_20D_Z60,0.0006377549725584686,-4.7304773033829406e-05,0.36,0.64
B,2025,8,RSI_14_Scaled,0.0007517996709793806,0.00026342656929045916,0.43333333333333335,0.5666666666666667
B,2025,8,Price_to_SMA20_Z60,0.00044851843267679214,-7.04739213688299e-05,0.5533333333333333,0.44666666666666666
B,2025,8,Intraday_Return_Z60,0.0004311268567107618,-2.537952968850732e-05,0.5133333333333333,0.4866666666666667
B,2025,8,Daily_Range_Z60,0.0010241137351840734,6.780792318750173e-05,0.3933333333333333,0.6066666666666667
B,2025,8,QQQ_Log_Return_1D,0.0007300039869733155,0.00016901755589060485,0.56,0.44
B,2025,8,QQQ_Log_Return_5D,0.001042623771354556,0.0003232284798286855,0.5733333333333334,0.4266666666666667
B,2025,8,QQQ_Volatility_14D,0.0003560862096492201,-0.00028728769393637776,0.2,0.8
B,2025,9,Log_Return_1D_Z60,0.00015642108337488025,-7.489374547731131e-05,0.5133333333333333,0.4866666666666667
B,2025,9,Log_Return_5D_Z60,0.0002659100282471627,-0.00013218418462201953,0.4533333333333333,0.5466666666666666
B,2025,9,Volatility_14D_Z60,0.0005946623859927058,0.0001430698175681755,0.52,0.48
B,2025,9,Relative_Volume_20D_Z60,0.0008329303818754852,5.1212638936704025e-05,0.36666666666666664,0.6333333333333333
B,2025,9,RSI_14_Scaled,0.0010101237567141652,0.0002904831781052053,0.41333333333333333,0.5866666666666667
B,2025,9,Price_to_SMA20_Z60,0.0005926914745941758,-6.413737719412893e-05,0.56,0.44
B,2025,9,Intraday_Return_Z60,0.0005488057504408062,-5.925816731178202e-05,0.5,0.5
B,2025,9,Daily_Range_Z60,0.001152772456407547,1.533126487629488e-05,0.4266666666666667,0.5733333333333334
B,2025,9,QQQ_Log_Return_1D,0.0007928137201815844,-2.4214732547989115e-05,0.54,0.46
B,2025,9,QQQ_Log_Return_5D,0.0012428276240825653,0.00039644105709157884,0.5733333333333334,0.4266666666666667
B,2025,9,QQQ_Volatility_14D,0.0004428759275469929,-0.0003319300594739616,0.18666666666666668,0.8133333333333334
B,2025,10,Log_Return_1D_Z60,0.00016405657515861094,-4.089906724402681e-05,0.4533333333333333,0.5466666666666666
B,2025,10,Log_Return_5D_Z60,0.00038070365553721786,-0.00023151698405854404,0.43333333333333335,0.5666666666666667
B,2025,10,Volatility_14D_Z60,0.0006818908732384443,0.0001422294444637373,0.5133333333333333,0.4866666666666667
B,2025,10,Relative_Volume_20D_Z60,0.0008834312320686877,-7.63151329010725e-05,0.31333333333333335,0.6866666666666666
B,2025,10,RSI_14_Scaled,0.001212044502608478,0.0003829756169579923,0.3933333333333333,0.6066666666666667
B,2025,10,Price_to_SMA20_Z60,0.0007753220270387828,-9.855093230726197e-05,0.5466666666666666,0.4533333333333333
B,2025,10,Intraday_Return_Z60,0.0007532184245064855,0.00010791433305712417,0.5133333333333333,0.4866666666666667
B,2025,10,Daily_Range_Z60,0.001555625000037253,0.0002882183762267232,0.46,0.54
B,2025,10,QQQ_Log_Return_1D,0.0009442452574148774,8.059749234234914e-06,0.5266666666666666,0.47333333333333333
B,2025,10,QQQ_Log_Return_5D,0.0015414959052577615,0.0004040963831357658,0.58,0.42
B,2025,10,QQQ_Volatility_14D,0.0005403819959610701,-0.00039638151065446436,0.16666666666666666,0.8333333333333334
B,2025,11,Log_Return_1D_Z60,0.00020514678908511996,-6.908448995091021e-05,0.47333333333333333,0.5266666666666666
B,2025,11,Log_Return_5D_Z60,0.0005536999087780714,-0.00029154284857213497,0.47333333333333333,0.5266666666666666
B,2025,11,Volatility_14D_Z60,0.0008552796789444983,0.00019908510148525238,0.5333333333333333,0.4666666666666667
B,2025,11,Relative_Volume_20D_Z60,0.0012055377010256052,-9.690483238955494e-06,0.3333333333333333,0.6666666666666666
B,2025,11,RSI_14_Scaled,0.001584228128194809,0.0005451609613373876,0.44,0.56
B,2025,11,Price_to_SMA20_Z60,0.0010481991339474916,-0.00017245617345906794,0.5666666666666667,0.43333333333333335
B,2025,11,Intraday_Return_Z60,0.0008004990522749722,0.000126186540001072,0.47333333333333333,0.5266666666666666
B,2025,11,Daily_Range_Z60,0.0018868756014853716,8.662364416522905e-05,0.44,0.56
B,2025,11,QQQ_Log_Return_1D,0.0011430684244260192,0.00014200442819856107,0.5466666666666666,0.4533333333333333
B,2025,11,QQQ_Log_Return_5D,0.0021057939156889915,0.0005515663651749492,0.5333333333333333,0.4666666666666667
B,2025,11,QQQ_Volatility_14D,0.000646574713755399,-0.00046863078023307025,0.18,0.82
B,2025,12,Log_Return_1D_Z60,0.00032028972054831684,-0.0001443236687919125,0.52,0.48
B,2025,12,Log_Return_5D_Z60,0.0006318266387097538,-0.0003686014679260552,0.47333333333333333,0.5266666666666666
B,2025,12,Volatility_14D_Z60,0.0012117191217839718,0.00036028691101819277,0.5133333333333333,0.4866666666666667
B,2025,12,Relative_Volume_20D_Z60,0.0015276788035407662,0.0001456508762203157,0.3466666666666667,0.6533333333333333
B,2025,12,RSI_14_Scaled,0.0019046725938096642,0.0007106824195943773,0.44666666666666666,0.5533333333333333
B,2025,12,Price_to_SMA20_Z60,0.001298421178944409,-0.00023830973077565432,0.5533333333333333,0.44666666666666666
B,2025,12,Intraday_Return_Z60,0.0009498164872638881,9.251035953639075e-05,0.44,0.56
B,2025,12,Daily_Range_Z60,0.0023425554390996695,0.00017374435265082866,0.4,0.6
B,2025,12,QQQ_Log_Return_1D,0.0016560556832700968,-1.928657184180338e-06,0.4533333333333333,0.5466666666666666
B,2025,12,QQQ_Log_Return_5D,0.002549667377024889,0.0005541168502531946,0.5266666666666666,0.47333333333333333
B,2025,12,QQQ_Volatility_14D,0.000830013828817755,-0.0005677308072336018,0.2,0.8
B,2025,13,Log_Return_1D_Z60,0.0004139503580518067,-0.00020587531616911292,0.41333333333333333,0.5866666666666667
B,2025,13,Log_Return_5D_Z60,0.0007425593212246895,-0.0004500980139710009,0.4066666666666667,0.5933333333333334
B,2025,13,Volatility_14D_Z60,0.0015972641995176673,0.0006252750172279775,0.52,0.48
B,2025,13,Relative_Volume_20D_Z60,0.002051617717370391,0.0004752253007609397,0.35333333333333333,0.6466666666666666
B,2025,13,RSI_14_Scaled,0.002549253636971116,0.0008354954770766199,0.46,0.54
B,2025,13,Price_to_SMA20_Z60,0.0017735513392835855,-0.00032691870001144707,0.5466666666666666,0.4533333333333333
B,2025,13,Intraday_Return_Z60,0.00155269808601588,0.0002413171314401552,0.5466666666666666,0.4533333333333333
B,2025,13,Daily_Range_Z60,0.0034664436243474483,0.0011942044366151094,0.44,0.56
B,2025,13,QQQ_Log_Return_1D,0.0018854053923860192,-2.9185041512391763e-06,0.5266666666666666,0.47333333333333333
B,2025,13,QQQ_Log_Return_5D,0.0030850842595100403,0.00026968916063196957,0.5333333333333333,0.4666666666666667
B,2025,13,QQQ_Volatility_14D,0.0010441015474498272,-0.0006906739436089993,0.2,0.8
B,2025,14,Log_Return_1D_Z60,0.00039403483970090747,-0.00012863326992373914,0.5133333333333333,0.4866666666666667
B,2025,14,Log_Return_5D_Z60,0.0009713001782074571,-0.0005333621520549059,0.44666666666666666,0.5533333333333333
B,2025,14,Volatility_14D_Z60,0.0018542726757004857,0.0006948311347514391,0.5266666666666666,0.47333333333333333
B,2025,14,Relative_Volume_20D_Z60,0.0019239383982494473,-9.580170444678515e-05,0.34,0.66
B,2025,14,RSI_14_Scaled,0.0032817975152283907,0.0010280674323439598,0.4533333333333333,0.5466666666666666
B,2025,14,Price_to_SMA20_Z60,0.002218601293861866,-0.0003978461609221995,0.5,0.5
B,2025,14,Intraday_Return_Z60,0.0018515150295570493,-4.2318795749451965e-05,0.5333333333333333,0.4666666666666667
B,2025,14,Daily_Range_Z60,0.003758150851354003,0.0011783658992499113,0.47333333333333333,0.5266666666666666
B,2025,14,QQQ_Log_Return_1D,0.001977702835574746,4.085183172719553e-05,0.5266666666666666,0.47333333333333333
B,2025,14,QQQ_Log_Return_5D,0.00407837238162756,0.0003332066989969462,0.54,0.46
B,2025,14,QQQ_Volatility_14D,0.0012418597470968962,-0.0008754190057516098,0.19333333333333333,0.8066666666666666
B,2025,15,Log_Return_1D_Z60,0.0004304461181163788,-0.0001515965850558132,0.43333333333333335,0.5666666666666667
B,2025,15,Log_Return_5D_Z60,0.0010732179507613182,-0.0006199640920385718,0.4533333333333333,0.5466666666666666
B,2025,15,Volatility_14D_Z60,0.0022259780671447515,0.0007501743966713548,0.4666666666666667,0.5333333333333333
B,2025,15,Relative_Volume_20D_Z60,0.002247884636744857,-0.0002961696882266551,0.3,0.7
B,2025,15,RSI_14_Scaled,0.004105040803551674,0.0013508431147783995,0.48,0.52
B,2025,15,Price_to_SMA20_Z60,0.0026485922280699015,-0.0005372852319851518,0.5133333333333333,0.4866666666666667
B,2025,15,Intraday_Return_Z60,0.0020250105299055576,6.664689135504887e-05,0.5333333333333333,0.4666666666666667
B,2025,15,Daily_Range_Z60,0.004213061183691025,0.000544349430128932,0.4266666666666667,0.5733333333333334
B,2025,15,QQQ_Log_Return_1D,0.002806711243465543,0.0004290784418117255,0.52,0.48
B,2025,15,QQQ_Log_Return_5D,0.0046503255143761635,0.0007660691044293344,0.5466666666666666,0.4533333333333333
B,2025,15,QQQ_Volatility_14D,0.001445103669539094,-0.0010798972798511386,0.16666666666666666,0.8333333333333334
B,2025,16,Log_Return_1D_Z60,0.00079801504034549,-0.00030358036747202277,0.49333333333333335,0.5066666666666667
B,2025,16,Log_Return_5D_Z60,0.0012321076355874538,-0.0008485293365083635,0.4533333333333333,0.5466666666666666
B,2025,16,Volatility_14D_Z60,0.002849218435585499,0.0010648195166140795,0.4866666666666667,0.5133333333333333
B,2025,16,Relative_Volume_20D_Z60,0.003117959015071392,0.00031396353733725846,0.36666666666666664,0.6333333333333333
B,2025,16,RSI_14_Scaled,0.004942367319017649,0.0017459330847486854,0.46,0.54
B,2025,16,Price_to_SMA20_Z60,0.0032820128835737705,-0.0007189373718574643,0.5333333333333333,0.4666666666666667
B,2025,16,Intraday_Return_Z60,0.002947453875094652,-0.00043584316154010594,0.44666666666666666,0.5533333333333333
B,2025,16,Daily_Range_Z60,0.006085002329200506,0.002172497333958745,0.46,0.54
B,2025,16,QQQ_Log_Return_1D,0.003530709305778146,-0.0002719301846809685,0.46,0.54
B,2025,16,QQQ_Log_Return_5D,0.005518910009413958,0.0006356664234772325,0.54,0.46
B,2025,16,QQQ_Volatility_14D,0.0017834572354331613,-0.0012876206310465932,0.19333333333333333,0.8066666666666666
B,2025,17,Log_Return_1D_Z60,0.0007226983434520662,-0.00012801929551642388,0.5133333333333333,0.4866666666666667
B,2025,17,Log_Return_5D_Z60,0.0015041208826005459,-0.0009480639128014445,0.4666666666666667,0.5333333333333333
B,2025,17,Volatility_14D_Z60,0.003311243373900652,0.0013565581757575274,0.4866666666666667,0.5133333333333333
B,2025,17,Relative_Volume_20D_Z60,0.003536535892635584,-0.00037248959415592253,0.32666666666666666,0.6733333333333333
B,2025,17,RSI_14_Scaled,0.006146137602627277,0.0019160342635586858,0.44,0.56
B,2025,17,Price_to_SMA20_Z60,0.0042516207322478294,-0.0008226606878452003,0.54,0.46
B,2025,17,Intraday_Return_Z60,0.002634985139593482,-0.00027752318419516087,0.4533333333333333,0.5466666666666666
B,2025,17,Daily_Range_Z60,0.006577452644705772,0.0006225446122698486,0.43333333333333335,0.5666666666666667
B,2025,17,QQQ_Log_Return_1D,0.00443793972954154,0.00021526172349695116,0.4866666666666667,0.5133333333333333
B,2025,17,QQQ_Log_Return_5D,0.007138714659959078,0.0008661399479024112,0.5333333333333333,0.4666666666666667
B,2025,17,QQQ_Volatility_14D,0.0021835926454514265,-0.001451698481105268,0.19333333333333333,0.8066666666666666
B,2025,18,Log_Return_1D_Z60,0.0008627869538031518,-0.00023770451662130654,0.5,0.5
B,2025,18,Log_Return_5D_Z60,0.0016485396772623062,-0.0010950679425150156,0.48,0.52
B,2025,18,Volatility_14D_Z60,0.0037364435847848654,0.0014476556098088622,0.49333333333333335,0.5066666666666667
B,2025,18,Relative_Volume_20D_Z60,0.0038631102070212364,-0.001103691291064024,0.26666666666666666,0.7333333333333333
B,2025,18,RSI_14_Scaled,0.007451735436916351,0.002532804384827614,0.46,0.54
B,2025,18,Price_to_SMA20_Z60,0.005063865799456835,-0.0011936259688809514,0.5,0.5
B,2025,18,Intraday_Return_Z60,0.0033134170807898045,0.0008273610146716237,0.5333333333333333,0.4666666666666667
B,2025,18,Daily_Range_Z60,0.007520556449890137,0.000901748426258564,0.41333333333333333,0.5866666666666667
B,2025,18,QQQ_Log_Return_1D,0.004498261492699385,0.00013059940829407424,0.4866666666666667,0.5133333333333333
B,2025,18,QQQ_Log_Return_5D,0.00821604859083891,0.0011190572986379266,0.5266666666666666,0.47333333333333333
B,2025,18,QQQ_Volatility_14D,0.0026952275075018406,-0.0017792584840208292,0.22,0.78
B,2025,19,Log_Return_1D_Z60,0.0009603264043107629,-7.97873071860522e-05,0.49333333333333335,0.5066666666666667
B,2025,19,Log_Return_5D_Z60,0.0019176009809598327,-0.0011388530256226659,0.4866666666666667,0.5133333333333333
B,2025,19,Volatility_14D_Z60,0.0044272225350141525,0.0015706802951171994,0.5,0.5
B,2025,19,Relative_Volume_20D_Z60,0.004629034548997879,-0.001560055767185986,0.24,0.76
B,2025,19,RSI_14_Scaled,0.009309274144470692,0.0029151637572795153,0.41333333333333333,0.5866666666666667
B,2025,19,Price_to_SMA20_Z60,0.006336448714137077,-0.0012768758460879326,0.5266666666666666,0.47333333333333333
B,2025,19,Intraday_Return_Z60,0.004237963352352381,0.0001950782025232911,0.49333333333333335,0.5066666666666667
B,2025,19,Daily_Range_Z60,0.00811418890953064,-9.976426554203499e-06,0.4066666666666667,0.5933333333333334
B,2025,19,QQQ_Log_Return_1D,0.00545210437849164,0.0006533441483043134,0.5533333333333333,0.44666666666666666
B,2025,19,QQQ_Log_Return_5D,0.011937398463487625,0.0017309137620031834,0.5466666666666666,0.4533333333333333
B,2025,19,QQQ_Volatility_14D,0.0032929275184869766,-0.0021142885088920593,0.18,0.82
B,2025,20,Log_Return_1D_Z60,0.0011195051483809948,2.6181705834460445e-05,0.5533333333333333,0.44666666666666666
B,2025,20,Log_Return_5D_Z60,0.002079757396131754,-0.0010593156330287457,0.48,0.52
B,2025,20,Volatility_14D_Z60,0.005098241847008467,0.00169469160027802,0.48,0.52
B,2025,20,Relative_Volume_20D_Z60,0.0056793298572301865,-0.0014902750262990594,0.2733333333333333,0.7266666666666667
B,2025,20,RSI_14_Scaled,0.01093994453549385,0.00297411042265594,0.43333333333333335,0.5666666666666667
B,2025,20,Price_to_SMA20_Z60,0.007512585259974003,-0.0013018816243857145,0.54,0.46
B,2025,20,Intraday_Return_Z60,0.004332591779530048,-0.00038417326868511736,0.44,0.56
B,2025,20,Daily_Range_Z60,0.010869246907532215,0.00039975970867089927,0.36,0.64
B,2025,20,QQQ_Log_Return_1D,0.007519761566072702,0.0009506833739578724,0.5733333333333334,0.4266666666666667
B,2025,20,QQQ_Log_Return_5D,0.01456755306571722,0.0016510514542460442,0.5333333333333333,0.4666666666666667
B,2025,20,QQQ_Volatility_14D,0.004156035371124744,-0.0023842656519263983,0.20666666666666667,0.7933333333333333
B,2025,21,Log_Return_1D_Z60,0.0015881640138104558,-0.00026675249682739377,0.48,0.52
B,2025,21,Log_Return_5D_Z60,0.0021222007926553488,-0.0010495439637452364,0.44,0.56
B,2025,21,Volatility_14D_Z60,0.006380767561495304,0.00254005822353065,0.47333333333333333,0.5266666666666666
B,2025,21,Relative_Volume_20D_Z60,0.006378245074301958,-0.000706467020791024,0.32,0.68
B,2025,21,RSI_14_Scaled,0.013302803039550781,0.0035984348505735397,0.47333333333333333,0.5266666666666666
B,2025,21,Price_to_SMA20_Z60,0.00843418575823307,-0.001356450724415481,0.52,0.48
B,2025,21,Intraday_Return_Z60,0.005924062803387642,-0.000335389660904184,0.5,0.5
B,2025,21,Daily_Range_Z60,0.013046394102275372,0.001903977827169001,0.4533333333333333,0.5466666666666666
B,2025,21,QQQ_Log_Return_1D,0.008601647801697254,-8.203193283407018e-05,0.4666666666666667,0.5333333333333333
B,2025,21,QQQ_Log_Return_5D,0.016183653846383095,0.0021745243575423956,0.52,0.48
B,2025,21,QQQ_Volatility_14D,0.005120222456753254,-0.002502520801499486,0.19333333333333333,0.8066666666666666
B,2025,22,Log_Return_1D_Z60,0.0020996578969061375,-0.0006256386404857039,0.44,0.56
B,2025,22,Log_Return_5D_Z60,0.0028688490856438875,-0.0015456192195415497,0.4266666666666667,0.5733333333333334
B,2025,22,Volatility_14D_Z60,0.007534675765782595,0.003286921652033925,0.47333333333333333,0.5266666666666666
B,2025,22,Relative_Volume_20D_Z60,0.007778740022331476,-0.0010447542881593108,0.32666666666666666,0.6733333333333333
B,2025,22,RSI_14_Scaled,0.01596568338572979,0.004821630194783211,0.4666666666666667,0.5333333333333333
B,2025,22,Price_to_SMA20_Z60,0.010116289369761944,-0.0023137996904551983,0.4866666666666667,0.5133333333333333
B,2025,22,Intraday_Return_Z60,0.006824548356235027,0.0014629123033955693,0.54,0.46
B,2025,22,Daily_Range_Z60,0.014928331598639488,0.0002856308128684759,0.38,0.62
B,2025,22,QQQ_Log_Return_1D,0.01079736091196537,0.000451964937383309,0.5133333333333333,0.4866666666666667
B,2025,22,QQQ_Log_Return_5D,0.019642986357212067,0.0030394839122891426,0.5533333333333333,0.44666666666666666
B,2025,22,QQQ_Volatility_14D,0.0059487055987119675,-0.002836481435224414,0.21333333333333335,0.7866666666666666
B,2025,23,Log_Return_1D_Z60,0.00289531541056931,-0.0009851548820734024,0.47333333333333333,0.5266666666666666
B,2025,23,Log_Return_5D_Z60,0.0033173838164657354,-0.0017532610800117254,0.42,0.58
B,2025,23,Volatility_14D_Z60,0.009279903024435043,0.004349910654127598,0.47333333333333333,0.5266666666666666
B,2025,23,Relative_Volume_20D_Z60,0.009210215881466866,-0.0003100631292909384,0.36,0.64
B,2025,23,RSI_14_Scaled,0.01921643503010273,0.006690762005746365,0.52,0.48
B,2025,23,Price_to_SMA20_Z60,0.011955881491303444,-0.0034953502472490072,0.42,0.58
B,2025,23,Intraday_Return_Z60,0.0077504366636276245,0.000378200551494956,0.4866666666666667,0.5133333333333333
B,2025,23,Daily_Range_Z60,0.016703877598047256,-0.0007633525528945029,0.37333333333333335,0.6266666666666667
B,2025,23,QQQ_Log_Return_1D,0.01084362342953682,0.0020736849401146173,0.5933333333333334,0.4066666666666667
B,2025,23,QQQ_Log_Return_5D,0.02376352623105049,0.0051772031001746655,0.5933333333333334,0.4066666666666667
B,2025,23,QQQ_Volatility_14D,0.00698243360966444,-0.003432145109400153,0.18666666666666668,0.8133333333333334
B,2025,24,Log_Return_1D_Z60,0.0033162753097712994,0.0002485478762537241,0.47333333333333333,0.5266666666666666
B,2025,24,Log_Return_5D_Z60,0.004286534618586302,-0.002577656414359808,0.38,0.62
B,2025,24,Volatility_14D_Z60,0.011126489378511906,0.005609012674540281,0.47333333333333333,0.5266666666666666
B,2025,24,Relative_Volume_20D_Z60,0.010532989166676998,-0.0017384807579219341,0.28,0.72
B,2025,24,RSI_14_Scaled,0.02198171615600586,0.0067155505530536175,0.5,0.5
B,2025,24,Price_to_SMA20_Z60,0.014434078708291054,-0.003396050538867712,0.46,0.54
B,2025,24,Intraday_Return_Z60,0.008620007894933224,0.0004579632368404418,0.5066666666666667,0.49333333333333335
B,2025,24,Daily_Range_Z60,0.018240807577967644,-0.0011962056159973145,0.35333333333333333,0.6466666666666666
B,2025,24,QQQ_Log_Return_1D,0.012487422674894333,0.002759997034445405,0.5866666666666667,0.41333333333333333
B,2025,24,QQQ_Log_Return_5D,0.028872378170490265,0.007523431908339262,0.62,0.38
B,2025,24,QQQ_Volatility_14D,0.00814554188400507,-0.004206406883895397,0.18666666666666668,0.8133333333333334
B,2025,25,Log_Return_1D_Z60,0.004000627901405096,-0.0006551891565322876,0.44666666666666666,0.5533333333333333
B,2025,25,Log_Return_5D_Z60,0.00543180713430047,-0.0031351151410490274,0.42,0.58
B,2025,25,Volatility_14D_Z60,0.011558600701391697,0.005851191468536854,0.46,0.54
B,2025,25,Relative_Volume_20D_Z60,0.00983013492077589,-0.0033976722043007612,0.3,0.7
B,2025,25,RSI_14_Scaled,0.027550652623176575,0.008819651789963245,0.5266666666666666,0.47333333333333333
B,2025,25,Price_to_SMA20_Z60,0.017541849985718727,-0.004555614199489355,0.4266666666666667,0.5733333333333334
B,2025,25,Intraday_Return_Z60,0.008378065191209316,1.645701559027657e-05,0.4866666666666667,0.5133333333333333
B,2025,25,Daily_Range_Z60,0.020157260820269585,-0.0012704372638836503,0.32,0.68
B,2025,25,QQQ_Log_Return_1D,0.01267701294273138,6.656905316049233e-05,0.5733333333333334,0.4266666666666667
B,2025,25,QQQ_Log_Return_5D,0.03305967524647713,0.006475996691733599,0.5933333333333334,0.4066666666666667
B,2025,25,QQQ_Volatility_14D,0.00987154245376587,-0.004816161002963781,0.18,0.82
B,2025,26,Log_Return_1D_Z60,0.006157467141747475,-0.0008951241616159678,0.43333333333333335,0.5666666666666667
B,2025,26,Log_Return_5D_Z60,0.006043457891792059,-0.00411934033036232,0.37333333333333335,0.6266666666666667
B,2025,26,Volatility_14D_Z60,0.012583035044372082,0.006946403067559004,0.47333333333333333,0.5266666666666666
B,2025,26,Relative_Volume_20D_Z60,0.009834324941039085,-0.0031279483810067177,0.3,0.7
B,2025,26,RSI_14_Scaled,0.03236902877688408,0.01229824312031269,0.52,0.48
B,2025,26,Price_to_SMA20_Z60,0.02116292156279087,-0.00676455395296216,0.3933333333333333,0.6066666666666667
B,2025,26,Intraday_Return_Z60,0.009104998782277107,0.0011290769325569272,0.5266666666666666,0.47333333333333333
B,2025,26,Daily_Range_Z60,0.01909930631518364,-0.005182205233722925,0.32,0.68
B,2025,26,QQQ_Log_Return_1D,0.014043668285012245,0.0033479109406471252,0.5866666666666667,0.41333333333333333
B,2025,26,QQQ_Log_Return_5D,0.03834647312760353,0.012315422296524048,0.6266666666666667,0.37333333333333335
B,2025,26,QQQ_Volatility_14D,0.010829543694853783,-0.005858320277184248,0.18,0.82
B,2025,27,Log_Return_1D_Z60,0.009574213065207005,-0.0018541014287620783,0.44,0.56
B,2025,27,Log_Return_5D_Z60,0.008024887181818485,-0.004818855784833431,0.43333333333333335,0.5666666666666667
B,2025,27,Volatility_14D_Z60,0.013492402620613575,0.007620403077453375,0.4533333333333333,0.5466666666666666
B,2025,27,Relative_Volume_20D_Z60,0.011131281964480877,-0.0011244671186432242,0.31333333333333335,0.6866666666666666
B,2025,27,RSI_14_Scaled,0.039168063551187515,0.015914427116513252,0.5333333333333333,0.4666666666666667
B,2025,27,Price_to_SMA20_Z60,0.026768958196043968,-0.00922837108373642,0.4066666666666667,0.5933333333333334
B,2025,27,Intraday_Return_Z60,0.010405811481177807,0.0010104862740263343,0.5066666666666667,0.49333333333333335
B,2025,27,Daily_Range_Z60,0.02203543111681938,-0.0012205475941300392,0.36,0.64
B,2025,27,QQQ_Log_Return_1D,0.012604009360074997,-0.0011710592079907656,0.5333333333333333,0.4666666666666667
B,2025,27,QQQ_Log_Return_5D,0.04661225527524948,0.010862579569220543,0.6,0.4
B,2025,27,QQQ_Volatility_14D,0.012206878513097763,-0.006571263540536165,0.16666666666666666,0.8333333333333334
B,2025,28,Log_Return_1D_Z60,0.01780957542359829,-0.002229957142844796,0.44666666666666666,0.5533333333333333
B,2025,28,Log_Return_5D_Z60,0.010594693943858147,-0.006364929489791393,0.38,0.62
B,2025,28,Volatility_14D_Z60,0.01520694699138403,0.0106755206361413,0.5066666666666667,0.49333333333333335
B,2025,28,Relative_Volume_20D_Z60,0.00996561348438263,0.0017387886764481664,0.37333333333333335,0.6266666666666667
B,2025,28,RSI_14_Scaled,0.04274740815162659,0.018588155508041382,0.5533333333333333,0.44666666666666666
B,2025,28,Price_to_SMA20_Z60,0.03082939237356186,-0.012492653913795948,0.38666666666666666,0.6133333333333333
B,2025,28,Intraday_Return_Z60,0.010488166473805904,0.0017303262138739228,0.5533333333333333,0.44666666666666666
B,2025,28,Daily_Range_Z60,0.016629669815301895,0.00037277519004419446,0.34,0.66
B,2025,28,QQQ_Log_Return_1D,0.010261592455208302,0.0015269821742549539,0.5733333333333334,0.4266666666666667
B,2025,28,QQQ_Log_Return_5D,0.05246676877140999,0.011480707675218582,0.5733333333333334,0.4266666666666667
B,2025,28,QQQ_Volatility_14D,0.01230237353593111,-0.007610231172293425,0.15333333333333332,0.8466666666666667
B,2025,29,Log_Return_1D_Z60,0.026452839374542236,0.004713992588222027,0.5266666666666666,0.47333333333333333
B,2025,29,Log_Return_5D_Z60,0.014121691696345806,-0.006825364660471678,0.42,0.58
B,2025,29,Volatility_14D_Z60,0.014367058873176575,0.011501172557473183,0.5933333333333334,0.4066666666666667
B,2025,29,Relative_Volume_20D_Z60,0.0035256219562143087,0.0003096667933277786,0.5666666666666667,0.43333333333333335
B,2025,29,RSI_14_Scaled,0.047453396022319794,0.016299031674861908,0.5533333333333333,0.44666666666666666
B,2025,29,Price_to_SMA20_Z60,0.03960206359624863,-0.012233179062604904,0.38666666666666666,0.6133333333333333
B,2025,29,Intraday_Return_Z60,0.007868224754929543,-0.0024169806856662035,0.46,0.54
B,2025,29,Daily_Range_Z60,0.004875542130321264,-0.0004066064429935068,0.36666666666666664,0.6333333333333333
B,2025,29,QQQ_Log_Return_1D,0.0033003524877130985,0.0014719790779054165,0.62,0.38
B,2025,29,QQQ_Log_Return_5D,0.0512193888425827,0.004248613957315683,0.5333333333333333,0.4666666666666667
B,2025,29,QQQ_Volatility_14D,0.01141864713281393,-0.007579524535685778,0.16666666666666666,0.8333333333333334
B,2025,30,Log_Return_1D_Z60,0.053555361926555634,-0.009404638782143593,0.5133333333333333,0.4866666666666667
B,2025,30,Log_Return_5D_Z60,0.019549179822206497,-0.007048098370432854,0.4533333333333333,0.5466666666666666
B,2025,30,Volatility_14D_Z60,0.018860258162021637,0.01595369726419449,0.7133333333333334,0.2866666666666667
B,2025,30,Relative_Volume_20D_Z60,0.0319225899875164,-0.01649898663163185,0.5066666666666667,0.49333333333333335
B,2025,30,RSI_14_Scaled,0.04739042744040489,0.01672765426337719,0.5733333333333334,0.4266666666666667
B,2025,30,Price_to_SMA20_Z60,0.06360955536365509,-0.02543010003864765,0.3466666666666667,0.6533333333333333
B,2025,30,Intraday_Return_Z60,0.006617656908929348,-0.003312683431431651,0.3933333333333333,0.6066666666666667
B,2025,30,Daily_Range_Z60,0.02484031207859516,-0.0006501128082163632,0.6266666666666667,0.37333333333333335
B,2025,30,QQQ_Log_Return_1D,0.013051408343017101,-0.0032944949343800545,0.4266666666666667,0.5733333333333334
B,2025,30,QQQ_Log_Return_5D,0.04803655669093132,0.00902642123401165,0.5666666666666667,0.43333333333333335
B,2025,30,QQQ_Volatility_14D,0.008415307849645615,-0.007507880683988333,0.18,0.82
C,2025,1,Log_Return_1D_Z60,1.0765578736027237e-05,-8.090250958048273e-08,0.5266666666666666,0.47333333333333333
C,2025,1,Log_Return_5D_Z60,3.142806235700846e-05,-7.997513421287294e-06,0.5133333333333333,0.4866666666666667
C,2025,1,Volatility_14D_Z60,7.452555291820318e-05,-3.388739423826337e-05,0.49333333333333335,0.5066666666666667
C,2025,1,Relative_Volume_20D_Z60,4.163252378930338e-05,9.90699845715426e-07,0.4066666666666667,0.5933333333333334
C,2025,1,RSI_14_Scaled,0.00013833865523338318,8.675677963765338e-05,0.4066666666666667,0.5933333333333334
C,2025,1,Price_to_SMA20_Z60,5.1593477110145614e-05,-3.8712474633939564e-05,0.5333333333333333,0.4666666666666667
C,2025,1,Intraday_Return_Z60,3.6630874092224985e-05,-7.533310963481199e-06,0.48,0.52
C,2025,1,Daily_Range_Z60,7.60276016080752e-05,-2.2731412173015997e-05,0.44666666666666666,0.5533333333333333
C,2025,1,QQQ_Log_Return_1D,5.0191654736408964e-05,2.0294846763135865e-05,0.5266666666666666,0.47333333333333333
C,2025,1,QQQ_Log_Return_5D,0.00011336580064380541,6.040990410838276e-05,0.5133333333333333,0.4866666666666667
C,2025,1,QQQ_Volatility_14D,7.42733318475075e-05,-4.709668428404257e-05,0.2,0.8
C,2025,2,Log_Return_1D_Z60,1.5731757230241783e-05,-4.351241386757465e-06,0.48,0.52
C,2025,2,Log_Return_5D_Z60,4.083985186298378e-05,-7.471861408703262e-06,0.4866666666666667,0.5133333333333333
C,2025,2,Volatility_14D_Z60,9.537843288853765e-05,-3.987775562563911e-05,0.48,0.52
C,2025,2,Relative_Volume_20D_Z60,6.481395394075662e-05,6.429237146221567e-06,0.41333333333333333,0.5866666666666667
C,2025,2,RSI_14_Scaled,0.00018643664952833205,0.0001152811455540359,0.41333333333333333,0.5866666666666667
C,2025,2,Price_to_SMA20_Z60,6.676429620711133e-05,-4.469646592042409e-05,0.5333333333333333,0.4666666666666667
C,2025,2,Intraday_Return_Z60,4.9244998081121594e-05,2.989365839312086e-06,0.5133333333333333,0.4866666666666667
C,2025,2,Daily_Range_Z60,9.693019819678739e-05,-2.0318362658144906e-05,0.41333333333333333,0.5866666666666667
C,2025,2,QQQ_Log_Return_1D,5.563236845773645e-05,8.638977305963635e-06,0.54,0.46
C,2025,2,QQQ_Log_Return_5D,0.00013619946548715234,4.9440699513070285e-05,0.49333333333333335,0.5066666666666667
C,2025,2,QQQ_Volatility_14D,9.630322165321559e-05,-6.0853621107526124e-05,0.20666666666666667,0.7933333333333333
C,2025,3,Log_Return_1D_Z60,2.0380448404466733e-05,-2.8269867016206263e-06,0.5733333333333334,0.4266666666666667
C,2025,3,Log_Return_5D_Z60,4.986846033716574e-05,-3.696970679811784e-06,0.5066666666666667,0.49333333333333335
C,2025,3,Volatility_14D_Z60,0.00012472402886487544,-5.606193735729903e-05,0.49333333333333335,0.5066666666666667
C,2025,3,Relative_Volume_20D_Z60,7.06726495991461e-05,-2.132802183041349e-05,0.3466666666666667,0.6533333333333333
C,2025,3,RSI_14_Scaled,0.00023602897999808192,0.00013694101653527468,0.43333333333333335,0.5666666666666667
C,2025,3,Price_to_SMA20_Z60,7.935655594337732e-05,-4.5569700887426734e-05,0.5533333333333333,0.44666666666666666
C,2025,3,Intraday_Return_Z60,6.136328011052683e-05,-4.436708422872471e-06,0.4666666666666667,0.5333333333333333
C,2025,3,Daily_Range_Z60,0.00016461423365399241,-4.8699428589316085e-05,0.44666666666666666,0.5533333333333333
C,2025,3,QQQ_Log_Return_1D,7.134754559956491e-05,9.123344170802739e-06,0.5666666666666667,0.43333333333333335
C,2025,3,QQQ_Log_Return_5D,0.00017589374328963459,8.799286297289655e-05,0.52,0.48
C,2025,3,QQQ_Volatility_14D,0.00012498520663939416,-8.066833106568083e-05,0.20666666666666667,0.7933333333333333
C,2025,4,Log_Return_1D_Z60,3.0125705961836502e-05,-5.732157660531811e-06,0.49333333333333335,0.5066666666666667
C,2025,4,Log_Return_5D_Z60,6.585643859580159e-05,5.562113528867485e-06,0.5866666666666667,0.41333333333333333
C,2025,4,Volatility_14D_Z60,0.00016007704834919423,-5.923554999753833e-05,0.4666666666666667,0.5333333333333333
C,2025,4,Relative_Volume_20D_Z60,8.589302160544321e-05,-2.0434339603525586e-05,0.38666666666666666,0.6133333333333333
C,2025,4,RSI_14_Scaled,0.0002906061999965459,0.00015647571126464754,0.38666666666666666,0.6133333333333333
C,2025,4,Price_to_SMA20_Z60,9.59551616688259e-05,-4.900630301563069e-05,0.5733333333333334,0.4266666666666667
C,2025,4,Intraday_Return_Z60,7.73762512835674e-05,7.21126662028837e-06,0.49333333333333335,0.5066666666666667
C,2025,4,Daily_Range_Z60,0.00015063528553582728,-2.218679219367914e-05,0.4266666666666667,0.5733333333333334
C,2025,4,QQQ_Log_Return_1D,0.00011578058183658868,-2.4022504021559143e-06,0.5466666666666666,0.4533333333333333
C,2025,4,QQQ_Log_Return_5D,0.000219714391278103,5.369713471736759e-05,0.5266666666666666,0.47333333333333333
C,2025,4,QQQ_Volatility_14D,0.00015494012041017413,-0.00010044754890259355,0.22,0.78
C,2025,5,Log_Return_1D_Z60,4.6234417823143303e-05,-8.946790330810472e-06,0.5266666666666666,0.47333333333333333
C,2025,5,Log_Return_5D_Z60,8.838462235871702e-05,1.4482206097454764e-05,0.5866666666666667,0.41333333333333333
C,2025,5,Volatility_14D_Z60,0.00020063975534867495,-6.305324495770037e-05,0.4533333333333333,0.5466666666666666
C,2025,5,Relative_Volume_20D_Z60,0.00014213714166544378,5.57051907890127e-06,0.36,0.64
C,2025,5,RSI_14_Scaled,0.00038518986548297107,0.00018587235535960644,0.38,0.62
C,2025,5,Price_to_SMA20_Z60,0.00012617679021786898,-5.492314085131511e-05,0.5666666666666667,0.43333333333333335
C,2025,5,Intraday_Return_Z60,0.00010707557521527633,-1.1941735465370584e-05,0.5,0.5
C,2025,5,Daily_Range_Z60,0.0002385937114013359,-5.199054430704564e-05,0.44666666666666666,0.5533333333333333
C,2025,5,QQQ_Log_Return_1D,0.00013942968507762998,4.380011523608118e-05,0.5333333333333333,0.4666666666666667
C,2025,5,QQQ_Log_Return_5D,0.00028793845558539033,9.202161163557321e-05,0.54,0.46
C,2025,5,QQQ_Volatility_14D,0.00019517164037097245,-0.0001374756102450192,0.21333333333333335,0.7866666666666666
C,2025,6,Log_Return_1D_Z60,5.27740157849621e-05,-4.184202225587796e-06,0.5733333333333334,0.4266666666666667
C,2025,6,Log_Return_5D_Z60,0.00010467339598108083,9.974699423764832e-06,0.5666666666666667,0.43333333333333335
C,2025,6,Volatility_14D_Z60,0.00025046244263648987,-7.17594739398919e-05,0.4533333333333333,0.5466666666666666
C,2025,6,Relative_Volume_20D_Z60,0.000157816190039739,-2.4636960006318986e-05,0.3,0.7
C,2025,6,RSI_14_Scaled,0.0004571009776555002,0.00021148299856577069,0.41333333333333333,0.5866666666666667
C,2025,6,Price_to_SMA20_Z60,0.0001500532089266926,-5.687700104317628e-05,0.5333333333333333,0.4666666666666667
C,2025,6,Intraday_Return_Z60,0.00012463130406104028,-2.962791040772572e-05,0.43333333333333335,0.5666666666666667
C,2025,6,Daily_Range_Z60,0.0002922821440733969,-0.00012063686881447211,0.32666666666666666,0.6733333333333333
C,2025,6,QQQ_Log_Return_1D,0.00020803655206691474,2.0076102373423055e-05,0.5266666666666666,0.47333333333333333
C,2025,6,QQQ_Log_Return_5D,0.0003284580307081342,8.315290324389935e-05,0.5266666666666666,0.47333333333333333
C,2025,6,QQQ_Volatility_14D,0.0002401079545961693,-0.00016982234956230968,0.22666666666666666,0.7733333333333333
C,2025,7,Log_Return_1D_Z60,7.65614677220583e-05,-1.7874677723739296e-05,0.54,0.46
C,2025,7,Log_Return_5D_Z60,0.00014078570529818535,8.323883776029106e-06,0.6066666666666667,0.3933333333333333
C,2025,7,Volatility_14D_Z60,0.000304893939755857,-7.358295260928571e-05,0.4666666666666667,0.5333333333333333
C,2025,7,Relative_Volume_20D_Z60,0.0002241426263935864,-6.066443529562093e-05,0.31333333333333335,0.6866666666666666
C,2025,7,RSI_14_Scaled,0.0005561247235164046,0.000251784484134987,0.4,0.6
C,2025,7,Price_to_SMA20_Z60,0.00017816197942011058,-6.580779881915078e-05,0.5666666666666667,0.43333333333333335
C,2025,7,Intraday_Return_Z60,0.00017357080650981516,9.386496458319016e-06,0.5266666666666666,0.47333333333333333
C,2025,7,Daily_Range_Z60,0.0003389167250134051,-0.00012811151100322604,0.36666666666666664,0.6333333333333333
C,2025,7,QQQ_Log_Return_1D,0.0002481100964359939,6.814661901444197e-05,0.58,0.42
C,2025,7,QQQ_Log_Return_5D,0.0004518540808930993,0.00016294371744152158,0.5333333333333333,0.4666666666666667
C,2025,7,QQQ_Volatility_14D,0.00031180554651655257,-0.0002250850957352668,0.21333333333333335,0.7866666666666666
C,2025,8,Log_Return_1D_Z60,9.516933641862124e-05,2.0374544362766756e-07,0.5,0.5
C,2025,8,Log_Return_5D_Z60,0.00020143976144026965,2.898648290283745e-07,0.56,0.44
C,2025,8,Volatility_14D_Z60,0.0003785782027989626,-7.98505570855923e-05,0.4866666666666667,0.5133333333333333
C,2025,8,Relative_Volume_20D_Z60,0.00031542108627036214,-2.4441831556032412e-05,0.36,0.64
C,2025,8,RSI_14_Scaled,0.000676525931339711,0.00029321142937988043,0.4266666666666667,0.5733333333333334
C,2025,8,Price_to_SMA20_Z60,0.0002417496289126575,-6.972932897042483e-05,0.56,0.44
C,2025,8,Intraday_Return_Z60,0.0002365879190620035,-3.0359287848114036e-05,0.52,0.48
C,2025,8,Daily_Range_Z60,0.0005072217900305986,-5.7437271607341245e-05,0.3933333333333333,0.6066666666666667
C,2025,8,QQQ_Log_Return_1D,0.00041977985529229045,0.00012002405128441751,0.56,0.44
C,2025,8,QQQ_Log_Return_5D,0.0006925001507624984,0.00028517359169200063,0.56,0.44
C,2025,8,QQQ_Volatility_14D,0.0003723257395904511,-0.0002631982206366956,0.22666666666666666,0.7733333333333333
C,2025,9,Log_Return_1D_Z60,0.00013382015458773822,-6.334383942885324e-05,0.48,0.52
C,2025,9,Log_Return_5D_Z60,0.0002524632727727294,-3.0143037292873487e-05,0.5133333333333333,0.4866666666666667
C,2025,9,Volatility_14D_Z60,0.0004684233572334051,-7.985856791492552e-05,0.52,0.48
C,2025,9,Relative_Volume_20D_Z60,0.00036049881600774825,-2.3263726689037867e-05,0.36666666666666664,0.6333333333333333
C,2025,9,RSI_14_Scaled,0.0009315989445894957,0.0003796975070144981,0.41333333333333333,0.5866666666666667
C,2025,9,Price_to_SMA20_Z60,0.0003402194706723094,-9.535600111121312e-05,0.56,0.44
C,2025,9,Intraday_Return_Z60,0.0002768993435893208,2.610137926239986e-05,0.5,0.5
C,2025,9,Daily_Range_Z60,0.0005362228839658201,-0.00014144388842396438,0.4266666666666667,0.5733333333333334
C,2025,9,QQQ_Log_Return_1D,0.0004243935691192746,7.570596790174022e-05,0.54,0.46
C,2025,9,QQQ_Log_Return_5D,0.0008593475795350969,0.0004412203561514616,0.5733333333333334,0.4266666666666667
C,2025,9,QQQ_Volatility_14D,0.00046081215259619057,-0.0003300065582152456,0.22,0.78
C,2025,10,Log_Return_1D_Z60,0.00015435168461408466,-1.313903703703545e-05,0.48,0.52
C,2025,10,Log_Return_5D_Z60,0.00035421931534074247,-5.1874951168429106e-05,0.5066666666666667,0.49333333333333335
C,2025,10,Volatility_14D_Z60,0.0005884798592887819,-8.611845987616107e-05,0.5133333333333333,0.4866666666666667
C,2025,10,Relative_Volume_20D_Z60,0.0004054501187056303,-9.552909614285454e-05,0.31333333333333335,0.6866666666666666
C,2025,10,RSI_14_Scaled,0.0011541062267497182,0.0004669493355322629,0.3933333333333333,0.6066666666666667
C,2025,10,Price_to_SMA20_Z60,0.0004407301021274179,-0.00010899689368670806,0.5466666666666666,0.4533333333333333
C,2025,10,Intraday_Return_Z60,0.0004115567426197231,6.360042334563332e-06,0.5133333333333333,0.4866666666666667
C,2025,10,Daily_Range_Z60,0.000747906044125557,-3.2521489629289135e-05,0.46,0.54
C,2025,10,QQQ_Log_Return_1D,0.0005212504765950143,7.307276246137917e-05,0.5266666666666666,0.47333333333333333
C,2025,10,QQQ_Log_Return_5D,0.0011241404572501779,0.0005064941360615194,0.58,0.42
C,2025,10,QQQ_Volatility_14D,0.0005791197763755918,-0.0004181840631645173,0.19333333333333333,0.8066666666666666
C,2025,11,Log_Return_1D_Z60,0.00019500665075611323,-4.607921073329635e-05,0.4666666666666667,0.5333333333333333
C,2025,11,Log_Return_5D_Z60,0.0005013169138692319,-8.23023947305046e-05,0.5533333333333333,0.44666666666666666
C,2025,11,Volatility_14D_Z60,0.0007381255272775888,-0.00011110908963019028,0.5333333333333333,0.4666666666666667
C,2025,11,Relative_Volume_20D_Z60,0.0005368265556171536,-7.290857320185751e-05,0.3333333333333333,0.6666666666666666
C,2025,11,RSI_14_Scaled,0.0016088199336081743,0.0006336454534903169,0.44,0.56
C,2025,11,Price_to_SMA20_Z60,0.0006259646033868194,-0.0001520140067441389,0.5666666666666667,0.43333333333333335
C,2025,11,Intraday_Return_Z60,0.0004662858846131712,7.477494364138693e-05,0.47333333333333333,0.5266666666666666
C,2025,11,Daily_Range_Z60,0.0009443577146157622,-0.0001500707439845428,0.44,0.56
C,2025,11,QQQ_Log_Return_1D,0.000642437138594687,0.00018959482258651406,0.5466666666666666,0.4533333333333333
C,2025,11,QQQ_Log_Return_5D,0.0015360673423856497,0.000736936111934483,0.5333333333333333,0.4666666666666667
C,2025,11,QQQ_Volatility_14D,0.0007266215397976339,-0.0005226414650678635,0.19333333333333333,0.8066666666666666
C,2025,12,Log_Return_1D_Z60,0.0002637231955304742,-9.391815547132865e-05,0.47333333333333333,0.5266666666666666
C,2025,12,Log_Return_5D_Z60,0.0005927971214987338,-9.946319187292829e-05,0.54,0.46
C,2025,12,Volatility_14D_Z60,0.0009975775610655546,-8.342914225067943e-05,0.5133333333333333,0.4866666666666667
C,2025,12,Relative_Volume_20D_Z60,0.0006832180661149323,-5.124545350554399e-05,0.3466666666666667,0.6533333333333333
C,2025,12,RSI_14_Scaled,0.0020018930081278086,0.0008216623100452125,0.44666666666666666,0.5533333333333333
C,2025,12,Price_to_SMA20_Z60,0.000801849935669452,-0.00018009143241215497,0.5533333333333333,0.44666666666666666
C,2025,12,Intraday_Return_Z60,0.0005983630544506013,-3.761662810575217e-06,0.44,0.56
C,2025,12,Daily_Range_Z60,0.0011755715822800994,-0.00012266106205061078,0.4,0.6
C,2025,12,QQQ_Log_Return_1D,0.0009432891965843737,0.00010113310418091714,0.4533333333333333,0.5466666666666666
C,2025,12,QQQ_Log_Return_5D,0.0018442374421283603,0.0007708530756644905,0.5266666666666666,0.47333333333333333
C,2025,12,QQQ_Volatility_14D,0.0009232666343450546,-0.0006273062317632139,0.20666666666666667,0.7933333333333333
C,2025,13,Log_Return_1D_Z60,0.0003823175502475351,-0.00015442974108736962,0.46,0.54
C,2025,13,Log_Return_5D_Z60,0.0008780094794929028,-0.00015182446804828942,0.49333333333333335,0.5066666666666667
C,2025,13,Volatility_14D_Z60,0.001244169077835977,-8.352162694791332e-06,0.52,0.48
C,2025,13,Relative_Volume_20D_Z60,0.0009722135728225112,0.0001221682905452326,0.35333333333333333,0.6466666666666666
C,2025,13,RSI_14_Scaled,0.0026634959504008293,0.0009509901283308864,0.46,0.54
C,2025,13,Price_to_SMA20_Z60,0.0010962455999106169,-0.00027471507200971246,0.5466666666666666,0.4533333333333333
C,2025,13,Intraday_Return_Z60,0.0010374700650572777,7.595850911457092e-05,0.5466666666666666,0.4533333333333333
C,2025,13,Daily_Range_Z60,0.0017513494240120053,0.00043712902697734535,0.44,0.56
C,2025,13,QQQ_Log_Return_1D,0.0011237635044381022,0.00016650398902129382,0.5266666666666666,0.47333333333333333
C,2025,13,QQQ_Log_Return_5D,0.002300568390637636,0.0007120671798475087,0.5333333333333333,0.4666666666666667
C,2025,13,QQQ_Volatility_14D,0.00113765022251755,-0.0007562391692772508,0.21333333333333335,0.7866666666666666
C,2025,14,Log_Return_1D_Z60,0.00039668515091761947,-0.00010292624938301742,0.4533333333333333,0.5466666666666666
C,2025,14,Log_Return_5D_Z60,0.0010637841187417507,-0.00020630461222026497,0.4866666666666667,0.5133333333333333
C,2025,14,Volatility_14D_Z60,0.0014670356176793575,-1.3157613466319162e-05,0.5266666666666666,0.47333333333333333
C,2025,14,Relative_Volume_20D_Z60,0.0009405064629390836,-0.00018018683476839215,0.34,0.66
C,2025,14,RSI_14_Scaled,0.003428110620006919,0.0012500687735155225,0.4533333333333333,0.5466666666666666
C,2025,14,Price_to_SMA20_Z60,0.00142118358053267,-0.00031891907565295696,0.5,0.5
C,2025,14,Intraday_Return_Z60,0.0011894471244886518,9.698483154352289e-06,0.5333333333333333,0.4666666666666667
C,2025,14,Daily_Range_Z60,0.0018190761329606175,0.00019058617181144655,0.47333333333333333,0.5266666666666666
C,2025,14,QQQ_Log_Return_1D,0.0012423635926097631,0.00010460508201504126,0.5266666666666666,0.47333333333333333
C,2025,14,QQQ_Log_Return_5D,0.0029819607734680176,0.0008109111804515123,0.54,0.46
C,2025,14,QQQ_Volatility_14D,0.0013493167934939265,-0.0009526292560622096,0.21333333333333335,0.7866666666666666
C,2025,15,Log_Return_1D_Z60,0.0004285718023311347,-0.00015610478294547647,0.42,0.58
C,2025,15,Log_Return_5D_Z60,0.0012107151560485363,-0.0003017316630575806,0.49333333333333335,0.5066666666666667
C,2025,15,Volatility_14D_Z60,0.0018307435093447566,-4.040112253278494e-05,0.4666666666666667,0.5333333333333333
C,2025,15,Relative_Volume_20D_Z60,0.001146251568570733,-0.0002615676203276962,0.3,0.7
C,2025,15,RSI_14_Scaled,0.0042783766984939575,0.0016149200964719057,0.48,0.52
C,2025,15,Price_to_SMA20_Z60,0.0017853784374892712,-0.0004252137732692063,0.5133333333333333,0.4866666666666667
C,2025,15,Intraday_Return_Z60,0.0014226911589503288,0.00021101147285662591,0.5333333333333333,0.4666666666666667
C,2025,15,Daily_Range_Z60,0.002155275782570243,-0.00016669802425894886,0.4266666666666667,0.5733333333333334
C,2025,15,QQQ_Log_Return_1D,0.001832243986427784,0.000388448970625177,0.52,0.48
C,2025,15,QQQ_Log_Return_5D,0.00373427988961339,0.0011383616365492344,0.5466666666666666,0.4533333333333333
C,2025,15,QQQ_Volatility_14D,0.0016571864252910018,-0.0011677156435325742,0.19333333333333333,0.8066666666666666
C,2025,16,Log_Return_1D_Z60,0.0008111373754218221,-0.00024896737886592746,0.56,0.44
C,2025,16,Log_Return_5D_Z60,0.001600645831786096,-0.0004360711027402431,0.5,0.5
C,2025,16,Volatility_14D_Z60,0.0023552984930574894,2.284300899191294e-05,0.4866666666666667,0.5133333333333333
C,2025,16,Relative_Volume_20D_Z60,0.001521762227639556,-0.00010558658686932176,0.36666666666666664,0.6333333333333333
C,2025,16,RSI_14_Scaled,0.005272173322737217,0.0019594854675233364,0.46,0.54
C,2025,16,Price_to_SMA20_Z60,0.002303488552570343,-0.0005335776950232685,0.5333333333333333,0.4666666666666667
C,2025,16,Intraday_Return_Z60,0.002090612193569541,-7.72187631810084e-05,0.44666666666666666,0.5533333333333333
C,2025,16,Daily_Range_Z60,0.0030386075377464294,0.0005265437648631632,0.46,0.54
C,2025,16,QQQ_Log_Return_1D,0.0020821853540837765,-5.1484348659869283e-05,0.46,0.54
C,2025,16,QQQ_Log_Return_5D,0.004624790977686644,0.0010470219422131777,0.54,0.46
C,2025,16,QQQ_Volatility_14D,0.002048709662631154,-0.001415326725691557,0.21333333333333335,0.7866666666666666
C,2025,17,Log_Return_1D_Z60,0.0008166216430254281,-5.072193744126707e-05,0.5866666666666667,0.41333333333333333
C,2025,17,Log_Return_5D_Z60,0.001967118587344885,-0.00036760096554644406,0.5066666666666667,0.49333333333333335
C,2025,17,Volatility_14D_Z60,0.002825496019795537,0.0001322272582910955,0.4866666666666667,0.5133333333333333
C,2025,17,Relative_Volume_20D_Z60,0.001801573089323938,-0.0005048557068221271,0.32666666666666666,0.6733333333333333
C,2025,17,RSI_14_Scaled,0.006527974735945463,0.0020231707021594048,0.44,0.56
C,2025,17,Price_to_SMA20_Z60,0.0029255731496959925,-0.0005469809984788299,0.54,0.46
C,2025,17,Intraday_Return_Z60,0.0021988016087561846,-0.00036700352211482823,0.4533333333333333,0.5466666666666666
C,2025,17,Daily_Range_Z60,0.0036637051962316036,-0.00025973140145651996,0.43333333333333335,0.5666666666666667
C,2025,17,QQQ_Log_Return_1D,0.003082042094320059,0.00029937096405774355,0.4866666666666667,0.5133333333333333
C,2025,17,QQQ_Log_Return_5D,0.006161900237202644,0.001288755564019084,0.5333333333333333,0.4666666666666667
C,2025,17,QQQ_Volatility_14D,0.002419727388769388,-0.0016053864965215325,0.20666666666666667,0.7933333333333333
C,2025,18,Log_Return_1D_Z60,0.0010953069431707263,-0.0004046783142257482,0.4866666666666667,0.5133333333333333
C,2025,18,Log_Return_5D_Z60,0.0023856281768530607,-0.0006110253161750734,0.5333333333333333,0.4666666666666667
C,2025,18,Volatility_14D_Z60,0.003356059780344367,0.00017197272973135114,0.49333333333333335,0.5066666666666667
C,2025,18,Relative_Volume_20D_Z60,0.0019916242454200983,-0.0008406275301240385,0.26,0.74
C,2025,18,RSI_14_Scaled,0.007878206670284271,0.0026143835857510567,0.46,0.54
C,2025,18,Price_to_SMA20_Z60,0.0036196804139763117,-0.0007795238052494824,0.5,0.5
C,2025,18,Intraday_Return_Z60,0.002787960460409522,0.0005181469605304301,0.5333333333333333,0.4666666666666667
C,2025,18,Daily_Range_Z60,0.004053032957017422,-0.00037296226946637034,0.41333333333333333,0.5866666666666667
C,2025,18,QQQ_Log_Return_1D,0.0033207512460649014,9.201444481732324e-05,0.4866666666666667,0.5133333333333333
C,2025,18,QQQ_Log_Return_5D,0.007099321577697992,0.001391757745295763,0.5266666666666666,0.47333333333333333
C,2025,18,QQQ_Volatility_14D,0.0029585000593215227,-0.0020276461727917194,0.22,0.78
C,2025,19,Log_Return_1D_Z60,0.0010850479593500495,-0.0002789842546917498,0.49333333333333335,0.5066666666666667
C,2025,19,Log_Return_5D_Z60,0.0027576384600251913,-0.0005311208078637719,0.5333333333333333,0.4666666666666667
C,2025,19,Volatility_14D_Z60,0.004066608380526304,-3.0479684937745333e-05,0.5,0.5
C,2025,19,Relative_Volume_20D_Z60,0.0024992553517222404,-0.0009772332850843668,0.24,0.76
C,2025,19,RSI_14_Scaled,0.009726877324283123,0.0030726129189133644,0.41333333333333333,0.5866666666666667
C,2025,19,Price_to_SMA20_Z60,0.004671709146350622,-0.0009151276899501681,0.5266666666666666,0.47333333333333333
C,2025,19,Intraday_Return_Z60,0.004014629404991865,-0.00012895367399323732,0.49333333333333335,0.5066666666666667
C,2025,19,Daily_Range_Z60,0.004345290828496218,-0.0006157761672511697,0.4066666666666667,0.5933333333333334
C,2025,19,QQQ_Log_Return_1D,0.004139345604926348,0.0008208983344957232,0.5533333333333333,0.44666666666666666
C,2025,19,QQQ_Log_Return_5D,0.01060480810701847,0.00222254591062665,0.5466666666666666,0.4533333333333333
C,2025,19,QQQ_Volatility_14D,0.003488358575850725,-0.0024751280434429646,0.18666666666666668,0.8133333333333334
C,2025,20,Log_Return_1D_Z60,0.0014327468816190958,-0.00019924654043279588,0.49333333333333335,0.5066666666666667
C,2025,20,Log_Return_5D_Z60,0.003296082839369774,-0.000295452366117388,0.5533333333333333,0.44666666666666666
C,2025,20,Volatility_14D_Z60,0.0049117389135062695,-9.303461411036551e-05,0.48,0.52
C,2025,20,Relative_Volume_20D_Z60,0.0029550823383033276,-0.0009860489517450333,0.2733333333333333,0.7266666666666667
C,2025,20,RSI_14_Scaled,0.011401252821087837,0.003080140333622694,0.43333333333333335,0.5666666666666667
C,2025,20,Price_to_SMA20_Z60,0.005770728457719088,-0.0009761480614542961,0.54,0.46
C,2025,20,Intraday_Return_Z60,0.004369968548417091,-0.000706381571944803,0.44,0.56
C,2025,20,Daily_Range_Z60,0.0058678374625742435,-0.00059418537421152,0.36,0.64
C,2025,20,QQQ_Log_Return_1D,0.0054520354606211185,0.0009856967953965068,0.5733333333333334,0.4266666666666667
C,2025,20,QQQ_Log_Return_5D,0.013672197237610817,0.00221339613199234,0.5333333333333333,0.4666666666666667
C,2025,20,QQQ_Volatility_14D,0.004266499076038599,-0.002806480973958969,0.21333333333333335,0.7866666666666666
C,2025,21,Log_Return_1D_Z60,0.0021512622479349375,-0.00045547058107331395,0.5133333333333333,0.4866666666666667
C,2025,21,Log_Return_5D_Z60,0.003567988518625498,-0.0003561390331014991,0.54,0.46
C,2025,21,Volatility_14D_Z60,0.006094645708799362,0.000130472777527757,0.47333333333333333,0.5266666666666666
C,2025,21,Relative_Volume_20D_Z60,0.003355608321726322,-0.00044400643673725426,0.32,0.68
C,2025,21,RSI_14_Scaled,0.013633440248668194,0.003668581135571003,0.47333333333333333,0.5266666666666666
C,2025,21,Price_to_SMA20_Z60,0.006601504981517792,-0.0011581502621993423,0.52,0.48
C,2025,21,Intraday_Return_Z60,0.006239087786525488,-0.00044674306991510093,0.5,0.5
C,2025,21,Daily_Range_Z60,0.006843757815659046,5.106876415084116e-05,0.4533333333333333,0.5466666666666666
C,2025,21,QQQ_Log_Return_1D,0.006380235310643911,0.00031807823688723147,0.4666666666666667,0.5333333333333333
C,2025,21,QQQ_Log_Return_5D,0.01605701446533203,0.0029471854213625193,0.52,0.48
C,2025,21,QQQ_Volatility_14D,0.00501191895455122,-0.0032343470957130194,0.2,0.8
C,2025,22,Log_Return_1D_Z60,0.0028561982326209545,-0.0012313347542658448,0.4266666666666667,0.5733333333333334
C,2025,22,Log_Return_5D_Z60,0.0045292614959180355,-0.001332119689323008,0.5,0.5
C,2025,22,Volatility_14D_Z60,0.007458474021404982,0.0004988458822481334,0.47333333333333333,0.5266666666666666
C,2025,22,Relative_Volume_20D_Z60,0.0036575146950781345,-0.0008236199500970542,0.32,0.68
C,2025,22,RSI_14_Scaled,0.01579250581562519,0.004726179409772158,0.4666666666666667,0.5333333333333333
C,2025,22,Price_to_SMA20_Z60,0.008012156933546066,-0.001963555347174406,0.4866666666666667,0.5133333333333333
C,2025,22,Intraday_Return_Z60,0.007223447784781456,0.0014370164135470986,0.54,0.46
C,2025,22,Daily_Range_Z60,0.007082282565534115,-0.001430501346476376,0.38,0.62
C,2025,22,QQQ_Log_Return_1D,0.007830013521015644,0.0007344713667407632,0.5133333333333333,0.4866666666666667
C,2025,22,QQQ_Log_Return_5D,0.01987570710480213,0.004159206990152597,0.5533333333333333,0.44666666666666666
C,2025,22,QQQ_Volatility_14D,0.0058457269333302975,-0.0036850813776254654,0.21333333333333335,0.7866666666666666
C,2025,23,Log_Return_1D_Z60,0.004232264589518309,-0.0016042975476011634,0.47333333333333333,0.5266666666666666
C,2025,23,Log_Return_5D_Z60,0.005159357562661171,-0.0017545900773257017,0.48,0.52
C,2025,23,Volatility_14D_Z60,0.009356977418065071,0.0010357622522860765,0.47333333333333333,0.5266666666666666
C,2025,23,Relative_Volume_20D_Z60,0.0042721424251794815,-0.00040742827695794404,0.34,0.66
C,2025,23,RSI_14_Scaled,0.01874815858900547,0.006738390773534775,0.52,0.48
C,2025,23,Price_to_SMA20_Z60,0.00978219322860241,-0.003287971718236804,0.42,0.58
C,2025,23,Intraday_Return_Z60,0.008818612433969975,0.00024238007608801126,0.48,0.52
C,2025,23,Daily_Range_Z60,0.008368435315787792,-0.0013537078630179167,0.37333333333333335,0.6266666666666667
C,2025,23,QQQ_Log_Return_1D,0.00774594210088253,0.001972208498045802,0.5933333333333334,0.4066666666666667
C,2025,23,QQQ_Log_Return_5D,0.024137891829013824,0.007148731499910355,0.5933333333333334,0.4066666666666667
C,2025,23,QQQ_Volatility_14D,0.006666128523647785,-0.004336822312325239,0.19333333333333333,0.8066666666666666
C,2025,24,Log_Return_1D_Z60,0.0049763331189751625,0.00012709661677945405,0.4666666666666667,0.5333333333333333
C,2025,24,Log_Return_5D_Z60,0.006268083117902279,-0.002102921949699521,0.48,0.52
C,2025,24,Volatility_14D_Z60,0.011408117599785328,0.0013348470674827695,0.47333333333333333,0.5266666666666666
C,2025,24,Relative_Volume_20D_Z60,0.004524540156126022,-0.0007031690911389887,0.26666666666666666,0.7333333333333333
C,2025,24,RSI_14_Scaled,0.020877383649349213,0.006296880077570677,0.5,0.5
C,2025,24,Price_to_SMA20_Z60,0.012115673162043095,-0.00336590688675642,0.46,0.54
C,2025,24,Intraday_Return_Z60,0.010889413766562939,-0.00033307215198874474,0.5066666666666667,0.49333333333333335
C,2025,24,Daily_Range_Z60,0.008685662411153316,-0.0014739118050783873,0.3466666666666667,0.6533333333333333
C,2025,24,QQQ_Log_Return_1D,0.008900340646505356,0.0015944150509312749,0.5866666666666667,0.41333333333333333
C,2025,24,QQQ_Log_Return_5D,0.02987971343100071,0.008982039988040924,0.62,0.38
C,2025,24,QQQ_Volatility_14D,0.007556977216154337,-0.004888711031526327,0.18666666666666668,0.8133333333333334
C,2025,25,Log_Return_1D_Z60,0.005974738392978907,-0.00108420813921839,0.4533333333333333,0.5466666666666666
C,2025,25,Log_Return_5D_Z60,0.007802379783242941,-0.0029407767578959465,0.4666666666666667,0.5333333333333333
C,2025,25,Volatility_14D_Z60,0.012390640564262867,0.000845563190523535,0.46,0.54
C,2025,25,Relative_Volume_20D_Z60,0.0034943728242069483,-0.0015281705418601632,0.2866666666666667,0.7133333333333334
C,2025,25,RSI_14_Scaled,0.024824298918247223,0.008136448450386524,0.5266666666666666,0.47333333333333333
C,2025,25,Price_to_SMA20_Z60,0.015015163458883762,-0.004633086733520031,0.4266666666666667,0.5733333333333334
C,2025,25,Intraday_Return_Z60,0.0101151829585433,-0.0005106422468088567,0.4866666666666667,0.5133333333333333
C,2025,25,Daily_Range_Z60,0.009010782465338707,-0.0012275904882699251,0.32,0.68
C,2025,25,QQQ_Log_Return_1D,0.0085249412804842,0.00036960653960704803,0.5733333333333334,0.4266666666666667
C,2025,25,QQQ_Log_Return_5D,0.03440587967634201,0.008507712744176388,0.5933333333333334,0.4066666666666667
C,2025,25,QQQ_Volatility_14D,0.008360122330486774,-0.005731185898184776,0.17333333333333334,0.8266666666666667
C,2025,26,Log_Return_1D_Z60,0.008734620176255703,-0.002040194347500801,0.43333333333333335,0.5666666666666667
C,2025,26,Log_Return_5D_Z60,0.00805716309696436,-0.004152865149080753,0.41333333333333333,0.5866666666666667
C,2025,26,Volatility_14D_Z60,0.014124535024166107,0.0012490840163081884,0.47333333333333333,0.5266666666666666
C,2025,26,Relative_Volume_20D_Z60,0.0025396286509931087,-0.0009755323408171535,0.29333333333333333,0.7066666666666667
C,2025,26,RSI_14_Scaled,0.02783489227294922,0.01037003006786108,0.52,0.48
C,2025,26,Price_to_SMA20_Z60,0.018079614266753197,-0.006769777741283178,0.3933333333333333,0.6066666666666667
C,2025,26,Intraday_Return_Z60,0.011901527643203735,0.0015736379427835345,0.5266666666666666,0.47333333333333333
C,2025,26,Daily_Range_Z60,0.008106772787868977,-0.003297187387943268,0.31333333333333335,0.6866666666666666
C,2025,26,QQQ_Log_Return_1D,0.009218648076057434,0.001961490837857127,0.5866666666666667,0.41333333333333333
C,2025,26,QQQ_Log_Return_5D,0.0414656363427639,0.014213042333722115,0.6266666666666667,0.37333333333333335
C,2025,26,QQQ_Volatility_14D,0.008846495300531387,-0.006295153871178627,0.14666666666666667,0.8533333333333334
C,2025,27,Log_Return_1D_Z60,0.012582695111632347,-0.0031080981716513634,0.44,0.56
C,2025,27,Log_Return_5D_Z60,0.01000294741243124,-0.004775778390467167,0.46,0.54
C,2025,27,Volatility_14D_Z60,0.016295263543725014,0.0004372884286567569,0.4533333333333333,0.5466666666666666
C,2025,27,Relative_Volume_20D_Z60,0.002024140441790223,-0.00032462511444464326,0.41333333333333333,0.5866666666666667
C,2025,27,RSI_14_Scaled,0.03170798718929291,0.012820638716220856,0.5333333333333333,0.4666666666666667
C,2025,27,Price_to_SMA20_Z60,0.023118864744901657,-0.009549472481012344,0.4066666666666667,0.5933333333333334
C,2025,27,Intraday_Return_Z60,0.013462360948324203,0.0005144801689311862,0.5066666666666667,0.49333333333333335
C,2025,27,Daily_Range_Z60,0.008920334279537201,-0.0014638243010267615,0.35333333333333333,0.6466666666666666
C,2025,27,QQQ_Log_Return_1D,0.007238404825329781,-0.00020440379739739,0.5333333333333333,0.4666666666666667
C,2025,27,QQQ_Log_Return_5D,0.05063904449343681,0.013663746416568756,0.6,0.4
C,2025,27,QQQ_Volatility_14D,0.009914515540003777,-0.006882087327539921,0.12666666666666668,0.8733333333333333
C,2025,28,Log_Return_1D_Z60,0.020924605429172516,-0.0038836998865008354,0.44666666666666666,0.5533333333333333
C,2025,28,Log_Return_5D_Z60,0.011869835667312145,-0.005660921800881624,0.41333333333333333,0.5866666666666667
C,2025,28,Volatility_14D_Z60,0.019258180633187294,0.0023446991108357906,0.4666666666666667,0.5333333333333333
C,2025,28,Relative_Volume_20D_Z60,0.0038654550444334745,-0.0009459592984057963,0.5733333333333334,0.4266666666666667
C,2025,28,RSI_14_Scaled,0.03313878923654556,0.013891048729419708,0.5533333333333333,0.44666666666666666
C,2025,28,Price_to_SMA20_Z60,0.02692934311926365,-0.01294559147208929,0.38666666666666666,0.6133333333333333
C,2025,28,Intraday_Return_Z60,0.013308912515640259,0.0011619121069088578,0.5333333333333333,0.4666666666666667
C,2025,28,Daily_Range_Z60,0.005642546806484461,-0.0008394774049520493,0.35333333333333333,0.6466666666666666
C,2025,28,QQQ_Log_Return_1D,0.004850953351706266,0.0012243108358234167,0.5733333333333334,0.4266666666666667
C,2025,28,QQQ_Log_Return_5D,0.05836893618106842,0.012752658687531948,0.5733333333333334,0.4266666666666667
C,2025,28,QQQ_Volatility_14D,0.010731087066233158,-0.007066552527248859,0.14666666666666667,0.8533333333333334
C,2025,29,Log_Return_1D_Z60,0.023648003116250038,0.0031157927587628365,0.5266666666666666,0.47333333333333333
C,2025,29,Log_Return_5D_Z60,0.013831375166773796,-0.005371349398046732,0.43333333333333335,0.5666666666666667
C,2025,29,Volatility_14D_Z60,0.020813850685954094,0.0028506035450845957,0.4533333333333333,0.5466666666666666
C,2025,29,Relative_Volume_20D_Z60,0.0069421990774571896,0.0009797574020922184,0.66,0.34
C,2025,29,RSI_14_Scaled,0.034359440207481384,0.011345638893544674,0.5533333333333333,0.44666666666666666
C,2025,29,Price_to_SMA20_Z60,0.031854964792728424,-0.012391209602355957,0.38666666666666666,0.6133333333333333
C,2025,29,Intraday_Return_Z60,0.0101915393024683,-0.003210347378626466,0.44666666666666666,0.5533333333333333
C,2025,29,Daily_Range_Z60,0.0034576705656945705,-0.0005671140970662236,0.47333333333333333,0.5266666666666666
C,2025,29,QQQ_Log_Return_1D,0.0038388685788959265,0.0021139285527169704,0.5866666666666667,0.41333333333333333
C,2025,29,QQQ_Log_Return_5D,0.058187585324048996,0.0055350568145513535,0.5333333333333333,0.4666666666666667
C,2025,29,QQQ_Volatility_14D,0.010412503965198994,-0.006155648268759251,0.2,0.8
C,2025,30,Log_Return_1D_Z60,0.03726858273148537,-0.005939716473221779,0.5133333333333333,0.4866666666666667
C,2025,30,Log_Return_5D_Z60,0.02028137817978859,-0.006946793291717768,0.4533333333333333,0.5466666666666666
C,2025,30,Volatility_14D_Z60,0.022380298003554344,0.005253000184893608,0.44666666666666666,0.5533333333333333
C,2025,30,Relative_Volume_20D_Z60,0.03207853063941002,-0.017464719712734222,0.5066666666666667,0.49333333333333335
C,2025,30,RSI_14_Scaled,0.032760366797447205,0.011172641068696976,0.5733333333333334,0.4266666666666667
C,2025,30,Price_to_SMA20_Z60,0.039703745394945145,-0.016804268583655357,0.3466666666666667,0.6533333333333333
C,2025,30,Intraday_Return_Z60,0.0056968736462295055,0.00037650996819138527,0.5133333333333333,0.4866666666666667
C,2025,30,Daily_Range_Z60,0.011057648807764053,-0.0020219108555465937,0.5666666666666667,0.43333333333333335
C,2025,30,QQQ_Log_Return_1D,0.013691715896129608,0.0015300146769732237,0.4266666666666667,0.5733333333333334
C,2025,30,QQQ_Log_Return_5D,0.058734651654958725,0.01233180332928896,0.5666666666666667,0.43333333333333335
C,2025,30,QQQ_Volatility_14D,0.009994324296712875,-0.006883470341563225,0.21333333333333335,0.7866666666666666
A,2026,1,Log_Return_1D_Z60,1.2693604389824031e-07,-6.780363825953373e-09,0.49038461538461536,0.5096153846153846
A,2026,1,Log_Return_5D_Z60,2.2054624082556984e-07,-1.1864439208864042e-08,0.47115384615384615,0.5288461538461539
A,2026,1,Volatility_14D_Z60,1.285494874991855e-07,-6.493422688436112e-09,0.4230769230769231,0.5769230769230769
A,2026,1,Relative_Volume_20D_Z60,5.2591531130019575e-08,2.7972738791959273e-08,0.4423076923076923,0.5576923076923077
A,2026,1,RSI_14_Scaled,1.7371712601743639e-07,-2.5436314388116443e-08,0.4230769230769231,0.5769230769230769
A,2026,1,Price_to_SMA20_Z60,5.4745878941275805e-08,-2.1520433435284758e-08,0.375,0.625
A,2026,1,Intraday_Return_Z60,9.6541107552639e-08,1.8682893454524674e-08,0.5384615384615384,0.46153846153846156
A,2026,1,Daily_Range_Z60,2.1915049330800684e-08,1.5794919816514152e-09,0.5288461538461539,0.47115384615384615
A,2026,1,QQQ_Log_Return_1D,2.5620526145075928e-08,-8.819999841591653e-09,0.40384615384615385,0.5961538461538461
A,2026,1,QQQ_Log_Return_5D,8.125783068635428e-08,-8.808178186825444e-09,0.5192307692307693,0.4807692307692308
A,2026,1,QQQ_Volatility_14D,2.898567004194774e-07,-2.147226751958442e-07,0.18269230769230768,0.8173076923076923
A,2026,2,Log_Return_1D_Z60,1.6354822207631514e-07,-2.6454015866761438e-08,0.49038461538461536,0.5096153846153846
A,2026,2,Log_Return_5D_Z60,3.1174465675576357e-07,-5.908035305424164e-08,0.46153846153846156,0.5384615384615384
A,2026,2,Volatility_14D_Z60,1.9728108213712403e-07,-1.4882949095351705e-08,0.4230769230769231,0.5769230769230769
A,2026,2,Relative_Volume_20D_Z60,9.613659557317078e-08,5.2051827736931955e-08,0.375,0.625
A,2026,2,RSI_14_Scaled,2.9839370085937844e-07,-3.910639279069983e-08,0.4230769230769231,0.5769230769230769
A,2026,2,Price_to_SMA20_Z60,8.8339945136795e-08,-3.415089722125231e-08,0.3269230769230769,0.6730769230769231
A,2026,2,Intraday_Return_Z60,1.5478427428661234e-07,-6.064227342506001e-09,0.4230769230769231,0.5769230769230769
A,2026,2,Daily_Range_Z60,3.235209078411572e-08,2.5884566712264245e-10,0.5384615384615384,0.46153846153846156
A,2026,2,QQQ_Log_Return_1D,4.229284300549807e-08,-4.385416918495366e-09,0.49038461538461536,0.5096153846153846
A,2026,2,QQQ_Log_Return_5D,1.3155926126273698e-07,-2.7300249172412805e-08,0.46153846153846156,0.5384615384615384
A,2026,2,QQQ_Volatility_14D,4.4481313921096444e-07,-3.2066617450254853e-07,0.18269230769230768,0.8173076923076923
A,2026,3,Log_Return_1D_Z60,2.286549403152094e-07,-4.736163816687622e-08,0.49038461538461536,0.5096153846153846
A,2026,3,Log_Return_5D_Z60,4.44511925934421e-07,-1.0754074963870153e-07,0.4807692307692308,0.5192307692307693
A,2026,3,Volatility_14D_Z60,2.7582609618548304e-07,-3.266552894842789e-08,0.4230769230769231,0.5769230769230769
A,2026,3,Relative_Volume_20D_Z60,1.6500972321864538e-07,7.597760998123704e-08,0.41346153846153844,0.5865384615384616
A,2026,3,RSI_14_Scaled,4.679688743181032e-07,-6.975734123670918e-08,0.38461538461538464,0.6153846153846154
A,2026,3,Price_to_SMA20_Z60,1.2183241437924153e-07,-7.735689422361247e-08,0.28846153846153844,0.7115384615384616
A,2026,3,Intraday_Return_Z60,1.787987287116266e-07,-4.452070001548236e-08,0.4519230769230769,0.5480769230769231
A,2026,3,Daily_Range_Z60,5.847836348493729e-08,-6.0748268637667024e-09,0.47115384615384615,0.5288461538461539
A,2026,3,QQQ_Log_Return_1D,7.870946205912333e-08,1.4473749976318118e-09,0.46153846153846156,0.5384615384615384
A,2026,3,QQQ_Log_Return_5D,2.4074964244391595e-07,-6.972659605253284e-08,0.4230769230769231,0.5769230769230769
A,2026,3,QQQ_Volatility_14D,6.742953928551287e-07,-4.47899253686046e-07,0.22115384615384615,0.7788461538461539
A,2026,4,Log_Return_1D_Z60,3.956916145853029e-07,-8.623639757843193e-08,0.47115384615384615,0.5288461538461539
A,2026,4,Log_Return_5D_Z60,7.127657681849087e-07,-2.3921816705296806e-07,0.4230769230769231,0.5769230769230769
A,2026,4,Volatility_14D_Z60,4.460332831968117e-07,-1.1877139272087334e-08,0.4423076923076923,0.5576923076923077
A,2026,4,Relative_Volume_20D_Z60,3.214153139197151e-07,1.546141845665261e-07,0.3942307692307692,0.6057692307692307
A,2026,4,RSI_14_Scaled,8.19552894881781e-07,-1.3566126710884419e-07,0.375,0.625
A,2026,4,Price_to_SMA20_Z60,1.9176195564796217e-07,-1.3228675754817232e-07,0.2692307692307692,0.7307692307692307
A,2026,4,Intraday_Return_Z60,2.2153514578349132e-07,1.3090811101790223e-08,0.4807692307692308,0.5192307692307693
A,2026,4,Daily_Range_Z60,7.421555636710764e-08,-2.0687073387648525e-08,0.40384615384615385,0.5961538461538461
A,2026,4,QQQ_Log_Return_1D,9.004707379745014e-08,-2.289898226592868e-08,0.41346153846153844,0.5865384615384616
A,2026,4,QQQ_Log_Return_5D,4.2592344584591046e-07,-1.716430091391885e-07,0.5,0.5
A,2026,4,QQQ_Volatility_14D,9.982084065995878e-07,-6.483110723820573e-07,0.22115384615384615,0.7788461538461539
A,2026,5,Log_Return_1D_Z60,5.99695852088189e-07,-9.093071895449611e-08,0.4807692307692308,0.5192307692307693
A,2026,5,Log_Return_5D_Z60,1.150177240560879e-06,-4.478191328871617e-07,0.4423076923076923,0.5576923076923077
A,2026,5,Volatility_14D_Z60,7.243944537549396e-07,-1.287109863135072e-10,0.4807692307692308,0.5192307692307693
A,2026,5,Relative_Volume_20D_Z60,4.796481789526297e-07,1.8888486863488652e-07,0.3942307692307692,0.6057692307692307
A,2026,5,RSI_14_Scaled,1.3800638498651097e-06,-2.996077057559887e-07,0.36538461538461536,0.6346153846153846
A,2026,5,Price_to_SMA20_Z60,2.7319771334077814e-07,-1.9427957909101679e-07,0.2980769230769231,0.7019230769230769
A,2026,5,Intraday_Return_Z60,4.1685669316393614e-07,7.189061079770909e-08,0.5192307692307693,0.4807692307692308
A,2026,5,Daily_Range_Z60,1.3309023927376984e-07,1.3751933813921369e-08,0.5192307692307693,0.4807692307692308
A,2026,5,QQQ_Log_Return_1D,1.303284307141439e-07,3.4445455376896916e-09,0.5192307692307693,0.4807692307692308
A,2026,5,QQQ_Log_Return_5D,6.347748353618954e-07,-2.2221054507554072e-07,0.5096153846153846,0.49038461538461536
A,2026,5,QQQ_Volatility_14D,1.551186983306252e-06,-9.789907835511258e-07,0.20192307692307693,0.7980769230769231
A,2026,6,Log_Return_1D_Z60,8.115920877571625e-07,1.913736902281471e-08,0.5480769230769231,0.4519230769230769
A,2026,6,Log_Return_5D_Z60,1.6384565242333338e-06,-6.528774179059837e-07,0.3942307692307692,0.6057692307692307
A,2026,6,Volatility_14D_Z60,1.094753770303214e-06,8.231809900394182e-09,0.47115384615384615,0.5288461538461539
A,2026,6,Relative_Volume_20D_Z60,6.365314675349509e-07,6.066089497380744e-08,0.3269230769230769,0.6730769230769231
A,2026,6,RSI_14_Scaled,2.157306653316482e-06,-3.4841195883927867e-07,0.3557692307692308,0.6442307692307693
A,2026,6,Price_to_SMA20_Z60,4.1724922539287945e-07,-2.8406685714799096e-07,0.3269230769230769,0.6730769230769231
A,2026,6,Intraday_Return_Z60,5.55101394184021e-07,6.63198296280143e-09,0.47115384615384615,0.5288461538461539
A,2026,6,Daily_Range_Z60,1.9140624374358595e-07,-2.120135356165065e-08,0.3942307692307692,0.6057692307692307
A,2026,6,QQQ_Log_Return_1D,1.856544571410268e-07,7.148424963077105e-09,0.47115384615384615,0.5288461538461539
A,2026,6,QQQ_Log_Return_5D,8.931607453632751e-07,-2.046168958713679e-07,0.4807692307692308,0.5192307692307693
A,2026,6,QQQ_Volatility_14D,2.3023260382615263e-06,-1.4691048590975697e-06,0.20192307692307693,0.7980769230769231
A,2026,7,Log_Return_1D_Z60,1.2084354921171325e-06,-3.405152426694258e-08,0.5,0.5
A,2026,7,Log_Return_5D_Z60,2.1760765775979962e-06,-8.121754149215121e-07,0.4230769230769231,0.5769230769230769
A,2026,7,Volatility_14D_Z60,1.7130153082689503e-06,-3.388029057305175e-08,0.4423076923076923,0.5576923076923077
A,2026,7,Relative_Volume_20D_Z60,7.754705961815489e-07,-2.0070503126135009e-07,0.3173076923076923,0.6826923076923077
A,2026,7,RSI_14_Scaled,3.3643993901932845e-06,-5.516367878044548e-07,0.375,0.625
A,2026,7,Price_to_SMA20_Z60,5.302307499732706e-07,-4.0249412336379464e-07,0.28846153846153844,0.7115384615384616
A,2026,7,Intraday_Return_Z60,8.254613135250111e-07,1.1040364000791669e-07,0.5480769230769231,0.4519230769230769
A,2026,7,Daily_Range_Z60,3.277730797890399e-07,6.19308764271409e-08,0.4519230769230769,0.5480769230769231
A,2026,7,QQQ_Log_Return_1D,2.6820222842616204e-07,6.354191128821185e-08,0.5192307692307693,0.4807692307692308
A,2026,7,QQQ_Log_Return_5D,1.4648128399130655e-06,-1.422782673898837e-07,0.4519230769230769,0.5480769230769231
A,2026,7,QQQ_Volatility_14D,3.3354945117025636e-06,-2.163748376915464e-06,0.21153846153846154,0.7884615384615384
A,2026,8,Log_Return_1D_Z60,1.6143150105563109e-06,-3.159018149290205e-07,0.5192307692307693,0.4807692307692308
A,2026,8,Log_Return_5D_Z60,3.026502326974878e-06,-1.0381097581557697e-06,0.34615384615384615,0.6538461538461539
A,2026,8,Volatility_14D_Z60,2.5403796826140024e-06,-5.493927801580867e-08,0.46153846153846156,0.5384615384615384
A,2026,8,Relative_Volume_20D_Z60,1.1633621852524811e-06,-2.1836909525063675e-07,0.36538461538461536,0.6346153846153846
A,2026,8,RSI_14_Scaled,5.285734005155973e-06,-1.1629012988123577e-06,0.38461538461538464,0.6153846153846154
A,2026,8,Price_to_SMA20_Z60,6.921817430338706e-07,-4.834482183468936e-07,0.2980769230769231,0.7019230769230769
A,2026,8,Intraday_Return_Z60,1.0975484201480867e-06,3.7993114432310904e-08,0.47115384615384615,0.5288461538461539
A,2026,8,Daily_Range_Z60,3.399280217308842e-07,9.23726375390288e-08,0.5,0.5
A,2026,8,QQQ_Log_Return_1D,3.3981129377025354e-07,-2.3332672682840894e-08,0.5576923076923077,0.4423076923076923
A,2026,8,QQQ_Log_Return_5D,2.402556447123061e-06,-2.974907431507745e-07,0.4423076923076923,0.5576923076923077
A,2026,8,QQQ_Volatility_14D,4.939206519338768e-06,-3.212583806089242e-06,0.22115384615384615,0.7788461538461539
A,2026,9,Log_Return_1D_Z60,2.487181973265251e-06,1.8999419637566461e-07,0.5192307692307693,0.4807692307692308
A,2026,9,Log_Return_5D_Z60,4.0486297621100675e-06,-8.405349944951013e-07,0.4423076923076923,0.5576923076923077
A,2026,9,Volatility_14D_Z60,3.585510739867459e-06,-2.0150887181102917e-08,0.46153846153846156,0.5384615384615384
A,2026,9,Relative_Volume_20D_Z60,1.8925692302218522e-06,-1.0329812027976004e-07,0.375,0.625
A,2026,9,RSI_14_Scaled,7.91027196100913e-06,-1.4621424497818225e-06,0.4230769230769231,0.5769230769230769
A,2026,9,Price_to_SMA20_Z60,1.0184110124100698e-06,-6.628652045037597e-07,0.3557692307692308,0.6442307692307693
A,2026,9,Intraday_Return_Z60,1.3673907233169302e-06,1.6524542445495172e-07,0.4807692307692308,0.5192307692307693
A,2026,9,Daily_Range_Z60,6.353454296004202e-07,-1.0768674840733183e-08,0.46153846153846156,0.5384615384615384
A,2026,9,QQQ_Log_Return_1D,5.413609756033111e-07,-2.5476792231415857e-08,0.4807692307692308,0.5192307692307693
A,2026,9,QQQ_Log_Return_5D,3.7762001738883555e-06,-1.9355843505763914e-07,0.5,0.5
A,2026,9,QQQ_Volatility_14D,7.174488018790726e-06,-4.474285105970921e-06,0.23076923076923078,0.7692307692307693
A,2026,10,Log_Return_1D_Z60,4.110452664463082e-06,-2.051008429759804e-08,0.4807692307692308,0.5192307692307693
A,2026,10,Log_Return_5D_Z60,6.748692612745799e-06,-8.599126317676564e-07,0.46153846153846156,0.5384615384615384
A,2026,10,Volatility_14D_Z60,5.837255685037235e-06,-6.566599495272385e-07,0.4230769230769231,0.5769230769230769
A,2026,10,Relative_Volume_20D_Z60,3.0919150049157906e-06,4.503799573285505e-07,0.4519230769230769,0.5480769230769231
A,2026,10,RSI_14_Scaled,1.1655462913040537e-05,-2.0822278656851267e-06,0.375,0.625
A,2026,10,Price_to_SMA20_Z60,1.4824146319369902e-06,-1.0935982572846115e-06,0.34615384615384615,0.6538461538461539
A,2026,10,Intraday_Return_Z60,2.1814082629134646e-06,1.062596695078355e-07,0.4423076923076923,0.5576923076923077
A,2026,10,Daily_Range_Z60,1.0696617209760007e-06,3.9360014625344775e-07,0.3942307692307692,0.6057692307692307
A,2026,10,QQQ_Log_Return_1D,7.774020787110203e-07,1.6062770002989168e-09,0.4423076923076923,0.5576923076923077
A,2026,10,QQQ_Log_Return_5D,5.555741154239513e-06,-4.2766021124407416e-07,0.5,0.5
A,2026,10,QQQ_Volatility_14D,1.0309108802175615e-05,-6.118847522884607e-06,0.2403846153846154,0.7596153846153846
A,2026,11,Log_Return_1D_Z60,5.313394467520993e-06,3.745227061813239e-08,0.4519230769230769,0.5480769230769231
A,2026,11,Log_Return_5D_Z60,9.874913303065114e-06,-1.379607510898495e-06,0.4326923076923077,0.5673076923076923
A,2026,11,Volatility_14D_Z60,9.336844414065126e-06,-8.395492159252171e-07,0.375,0.625
A,2026,11,Relative_Volume_20D_Z60,3.3483524930488784e-06,-8.318690447595145e-07,0.36538461538461536,0.6346153846153846
A,2026,11,RSI_14_Scaled,1.7600257706362754e-05,-3.7155791687837336e-06,0.40384615384615385,0.5961538461538461
A,2026,11,Price_to_SMA20_Z60,1.9897115635103546e-06,-1.5773604218338733e-06,0.3076923076923077,0.6923076923076923
A,2026,11,Intraday_Return_Z60,2.8512508833955508e-06,6.701606025671936e-07,0.5673076923076923,0.4326923076923077
A,2026,11,Daily_Range_Z60,1.3342482816369738e-06,4.426075577157462e-07,0.46153846153846156,0.5384615384615384
A,2026,11,QQQ_Log_Return_1D,7.216030439849419e-07,7.292414494486366e-08,0.46153846153846156,0.5384615384615384
A,2026,11,QQQ_Log_Return_5D,7.983220712048933e-06,-5.708415642402542e-07,0.4807692307692308,0.5192307692307693
A,2026,11,QQQ_Volatility_14D,1.4687416296510492e-05,-8.90083538251929e-06,0.25961538461538464,0.7403846153846154
A,2026,12,Log_Return_1D_Z60,7.356342393904924e-06,5.54901305349631e-07,0.49038461538461536,0.5096153846153846
A,2026,12,Log_Return_5D_Z60,1.3681295058631804e-05,-2.1919552182225743e-06,0.3942307692307692,0.6057692307692307
A,2026,12,Volatility_14D_Z60,1.3775871593679767e-05,-2.0379470697662327e-06,0.375,0.625
A,2026,12,Relative_Volume_20D_Z60,5.011126177123515e-06,-5.382025278777292e-07,0.36538461538461536,0.6346153846153846
A,2026,12,RSI_14_Scaled,2.6006084226537496e-05,-6.1184064179542474e-06,0.41346153846153844,0.5865384615384616
A,2026,12,Price_to_SMA20_Z60,3.107740894847666e-06,-2.5919716790667735e-06,0.25961538461538464,0.7403846153846154
A,2026,12,Intraday_Return_Z60,3.818333425442688e-06,1.0133795740330243e-06,0.5576923076923077,0.4423076923076923
A,2026,12,Daily_Range_Z60,2.282947662024526e-06,8.747074957682344e-07,0.5096153846153846,0.49038461538461536
A,2026,12,QQQ_Log_Return_1D,1.3989173339723493e-06,1.7370796001614508e-07,0.5288461538461539,0.47115384615384615
A,2026,12,QQQ_Log_Return_5D,1.2579466783790849e-05,-1.2538839655462652e-06,0.5,0.5
A,2026,12,QQQ_Volatility_14D,2.0973497157683596e-05,-1.2582620001921896e-05,0.2692307692307692,0.7307692307692307
A,2026,13,Log_Return_1D_Z60,1.1845312656078022e-05,-2.0190642047168694e-08,0.5096153846153846,0.49038461538461536
A,2026,13,Log_Return_5D_Z60,1.912115840241313e-05,-3.639017677414813e-06,0.4807692307692308,0.5192307692307693
A,2026,13,Volatility_14D_Z60,1.9370740119484253e-05,-1.7215352272614837e-06,0.4230769230769231,0.5769230769230769
A,2026,13,Relative_Volume_20D_Z60,7.509372608183185e-06,-1.487743702455191e-06,0.38461538461538464,0.6153846153846154
A,2026,13,RSI_14_Scaled,3.8977803342277184e-05,-1.0349579497415107e-05,0.41346153846153844,0.5865384615384616
A,2026,13,Price_to_SMA20_Z60,4.583355348586338e-06,-3.633664618973853e-06,0.2692307692307692,0.7307692307692307
A,2026,13,Intraday_Return_Z60,4.974458079232136e-06,1.5104241128938156e-06,0.5,0.5
A,2026,13,Daily_Range_Z60,5.064538527221885e-06,1.808938918657077e-06,0.46153846153846156,0.5384615384615384
A,2026,13,QQQ_Log_Return_1D,1.9570231870602584e-06,-4.0926181554823415e-08,0.5769230769230769,0.4230769230769231
A,2026,13,QQQ_Log_Return_5D,2.1546080461121164e-05,-1.6254050478892168e-06,0.5,0.5
A,2026,13,QQQ_Volatility_14D,2.9274600819917396e-05,-1.8580536561785266e-05,0.27884615384615385,0.7211538461538461
A,2026,14,Log_Return_1D_Z60,1.6161771782208234e-05,2.28487851927639e-06,0.5769230769230769,0.4230769230769231
A,2026,14,Log_Return_5D_Z60,2.7488787964102812e-05,-5.534586307476275e-06,0.47115384615384615,0.5288461538461539
A,2026,14,Volatility_14D_Z60,2.830395351338666e-05,-1.2895936833956512e-06,0.40384615384615385,0.5961538461538461
A,2026,14,Relative_Volume_20D_Z60,1.0658706742106006e-05,-2.724413207033649e-06,0.34615384615384615,0.6538461538461539
A,2026,14,RSI_14_Scaled,5.886084181838669e-05,-1.6197367585846223e-05,0.4230769230769231,0.5769230769230769
A,2026,14,Price_to_SMA20_Z60,7.512198862968944e-06,-5.339330527931452e-06,0.28846153846153844,0.7115384615384616
A,2026,14,Intraday_Return_Z60,6.513294920296175e-06,2.2615599846176337e-06,0.46153846153846156,0.5384615384615384
A,2026,14,Daily_Range_Z60,6.51324580758228e-06,4.064457641561603e-07,0.3942307692307692,0.6057692307692307
A,2026,14,QQQ_Log_Return_1D,2.71812700702867e-06,-4.825035659905552e-08,0.4807692307692308,0.5192307692307693
A,2026,14,QQQ_Log_Return_5D,3.452382952673361e-05,-3.1406427751790034e-06,0.4423076923076923,0.5576923076923077
A,2026,14,QQQ_Volatility_14D,4.2167062929365784e-05,-2.6303239792468958e-05,0.28846153846153844,0.7115384615384616
A,2026,15,Log_Return_1D_Z60,2.603599932626821e-05,-6.965204590869689e-08,0.46153846153846156,0.5384615384615384
A,2026,15,Log_Return_5D_Z60,3.7542507925536484e-05,-8.953644282883033e-06,0.49038461538461536,0.5096153846153846
A,2026,15,Volatility_14D_Z60,4.179243842372671e-05,-2.770743321889313e-06,0.4230769230769231,0.5769230769230769
A,2026,15,Relative_Volume_20D_Z60,1.6578151189605705e-05,-3.022652208528598e-06,0.375,0.625
A,2026,15,RSI_14_Scaled,8.567362965550274e-05,-2.465104807924945e-05,0.38461538461538464,0.6153846153846154
A,2026,15,Price_to_SMA20_Z60,1.2575314940477256e-05,-8.658884325996041e-06,0.3942307692307692,0.6057692307692307
A,2026,15,Intraday_Return_Z60,9.8359705589246e-06,3.161387439831742e-06,0.5673076923076923,0.4326923076923077
A,2026,15,Daily_Range_Z60,8.761880962993018e-06,1.6387670029871515e-06,0.47115384615384615,0.5288461538461539
A,2026,15,QQQ_Log_Return_1D,4.033748609799659e-06,1.3358504702409846e-06,0.625,0.375
A,2026,15,QQQ_Log_Return_5D,5.011777830077335e-05,-7.103535608621314e-07,0.5096153846153846,0.49038461538461536
A,2026,15,QQQ_Volatility_14D,6.0437007050495595e-05,-3.720786116900854e-05,0.3076923076923077,0.6923076923076923
A,2026,16,Log_Return_1D_Z60,3.2658903364790604e-05,-3.8035229863453424e-06,0.4519230769230769,0.5480769230769231
A,2026,16,Log_Return_5D_Z60,5.0362465117359534e-05,-1.8533457478042692e-05,0.41346153846153844,0.5865384615384616
A,2026,16,Volatility_14D_Z60,6.261505768634379e-05,-7.910854549209034e-08,0.4807692307692308,0.5192307692307693
A,2026,16,Relative_Volume_20D_Z60,2.561978362791706e-05,-2.780663635348901e-06,0.2692307692307692,0.7307692307692307
A,2026,16,RSI_14_Scaled,0.00013504803064279258,-3.843101148959249e-05,0.41346153846153844,0.5865384615384616
A,2026,16,Price_to_SMA20_Z60,1.8560825992608443e-05,-1.4622165508626495e-05,0.36538461538461536,0.6346153846153846
A,2026,16,Intraday_Return_Z60,1.238705499417847e-05,1.6243236586888088e-06,0.46153846153846156,0.5384615384615384
A,2026,16,Daily_Range_Z60,1.263591184397228e-05,4.305557922634762e-06,0.5192307692307693,0.4807692307692308
A,2026,16,QQQ_Log_Return_1D,6.7890568971051835e-06,2.1992279926053016e-06,0.5769230769230769,0.4230769230769231
A,2026,16,QQQ_Log_Return_5D,7.508637645514682e-05,-4.244607680448098e-06,0.5096153846153846,0.49038461538461536
A,2026,16,QQQ_Volatility_14D,8.658602018840611e-05,-5.4839074437040836e-05,0.3269230769230769,0.6730769230769231
A,2026,17,Log_Return_1D_Z60,4.607774462783709e-05,4.197173439024482e-06,0.5096153846153846,0.49038461538461536
A,2026,17,Log_Return_5D_Z60,7.474477752111852e-05,-2.827223579515703e-05,0.4326923076923077,0.5673076923076923
A,2026,17,Volatility_14D_Z60,0.000103779137134552,7.1221347752725706e-06,0.4519230769230769,0.5480769230769231
A,2026,17,Relative_Volume_20D_Z60,4.4584139686776325e-05,6.899776394675428e-07,0.3173076923076923,0.6826923076923077
A,2026,17,RSI_14_Scaled,0.00020173841039650142,-4.662352876039222e-05,0.4230769230769231,0.5769230769230769
A,2026,17,Price_to_SMA20_Z60,2.89878935291199e-05,-2.366467197134625e-05,0.3173076923076923,0.6826923076923077
A,2026,17,Intraday_Return_Z60,1.6359401342924684e-05,3.6442170312511735e-06,0.5769230769230769,0.4230769230769231
A,2026,17,Daily_Range_Z60,1.9825060007860884e-05,4.8381502892880235e-06,0.49038461538461536,0.5096153846153846
A,2026,17,QQQ_Log_Return_1D,9.89300951914629e-06,-4.1220118873752654e-08,0.5,0.5
A,2026,17,QQQ_Log_Return_5D,0.00010988466237904504,6.620983185712248e-06,0.5096153846153846,0.49038461538461536
A,2026,17,QQQ_Volatility_14D,0.00012512842658907175,-8.337391045643017e-05,0.3269230769230769,0.6730769230769231
A,2026,18,Log_Return_1D_Z60,6.241403025342152e-05,-1.3305426591614378e-06,0.5096153846153846,0.49038461538461536
A,2026,18,Log_Return_5D_Z60,0.00011235623969696462,-3.93351074308157e-05,0.4423076923076923,0.5576923076923077
A,2026,18,Volatility_14D_Z60,0.00016562320524826646,1.1384854587959126e-05,0.5,0.5
A,2026,18,Relative_Volume_20D_Z60,5.347103069652803e-05,-4.0048957998806145e-06,0.33653846153846156,0.6634615384615384
A,2026,18,RSI_14_Scaled,0.0003073870902881026,-6.62180464132689e-05,0.40384615384615385,0.5961538461538461
A,2026,18,Price_to_SMA20_Z60,4.8118396080099046e-05,-4.158443334745243e-05,0.27884615384615385,0.7211538461538461
A,2026,18,Intraday_Return_Z60,2.600693733256776e-05,1.2753408554999623e-05,0.5576923076923077,0.4423076923076923
A,2026,18,Daily_Range_Z60,3.186727917636745e-05,9.600059456715826e-06,0.49038461538461536,0.5096153846153846
A,2026,18,QQQ_Log_Return_1D,1.5694216926931404e-05,6.5738831835915335e-06,0.6442307692307693,0.3557692307692308
A,2026,18,QQQ_Log_Return_5D,0.00018631046987138689,2.5261777409468777e-05,0.5673076923076923,0.4326923076923077
A,2026,18,QQQ_Volatility_14D,0.00018368933524470776,-0.0001236326206708327,0.3173076923076923,0.6826923076923077
A,2026,19,Log_Return_1D_Z60,7.616983202751726e-05,-8.471912224194966e-06,0.5096153846153846,0.49038461538461536
A,2026,19,Log_Return_5D_Z60,0.00015091986279003322,-6.643144297413528e-05,0.40384615384615385,0.5961538461538461
A,2026,19,Volatility_14D_Z60,0.00023182931181509048,1.4585283452106523e-06,0.46153846153846156,0.5384615384615384
A,2026,19,Relative_Volume_20D_Z60,6.162713543744758e-05,-2.2300971977529116e-05,0.3173076923076923,0.6826923076923077
A,2026,19,RSI_14_Scaled,0.0004722063022200018,-0.00010032195859821513,0.41346153846153844,0.5865384615384616
A,2026,19,Price_to_SMA20_Z60,8.144004095811397e-05,-6.40914513496682e-05,0.3557692307692308,0.6442307692307693
A,2026,19,Intraday_Return_Z60,3.161208951496519e-05,8.090789378911722e-06,0.5192307692307693,0.4807692307692308
A,2026,19,Daily_Range_Z60,3.171249773004092e-05,3.2717753128963523e-06,0.5096153846153846,0.49038461538461536
A,2026,19,QQQ_Log_Return_1D,2.047025009233039e-05,7.574158189527225e-06,0.5769230769230769,0.4230769230769231
A,2026,19,QQQ_Log_Return_5D,0.0003128326789010316,3.0503761081490666e-05,0.5576923076923077,0.4423076923076923
A,2026,19,QQQ_Volatility_14D,0.0002565420581959188,-0.00017700214812066406,0.3269230769230769,0.6730769230769231
A,2026,20,Log_Return_1D_Z60,0.00012054711987730116,1.3663958270626608e-05,0.4230769230769231,0.5769230769230769
A,2026,20,Log_Return_5D_Z60,0.0001898231712402776,-8.206348866224289e-05,0.41346153846153844,0.5865384615384616
A,2026,20,Volatility_14D_Z60,0.00033534312387928367,2.6989459911419544e-06,0.4326923076923077,0.5673076923076923
A,2026,20,Relative_Volume_20D_Z60,8.722809434402734e-05,-1.2740739293803927e-05,0.34615384615384615,0.6538461538461539
A,2026,20,RSI_14_Scaled,0.0006874601822346449,-0.0001132492907345295,0.4519230769230769,0.5480769230769231
A,2026,20,Price_to_SMA20_Z60,0.0001284123136429116,-9.456094267079607e-05,0.4230769230769231,0.5769230769230769
A,2026,20,Intraday_Return_Z60,5.36935476702638e-05,1.6444670109194703e-05,0.5673076923076923,0.4326923076923077
A,2026,20,Daily_Range_Z60,6.031629163771868e-05,1.8210836060461588e-05,0.5576923076923077,0.4423076923076923
A,2026,20,QQQ_Log_Return_1D,3.314982677693479e-05,6.186298378452193e-06,0.5576923076923077,0.4423076923076923
A,2026,20,QQQ_Log_Return_5D,0.0004625568399205804,2.2062969947000965e-05,0.5192307692307693,0.4807692307692308
A,2026,20,QQQ_Volatility_14D,0.0003766070294659585,-0.0002586243790574372,0.3076923076923077,0.6923076923076923
A,2026,21,Log_Return_1D_Z60,0.00018977512081619352,-6.130554993433179e-06,0.4807692307692308,0.5192307692307693
A,2026,21,Log_Return_5D_Z60,0.0002534349332563579,-9.683926327852532e-05,0.4230769230769231,0.5769230769230769
A,2026,21,Volatility_14D_Z60,0.0005272644921205938,7.54493084968999e-05,0.4423076923076923,0.5576923076923077
A,2026,21,Relative_Volume_20D_Z60,0.00014942651614546776,1.9022168999072164e-05,0.36538461538461536,0.6346153846153846
A,2026,21,RSI_14_Scaled,0.0010637474479153752,-0.00016376552230212837,0.4423076923076923,0.5576923076923077
A,2026,21,Price_to_SMA20_Z60,0.00021680920326616615,-0.00016104101086966693,0.375,0.625
A,2026,21,Intraday_Return_Z60,0.0001031926876748912,4.8886398872127756e-05,0.5769230769230769,0.4230769230769231
A,2026,21,Daily_Range_Z60,9.81944176601246e-05,3.098458546446636e-05,0.5096153846153846,0.49038461538461536
A,2026,21,QQQ_Log_Return_1D,5.415808118414134e-05,1.1608170098043047e-05,0.4519230769230769,0.5480769230769231
A,2026,21,QQQ_Log_Return_5D,0.0006793412030674517,4.5866614527767524e-05,0.47115384615384615,0.5288461538461539
A,2026,21,QQQ_Volatility_14D,0.0005333888111636043,-0.0003505983913782984,0.28846153846153844,0.7115384615384616
A,2026,22,Log_Return_1D_Z60,0.00016442849300801754,-1.6217389202211052e-05,0.4230769230769231,0.5769230769230769
A,2026,22,Log_Return_5D_Z60,0.00034739469992928207,-0.0001588657032698393,0.38461538461538464,0.6153846153846154
A,2026,22,Volatility_14D_Z60,0.0008326648385263979,0.00012561540643218905,0.47115384615384615,0.5288461538461539
A,2026,22,Relative_Volume_20D_Z60,0.00019877494196407497,4.3849337089341134e-05,0.33653846153846156,0.6634615384615384
A,2026,22,RSI_14_Scaled,0.0015756312059238553,-0.0002674699353519827,0.4230769230769231,0.5769230769230769
A,2026,22,Price_to_SMA20_Z60,0.0003386543248780072,-0.00022875206195749342,0.41346153846153844,0.5865384615384616
A,2026,22,Intraday_Return_Z60,0.00013144117838237435,6.101934195612557e-05,0.5769230769230769,0.4230769230769231
A,2026,22,Daily_Range_Z60,0.00010436008597025648,1.8593842469272204e-05,0.47115384615384615,0.5288461538461539
A,2026,22,QQQ_Log_Return_1D,8.845044794725254e-05,1.8721737433224916e-05,0.49038461538461536,0.5096153846153846
A,2026,22,QQQ_Log_Return_5D,0.0011280580656602979,0.00010450635454617441,0.5673076923076923,0.4326923076923077
A,2026,22,QQQ_Volatility_14D,0.0007355945417657495,-0.0004891909775324166,0.27884615384615385,0.7211538461538461
A,2026,23,Log_Return_1D_Z60,0.00021564906637649983,2.5986581022152677e-05,0.5192307692307693,0.4807692307692308
A,2026,23,Log_Return_5D_Z60,0.0004972702590748668,-0.0002293506113346666,0.375,0.625
A,2026,23,Volatility_14D_Z60,0.0012531181564554572,0.00028395926347002387,0.5,0.5
A,2026,23,Relative_Volume_20D_Z60,0.0001921947841765359,2.1199375623837113e-06,0.33653846153846156,0.6634615384615384
A,2026,23,RSI_14_Scaled,0.0022380666341632605,-0.00044239743147045374,0.3942307692307692,0.6057692307692307
A,2026,23,Price_to_SMA20_Z60,0.0004971608286723495,-0.00031175228650681674,0.46153846153846156,0.5384615384615384
A,2026,23,Intraday_Return_Z60,0.00029544837889261544,0.00013209959433879703,0.5576923076923077,0.4423076923076923
A,2026,23,Daily_Range_Z60,0.00019484494987409562,8.882427937351167e-05,0.46153846153846156,0.5384615384615384
A,2026,23,QQQ_Log_Return_1D,0.0001212757924804464,3.2616997486911714e-05,0.5384615384615384,0.46153846153846156
A,2026,23,QQQ_Log_Return_5D,0.0016664807917550206,0.00016403199697379023,0.5673076923076923,0.4326923076923077
A,2026,23,QQQ_Volatility_14D,0.0010885893134400249,-0.0007307453779503703,0.25961538461538464,0.7403846153846154
A,2026,24,Log_Return_1D_Z60,0.00023237110872287303,4.355304190539755e-05,0.5096153846153846,0.49038461538461536
A,2026,24,Log_Return_5D_Z60,0.0006833064835518599,-0.0003434017999097705,0.34615384615384615,0.6538461538461539
A,2026,24,Volatility_14D_Z60,0.0019721908029168844,0.000390801636967808,0.5,0.5
A,2026,24,Relative_Volume_20D_Z60,0.0001859917101683095,3.871881199302152e-05,0.40384615384615385,0.5961538461538461
A,2026,24,RSI_14_Scaled,0.003065812401473522,-0.0007165826391428709,0.40384615384615385,0.5961538461538461
A,2026,24,Price_to_SMA20_Z60,0.0007647625752724707,-0.0004226576420478523,0.4519230769230769,0.5480769230769231
A,2026,24,Intraday_Return_Z60,0.0005672671250067651,0.00017022917745634913,0.5576923076923077,0.4423076923076923
A,2026,24,Daily_Range_Z60,0.00028111078427173197,0.00017324258806183934,0.5192307692307693,0.4807692307692308
A,2026,24,QQQ_Log_Return_1D,0.0002665508654899895,3.750694668269716e-05,0.4423076923076923,0.5576923076923077
A,2026,24,QQQ_Log_Return_5D,0.0025595701299607754,0.000331865216139704,0.5961538461538461,0.40384615384615385
A,2026,24,QQQ_Volatility_14D,0.0015425817109644413,-0.0010328006464987993,0.25,0.75
A,2026,25,Log_Return_1D_Z60,0.0003125318617094308,3.86463689210359e-05,0.5480769230769231,0.4519230769230769
A,2026,25,Log_Return_5D_Z60,0.0008384705288335681,-0.0005095795495435596,0.36538461538461536,0.6346153846153846
A,2026,25,Volatility_14D_Z60,0.0028498396277427673,0.0006200553616508842,0.5,0.5
A,2026,25,Relative_Volume_20D_Z60,0.00019782193703576922,7.736883708275855e-05,0.7019230769230769,0.2980769230769231
A,2026,25,RSI_14_Scaled,0.004135544877499342,-0.0009266522829420865,0.3942307692307692,0.6057692307692307
A,2026,25,Price_to_SMA20_Z60,0.0012019140413030982,-0.0005808859714306891,0.4519230769230769,0.5480769230769231
A,2026,25,Intraday_Return_Z60,0.0009071771055459976,0.00011353422451065853,0.4519230769230769,0.5480769230769231
A,2026,25,Daily_Range_Z60,0.00023909455921966583,0.00011866584827657789,0.5673076923076923,0.4326923076923077
A,2026,25,QQQ_Log_Return_1D,0.0004976651398465037,0.00018042932788375765,0.47115384615384615,0.5288461538461539
A,2026,25,QQQ_Log_Return_5D,0.0037812660448253155,0.00046831523650325835,0.5480769230769231,0.4519230769230769
A,2026,25,QQQ_Volatility_14D,0.0021558040753006935,-0.0013502229703590274,0.2692307692307692,0.7307692307692307
A,2026,26,Log_Return_1D_Z60,0.0006691515445709229,0.0001315433910349384,0.6153846153846154,0.38461538461538464
A,2026,26,Log_Return_5D_Z60,0.0010981477098539472,-0.0008142233127728105,0.27884615384615385,0.7211538461538461
A,2026,26,Volatility_14D_Z60,0.004285898990929127,0.0012425894383341074,0.5384615384615384,0.46153846153846156
A,2026,26,Relative_Volume_20D_Z60,0.0005899096140637994,0.00018481594452168792,0.6538461538461539,0.34615384615384615
A,2026,26,RSI_14_Scaled,0.005272643640637398,-0.0013759826542809606,0.33653846153846156,0.6634615384615384
A,2026,26,Price_to_SMA20_Z60,0.0018252356676384807,-0.0006676276098005474,0.5,0.5
A,2026,26,Intraday_Return_Z60,0.00148248381447047,0.0003559391770977527,0.5384615384615384,0.46153846153846156
A,2026,26,Daily_Range_Z60,0.000319532526191324,0.00022173959587235004,0.625,0.375
A,2026,26,QQQ_Log_Return_1D,0.0008228780934587121,0.00041502187377773225,0.5480769230769231,0.4519230769230769
A,2026,26,QQQ_Log_Return_5D,0.005283641628921032,0.00029735767748206854,0.5384615384615384,0.46153846153846156
A,2026,26,QQQ_Volatility_14D,0.0030365786515176296,-0.001888834172859788,0.2692307692307692,0.7307692307692307
A,2026,27,Log_Return_1D_Z60,0.0018987002549692988,0.00042631939868442714,0.5961538461538461,0.40384615384615385
A,2026,27,Log_Return_5D_Z60,0.0014065331779420376,-0.001049659214913845,0.25,0.75
A,2026,27,Volatility_14D_Z60,0.005972676444798708,0.0021575470454990864,0.5865384615384616,0.41346153846153844
A,2026,27,Relative_Volume_20D_Z60,0.00182473030872643,0.00010626944276737049,0.5673076923076923,0.4326923076923077
A,2026,27,RSI_14_Scaled,0.006822358351200819,-0.002070967573672533,0.36538461538461536,0.6346153846153846
A,2026,27,Price_to_SMA20_Z60,0.003012237139046192,-0.0007842179038561881,0.5192307692307693,0.4807692307692308
A,2026,27,Intraday_Return_Z60,0.0031009200029075146,0.0004986391868442297,0.5096153846153846,0.49038461538461536
A,2026,27,Daily_Range_Z60,0.0004746756167151034,0.000308752350974828,0.6730769230769231,0.3269230769230769
A,2026,27,QQQ_Log_Return_1D,0.0013289919588714838,0.00024001461861189455,0.5192307692307693,0.4807692307692308
A,2026,27,QQQ_Log_Return_5D,0.007549130357801914,0.000191867133253254,0.5096153846153846,0.49038461538461536
A,2026,27,QQQ_Volatility_14D,0.004115425981581211,-0.0026442832313477993,0.2692307692307692,0.7307692307692307
A,2026,28,Log_Return_1D_Z60,0.004110345151275396,-0.00010345693590352312,0.46153846153846156,0.5384615384615384
A,2026,28,Log_Return_5D_Z60,0.001444135676138103,-0.0011451055761426687,0.2403846153846154,0.7596153846153846
A,2026,28,Volatility_14D_Z60,0.008003232069313526,0.0034916410222649574,0.5576923076923077,0.4423076923076923
A,2026,28,Relative_Volume_20D_Z60,0.004696657881140709,6.763957935618237e-05,0.5673076923076923,0.4326923076923077
A,2026,28,RSI_14_Scaled,0.007773189805448055,-0.00222465000115335,0.36538461538461536,0.6346153846153846
A,2026,28,Price_to_SMA20_Z60,0.0046232352033257484,-0.0011546430177986622,0.5096153846153846,0.49038461538461536
A,2026,28,Intraday_Return_Z60,0.006979679688811302,0.0017625371692702174,0.5480769230769231,0.4519230769230769
A,2026,28,Daily_Range_Z60,0.001156036276370287,0.0001492895244155079,0.5,0.5
A,2026,28,QQQ_Log_Return_1D,0.0023834644816815853,0.00017167258192785084,0.49038461538461536,0.5096153846153846
A,2026,28,QQQ_Log_Return_5D,0.010046662762761116,0.0005020960816182196,0.5192307692307693,0.4807692307692308
A,2026,28,QQQ_Volatility_14D,0.0053467112593352795,-0.0034768495243042707,0.2692307692307692,0.7307692307692307
A,2026,29,Log_Return_1D_Z60,0.007101857103407383,-0.0006975113064981997,0.5,0.5
A,2026,29,Log_Return_5D_Z60,0.0022270428016781807,-0.0014950340846553445,0.36538461538461536,0.6346153846153846
A,2026,29,Volatility_14D_Z60,0.01016804575920105,0.0038484211545437574,0.5384615384615384,0.46153846153846156
A,2026,29,Relative_Volume_20D_Z60,0.011487830430269241,0.0015950496308505535,0.625,0.375
A,2026,29,RSI_14_Scaled,0.007908167317509651,-0.002064643893390894,0.41346153846153844,0.5865384615384616
A,2026,29,Price_to_SMA20_Z60,0.008062565699219704,-0.0015902034938335419,0.5,0.5
A,2026,29,Intraday_Return_Z60,0.010743622668087482,-0.0013945160899311304,0.4230769230769231,0.5769230769230769
A,2026,29,Daily_Range_Z60,0.0033463051076978445,0.0009951712563633919,0.6153846153846154,0.38461538461538464
A,2026,29,QQQ_Log_Return_1D,0.0043880571611225605,0.0001815952273318544,0.49038461538461536,0.5096153846153846
A,2026,29,QQQ_Log_Return_5D,0.012157361954450607,0.0007980586960911751,0.5192307692307693,0.4807692307692308
A,2026,29,QQQ_Volatility_14D,0.007187145296484232,-0.0044874148443341255,0.28846153846153844,0.7115384615384616
A,2026,30,Log_Return_1D_Z60,0.018093526363372803,-0.0010551555315032601,0.49038461538461536,0.5096153846153846
A,2026,30,Log_Return_5D_Z60,0.005683407187461853,-0.0006911525269970298,0.5,0.5
A,2026,30,Volatility_14D_Z60,0.015894101932644844,0.0062277489341795444,0.5576923076923077,0.4423076923076923
A,2026,30,Relative_Volume_20D_Z60,0.043522290885448456,-0.0216837115585804,0.4230769230769231,0.5769230769230769
A,2026,30,RSI_14_Scaled,0.00407558586448431,-0.0013560595689341426,0.4230769230769231,0.5769230769230769
A,2026,30,Price_to_SMA20_Z60,0.017621267586946487,-0.004053214099258184,0.46153846153846156,0.5384615384615384
A,2026,30,Intraday_Return_Z60,0.01973702386021614,0.00011841436935355887,0.4519230769230769,0.5480769230769231
A,2026,30,Daily_Range_Z60,0.01089162565767765,0.00127592368517071,0.5673076923076923,0.4326923076923077
A,2026,30,QQQ_Log_Return_1D,0.010636336170136929,0.0018035141984000802,0.4807692307692308,0.5192307692307693
A,2026,30,QQQ_Log_Return_5D,0.011168321594595909,0.001400001929141581,0.5192307692307693,0.4807692307692308
A,2026,30,QQQ_Volatility_14D,0.00925073679536581,-0.005179130006581545,0.3269230769230769,0.6730769230769231
B,2026,1,Log_Return_1D_Z60,2.886399030899156e-08,-1.18118412828494e-08,0.46153846153846156,0.5384615384615384
B,2026,1,Log_Return_5D_Z60,2.2311196445912174e-08,-1.6820435044806459e-09,0.4326923076923077,0.5673076923076923
B,2026,1,Volatility_14D_Z60,8.831694486843844e-08,5.552074355819059e-09,0.5576923076923077,0.4423076923076923
B,2026,1,Relative_Volume_20D_Z60,1.340711541786277e-08,6.955262144003882e-09,0.5480769230769231,0.4519230769230769
B,2026,1,RSI_14_Scaled,1.3395415976447111e-07,1.662718673856034e-08,0.5769230769230769,0.4230769230769231
B,2026,1,Price_to_SMA20_Z60,2.0084586438429142e-08,8.806665618976695e-09,0.625,0.375
B,2026,1,Intraday_Return_Z60,5.274635483942802e-08,8.863377587431387e-09,0.5384615384615384,0.46153846153846156
B,2026,1,Daily_Range_Z60,9.547245838348317e-08,-1.3557548417253429e-09,0.5576923076923077,0.4423076923076923
B,2026,1,QQQ_Log_Return_1D,1.0170594322289617e-07,1.2457784137609451e-08,0.5576923076923077,0.4423076923076923
B,2026,1,QQQ_Log_Return_5D,1.7290865628183383e-07,1.1778100272863412e-08,0.4807692307692308,0.5192307692307693
B,2026,1,QQQ_Volatility_14D,3.5937063103119726e-08,2.600602755364889e-08,0.7596153846153846,0.2403846153846154
B,2026,2,Log_Return_1D_Z60,3.469222775720482e-08,-8.521429784025258e-09,0.41346153846153844,0.5865384615384616
B,2026,2,Log_Return_5D_Z60,3.5163136402616146e-08,8.955752583972298e-09,0.49038461538461536,0.5096153846153846
B,2026,2,Volatility_14D_Z60,1.2964962081696285e-07,1.3389857222989576e-08,0.5865384615384616,0.41346153846153844
B,2026,2,Relative_Volume_20D_Z60,1.9380426152793007e-08,1.5797601005118622e-09,0.47115384615384615,0.5288461538461539
B,2026,2,RSI_14_Scaled,2.095013371672394e-07,2.7005155445181117e-08,0.5673076923076923,0.4326923076923077
B,2026,2,Price_to_SMA20_Z60,2.4410423904441814e-08,9.4036938236286e-09,0.5673076923076923,0.4326923076923077
B,2026,2,Intraday_Return_Z60,8.64264109168289e-08,5.677564529626977e-10,0.5,0.5
B,2026,2,Daily_Range_Z60,1.393054134268823e-07,-1.0787892357200235e-08,0.5096153846153846,0.49038461538461536
B,2026,2,QQQ_Log_Return_1D,1.6092511145870958e-07,1.4031366291078484e-08,0.5288461538461539,0.47115384615384615
B,2026,2,QQQ_Log_Return_5D,2.5666557235126675e-07,1.5334546077383493e-08,0.5,0.5
B,2026,2,QQQ_Volatility_14D,4.7617341181194206e-08,3.190850961232172e-08,0.7403846153846154,0.25961538461538464
B,2026,3,Log_Return_1D_Z60,5.182664608582854e-08,-1.1185605330865656e-08,0.4807692307692308,0.5192307692307693
B,2026,3,Log_Return_5D_Z60,4.730864233692955e-08,1.6252553081130827e-08,0.5384615384615384,0.46153846153846156
B,2026,3,Volatility_14D_Z60,1.654563988040536e-07,1.4060252517822391e-08,0.5865384615384616,0.41346153846153844
B,2026,3,Relative_Volume_20D_Z60,4.393322328155591e-08,-1.4935615411104664e-08,0.46153846153846156,0.5384615384615384
B,2026,3,RSI_14_Scaled,2.910028626956773e-07,4.039196355165586e-08,0.6057692307692307,0.3942307692307692
B,2026,3,Price_to_SMA20_Z60,3.70247263958845e-08,1.645069502842489e-08,0.5288461538461539,0.47115384615384615
B,2026,3,Intraday_Return_Z60,1.0538323635955749e-07,-2.219930905766887e-08,0.41346153846153844,0.5865384615384616
B,2026,3,Daily_Range_Z60,1.826700213314325e-07,2.464901172061218e-08,0.6634615384615384,0.33653846153846156
B,2026,3,QQQ_Log_Return_1D,2.9087107122904854e-07,-4.1663321681539855e-09,0.4326923076923077,0.5673076923076923
B,2026,3,QQQ_Log_Return_5D,4.4528113107844547e-07,4.398008712769297e-08,0.5096153846153846,0.49038461538461536
B,2026,3,QQQ_Volatility_14D,6.271312713579391e-08,3.716805707654203e-08,0.7403846153846154,0.25961538461538464
B,2026,4,Log_Return_1D_Z60,9.28429315649737e-08,-3.898537670465885e-08,0.4326923076923077,0.5673076923076923
B,2026,4,Log_Return_5D_Z60,8.533761075568691e-08,2.3432580320559282e-08,0.5192307692307693,0.4807692307692308
B,2026,4,Volatility_14D_Z60,2.384463186899666e-07,9.942250578376388e-09,0.5576923076923077,0.4423076923076923
B,2026,4,Relative_Volume_20D_Z60,4.9046487760051605e-08,2.612133798152172e-08,0.5961538461538461,0.40384615384615385
B,2026,4,RSI_14_Scaled,4.136789755193604e-07,5.1333703510181294e-08,0.5769230769230769,0.4230769230769231
B,2026,4,Price_to_SMA20_Z60,6.466699886686911e-08,8.893092484640874e-09,0.49038461538461536,0.5096153846153846
B,2026,4,Intraday_Return_Z60,1.4467408959717432e-07,-2.076909844106467e-08,0.49038461538461536,0.5096153846153846
B,2026,4,Daily_Range_Z60,2.2483855843802303e-07,3.566540129895657e-08,0.625,0.375
B,2026,4,QQQ_Log_Return_1D,3.682236240365455e-07,-5.38678861516928e-08,0.4230769230769231,0.5769230769230769
B,2026,4,QQQ_Log_Return_5D,6.490489568022895e-07,6.254963125229551e-08,0.46153846153846156,0.5384615384615384
B,2026,4,QQQ_Volatility_14D,8.107720361749671e-08,3.529747516495263e-08,0.6153846153846154,0.38461538461538464
B,2026,5,Log_Return_1D_Z60,1.4131002501471812e-07,-4.2009119738395384e-08,0.47115384615384615,0.5288461538461539
B,2026,5,Log_Return_5D_Z60,1.5595186653172277e-07,3.981080354265032e-08,0.5288461538461539,0.47115384615384615
B,2026,5,Volatility_14D_Z60,3.321756025798095e-07,2.649965402667931e-08,0.5288461538461539,0.47115384615384615
B,2026,5,Relative_Volume_20D_Z60,8.605793766491843e-08,2.873707671824377e-08,0.4807692307692308,0.5192307692307693
B,2026,5,RSI_14_Scaled,5.563774152506085e-07,7.372065624622337e-08,0.5865384615384616,0.41346153846153844
B,2026,5,Price_to_SMA20_Z60,1.3612564941922756e-07,-4.542577869415254e-09,0.4519230769230769,0.5480769230769231
B,2026,5,Intraday_Return_Z60,2.3576264140956482e-07,-7.067633145396712e-09,0.49038461538461536,0.5096153846153846
B,2026,5,Daily_Range_Z60,2.6658392471290426e-07,1.3078258476184601e-08,0.5384615384615384,0.46153846153846156
B,2026,5,QQQ_Log_Return_1D,5.350904075385188e-07,-1.8822330360990236e-08,0.47115384615384615,0.5288461538461539
B,2026,5,QQQ_Log_Return_5D,9.149653692475113e-07,6.685755948865335e-08,0.46153846153846156,0.5384615384615384
B,2026,5,QQQ_Volatility_14D,1.1827673063180555e-07,2.5850585672060333e-08,0.5769230769230769,0.4230769230769231
B,2026,6,Log_Return_1D_Z60,2.2709183156166546e-07,2.5291940985994188e-08,0.5769230769230769,0.4230769230769231
B,2026,6,Log_Return_5D_Z60,2.5030641381817986e-07,4.1700793929067004e-08,0.49038461538461536,0.5096153846153846
B,2026,6,Volatility_14D_Z60,4.3352403622520796e-07,1.1168777902526017e-08,0.5288461538461539,0.47115384615384615
B,2026,6,Relative_Volume_20D_Z60,1.3396905274021265e-07,1.851615039072385e-08,0.38461538461538464,0.6153846153846154
B,2026,6,RSI_14_Scaled,7.400003028124047e-07,5.303352068608547e-08,0.5576923076923077,0.4423076923076923
B,2026,6,Price_to_SMA20_Z60,2.436767658764438e-07,-2.997142445337886e-08,0.41346153846153844,0.5865384615384616
B,2026,6,Intraday_Return_Z60,2.725349190768611e-07,1.8767353893167638e-08,0.4807692307692308,0.5192307692307693
B,2026,6,Daily_Range_Z60,2.8602565294022497e-07,6.512955508242158e-08,0.5480769230769231,0.4519230769230769
B,2026,6,QQQ_Log_Return_1D,7.632290817127796e-07,6.204041369528568e-08,0.49038461538461536,0.5096153846153846
B,2026,6,QQQ_Log_Return_5D,1.3756761063632439e-06,2.0752521479039387e-08,0.5096153846153846,0.49038461538461536
B,2026,6,QQQ_Volatility_14D,1.7992455525472906e-07,-5.453227647223002e-09,0.4519230769230769,0.5480769230769231
B,2026,7,Log_Return_1D_Z60,3.745595904547372e-07,-3.0245903559489307e-08,0.49038461538461536,0.5096153846153846
B,2026,7,Log_Return_5D_Z60,3.528123784235504e-07,1.6018837811770936e-08,0.5,0.5
B,2026,7,Volatility_14D_Z60,5.599255246124812e-07,9.7372589991096e-09,0.5576923076923077,0.4423076923076923
B,2026,7,Relative_Volume_20D_Z60,2.1282228601648967e-07,-4.17064205393558e-09,0.375,0.625
B,2026,7,RSI_14_Scaled,8.748274353820307e-07,3.13408534680093e-08,0.5192307692307693,0.4807692307692308
B,2026,7,Price_to_SMA20_Z60,4.783759095516871e-07,-1.0842093445262435e-07,0.3557692307692308,0.6442307692307693
B,2026,7,Intraday_Return_Z60,4.116287755095982e-07,-1.2162274742877344e-08,0.5096153846153846,0.49038461538461536
B,2026,7,Daily_Range_Z60,5.978088211122667e-07,-1.858046942970759e-07,0.5288461538461539,0.47115384615384615
B,2026,7,QQQ_Log_Return_1D,9.735426829138305e-07,1.146353554304369e-07,0.5192307692307693,0.4807692307692308
B,2026,7,QQQ_Log_Return_5D,2.1567179828707594e-06,7.001837332154537e-08,0.5384615384615384,0.46153846153846156
B,2026,7,QQQ_Volatility_14D,2.9112919719409547e-07,-8.187313937924046e-08,0.4326923076923077,0.5673076923076923
B,2026,8,Log_Return_1D_Z60,4.579498522616632e-07,-1.424593154553122e-08,0.5096153846153846,0.49038461538461536
B,2026,8,Log_Return_5D_Z60,4.557361705792573e-07,3.779808821491315e-08,0.4326923076923077,0.5673076923076923
B,2026,8,Volatility_14D_Z60,6.549749969053664e-07,-6.035345734289876e-08,0.5192307692307693,0.4807692307692308
B,2026,8,Relative_Volume_20D_Z60,3.093313125646091e-07,-8.557707076306542e-08,0.36538461538461536,0.6346153846153846
B,2026,8,RSI_14_Scaled,9.996733751904685e-07,-4.47247785473337e-08,0.49038461538461536,0.5096153846153846
B,2026,8,Price_to_SMA20_Z60,8.241431146416289e-07,-2.160030732056839e-07,0.41346153846153844,0.5865384615384616
B,2026,8,Intraday_Return_Z60,5.606257786894275e-07,-6.234244409597522e-08,0.5288461538461539,0.47115384615384615
B,2026,8,Daily_Range_Z60,5.231963768892456e-07,1.4032460526891555e-08,0.4807692307692308,0.5192307692307693
B,2026,8,QQQ_Log_Return_1D,1.2505465747381095e-06,1.5377601414456876e-07,0.5192307692307693,0.4807692307692308
B,2026,8,QQQ_Log_Return_5D,3.2073444344860036e-06,2.978569000333664e-07,0.5480769230769231,0.4519230769230769
B,2026,8,QQQ_Volatility_14D,5.098095243738499e-07,-2.2606644733969006e-07,0.33653846153846156,0.6634615384615384
B,2026,9,Log_Return_1D_Z60,6.723416277054639e-07,1.4423905270177784e-07,0.6153846153846154,0.38461538461538464
B,2026,9,Log_Return_5D_Z60,6.649261194979772e-07,7.622175957067157e-08,0.5576923076923077,0.4423076923076923
B,2026,9,Volatility_14D_Z60,7.648753808098263e-07,-1.5094043703811622e-07,0.49038461538461536,0.5096153846153846
B,2026,9,Relative_Volume_20D_Z60,6.548992814714438e-07,-6.940687313772287e-08,0.34615384615384615,0.6538461538461539
B,2026,9,RSI_14_Scaled,1.1811991953436518e-06,-2.1578082964879286e-07,0.3942307692307692,0.6057692307692307
B,2026,9,Price_to_SMA20_Z60,1.302777150158363e-06,-3.1111176213016734e-07,0.4423076923076923,0.5576923076923077
B,2026,9,Intraday_Return_Z60,6.96020777013473e-07,5.832916727399606e-08,0.5096153846153846,0.49038461538461536
B,2026,9,Daily_Range_Z60,8.799318038654746e-07,-2.667584055870975e-07,0.41346153846153844,0.5865384615384616
B,2026,9,QQQ_Log_Return_1D,1.5888637108218973e-06,-4.613586734869557e-10,0.5,0.5
B,2026,9,QQQ_Log_Return_5D,4.159147465543356e-06,4.494518464071007e-07,0.49038461538461536,0.5096153846153846
B,2026,9,QQQ_Volatility_14D,9.393994560014107e-07,-4.6633397232653806e-07,0.28846153846153844,0.7115384615384616
B,2026,10,Log_Return_1D_Z60,1.411202788403898e-06,4.99650582241884e-07,0.5288461538461539,0.47115384615384615
B,2026,10,Log_Return_5D_Z60,1.1429144706198713e-06,3.749384518414445e-07,0.5865384615384616,0.41346153846153844
B,2026,10,Volatility_14D_Z60,1.0676060355763184e-06,-2.2995813253601227e-07,0.4519230769230769,0.5480769230769231
B,2026,10,Relative_Volume_20D_Z60,1.296615096180176e-06,1.0885097623258844e-07,0.4230769230769231,0.5769230769230769
B,2026,10,RSI_14_Scaled,1.8578192566565122e-06,-7.032712687760068e-07,0.3942307692307692,0.6057692307692307
B,2026,10,Price_to_SMA20_Z60,2.107045020238729e-06,-3.6629515420827374e-07,0.4326923076923077,0.5673076923076923
B,2026,10,Intraday_Return_Z60,1.0916148767137202e-06,7.988865569075188e-09,0.46153846153846156,0.5384615384615384
B,2026,10,Daily_Range_Z60,1.915287157316925e-06,-5.683000736667054e-08,0.4326923076923077,0.5673076923076923
B,2026,10,QQQ_Log_Return_1D,1.931729457282927e-06,4.457160116544401e-07,0.5288461538461539,0.47115384615384615
B,2026,10,QQQ_Log_Return_5D,5.058617716713343e-06,5.213817075855331e-07,0.5192307692307693,0.4807692307692308
B,2026,10,QQQ_Volatility_14D,1.667846390773775e-06,-8.335331358466647e-07,0.2980769230769231,0.7019230769230769
B,2026,11,Log_Return_1D_Z60,1.801819166757923e-06,3.5553054544834595e-07,0.5961538461538461,0.40384615384615385
B,2026,11,Log_Return_5D_Z60,1.512236735834449e-06,5.571948804572457e-07,0.5384615384615384,0.46153846153846156
B,2026,11,Volatility_14D_Z60,1.7763171626938856e-06,-6.108823527029017e-07,0.40384615384615385,0.5961538461538461
B,2026,11,Relative_Volume_20D_Z60,1.720406316962908e-06,-2.2197386329025903e-07,0.34615384615384615,0.6538461538461539
B,2026,11,RSI_14_Scaled,3.5701716569747077e-06,-1.2397831596899778e-06,0.4519230769230769,0.5480769230769231
B,2026,11,Price_to_SMA20_Z60,3.331301059006364e-06,-4.875631702816463e-07,0.4423076923076923,0.5576923076923077
B,2026,11,Intraday_Return_Z60,1.3114505463818205e-06,-3.7968851529512904e-07,0.4423076923076923,0.5576923076923077
B,2026,11,Daily_Range_Z60,3.4661679819691926e-06,-1.5406514819460426e-07,0.47115384615384615,0.5288461538461539
B,2026,11,QQQ_Log_Return_1D,2.03632203010784e-06,1.4473151566107845e-07,0.5384615384615384,0.46153846153846156
B,2026,11,QQQ_Log_Return_5D,6.0296765695966315e-06,3.407019164569647e-07,0.5384615384615384,0.46153846153846156
B,2026,11,QQQ_Volatility_14D,2.936251348728547e-06,-1.5403559245896759e-06,0.2692307692307692,0.7307692307692307
B,2026,12,Log_Return_1D_Z60,2.5819210804911563e-06,1.8719401850830764e-07,0.5192307692307693,0.4807692307692308
B,2026,12,Log_Return_5D_Z60,2.0236150248820195e-06,6.965893817323376e-07,0.5673076923076923,0.4326923076923077
B,2026,12,Volatility_14D_Z60,3.4172994674008805e-06,-1.121170726037235e-06,0.375,0.625
B,2026,12,Relative_Volume_20D_Z60,2.938345005532028e-06,-8.848950869833061e-07,0.3557692307692308,0.6442307692307693
B,2026,12,RSI_14_Scaled,7.2962261583597865e-06,-2.4661869701958494e-06,0.38461538461538464,0.6153846153846154
B,2026,12,Price_to_SMA20_Z60,5.116894044476794e-06,-6.152782248136646e-07,0.4326923076923077,0.5673076923076923
B,2026,12,Intraday_Return_Z60,1.5711050309619168e-06,-2.012359061609459e-07,0.4423076923076923,0.5576923076923077
B,2026,12,Daily_Range_Z60,7.279671535798116e-06,-6.447826308431104e-07,0.46153846153846156,0.5384615384615384
B,2026,12,QQQ_Log_Return_1D,2.257658252347028e-06,1.0195778941124445e-06,0.6730769230769231,0.3269230769230769
B,2026,12,QQQ_Log_Return_5D,7.309049124160083e-06,6.391596230059804e-07,0.5288461538461539,0.47115384615384615
B,2026,12,QQQ_Volatility_14D,4.923057531414088e-06,-2.5948952497856226e-06,0.28846153846153844,0.7115384615384616
B,2026,13,Log_Return_1D_Z60,4.001365141448332e-06,1.1064773843827425e-06,0.5576923076923077,0.4423076923076923
B,2026,13,Log_Return_5D_Z60,3.280887995060766e-06,1.3638600648846477e-06,0.5480769230769231,0.4519230769230769
B,2026,13,Volatility_14D_Z60,6.606303031730931e-06,-1.693948888714658e-06,0.4519230769230769,0.5480769230769231
B,2026,13,Relative_Volume_20D_Z60,5.429318662208971e-06,-1.0763701538962778e-06,0.3557692307692308,0.6442307692307693
B,2026,13,RSI_14_Scaled,1.4826540791545995e-05,-5.193095148570137e-06,0.41346153846153844,0.5865384615384616
B,2026,13,Price_to_SMA20_Z60,8.084135515673552e-06,-1.2966445410711458e-06,0.47115384615384615,0.5288461538461539
B,2026,13,Intraday_Return_Z60,1.9254237031418597e-06,-6.579799105566053e-08,0.3942307692307692,0.6057692307692307
B,2026,13,Daily_Range_Z60,1.5836671082070097e-05,1.6938286080403486e-06,0.4230769230769231,0.5769230769230769
B,2026,13,QQQ_Log_Return_1D,3.2255097721645143e-06,9.154897497865022e-07,0.5576923076923077,0.4423076923076923
B,2026,13,QQQ_Log_Return_5D,8.771202374191489e-06,3.8825197634650976e-07,0.5,0.5
B,2026,13,QQQ_Volatility_14D,8.033201993384864e-06,-4.797621841134969e-06,0.2980769230769231,0.7019230769230769
B,2026,14,Log_Return_1D_Z60,5.64877018405241e-06,3.0344660899572773e-06,0.6538461538461539,0.34615384615384615
B,2026,14,Log_Return_5D_Z60,4.955036729370477e-06,9.680163657321827e-07,0.5865384615384616,0.41346153846153844
B,2026,14,Volatility_14D_Z60,1.2193208931421395e-05,-1.9370997961232206e-06,0.41346153846153844,0.5865384615384616
B,2026,14,Relative_Volume_20D_Z60,8.837819223117549e-06,-2.381917965976754e-06,0.34615384615384615,0.6538461538461539
B,2026,14,RSI_14_Scaled,2.6866511689149775e-05,-8.655393685330637e-06,0.4230769230769231,0.5769230769230769
B,2026,14,Price_to_SMA20_Z60,1.1967933460255153e-05,-1.1628618494796683e-06,0.47115384615384615,0.5288461538461539
B,2026,14,Intraday_Return_Z60,3.515180196700385e-06,-1.1418155736464541e-06,0.4519230769230769,0.5480769230769231
B,2026,14,Daily_Range_Z60,2.4341989046661183e-05,-2.249853196190088e-06,0.3942307692307692,0.6057692307692307
B,2026,14,QQQ_Log_Return_1D,7.1511894930154085e-06,2.843795755325118e-06,0.5384615384615384,0.46153846153846156
B,2026,14,QQQ_Log_Return_5D,9.993445019063074e-06,-7.074707468746055e-07,0.4230769230769231,0.5769230769230769
B,2026,14,QQQ_Volatility_14D,1.3060018318356015e-05,-7.766294402244966e-06,0.3076923076923077,0.6923076923076923
B,2026,15,Log_Return_1D_Z60,1.113658527174266e-05,5.807366960652871e-06,0.5865384615384616,0.41346153846153844
B,2026,15,Log_Return_5D_Z60,6.805486918892711e-06,-4.547224534690031e-07,0.4807692307692308,0.5192307692307693
B,2026,15,Volatility_14D_Z60,2.263144233438652e-05,-2.4565731564507587e-06,0.4230769230769231,0.5769230769230769
B,2026,15,Relative_Volume_20D_Z60,1.415639417245984e-05,-2.9583670766442083e-06,0.3942307692307692,0.6057692307692307
B,2026,15,RSI_14_Scaled,4.641068881028332e-05,-1.3746814147452824e-05,0.38461538461538464,0.6153846153846154
B,2026,15,Price_to_SMA20_Z60,1.7894488337333314e-05,-9.913852494491948e-08,0.47115384615384615,0.5288461538461539
B,2026,15,Intraday_Return_Z60,5.8883929341391195e-06,-7.49266348520905e-07,0.49038461538461536,0.5096153846153846
B,2026,15,Daily_Range_Z60,3.716836727107875e-05,-4.042135969939409e-06,0.4423076923076923,0.5576923076923077
B,2026,15,QQQ_Log_Return_1D,1.762688407325186e-05,7.84884105087258e-06,0.6057692307692307,0.3942307692307692
B,2026,15,QQQ_Log_Return_5D,1.3838712220604066e-05,-5.238714493316365e-07,0.5192307692307693,0.4807692307692308
B,2026,15,QQQ_Volatility_14D,2.0948924429831095e-05,-1.1937866474909242e-05,0.3173076923076923,0.6826923076923077
B,2026,16,Log_Return_1D_Z60,1.4639454093412496e-05,7.476578502974007e-06,0.6538461538461539,0.34615384615384615
B,2026,16,Log_Return_5D_Z60,9.25203858059831e-06,-1.8138039195036981e-06,0.5192307692307693,0.4807692307692308
B,2026,16,Volatility_14D_Z60,4.030102354590781e-05,-1.8883745269704377e-06,0.4807692307692308,0.5192307692307693
B,2026,16,Relative_Volume_20D_Z60,2.035266879829578e-05,-6.966390174056869e-06,0.25,0.75
B,2026,16,RSI_14_Scaled,8.45207177917473e-05,-2.367488559684716e-05,0.41346153846153844,0.5865384615384616
B,2026,16,Price_to_SMA20_Z60,2.5257872039219365e-05,-9.909137332897444e-08,0.5,0.5
B,2026,16,Intraday_Return_Z60,9.391528692503925e-06,-2.596123977127718e-06,0.4807692307692308,0.5192307692307693
B,2026,16,Daily_Range_Z60,6.229472637642175e-05,-8.657920261612162e-06,0.41346153846153844,0.5865384615384616
B,2026,16,QQQ_Log_Return_1D,2.8298545657889917e-05,1.8753397625914658e-06,0.5192307692307693,0.4807692307692308
B,2026,16,QQQ_Log_Return_5D,3.0034083465579897e-05,2.1273458514770027e-06,0.5576923076923077,0.4423076923076923
B,2026,16,QQQ_Volatility_14D,3.225326508982107e-05,-1.914292442961596e-05,0.33653846153846156,0.6634615384615384
B,2026,17,Log_Return_1D_Z60,2.107828731823247e-05,6.33146783002303e-06,0.5576923076923077,0.4423076923076923
B,2026,17,Log_Return_5D_Z60,1.6909805708564818e-05,-6.397358902177075e-06,0.4519230769230769,0.5480769230769231
B,2026,17,Volatility_14D_Z60,7.63446296332404e-05,-1.1236253385504824e-06,0.4519230769230769,0.5480769230769231
B,2026,17,Relative_Volume_20D_Z60,3.5943467082688585e-05,-7.461122550012078e-06,0.3173076923076923,0.6826923076923077
B,2026,17,RSI_14_Scaled,0.00014338959590531886,-3.2562282285653055e-05,0.4230769230769231,0.5769230769230769
B,2026,17,Price_to_SMA20_Z60,3.2664494938217103e-05,-1.206166302836209e-06,0.5384615384615384,0.46153846153846156
B,2026,17,Intraday_Return_Z60,1.4033781553735025e-05,-3.263933649577666e-06,0.5,0.5
B,2026,17,Daily_Range_Z60,0.00010255860252073035,-1.3058141121291555e-05,0.41346153846153844,0.5865384615384616
B,2026,17,QQQ_Log_Return_1D,5.6186083384091035e-05,6.4736859712866135e-06,0.5576923076923077,0.4423076923076923
B,2026,17,QQQ_Log_Return_5D,6.476142152678221e-05,6.555310847033979e-06,0.5192307692307693,0.4807692307692308
B,2026,17,QQQ_Volatility_14D,5.0004255172098055e-05,-3.263407779741101e-05,0.33653846153846156,0.6634615384615384
B,2026,18,Log_Return_1D_Z60,3.8668091292493045e-05,1.7039561498677358e-05,0.6057692307692307,0.3942307692307692
B,2026,18,Log_Return_5D_Z60,2.9884839022997767e-05,-8.873206752468832e-06,0.40384615384615385,0.5961538461538461
B,2026,18,Volatility_14D_Z60,0.00013484139344654977,2.1814221327076666e-06,0.5,0.5
B,2026,18,Relative_Volume_20D_Z60,5.460427564685233e-05,-8.462026016786695e-06,0.34615384615384615,0.6538461538461539
B,2026,18,RSI_14_Scaled,0.00023258168948814273,-4.806196739082225e-05,0.40384615384615385,0.5961538461538461
B,2026,18,Price_to_SMA20_Z60,4.546678246697411e-05,-1.2090979453205364e-06,0.47115384615384615,0.5288461538461539
B,2026,18,Intraday_Return_Z60,2.1653648218489252e-05,-4.342575721238973e-06,0.4519230769230769,0.5480769230769231
B,2026,18,Daily_Range_Z60,0.00017208892677444965,-5.705357125407318e-06,0.4230769230769231,0.5769230769230769
B,2026,18,QQQ_Log_Return_1D,0.00010437153105158359,2.924160799011588e-05,0.5961538461538461,0.40384615384615385
B,2026,18,QQQ_Log_Return_5D,0.00014101287524681538,3.0002322091604583e-05,0.5673076923076923,0.4326923076923077
B,2026,18,QQQ_Volatility_14D,7.691109203733504e-05,-5.1239094318589196e-05,0.3269230769230769,0.6730769230769231
B,2026,19,Log_Return_1D_Z60,5.532310751732439e-05,1.3595222299045417e-05,0.46153846153846156,0.5384615384615384
B,2026,19,Log_Return_5D_Z60,4.685861858888529e-05,-2.8288457542657852e-05,0.375,0.625
B,2026,19,Volatility_14D_Z60,0.00020773211144842207,-5.430046257970389e-06,0.46153846153846156,0.5384615384615384
B,2026,19,Relative_Volume_20D_Z60,6.989784742472693e-05,-2.0142415451118723e-05,0.2980769230769231,0.7019230769230769
B,2026,19,RSI_14_Scaled,0.0003911775420419872,-6.265028787311167e-05,0.41346153846153844,0.5865384615384616
B,2026,19,Price_to_SMA20_Z60,5.4206295317271724e-05,-1.7662748632574221e-06,0.4807692307692308,0.5192307692307693
B,2026,19,Intraday_Return_Z60,3.436077167862095e-05,-9.159020009974483e-06,0.40384615384615385,0.5961538461538461
B,2026,19,Daily_Range_Z60,0.00021149186068214476,-5.257443990558386e-05,0.38461538461538464,0.6153846153846154
B,2026,19,QQQ_Log_Return_1D,0.00017115504306275398,2.993363159475848e-05,0.5288461538461539,0.47115384615384615
B,2026,19,QQQ_Log_Return_5D,0.0002869392337743193,4.8452864575665444e-05,0.5576923076923077,0.4423076923076923
B,2026,19,QQQ_Volatility_14D,0.00011212577373953536,-7.800869934726506e-05,0.33653846153846156,0.6634615384615384
B,2026,20,Log_Return_1D_Z60,0.0001184144348371774,3.7568142943200655e-06,0.5192307692307693,0.4807692307692308
B,2026,20,Log_Return_5D_Z60,6.067032882128842e-05,-3.5765751817962155e-05,0.34615384615384615,0.6538461538461539
B,2026,20,Volatility_14D_Z60,0.00032145524164661765,-2.1254169041640125e-05,0.4326923076923077,0.5673076923076923
B,2026,20,Relative_Volume_20D_Z60,0.00010513798770261928,-1.3338219105207827e-05,0.3557692307692308,0.6442307692307693
B,2026,20,RSI_14_Scaled,0.000602160522248596,-7.771213131491095e-05,0.4519230769230769,0.5480769230769231
B,2026,20,Price_to_SMA20_Z60,5.939129914622754e-05,-8.468532541883178e-06,0.4519230769230769,0.5480769230769231
B,2026,20,Intraday_Return_Z60,6.428300548577681e-05,-1.7783861039788462e-05,0.3942307692307692,0.6057692307692307
B,2026,20,Daily_Range_Z60,0.0003427456831559539,1.2305292329983786e-05,0.47115384615384615,0.5288461538461539
B,2026,20,QQQ_Log_Return_1D,0.00025057041784748435,6.329850293695927e-06,0.49038461538461536,0.5096153846153846
B,2026,20,QQQ_Log_Return_5D,0.0004897713079117239,2.720074735407252e-05,0.5192307692307693,0.4807692307692308
B,2026,20,QQQ_Volatility_14D,0.000176423869561404,-0.00012411696661729366,0.3173076923076923,0.6826923076923077
B,2026,21,Log_Return_1D_Z60,0.0003047283389605582,6.237641355255619e-05,0.49038461538461536,0.5096153846153846
B,2026,21,Log_Return_5D_Z60,9.352216147817671e-05,-6.762954581063241e-05,0.36538461538461536,0.6346153846153846
B,2026,21,Volatility_14D_Z60,0.0004976463969796896,2.837991132764728e-06,0.4423076923076923,0.5576923076923077
B,2026,21,Relative_Volume_20D_Z60,0.00015251302102115005,-1.777355464582797e-05,0.36538461538461536,0.6346153846153846
B,2026,21,RSI_14_Scaled,0.0009548465604893863,-0.00010428891255287454,0.4423076923076923,0.5576923076923077
B,2026,21,Price_to_SMA20_Z60,6.681800732621923e-05,-1.8943121176562272e-05,0.47115384615384615,0.5288461538461539
B,2026,21,Intraday_Return_Z60,0.00011529862968018278,-4.01608194806613e-05,0.4326923076923077,0.5673076923076923
B,2026,21,Daily_Range_Z60,0.0005351012223400176,3.227560455343337e-06,0.4519230769230769,0.5480769230769231
B,2026,21,QQQ_Log_Return_1D,0.00042382642277516425,3.787756213569082e-05,0.5576923076923077,0.4423076923076923
B,2026,21,QQQ_Log_Return_5D,0.0008197448332794011,6.573217251570895e-05,0.47115384615384615,0.5288461538461539
B,2026,21,QQQ_Volatility_14D,0.0002629372465889901,-0.00018199709302280098,0.28846153846153844,0.7115384615384616
B,2026,22,Log_Return_1D_Z60,0.00040306278970092535,8.944108412833884e-05,0.5096153846153846,0.49038461538461536
B,2026,22,Log_Return_5D_Z60,0.00015035996329970658,-0.00011125137098133564,0.2980769230769231,0.7019230769230769
B,2026,22,Volatility_14D_Z60,0.0008220582385547459,3.0715948469151044e-06,0.47115384615384615,0.5288461538461539
B,2026,22,Relative_Volume_20D_Z60,0.00020141676941420883,-6.9557740971504245e-06,0.34615384615384615,0.6538461538461539
B,2026,22,RSI_14_Scaled,0.001438003033399582,-0.00022681003611069173,0.4230769230769231,0.5769230769230769
B,2026,22,Price_to_SMA20_Z60,9.591270645614713e-05,-4.1518793295836076e-05,0.40384615384615385,0.5961538461538461
B,2026,22,Intraday_Return_Z60,0.00011583771993173286,-1.4782808648305945e-05,0.5288461538461539,0.47115384615384615
B,2026,22,Daily_Range_Z60,0.0007402763585560024,-0.0002019311359617859,0.38461538461538464,0.6153846153846154
B,2026,22,QQQ_Log_Return_1D,0.0006115278811194003,0.00014486091095022857,0.6826923076923077,0.3173076923076923
B,2026,22,QQQ_Log_Return_5D,0.001440902124159038,0.00018115386774297804,0.5673076923076923,0.4326923076923077
B,2026,22,QQQ_Volatility_14D,0.00037224404513835907,-0.00027005517040379345,0.27884615384615385,0.7211538461538461
B,2026,23,Log_Return_1D_Z60,0.000887473754119128,1.8601091142045334e-05,0.5,0.5
B,2026,23,Log_Return_5D_Z60,0.00023415320902131498,-0.00016302010044455528,0.28846153846153844,0.7115384615384616
B,2026,23,Volatility_14D_Z60,0.0012985016219317913,0.00010503207886358723,0.5,0.5
B,2026,23,Relative_Volume_20D_Z60,0.00022779431310482323,-7.863564678700641e-05,0.34615384615384615,0.6538461538461539
B,2026,23,RSI_14_Scaled,0.0020964457653462887,-0.0003986214578617364,0.3942307692307692,0.6057692307692307
B,2026,23,Price_to_SMA20_Z60,0.0001677397231105715,-6.067479262128472e-05,0.4326923076923077,0.5673076923076923
B,2026,23,Intraday_Return_Z60,0.00017729890532791615,-3.0864197469782084e-05,0.4807692307692308,0.5192307692307693
B,2026,23,Daily_Range_Z60,0.001210697810165584,-9.622595098335296e-05,0.3942307692307692,0.6057692307692307
B,2026,23,QQQ_Log_Return_1D,0.0007742556044831872,0.00011367956903995946,0.5480769230769231,0.4519230769230769
B,2026,23,QQQ_Log_Return_5D,0.0022762452717870474,0.0002285671216668561,0.5673076923076923,0.4326923076923077
B,2026,23,QQQ_Volatility_14D,0.0005575781688094139,-0.00042085297172889113,0.25961538461538464,0.7403846153846154
B,2026,24,Log_Return_1D_Z60,0.0014577453257516026,0.00017369621491525322,0.5384615384615384,0.46153846153846156
B,2026,24,Log_Return_5D_Z60,0.00037899104063399136,-0.00026716190041042864,0.25,0.75
B,2026,24,Volatility_14D_Z60,0.0021321363747119904,5.8204725064570084e-05,0.5,0.5
B,2026,24,Relative_Volume_20D_Z60,0.00024820829275995493,-8.637616701889783e-05,0.33653846153846156,0.6634615384615384
B,2026,24,RSI_14_Scaled,0.0028874524869024754,-0.0006866842741146684,0.40384615384615385,0.5961538461538461
B,2026,24,Price_to_SMA20_Z60,0.0003472007520031184,-0.00011406317935325205,0.4423076923076923,0.5576923076923077
B,2026,24,Intraday_Return_Z60,0.00034749036421999335,-5.7104607549263164e-05,0.5384615384615384,0.46153846153846156
B,2026,24,Daily_Range_Z60,0.0017365844687446952,2.2668928068014793e-05,0.41346153846153844,0.5865384615384616
B,2026,24,QQQ_Log_Return_1D,0.0013223785208538175,0.00021300095249898732,0.5384615384615384,0.46153846153846156
B,2026,24,QQQ_Log_Return_5D,0.0037701597902923822,0.0004570939054246992,0.5961538461538461,0.40384615384615385
B,2026,24,QQQ_Volatility_14D,0.0008308722754009068,-0.0006274636834859848,0.25,0.75
B,2026,25,Log_Return_1D_Z60,0.002770909806713462,9.107104415306821e-05,0.4326923076923077,0.5673076923076923
B,2026,25,Log_Return_5D_Z60,0.00054843386169523,-0.0003885952173732221,0.2980769230769231,0.7019230769230769
B,2026,25,Volatility_14D_Z60,0.0031511883717030287,0.00016968960699159652,0.5,0.5
B,2026,25,Relative_Volume_20D_Z60,0.0001963563117897138,-9.298564691562206e-05,0.3269230769230769,0.6730769230769231
B,2026,25,RSI_14_Scaled,0.003863102290779352,-0.0008412483730353415,0.3942307692307692,0.6057692307692307
B,2026,25,Price_to_SMA20_Z60,0.0008281215559691191,-0.0001745248300721869,0.47115384615384615,0.5288461538461539
B,2026,25,Intraday_Return_Z60,0.0005176213453523815,-0.00011499342508614063,0.4519230769230769,0.5480769230769231
B,2026,25,Daily_Range_Z60,0.002230417914688587,-0.0003866573388222605,0.3942307692307692,0.6057692307692307
B,2026,25,QQQ_Log_Return_1D,0.0018356244545429945,0.0002239909372292459,0.5480769230769231,0.4519230769230769
B,2026,25,QQQ_Log_Return_5D,0.005703287664800882,0.0007425979129038751,0.5480769230769231,0.4519230769230769
B,2026,25,QQQ_Volatility_14D,0.0011633839458227158,-0.0008255640859715641,0.2692307692307692,0.7307692307692307
B,2026,26,Log_Return_1D_Z60,0.004409054759889841,0.00020709166710730642,0.5961538461538461,0.40384615384615385
B,2026,26,Log_Return_5D_Z60,0.000799755216576159,-0.0006170107517391443,0.3173076923076923,0.6826923076923077
B,2026,26,Volatility_14D_Z60,0.004679009784013033,0.0006041288725100458,0.5384615384615384,0.46153846153846156
B,2026,26,Relative_Volume_20D_Z60,0.0003942704643122852,-3.238816134398803e-05,0.5576923076923077,0.4423076923076923
B,2026,26,RSI_14_Scaled,0.00478660361841321,-0.0013832309050485492,0.33653846153846156,0.6634615384615384
B,2026,26,Price_to_SMA20_Z60,0.0016307171899825335,-0.00024519767612218857,0.5096153846153846,0.49038461538461536
B,2026,26,Intraday_Return_Z60,0.0007517961785197258,-7.061398355290294e-05,0.5096153846153846,0.49038461538461536
B,2026,26,Daily_Range_Z60,0.003267363179475069,0.0001844892103690654,0.4423076923076923,0.5576923076923077
B,2026,26,QQQ_Log_Return_1D,0.002025288762524724,-0.00043343796278350055,0.4807692307692308,0.5192307692307693
B,2026,26,QQQ_Log_Return_5D,0.008295336738228798,0.00027550477534532547,0.5384615384615384,0.46153846153846156
B,2026,26,QQQ_Volatility_14D,0.0017008259892463684,-0.001193037605844438,0.2692307692307692,0.7307692307692307
B,2026,27,Log_Return_1D_Z60,0.008616175502538681,0.0003081964096054435,0.5480769230769231,0.4519230769230769
B,2026,27,Log_Return_5D_Z60,0.0014027574798092246,-0.0010482958750799298,0.2980769230769231,0.7019230769230769
B,2026,27,Volatility_14D_Z60,0.006811076775193214,0.0013361057499423623,0.5865384615384616,0.41346153846153844
B,2026,27,Relative_Volume_20D_Z60,0.0014537019887939095,-0.00014651437231805176,0.5673076923076923,0.4326923076923077
B,2026,27,RSI_14_Scaled,0.0058786445297300816,-0.0019620100501924753,0.36538461538461536,0.6346153846153846
B,2026,27,Price_to_SMA20_Z60,0.0032377392053604126,-0.00034348765620961785,0.5192307692307693,0.4807692307692308
B,2026,27,Intraday_Return_Z60,0.0015302484389394522,-0.0002353838353883475,0.5096153846153846,0.49038461538461536
B,2026,27,Daily_Range_Z60,0.004291965626180172,0.0003099868481513113,0.4326923076923077,0.5673076923076923
B,2026,27,QQQ_Log_Return_1D,0.0023526547010987997,0.0001402414491167292,0.4807692307692308,0.5192307692307693
B,2026,27,QQQ_Log_Return_5D,0.012754867784678936,-0.00026890821754932404,0.5096153846153846,0.49038461538461536
B,2026,27,QQQ_Volatility_14D,0.0023669670335948467,-0.001708212774246931,0.2692307692307692,0.7307692307692307
B,2026,28,Log_Return_1D_Z60,0.01405398640781641,-0.002055208897218108,0.46153846153846156,0.5384615384615384
B,2026,28,Log_Return_5D_Z60,0.001833152025938034,-0.0015052556991577148,0.2692307692307692,0.7307692307692307
B,2026,28,Volatility_14D_Z60,0.009684999473392963,0.0028276219964027405,0.5576923076923077,0.4423076923076923
B,2026,28,Relative_Volume_20D_Z60,0.004161680117249489,-0.0006041867891326547,0.5673076923076923,0.4326923076923077
B,2026,28,RSI_14_Scaled,0.006022076588124037,-0.0022941718343645334,0.36538461538461536,0.6346153846153846
B,2026,28,Price_to_SMA20_Z60,0.00582090113312006,-0.0009914544643834233,0.5096153846153846,0.49038461538461536
B,2026,28,Intraday_Return_Z60,0.003227419685572386,6.410959758795798e-05,0.5480769230769231,0.4519230769230769
B,2026,28,Daily_Range_Z60,0.0054586525075137615,0.0013438910245895386,0.5,0.5
B,2026,28,QQQ_Log_Return_1D,0.0017642395105212927,0.000503312679938972,0.5192307692307693,0.4807692307692308
B,2026,28,QQQ_Log_Return_5D,0.018213655799627304,6.957208825042471e-05,0.5192307692307693,0.4807692307692308
B,2026,28,QQQ_Volatility_14D,0.0031414213590323925,-0.002320866798982024,0.25961538461538464,0.7403846153846154
B,2026,29,Log_Return_1D_Z60,0.01751566119492054,-0.002647201530635357,0.5,0.5
B,2026,29,Log_Return_5D_Z60,0.0025966374669224024,-0.0022574535105377436,0.25961538461538464,0.7403846153846154
B,2026,29,Volatility_14D_Z60,0.014040140435099602,0.0033911564387381077,0.5384615384615384,0.46153846153846156
B,2026,29,Relative_Volume_20D_Z60,0.010254353284835815,0.0003892278182320297,0.625,0.375
B,2026,29,RSI_14_Scaled,0.0041674780659377575,-0.002251695841550827,0.375,0.625
B,2026,29,Price_to_SMA20_Z60,0.01124481949955225,-0.0027119729202240705,0.5,0.5
B,2026,29,Intraday_Return_Z60,0.005536279641091824,-0.0015280523803085089,0.4230769230769231,0.5769230769230769
B,2026,29,Daily_Range_Z60,0.0042165485210716724,-0.0008270420948974788,0.38461538461538464,0.6153846153846154
B,2026,29,QQQ_Log_Return_1D,0.001647764933295548,0.0002148125640815124,0.5673076923076923,0.4326923076923077
B,2026,29,QQQ_Log_Return_5D,0.024659743532538414,-0.00023238883295562118,0.5192307692307693,0.4807692307692308
B,2026,29,QQQ_Volatility_14D,0.004272891208529472,-0.0030711607541888952,0.28846153846153844,0.7115384615384616
B,2026,30,Log_Return_1D_Z60,0.031751252710819244,0.001860393094830215,0.49038461538461536,0.5096153846153846
B,2026,30,Log_Return_5D_Z60,0.009653008542954922,-0.00336823845282197,0.47115384615384615,0.5288461538461539
B,2026,30,Volatility_14D_Z60,0.019777484238147736,0.005831336602568626,0.5576923076923077,0.4423076923076923
B,2026,30,Relative_Volume_20D_Z60,0.04125451296567917,-0.022942502051591873,0.4230769230769231,0.5769230769230769
B,2026,30,RSI_14_Scaled,0.006690812762826681,0.0008382234373129904,0.5673076923076923,0.4326923076923077
B,2026,30,Price_to_SMA20_Z60,0.023343387991189957,-0.008040707558393478,0.46153846153846156,0.5384615384615384
B,2026,30,Intraday_Return_Z60,0.010103664360940456,0.0013038970064371824,0.4519230769230769,0.5480769230769231
B,2026,30,Daily_Range_Z60,0.0027683505322784185,0.0008687223889864981,0.5384615384615384,0.46153846153846156
B,2026,30,QQQ_Log_Return_1D,0.010644699446856976,0.0006699083605781198,0.49038461538461536,0.5096153846153846
B,2026,30,QQQ_Log_Return_5D,0.03212152421474457,0.00015172877465374768,0.5192307692307693,0.4807692307692308
B,2026,30,QQQ_Volatility_14D,0.005673147737979889,-0.003583014477044344,0.3269230769230769,0.6730769230769231
C,2026,1,Log_Return_1D_Z60,1.5726708397778566e-06,7.699055686316569e-07,0.5,0.5
C,2026,1,Log_Return_5D_Z60,6.470688731496921e-06,3.2683823292245506e-07,0.5192307692307693,0.4807692307692308
C,2026,1,Volatility_14D_Z60,1.088505086954683e-06,6.860977350697794e-07,0.5480769230769231,0.4519230769230769
C,2026,1,Relative_Volume_20D_Z60,4.712063400802435e-06,-2.6378745587862795e-07,0.36538461538461536,0.6346153846153846
C,2026,1,RSI_14_Scaled,9.48755769059062e-06,-4.1397988752578385e-06,0.41346153846153844,0.5865384615384616
C,2026,1,Price_to_SMA20_Z60,5.356716883397894e-06,2.4661309794282715e-07,0.5576923076923077,0.4423076923076923
C,2026,1,Intraday_Return_Z60,7.623223609698471e-06,1.303820909015485e-06,0.5288461538461539,0.47115384615384615
C,2026,1,Daily_Range_Z60,2.3856705411162693e-06,-4.848319008488033e-07,0.4326923076923077,0.5673076923076923
C,2026,1,QQQ_Log_Return_1D,7.132282007660251e-06,-1.0615606242936337e-06,0.4423076923076923,0.5576923076923077
C,2026,1,QQQ_Log_Return_5D,3.528037950673024e-06,-6.900264679643442e-07,0.5096153846153846,0.49038461538461536
C,2026,1,QQQ_Volatility_14D,4.79069194625481e-06,-3.112104423053097e-06,0.19230769230769232,0.8076923076923077
C,2026,2,Log_Return_1D_Z60,1.4803582644162816e-06,3.2174924058381293e-07,0.5288461538461539,0.47115384615384615
C,2026,2,Log_Return_5D_Z60,8.656326826894656e-06,1.3883380916013266e-06,0.5480769230769231,0.4519230769230769
C,2026,2,Volatility_14D_Z60,1.8737658820100478e-06,8.149451673489239e-07,0.47115384615384615,0.5288461538461539
C,2026,2,Relative_Volume_20D_Z60,7.280538284248905e-06,2.21485962015322e-07,0.375,0.625
C,2026,2,RSI_14_Scaled,1.4303054740594234e-05,-6.23425648882403e-06,0.4230769230769231,0.5769230769230769
C,2026,2,Price_to_SMA20_Z60,7.852351700421423e-06,8.953678616308025e-07,0.5769230769230769,0.4230769230769231
C,2026,2,Intraday_Return_Z60,1.0782347089843825e-05,9.128479518949462e-07,0.5,0.5
C,2026,2,Daily_Range_Z60,4.190708295936929e-06,4.030107447761111e-08,0.4807692307692308,0.5192307692307693
C,2026,2,QQQ_Log_Return_1D,9.379775292472914e-06,-2.3245277134265052e-06,0.47115384615384615,0.5288461538461539
C,2026,2,QQQ_Log_Return_5D,5.599361429631244e-06,-1.512777885182004e-06,0.5,0.5
C,2026,2,QQQ_Volatility_14D,7.011511115706526e-06,-4.341564817877952e-06,0.21153846153846154,0.7884615384615384
C,2026,3,Log_Return_1D_Z60,1.962915121112019e-06,9.30470889670687e-07,0.5865384615384616,0.41346153846153844
C,2026,3,Log_Return_5D_Z60,1.208510366268456e-05,3.5050038604822475e-06,0.5096153846153846,0.49038461538461536
C,2026,3,Volatility_14D_Z60,2.8213673886057222e-06,4.023918904749735e-07,0.4423076923076923,0.5576923076923077
C,2026,3,Relative_Volume_20D_Z60,1.3381956705416087e-05,4.988635737390723e-06,0.4230769230769231,0.5769230769230769
C,2026,3,RSI_14_Scaled,1.918989983096253e-05,-9.189275260723662e-06,0.38461538461538464,0.6153846153846154
C,2026,3,Price_to_SMA20_Z60,9.820214472711086e-06,2.390364670645795e-06,0.5865384615384616,0.41346153846153844
C,2026,3,Intraday_Return_Z60,1.1437407010816969e-05,-9.596083145879675e-07,0.4326923076923077,0.5673076923076923
C,2026,3,Daily_Range_Z60,6.704139195790049e-06,-8.211474096242455e-07,0.375,0.625
C,2026,3,QQQ_Log_Return_1D,1.542662903375458e-05,-1.0862472663575318e-06,0.5673076923076923,0.4326923076923077
C,2026,3,QQQ_Log_Return_5D,9.959852832253091e-06,-4.098103090655059e-06,0.4807692307692308,0.5192307692307693
C,2026,3,QQQ_Volatility_14D,9.78455318545457e-06,-5.1928209359175526e-06,0.23076923076923078,0.7692307692307693
C,2026,4,Log_Return_1D_Z60,3.300133812444983e-06,2.045363089564489e-06,0.625,0.375
C,2026,4,Log_Return_5D_Z60,1.8084700059262104e-05,6.583414233318763e-06,0.5480769230769231,0.4519230769230769
C,2026,4,Volatility_14D_Z60,4.58120211987989e-06,1.1951275382671156e-06,0.46153846153846156,0.5384615384615384
C,2026,4,Relative_Volume_20D_Z60,1.4728174392075744e-05,2.028101789619541e-06,0.40384615384615385,0.5961538461538461
C,2026,4,RSI_14_Scaled,2.7432026399765164e-05,-1.4209153050614987e-05,0.375,0.625
C,2026,4,Price_to_SMA20_Z60,1.3608339941129088e-05,3.436815404711524e-06,0.5961538461538461,0.40384615384615385
C,2026,4,Intraday_Return_Z60,1.4021428796695545e-05,-3.2369337077398086e-07,0.49038461538461536,0.5096153846153846
C,2026,4,Daily_Range_Z60,9.671226507634856e-06,-1.6156768651853781e-06,0.34615384615384615,0.6538461538461539
C,2026,4,QQQ_Log_Return_1D,1.5731086023151875e-05,8.41375140225864e-07,0.5769230769230769,0.4230769230769231
C,2026,4,QQQ_Log_Return_5D,1.4022516552358866e-05,-6.022491561452625e-06,0.5288461538461539,0.47115384615384615
C,2026,4,QQQ_Volatility_14D,1.3477372704073787e-05,-6.966447926970432e-06,0.23076923076923078,0.7692307692307693
C,2026,5,Log_Return_1D_Z60,3.824348823400214e-06,2.1312916942406446e-06,0.625,0.375
C,2026,5,Log_Return_5D_Z60,2.558964661147911e-05,1.1367398656147998e-05,0.5288461538461539,0.47115384615384615
C,2026,5,Volatility_14D_Z60,6.694582225463819e-06,1.3454053942041355e-06,0.5,0.5
C,2026,5,Relative_Volume_20D_Z60,2.125721402990166e-05,4.883846031589201e-06,0.4230769230769231,0.5769230769230769
C,2026,5,RSI_14_Scaled,3.806860695476644e-05,-2.085048981825821e-05,0.36538461538461536,0.6346153846153846
C,2026,5,Price_to_SMA20_Z60,1.8536915376898833e-05,6.519265753013315e-06,0.6057692307692307,0.3942307692307692
C,2026,5,Intraday_Return_Z60,2.00512968149269e-05,-5.025621021559346e-07,0.5,0.5
C,2026,5,Daily_Range_Z60,1.4280119103204925e-05,-1.0619617114571156e-06,0.38461538461538464,0.6153846153846154
C,2026,5,QQQ_Log_Return_1D,2.1592624761979096e-05,-2.5291651581937913e-06,0.5192307692307693,0.4807692307692308
C,2026,5,QQQ_Log_Return_5D,1.9366525521036237e-05,-8.885947863745969e-06,0.5288461538461539,0.47115384615384615
C,2026,5,QQQ_Volatility_14D,1.8965582057717256e-05,-9.412940926267765e-06,0.21153846153846154,0.7884615384615384
C,2026,6,Log_Return_1D_Z60,6.039731033524731e-06,5.4097649808682036e-06,0.7019230769230769,0.2980769230769231
C,2026,6,Log_Return_5D_Z60,3.4557495382614434e-05,1.5367058949777856e-05,0.5769230769230769,0.4230769230769231
C,2026,6,Volatility_14D_Z60,9.618305739422794e-06,2.064807404167368e-06,0.4807692307692308,0.5192307692307693
C,2026,6,Relative_Volume_20D_Z60,2.5149878638330847e-05,7.521899192397541e-07,0.34615384615384615,0.6538461538461539
C,2026,6,RSI_14_Scaled,5.212620089878328e-05,-2.6606914616422728e-05,0.3557692307692308,0.6442307692307693
C,2026,6,Price_to_SMA20_Z60,2.45206720137503e-05,7.457213996531209e-06,0.5865384615384616,0.41346153846153844
C,2026,6,Intraday_Return_Z60,2.4846573069225997e-05,2.150233967768145e-06,0.47115384615384615,0.5288461538461539
C,2026,6,Daily_Range_Z60,1.6723193766665645e-05,-1.7237141491932562e-06,0.34615384615384615,0.6538461538461539
C,2026,6,QQQ_Log_Return_1D,2.749146551650483e-05,-2.896197202062467e-06,0.5192307692307693,0.4807692307692308
C,2026,6,QQQ_Log_Return_5D,2.5913710487657227e-05,-1.1257512596785091e-05,0.4807692307692308,0.5192307692307693
C,2026,6,QQQ_Volatility_14D,2.449895146128256e-05,-1.230168800248066e-05,0.21153846153846154,0.7884615384615384
C,2026,7,Log_Return_1D_Z60,6.49761523163761e-06,3.006736278621247e-06,0.6634615384615384,0.33653846153846156
C,2026,7,Log_Return_5D_Z60,4.2144834878854454e-05,1.8363398339715786e-05,0.5576923076923077,0.4423076923076923
C,2026,7,Volatility_14D_Z60,1.2728982255794108e-05,1.650798139962717e-06,0.4423076923076923,0.5576923076923077
C,2026,7,Relative_Volume_20D_Z60,4.2436578951310366e-05,4.688707122113556e-06,0.34615384615384615,0.6538461538461539
C,2026,7,RSI_14_Scaled,6.940591993043199e-05,-3.469483999651857e-05,0.375,0.625
C,2026,7,Price_to_SMA20_Z60,3.0678362236358225e-05,9.919046533468645e-06,0.5769230769230769,0.4230769230769231
C,2026,7,Intraday_Return_Z60,3.316633592476137e-05,2.76583000413666e-06,0.5,0.5
C,2026,7,Daily_Range_Z60,3.335470682941377e-05,4.787053967447719e-06,0.4230769230769231,0.5769230769230769
C,2026,7,QQQ_Log_Return_1D,3.379866757313721e-05,-3.3992400858551264e-06,0.5,0.5
C,2026,7,QQQ_Log_Return_5D,3.831298818113282e-05,-1.3712091458728537e-05,0.4519230769230769,0.5480769230769231
C,2026,7,QQQ_Volatility_14D,3.100211324635893e-05,-1.5828873074497096e-05,0.22115384615384615,0.7788461538461539
C,2026,8,Log_Return_1D_Z60,6.278911769186379e-06,2.902139613070176e-06,0.625,0.375
C,2026,8,Log_Return_5D_Z60,5.2851981308776885e-05,2.1041061700088903e-05,0.6153846153846154,0.38461538461538464
C,2026,8,Volatility_14D_Z60,1.6918083929340355e-05,1.2729299214697676e-06,0.4519230769230769,0.5480769230769231
C,2026,8,Relative_Volume_20D_Z60,4.4932901801075786e-05,-1.5675734630349325e-06,0.34615384615384615,0.6538461538461539
C,2026,8,RSI_14_Scaled,9.22048493521288e-05,-4.516257104114629e-05,0.38461538461538464,0.6153846153846154
C,2026,8,Price_to_SMA20_Z60,3.8242586015257984e-05,1.300453095609555e-05,0.5865384615384616,0.41346153846153844
C,2026,8,Intraday_Return_Z60,4.3012434616684914e-05,-1.330619738837413e-07,0.46153846153846156,0.5384615384615384
C,2026,8,Daily_Range_Z60,2.9551942134276032e-05,-3.2584337077423697e-06,0.38461538461538464,0.6153846153846154
C,2026,8,QQQ_Log_Return_1D,4.4416079617803916e-05,-1.208348749059951e-06,0.5,0.5
C,2026,8,QQQ_Log_Return_5D,5.411343590822071e-05,-1.5981466276571155e-05,0.4423076923076923,0.5576923076923077
C,2026,8,QQQ_Volatility_14D,3.9860264223534614e-05,-2.164775287383236e-05,0.23076923076923078,0.7692307692307693
C,2026,9,Log_Return_1D_Z60,9.91080014500767e-06,7.283318609552225e-06,0.6538461538461539,0.34615384615384615
C,2026,9,Log_Return_5D_Z60,6.195406604092568e-05,1.7130827473010868e-05,0.5576923076923077,0.4423076923076923
C,2026,9,Volatility_14D_Z60,2.1963958715787157e-05,1.2603080676854006e-06,0.4519230769230769,0.5480769230769231
C,2026,9,Relative_Volume_20D_Z60,5.8070676459465176e-05,2.1088747814701492e-07,0.33653846153846156,0.6634615384615384
C,2026,9,RSI_14_Scaled,0.00011498780804686248,-5.464795685838908e-05,0.4230769230769231,0.5769230769230769
C,2026,9,Price_to_SMA20_Z60,4.9070131353801116e-05,1.517325836175587e-05,0.5673076923076923,0.4326923076923077
C,2026,9,Intraday_Return_Z60,5.2207557018846273e-05,8.728349712328054e-06,0.5480769230769231,0.4519230769230769
C,2026,9,Daily_Range_Z60,4.24708632635884e-05,-1.4305348940979457e-06,0.40384615384615385,0.5961538461538461
C,2026,9,QQQ_Log_Return_1D,6.174638110678643e-05,8.116703611449338e-06,0.5865384615384616,0.41346153846153844
C,2026,9,QQQ_Log_Return_5D,6.625832611462101e-05,-1.7866901544039138e-05,0.5,0.5
C,2026,9,QQQ_Volatility_14D,5.083189898869023e-05,-2.620787563500926e-05,0.23076923076923078,0.7692307692307693
C,2026,10,Log_Return_1D_Z60,1.9166354832123034e-05,1.4196927622833755e-05,0.6442307692307693,0.3557692307692308
C,2026,10,Log_Return_5D_Z60,9.091465472010896e-05,9.513616532785818e-06,0.5,0.5
C,2026,10,Volatility_14D_Z60,3.238729914301075e-05,3.211043804185465e-06,0.41346153846153844,0.5865384615384616
C,2026,10,Relative_Volume_20D_Z60,8.528465696144849e-05,1.4423083484871313e-05,0.4326923076923077,0.5673076923076923
C,2026,10,RSI_14_Scaled,0.0001478309859521687,-6.593813304789364e-05,0.375,0.625
C,2026,10,Price_to_SMA20_Z60,6.26920664217323e-05,1.425258415110875e-05,0.5769230769230769,0.4230769230769231
C,2026,10,Intraday_Return_Z60,7.090454892022535e-05,1.2581759619934019e-05,0.4807692307692308,0.5192307692307693
C,2026,10,Daily_Range_Z60,5.7275254221167415e-05,2.9341240406211e-06,0.3942307692307692,0.6057692307692307
C,2026,10,QQQ_Log_Return_1D,8.874622290022671e-05,-1.1044917300750967e-05,0.5096153846153846,0.49038461538461536
C,2026,10,QQQ_Log_Return_5D,8.371667354367673e-05,-2.4050892534432933e-05,0.5,0.5
C,2026,10,QQQ_Volatility_14D,6.399882113328204e-05,-2.9611455829581246e-05,0.2692307692307692,0.7307692307692307
C,2026,11,Log_Return_1D_Z60,2.360511825827416e-05,1.5906667613307945e-05,0.5384615384615384,0.46153846153846156
C,2026,11,Log_Return_5D_Z60,0.00013167966972105205,4.726141924038529e-06,0.5192307692307693,0.4807692307692308
C,2026,11,Volatility_14D_Z60,4.3169344280613586e-05,5.6951002989080735e-06,0.36538461538461536,0.6346153846153846
C,2026,11,Relative_Volume_20D_Z60,8.821639494271949e-05,-1.0335119441151619e-05,0.3557692307692308,0.6442307692307693
C,2026,11,RSI_14_Scaled,0.00019186301506124437,-7.981366070453078e-05,0.40384615384615385,0.5961538461538461
C,2026,11,Price_to_SMA20_Z60,8.265426731668413e-05,1.2804421203327365e-05,0.5480769230769231,0.4519230769230769
C,2026,11,Intraday_Return_Z60,9.863986633718014e-05,2.186493293265812e-05,0.4807692307692308,0.5192307692307693
C,2026,11,Daily_Range_Z60,7.770374941173941e-05,9.905923434416763e-06,0.4230769230769231,0.5769230769230769
C,2026,11,QQQ_Log_Return_1D,0.00010006277443608269,1.7063262021110859e-06,0.5096153846153846,0.49038461538461536
C,2026,11,QQQ_Log_Return_5D,0.00010047643445432186,-2.335082899662666e-05,0.4807692307692308,0.5192307692307693
C,2026,11,QQQ_Volatility_14D,8.141389844240621e-05,-3.687926800921559e-05,0.2692307692307692,0.7307692307692307
C,2026,12,Log_Return_1D_Z60,2.5723718863446265e-05,1.4721326806466095e-05,0.5769230769230769,0.4230769230769231
C,2026,12,Log_Return_5D_Z60,0.0001628606696613133,-9.513711916042666e-07,0.5288461538461539,0.47115384615384615
C,2026,12,Volatility_14D_Z60,5.698540189769119e-05,7.815653589204885e-06,0.36538461538461536,0.6346153846153846
C,2026,12,Relative_Volume_20D_Z60,0.00011561364954104647,-1.8857474060496315e-05,0.36538461538461536,0.6346153846153846
C,2026,12,RSI_14_Scaled,0.0002425095153739676,-9.842997678788379e-05,0.41346153846153844,0.5865384615384616
C,2026,12,Price_to_SMA20_Z60,0.00010616794315865263,1.2458471246645786e-05,0.5673076923076923,0.4326923076923077
C,2026,12,Intraday_Return_Z60,0.00012141960178269073,3.761472908081487e-05,0.5673076923076923,0.4326923076923077
C,2026,12,Daily_Range_Z60,0.00010881560592679307,1.0747978194558527e-05,0.46153846153846156,0.5384615384615384
C,2026,12,QQQ_Log_Return_1D,0.0001332060492131859,-1.4205575098458212e-05,0.5096153846153846,0.49038461538461536
C,2026,12,QQQ_Log_Return_5D,0.00013346339983399957,-2.502899951650761e-05,0.49038461538461536,0.5096153846153846
C,2026,12,QQQ_Volatility_14D,0.00010070209827972576,-4.613688724930398e-05,0.28846153846153844,0.7115384615384616
C,2026,13,Log_Return_1D_Z60,3.7547371903201565e-05,2.076754390145652e-05,0.5576923076923077,0.4423076923076923
C,2026,13,Log_Return_5D_Z60,0.00021238891349639744,-4.710098437499255e-06,0.47115384615384615,0.5288461538461539
C,2026,13,Volatility_14D_Z60,7.097022898960859e-05,9.251721166947391e-06,0.4230769230769231,0.5769230769230769
C,2026,13,Relative_Volume_20D_Z60,0.00017188825586345047,-2.9955108402646147e-05,0.36538461538461536,0.6346153846153846
C,2026,13,RSI_14_Scaled,0.000307621929096058,-0.00012824578152503818,0.41346153846153844,0.5865384615384616
C,2026,13,Price_to_SMA20_Z60,0.0001316986745223403,1.7841148292063735e-05,0.5288461538461539,0.47115384615384615
C,2026,13,Intraday_Return_Z60,0.0001472533622290939,4.646854904422071e-06,0.4807692307692308,0.5192307692307693
C,2026,13,Daily_Range_Z60,0.00016054730804171413,2.597416823846288e-05,0.4230769230769231,0.5769230769230769
C,2026,13,QQQ_Log_Return_1D,0.0001608766324352473,-1.4245865713746753e-05,0.4807692307692308,0.5192307692307693
C,2026,13,QQQ_Log_Return_5D,0.00020742368360515684,-3.843569720629603e-05,0.5,0.5
C,2026,13,QQQ_Volatility_14D,0.00012153165152994916,-6.03532389504835e-05,0.2980769230769231,0.7019230769230769
C,2026,14,Log_Return_1D_Z60,4.931019066134468e-05,3.257655771449208e-05,0.6346153846153846,0.36538461538461536
C,2026,14,Log_Return_5D_Z60,0.00026564340805634856,-2.260923429275863e-05,0.4807692307692308,0.5192307692307693
C,2026,14,Volatility_14D_Z60,8.858083310769871e-05,1.2571733350341674e-05,0.3942307692307692,0.6057692307692307
C,2026,14,Relative_Volume_20D_Z60,0.00020422370289452374,-7.626433216501027e-05,0.34615384615384615,0.6538461538461539
C,2026,14,RSI_14_Scaled,0.00038580040563829243,-0.00013707505422644317,0.4230769230769231,0.5769230769230769
C,2026,14,Price_to_SMA20_Z60,0.00016737700207158923,6.303917871264275e-06,0.5288461538461539,0.47115384615384615
C,2026,14,Intraday_Return_Z60,0.00018129787349607795,5.394278196035884e-05,0.5480769230769231,0.4519230769230769
C,2026,14,Daily_Range_Z60,0.00018492835806682706,-1.2535356290754862e-05,0.3942307692307692,0.6057692307692307
C,2026,14,QQQ_Log_Return_1D,0.00022964530216995627,3.7004767364123836e-05,0.5480769230769231,0.4519230769230769
C,2026,14,QQQ_Log_Return_5D,0.00027555067208595574,-4.752800305141136e-05,0.4423076923076923,0.5576923076923077
C,2026,14,QQQ_Volatility_14D,0.00015417643589898944,-7.569055742351338e-05,0.3076923076923077,0.6923076923076923
C,2026,15,Log_Return_1D_Z60,8.876813080860302e-05,4.25418111262843e-05,0.5192307692307693,0.4807692307692308
C,2026,15,Log_Return_5D_Z60,0.00034205394331365824,-2.7965561457676813e-05,0.4326923076923077,0.5673076923076923
C,2026,15,Volatility_14D_Z60,0.00011265907232882455,2.298660547239706e-05,0.41346153846153844,0.5865384615384616
C,2026,15,Relative_Volume_20D_Z60,0.00028330463101156056,-6.767328159185126e-05,0.3942307692307692,0.6057692307692307
C,2026,15,RSI_14_Scaled,0.0004806119541171938,-0.00016203269478864968,0.38461538461538464,0.6153846153846154
C,2026,15,Price_to_SMA20_Z60,0.00022220847313292325,-7.026632829365553e-06,0.5288461538461539,0.47115384615384615
C,2026,15,Intraday_Return_Z60,0.00025804361212067306,4.398727833176963e-05,0.5096153846153846,0.49038461538461536
C,2026,15,Daily_Range_Z60,0.00022875664581079036,-1.8502345483284444e-05,0.4423076923076923,0.5576923076923077
C,2026,15,QQQ_Log_Return_1D,0.0002930045884568244,7.328799256356433e-05,0.6057692307692307,0.3942307692307692
C,2026,15,QQQ_Log_Return_5D,0.00033992683165706694,-8.470581633446272e-06,0.5096153846153846,0.49038461538461536
C,2026,15,QQQ_Volatility_14D,0.0001927120320033282,-9.531703835818917e-05,0.3173076923076923,0.6826923076923077
C,2026,16,Log_Return_1D_Z60,0.00010622334229992703,3.91239118471276e-05,0.5096153846153846,0.49038461538461536
C,2026,16,Log_Return_5D_Z60,0.0004211695631965995,-1.6562593373237178e-05,0.4807692307692308,0.5192307692307693
C,2026,16,Volatility_14D_Z60,0.00014197840937413275,3.230695801903494e-05,0.47115384615384615,0.5288461538461539
C,2026,16,Relative_Volume_20D_Z60,0.00035486090928316116,-9.732261969475076e-05,0.25961538461538464,0.7403846153846154
C,2026,16,RSI_14_Scaled,0.0006479746080003679,-0.00019875934231095016,0.41346153846153844,0.5865384615384616
C,2026,16,Price_to_SMA20_Z60,0.0002842626126948744,-1.5329398593166843e-05,0.5,0.5
C,2026,16,Intraday_Return_Z60,0.0003242197271902114,5.446509749162942e-05,0.4807692307692308,0.5192307692307693
C,2026,16,Daily_Range_Z60,0.00030317145865410566,-1.888653241621796e-05,0.41346153846153844,0.5865384615384616
C,2026,16,QQQ_Log_Return_1D,0.0003722570836544037,-3.5550645407056436e-05,0.5192307692307693,0.4807692307692308
C,2026,16,QQQ_Log_Return_5D,0.00041934705222956836,-3.177817416144535e-05,0.5096153846153846,0.49038461538461536
C,2026,16,QQQ_Volatility_14D,0.00024146282521542162,-0.00012305795098654926,0.33653846153846156,0.6634615384615384
C,2026,17,Log_Return_1D_Z60,0.00015692376473452896,7.953459862619638e-05,0.5673076923076923,0.4326923076923077
C,2026,17,Log_Return_5D_Z60,0.0005654100677929819,-4.842830094275996e-05,0.4807692307692308,0.5192307692307693
C,2026,17,Volatility_14D_Z60,0.00019934723968617618,4.419940887601115e-05,0.4423076923076923,0.5576923076923077
C,2026,17,Relative_Volume_20D_Z60,0.0005476418882608414,-7.112484308890998e-05,0.3269230769230769,0.6730769230769231
C,2026,17,RSI_14_Scaled,0.0008465396822430193,-0.00020003913959953934,0.4230769230769231,0.5769230769230769
C,2026,17,Price_to_SMA20_Z60,0.000359049707185477,-4.638521932065487e-05,0.47115384615384615,0.5288461538461539
C,2026,17,Intraday_Return_Z60,0.0003852962690871209,6.466572813224047e-05,0.49038461538461536,0.5096153846153846
C,2026,17,Daily_Range_Z60,0.00038839172339066863,-4.904783781967126e-05,0.41346153846153844,0.5865384615384616
C,2026,17,QQQ_Log_Return_1D,0.000516684609465301,1.4673748410132248e-05,0.5576923076923077,0.4423076923076923
C,2026,17,QQQ_Log_Return_5D,0.0005418357322923839,-7.570989964733599e-06,0.5096153846153846,0.49038461538461536
C,2026,17,QQQ_Volatility_14D,0.0003024872567038983,-0.00017000670777633786,0.33653846153846156,0.6634615384615384
C,2026,18,Log_Return_1D_Z60,0.00021424137230496854,8.025873103179038e-05,0.5576923076923077,0.4423076923076923
C,2026,18,Log_Return_5D_Z60,0.0007870151312090456,-5.889390376978554e-05,0.4519230769230769,0.5480769230769231
C,2026,18,Volatility_14D_Z60,0.0002603632747195661,6.519813905470073e-05,0.49038461538461536,0.5096153846153846
C,2026,18,Relative_Volume_20D_Z60,0.0007096570334397256,-8.79235885804519e-05,0.34615384615384615,0.6538461538461539
C,2026,18,RSI_14_Scaled,0.0011107592144981027,-0.00022904155775904655,0.40384615384615385,0.5961538461538461
C,2026,18,Price_to_SMA20_Z60,0.0005046430160291493,-6.66695850668475e-05,0.5384615384615384,0.46153846153846156
C,2026,18,Intraday_Return_Z60,0.00047920120414346457,6.844925519544631e-05,0.5288461538461539,0.47115384615384615
C,2026,18,Daily_Range_Z60,0.0005306322127580643,-3.807057873927988e-05,0.4230769230769231,0.5769230769230769
C,2026,18,QQQ_Log_Return_1D,0.0007500468636862934,0.00010235634545097128,0.5961538461538461,0.40384615384615385
C,2026,18,QQQ_Log_Return_5D,0.0008163132588379085,7.126455602701753e-05,0.5673076923076923,0.4326923076923077
C,2026,18,QQQ_Volatility_14D,0.0003756373771466315,-0.00021583028137683868,0.3269230769230769,0.6730769230769231
C,2026,19,Log_Return_1D_Z60,0.0003379266709089279,0.00011649460793705657,0.5576923076923077,0.4423076923076923
C,2026,19,Log_Return_5D_Z60,0.0010444375220686197,-4.837536107515916e-05,0.49038461538461536,0.5096153846153846
C,2026,19,Volatility_14D_Z60,0.0003134828875772655,6.179483898449689e-05,0.4519230769230769,0.5480769230769231
C,2026,19,Relative_Volume_20D_Z60,0.0007889883127063513,-0.0002615225384943187,0.3173076923076923,0.6826923076923077
C,2026,19,RSI_14_Scaled,0.0015192716382443905,-0.0002239915484096855,0.41346153846153844,0.5865384615384616
C,2026,19,Price_to_SMA20_Z60,0.0007719229906797409,-0.00016480768681503832,0.5192307692307693,0.4807692307692308
C,2026,19,Intraday_Return_Z60,0.0007024743827059865,0.00019695090304594487,0.5961538461538461,0.40384615384615385
C,2026,19,Daily_Range_Z60,0.0005581660661846399,-0.00011704421194735914,0.38461538461538464,0.6153846153846154
C,2026,19,QQQ_Log_Return_1D,0.0009937621653079987,4.820648246095516e-05,0.5288461538461539,0.47115384615384615
C,2026,19,QQQ_Log_Return_5D,0.0012313284678384662,5.64065994694829e-05,0.5576923076923077,0.4423076923076923
C,2026,19,QQQ_Volatility_14D,0.00044810271356254816,-0.000272381235845387,0.33653846153846156,0.6634615384615384
C,2026,20,Log_Return_1D_Z60,0.0004587830335367471,0.0001721026055747643,0.5096153846153846,0.49038461538461536
C,2026,20,Log_Return_5D_Z60,0.001144238281995058,-0.00011554357479326427,0.4807692307692308,0.5192307692307693
C,2026,20,Volatility_14D_Z60,0.0003594213048927486,1.9575320038711652e-05,0.4326923076923077,0.5673076923076923
C,2026,20,Relative_Volume_20D_Z60,0.00110375985968858,-0.00010683398431865498,0.36538461538461536,0.6346153846153846
C,2026,20,RSI_14_Scaled,0.001896774279884994,-0.0001684052258497104,0.4519230769230769,0.5480769230769231
C,2026,20,Price_to_SMA20_Z60,0.0009973857086151838,-0.0002452559128869325,0.5384615384615384,0.46153846153846156
C,2026,20,Intraday_Return_Z60,0.0009540352621115744,0.00019919086480513215,0.5384615384615384,0.46153846153846156
C,2026,20,Daily_Range_Z60,0.0007521378574892879,2.8550995921250433e-05,0.47115384615384615,0.5288461538461539
C,2026,20,QQQ_Log_Return_1D,0.0011944688158109784,-8.252283805632032e-06,0.49038461538461536,0.5096153846153846
C,2026,20,QQQ_Log_Return_5D,0.0016569615108892322,-8.434488700004295e-05,0.5192307692307693,0.4807692307692308
C,2026,20,QQQ_Volatility_14D,0.0005748814437538385,-0.00034678095835261047,0.3173076923076923,0.6826923076923077
C,2026,21,Log_Return_1D_Z60,0.0006530567188747227,0.00022180947416927665,0.5192307692307693,0.4807692307692308
C,2026,21,Log_Return_5D_Z60,0.0014398419298231602,-0.0002133872185368091,0.4807692307692308,0.5192307692307693
C,2026,21,Volatility_14D_Z60,0.00046397844562307,7.125569391064346e-05,0.4519230769230769,0.5480769230769231
C,2026,21,Relative_Volume_20D_Z60,0.0017293840646743774,0.00019183072436135262,0.38461538461538464,0.6153846153846154
C,2026,21,RSI_14_Scaled,0.002516929991543293,-0.00014325913798529655,0.4423076923076923,0.5576923076923077
C,2026,21,Price_to_SMA20_Z60,0.0014089071191847324,-0.0003875581896863878,0.47115384615384615,0.5288461538461539
C,2026,21,Intraday_Return_Z60,0.0013349755899980664,0.0004197942325845361,0.5480769230769231,0.4519230769230769
C,2026,21,Daily_Range_Z60,0.0010245031444355845,5.100702401250601e-05,0.4519230769230769,0.5480769230769231
C,2026,21,QQQ_Log_Return_1D,0.0017541429260745645,4.607136361300945e-05,0.5576923076923077,0.4423076923076923
C,2026,21,QQQ_Log_Return_5D,0.002237906912341714,1.4965064110583626e-05,0.47115384615384615,0.5288461538461539
C,2026,21,QQQ_Volatility_14D,0.00071197550278157,-0.0004163852136116475,0.28846153846153844,0.7115384615384616
C,2026,22,Log_Return_1D_Z60,0.0006270871963351965,9.677026537247002e-05,0.49038461538461536,0.5096153846153846
C,2026,22,Log_Return_5D_Z60,0.0017289132811129093,-8.267932571470737e-05,0.5192307692307693,0.4807692307692308
C,2026,22,Volatility_14D_Z60,0.0006885085604153574,0.00014083273708820343,0.47115384615384615,0.5288461538461539
C,2026,22,Relative_Volume_20D_Z60,0.002041271422058344,0.00019006989896297455,0.375,0.625
C,2026,22,RSI_14_Scaled,0.0031926592346280813,-0.00022153931786306202,0.4230769230769231,0.5769230769230769
C,2026,22,Price_to_SMA20_Z60,0.0018720028456300497,-0.0004150891909375787,0.5,0.5
C,2026,22,Intraday_Return_Z60,0.0012198181357234716,-2.6384341254015453e-05,0.46153846153846156,0.5384615384615384
C,2026,22,Daily_Range_Z60,0.001206897897645831,-0.00022126687690615654,0.38461538461538464,0.6153846153846154
C,2026,22,QQQ_Log_Return_1D,0.0022355869878083467,0.00041283274185843766,0.6826923076923077,0.3173076923076923
C,2026,22,QQQ_Log_Return_5D,0.0033223440404981375,0.00030390502070076764,0.5673076923076923,0.4326923076923077
C,2026,22,QQQ_Volatility_14D,0.000854932761285454,-0.0005267575616016984,0.27884615384615385,0.7211538461538461
C,2026,23,Log_Return_1D_Z60,0.0007899167248979211,0.00024809601018205285,0.5096153846153846,0.49038461538461536
C,2026,23,Log_Return_5D_Z60,0.002000025473535061,-0.00011385673860786483,0.5192307692307693,0.4807692307692308
C,2026,23,Volatility_14D_Z60,0.0009192857542075217,0.0002676848089322448,0.5,0.5
C,2026,23,Relative_Volume_20D_Z60,0.002310587791725993,-0.00019603388500399888,0.375,0.625
C,2026,23,RSI_14_Scaled,0.0038433002773672342,-0.00034227053401991725,0.3942307692307692,0.6057692307692307
C,2026,23,Price_to_SMA20_Z60,0.0024332196917384863,-0.0003938772715628147,0.5288461538461539,0.47115384615384615
C,2026,23,Intraday_Return_Z60,0.0016568910796195269,0.00014839874347671866,0.4807692307692308,0.5192307692307693
C,2026,23,Daily_Range_Z60,0.0015970946988090873,-1.3471043530444149e-05,0.3942307692307692,0.6057692307692307
C,2026,23,QQQ_Log_Return_1D,0.0024804328568279743,0.00030198998865671456,0.5480769230769231,0.4519230769230769
C,2026,23,QQQ_Log_Return_5D,0.004509119316935539,0.00029519747477024794,0.5673076923076923,0.4326923076923077
C,2026,23,QQQ_Volatility_14D,0.0010833857813850045,-0.0006796270026825368,0.25961538461538464,0.7403846153846154
C,2026,24,Log_Return_1D_Z60,0.0006112981354817748,0.00022207827714737505,0.5096153846153846,0.49038461538461536
C,2026,24,Log_Return_5D_Z60,0.002268737880513072,0.00010172474867431447,0.5480769230769231,0.4519230769230769
C,2026,24,Volatility_14D_Z60,0.0012222747318446636,0.00020283499907236546,0.5,0.5
C,2026,24,Relative_Volume_20D_Z60,0.002369742374867201,-0.00033639452885836363,0.3269230769230769,0.6730769230769231
C,2026,24,RSI_14_Scaled,0.0045166839845478535,-0.0004304502799641341,0.40384615384615385,0.5961538461538461
C,2026,24,Price_to_SMA20_Z60,0.0031925286166369915,-0.0002548549382481724,0.5,0.5
C,2026,24,Intraday_Return_Z60,0.002256721258163452,0.00012462370796129107,0.4423076923076923,0.5576923076923077
C,2026,24,Daily_Range_Z60,0.001906343619339168,8.042163972277194e-05,0.41346153846153844,0.5865384615384616
C,2026,24,QQQ_Log_Return_1D,0.0036037045065313578,0.0006304799462668598,0.5384615384615384,0.46153846153846156
C,2026,24,QQQ_Log_Return_5D,0.006480206735432148,0.0007814422715455294,0.5961538461538461,0.40384615384615385
C,2026,24,QQQ_Volatility_14D,0.0013688965700566769,-0.000883940199855715,0.25,0.75
C,2026,25,Log_Return_1D_Z60,0.0005626422935165465,0.00038116754149086773,0.6538461538461539,0.34615384615384615
C,2026,25,Log_Return_5D_Z60,0.002448152983561158,0.00015766057185828686,0.4807692307692308,0.5192307692307693
C,2026,25,Volatility_14D_Z60,0.0016581069212406874,0.0002389858418609947,0.5,0.5
C,2026,25,Relative_Volume_20D_Z60,0.0023451277520507574,-0.0003508352383505553,0.3269230769230769,0.6730769230769231
C,2026,25,RSI_14_Scaled,0.004998400807380676,-0.0001220924168592319,0.3942307692307692,0.6057692307692307
C,2026,25,Price_to_SMA20_Z60,0.004380503669381142,-0.0002403937396593392,0.4807692307692308,0.5192307692307693
C,2026,25,Intraday_Return_Z60,0.0020989826880395412,0.0006469977670349181,0.5480769230769231,0.4519230769230769
C,2026,25,Daily_Range_Z60,0.0018957519205287099,-0.0002152092638425529,0.3942307692307692,0.6057692307692307
C,2026,25,QQQ_Log_Return_1D,0.004481325391680002,0.0005484449211508036,0.5480769230769231,0.4519230769230769
C,2026,25,QQQ_Log_Return_5D,0.008965134620666504,0.0012572138803079724,0.5480769230769231,0.4519230769230769
C,2026,25,QQQ_Volatility_14D,0.0017264478374272585,-0.0010426051449030638,0.2692307692307692,0.7307692307692307
C,2026,26,Log_Return_1D_Z60,0.0014045418938621879,0.0004388580855447799,0.6346153846153846,0.36538461538461536
C,2026,26,Log_Return_5D_Z60,0.0021576571743935347,0.00020900789240840822,0.5480769230769231,0.4519230769230769
C,2026,26,Volatility_14D_Z60,0.0024655978195369244,0.0005307005485519767,0.5384615384615384,0.46153846153846156
C,2026,26,Relative_Volume_20D_Z60,0.0019938016775995493,-2.5555902539053932e-05,0.375,0.625
C,2026,26,RSI_14_Scaled,0.005067199002951384,-3.379590270924382e-05,0.33653846153846156,0.6634615384615384
C,2026,26,Price_to_SMA20_Z60,0.0057679046876728535,0.00011227022332604975,0.5096153846153846,0.49038461538461536
C,2026,26,Intraday_Return_Z60,0.001676148851402104,0.0003368137404322624,0.4519230769230769,0.5480769230769231
C,2026,26,Daily_Range_Z60,0.002109426772221923,0.0003616928879637271,0.4423076923076923,0.5576923076923077
C,2026,26,QQQ_Log_Return_1D,0.004164975602179766,-0.0005989084020256996,0.4807692307692308,0.5192307692307693
C,2026,26,QQQ_Log_Return_5D,0.012097692117094994,0.00046083590132184327,0.5384615384615384,0.46153846153846156
C,2026,26,QQQ_Volatility_14D,0.0021938406862318516,-0.001315007102675736,0.2692307692307692,0.7307692307692307
C,2026,27,Log_Return_1D_Z60,0.004907963797450066,0.0009905964834615588,0.5480769230769231,0.4519230769230769
C,2026,27,Log_Return_5D_Z60,0.001977148000150919,3.8307643990265206e-05,0.5096153846153846,0.49038461538461536
C,2026,27,Volatility_14D_Z60,0.0038450979627668858,0.001063960837200284,0.5865384615384616,0.41346153846153844
C,2026,27,Relative_Volume_20D_Z60,0.0008801432559266686,0.0005058251554146409,0.5769230769230769,0.4230769230769231
C,2026,27,RSI_14_Scaled,0.004954519681632519,0.00024240191851276904,0.36538461538461536,0.6346153846153846
C,2026,27,Price_to_SMA20_Z60,0.007645612116903067,0.00048711939598433673,0.5192307692307693,0.4807692307692308
C,2026,27,Intraday_Return_Z60,0.0010289415949955583,0.0006871777004562318,0.6538461538461539,0.34615384615384615
C,2026,27,Daily_Range_Z60,0.001653580111451447,0.0002785502001643181,0.4519230769230769,0.5480769230769231
C,2026,27,QQQ_Log_Return_1D,0.0037317504175007343,0.0007252673385664821,0.4807692307692308,0.5192307692307693
C,2026,27,QQQ_Log_Return_5D,0.017002465203404427,-4.635493314708583e-05,0.5096153846153846,0.49038461538461536
C,2026,27,QQQ_Volatility_14D,0.0028476789593696594,-0.0017462912946939468,0.2692307692307692,0.7307692307692307
C,2026,28,Log_Return_1D_Z60,0.011062998324632645,-0.0008564365562051535,0.46153846153846156,0.5384615384615384
C,2026,28,Log_Return_5D_Z60,0.0012407077010720968,-0.00016406658687628806,0.5096153846153846,0.49038461538461536
C,2026,28,Volatility_14D_Z60,0.0059752631932497025,0.002155298599973321,0.5576923076923077,0.4423076923076923
C,2026,28,Relative_Volume_20D_Z60,0.0029819197952747345,0.00036915543023496866,0.5673076923076923,0.4326923076923077
C,2026,28,RSI_14_Scaled,0.003629351733252406,0.001161504304036498,0.40384615384615385,0.5961538461538461
C,2026,28,Price_to_SMA20_Z60,0.008609799668192863,0.00020592856162693352,0.5096153846153846,0.49038461538461536
C,2026,28,Intraday_Return_Z60,0.0036951673682779074,0.001284200930967927,0.5480769230769231,0.4519230769230769
C,2026,28,Daily_Range_Z60,0.0009589474648237228,0.0002740144554991275,0.5480769230769231,0.4519230769230769
C,2026,28,QQQ_Log_Return_1D,0.001297398703172803,0.0008074124925769866,0.6538461538461539,0.34615384615384615
C,2026,28,QQQ_Log_Return_5D,0.02254282496869564,0.0003960000758524984,0.5192307692307693,0.4807692307692308
C,2026,28,QQQ_Volatility_14D,0.003631200874224305,-0.002293396508321166,0.2692307692307692,0.7307692307692307
C,2026,29,Log_Return_1D_Z60,0.017621565610170364,-0.0029242944438010454,0.5,0.5
C,2026,29,Log_Return_5D_Z60,0.0012988330563530326,7.48035527067259e-05,0.40384615384615385,0.5961538461538461
C,2026,29,Volatility_14D_Z60,0.009335159324109554,0.0027978296857327223,0.5384615384615384,0.46153846153846156
C,2026,29,Relative_Volume_20D_Z60,0.0103682279586792,0.0012738174991682172,0.625,0.375
C,2026,29,RSI_14_Scaled,0.002514665015041828,0.0022350135259330273,0.7980769230769231,0.20192307692307693
C,2026,29,Price_to_SMA20_Z60,0.009329987689852715,-0.00018627716053742915,0.5,0.5
C,2026,29,Intraday_Return_Z60,0.010052592493593693,-0.0018666076939553022,0.4230769230769231,0.5769230769230769
C,2026,29,Daily_Range_Z60,0.0036582662723958492,0.00057447818107903,0.6153846153846154,0.38461538461538464
C,2026,29,QQQ_Log_Return_1D,0.006150148343294859,0.0008125666063278913,0.49038461538461536,0.5096153846153846
C,2026,29,QQQ_Log_Return_5D,0.027648894116282463,0.0005796245532110333,0.5192307692307693,0.4807692307692308
C,2026,29,QQQ_Volatility_14D,0.004943069536238909,-0.003043861361220479,0.28846153846153844,0.7115384615384616
C,2026,30,Log_Return_1D_Z60,0.040921226143836975,4.726218321593478e-05,0.49038461538461536,0.5096153846153846
C,2026,30,Log_Return_5D_Z60,0.003423709189519286,0.0012643547961488366,0.5769230769230769,0.4230769230769231
C,2026,30,Volatility_14D_Z60,0.016547916457057,0.005728723481297493,0.5576923076923077,0.4423076923076923
C,2026,30,Relative_Volume_20D_Z60,0.03539055213332176,-0.016472356393933296,0.4230769230769231,0.5769230769230769
C,2026,30,RSI_14_Scaled,0.004095377400517464,0.0032834261655807495,0.6538461538461539,0.34615384615384615
C,2026,30,Price_to_SMA20_Z60,0.011909587308764458,0.00043614886817522347,0.46153846153846156,0.5384615384615384
C,2026,30,Intraday_Return_Z60,0.02145746350288391,-0.001172625576145947,0.4519230769230769,0.5480769230769231
C,2026,30,Daily_Range_Z60,0.011206145398318768,-9.135208529187366e-05,0.5673076923076923,0.4326923076923077
C,2026,30,QQQ_Log_Return_1D,0.02565503492951393,0.0042049759067595005,0.4807692307692308,0.5192307692307693
C,2026,30,QQQ_Log_Return_5D,0.03280109539628029,0.002598893130198121,0.5192307692307693,0.4807692307692308
C,2026,30,QQQ_Volatility_14D,0.005874037742614746,-0.0031847318168729544,0.3269230769230769,0.6730769230769231
