Variant,Test_Year,Sequence_Step,Feature,Mean_Abs_IG,Mean_IG,Positive_Share,Negative_Share
A,2023,1,Log_Return_1D_Z60,0.0024295630864799023,0.0002889238530769944,0.5084745762711864,0.4915254237288136
A,2023,1,Log_Return_5D_Z60,0.0019363687606528401,-0.00014049270248506218,0.5,0.5
A,2023,1,Volatility_14D_Z60,0.000953048700466752,0.0004974509356543422,0.7627118644067796,0.23728813559322035
A,2023,1,Relative_Volume_20D_Z60,0.000994111062027514,-4.48765313194599e-05,0.6271186440677966,0.3728813559322034
A,2023,1,RSI_14_Scaled,0.0014604968018829823,0.00015017100668046623,0.5084745762711864,0.4915254237288136
A,2023,1,Price_to_SMA20_Z60,0.0015481928130611777,0.00029190254281274974,0.5677966101694916,0.4322033898305085
A,2023,1,Intraday_Return_Z60,0.002071832539513707,0.0001178626116598025,0.5508474576271186,0.4491525423728814
A,2023,1,Daily_Range_Z60,0.0007841315818950534,-0.0001682675356278196,0.3559322033898305,0.6440677966101694
A,2023,1,QQQ_Log_Return_1D,0.0023865888360887766,8.078047358139884e-06,0.5423728813559322,0.4576271186440678
A,2023,1,QQQ_Log_Return_5D,0.0007129161385819316,0.00020268256776034832,0.5677966101694916,0.4322033898305085
A,2023,1,QQQ_Volatility_14D,0.0014291750267148018,-0.0013041859492659569,0.06779661016949153,0.9322033898305084
A,2023,2,Log_Return_1D_Z60,0.0019566023256629705,0.00044811921543441713,0.576271186440678,0.423728813559322
A,2023,2,Log_Return_5D_Z60,0.001894115237519145,0.00022795225959271193,0.4830508474576271,0.5169491525423728
A,2023,2,Volatility_14D_Z60,0.000924819556530565,0.0005183936445973814,0.7711864406779662,0.2288135593220339
A,2023,2,Relative_Volume_20D_Z60,0.0008941437117755413,-2.8755406674463302e-05,0.6186440677966102,0.3813559322033898
A,2023,2,RSI_14_Scaled,0.0014772783033549786,0.0002558789565227926,0.5508474576271186,0.4491525423728814
A,2023,2,Price_to_SMA20_Z60,0.00155089539475739,0.00040129374247044325,0.5254237288135594,0.4745762711864407
A,2023,2,Intraday_Return_Z60,0.0018513158429414034,-9.029944339999929e-05,0.4576271186440678,0.5423728813559322
A,2023,2,Daily_Range_Z60,0.0008495941874571145,-7.63463758630678e-05,0.2796610169491525,0.7203389830508474
A,2023,2,QQQ_Log_Return_1D,0.00204614270478487,-0.00026495574275031686,0.4576271186440678,0.5423728813559322
A,2023,2,QQQ_Log_Return_5D,0.0007597537478432059,0.00016186927678063512,0.5508474576271186,0.4491525423728814
A,2023,2,QQQ_Volatility_14D,0.0014340097550302744,-0.001310859457589686,0.059322033898305086,0.940677966101695
A,2023,3,Log_Return_1D_Z60,0.002553201513364911,0.00048166431952267885,0.5932203389830508,0.4067796610169492
A,2023,3,Log_Return_5D_Z60,0.001912283361889422,0.0004426152154337615,0.5,0.5
A,2023,3,Volatility_14D_Z60,0.0008660127059556544,0.000448045990196988,0.7796610169491526,0.22033898305084745
A,2023,3,Relative_Volume_20D_Z60,0.0010042560752481222,-0.00023153454822022468,0.576271186440678,0.423728813559322
A,2023,3,RSI_14_Scaled,0.0015319781377911568,0.00033487819018773735,0.576271186440678,0.423728813559322
A,2023,3,Price_to_SMA20_Z60,0.0016125176334753633,0.0004708222986664623,0.5508474576271186,0.4491525423728814
A,2023,3,Intraday_Return_Z60,0.0020868058782070875,-1.4406942682398949e-05,0.5254237288135594,0.4745762711864407
A,2023,3,Daily_Range_Z60,0.0007900999044068158,6.69938453938812e-05,0.4491525423728814,0.5508474576271186
A,2023,3,QQQ_Log_Return_1D,0.002247546799480915,-0.0002118015690939501,0.423728813559322,0.576271186440678
A,2023,3,QQQ_Log_Return_5D,0.000730845786165446,0.00012377573875710368,0.5423728813559322,0.4576271186440678
A,2023,3,QQQ_Volatility_14D,0.0014408329734578729,-0.001337081310339272,0.06779661016949153,0.9322033898305084
A,2023,4,Log_Return_1D_Z60,0.002503285650163889,0.0007447070674970746,0.5423728813559322,0.4576271186440678
A,2023,4,Log_Return_5D_Z60,0.0018473768141120672,0.0006465542246587574,0.5423728813559322,0.4576271186440678
A,2023,4,Volatility_14D_Z60,0.000844423018861562,0.0004697801196016371,0.8050847457627118,0.19491525423728814
A,2023,4,Relative_Volume_20D_Z60,0.001083739916794002,-0.00022748467745259404,0.6101694915254238,0.3898305084745763
A,2023,4,RSI_14_Scaled,0.0015049973735585809,0.000471800216473639,0.5847457627118644,0.4152542372881356
A,2023,4,Price_to_SMA20_Z60,0.0015926376217976213,0.0006726214778609574,0.5932203389830508,0.4067796610169492
A,2023,4,Intraday_Return_Z60,0.0020581623539328575,-0.0001783210173016414,0.5169491525423728,0.4830508474576271
A,2023,4,Daily_Range_Z60,0.0008066788432188332,1.1086125596193597e-05,0.3474576271186441,0.652542372881356
A,2023,4,QQQ_Log_Return_1D,0.002000586362555623,0.00015142130723688751,0.5169491525423728,0.4830508474576271
A,2023,4,QQQ_Log_Return_5D,0.0007095795590430498,4.322710810811259e-05,0.5338983050847458,0.4661016949152542
A,2023,4,QQQ_Volatility_14D,0.0014249376254156232,-0.0013215148355811834,0.06779661016949153,0.9322033898305084
A,2023,5,Log_Return_1D_Z60,0.002280993154272437,-3.953900159103796e-05,0.4745762711864407,0.5254237288135594
A,2023,5,Log_Return_5D_Z60,0.0018408966716378927,0.0008156128460541368,0.6016949152542372,0.3983050847457627
A,2023,5,Volatility_14D_Z60,0.0008338491315953434,0.0005142040899954736,0.8305084745762712,0.1694915254237288
A,2023,5,Relative_Volume_20D_Z60,0.0010199222015216947,-4.246363914717222e-06,0.6186440677966102,0.3813559322033898
A,2023,5,RSI_14_Scaled,0.0015904810279607773,0.0004766091878991574,0.5847457627118644,0.4152542372881356
A,2023,5,Price_to_SMA20_Z60,0.001602507196366787,0.000665126193780452,0.5508474576271186,0.4491525423728814
A,2023,5,Intraday_Return_Z60,0.001974121667444706,0.00011251618707319722,0.5084745762711864,0.4915254237288136
A,2023,5,Daily_Range_Z60,0.0007285690517164767,-0.00012189513654448092,0.3898305084745763,0.6101694915254238
A,2023,5,QQQ_Log_Return_1D,0.0022113195154815912,-2.5277673557866365e-05,0.4915254237288136,0.5084745762711864
A,2023,5,QQQ_Log_Return_5D,0.000709140207618475,-7.556130731245503e-05,0.559322033898305,0.4406779661016949
A,2023,5,QQQ_Volatility_14D,0.0014293482527136803,-0.001337585155852139,0.07627118644067797,0.923728813559322
A,2023,6,Log_Return_1D_Z60,0.0024696176405996084,0.0003235049080103636,0.4915254237288136,0.5084745762711864
A,2023,6,Log_Return_5D_Z60,0.0020370057318359613,0.0008657712023705244,0.576271186440678,0.423728813559322
A,2023,6,Volatility_14D_Z60,0.000808904180303216,0.0004746567574329674,0.788135593220339,0.211864406779661
A,2023,6,Relative_Volume_20D_Z60,0.0009900477016344666,3.5599323382484727e-06,0.6440677966101694,0.3559322033898305
A,2023,6,RSI_14_Scaled,0.0017166497418656945,0.0005319986958056688,0.5932203389830508,0.4067796610169492
A,2023,6,Price_to_SMA20_Z60,0.0016997844213619828,0.0007116731721907854,0.5932203389830508,0.4067796610169492
A,2023,6,Intraday_Return_Z60,0.0019704068545252085,0.00018190103583037853,0.5677966101694916,0.4322033898305085
A,2023,6,Daily_Range_Z60,0.0007479931809939444,-0.00012655399041250348,0.3644067796610169,0.635593220338983
A,2023,6,QQQ_Log_Return_1D,0.0023192577064037323,-0.0004596923536155373,0.4576271186440678,0.5423728813559322
A,2023,6,QQQ_Log_Return_5D,0.0007440322078764439,-8.80542429513298e-05,0.5423728813559322,0.4576271186440678
A,2023,6,QQQ_Volatility_14D,0.0014173728413879871,-0.0013528084382414818,0.059322033898305086,0.940677966101695
A,2023,7,Log_Return_1D_Z60,0.002022107131779194,0.0002536935789976269,0.5169491525423728,0.4830508474576271
A,2023,7,Log_Return_5D_Z60,0.0019548689015209675,0.0007248132023960352,0.5508474576271186,0.4491525423728814
A,2023,7,Volatility_14D_Z60,0.0008190696244128048,0.00043873777030967176,0.788135593220339,0.211864406779661
A,2023,7,Relative_Volume_20D_Z60,0.00082537712296471,0.00010702900181058794,0.635593220338983,0.3644067796610169
A,2023,7,RSI_14_Scaled,0.0016376901185140014,0.0005663008196279407,0.635593220338983,0.3644067796610169
A,2023,7,Price_to_SMA20_Z60,0.001541648292914033,0.0007523010135628283,0.5932203389830508,0.4067796610169492
A,2023,7,Intraday_Return_Z60,0.0017962052952498198,-0.0001615395158296451,0.4745762711864407,0.5254237288135594
A,2023,7,Daily_Range_Z60,0.000621993385720998,-0.00020078266970813274,0.3220338983050847,0.6779661016949152
A,2023,7,QQQ_Log_Return_1D,0.0020873674657195807,-0.000118844116514083,0.4830508474576271,0.5169491525423728
A,2023,7,QQQ_Log_Return_5D,0.0007746012997813523,-0.00013601149839814752,0.5254237288135594,0.4745762711864407
A,2023,7,QQQ_Volatility_14D,0.0013992523308843374,-0.0013359966687858105,0.059322033898305086,0.940677966101695
A,2023,8,Log_Return_1D_Z60,0.0021141485776752234,8.059525134740397e-05,0.5084745762711864,0.4915254237288136
A,2023,8,Log_Return_5D_Z60,0.0017400404904037714,0.0006619913619942963,0.5508474576271186,0.4491525423728814
A,2023,8,Volatility_14D_Z60,0.0007971022860147059,0.00044453772716224194,0.8050847457627118,0.19491525423728814
A,2023,8,Relative_Volume_20D_Z60,0.0008210539817810059,0.0002549123310018331,0.6864406779661016,0.3135593220338983
A,2023,8,RSI_14_Scaled,0.0016588971484452486,0.0005111665232107043,0.6186440677966102,0.3813559322033898
A,2023,8,Price_to_SMA20_Z60,0.001506004948168993,0.0006997978198342025,0.5932203389830508,0.4067796610169492
A,2023,8,Intraday_Return_Z60,0.0017966324230656028,-0.00030030892230570316,0.4915254237288136,0.5084745762711864
A,2023,8,Daily_Range_Z60,0.0008151276269927621,-0.00019199072266928852,0.3220338983050847,0.6779661016949152
A,2023,8,QQQ_Log_Return_1D,0.0020737433806061745,4.420065670274198e-05,0.5423728813559322,0.4576271186440678
A,2023,8,QQQ_Log_Return_5D,0.0007176681538112462,-0.00011620943405432627,0.576271186440678,0.423728813559322
A,2023,8,QQQ_Volatility_14D,0.001426521921530366,-0.0013532312586903572,0.07627118644067797,0.923728813559322
A,2023,9,Log_Return_1D_Z60,0.002673580078408122,0.00033219391480088234,0.5169491525423728,0.4830508474576271
A,2023,9,Log_Return_5D_Z60,0.0018214634619653225,0.0005625917692668736,0.5169491525423728,0.4830508474576271
A,2023,9,Volatility_14D_Z60,0.0007410823018290102,0.00046919897431507707,0.7796610169491526,0.22033898305084745
A,2023,9,Relative_Volume_20D_Z60,0.0010837758891284466,5.551654612645507e-05,0.6949152542372882,0.3050847457627119
A,2023,9,RSI_14_Scaled,0.0016223480924963951,0.0005308657418936491,0.5932203389830508,0.4067796610169492
A,2023,9,Price_to_SMA20_Z60,0.0016353161772713065,0.0007811433752067387,0.576271186440678,0.423728813559322
A,2023,9,Intraday_Return_Z60,0.0020674632396548986,5.0554888730403036e-05,0.4406779661016949,0.559322033898305
A,2023,9,Daily_Range_Z60,0.000992276007309556,8.750420238357037e-05,0.3644067796610169,0.635593220338983
A,2023,9,QQQ_Log_Return_1D,0.001988351112231612,5.798341226181947e-05,0.5169491525423728,0.4830508474576271
A,2023,9,QQQ_Log_Return_5D,0.000679577118717134,-0.0001359184825560078,0.5677966101694916,0.4322033898305085
A,2023,9,QQQ_Volatility_14D,0.0014125085435807705,-0.0013582187239080667,0.06779661016949153,0.9322033898305084
A,2023,10,Log_Return_1D_Z60,0.002419249154627323,8.559715206502005e-05,0.4491525423728814,0.5508474576271186
A,2023,10,Log_Return_5D_Z60,0.001662179478444159,0.00067954754922539,0.576271186440678,0.423728813559322
A,2023,10,Volatility_14D_Z60,0.0007168109877966344,0.0004153513291385025,0.7711864406779662,0.2288135593220339
A,2023,10,Relative_Volume_20D_Z60,0.0009579735342413187,0.00019204993441235274,0.7203389830508474,0.2796610169491525
A,2023,10,RSI_14_Scaled,0.0015782476402819157,0.0005317073664627969,0.5932203389830508,0.4067796610169492
A,2023,10,Price_to_SMA20_Z60,0.001552870962768793,0.0007509998395107687,0.5169491525423728,0.4830508474576271
A,2023,10,Intraday_Return_Z60,0.001972438534721732,0.00010475148883415386,0.5677966101694916,0.4322033898305085
A,2023,10,Daily_Range_Z60,0.0008210959495045245,-9.330973989563063e-05,0.3474576271186441,0.652542372881356
A,2023,10,QQQ_Log_Return_1D,0.001979697262868285,0.0001217961180373095,0.5084745762711864,0.4915254237288136
A,2023,10,QQQ_Log_Return_5D,0.0006545567885041237,-8.945113950176165e-05,0.4830508474576271,0.5169491525423728
A,2023,10,QQQ_Volatility_14D,0.0014286611694842577,-0.001401739427819848,0.059322033898305086,0.940677966101695
A,2023,11,Log_Return_1D_Z60,0.002311930526047945,-0.00043339014519006014,0.4152542372881356,0.5847457627118644
A,2023,11,Log_Return_5D_Z60,0.0017546594608575106,0.0003885723708663136,0.4830508474576271,0.5169491525423728
A,2023,11,Volatility_14D_Z60,0.000734546862076968,0.00045647178194485605,0.788135593220339,0.211864406779661
A,2023,11,Relative_Volume_20D_Z60,0.0007940879440866411,0.00012571888510137796,0.6694915254237288,0.3305084745762712
A,2023,11,RSI_14_Scaled,0.0015547830844298005,0.00041688280180096626,0.559322033898305,0.4406779661016949
A,2023,11,Price_to_SMA20_Z60,0.0015556798316538334,0.000563202309422195,0.4830508474576271,0.5169491525423728
A,2023,11,Intraday_Return_Z60,0.0020033668261021376,0.0005061859264969826,0.6271186440677966,0.3728813559322034
A,2023,11,Daily_Range_Z60,0.0008554159430786967,-0.00010627559822751209,0.3389830508474576,0.6610169491525424
A,2023,11,QQQ_Log_Return_1D,0.002050393493846059,0.00044594009523279965,0.6186440677966102,0.3813559322033898
A,2023,11,QQQ_Log_Return_5D,0.0006404178566299379,-1.5057111340865958e-05,0.5423728813559322,0.4576271186440678
A,2023,11,QQQ_Volatility_14D,0.001433290191926062,-0.0014206254854798317,0.03389830508474576,0.9661016949152542
A,2023,12,Log_Return_1D_Z60,0.0025426214560866356,3.7996509490767494e-05,0.5169491525423728,0.4830508474576271
A,2023,12,Log_Return_5D_Z60,0.001659790868870914,0.00035050223232246935,0.4830508474576271,0.5169491525423728
A,2023,12,Volatility_14D_Z60,0.0007477403269149363,0.0005078372196294367,0.7796610169491526,0.22033898305084745
A,2023,12,Relative_Volume_20D_Z60,0.0007802878390066326,0.0002515980741009116,0.6440677966101694,0.3559322033898305
A,2023,12,RSI_14_Scaled,0.0014662666944786906,0.00046376747195608914,0.576271186440678,0.423728813559322
A,2023,12,Price_to_SMA20_Z60,0.001477005542255938,0.0005360970972105861,0.4830508474576271,0.5169491525423728
A,2023,12,Intraday_Return_Z60,0.0021302378736436367,-0.00016198134107980877,0.5,0.5
A,2023,12,Daily_Range_Z60,0.0007806548965163529,5.186274847801542e-06,0.3898305084745763,0.6101694915254238
A,2023,12,QQQ_Log_Return_1D,0.0023664517793804407,-0.0005160170840099454,0.4661016949152542,0.5338983050847458
A,2023,12,QQQ_Log_Return_5D,0.0005993021768517792,-4.748910214402713e-05,0.5677966101694916,0.4322033898305085
A,2023,12,QQQ_Volatility_14D,0.0014060093089938164,-0.0013873925199732184,0.0423728813559322,0.9576271186440678
A,2023,13,Log_Return_1D_Z60,0.001930508646182716,0.00010218581155641004,0.5,0.5
A,2023,13,Log_Return_5D_Z60,0.0016241964185610414,0.00024186995869968086,0.4915254237288136,0.5084745762711864
A,2023,13,Volatility_14D_Z60,0.00077058095484972,0.0005530242924578488,0.7457627118644068,0.2542372881355932
A,2023,13,Relative_Volume_20D_Z60,0.0008437266224063933,0.00030616536969318986,0.6864406779661016,0.3135593220338983
A,2023,13,RSI_14_Scaled,0.0013805503258481622,0.0005024770507588983,0.5932203389830508,0.4067796610169492
A,2023,13,Price_to_SMA20_Z60,0.0014296466251835227,0.0005627198261208832,0.5084745762711864,0.4915254237288136
A,2023,13,Intraday_Return_Z60,0.0017267429502680898,-0.0001493998570367694,0.4745762711864407,0.5254237288135594
A,2023,13,Daily_Range_Z60,0.0008126479806378484,-0.0002167815837310627,0.2711864406779661,0.7288135593220338
A,2023,13,QQQ_Log_Return_1D,0.0019430100219324231,-0.00017315804143436253,0.4830508474576271,0.5169491525423728
A,2023,13,QQQ_Log_Return_5D,0.0005968380137346685,-9.000785939861089e-05,0.5338983050847458,0.4661016949152542
A,2023,13,QQQ_Volatility_14D,0.0014257357688620687,-0.0014082900015637279,0.05084745762711865,0.9491525423728814
A,2023,14,Log_Return_1D_Z60,0.0020537821110337973,0.00019115429313387722,0.5677966101694916,0.4322033898305085
A,2023,14,Log_Return_5D_Z60,0.0016421083128079772,0.00012519274605438113,0.5508474576271186,0.4491525423728814
A,2023,14,Volatility_14D_Z60,0.0007285103783942759,0.0005310088163241744,0.788135593220339,0.211864406779661
A,2023,14,Relative_Volume_20D_Z60,0.0006854148814454675,0.0004026264068670571,0.7627118644067796,0.23728813559322035
A,2023,14,RSI_14_Scaled,0.0012988094240427017,0.0005711289122700691,0.6101694915254238,0.3898305084745763
A,2023,14,Price_to_SMA20_Z60,0.0014007395366206765,0.0005882116965949535,0.5,0.5
A,2023,14,Intraday_Return_Z60,0.001828327658586204,-0.00011248094233451411,0.4661016949152542,0.5338983050847458
A,2023,14,Daily_Range_Z60,0.0006826060707680881,-0.00032541126711294055,0.2796610169491525,0.7203389830508474
A,2023,14,QQQ_Log_Return_1D,0.0020752535201609135,-0.0005516952369362116,0.423728813559322,0.576271186440678
A,2023,14,QQQ_Log_Return_5D,0.0005786895053461194,-0.00011817009362857789,0.4745762711864407,0.5254237288135594
A,2023,14,QQQ_Volatility_14D,0.0014331761049106717,-0.0014126021414995193,0.05084745762711865,0.9491525423728814
A,2023,15,Log_Return_1D_Z60,0.0021709916181862354,0.00021420742268674076,0.4830508474576271,0.5169491525423728
A,2023,15,Log_Return_5D_Z60,0.0015342442784458399,0.00012347371375653893,0.576271186440678,0.423728813559322
A,2023,15,Volatility_14D_Z60,0.0007702147704549134,0.0005867086001671851,0.7542372881355932,0.2457627118644068
A,2023,15,Relative_Volume_20D_Z60,0.0007726365001872182,0.0003767363086808473,0.711864406779661,0.288135593220339
A,2023,15,RSI_14_Scaled,0.001349810161627829,0.0006082947948016226,0.652542372881356,0.3474576271186441
A,2023,15,Price_to_SMA20_Z60,0.0014686492504552007,0.0006451997323893011,0.5508474576271186,0.4491525423728814
A,2023,15,Intraday_Return_Z60,0.0018364578718319535,-0.00013999550719745457,0.5084745762711864,0.4915254237288136
A,2023,15,Daily_Range_Z60,0.0008535980596207082,-0.0002967872133012861,0.2457627118644068,0.7542372881355932
A,2023,15,QQQ_Log_Return_1D,0.002056924859061837,-0.00026437616907060146,0.4576271186440678,0.5423728813559322
A,2023,15,QQQ_Log_Return_5D,0.0006164321093820035,-0.00015607460227329284,0.4406779661016949,0.559322033898305
A,2023,15,QQQ_Volatility_14D,0.0014618213754147291,-0.0014367977855727077,0.059322033898305086,0.940677966101695
A,2023,16,Log_Return_1D_Z60,0.002255745930597186,9.494001278653741e-05,0.4745762711864407,0.5254237288135594
A,2023,16,Log_Return_5D_Z60,0.0014707092195749283,0.0005001944955438375,0.5338983050847458,0.4661016949152542
A,2023,16,Volatility_14D_Z60,0.0008093648939393461,0.0005549623165279627,0.7288135593220338,0.2711864406779661
A,2023,16,Relative_Volume_20D_Z60,0.0009328375454060733,0.00011496659863041714,0.7288135593220338,0.2711864406779661
A,2023,16,RSI_14_Scaled,0.0013752130325883627,0.0006130646215751767,0.635593220338983,0.3644067796610169
A,2023,16,Price_to_SMA20_Z60,0.0014223777689039707,0.0006011585937812924,0.5423728813559322,0.4576271186440678
A,2023,16,Intraday_Return_Z60,0.0018210497219115496,-0.0002960787096526474,0.4745762711864407,0.5254237288135594
A,2023,16,Daily_Range_Z60,0.0007825808133929968,-0.00012728363799396902,0.3389830508474576,0.6610169491525424
A,2023,16,QQQ_Log_Return_1D,0.002012202749028802,-0.00036061741411685944,0.4915254237288136,0.5084745762711864
A,2023,16,QQQ_Log_Return_5D,0.00067954882979393,-0.00032024228130467236,0.4067796610169492,0.5932203389830508
A,2023,16,QQQ_Volatility_14D,0.0014749770052731037,-0.001453873934224248,0.059322033898305086,0.940677966101695
A,2023,17,Log_Return_1D_Z60,0.0021775937639176846,0.0009229352581314743,0.5932203389830508,0.4067796610169492
A,2023,17,Log_Return_5D_Z60,0.0015221607172861695,0.0007133869803510606,0.5423728813559322,0.4576271186440678
A,2023,17,Volatility_14D_Z60,0.0008518651011399925,0.0006346345762722194,0.7796610169491526,0.22033898305084745
A,2023,17,Relative_Volume_20D_Z60,0.0010464106453582644,0.00024006176681723446,0.7372881355932204,0.2627118644067797
A,2023,17,RSI_14_Scaled,0.0014200734440237284,0.0007923744851723313,0.6694915254237288,0.3305084745762712
A,2023,17,Price_to_SMA20_Z60,0.0014819359639659524,0.0008019849774427712,0.5508474576271186,0.4491525423728814
A,2023,17,Intraday_Return_Z60,0.0020137857645750046,-0.0005259824101813138,0.4406779661016949,0.559322033898305
A,2023,17,Daily_Range_Z60,0.0008983821608126163,-9.809809853322804e-05,0.3644067796610169,0.635593220338983
A,2023,17,QQQ_Log_Return_1D,0.0019748657941818237,-0.0006606526440009475,0.4491525423728814,0.5508474576271186
A,2023,17,QQQ_Log_Return_5D,0.0007294181268662214,-0.0003275175404269248,0.423728813559322,0.576271186440678
A,2023,17,QQQ_Volatility_14D,0.0015009447233751416,-0.001474469667300582,0.059322033898305086,0.940677966101695
A,2023,18,Log_Return_1D_Z60,0.0024605835787951946,0.0006915443809702992,0.5254237288135594,0.4745762711864407
A,2023,18,Log_Return_5D_Z60,0.001772219897247851,0.0010049509583041072,0.5508474576271186,0.4491525423728814
A,2023,18,Volatility_14D_Z60,0.0008876169449649751,0.0006183961522765458,0.7627118644067796,0.23728813559322035
A,2023,18,Relative_Volume_20D_Z60,0.0010032206773757935,4.745639307657257e-05,0.6694915254237288,0.3305084745762712
A,2023,18,RSI_14_Scaled,0.0015233432641252875,0.000878131075296551,0.6694915254237288,0.3305084745762712
A,2023,18,Price_to_SMA20_Z60,0.00157309346832335,0.0008692820556461811,0.5677966101694916,0.4322033898305085
A,2023,18,Intraday_Return_Z60,0.0020930643659085035,-0.0005564286839216948,0.4576271186440678,0.5423728813559322
A,2023,18,Daily_Range_Z60,0.0009549662936478853,-9.738319022289943e-06,0.3135593220338983,0.6864406779661016
A,2023,18,QQQ_Log_Return_1D,0.0016866446239873767,-0.0004764028999488801,0.423728813559322,0.576271186440678
A,2023,18,QQQ_Log_Return_5D,0.00071331876097247,-0.00030288685229606926,0.4067796610169492,0.5932203389830508
A,2023,18,QQQ_Volatility_14D,0.0015201745554804802,-0.0015009434428066015,0.059322033898305086,0.940677966101695
A,2023,19,Log_Return_1D_Z60,0.0020364965312182903,-0.00023322258493863046,0.4745762711864407,0.5254237288135594
A,2023,19,Log_Return_5D_Z60,0.0018245524261146784,0.0008794834720902145,0.6186440677966102,0.3813559322033898
A,2023,19,Volatility_14D_Z60,0.0009003802551887929,0.000570479896850884,0.7372881355932204,0.2627118644067797
A,2023,19,Relative_Volume_20D_Z60,0.0008574480889365077,0.00022257465752772987,0.6694915254237288,0.3305084745762712
A,2023,19,RSI_14_Scaled,0.0014666093047708273,0.0008713260758668184,0.6694915254237288,0.3305084745762712
A,2023,19,Price_to_SMA20_Z60,0.001430800766684115,0.0007236890960484743,0.5847457627118644,0.4152542372881356
A,2023,19,Intraday_Return_Z60,0.0018059879075735807,8.687263471074402e-05,0.4661016949152542,0.5338983050847458
A,2023,19,Daily_Range_Z60,0.0007749899523332715,-0.0002748112892732024,0.2966101694915254,0.7033898305084746
A,2023,19,QQQ_Log_Return_1D,0.0018578660674393177,0.00016649569442961365,0.5254237288135594,0.4745762711864407
A,2023,19,QQQ_Log_Return_5D,0.0007053022272884846,-0.00018735445337370038,0.3813559322033898,0.6186440677966102
A,2023,19,QQQ_Volatility_14D,0.0015583497006446123,-0.0015267098788172007,0.059322033898305086,0.940677966101695
A,2023,20,Log_Return_1D_Z60,0.002011393429711461,-9.180995402857661e-05,0.4322033898305085,0.5677966101694916
A,2023,20,Log_Return_5D_Z60,0.0018600600305944681,0.0007944864337332547,0.5677966101694916,0.4322033898305085
A,2023,20,Volatility_14D_Z60,0.0008977010729722679,0.0006276447675190866,0.7711864406779662,0.2288135593220339
A,2023,20,Relative_Volume_20D_Z60,0.0009253268945030868,0.00013631315960083157,0.6694915254237288,0.3305084745762712
A,2023,20,RSI_14_Scaled,0.0014158471021801233,0.0008097788086161017,0.652542372881356,0.3474576271186441
A,2023,20,Price_to_SMA20_Z60,0.001325206714682281,0.000642826606053859,0.5847457627118644,0.4152542372881356
A,2023,20,Intraday_Return_Z60,0.0018458603881299496,1.6999183571897447e-05,0.5508474576271186,0.4491525423728814
A,2023,20,Daily_Range_Z60,0.0007295298855751753,-0.0001836759183788672,0.3135593220338983,0.6864406779661016
A,2023,20,QQQ_Log_Return_1D,0.0020078278612345457,0.00017602992011234164,0.5254237288135594,0.4745762711864407
A,2023,20,QQQ_Log_Return_5D,0.000674937036819756,-0.00013174272316973656,0.3898305084745763,0.6101694915254238
A,2023,20,QQQ_Volatility_14D,0.0015820596599951386,-0.0015555729623883963,0.059322033898305086,0.940677966101695
A,2023,21,Log_Return_1D_Z60,0.0025638125371187925,0.00016646164294797927,0.4661016949152542,0.5338983050847458
A,2023,21,Log_Return_5D_Z60,0.0016695732483640313,0.0007532590534538031,0.559322033898305,0.4406779661016949
A,2023,21,Volatility_14D_Z60,0.0008721149060875177,0.0005962483701296151,0.7457627118644068,0.2542372881355932
A,2023,21,Relative_Volume_20D_Z60,0.0010611525503918529,-0.0001288604107685387,0.6440677966101694,0.3559322033898305
A,2023,21,RSI_14_Scaled,0.0015020744176581502,0.0008418564684689045,0.6271186440677966,0.3728813559322034
A,2023,21,Price_to_SMA20_Z60,0.0014575963141396642,0.0006593844154849648,0.5254237288135594,0.4745762711864407
A,2023,21,Intraday_Return_Z60,0.0017781342612579465,0.00019793132378254086,0.5508474576271186,0.4491525423728814
A,2023,21,Daily_Range_Z60,0.0008396183256991208,-0.00019642311963252723,0.3220338983050847,0.6779661016949152
A,2023,21,QQQ_Log_Return_1D,0.002032465534284711,0.0001882873330032453,0.5847457627118644,0.4152542372881356
A,2023,21,QQQ_Log_Return_5D,0.0006024631438776851,-0.00010927031689789146,0.4322033898305085,0.5677966101694916
A,2023,21,QQQ_Volatility_14D,0.0015834277728572488,-0.0015528720105066895,0.05084745762711865,0.9491525423728814
A,2023,22,Log_Return_1D_Z60,0.002159569412469864,0.0005423142574727535,0.5254237288135594,0.4745762711864407
A,2023,22,Log_Return_5D_Z60,0.0015636730240657926,0.0006497454596683383,0.5338983050847458,0.4661016949152542
A,2023,22,Volatility_14D_Z60,0.0009008005727082491,0.0005976787651889026,0.7542372881355932,0.2457627118644068
A,2023,22,Relative_Volume_20D_Z60,0.0010238182730972767,-1.5434668512170902e-06,0.6440677966101694,0.3559322033898305
A,2023,22,RSI_14_Scaled,0.0015073437243700027,0.0009346137521788478,0.6779661016949152,0.3220338983050847
A,2023,22,Price_to_SMA20_Z60,0.0013763814931735396,0.0006986045627854764,0.5677966101694916,0.4322033898305085
A,2023,22,Intraday_Return_Z60,0.0020659146830439568,-0.00037645167321898043,0.4152542372881356,0.5847457627118644
A,2023,22,Daily_Range_Z60,0.0007192951161414385,-0.000166201003594324,0.3474576271186441,0.652542372881356
A,2023,22,QQQ_Log_Return_1D,0.0020360511261969805,-0.0004682691360358149,0.4491525423728814,0.5508474576271186
A,2023,22,QQQ_Log_Return_5D,0.0006268690340220928,-2.953836701635737e-05,0.423728813559322,0.576271186440678
A,2023,22,QQQ_Volatility_14D,0.0015886541223153472,-0.0015624596271663904,0.05084745762711865,0.9491525423728814
A,2023,23,Log_Return_1D_Z60,0.002159133553504944,-0.00014984612062107772,0.4152542372881356,0.5847457627118644
A,2023,23,Log_Return_5D_Z60,0.0015743683325126767,0.00024145565112121403,0.4406779661016949,0.559322033898305
A,2023,23,Volatility_14D_Z60,0.0008783426601439714,0.0005147868068888783,0.7542372881355932,0.2457627118644068
A,2023,23,Relative_Volume_20D_Z60,0.0009808981558308005,0.00022379214351531118,0.7372881355932204,0.2627118644067797
A,2023,23,RSI_14_Scaled,0.0014171997318044305,0.0008851463790051639,0.7033898305084746,0.2966101694915254
A,2023,23,Price_to_SMA20_Z60,0.0013192531187087297,0.0006339532556012273,0.5254237288135594,0.4745762711864407
A,2023,23,Intraday_Return_Z60,0.0019016785081475973,0.00012981063628103584,0.5508474576271186,0.4491525423728814
A,2023,23,Daily_Range_Z60,0.0009561564074829221,4.974588136974489e-06,0.2966101694915254,0.7033898305084746
A,2023,23,QQQ_Log_Return_1D,0.0017753695137798786,-0.0001593788038007915,0.5084745762711864,0.4915254237288136
A,2023,23,QQQ_Log_Return_5D,0.000690279935952276,-6.061786552891135e-05,0.4406779661016949,0.559322033898305
A,2023,23,QQQ_Volatility_14D,0.0016080407658591866,-0.0015865714522078633,0.0423728813559322,0.9576271186440678
A,2023,24,Log_Return_1D_Z60,0.002005514921620488,2.89518811769085e-05,0.423728813559322,0.576271186440678
A,2023,24,Log_Return_5D_Z60,0.0015596408629789948,0.00037236075149849057,0.4830508474576271,0.5169491525423728
A,2023,24,Volatility_14D_Z60,0.0009238400380127132,0.0005873897462151945,0.7457627118644068,0.2542372881355932
A,2023,24,Relative_Volume_20D_Z60,0.0007906947867013514,0.00025171402376145124,0.6440677966101694,0.3559322033898305
A,2023,24,RSI_14_Scaled,0.0013852777192369103,0.0008595114341005683,0.7033898305084746,0.2966101694915254
A,2023,24,Price_to_SMA20_Z60,0.0013151795137673616,0.0005622277967631817,0.5338983050847458,0.4661016949152542
A,2023,24,Intraday_Return_Z60,0.0018591993721202016,-4.368619556771591e-05,0.5084745762711864,0.4915254237288136
A,2023,24,Daily_Range_Z60,0.0009418005356565118,-0.00018685759278014302,0.3135593220338983,0.6864406779661016
A,2023,24,QQQ_Log_Return_1D,0.0019464869983494282,-1.8389986507827416e-05,0.5254237288135594,0.4745762711864407
A,2023,24,QQQ_Log_Return_5D,0.000656386895570904,-9.919668082147837e-05,0.4491525423728814,0.5508474576271186
A,2023,24,QQQ_Volatility_14D,0.001602766802534461,-0.0015884179156273603,0.05084745762711865,0.9491525423728814
A,2023,25,Log_Return_1D_Z60,0.0023503301199525595,0.00021581111650448292,0.5423728813559322,0.4576271186440678
A,2023,25,Log_Return_5D_Z60,0.001633987994864583,0.0003921536263078451,0.5,0.5
A,2023,25,Volatility_14D_Z60,0.0008876974461600184,0.0006116573931649327,0.711864406779661,0.288135593220339
A,2023,25,Relative_Volume_20D_Z60,0.0007870179833844304,0.00021952141833025962,0.6186440677966102,0.3813559322033898
A,2023,25,RSI_14_Scaled,0.0014343908987939358,0.0008839244837872684,0.635593220338983,0.3644067796610169
A,2023,25,Price_to_SMA20_Z60,0.0013525646645575762,0.000581106636673212,0.5254237288135594,0.4745762711864407
A,2023,25,Intraday_Return_Z60,0.002142005367204547,0.0003166130918543786,0.5338983050847458,0.4661016949152542
A,2023,25,Daily_Range_Z60,0.0009826956083998084,0.00010584411938907579,0.3135593220338983,0.6864406779661016
A,2023,25,QQQ_Log_Return_1D,0.0020899740047752857,-8.617557614343241e-05,0.4745762711864407,0.5254237288135594
A,2023,25,QQQ_Log_Return_5D,0.0007020903867669404,-0.00014166714390739799,0.4830508474576271,0.5169491525423728
A,2023,25,QQQ_Volatility_14D,0.0016491831047460437,-0.0016201436519622803,0.05084745762711865,0.9491525423728814
A,2023,26,Log_Return_1D_Z60,0.0025160228833556175,0.0005259460886009037,0.5677966101694916,0.4322033898305085
A,2023,26,Log_Return_5D_Z60,0.0016520938370376825,0.0004230771737638861,0.5254237288135594,0.4745762711864407
A,2023,26,Volatility_14D_Z60,0.0008646189817227423,0.0005664873169735074,0.7203389830508474,0.2796610169491525
A,2023,26,Relative_Volume_20D_Z60,0.0009127293596975505,-1.0638545063557103e-05,0.5677966101694916,0.4322033898305085
A,2023,26,RSI_14_Scaled,0.0015080731827765703,0.0009751043980941176,0.6949152542372882,0.3050847457627119
A,2023,26,Price_to_SMA20_Z60,0.0013838885352015495,0.0006641073850914836,0.5677966101694916,0.4322033898305085
A,2023,26,Intraday_Return_Z60,0.0020400413777679205,-1.6514541130163707e-05,0.5084745762711864,0.4915254237288136
A,2023,26,Daily_Range_Z60,0.0008659590384922922,0.0001478754129493609,0.3983050847457627,0.6016949152542372
A,2023,26,QQQ_Log_Return_1D,0.0019835983403027058,-0.0001261591532966122,0.4745762711864407,0.5254237288135594
A,2023,26,QQQ_Log_Return_5D,0.0007210471085272729,-0.0001529263681732118,0.4830508474576271,0.5169491525423728
A,2023,26,QQQ_Volatility_14D,0.001674632541835308,-0.00165368162561208,0.05084745762711865,0.9491525423728814
A,2023,27,Log_Return_1D_Z60,0.002690673340111971,0.0003073233528994024,0.5,0.5
A,2023,27,Log_Return_5D_Z60,0.0017776256427168846,0.0003844978054985404,0.4915254237288136,0.5084745762711864
A,2023,27,Volatility_14D_Z60,0.000869153649546206,0.0005506887682713568,0.7457627118644068,0.2542372881355932
A,2023,27,Relative_Volume_20D_Z60,0.0008603966562077403,-7.467249088222161e-05,0.5423728813559322,0.4576271186440678
A,2023,27,RSI_14_Scaled,0.0015065650222823024,0.0009769968455657363,0.7288135593220338,0.2711864406779661
A,2023,27,Price_to_SMA20_Z60,0.0014090253971517086,0.0006520571187138557,0.5423728813559322,0.4576271186440678
A,2023,27,Intraday_Return_Z60,0.002141849370673299,-0.00033910502679646015,0.423728813559322,0.576271186440678
A,2023,27,Daily_Range_Z60,0.0010151428868994117,0.0001381846668664366,0.3474576271186441,0.652542372881356
A,2023,27,QQQ_Log_Return_1D,0.0021153718698769808,-6.33045710856095e-05,0.4745762711864407,0.5254237288135594
A,2023,27,QQQ_Log_Return_5D,0.0006281380774453282,-0.0001637506065890193,0.4322033898305085,0.5677966101694916
A,2023,27,QQQ_Volatility_14D,0.0016557082999497652,-0.0016311625950038433,0.05084745762711865,0.9491525423728814
A,2023,28,Log_Return_1D_Z60,0.002438818570226431,-0.0003022001183126122,0.4322033898305085,0.5677966101694916
A,2023,28,Log_Return_5D_Z60,0.0018937942804768682,0.00038895607576705515,0.5423728813559322,0.4576271186440678
A,2023,28,Volatility_14D_Z60,0.000900049926713109,0.0005568615160882473,0.7457627118644068,0.2542372881355932
A,2023,28,Relative_Volume_20D_Z60,0.0009685643599368632,-8.054830686887726e-05,0.559322033898305,0.4406779661016949
A,2023,28,RSI_14_Scaled,0.0013948670821264386,0.0008799789356999099,0.6949152542372882,0.3050847457627119
A,2023,28,Price_to_SMA20_Z60,0.001413088059052825,0.000498502398841083,0.5254237288135594,0.4745762711864407
A,2023,28,Intraday_Return_Z60,0.0021333543118089437,0.0003071760293096304,0.5423728813559322,0.4576271186440678
A,2023,28,Daily_Range_Z60,0.000982984434813261,0.00016047102690208703,0.423728813559322,0.576271186440678
A,2023,28,QQQ_Log_Return_1D,0.0019283137517049909,3.9752747397869825e-05,0.4745762711864407,0.5254237288135594
A,2023,28,QQQ_Log_Return_5D,0.0006161659257486463,-0.00011741664638975635,0.423728813559322,0.576271186440678
A,2023,28,QQQ_Volatility_14D,0.0016745772445574403,-0.0016493912553414702,0.05084745762711865,0.9491525423728814
A,2023,29,Log_Return_1D_Z60,0.0024422318674623966,-0.0004951746086589992,0.5,0.5
A,2023,29,Log_Return_5D_Z60,0.001963687827810645,8.910786709748209e-05,0.5169491525423728,0.4830508474576271
A,2023,29,Volatility_14D_Z60,0.0009488721843808889,0.0005056055961176753,0.7203389830508474,0.2796610169491525
A,2023,29,Relative_Volume_20D_Z60,0.0009171043056994677,-0.00016203064296860248,0.5677966101694916,0.4322033898305085
A,2023,29,RSI_14_Scaled,0.0012672314187511802,0.0007609901367686689,0.6610169491525424,0.3389830508474576
A,2023,29,Price_to_SMA20_Z60,0.0014371199067682028,0.0003495675337035209,0.5338983050847458,0.4661016949152542
A,2023,29,Intraday_Return_Z60,0.0020888731814920902,0.00042316553299315274,0.5508474576271186,0.4491525423728814
A,2023,29,Daily_Range_Z60,0.0008943435386754572,6.52655799058266e-05,0.4067796610169492,0.5932203389830508
A,2023,29,QQQ_Log_Return_1D,0.002077902667224407,0.0002936560777015984,0.5508474576271186,0.4491525423728814
A,2023,29,QQQ_Log_Return_5D,0.0006370373885147274,-0.00014295379514805973,0.4491525423728814,0.5508474576271186
A,2023,29,QQQ_Volatility_14D,0.0016436466248705983,-0.0016248408937826753,0.0423728813559322,0.9576271186440678
A,2023,30,Log_Return_1D_Z60,0.002604732057079673,0.00019900059851352125,0.5254237288135594,0.4745762711864407
A,2023,30,Log_Return_5D_Z60,0.001958806300535798,0.00010538102651480585,0.5338983050847458,0.4661016949152542
A,2023,30,Volatility_14D_Z60,0.000852129131089896,0.0004405256768222898,0.7033898305084746,0.2966101694915254
A,2023,30,Relative_Volume_20D_Z60,0.001917886664159596,-0.0013213882921263576,0.3728813559322034,0.6271186440677966
A,2023,30,RSI_14_Scaled,0.0013725032331421971,0.0007865925435908139,0.635593220338983,0.3644067796610169
A,2023,30,Price_to_SMA20_Z60,0.0016310394275933504,0.00039922233554534614,0.5169491525423728,0.4830508474576271
A,2023,30,Intraday_Return_Z60,0.0019051360432058573,-0.00012956029968336225,0.4830508474576271,0.5169491525423728
A,2023,30,Daily_Range_Z60,0.0007504886598326266,-0.00017160031711682677,0.3474576271186441,0.652542372881356
A,2023,30,QQQ_Log_Return_1D,0.0022008572705090046,-0.00019848663941957057,0.4745762711864407,0.5254237288135594
A,2023,30,QQQ_Log_Return_5D,0.0007200243417173624,-0.00022302761499304324,0.4745762711864407,0.5254237288135594
A,2023,30,QQQ_Volatility_14D,0.001617230474948883,-0.001602989505045116,0.0423728813559322,0.9576271186440678
B,2023,1,Log_Return_1D_Z60,0.0033476250246167183,0.0005269800894893706,0.5338983050847458,0.4661016949152542
B,2023,1,Log_Return_5D_Z60,0.002003854839131236,-0.00014661331078968942,0.4830508474576271,0.5169491525423728
B,2023,1,Volatility_14D_Z60,0.003393293358385563,-0.0008615559199824929,0.4491525423728814,0.5508474576271186
B,2023,1,Relative_Volume_20D_Z60,0.0011475218925625086,-2.4970633603516035e-05,0.5677966101694916,0.4322033898305085
B,2023,1,RSI_14_Scaled,0.005789873655885458,0.0026802264619618654,0.6101694915254238,0.3898305084745763
B,2023,1,Price_to_SMA20_Z60,0.0008356923353858292,0.00012430932838469744,0.5508474576271186,0.4491525423728814
B,2023,1,Intraday_Return_Z60,0.0007926193648017943,-0.00011806256952695549,0.4915254237288136,0.5084745762711864
B,2023,1,Daily_Range_Z60,0.0012785769067704678,0.00040115040610544384,0.6779661016949152,0.3220338983050847
B,2023,1,QQQ_Log_Return_1D,0.0013238770188763738,0.0005804998218081892,0.6271186440677966,0.3728813559322034
B,2023,1,QQQ_Log_Return_5D,0.0024485448375344276,0.0002241815673187375,0.5508474576271186,0.4491525423728814
B,2023,1,QQQ_Volatility_14D,0.00171187543310225,0.0014233068795874715,0.7796610169491526,0.22033898305084745
B,2023,2,Log_Return_1D_Z60,0.002716164104640484,-0.0001354637643089518,0.4491525423728814,0.5508474576271186
B,2023,2,Log_Return_5D_Z60,0.0019535364117473364,-0.0003334794891998172,0.4830508474576271,0.5169491525423728
B,2023,2,Volatility_14D_Z60,0.003273642621934414,-0.0007575504714623094,0.4152542372881356,0.5847457627118644
B,2023,2,Relative_Volume_20D_Z60,0.0008519446710124612,0.00013990176375955343,0.5254237288135594,0.4745762711864407
B,2023,2,RSI_14_Scaled,0.00591836404055357,0.003238172037526965,0.652542372881356,0.3474576271186441
B,2023,2,Price_to_SMA20_Z60,0.0008780104108154774,0.0001779319572960958,0.5423728813559322,0.4576271186440678
B,2023,2,Intraday_Return_Z60,0.0007100453367456794,-2.648145346029196e-05,0.4322033898305085,0.5677966101694916
B,2023,2,Daily_Range_Z60,0.001313373097218573,0.00038729197694920003,0.6949152542372882,0.3050847457627119
B,2023,2,QQQ_Log_Return_1D,0.0011935572838410735,-0.00010848415695363656,0.4830508474576271,0.5169491525423728
B,2023,2,QQQ_Log_Return_5D,0.0025211283937096596,0.0005112607614137232,0.5508474576271186,0.4491525423728814
B,2023,2,QQQ_Volatility_14D,0.0017214552499353886,0.0014483603881672025,0.788135593220339,0.211864406779661
B,2023,3,Log_Return_1D_Z60,0.0033652312122285366,-5.6838165619410574e-05,0.4152542372881356,0.5847457627118644
B,2023,3,Log_Return_5D_Z60,0.0019277947722002864,-0.0004924722015857697,0.4830508474576271,0.5169491525423728
B,2023,3,Volatility_14D_Z60,0.0032022574450820684,-0.0004996524658054113,0.3813559322033898,0.6186440677966102
B,2023,3,Relative_Volume_20D_Z60,0.0010102640371769667,9.777449304237962e-05,0.576271186440678,0.423728813559322
B,2023,3,RSI_14_Scaled,0.0060110194608569145,0.0036468280013650656,0.6949152542372882,0.3050847457627119
B,2023,3,Price_to_SMA20_Z60,0.0008856698404997587,0.00015757043729536235,0.5677966101694916,0.4322033898305085
B,2023,3,Intraday_Return_Z60,0.0009405190940015018,-0.00030707073165103793,0.3813559322033898,0.6186440677966102
B,2023,3,Daily_Range_Z60,0.00121326744556427,0.00018640546477399766,0.6016949152542372,0.3983050847457627
B,2023,3,QQQ_Log_Return_1D,0.0013900462072342634,0.00024307990679517388,0.5,0.5
B,2023,3,QQQ_Log_Return_5D,0.0025398889556527138,0.0007495053578168154,0.559322033898305,0.4406779661016949
B,2023,3,QQQ_Volatility_14D,0.0017277032602578402,0.001452564843930304,0.7627118644067796,0.23728813559322035
B,2023,4,Log_Return_1D_Z60,0.003144345246255398,-0.00021312825265340507,0.4830508474576271,0.5169491525423728
B,2023,4,Log_Return_5D_Z60,0.0019130526343360543,-0.0005108625628054142,0.3898305084745763,0.6101694915254238
B,2023,4,Volatility_14D_Z60,0.0032735562417656183,-0.0003718291409313679,0.3813559322033898,0.6186440677966102
B,2023,4,Relative_Volume_20D_Z60,0.0010095195611938834,0.00043875162373296916,0.6271186440677966,0.3728813559322034
B,2023,4,RSI_14_Scaled,0.005706148687750101,0.004019938874989748,0.7033898305084746,0.2966101694915254
B,2023,4,Price_to_SMA20_Z60,0.0008442449034191668,0.00016293009684886783,0.576271186440678,0.423728813559322
B,2023,4,Intraday_Return_Z60,0.0008838056237436831,8.773472654866055e-05,0.4830508474576271,0.5169491525423728
B,2023,4,Daily_Range_Z60,0.0012562723131850362,0.0002479113463778049,0.6694915254237288,0.3305084745762712
B,2023,4,QQQ_Log_Return_1D,0.0014232686953619123,0.0004355941491667181,0.5084745762711864,0.4915254237288136
B,2023,4,QQQ_Log_Return_5D,0.0024520831648260355,0.0009784882422536612,0.6016949152542372,0.3983050847457627
B,2023,4,QQQ_Volatility_14D,0.0016976712504401803,0.0014291323022916913,0.7796610169491526,0.22033898305084745
B,2023,5,Log_Return_1D_Z60,0.0032218140549957752,0.0005547133623622358,0.5338983050847458,0.4661016949152542
B,2023,5,Log_Return_5D_Z60,0.0017557815881446004,-0.0005504788132384419,0.3983050847457627,0.6016949152542372
B,2023,5,Volatility_14D_Z60,0.0030978883150964975,-0.0003709649317897856,0.3559322033898305,0.6440677966101694
B,2023,5,Relative_Volume_20D_Z60,0.0009481734596192837,0.00013870091061107814,0.5847457627118644,0.4152542372881356
B,2023,5,RSI_14_Scaled,0.005805397871881723,0.0040282681584358215,0.7033898305084746,0.2966101694915254
B,2023,5,Price_to_SMA20_Z60,0.0008213057881221175,0.00011667735816445202,0.5338983050847458,0.4661016949152542
B,2023,5,Intraday_Return_Z60,0.0008594309911131859,-5.365190372685902e-05,0.4661016949152542,0.5338983050847458
B,2023,5,Daily_Range_Z60,0.0012237378396093845,0.000252439989708364,0.6610169491525424,0.3389830508474576
B,2023,5,QQQ_Log_Return_1D,0.001476133125834167,0.00014913256745785475,0.4322033898305085,0.5677966101694916
B,2023,5,QQQ_Log_Return_5D,0.0024513909593224525,0.001201894716359675,0.6271186440677966,0.3728813559322034
B,2023,5,QQQ_Volatility_14D,0.0017217685235664248,0.0014478988014161587,0.788135593220339,0.211864406779661
B,2023,6,Log_Return_1D_Z60,0.0031741235870867968,-0.00010006619413616136,0.5169491525423728,0.4830508474576271
B,2023,6,Log_Return_5D_Z60,0.001991633791476488,-0.0006033956888131797,0.4406779661016949,0.559322033898305
B,2023,6,Volatility_14D_Z60,0.0030867464374750853,-0.00037324771983549,0.4067796610169492,0.5932203389830508
B,2023,6,Relative_Volume_20D_Z60,0.0009370367042720318,0.0002787888515740633,0.6186440677966102,0.3813559322033898
B,2023,6,RSI_14_Scaled,0.006200822070240974,0.004319333471357822,0.7288135593220338,0.2711864406779661
B,2023,6,Price_to_SMA20_Z60,0.0008439597440883517,0.0001433674624422565,0.576271186440678,0.423728813559322
B,2023,6,Intraday_Return_Z60,0.0008860305533744395,-8.707631059223786e-05,0.4322033898305085,0.5677966101694916
B,2023,6,Daily_Range_Z60,0.0011802014196291566,0.00031005957862362266,0.6864406779661016,0.3135593220338983
B,2023,6,QQQ_Log_Return_1D,0.0012643631780520082,0.00032298057340085506,0.4491525423728814,0.5508474576271186
B,2023,6,QQQ_Log_Return_5D,0.002613649470731616,0.001344096614047885,0.6864406779661016,0.3135593220338983
B,2023,6,QQQ_Volatility_14D,0.0016987399430945516,0.0014001165982335806,0.7711864406779662,0.2288135593220339
B,2023,7,Log_Return_1D_Z60,0.0027473741210997105,-0.00017650712106842548,0.4915254237288136,0.5084745762711864
B,2023,7,Log_Return_5D_Z60,0.0018780441023409367,-0.0004734312533400953,0.4322033898305085,0.5677966101694916
B,2023,7,Volatility_14D_Z60,0.002954798052087426,-0.00044734947732649744,0.423728813559322,0.576271186440678
B,2023,7,Relative_Volume_20D_Z60,0.0008309608092531562,0.00010425798245705664,0.5677966101694916,0.4322033898305085
B,2023,7,RSI_14_Scaled,0.006207314785569906,0.00435676472261548,0.7542372881355932,0.2457627118644068
B,2023,7,Price_to_SMA20_Z60,0.0008170196670107543,0.00014584220480173826,0.5932203389830508,0.4067796610169492
B,2023,7,Intraday_Return_Z60,0.0008184352773241699,2.0924229829688556e-05,0.4661016949152542,0.5338983050847458
B,2023,7,Daily_Range_Z60,0.0011195546248927712,0.0004242116410750896,0.7288135593220338,0.2711864406779661
B,2023,7,QQQ_Log_Return_1D,0.001322442083619535,0.0003429656208027154,0.5084745762711864,0.4915254237288136
B,2023,7,QQQ_Log_Return_5D,0.0025812010280787945,0.0014133915537968278,0.7033898305084746,0.2966101694915254
B,2023,7,QQQ_Volatility_14D,0.0016807110514491796,0.0013804709305986762,0.7542372881355932,0.2457627118644068
B,2023,8,Log_Return_1D_Z60,0.003101412206888199,0.0005374993197619915,0.5169491525423728,0.4830508474576271
B,2023,8,Log_Return_5D_Z60,0.001719959662295878,-0.0003197187907062471,0.4661016949152542,0.5338983050847458
B,2023,8,Volatility_14D_Z60,0.0028876299038529396,-0.0004708149062935263,0.3983050847457627,0.6016949152542372
B,2023,8,Relative_Volume_20D_Z60,0.0007623612182214856,0.00028418449801392853,0.635593220338983,0.3644067796610169
B,2023,8,RSI_14_Scaled,0.006271398160606623,0.004589795134961605,0.7542372881355932,0.2457627118644068
B,2023,8,Price_to_SMA20_Z60,0.00077486177906394,0.0001228600594913587,0.5932203389830508,0.4067796610169492
B,2023,8,Intraday_Return_Z60,0.0007980923401191831,-4.581045504892245e-05,0.4915254237288136,0.5084745762711864
B,2023,8,Daily_Range_Z60,0.0012850776547566056,0.0005390335572883487,0.711864406779661,0.288135593220339
B,2023,8,QQQ_Log_Return_1D,0.0015237225452437997,0.0003307552251499146,0.5508474576271186,0.4491525423728814
B,2023,8,QQQ_Log_Return_5D,0.002509407000616193,0.00130643998272717,0.6186440677966102,0.3813559322033898
B,2023,8,QQQ_Volatility_14D,0.0017156957183033228,0.0013996302150189877,0.7372881355932204,0.2627118644067797
B,2023,9,Log_Return_1D_Z60,0.0031188891734927893,-6.452352681662887e-05,0.4745762711864407,0.5254237288135594
B,2023,9,Log_Return_5D_Z60,0.0018434460507705808,-0.0002376344782533124,0.5169491525423728,0.4830508474576271
B,2023,9,Volatility_14D_Z60,0.002817214000970125,-0.00036067815381102264,0.4152542372881356,0.5847457627118644
B,2023,9,Relative_Volume_20D_Z60,0.0008588424534536898,0.00017470338207203895,0.6016949152542372,0.3983050847457627
B,2023,9,RSI_14_Scaled,0.006054758559912443,0.004405307583510876,0.7288135593220338,0.2711864406779661
B,2023,9,Price_to_SMA20_Z60,0.0008593420498073101,0.00015377117961179465,0.576271186440678,0.423728813559322
B,2023,9,Intraday_Return_Z60,0.0008796316687949002,8.71470183483325e-05,0.5423728813559322,0.4576271186440678
B,2023,9,Daily_Range_Z60,0.0014526800950989127,0.00024720007786527276,0.6610169491525424,0.3389830508474576
B,2023,9,QQQ_Log_Return_1D,0.0013415605062618852,-4.173750858171843e-05,0.4745762711864407,0.5254237288135594
B,2023,9,QQQ_Log_Return_5D,0.0024833071511238813,0.0012687335256487131,0.6101694915254238,0.3898305084745763
B,2023,9,QQQ_Volatility_14D,0.0016950004501268268,0.001374896033667028,0.7288135593220338,0.2711864406779661
B,2023,10,Log_Return_1D_Z60,0.003115227445960045,6.963761552469805e-05,0.5254237288135594,0.4745762711864407
B,2023,10,Log_Return_5D_Z60,0.0018104412592947483,-0.00031348055927082896,0.4576271186440678,0.5423728813559322
B,2023,10,Volatility_14D_Z60,0.0026906991843134165,-0.0002351767907384783,0.4152542372881356,0.5847457627118644
B,2023,10,Relative_Volume_20D_Z60,0.0007776233833283186,0.0004092408053111285,0.711864406779661,0.288135593220339
B,2023,10,RSI_14_Scaled,0.00592265697196126,0.004323812201619148,0.7288135593220338,0.2711864406779661
B,2023,10,Price_to_SMA20_Z60,0.0008610576624050736,0.00019080325728282332,0.5338983050847458,0.4661016949152542
B,2023,10,Intraday_Return_Z60,0.000845819478854537,1.4833596651442349e-05,0.4830508474576271,0.5169491525423728
B,2023,10,Daily_Range_Z60,0.0012501775054261088,0.0004801639006473124,0.6864406779661016,0.3135593220338983
B,2023,10,QQQ_Log_Return_1D,0.001199077465571463,0.00011234523844905198,0.4322033898305085,0.5677966101694916
B,2023,10,QQQ_Log_Return_5D,0.0023215143010020256,0.0011725026415660977,0.652542372881356,0.3474576271186441
B,2023,10,QQQ_Volatility_14D,0.0017140301642939448,0.001388568663969636,0.7203389830508474,0.2796610169491525
B,2023,11,Log_Return_1D_Z60,0.0030068925116211176,0.0008576218388043344,0.5932203389830508,0.4067796610169492
B,2023,11,Log_Return_5D_Z60,0.0016709243645891547,1.984535265364684e-05,0.5508474576271186,0.4491525423728814
B,2023,11,Volatility_14D_Z60,0.002688179723918438,-8.479176176479086e-05,0.423728813559322,0.576271186440678
B,2023,11,Relative_Volume_20D_Z60,0.0007468009716831148,0.00017250076052732766,0.6186440677966102,0.3813559322033898
B,2023,11,RSI_14_Scaled,0.005759608931839466,0.0037546642124652863,0.6779661016949152,0.3220338983050847
B,2023,11,Price_to_SMA20_Z60,0.0008725395309738815,8.863044058671221e-05,0.5,0.5
B,2023,11,Intraday_Return_Z60,0.0009371792548336089,0.00014864742115605623,0.5,0.5
B,2023,11,Daily_Range_Z60,0.0012555066496133804,0.00043392961379140615,0.6610169491525424,0.3389830508474576
B,2023,11,QQQ_Log_Return_1D,0.0013542105443775654,0.0006020553992129862,0.6440677966101694,0.3559322033898305
B,2023,11,QQQ_Log_Return_5D,0.002122945850715041,0.0005621073069050908,0.6016949152542372,0.3983050847457627
B,2023,11,QQQ_Volatility_14D,0.0017155385576188564,0.0013643144629895687,0.711864406779661,0.288135593220339
B,2023,12,Log_Return_1D_Z60,0.0033833321649581194,3.30589828081429e-05,0.4745762711864407,0.5254237288135594
B,2023,12,Log_Return_5D_Z60,0.0016991863958537579,2.7983631298411638e-05,0.5508474576271186,0.4491525423728814
B,2023,12,Volatility_14D_Z60,0.002690844004973769,-5.155764665687457e-05,0.4152542372881356,0.5847457627118644
B,2023,12,Relative_Volume_20D_Z60,0.0006905102054588497,0.00022821825405117124,0.6186440677966102,0.3813559322033898
B,2023,12,RSI_14_Scaled,0.0055814944207668304,0.003898188704624772,0.6610169491525424,0.3389830508474576
B,2023,12,Price_to_SMA20_Z60,0.0008306099334731698,8.01912319730036e-05,0.5508474576271186,0.4491525423728814
B,2023,12,Intraday_Return_Z60,0.0009098657174035907,-3.888602077495307e-05,0.5423728813559322,0.4576271186440678
B,2023,12,Daily_Range_Z60,0.0011744427029043436,0.0002899286337196827,0.6440677966101694,0.3559322033898305
B,2023,12,QQQ_Log_Return_1D,0.0015183261130005121,3.827790351351723e-05,0.4745762711864407,0.5254237288135594
B,2023,12,QQQ_Log_Return_5D,0.0019984927494078875,0.0005806733388453722,0.6016949152542372,0.3983050847457627
B,2023,12,QQQ_Volatility_14D,0.0016804755432531238,0.0013560792431235313,0.7033898305084746,0.2966101694915254
B,2023,13,Log_Return_1D_Z60,0.002701168181374669,-0.00021840176486875862,0.5084745762711864,0.4915254237288136
B,2023,13,Log_Return_5D_Z60,0.0016622289549559355,0.00011236239515710622,0.5423728813559322,0.4576271186440678
B,2023,13,Volatility_14D_Z60,0.002600600477308035,-0.00011045661085518077,0.4576271186440678,0.5423728813559322
B,2023,13,Relative_Volume_20D_Z60,0.0007940914947539568,0.0002929454203695059,0.6101694915254238,0.3898305084745763
B,2023,13,RSI_14_Scaled,0.005299385171383619,0.003740317653864622,0.6610169491525424,0.3389830508474576
B,2023,13,Price_to_SMA20_Z60,0.0007950939470902085,0.00011336416355334222,0.5084745762711864,0.4915254237288136
B,2023,13,Intraday_Return_Z60,0.0007304885075427592,0.00016156051424331963,0.559322033898305,0.4406779661016949
B,2023,13,Daily_Range_Z60,0.0013047544052824378,0.0005441963439807296,0.7542372881355932,0.2457627118644068
B,2023,13,QQQ_Log_Return_1D,0.0013915776507928967,0.00016904500080272555,0.4745762711864407,0.5254237288135594
B,2023,13,QQQ_Log_Return_5D,0.0018774258205667138,0.0007123981486074626,0.6101694915254238,0.3898305084745763
B,2023,13,QQQ_Volatility_14D,0.0017005729023367167,0.0014056582003831863,0.711864406779661,0.288135593220339
B,2023,14,Log_Return_1D_Z60,0.0027871360071003437,-0.0004089188587386161,0.423728813559322,0.576271186440678
B,2023,14,Log_Return_5D_Z60,0.0017470152815803885,8.668268128531054e-05,0.5169491525423728,0.4830508474576271
B,2023,14,Volatility_14D_Z60,0.0025315885432064533,-0.00029666602495126426,0.4067796610169492,0.5932203389830508
B,2023,14,Relative_Volume_20D_Z60,0.0006365286535583436,0.0004174377827439457,0.6610169491525424,0.3389830508474576
B,2023,14,RSI_14_Scaled,0.005359333474189043,0.0037808853667229414,0.6610169491525424,0.3389830508474576
B,2023,14,Price_to_SMA20_Z60,0.0007570616435259581,0.00014259270392358303,0.5338983050847458,0.4661016949152542
B,2023,14,Intraday_Return_Z60,0.0008586057228967547,0.0002008667215704918,0.5508474576271186,0.4491525423728814
B,2023,14,Daily_Range_Z60,0.0010502513032406569,0.000596891506575048,0.7542372881355932,0.2457627118644068
B,2023,14,QQQ_Log_Return_1D,0.0012906932970508933,-0.00010271063365507871,0.4576271186440678,0.5423728813559322
B,2023,14,QQQ_Log_Return_5D,0.0020280624739825726,0.0008680452010594308,0.6016949152542372,0.3983050847457627
B,2023,14,QQQ_Volatility_14D,0.0017219006549566984,0.0014195442199707031,0.711864406779661,0.288135593220339
B,2023,15,Log_Return_1D_Z60,0.0029907547868788242,0.0003452312375884503,0.5254237288135594,0.4745762711864407
B,2023,15,Log_Return_5D_Z60,0.001516551710665226,0.00010453642607899383,0.4745762711864407,0.5254237288135594
B,2023,15,Volatility_14D_Z60,0.002458836417645216,-0.0006723204860463738,0.4067796610169492,0.5932203389830508
B,2023,15,Relative_Volume_20D_Z60,0.0007293609669432044,0.00021775919594801962,0.6016949152542372,0.3983050847457627
B,2023,15,RSI_14_Scaled,0.005514139775186777,0.003769172355532646,0.7033898305084746,0.2966101694915254
B,2023,15,Price_to_SMA20_Z60,0.0008320457418449223,0.00013020173355471343,0.5932203389830508,0.4067796610169492
B,2023,15,Intraday_Return_Z60,0.0008526218589395285,8.81354499142617e-05,0.5338983050847458,0.4661016949152542
B,2023,15,Daily_Range_Z60,0.001265375642105937,0.0006836639367975295,0.7796610169491526,0.22033898305084745
B,2023,15,QQQ_Log_Return_1D,0.0012499323347583413,0.00020638093701563776,0.4576271186440678,0.5423728813559322
B,2023,15,QQQ_Log_Return_5D,0.002074041636660695,0.0011354214511811733,0.6610169491525424,0.3389830508474576
B,2023,15,QQQ_Volatility_14D,0.001767764799296856,0.001463833381421864,0.7203389830508474,0.2796610169491525
B,2023,16,Log_Return_1D_Z60,0.0029467102140188217,-0.0002708620158955455,0.5,0.5
B,2023,16,Log_Return_5D_Z60,0.0013722581788897514,-8.910034375730902e-05,0.5169491525423728,0.4830508474576271
B,2023,16,Volatility_14D_Z60,0.00236164010129869,-0.0004952685558237135,0.423728813559322,0.576271186440678
B,2023,16,Relative_Volume_20D_Z60,0.0007661113049834967,0.00039619693416170776,0.635593220338983,0.3644067796610169
B,2023,16,RSI_14_Scaled,0.005685449577867985,0.003921820782124996,0.7288135593220338,0.2711864406779661
B,2023,16,Price_to_SMA20_Z60,0.0008058110834099352,0.0002231209073215723,0.5677966101694916,0.4322033898305085
B,2023,16,Intraday_Return_Z60,0.000730657484382391,3.6272416764404625e-05,0.5338983050847458,0.4661016949152542
B,2023,16,Daily_Range_Z60,0.0012261164374649525,0.0003527911030687392,0.6779661016949152,0.3220338983050847
B,2023,16,QQQ_Log_Return_1D,0.0012949362862855196,-1.8700822693062946e-05,0.3983050847457627,0.6016949152542372
B,2023,16,QQQ_Log_Return_5D,0.002213108818978071,0.0015389256877824664,0.7288135593220338,0.2711864406779661
B,2023,16,QQQ_Volatility_14D,0.0017939697718247771,0.0014710238901898265,0.7203389830508474,0.2796610169491525
B,2023,17,Log_Return_1D_Z60,0.0030395411886274815,-0.0007565501146018505,0.4152542372881356,0.5847457627118644
B,2023,17,Log_Return_5D_Z60,0.0014039030065760016,-0.00023215475084725767,0.5084745762711864,0.4915254237288136
B,2023,17,Volatility_14D_Z60,0.0025643494445830584,-0.0006753228371962905,0.3898305084745763,0.6101694915254238
B,2023,17,Relative_Volume_20D_Z60,0.0008890405297279358,0.00026765369693748653,0.6101694915254238,0.3898305084745763
B,2023,17,RSI_14_Scaled,0.005764641799032688,0.004472966305911541,0.7457627118644068,0.2542372881355932
B,2023,17,Price_to_SMA20_Z60,0.0008285421063192189,0.0002534448867663741,0.576271186440678,0.423728813559322
B,2023,17,Intraday_Return_Z60,0.0008440652745775878,4.291699042369146e-06,0.5338983050847458,0.4661016949152542
B,2023,17,Daily_Range_Z60,0.0013712674845010042,0.0003896827984135598,0.6779661016949152,0.3220338983050847
B,2023,17,QQQ_Log_Return_1D,0.0013450337573885918,-0.0003364217118360102,0.4745762711864407,0.5254237288135594
B,2023,17,QQQ_Log_Return_5D,0.00224321405403316,0.0015425400342792273,0.6779661016949152,0.3220338983050847
B,2023,17,QQQ_Volatility_14D,0.0018247086554765701,0.0014707918744534254,0.7203389830508474,0.2796610169491525
B,2023,18,Log_Return_1D_Z60,0.003085596254095435,-0.0008205840131267905,0.4322033898305085,0.5677966101694916
B,2023,18,Log_Return_5D_Z60,0.0015823867870494723,-0.0004262475704308599,0.4661016949152542,0.5338983050847458
B,2023,18,Volatility_14D_Z60,0.0026849498972296715,-0.0006769034080207348,0.3898305084745763,0.6101694915254238
B,2023,18,Relative_Volume_20D_Z60,0.0008593566599301994,4.686454303737264e-06,0.6016949152542372,0.3983050847457627
B,2023,18,RSI_14_Scaled,0.006176510825753212,0.004986054729670286,0.7627118644067796,0.23728813559322035
B,2023,18,Price_to_SMA20_Z60,0.0008759289048612118,0.00030426777084358037,0.5847457627118644,0.4152542372881356
B,2023,18,Intraday_Return_Z60,0.0008250921964645386,0.00011936703231185675,0.6016949152542372,0.3983050847457627
B,2023,18,Daily_Range_Z60,0.0014168451307341456,0.00027807833976112306,0.7288135593220338,0.2711864406779661
B,2023,18,QQQ_Log_Return_1D,0.0011852305615320802,-0.0001141390748671256,0.4322033898305085,0.5677966101694916
B,2023,18,QQQ_Log_Return_5D,0.002279164269566536,0.0014968380564823747,0.6610169491525424,0.3389830508474576
B,2023,18,QQQ_Volatility_14D,0.0018538577714934945,0.0015017333207651973,0.7033898305084746,0.2966101694915254
B,2023,19,Log_Return_1D_Z60,0.0029383557848632336,3.492092582746409e-05,0.5169491525423728,0.4830508474576271
B,2023,19,Log_Return_5D_Z60,0.001845594379119575,-0.0002559921413194388,0.4491525423728814,0.5508474576271186
B,2023,19,Volatility_14D_Z60,0.002787586534395814,-0.0007095975452102721,0.3813559322033898,0.6186440677966102
B,2023,19,Relative_Volume_20D_Z60,0.0007710927748121321,0.00010879495675908402,0.5932203389830508,0.4067796610169492
B,2023,19,RSI_14_Scaled,0.006123218219727278,0.004601324908435345,0.7033898305084746,0.2966101694915254
B,2023,19,Price_to_SMA20_Z60,0.0008000115631148219,0.0003019251744262874,0.6186440677966102,0.3813559322033898
B,2023,19,Intraday_Return_Z60,0.0007918537012301385,0.0001476577017456293,0.6016949152542372,0.3983050847457627
B,2023,19,Daily_Range_Z60,0.0011645109625533223,0.00047421955969184637,0.7203389830508474,0.2796610169491525
B,2023,19,QQQ_Log_Return_1D,0.0013525078538805246,0.00011178587010363117,0.3983050847457627,0.6016949152542372
B,2023,19,QQQ_Log_Return_5D,0.0021777739748358727,0.0011609253706410527,0.652542372881356,0.3474576271186441
B,2023,19,QQQ_Volatility_14D,0.0018935597036033869,0.001497743185609579,0.7033898305084746,0.2966101694915254
B,2023,20,Log_Return_1D_Z60,0.0026269154623150826,0.00021002476569265127,0.5423728813559322,0.4576271186440678
B,2023,20,Log_Return_5D_Z60,0.0017909947782754898,-0.00010368435323471203,0.5169491525423728,0.4830508474576271
B,2023,20,Volatility_14D_Z60,0.002844942267984152,-0.0008972513023763895,0.3474576271186441,0.652542372881356
B,2023,20,Relative_Volume_20D_Z60,0.0008395222248509526,0.0003426223120186478,0.576271186440678,0.423728813559322
B,2023,20,RSI_14_Scaled,0.005794548895210028,0.004167146049439907,0.7288135593220338,0.2711864406779661
B,2023,20,Price_to_SMA20_Z60,0.0007469379925169051,0.0003110615361947566,0.635593220338983,0.3644067796610169
B,2023,20,Intraday_Return_Z60,0.0007774049299769104,0.00030528887873515487,0.559322033898305,0.4406779661016949
B,2023,20,Daily_Range_Z60,0.0011841459199786186,0.0004834730352740735,0.7203389830508474,0.2796610169491525
B,2023,20,QQQ_Log_Return_1D,0.001422710483893752,0.00016754942771513015,0.5084745762711864,0.4915254237288136
B,2023,20,QQQ_Log_Return_5D,0.002167914528399706,0.0008541314164176583,0.6186440677966102,0.3813559322033898
B,2023,20,QQQ_Volatility_14D,0.001901471521705389,0.0015249851858243346,0.7203389830508474,0.2796610169491525
B,2023,21,Log_Return_1D_Z60,0.003216208191588521,0.00018062407616525888,0.5423728813559322,0.4576271186440678
B,2023,21,Log_Return_5D_Z60,0.0016673096688464284,-0.00010381516040069982,0.4915254237288136,0.5084745762711864
B,2023,21,Volatility_14D_Z60,0.0028588930144906044,-0.0005889570456929505,0.3813559322033898,0.6186440677966102
B,2023,21,Relative_Volume_20D_Z60,0.000718063791282475,1.9434817659202963e-05,0.6186440677966102,0.3813559322033898
B,2023,21,RSI_14_Scaled,0.0056494465097785,0.004111256916075945,0.6949152542372882,0.3050847457627119
B,2023,21,Price_to_SMA20_Z60,0.0008094518561847508,0.0002915594377554953,0.5932203389830508,0.4067796610169492
B,2023,21,Intraday_Return_Z60,0.0007939443457871675,0.00020522839622572064,0.559322033898305,0.4406779661016949
B,2023,21,Daily_Range_Z60,0.0012692910386249423,0.000505622592754662,0.711864406779661,0.288135593220339
B,2023,21,QQQ_Log_Return_1D,0.0014016097411513329,0.0002872588811442256,0.5338983050847458,0.4661016949152542
B,2023,21,QQQ_Log_Return_5D,0.0018896254478022456,0.0007248175679706037,0.6440677966101694,0.3559322033898305
B,2023,21,QQQ_Volatility_14D,0.001895767985843122,0.0015322078252211213,0.7288135593220338,0.2711864406779661
B,2023,22,Log_Return_1D_Z60,0.003079680958762765,-0.0010405352804809809,0.4322033898305085,0.5677966101694916
B,2023,22,Log_Return_5D_Z60,0.00160628417506814,7.6064980021328665e-06,0.4830508474576271,0.5169491525423728
B,2023,22,Volatility_14D_Z60,0.0028875397983938456,-0.0006014007376506925,0.3898305084745763,0.6101694915254238
B,2023,22,Relative_Volume_20D_Z60,0.000733447028324008,0.00020260010205674917,0.5847457627118644,0.4152542372881356
B,2023,22,RSI_14_Scaled,0.005668230354785919,0.004389429464936256,0.711864406779661,0.288135593220339
B,2023,22,Price_to_SMA20_Z60,0.0007393003907054663,0.0003645721008069813,0.5677966101694916,0.4322033898305085
B,2023,22,Intraday_Return_Z60,0.0009213751764036715,0.00018517329590395093,0.559322033898305,0.4406779661016949
B,2023,22,Daily_Range_Z60,0.0011141108116135001,0.00038732998655177653,0.6864406779661016,0.3135593220338983
B,2023,22,QQQ_Log_Return_1D,0.0014595621032640338,-0.0003204933600500226,0.5,0.5
B,2023,22,QQQ_Log_Return_5D,0.0018361981492489576,0.0005918751703575253,0.5677966101694916,0.4322033898305085
B,2023,22,QQQ_Volatility_14D,0.0019191366154700518,0.0015373132191598415,0.711864406779661,0.288135593220339
B,2023,23,Log_Return_1D_Z60,0.0027560375165194273,0.00019551327568478882,0.559322033898305,0.4406779661016949
B,2023,23,Log_Return_5D_Z60,0.001625832635909319,0.00021732147433795035,0.576271186440678,0.423728813559322
B,2023,23,Volatility_14D_Z60,0.002748905448243022,-0.0005870141903869808,0.3813559322033898,0.6186440677966102
B,2023,23,Relative_Volume_20D_Z60,0.0006534112035296857,0.00024001210113056004,0.652542372881356,0.3474576271186441
B,2023,23,RSI_14_Scaled,0.005365782883018255,0.004311338532716036,0.7372881355932204,0.2627118644067797
B,2023,23,Price_to_SMA20_Z60,0.0006922262837179005,0.0003207728441338986,0.559322033898305,0.4406779661016949
B,2023,23,Intraday_Return_Z60,0.0007825748180039227,0.00012201340723549947,0.576271186440678,0.423728813559322
B,2023,23,Daily_Range_Z60,0.0013766884803771973,0.0003458078426774591,0.7372881355932204,0.2627118644067797
B,2023,23,QQQ_Log_Return_1D,0.0011601457372307777,-7.0415921982203145e-06,0.4915254237288136,0.5084745762711864
B,2023,23,QQQ_Log_Return_5D,0.0020565977320075035,0.0005964338779449463,0.5677966101694916,0.4322033898305085
B,2023,23,QQQ_Volatility_14D,0.001953277038410306,0.0015320735983550549,0.7033898305084746,0.2966101694915254
B,2023,24,Log_Return_1D_Z60,0.0028943142388015985,0.00010941646178252995,0.5847457627118644,0.4152542372881356
B,2023,24,Log_Return_5D_Z60,0.0016761436127126217,0.00015880304272286594,0.5338983050847458,0.4661016949152542
B,2023,24,Volatility_14D_Z60,0.0030037714168429375,-0.0008902548579499125,0.3983050847457627,0.6016949152542372
B,2023,24,Relative_Volume_20D_Z60,0.0006117267766967416,0.00021466299949679524,0.6016949152542372,0.3983050847457627
B,2023,24,RSI_14_Scaled,0.005334360525012016,0.0041883946396410465,0.7203389830508474,0.2796610169491525
B,2023,24,Price_to_SMA20_Z60,0.0007310276851058006,0.0003108263772446662,0.5508474576271186,0.4491525423728814
B,2023,24,Intraday_Return_Z60,0.0008164175669662654,0.00023886568669695407,0.5932203389830508,0.4067796610169492
B,2023,24,Daily_Range_Z60,0.0014216738054528832,0.00035657681291922927,0.7033898305084746,0.2966101694915254
B,2023,24,QQQ_Log_Return_1D,0.0013692121719941497,0.00015761476242914796,0.5508474576271186,0.4491525423728814
B,2023,24,QQQ_Log_Return_5D,0.002058970043435693,0.000742255593650043,0.5847457627118644,0.4152542372881356
B,2023,24,QQQ_Volatility_14D,0.0019743165466934443,0.0015532048419117928,0.6949152542372882,0.3050847457627119
B,2023,25,Log_Return_1D_Z60,0.0031578203197568655,0.0001154599740402773,0.4830508474576271,0.5169491525423728
B,2023,25,Log_Return_5D_Z60,0.0016623677220195532,8.2774757174775e-05,0.5169491525423728,0.4830508474576271
B,2023,25,Volatility_14D_Z60,0.0032246762420982122,-0.0010546247940510511,0.3898305084745763,0.6101694915254238
B,2023,25,Relative_Volume_20D_Z60,0.0007101665250957012,4.0851864469004795e-05,0.6101694915254238,0.3898305084745763
B,2023,25,RSI_14_Scaled,0.0054247016087174416,0.00399604719132185,0.6694915254237288,0.3305084745762712
B,2023,25,Price_to_SMA20_Z60,0.00079391646431759,0.00027709934511221945,0.5423728813559322,0.4576271186440678
B,2023,25,Intraday_Return_Z60,0.0009609294356778264,0.0002098251279676333,0.559322033898305,0.4406779661016949
B,2023,25,Daily_Range_Z60,0.0013283678563311696,0.0003091988037340343,0.7203389830508474,0.2796610169491525
B,2023,25,QQQ_Log_Return_1D,0.0013732344377785921,-6.895436672493815e-05,0.4322033898305085,0.5677966101694916
B,2023,25,QQQ_Log_Return_5D,0.0020834882743656635,0.0008617977146059275,0.559322033898305,0.4406779661016949
B,2023,25,QQQ_Volatility_14D,0.0020235867705196142,0.00158650369849056,0.6949152542372882,0.3050847457627119
B,2023,26,Log_Return_1D_Z60,0.003104749834164977,-2.7289795980323106e-05,0.4915254237288136,0.5084745762711864
B,2023,26,Log_Return_5D_Z60,0.0016303227748721838,3.9554815884912387e-05,0.5254237288135594,0.4745762711864407
B,2023,26,Volatility_14D_Z60,0.0033224967774003744,-0.0009375312947668135,0.4067796610169492,0.5932203389830508
B,2023,26,Relative_Volume_20D_Z60,0.0008012483594939113,-2.3031801902106963e-05,0.559322033898305,0.4406779661016949
B,2023,26,RSI_14_Scaled,0.005636764690279961,0.004217230249196291,0.711864406779661,0.288135593220339
B,2023,26,Price_to_SMA20_Z60,0.0008369669667445123,0.0002593118406366557,0.5508474576271186,0.4491525423728814
B,2023,26,Intraday_Return_Z60,0.000888418173417449,0.00016304707969538867,0.5169491525423728,0.4830508474576271
B,2023,26,Daily_Range_Z60,0.0012770297471433878,0.0001726849004626274,0.635593220338983,0.3644067796610169
B,2023,26,QQQ_Log_Return_1D,0.0012374510988593102,0.000438869115896523,0.5169491525423728,0.4830508474576271
B,2023,26,QQQ_Log_Return_5D,0.0022092692088335752,0.0010690365452319384,0.635593220338983,0.3644067796610169
B,2023,26,QQQ_Volatility_14D,0.002049410482868552,0.0016034391010180116,0.6949152542372882,0.3050847457627119
B,2023,27,Log_Return_1D_Z60,0.0037374962121248245,-0.00029282295145094395,0.5084745762711864,0.4915254237288136
B,2023,27,Log_Return_5D_Z60,0.0017805041279643774,4.352111864136532e-05,0.5254237288135594,0.4745762711864407
B,2023,27,Volatility_14D_Z60,0.00353085994720459,-0.000605178764089942,0.4406779661016949,0.559322033898305
B,2023,27,Relative_Volume_20D_Z60,0.000847002724185586,-5.5792461353121325e-05,0.5169491525423728,0.4830508474576271
B,2023,27,RSI_14_Scaled,0.006009143777191639,0.004049851559102535,0.6864406779661016,0.3135593220338983
B,2023,27,Price_to_SMA20_Z60,0.0008847450953908265,0.0003074596170336008,0.576271186440678,0.423728813559322
B,2023,27,Intraday_Return_Z60,0.0008656764402985573,0.0001076156841008924,0.5423728813559322,0.4576271186440678
B,2023,27,Daily_Range_Z60,0.0013338542776182294,0.00022168290161062032,0.6864406779661016,0.3135593220338983
B,2023,27,QQQ_Log_Return_1D,0.0015210029669106007,0.00010937567276414484,0.4152542372881356,0.5847457627118644
B,2023,27,QQQ_Log_Return_5D,0.0020507294684648514,0.0010319898137822747,0.635593220338983,0.3644067796610169
B,2023,27,QQQ_Volatility_14D,0.0020401927176862955,0.0016020172042772174,0.6949152542372882,0.3050847457627119
B,2023,28,Log_Return_1D_Z60,0.003351186867803335,-0.00025834966800175607,0.5423728813559322,0.4576271186440678
B,2023,28,Log_Return_5D_Z60,0.0017302038613706827,0.0001850045082392171,0.559322033898305,0.4406779661016949
B,2023,28,Volatility_14D_Z60,0.0035879993811249733,-0.0006689572473987937,0.4322033898305085,0.5677966101694916
B,2023,28,Relative_Volume_20D_Z60,0.0009422166040167212,3.57777280441951e-05,0.5169491525423728,0.4830508474576271
B,2023,28,RSI_14_Scaled,0.005533948075026274,0.0034283436834812164,0.6864406779661016,0.3135593220338983
B,2023,28,Price_to_SMA20_Z60,0.0008880167151801288,0.00033398933010175824,0.6101694915254238,0.3898305084745763
B,2023,28,Intraday_Return_Z60,0.0009031445952132344,0.000356123287929222,0.6016949152542372,0.3983050847457627
B,2023,28,Daily_Range_Z60,0.0012621583882719278,0.00025116311735473573,0.6271186440677966,0.3728813559322034
B,2023,28,QQQ_Log_Return_1D,0.001390163553878665,-0.00036479224218055606,0.4322033898305085,0.5677966101694916
B,2023,28,QQQ_Log_Return_5D,0.001990566961467266,0.0007060979260131717,0.6016949152542372,0.3983050847457627
B,2023,28,QQQ_Volatility_14D,0.0020522568374872208,0.0016374030383303761,0.6949152542372882,0.3050847457627119
B,2023,29,Log_Return_1D_Z60,0.0032715131528675556,0.0003295855422038585,0.4915254237288136,0.5084745762711864
B,2023,29,Log_Return_5D_Z60,0.001872029504738748,0.00042422415572218597,0.5847457627118644,0.4152542372881356
B,2023,29,Volatility_14D_Z60,0.0033914437517523766,-0.0003487330104690045,0.4322033898305085,0.5677966101694916
B,2023,29,Relative_Volume_20D_Z60,0.0009415357490070164,0.00022947155230212957,0.5254237288135594,0.4745762711864407
B,2023,29,RSI_14_Scaled,0.004937263671308756,0.002765027340501547,0.6186440677966102,0.3813559322033898
B,2023,29,Price_to_SMA20_Z60,0.0008330815471708775,0.0002673251728992909,0.5847457627118644,0.4152542372881356
B,2023,29,Intraday_Return_Z60,0.0010171717731282115,0.00039383667171932757,0.652542372881356,0.3474576271186441
B,2023,29,Daily_Range_Z60,0.0013000171165913343,0.0003083088085986674,0.6440677966101694,0.3559322033898305
B,2023,29,QQQ_Log_Return_1D,0.001500678132288158,-0.00014223100151866674,0.5254237288135594,0.4745762711864407
B,2023,29,QQQ_Log_Return_5D,0.0021315868943929672,0.00048360892105847597,0.5847457627118644,0.4152542372881356
B,2023,29,QQQ_Volatility_14D,0.002022429835051298,0.0016372906975448132,0.7033898305084746,0.2966101694915254
B,2023,30,Log_Return_1D_Z60,0.003571433015167713,-0.00026047727442346513,0.4661016949152542,0.5338983050847458
B,2023,30,Log_Return_5D_Z60,0.002009321702644229,0.00037466883077286184,0.5847457627118644,0.4152542372881356
B,2023,30,Volatility_14D_Z60,0.003170503070577979,-0.00048683176282793283,0.3983050847457627,0.6016949152542372
B,2023,30,Relative_Volume_20D_Z60,0.0015261908993124962,-0.00015149721002671868,0.5,0.5
B,2023,30,RSI_14_Scaled,0.005059724673628807,0.0025050484109669924,0.5932203389830508,0.4067796610169492
B,2023,30,Price_to_SMA20_Z60,0.0008881178218871355,0.00034097753814421594,0.5847457627118644,0.4152542372881356
B,2023,30,Intraday_Return_Z60,0.0008299569599330425,0.00023760154726915061,0.559322033898305,0.4406779661016949
B,2023,30,Daily_Range_Z60,0.0012034563114866614,0.0003648591518867761,0.6694915254237288,0.3305084745762712
B,2023,30,QQQ_Log_Return_1D,0.00141489552333951,-0.00022813309624325484,0.5084745762711864,0.4915254237288136
B,2023,30,QQQ_Log_Return_5D,0.0023279644083231688,0.00048797394265420735,0.5423728813559322,0.4576271186440678
B,2023,30,QQQ_Volatility_14D,0.0019793063402175903,0.001631900086067617,0.7033898305084746,0.2966101694915254
C,2023,1,Log_Return_1D_Z60,0.0013127592392265797,8.706732478458434e-05,0.4661016949152542,0.5338983050847458
C,2023,1,Log_Return_5D_Z60,0.004911637865006924,0.0007369689410552382,0.5254237288135594,0.4745762711864407
C,2023,1,Volatility_14D_Z60,0.0012573605636134744,-0.0006550204707309604,0.2966101694915254,0.7033898305084746
C,2023,1,Relative_Volume_20D_Z60,0.0008146008476614952,1.6206427972065285e-05,0.3813559322033898,0.6186440677966102
C,2023,1,RSI_14_Scaled,0.0035293973051011562,0.0008353567100130022,0.5338983050847458,0.4661016949152542
C,2023,1,Price_to_SMA20_Z60,0.00046436223783530295,-0.00011728882964234799,0.4406779661016949,0.559322033898305
C,2023,1,Intraday_Return_Z60,0.0016607112484052777,-0.00010860131442314014,0.4406779661016949,0.559322033898305
C,2023,1,Daily_Range_Z60,0.0015087240608409047,-0.000546602183021605,0.3389830508474576,0.6610169491525424
C,2023,1,QQQ_Log_Return_1D,0.003879147581756115,6.150452099973336e-05,0.5423728813559322,0.4576271186440678
C,2023,1,QQQ_Log_Return_5D,0.004736469592899084,-0.000514017534442246,0.4745762711864407,0.5254237288135594
C,2023,1,QQQ_Volatility_14D,0.0006756526418030262,0.0006055622943677008,0.923728813559322,0.07627118644067797
C,2023,2,Log_Return_1D_Z60,0.0010430985130369663,0.00018428133626002818,0.5508474576271186,0.4491525423728814
C,2023,2,Log_Return_5D_Z60,0.00476851686835289,0.00038429602864198387,0.5423728813559322,0.4576271186440678
C,2023,2,Volatility_14D_Z60,0.001218518940731883,-0.0006219433271326125,0.288135593220339,0.711864406779661
C,2023,2,Relative_Volume_20D_Z60,0.0007511847070418298,2.640569982759189e-05,0.4067796610169492,0.5932203389830508
C,2023,2,RSI_14_Scaled,0.0036488776095211506,0.0010553223546594381,0.559322033898305,0.4406779661016949
C,2023,2,Price_to_SMA20_Z60,0.0004655233642552048,-0.0001242263097083196,0.4067796610169492,0.5932203389830508
C,2023,2,Intraday_Return_Z60,0.0012763857375830412,3.433270467212424e-05,0.5338983050847458,0.4661016949152542
C,2023,2,Daily_Range_Z60,0.0014716272708028555,-0.0005268992390483618,0.3050847457627119,0.6949152542372882
C,2023,2,QQQ_Log_Return_1D,0.0035645165480673313,-0.00035992744960822165,0.4576271186440678,0.5423728813559322
C,2023,2,QQQ_Log_Return_5D,0.004967581480741501,-0.0004142863326705992,0.4406779661016949,0.559322033898305
C,2023,2,QQQ_Volatility_14D,0.0006785482983104885,0.0006078074802644551,0.9322033898305084,0.06779661016949153
C,2023,3,Log_Return_1D_Z60,0.0012861608993262053,0.00020694918930530548,0.5847457627118644,0.4152542372881356
C,2023,3,Log_Return_5D_Z60,0.004641701001673937,-3.756890509976074e-05,0.5423728813559322,0.4576271186440678
C,2023,3,Volatility_14D_Z60,0.0011677657021209598,-0.0005530727794393897,0.2542372881355932,0.7457627118644068
C,2023,3,Relative_Volume_20D_Z60,0.0008554814266972244,0.00023179988784249872,0.423728813559322,0.576271186440678
C,2023,3,RSI_14_Scaled,0.0037629264406859875,0.0012188163818791509,0.5677966101694916,0.4322033898305085
C,2023,3,Price_to_SMA20_Z60,0.00047362633631564677,-0.00016042415518313646,0.4067796610169492,0.5932203389830508
C,2023,3,Intraday_Return_Z60,0.0015440010465681553,-1.1572617950150743e-05,0.4830508474576271,0.5169491525423728
C,2023,3,Daily_Range_Z60,0.0014295147266238928,-0.00028488956741057336,0.3813559322033898,0.6186440677966102
C,2023,3,QQQ_Log_Return_1D,0.003930512350052595,-0.00024186036898754537,0.423728813559322,0.576271186440678
C,2023,3,QQQ_Log_Return_5D,0.004987363703548908,-0.00010562380339251831,0.4491525423728814,0.5508474576271186
C,2023,3,QQQ_Volatility_14D,0.0006843834416940808,0.0006209361599758267,0.923728813559322,0.07627118644067797
C,2023,4,Log_Return_1D_Z60,0.001253622118383646,0.00023278397566173226,0.5169491525423728,0.4830508474576271
C,2023,4,Log_Return_5D_Z60,0.0045992727391421795,-0.00047026152606122196,0.4661016949152542,0.5338983050847458
C,2023,4,Volatility_14D_Z60,0.0011572473449632525,-0.0005520454724319279,0.2457627118644068,0.7542372881355932
C,2023,4,Relative_Volume_20D_Z60,0.0008350838907063007,0.00018499494763091207,0.4406779661016949,0.559322033898305
C,2023,4,RSI_14_Scaled,0.0036767455749213696,0.0013864163774996996,0.559322033898305,0.4406779661016949
C,2023,4,Price_to_SMA20_Z60,0.0004522675008047372,-0.00016285966557916254,0.4491525423728814,0.5508474576271186
C,2023,4,Intraday_Return_Z60,0.0016158772632479668,4.4294079998508096e-05,0.4745762711864407,0.5254237288135594
C,2023,4,Daily_Range_Z60,0.001404513488523662,-0.00039508164627477527,0.3474576271186441,0.652542372881356
C,2023,4,QQQ_Log_Return_1D,0.003468671813607216,0.00015794512000866234,0.5169491525423728,0.4830508474576271
C,2023,4,QQQ_Log_Return_5D,0.005013590212911367,6.95819326210767e-05,0.4576271186440678,0.5423728813559322
C,2023,4,QQQ_Volatility_14D,0.0006765988655388355,0.0006102012703195214,0.923728813559322,0.07627118644067797
C,2023,5,Log_Return_1D_Z60,0.001162330387160182,-2.7099826183984987e-05,0.4661016949152542,0.5338983050847458
C,2023,5,Log_Return_5D_Z60,0.004483356606215239,-0.0008096934761852026,0.4406779661016949,0.559322033898305
C,2023,5,Volatility_14D_Z60,0.0011236922582611442,-0.0005652749096043408,0.2288135593220339,0.7711864406779662
C,2023,5,Relative_Volume_20D_Z60,0.0007838890887796879,3.6074587114853784e-05,0.3813559322033898,0.6186440677966102
C,2023,5,RSI_14_Scaled,0.0037754166405647993,0.001315983710810542,0.559322033898305,0.4406779661016949
C,2023,5,Price_to_SMA20_Z60,0.0004467538383323699,-0.00020996171224396676,0.423728813559322,0.576271186440678
C,2023,5,Intraday_Return_Z60,0.001550739398226142,-0.00010686767200240865,0.5,0.5
C,2023,5,Daily_Range_Z60,0.0014291401021182537,-0.0002616932906676084,0.3728813559322034,0.6271186440677966
C,2023,5,QQQ_Log_Return_1D,0.003942461684346199,-8.29812342999503e-05,0.4915254237288136,0.5084745762711864
C,2023,5,QQQ_Log_Return_5D,0.004949040710926056,0.000599878141656518,0.4830508474576271,0.5169491525423728
C,2023,5,QQQ_Volatility_14D,0.0006705206469632685,0.0006199067574925721,0.9152542372881356,0.0847457627118644
C,2023,6,Log_Return_1D_Z60,0.0012875547399744391,0.00023101273109205067,0.4830508474576271,0.5169491525423728
C,2023,6,Log_Return_5D_Z60,0.004942246712744236,-0.0010962005471810699,0.4830508474576271,0.5169491525423728
C,2023,6,Volatility_14D_Z60,0.001136894105002284,-0.0005954183870926499,0.2457627118644068,0.7542372881355932
C,2023,6,Relative_Volume_20D_Z60,0.000810215889941901,3.918067250197055e-06,0.3644067796610169,0.635593220338983
C,2023,6,RSI_14_Scaled,0.004044662229716778,0.0014675342245027423,0.5677966101694916,0.4322033898305085
C,2023,6,Price_to_SMA20_Z60,0.0004757078713737428,-0.00024035360547713935,0.4152542372881356,0.5847457627118644
C,2023,6,Intraday_Return_Z60,0.001571829430758953,-0.00020391200087033212,0.4406779661016949,0.559322033898305
C,2023,6,Daily_Range_Z60,0.0013077649055048823,-0.0003726479480974376,0.3305084745762712,0.6694915254237288
C,2023,6,QQQ_Log_Return_1D,0.0039191278629004955,-0.0007233111537061632,0.4576271186440678,0.5423728813559322
C,2023,6,QQQ_Log_Return_5D,0.005293003283441067,0.0010906595271080732,0.576271186440678,0.423728813559322
C,2023,6,QQQ_Volatility_14D,0.0006778722163289785,0.000644378422293812,0.9322033898305084,0.06779661016949153
C,2023,7,Log_Return_1D_Z60,0.0010294037638232112,0.00011019972589565441,0.5084745762711864,0.4915254237288136
C,2023,7,Log_Return_5D_Z60,0.004839325323700905,-0.0009496562415733933,0.4745762711864407,0.5254237288135594
C,2023,7,Volatility_14D_Z60,0.0011097354581579566,-0.0006099174497649074,0.2457627118644068,0.7542372881355932
C,2023,7,Relative_Volume_20D_Z60,0.0006812537903897464,-1.7415346519555897e-05,0.3813559322033898,0.6186440677966102
C,2023,7,RSI_14_Scaled,0.004007795359939337,0.0015810496406629682,0.5932203389830508,0.4067796610169492
C,2023,7,Price_to_SMA20_Z60,0.0004548363504000008,-0.00020909261365886778,0.4322033898305085,0.5677966101694916
C,2023,7,Intraday_Return_Z60,0.0013409494422376156,0.00010469000699231401,0.5169491525423728,0.4830508474576271
C,2023,7,Daily_Range_Z60,0.0013531747972592711,-0.0006489724619314075,0.2711864406779661,0.7288135593220338
C,2023,7,QQQ_Log_Return_1D,0.003731414210051298,-0.00026584899751469493,0.4830508474576271,0.5169491525423728
C,2023,7,QQQ_Log_Return_5D,0.0052457829006016254,0.0011109445476904511,0.559322033898305,0.4406779661016949
C,2023,7,QQQ_Volatility_14D,0.0006709039444103837,0.0006376176024787128,0.9322033898305084,0.06779661016949153
C,2023,8,Log_Return_1D_Z60,0.0011060659307986498,-3.914794433512725e-05,0.4830508474576271,0.5169491525423728
C,2023,8,Log_Return_5D_Z60,0.004590780008584261,-0.0004946950939483941,0.4915254237288136,0.5084745762711864
C,2023,8,Volatility_14D_Z60,0.0010628204327076674,-0.0005960802081972361,0.23728813559322035,0.7627118644067796
C,2023,8,Relative_Volume_20D_Z60,0.0007275303942151368,-8.386151603190228e-05,0.3474576271186441,0.652542372881356
C,2023,8,RSI_14_Scaled,0.004036997444927692,0.0015019815182313323,0.5932203389830508,0.4067796610169492
C,2023,8,Price_to_SMA20_Z60,0.000440928473835811,-0.00021049310453236103,0.3898305084745763,0.6101694915254238
C,2023,8,Intraday_Return_Z60,0.0013452294515445828,0.00010260831913910806,0.5,0.5
C,2023,8,Daily_Range_Z60,0.001428629970178008,-0.0006701948586851358,0.3050847457627119,0.6949152542372882
C,2023,8,QQQ_Log_Return_1D,0.0037502192426472902,0.00028677296359091997,0.5423728813559322,0.4576271186440678
C,2023,8,QQQ_Log_Return_5D,0.005162637680768967,0.0007885966915637255,0.4915254237288136,0.5084745762711864
C,2023,8,QQQ_Volatility_14D,0.0006858390406705439,0.000648604822345078,0.9152542372881356,0.0847457627118644
C,2023,9,Log_Return_1D_Z60,0.001287044258788228,-3.112917056569131e-06,0.5254237288135594,0.4745762711864407
C,2023,9,Log_Return_5D_Z60,0.004575640428811312,-0.00021722396195400506,0.5254237288135594,0.4745762711864407
C,2023,9,Volatility_14D_Z60,0.0010169352171942592,-0.0006278737564571202,0.23728813559322035,0.7627118644067796
C,2023,9,Relative_Volume_20D_Z60,0.0009214020101353526,0.00013130734441801906,0.3305084745762712,0.6694915254237288
C,2023,9,RSI_14_Scaled,0.003878746647387743,0.0014135556994006038,0.5677966101694916,0.4322033898305085
C,2023,9,Price_to_SMA20_Z60,0.0004899437772110105,-0.0002443346311338246,0.3983050847457627,0.6016949152542372
C,2023,9,Intraday_Return_Z60,0.001565447193570435,-9.47117805480957e-05,0.5677966101694916,0.4322033898305085
C,2023,9,Daily_Range_Z60,0.0015446487814188004,-0.000463359261630103,0.3559322033898305,0.6440677966101694
C,2023,9,QQQ_Log_Return_1D,0.0033792692702263594,3.0344917831826024e-05,0.5169491525423728,0.4830508474576271
C,2023,9,QQQ_Log_Return_5D,0.004901070147752762,0.000818805128801614,0.4661016949152542,0.5338983050847458
C,2023,9,QQQ_Volatility_14D,0.0006943055777810514,0.0006545954383909702,0.923728813559322,0.07627118644067797
C,2023,10,Log_Return_1D_Z60,0.0012615073937922716,-4.491088475333527e-05,0.4745762711864407,0.5254237288135594
C,2023,10,Log_Return_5D_Z60,0.004360189661383629,-0.0003084861673414707,0.4830508474576271,0.5169491525423728
C,2023,10,Volatility_14D_Z60,0.0009729338926263154,-0.0006053728284314275,0.23728813559322035,0.7627118644067796
C,2023,10,Relative_Volume_20D_Z60,0.0007210370968095958,-9.917125862557441e-05,0.3220338983050847,0.6779661016949152
C,2023,10,RSI_14_Scaled,0.003814330790191889,0.001324531971476972,0.5677966101694916,0.4322033898305085
C,2023,10,Price_to_SMA20_Z60,0.00046573576400987804,-0.0002521988353691995,0.3135593220338983,0.6864406779661016
C,2023,10,Intraday_Return_Z60,0.001488937414251268,-0.00018260446086060256,0.4406779661016949,0.559322033898305
C,2023,10,Daily_Range_Z60,0.0013521856162697077,-0.000502958835568279,0.3135593220338983,0.6864406779661016
C,2023,10,QQQ_Log_Return_1D,0.0034095977898687124,0.00022973527666181326,0.5084745762711864,0.4915254237288136
C,2023,10,QQQ_Log_Return_5D,0.004776631016284227,0.0005973781808279455,0.5423728813559322,0.4576271186440678
C,2023,10,QQQ_Volatility_14D,0.0007092710002325475,0.000686322629917413,0.9322033898305084,0.06779661016949153
C,2023,11,Log_Return_1D_Z60,0.0011682912008836865,-0.0002977538388222456,0.4067796610169492,0.5932203389830508
C,2023,11,Log_Return_5D_Z60,0.00419103167951107,0.0004285790491849184,0.5932203389830508,0.4067796610169492
C,2023,11,Volatility_14D_Z60,0.0009896841365844011,-0.0005964186857454479,0.2457627118644068,0.7542372881355932
C,2023,11,Relative_Volume_20D_Z60,0.0006223177770152688,-5.219625381869264e-05,0.3644067796610169,0.635593220338983
C,2023,11,RSI_14_Scaled,0.0037160012871026993,0.0010218742536380887,0.5169491525423728,0.4830508474576271
C,2023,11,Price_to_SMA20_Z60,0.00045980975846759975,-0.0002699673641473055,0.3728813559322034,0.6271186440677966
C,2023,11,Intraday_Return_Z60,0.001473635551519692,-0.00047197649837471545,0.3813559322033898,0.6186440677966102
C,2023,11,Daily_Range_Z60,0.0013433231506496668,-0.0006157620809972286,0.3389830508474576,0.6610169491525424
C,2023,11,QQQ_Log_Return_1D,0.003579840064048767,0.0009530580719001591,0.6186440677966102,0.3813559322033898
C,2023,11,QQQ_Log_Return_5D,0.004505569580942392,-0.0004123697872273624,0.4915254237288136,0.5084745762711864
C,2023,11,QQQ_Volatility_14D,0.0007152630132623017,0.0007042395300231874,0.9576271186440678,0.0423728813559322
C,2023,12,Log_Return_1D_Z60,0.0012208668049424887,-4.475478999665938e-05,0.5254237288135594,0.4745762711864407
C,2023,12,Log_Return_5D_Z60,0.004117218777537346,0.0006507689831778407,0.576271186440678,0.423728813559322
C,2023,12,Volatility_14D_Z60,0.0009872603695839643,-0.0005977438413538039,0.23728813559322035,0.7627118644067796
C,2023,12,Relative_Volume_20D_Z60,0.0006210680003277957,-0.0001273857633350417,0.3813559322033898,0.6186440677966102
C,2023,12,RSI_14_Scaled,0.0035357049200683832,0.0010457145981490612,0.5169491525423728,0.4830508474576271
C,2023,12,Price_to_SMA20_Z60,0.00042072805808857083,-0.00021762787946499884,0.3559322033898305,0.6440677966101694
C,2023,12,Intraday_Return_Z60,0.0014894510386511683,0.0001306586345890537,0.4915254237288136,0.5084745762711864
C,2023,12,Daily_Range_Z60,0.0013078717747703195,-0.00036556884879246354,0.3559322033898305,0.6440677966101694
C,2023,12,QQQ_Log_Return_1D,0.004192248452454805,-0.0008925861329771578,0.4661016949152542,0.5338983050847458
C,2023,12,QQQ_Log_Return_5D,0.003963020164519548,-0.00014565247693099082,0.5423728813559322,0.4576271186440678
C,2023,12,QQQ_Volatility_14D,0.0006893377285450697,0.0006767407176084816,0.9491525423728814,0.05084745762711865
C,2023,13,Log_Return_1D_Z60,0.0010319722350686789,-9.624590893508866e-05,0.4915254237288136,0.5084745762711864
C,2023,13,Log_Return_5D_Z60,0.004030721262097359,0.00048491687630303204,0.5677966101694916,0.4322033898305085
C,2023,13,Volatility_14D_Z60,0.0009912285022437572,-0.0005743070505559444,0.2796610169491525,0.7203389830508474
C,2023,13,Relative_Volume_20D_Z60,0.0006889649084769189,-0.00018383905990049243,0.3559322033898305,0.6440677966101694
C,2023,13,RSI_14_Scaled,0.003296080743893981,0.0010403147898614407,0.5338983050847458,0.4661016949152542
C,2023,13,Price_to_SMA20_Z60,0.00042281378409825265,-0.0001761205930961296,0.4067796610169492,0.5932203389830508
C,2023,13,Intraday_Return_Z60,0.0013650733744725585,-2.0931898689013906e-05,0.5338983050847458,0.4661016949152542
C,2023,13,Daily_Range_Z60,0.0014093981590121984,-0.0006277362699620426,0.2627118644067797,0.7372881355932204
C,2023,13,QQQ_Log_Return_1D,0.0033910833299160004,-0.00028281615232117474,0.4830508474576271,0.5169491525423728
C,2023,13,QQQ_Log_Return_5D,0.003840140299871564,0.00016659536049701273,0.5169491525423728,0.4830508474576271
C,2023,13,QQQ_Volatility_14D,0.0006980067119002342,0.0006865395116619766,0.940677966101695,0.059322033898305086
C,2023,14,Log_Return_1D_Z60,0.0010697203688323498,0.00012266366684343666,0.576271186440678,0.423728813559322
C,2023,14,Log_Return_5D_Z60,0.004243279807269573,0.00028150269645266235,0.5084745762711864,0.4915254237288136
C,2023,14,Volatility_14D_Z60,0.0009627039544284344,-0.0005717398598790169,0.2288135593220339,0.7711864406779662
C,2023,14,Relative_Volume_20D_Z60,0.0005701339687220752,-0.0003000953292939812,0.2542372881355932,0.7457627118644068
C,2023,14,RSI_14_Scaled,0.0032716626301407814,0.0012602412607520819,0.5508474576271186,0.4491525423728814
C,2023,14,Price_to_SMA20_Z60,0.00040028776857070625,-0.0001405428338330239,0.3898305084745763,0.6101694915254238
C,2023,14,Intraday_Return_Z60,0.0013971927110105753,1.4964306501497049e-05,0.5254237288135594,0.4745762711864407
C,2023,14,Daily_Range_Z60,0.0011539383558556437,-0.0006625159876421094,0.2457627118644068,0.7542372881355932
C,2023,14,QQQ_Log_Return_1D,0.0035364802461117506,-0.0009838328696787357,0.423728813559322,0.576271186440678
C,2023,14,QQQ_Log_Return_5D,0.004200438037514687,0.0007475079037249088,0.559322033898305,0.4406779661016949
C,2023,14,QQQ_Volatility_14D,0.0007016552845016122,0.000689720967784524,0.940677966101695,0.059322033898305086
C,2023,15,Log_Return_1D_Z60,0.0011078835232183337,1.0068396477436181e-05,0.4745762711864407,0.5254237288135594
C,2023,15,Log_Return_5D_Z60,0.0040755486115813255,0.000182708929060027,0.4491525423728814,0.5508474576271186
C,2023,15,Volatility_14D_Z60,0.000938641547691077,-0.0006155570736154914,0.2288135593220339,0.7711864406779662
C,2023,15,Relative_Volume_20D_Z60,0.0006317401421256363,-0.00023387033434119076,0.2966101694915254,0.7033898305084746
C,2023,15,RSI_14_Scaled,0.003385866293683648,0.001221935381181538,0.5932203389830508,0.4067796610169492
C,2023,15,Price_to_SMA20_Z60,0.00045313790906220675,-0.00011666592763504013,0.4576271186440678,0.5423728813559322
C,2023,15,Intraday_Return_Z60,0.0013445314252749085,-2.350444810872432e-05,0.4830508474576271,0.5169491525423728
C,2023,15,Daily_Range_Z60,0.001355659798718989,-0.0006478718714788556,0.23728813559322035,0.7627118644067796
C,2023,15,QQQ_Log_Return_1D,0.003550461260601878,-0.00042479776311665773,0.4576271186440678,0.5423728813559322
C,2023,15,QQQ_Log_Return_5D,0.004393183626234531,0.0011179891880601645,0.6016949152542372,0.3983050847457627
C,2023,15,QQQ_Volatility_14D,0.0007126920390874147,0.0006925049237906933,0.9322033898305084,0.06779661016949153
C,2023,16,Log_Return_1D_Z60,0.0010901781497523189,8.52267476147972e-05,0.5,0.5
C,2023,16,Log_Return_5D_Z60,0.003847637679427862,-0.00047755896230228245,0.4576271186440678,0.5423728813559322
C,2023,16,Volatility_14D_Z60,0.0009546427172608674,-0.0006056512938812375,0.2457627118644068,0.7542372881355932
C,2023,16,Relative_Volume_20D_Z60,0.0007341885357163846,-3.511262184474617e-05,0.3474576271186441,0.652542372881356
C,2023,16,RSI_14_Scaled,0.0034426506608724594,0.0013156381901353598,0.6016949152542372,0.3983050847457627
C,2023,16,Price_to_SMA20_Z60,0.0004354929842520505,-0.00010068701521959156,0.4322033898305085,0.5677966101694916
C,2023,16,Intraday_Return_Z60,0.0014063185080885887,3.299632589914836e-05,0.5338983050847458,0.4661016949152542
C,2023,16,Daily_Range_Z60,0.0012957140570506454,-0.00036364042898640037,0.3389830508474576,0.6610169491525424
C,2023,16,QQQ_Log_Return_1D,0.00339485052973032,-0.00043102423660457134,0.4915254237288136,0.5084745762711864
C,2023,16,QQQ_Log_Return_5D,0.0046675922349095345,0.001903155236504972,0.6694915254237288,0.3305084745762712
C,2023,16,QQQ_Volatility_14D,0.0007241159910336137,0.0007072010193951428,0.9322033898305084,0.06779661016949153
C,2023,17,Log_Return_1D_Z60,0.001117047155275941,0.00027024312294088304,0.5847457627118644,0.4152542372881356
C,2023,17,Log_Return_5D_Z60,0.003763863118365407,-0.0009333710768260062,0.4491525423728814,0.5508474576271186
C,2023,17,Volatility_14D_Z60,0.001010314328595996,-0.000662994512822479,0.211864406779661,0.788135593220339
C,2023,17,Relative_Volume_20D_Z60,0.0007596886716783047,-0.00020614486129488796,0.3220338983050847,0.6779661016949152
C,2023,17,RSI_14_Scaled,0.003515137592330575,0.0016304409364238381,0.635593220338983,0.3644067796610169
C,2023,17,Price_to_SMA20_Z60,0.00044988663285039365,-6.355066579999402e-05,0.4406779661016949,0.559322033898305
C,2023,17,Intraday_Return_Z60,0.0014565669698640704,0.00032351043773815036,0.5508474576271186,0.4491525423728814
C,2023,17,Daily_Range_Z60,0.0015517043648287654,-0.0004059858329128474,0.3559322033898305,0.6440677966101694
C,2023,17,QQQ_Log_Return_1D,0.003520489204674959,-0.0012290386948734522,0.4491525423728814,0.5508474576271186
C,2023,17,QQQ_Log_Return_5D,0.004430745262652636,0.002093034563586116,0.652542372881356,0.3474576271186441
C,2023,17,QQQ_Volatility_14D,0.0007370391977019608,0.0007128411089070141,0.9322033898305084,0.06779661016949153
C,2023,18,Log_Return_1D_Z60,0.0011871283641085029,0.00030958311981521547,0.5677966101694916,0.4322033898305085
C,2023,18,Log_Return_5D_Z60,0.0041839564219117165,-0.0014477847144007683,0.423728813559322,0.576271186440678
C,2023,18,Volatility_14D_Z60,0.0010489813284948468,-0.0006581149064004421,0.211864406779661,0.788135593220339
C,2023,18,Relative_Volume_20D_Z60,0.0007711277576163411,-7.397382432827726e-06,0.3983050847457627,0.6016949152542372
C,2023,18,RSI_14_Scaled,0.003734058467671275,0.0019087976543232799,0.652542372881356,0.3474576271186441
C,2023,18,Price_to_SMA20_Z60,0.00045879383105784655,-4.21076656493824e-05,0.4661016949152542,0.5338983050847458
C,2023,18,Intraday_Return_Z60,0.0014885830460116267,0.00022993692255113274,0.5338983050847458,0.4661016949152542
C,2023,18,Daily_Range_Z60,0.0016052232822403312,-0.00034977300674654543,0.3050847457627119,0.6949152542372882
C,2023,18,QQQ_Log_Return_1D,0.002881977939978242,-0.0006740811513736844,0.423728813559322,0.576271186440678
C,2023,18,QQQ_Log_Return_5D,0.004390533082187176,0.002318904036656022,0.6864406779661016,0.3135593220338983
C,2023,18,QQQ_Volatility_14D,0.0007462305366061628,0.0007319337455555797,0.9322033898305084,0.06779661016949153
C,2023,19,Log_Return_1D_Z60,0.0011632253881543875,-0.00010322498565074056,0.4830508474576271,0.5169491525423728
C,2023,19,Log_Return_5D_Z60,0.004480947274714708,-0.0011070239124819636,0.3898305084745763,0.6101694915254238
C,2023,19,Volatility_14D_Z60,0.0010875995503738523,-0.0006564586656168103,0.22033898305084745,0.7796610169491526
C,2023,19,Relative_Volume_20D_Z60,0.0006663017557002604,-0.00014759594341740012,0.3728813559322034,0.6271186440677966
C,2023,19,RSI_14_Scaled,0.0036481195129454136,0.0018271546578034759,0.6271186440677966,0.3728813559322034
C,2023,19,Price_to_SMA20_Z60,0.000445654324721545,-5.3185147407930344e-05,0.5,0.5
C,2023,19,Intraday_Return_Z60,0.0014795613242313266,-9.553651761962101e-05,0.5423728813559322,0.4576271186440678
C,2023,19,Daily_Range_Z60,0.0013563612010329962,-0.00045827735448256135,0.2966101694915254,0.7033898305084746
C,2023,19,QQQ_Log_Return_1D,0.0032446617260575294,0.00021088140783831477,0.5254237288135594,0.4745762711864407
C,2023,19,QQQ_Log_Return_5D,0.004327497910708189,0.0016313046216964722,0.6271186440677966,0.3728813559322034
C,2023,19,QQQ_Volatility_14D,0.000766233482863754,0.0007429958786815405,0.9322033898305084,0.06779661016949153
C,2023,20,Log_Return_1D_Z60,0.0010235186200588942,-0.0002742462675087154,0.4576271186440678,0.5423728813559322
C,2023,20,Log_Return_5D_Z60,0.004341254010796547,-0.0008360305801033974,0.4406779661016949,0.559322033898305
C,2023,20,Volatility_14D_Z60,0.0011194449616596103,-0.0007394699496217072,0.1864406779661017,0.8135593220338984
C,2023,20,Relative_Volume_20D_Z60,0.0006811355124227703,-0.00011822010856121778,0.3389830508474576,0.6610169491525424
C,2023,20,RSI_14_Scaled,0.0034327616449445486,0.001574919791892171,0.6186440677966102,0.3813559322033898
C,2023,20,Price_to_SMA20_Z60,0.0004166369908489287,-1.692509431450162e-05,0.4915254237288136,0.5084745762711864
C,2023,20,Intraday_Return_Z60,0.001415138365700841,-0.0002886872389353812,0.4406779661016949,0.559322033898305
C,2023,20,Daily_Range_Z60,0.0013329962966963649,-0.0006157775060273707,0.2966101694915254,0.7033898305084746
C,2023,20,QQQ_Log_Return_1D,0.0034155126195400953,0.0003357937966939062,0.5254237288135594,0.4745762711864407
C,2023,20,QQQ_Log_Return_5D,0.004282641224563122,0.001160829677246511,0.6271186440677966,0.3728813559322034
C,2023,20,QQQ_Volatility_14D,0.0007757940911687911,0.0007571273017674685,0.9322033898305084,0.06779661016949153
C,2023,21,Log_Return_1D_Z60,0.0013117025373503566,-1.870190430963703e-06,0.4576271186440678,0.5423728813559322
C,2023,21,Log_Return_5D_Z60,0.004144100937992334,-0.000748838298022747,0.4491525423728814,0.5508474576271186
C,2023,21,Volatility_14D_Z60,0.001107462216168642,-0.000633108604233712,0.22033898305084745,0.7796610169491526
C,2023,21,Relative_Volume_20D_Z60,0.000707759172655642,-4.9072146794060245e-05,0.3813559322033898,0.6186440677966102
C,2023,21,RSI_14_Scaled,0.0033965620677918196,0.001458449405618012,0.6016949152542372,0.3983050847457627
C,2023,21,Price_to_SMA20_Z60,0.00042471534106880426,-2.5167680632876e-06,0.4406779661016949,0.559322033898305
C,2023,21,Intraday_Return_Z60,0.0013585897395387292,-0.0002739023766480386,0.4406779661016949,0.559322033898305
C,2023,21,Daily_Range_Z60,0.0013501938665285707,-0.0005941353738307953,0.3050847457627119,0.6949152542372882
C,2023,21,QQQ_Log_Return_1D,0.003583041252568364,0.0001536392082925886,0.5847457627118644,0.4152542372881356
C,2023,21,QQQ_Log_Return_5D,0.0038306675851345062,0.0007920921198092401,0.5677966101694916,0.4322033898305085
C,2023,21,QQQ_Volatility_14D,0.0007720557041466236,0.000751668878365308,0.940677966101695,0.059322033898305086
C,2023,22,Log_Return_1D_Z60,0.0011063647689297795,0.00019825896015390754,0.5677966101694916,0.4322033898305085
C,2023,22,Log_Return_5D_Z60,0.004066146910190582,-0.0007982869283296168,0.4406779661016949,0.559322033898305
C,2023,22,Volatility_14D_Z60,0.001138180261477828,-0.000637319462839514,0.2288135593220339,0.7711864406779662
C,2023,22,Relative_Volume_20D_Z60,0.0006685742409899831,-2.0068293451913632e-05,0.4322033898305085,0.5677966101694916
C,2023,22,RSI_14_Scaled,0.0033549806103110313,0.0017625143518671393,0.635593220338983,0.3644067796610169
C,2023,22,Price_to_SMA20_Z60,0.00039548485074192286,6.880086584715173e-05,0.4915254237288136,0.5084745762711864
C,2023,22,Intraday_Return_Z60,0.0015717897331342101,0.0001751886447891593,0.576271186440678,0.423728813559322
C,2023,22,Daily_Range_Z60,0.0012509465450420976,-0.00043423991883173585,0.3305084745762712,0.6694915254237288
C,2023,22,QQQ_Log_Return_1D,0.0035353857092559338,-0.000950290821492672,0.4491525423728814,0.5508474576271186
C,2023,22,QQQ_Log_Return_5D,0.0038988220039755106,0.000595790334045887,0.5423728813559322,0.4576271186440678
C,2023,22,QQQ_Volatility_14D,0.0007798600126989186,0.0007561981328763068,0.940677966101695,0.059322033898305086
C,2023,23,Log_Return_1D_Z60,0.0010173966875299811,-6.567928357981145e-05,0.4406779661016949,0.559322033898305
C,2023,23,Log_Return_5D_Z60,0.004037928767502308,-0.00016088256961666048,0.5338983050847458,0.4661016949152542
C,2023,23,Volatility_14D_Z60,0.0011020260863006115,-0.0006152291898615658,0.2033898305084746,0.7966101694915254
C,2023,23,Relative_Volume_20D_Z60,0.000633144925814122,-0.0001834803551901132,0.2796610169491525,0.7203389830508474
C,2023,23,RSI_14_Scaled,0.0031665104907006025,0.0016604700358584523,0.6610169491525424,0.3389830508474576
C,2023,23,Price_to_SMA20_Z60,0.00036363949766382575,8.241552131948993e-05,0.4830508474576271,0.5169491525423728
C,2023,23,Intraday_Return_Z60,0.0013818214647471905,-8.777805487625301e-05,0.4406779661016949,0.559322033898305
C,2023,23,Daily_Range_Z60,0.0014966240851208568,-0.00037637684727087617,0.2796610169491525,0.7203389830508474
C,2023,23,QQQ_Log_Return_1D,0.003009468549862504,-0.00036807943251915276,0.5084745762711864,0.4915254237288136
C,2023,23,QQQ_Log_Return_5D,0.004278995096683502,0.0003966144868172705,0.5084745762711864,0.4915254237288136
C,2023,23,QQQ_Volatility_14D,0.0007868952234275639,0.0007672106148675084,0.9491525423728814,0.05084745762711865
C,2023,24,Log_Return_1D_Z60,0.0009707352728582919,-0.00015790855104569346,0.4152542372881356,0.5847457627118644
C,2023,24,Log_Return_5D_Z60,0.004008263815194368,-8.094653458101675e-05,0.5084745762711864,0.4915254237288136
C,2023,24,Volatility_14D_Z60,0.0011225505731999874,-0.0006830191123299301,0.22033898305084745,0.7796610169491526
C,2023,24,Relative_Volume_20D_Z60,0.0006588688120245934,-7.814947457518429e-05,0.3983050847457627,0.6016949152542372
C,2023,24,RSI_14_Scaled,0.0031611432787030935,0.0015372297493740916,0.6610169491525424,0.3389830508474576
C,2023,24,Price_to_SMA20_Z60,0.000374371389625594,8.480963879264891e-05,0.5084745762711864,0.4915254237288136
C,2023,24,Intraday_Return_Z60,0.0013486911775544286,-0.00010017929162131622,0.4830508474576271,0.5169491525423728
C,2023,24,Daily_Range_Z60,0.0014804990496486425,-0.0004599394742399454,0.3135593220338983,0.6864406779661016
C,2023,24,QQQ_Log_Return_1D,0.003240036778151989,-6.882959860377014e-05,0.5254237288135594,0.4745762711864407
C,2023,24,QQQ_Log_Return_5D,0.004370680078864098,0.0005368059501051903,0.5254237288135594,0.4745762711864407
C,2023,24,QQQ_Volatility_14D,0.0007862812490202487,0.0007705779862590134,0.940677966101695,0.059322033898305086
C,2023,25,Log_Return_1D_Z60,0.0011747876415029168,-7.882764475652948e-05,0.5169491525423728,0.4830508474576271
C,2023,25,Log_Return_5D_Z60,0.00424001133069396,-0.00027982337633147836,0.5254237288135594,0.4745762711864407
C,2023,25,Volatility_14D_Z60,0.0011417665518820286,-0.0006949233938939869,0.2542372881355932,0.7457627118644068
C,2023,25,Relative_Volume_20D_Z60,0.0006041978485882282,-9.449812932871282e-05,0.3898305084745763,0.6101694915254238
C,2023,25,RSI_14_Scaled,0.003259161254391074,0.0014624169562011957,0.5932203389830508,0.4067796610169492
C,2023,25,Price_to_SMA20_Z60,0.00039239099714905024,0.00011273418203927577,0.5508474576271186,0.4491525423728814
C,2023,25,Intraday_Return_Z60,0.0016539350617676973,-0.0002995661925524473,0.4576271186440678,0.5423728813559322
C,2023,25,Daily_Range_Z60,0.0015944958431646228,-0.00033291021827608347,0.2966101694915254,0.7033898305084746
C,2023,25,QQQ_Log_Return_1D,0.0035528873559087515,-0.00038315574056468904,0.4745762711864407,0.5254237288135594
C,2023,25,QQQ_Log_Return_5D,0.004500156734138727,0.0009369394392706454,0.5169491525423728,0.4830508474576271
C,2023,25,QQQ_Volatility_14D,0.0008184557664208114,0.0007907735998742282,0.940677966101695,0.059322033898305086
C,2023,26,Log_Return_1D_Z60,0.0012936975108459592,0.00013908704568166286,0.5084745762711864,0.4915254237288136
C,2023,26,Log_Return_5D_Z60,0.004137131851166487,-0.0004929675487801433,0.5,0.5
C,2023,26,Volatility_14D_Z60,0.0011434986954554915,-0.000660379882901907,0.2457627118644068,0.7542372881355932
C,2023,26,Relative_Volume_20D_Z60,0.0006757182418368757,5.549455090658739e-05,0.4576271186440678,0.5423728813559322
C,2023,26,RSI_14_Scaled,0.00346954632550478,0.0016048941761255264,0.6186440677966102,0.3813559322033898
C,2023,26,Price_to_SMA20_Z60,0.00040004929178394377,9.571068949298933e-05,0.5084745762711864,0.4915254237288136
C,2023,26,Intraday_Return_Z60,0.0015529327793046832,-0.00011822726810351014,0.4830508474576271,0.5169491525423728
C,2023,26,Daily_Range_Z60,0.0012961679603904486,-0.0002502902061678469,0.3813559322033898,0.6186440677966102
C,2023,26,QQQ_Log_Return_1D,0.003345438279211521,-0.00041377890738658607,0.4745762711864407,0.5254237288135594
C,2023,26,QQQ_Log_Return_5D,0.004756074398756027,0.0012919845758005977,0.559322033898305,0.4406779661016949
C,2023,26,QQQ_Volatility_14D,0.0008330722921527922,0.0008134374511428177,0.940677966101695,0.059322033898305086
C,2023,27,Log_Return_1D_Z60,0.001308161998167634,4.265052848495543e-05,0.4915254237288136,0.5084745762711864
C,2023,27,Log_Return_5D_Z60,0.0044907149858772755,-0.00022346813057083637,0.5338983050847458,0.4661016949152542
C,2023,27,Volatility_14D_Z60,0.0011514367070049047,-0.0005397598724812269,0.2627118644067797,0.7372881355932204
C,2023,27,Relative_Volume_20D_Z60,0.0006850798381492496,0.00013232642959337682,0.4830508474576271,0.5169491525423728
C,2023,27,RSI_14_Scaled,0.003663189010694623,0.0017059282399713993,0.6440677966101694,0.3559322033898305
C,2023,27,Price_to_SMA20_Z60,0.00043003380415029824,4.6927329094614834e-05,0.4491525423728814,0.5508474576271186
C,2023,27,Intraday_Return_Z60,0.0015292743919417262,4.5723383664153516e-05,0.5847457627118644,0.4152542372881356
C,2023,27,Daily_Range_Z60,0.0014196201227605343,-0.0002856046485248953,0.3474576271186441,0.652542372881356
C,2023,27,QQQ_Log_Return_1D,0.0036772170569747686,-0.00012663152301684022,0.4745762711864407,0.5254237288135594
C,2023,27,QQQ_Log_Return_5D,0.004357495345175266,0.0009329094900749624,0.559322033898305,0.4406779661016949
C,2023,27,QQQ_Volatility_14D,0.0008292928687296808,0.0008041115361265838,0.940677966101695,0.059322033898305086
C,2023,28,Log_Return_1D_Z60,0.0012097494909539819,-0.0001795360294636339,0.4576271186440678,0.5423728813559322
C,2023,28,Log_Return_5D_Z60,0.004510384984314442,-0.00030130211962386966,0.5338983050847458,0.4661016949152542
C,2023,28,Volatility_14D_Z60,0.0011602734448388219,-0.000533608254045248,0.2542372881355932,0.7457627118644068
C,2023,28,Relative_Volume_20D_Z60,0.0008224372868426144,0.00021516135893762112,0.4491525423728814,0.5508474576271186
C,2023,28,RSI_14_Scaled,0.0033334046602249146,0.0015684631653130054,0.6440677966101694,0.3559322033898305
C,2023,28,Price_to_SMA20_Z60,0.00043251816532574594,7.254377851495519e-05,0.4830508474576271,0.5169491525423728
C,2023,28,Intraday_Return_Z60,0.001587940496392548,-0.000380816898541525,0.4491525423728814,0.5508474576271186
C,2023,28,Daily_Range_Z60,0.0012810701737180352,-0.0004197830567136407,0.3898305084745763,0.6101694915254238
C,2023,28,QQQ_Log_Return_1D,0.003264178056269884,-0.00010542001837166026,0.4745762711864407,0.5254237288135594
C,2023,28,QQQ_Log_Return_5D,0.0042668478563427925,0.000721301359590143,0.559322033898305,0.4406779661016949
C,2023,28,QQQ_Volatility_14D,0.0008437694632448256,0.0008211359963752329,0.940677966101695,0.059322033898305086
C,2023,29,Log_Return_1D_Z60,0.0012954542180523276,-0.00031965269590727985,0.5084745762711864,0.4915254237288136
C,2023,29,Log_Return_5D_Z60,0.004634009208530188,6.62118909531273e-05,0.5254237288135594,0.4745762711864407
C,2023,29,Volatility_14D_Z60,0.0011760833440348506,-0.00043664019904099405,0.2711864406779661,0.7288135593220338
C,2023,29,Relative_Volume_20D_Z60,0.0006327699520625174,0.00013395088899414986,0.4406779661016949,0.559322033898305
C,2023,29,RSI_14_Scaled,0.002991440938785672,0.0012084563495591283,0.6101694915254238,0.3898305084745763
C,2023,29,Price_to_SMA20_Z60,0.00041443415102548897,0.00011489405733300373,0.5254237288135594,0.4745762711864407
C,2023,29,Intraday_Return_Z60,0.0016756249824538827,-0.0005237153964117169,0.4406779661016949,0.559322033898305
C,2023,29,Daily_Range_Z60,0.0015470137586817145,-0.00023567210882902145,0.3559322033898305,0.6440677966101694
C,2023,29,QQQ_Log_Return_1D,0.0036235759034752846,0.00023398894700221717,0.5508474576271186,0.4491525423728814
C,2023,29,QQQ_Log_Return_5D,0.0043648043647408485,0.0004985702107660472,0.5254237288135594,0.4745762711864407
C,2023,29,QQQ_Volatility_14D,0.0008337243343703449,0.0008151215151883662,0.9491525423728814,0.05084745762711865
C,2023,30,Log_Return_1D_Z60,0.001317546353675425,-7.581006502732635e-05,0.5338983050847458,0.4661016949152542
C,2023,30,Log_Return_5D_Z60,0.005121537484228611,-0.00015237560728564858,0.5254237288135594,0.4745762711864407
C,2023,30,Volatility_14D_Z60,0.0010865748627111316,-0.0003617942566052079,0.2711864406779661,0.7288135593220338
C,2023,30,Relative_Volume_20D_Z60,0.00155362649820745,0.0011640298180282116,0.6016949152542372,0.3983050847457627
C,2023,30,RSI_14_Scaled,0.003186354646459222,0.001194232958368957,0.6186440677966102,0.3813559322033898
C,2023,30,Price_to_SMA20_Z60,0.0004785197088494897,0.00016793482063803822,0.4915254237288136,0.5084745762711864
C,2023,30,Intraday_Return_Z60,0.0014176180120557547,-3.2834552712301956e-06,0.5084745762711864,0.4915254237288136
C,2023,30,Daily_Range_Z60,0.001324714394286275,-0.0004282415029592812,0.3474576271186441,0.652542372881356
C,2023,30,QQQ_Log_Return_1D,0.003854708978906274,-0.0006674624746665359,0.4745762711864407,0.5254237288135594
C,2023,30,QQQ_Log_Return_5D,0.004800761584192514,0.0006168566178530455,0.5,0.5
C,2023,30,QQQ_Volatility_14D,0.0008082681451924145,0.0007928104023449123,0.9491525423728814,0.05084745762711865
A,2024,1,Log_Return_1D_Z60,0.002879686886444688,6.175571616040543e-05,0.5327868852459017,0.4672131147540984
A,2024,1,Log_Return_5D_Z60,0.0018740688683465123,-0.00012920366134494543,0.45081967213114754,0.5491803278688525
A,2024,1,Volatility_14D_Z60,0.0011633584508672357,0.0002895562502089888,0.5983606557377049,0.4016393442622951
A,2024,1,Relative_Volume_20D_Z60,0.0017043616389855742,0.0002746855898294598,0.5,0.5
A,2024,1,RSI_14_Scaled,0.001854928326793015,0.0007318513235077262,0.5819672131147541,0.4180327868852459
A,2024,1,Price_to_SMA20_Z60,0.0019768113270401955,-0.00029252233798615634,0.4344262295081967,0.5655737704918032
A,2024,1,Intraday_Return_Z60,0.0015386445447802544,0.000260624336078763,0.5737704918032787,0.4262295081967213
A,2024,1,Daily_Range_Z60,0.002754695015028119,0.0002553072408773005,0.39344262295081966,0.6065573770491803
A,2024,1,QQQ_Log_Return_1D,0.002255900064483285,-3.208730777259916e-05,0.5409836065573771,0.45901639344262296
A,2024,1,QQQ_Log_Return_5D,0.0017363626975566149,-0.00033150476519949734,0.39344262295081966,0.6065573770491803
A,2024,1,QQQ_Volatility_14D,0.0008013002225197852,0.0007433071150444448,0.8852459016393442,0.11475409836065574
A,2024,2,Log_Return_1D_Z60,0.0028096286114305258,-0.0002045589208137244,0.47540983606557374,0.5245901639344263
A,2024,2,Log_Return_5D_Z60,0.0018987036310136318,8.475647337036207e-05,0.5,0.5
A,2024,2,Volatility_14D_Z60,0.0012708500726148486,0.0003329062310513109,0.6065573770491803,0.39344262295081966
A,2024,2,Relative_Volume_20D_Z60,0.0015101298922672868,-0.00017154714441858232,0.5,0.5
A,2024,2,RSI_14_Scaled,0.0017319300677627325,0.0006914058467373252,0.6311475409836066,0.36885245901639346
A,2024,2,Price_to_SMA20_Z60,0.0018617709865793586,-0.00013125254190526903,0.4344262295081967,0.5655737704918032
A,2024,2,Intraday_Return_Z60,0.0015509657096117735,0.0003834999224636704,0.5655737704918032,0.4344262295081967
A,2024,2,Daily_Range_Z60,0.002312092576175928,-0.0005765883252024651,0.3770491803278688,0.6229508196721312
A,2024,2,QQQ_Log_Return_1D,0.0022233177442103624,0.00019799104484263808,0.5573770491803278,0.4426229508196721
A,2024,2,QQQ_Log_Return_5D,0.0015793503262102604,-0.00025903835194185376,0.4016393442622951,0.5983606557377049
A,2024,2,QQQ_Volatility_14D,0.0007941782823763788,0.0007384269265457988,0.8934426229508197,0.10655737704918032
A,2024,3,Log_Return_1D_Z60,0.002562634414061904,-2.4527327695977874e-05,0.47540983606557374,0.5245901639344263
A,2024,3,Log_Return_5D_Z60,0.0018777265213429928,0.00014383214875124395,0.5245901639344263,0.47540983606557374
A,2024,3,Volatility_14D_Z60,0.0012370889307931066,0.00030623580096289515,0.639344262295082,0.36065573770491804
A,2024,3,Relative_Volume_20D_Z60,0.0015089567750692368,-0.00016381064779125154,0.5491803278688525,0.45081967213114754
A,2024,3,RSI_14_Scaled,0.0015358086675405502,0.0006964795757085085,0.5983606557377049,0.4016393442622951
A,2024,3,Price_to_SMA20_Z60,0.0018006708705797791,-5.593442983808927e-05,0.4344262295081967,0.5655737704918032
A,2024,3,Intraday_Return_Z60,0.0013665978331118822,0.000541689689271152,0.5409836065573771,0.45901639344262296
A,2024,3,Daily_Range_Z60,0.0026721199974417686,0.00016216827498283237,0.39344262295081966,0.6065573770491803
A,2024,3,QQQ_Log_Return_1D,0.002323649125173688,0.00013460314949043095,0.5573770491803278,0.4426229508196721
A,2024,3,QQQ_Log_Return_5D,0.0015789663884788752,-0.00019144752877764404,0.4262295081967213,0.5737704918032787
A,2024,3,QQQ_Volatility_14D,0.0007889117114245892,0.000725032645277679,0.8770491803278688,0.12295081967213115
A,2024,4,Log_Return_1D_Z60,0.0029042556416243315,-0.00032211095094680786,0.5081967213114754,0.4918032786885246
A,2024,4,Log_Return_5D_Z60,0.0019339991267770529,0.0003317307564429939,0.5737704918032787,0.4262295081967213
A,2024,4,Volatility_14D_Z60,0.001227666507475078,0.00030493081430904567,0.6475409836065574,0.3524590163934426
A,2024,4,Relative_Volume_20D_Z60,0.0015230674762278795,0.000375739939045161,0.5655737704918032,0.4344262295081967
A,2024,4,RSI_14_Scaled,0.0015836444217711687,0.0008355313912034035,0.6557377049180327,0.3442622950819672
A,2024,4,Price_to_SMA20_Z60,0.0018623468931764364,-1.5909559806459583e-05,0.4262295081967213,0.5737704918032787
A,2024,4,Intraday_Return_Z60,0.001430722652003169,0.0004418767639435828,0.5245901639344263,0.47540983606557374
A,2024,4,Daily_Range_Z60,0.00268589798361063,-0.0003385520540177822,0.3770491803278688,0.6229508196721312
A,2024,4,QQQ_Log_Return_1D,0.001884294324554503,8.51367167342687e-06,0.5409836065573771,0.45901639344262296
A,2024,4,QQQ_Log_Return_5D,0.001722016022540629,-1.12394091047463e-05,0.48360655737704916,0.5163934426229508
A,2024,4,QQQ_Volatility_14D,0.0007981606759130955,0.0007333536050282419,0.8688524590163934,0.13114754098360656
A,2024,5,Log_Return_1D_Z60,0.002712204586714506,0.0005814697942696512,0.5737704918032787,0.4262295081967213
A,2024,5,Log_Return_5D_Z60,0.0019356494303792715,0.0003609731502365321,0.4672131147540984,0.5327868852459017
A,2024,5,Volatility_14D_Z60,0.0012132404372096062,0.00036724586971104145,0.6147540983606558,0.38524590163934425
A,2024,5,Relative_Volume_20D_Z60,0.0013483109651133418,9.049780783243477e-05,0.5327868852459017,0.4672131147540984
A,2024,5,RSI_14_Scaled,0.00164984876755625,0.0007475370075553656,0.6721311475409836,0.32786885245901637
A,2024,5,Price_to_SMA20_Z60,0.0019137552008032799,-0.0001287141058128327,0.4262295081967213,0.5737704918032787
A,2024,5,Intraday_Return_Z60,0.001385553041473031,-9.079358278540894e-05,0.48360655737704916,0.5163934426229508
A,2024,5,Daily_Range_Z60,0.002889689290896058,-0.00030751002486795187,0.3360655737704918,0.6639344262295082
A,2024,5,QQQ_Log_Return_1D,0.0020351451821625233,8.72043747222051e-05,0.5737704918032787,0.4262295081967213
A,2024,5,QQQ_Log_Return_5D,0.0018956896383315325,3.5419128835201263e-05,0.4262295081967213,0.5737704918032787
A,2024,5,QQQ_Volatility_14D,0.0008147369371727109,0.0007452517165802419,0.860655737704918,0.13934426229508196
A,2024,6,Log_Return_1D_Z60,0.0027445275336503983,-0.00019216100918129086,0.4918032786885246,0.5081967213114754
A,2024,6,Log_Return_5D_Z60,0.0019510405836626887,0.0005159020074643195,0.5327868852459017,0.4672131147540984
A,2024,6,Volatility_14D_Z60,0.001286269398406148,0.00046644260874018073,0.6475409836065574,0.3524590163934426
A,2024,6,Relative_Volume_20D_Z60,0.001480183331295848,8.973610238172114e-05,0.5491803278688525,0.45081967213114754
A,2024,6,RSI_14_Scaled,0.0017268108204007149,0.0008548221667297184,0.6557377049180327,0.3442622950819672
A,2024,6,Price_to_SMA20_Z60,0.002019522013142705,-0.00014533572539221495,0.4426229508196721,0.5573770491803278
A,2024,6,Intraday_Return_Z60,0.0013361710589379072,0.00025088564143516123,0.6311475409836066,0.36885245901639346
A,2024,6,Daily_Range_Z60,0.002723343437537551,-0.0003218787023797631,0.39344262295081966,0.6065573770491803
A,2024,6,QQQ_Log_Return_1D,0.001880193711258471,0.0006253733881749213,0.7049180327868853,0.29508196721311475
A,2024,6,QQQ_Log_Return_5D,0.001867108978331089,-0.00020990481425542384,0.45081967213114754,0.5491803278688525
A,2024,6,QQQ_Volatility_14D,0.0008353078155778348,0.0007563827675767243,0.860655737704918,0.13934426229508196
A,2024,7,Log_Return_1D_Z60,0.0023703761398792267,-0.0002672153350431472,0.4672131147540984,0.5327868852459017
A,2024,7,Log_Return_5D_Z60,0.0018986824434250593,0.000468977028504014,0.4672131147540984,0.5327868852459017
A,2024,7,Volatility_14D_Z60,0.0012921455781906843,0.0005292468704283237,0.6475409836065574,0.3524590163934426
A,2024,7,Relative_Volume_20D_Z60,0.0011901013785973191,0.0003103407216258347,0.5737704918032787,0.4262295081967213
A,2024,7,RSI_14_Scaled,0.0017120430711656809,0.0009222826338373125,0.6885245901639344,0.3114754098360656
A,2024,7,Price_to_SMA20_Z60,0.0019372055539861321,-9.261181548936293e-05,0.4180327868852459,0.5819672131147541
A,2024,7,Intraday_Return_Z60,0.0013571426970884204,0.00015222413640003651,0.5,0.5
A,2024,7,Daily_Range_Z60,0.002398198703303933,-0.0006760695832781494,0.3114754098360656,0.6885245901639344
A,2024,7,QQQ_Log_Return_1D,0.0018772156909108162,9.386812598677352e-05,0.6065573770491803,0.39344262295081966
A,2024,7,QQQ_Log_Return_5D,0.001835222472436726,-0.0002140318538295105,0.4262295081967213,0.5737704918032787
A,2024,7,QQQ_Volatility_14D,0.0008342000073753297,0.0007556393975391984,0.860655737704918,0.13934426229508196
A,2024,8,Log_Return_1D_Z60,0.0031843434553593397,3.620143615989946e-05,0.5327868852459017,0.4672131147540984
A,2024,8,Log_Return_5D_Z60,0.0019190767779946327,0.00035805345396511257,0.48360655737704916,0.5163934426229508
A,2024,8,Volatility_14D_Z60,0.0012836537789553404,0.0005206428468227386,0.6475409836065574,0.3524590163934426
A,2024,8,Relative_Volume_20D_Z60,0.0012586660450324416,0.0003201617510057986,0.5163934426229508,0.48360655737704916
A,2024,8,RSI_14_Scaled,0.0017110275803133845,0.0010752006201073527,0.6967213114754098,0.30327868852459017
A,2024,8,Price_to_SMA20_Z60,0.0018676421605050564,-9.638474875828251e-05,0.4262295081967213,0.5737704918032787
A,2024,8,Intraday_Return_Z60,0.0014948195312172174,-0.00018373217608314008,0.4672131147540984,0.5327868852459017
A,2024,8,Daily_Range_Z60,0.00250439764931798,-0.0003435414400883019,0.36065573770491804,0.639344262295082
A,2024,8,QQQ_Log_Return_1D,0.0018794124480336905,-0.00010076515900436789,0.5409836065573771,0.45901639344262296
A,2024,8,QQQ_Log_Return_5D,0.0017551843775436282,-9.013674571178854e-05,0.4426229508196721,0.5573770491803278
A,2024,8,QQQ_Volatility_14D,0.000836883787997067,0.0007587231229990721,0.860655737704918,0.13934426229508196
A,2024,9,Log_Return_1D_Z60,0.0025935189332813025,-0.0005658860318362713,0.45901639344262296,0.5409836065573771
A,2024,9,Log_Return_5D_Z60,0.0017737095477059484,0.0003848087799269706,0.5163934426229508,0.48360655737704916
A,2024,9,Volatility_14D_Z60,0.0012502841418609023,0.0005188632057979703,0.680327868852459,0.319672131147541
A,2024,9,Relative_Volume_20D_Z60,0.0011562391882762313,-4.456515671336092e-05,0.5409836065573771,0.45901639344262296
A,2024,9,RSI_14_Scaled,0.0016807481879368424,0.0011091362684965134,0.7131147540983607,0.28688524590163933
A,2024,9,Price_to_SMA20_Z60,0.0019419447053223848,8.97126883501187e-05,0.5081967213114754,0.4918032786885246
A,2024,9,Intraday_Return_Z60,0.0016260658157989383,0.00044972816249355674,0.5655737704918032,0.4344262295081967
A,2024,9,Daily_Range_Z60,0.002839156659319997,0.0003057642315980047,0.45901639344262296,0.5409836065573771
A,2024,9,QQQ_Log_Return_1D,0.002167228376492858,-0.0001336257701041177,0.5,0.5
A,2024,9,QQQ_Log_Return_5D,0.0016813242109492421,-0.00011003357212757692,0.45901639344262296,0.5409836065573771
A,2024,9,QQQ_Volatility_14D,0.0008197099668905139,0.0007408750243484974,0.860655737704918,0.13934426229508196
A,2024,10,Log_Return_1D_Z60,0.0029827372636646032,0.00014001934323459864,0.5081967213114754,0.4918032786885246
A,2024,10,Log_Return_5D_Z60,0.0018016088288277388,0.00033259810879826546,0.5163934426229508,0.48360655737704916
A,2024,10,Volatility_14D_Z60,0.0012740809470415115,0.0004260755958966911,0.6229508196721312,0.3770491803278688
A,2024,10,Relative_Volume_20D_Z60,0.0011565585155040026,0.00017696234863251448,0.5327868852459017,0.4672131147540984
A,2024,10,RSI_14_Scaled,0.0016944410745054483,0.001109424396418035,0.7295081967213115,0.27049180327868855
A,2024,10,Price_to_SMA20_Z60,0.001952965511009097,8.204855112126097e-05,0.47540983606557374,0.5245901639344263
A,2024,10,Intraday_Return_Z60,0.0014806012623012066,-3.1416725505550858e-06,0.5,0.5
A,2024,10,Daily_Range_Z60,0.00271283439360559,-0.0001537158532300964,0.39344262295081966,0.6065573770491803
A,2024,10,QQQ_Log_Return_1D,0.0021146563813090324,0.0002524886222090572,0.5901639344262295,0.4098360655737705
A,2024,10,QQQ_Log_Return_5D,0.0018074180698022246,-0.0001014393856166862,0.4344262295081967,0.5655737704918032
A,2024,10,QQQ_Volatility_14D,0.0008178701973520219,0.0007431173580698669,0.860655737704918,0.13934426229508196
A,2024,11,Log_Return_1D_Z60,0.002963700797408819,0.00030625442741438746,0.5081967213114754,0.4918032786885246
A,2024,11,Log_Return_5D_Z60,0.0018461232539266348,0.00013547640992328525,0.48360655737704916,0.5163934426229508
A,2024,11,Volatility_14D_Z60,0.0012679416686296463,0.00047305290354415774,0.6475409836065574,0.3524590163934426
A,2024,11,Relative_Volume_20D_Z60,0.0011889456072822213,8.617204002803192e-05,0.48360655737704916,0.5163934426229508
A,2024,11,RSI_14_Scaled,0.0016857420559972525,0.0009854986565187573,0.7049180327868853,0.29508196721311475
A,2024,11,Price_to_SMA20_Z60,0.0020222885068506002,1.4322231436381117e-05,0.45901639344262296,0.5409836065573771
A,2024,11,Intraday_Return_Z60,0.0014745132066309452,0.00030725804390385747,0.5163934426229508,0.48360655737704916
A,2024,11,Daily_Range_Z60,0.00249860854819417,-0.00034643581602722406,0.3770491803278688,0.6229508196721312
A,2024,11,QQQ_Log_Return_1D,0.0019490965642035007,3.415502578718588e-05,0.5655737704918032,0.4344262295081967
A,2024,11,QQQ_Log_Return_5D,0.0017702544573694468,8.212082320824265e-05,0.5245901639344263,0.47540983606557374
A,2024,11,QQQ_Volatility_14D,0.0008457623771391809,0.0007655785302631557,0.860655737704918,0.13934426229508196
A,2024,12,Log_Return_1D_Z60,0.003030301770195365,0.0004619919345714152,0.6147540983606558,0.38524590163934425
A,2024,12,Log_Return_5D_Z60,0.0022199018858373165,-7.89381556387525e-06,0.4426229508196721,0.5573770491803278
A,2024,12,Volatility_14D_Z60,0.0012427628971636295,0.00042397339711897075,0.639344262295082,0.36065573770491804
A,2024,12,Relative_Volume_20D_Z60,0.0015362569829449058,-9.061981836566702e-05,0.45081967213114754,0.5491803278688525
A,2024,12,RSI_14_Scaled,0.0018387485761195421,0.0009921281598508358,0.6147540983606558,0.38524590163934425
A,2024,12,Price_to_SMA20_Z60,0.0023008009884506464,-5.6050859711831436e-05,0.45901639344262296,0.5409836065573771
A,2024,12,Intraday_Return_Z60,0.0017284740461036563,0.000233625658438541,0.47540983606557374,0.5245901639344263
A,2024,12,Daily_Range_Z60,0.0030312887392938137,-0.00015989421808626503,0.3360655737704918,0.6639344262295082
A,2024,12,QQQ_Log_Return_1D,0.0019813822582364082,5.4397307394538075e-05,0.5901639344262295,0.4098360655737705
A,2024,12,QQQ_Log_Return_5D,0.0019951676949858665,0.00013451994163915515,0.5245901639344263,0.47540983606557374
A,2024,12,QQQ_Volatility_14D,0.0008501500124111772,0.0007765564951114357,0.8524590163934426,0.14754098360655737
A,2024,13,Log_Return_1D_Z60,0.0032290564849972725,-0.0005049163592047989,0.47540983606557374,0.5245901639344263
A,2024,13,Log_Return_5D_Z60,0.0021126708015799522,0.00014364274102263153,0.5,0.5
A,2024,13,Volatility_14D_Z60,0.0012947521172463894,0.00034051030525006354,0.6557377049180327,0.3442622950819672
A,2024,13,Relative_Volume_20D_Z60,0.0014769863337278366,-0.0002583868626970798,0.4426229508196721,0.5573770491803278
A,2024,13,RSI_14_Scaled,0.0019028916722163558,0.0010376378195360303,0.6557377049180327,0.3442622950819672
A,2024,13,Price_to_SMA20_Z60,0.002280512358993292,9.671658335719258e-05,0.47540983606557374,0.5245901639344263
A,2024,13,Intraday_Return_Z60,0.0015659482451155782,9.091920946957543e-05,0.4344262295081967,0.5655737704918032
A,2024,13,Daily_Range_Z60,0.003064787480980158,0.00041964600677601993,0.4262295081967213,0.5737704918032787
A,2024,13,QQQ_Log_Return_1D,0.0023484283592551947,-0.00020507269073277712,0.5081967213114754,0.4918032786885246
A,2024,13,QQQ_Log_Return_5D,0.002197207184508443,0.0001721350272418931,0.5327868852459017,0.4672131147540984
A,2024,13,QQQ_Volatility_14D,0.0008415600750595331,0.0007633198401890695,0.8442622950819673,0.1557377049180328
A,2024,14,Log_Return_1D_Z60,0.0025983736850321293,0.0004154788621235639,0.5081967213114754,0.4918032786885246
A,2024,14,Log_Return_5D_Z60,0.0018468254711478949,4.201504452794325e-06,0.5081967213114754,0.4918032786885246
A,2024,14,Volatility_14D_Z60,0.00127910275477916,0.0003907628997694701,0.639344262295082,0.36065573770491804
A,2024,14,Relative_Volume_20D_Z60,0.001143214525654912,-0.000165001634741202,0.38524590163934425,0.6147540983606558
A,2024,14,RSI_14_Scaled,0.001742744934745133,0.0008714926079846919,0.6967213114754098,0.30327868852459017
A,2024,14,Price_to_SMA20_Z60,0.002053207717835903,7.168125648604473e-06,0.4672131147540984,0.5327868852459017
A,2024,14,Intraday_Return_Z60,0.0014222738100215793,-2.370151833019918e-06,0.5573770491803278,0.4426229508196721
A,2024,14,Daily_Range_Z60,0.0024188589304685593,-0.00040149124106392264,0.3770491803278688,0.6229508196721312
A,2024,14,QQQ_Log_Return_1D,0.002076435834169388,0.00015374798385892063,0.6065573770491803,0.39344262295081966
A,2024,14,QQQ_Log_Return_5D,0.00199834699742496,2.058809513982851e-05,0.5163934426229508,0.48360655737704916
A,2024,14,QQQ_Volatility_14D,0.0008368355338461697,0.0007554063922725618,0.8360655737704918,0.16393442622950818
A,2024,15,Log_Return_1D_Z60,0.0033670850098133087,-0.0006043995381332934,0.5327868852459017,0.4672131147540984
A,2024,15,Log_Return_5D_Z60,0.001765475026331842,0.00033993885153904557,0.5081967213114754,0.4918032786885246
A,2024,15,Volatility_14D_Z60,0.0013135467888787389,0.00030193504062481225,0.5901639344262295,0.4098360655737705
A,2024,15,Relative_Volume_20D_Z60,0.0014191648224368691,-0.0003374046355020255,0.45901639344262296,0.5409836065573771
A,2024,15,RSI_14_Scaled,0.001711769262328744,0.0010836146539077163,0.7131147540983607,0.28688524590163933
A,2024,15,Price_to_SMA20_Z60,0.0020568142645061016,0.00023441282974090427,0.45901639344262296,0.5409836065573771
A,2024,15,Intraday_Return_Z60,0.0018348116427659988,0.0002932991774287075,0.5491803278688525,0.45081967213114754
A,2024,15,Daily_Range_Z60,0.0032201893627643585,0.00037986322422511876,0.3770491803278688,0.6229508196721312
A,2024,15,QQQ_Log_Return_1D,0.0021971692331135273,-1.4622141861764248e-05,0.5163934426229508,0.48360655737704916
A,2024,15,QQQ_Log_Return_5D,0.0018289745785295963,0.0001049635757226497,0.5,0.5
A,2024,15,QQQ_Volatility_14D,0.0008316651219502091,0.0007512562442570925,0.8278688524590164,0.1721311475409836
A,2024,16,Log_Return_1D_Z60,0.0032803649082779884,-0.00024188353563658893,0.5,0.5
A,2024,16,Log_Return_5D_Z60,0.0019742650911211967,0.0004764545301441103,0.5081967213114754,0.4918032786885246
A,2024,16,Volatility_14D_Z60,0.0012857046676799655,0.000238430016906932,0.5737704918032787,0.4262295081967213
A,2024,16,Relative_Volume_20D_Z60,0.0016484962543472648,-0.0003685411938931793,0.45081967213114754,0.5491803278688525
A,2024,16,RSI_14_Scaled,0.0018012893851846457,0.0010509834391996264,0.6967213114754098,0.30327868852459017
A,2024,16,Price_to_SMA20_Z60,0.0021496121771633625,0.0002552851219661534,0.4672131147540984,0.5327868852459017
A,2024,16,Intraday_Return_Z60,0.0017541918205097318,0.0003761631378438324,0.5573770491803278,0.4426229508196721
A,2024,16,Daily_Range_Z60,0.002758195623755455,0.000740647257771343,0.5327868852459017,0.4672131147540984
A,2024,16,QQQ_Log_Return_1D,0.00231001153588295,0.0001678642292972654,0.5819672131147541,0.4180327868852459
A,2024,16,QQQ_Log_Return_5D,0.0018672432051971555,4.7391462430823594e-05,0.48360655737704916,0.5163934426229508
A,2024,16,QQQ_Volatility_14D,0.0008271288243122399,0.0007467700634151697,0.8278688524590164,0.1721311475409836
A,2024,17,Log_Return_1D_Z60,0.002849420066922903,-0.0006023248424753547,0.4672131147540984,0.5327868852459017
A,2024,17,Log_Return_5D_Z60,0.0020939926616847515,0.0006955587887205184,0.5819672131147541,0.4180327868852459
A,2024,17,Volatility_14D_Z60,0.0012226901017129421,0.00015818222891539335,0.5573770491803278,0.4426229508196721
A,2024,17,Relative_Volume_20D_Z60,0.0015307153807953,-0.00010539307550061494,0.4426229508196721,0.5573770491803278
A,2024,17,RSI_14_Scaled,0.0018744919216260314,0.0012690945295616984,0.7295081967213115,0.27049180327868855
A,2024,17,Price_to_SMA20_Z60,0.0022037930320948362,0.0003252960741519928,0.5081967213114754,0.4918032786885246
A,2024,17,Intraday_Return_Z60,0.001348848338238895,0.00032766396179795265,0.5737704918032787,0.4262295081967213
A,2024,17,Daily_Range_Z60,0.002746691694483161,-0.00023973702627699822,0.39344262295081966,0.6065573770491803
A,2024,17,QQQ_Log_Return_1D,0.001950669102370739,2.7316087653161958e-05,0.5491803278688525,0.45081967213114754
A,2024,17,QQQ_Log_Return_5D,0.0020157531835138798,0.00011615405674092472,0.5081967213114754,0.4918032786885246
A,2024,17,QQQ_Volatility_14D,0.0008282542694360018,0.0007458546897396445,0.8360655737704918,0.16393442622950818
A,2024,18,Log_Return_1D_Z60,0.0024302667006850243,-0.00015758977679070085,0.5081967213114754,0.4918032786885246
A,2024,18,Log_Return_5D_Z60,0.001923955394886434,0.0006204431410878897,0.5245901639344263,0.47540983606557374
A,2024,18,Volatility_14D_Z60,0.0012862648582085967,0.00014631861995439976,0.5573770491803278,0.4426229508196721
A,2024,18,Relative_Volume_20D_Z60,0.0011435328051447868,3.9576356357429177e-05,0.5081967213114754,0.4918032786885246
A,2024,18,RSI_14_Scaled,0.001851786975748837,0.0013352201785892248,0.7622950819672131,0.23770491803278687
A,2024,18,Price_to_SMA20_Z60,0.0021123490296304226,0.00032695275149308145,0.5245901639344263,0.47540983606557374
A,2024,18,Intraday_Return_Z60,0.0014149778289720416,0.00022649220773018897,0.5163934426229508,0.48360655737704916
A,2024,18,Daily_Range_Z60,0.0024854487273842096,0.00012743764091283083,0.45081967213114754,0.5491803278688525
A,2024,18,QQQ_Log_Return_1D,0.002044328488409519,-0.0002912697091232985,0.5655737704918032,0.4344262295081967
A,2024,18,QQQ_Log_Return_5D,0.0020129235927015543,0.00012021081056445837,0.5245901639344263,0.47540983606557374
A,2024,18,QQQ_Volatility_14D,0.0008305940427817404,0.0007435239967890084,0.8278688524590164,0.1721311475409836
A,2024,19,Log_Return_1D_Z60,0.002375578274950385,-0.00034141799551434815,0.4344262295081967,0.5655737704918032
A,2024,19,Log_Return_5D_Z60,0.0019086418906226754,0.0007139620138332248,0.6065573770491803,0.39344262295081966
A,2024,19,Volatility_14D_Z60,0.0011950965272262692,0.00019535816682036966,0.5901639344262295,0.4098360655737705
A,2024,19,Relative_Volume_20D_Z60,0.00111883576028049,0.0001893382432172075,0.5163934426229508,0.48360655737704916
A,2024,19,RSI_14_Scaled,0.001901636365801096,0.0013920457568019629,0.7459016393442623,0.2540983606557377
A,2024,19,Price_to_SMA20_Z60,0.002055755350738764,0.0004273790109436959,0.5327868852459017,0.4672131147540984
A,2024,19,Intraday_Return_Z60,0.0013816377613693476,0.00047051708679646254,0.5819672131147541,0.4180327868852459
A,2024,19,Daily_Range_Z60,0.0025660404935479164,-0.0004430398694239557,0.319672131147541,0.680327868852459
A,2024,19,QQQ_Log_Return_1D,0.002096399897709489,-0.0005765054957009852,0.4180327868852459,0.5819672131147541
A,2024,19,QQQ_Log_Return_5D,0.0021288874559104443,0.00047677368274889886,0.5901639344262295,0.4098360655737705
A,2024,19,QQQ_Volatility_14D,0.0008163311285898089,0.0007304736645892262,0.819672131147541,0.18032786885245902
A,2024,20,Log_Return_1D_Z60,0.0031108998227864504,-0.0005449875607155263,0.48360655737704916,0.5163934426229508
A,2024,20,Log_Return_5D_Z60,0.0019794346299022436,0.0007352621760219336,0.6065573770491803,0.39344262295081966
A,2024,20,Volatility_14D_Z60,0.0011660754680633545,7.715188257861882e-05,0.5573770491803278,0.4426229508196721
A,2024,20,Relative_Volume_20D_Z60,0.0013445625081658363,5.5289485317189246e-05,0.5327868852459017,0.4672131147540984
A,2024,20,RSI_14_Scaled,0.0019424675265327096,0.0014582080766558647,0.7786885245901639,0.22131147540983606
A,2024,20,Price_to_SMA20_Z60,0.0020988727919757366,0.0005633523687720299,0.5655737704918032,0.4344262295081967
A,2024,20,Intraday_Return_Z60,0.0017482610419392586,0.0005898361559957266,0.5737704918032787,0.4262295081967213
A,2024,20,Daily_Range_Z60,0.0027644892688840628,2.4199034669436514e-05,0.4180327868852459,0.5819672131147541
A,2024,20,QQQ_Log_Return_1D,0.002260860288515687,-0.00021890163770876825,0.4672131147540984,0.5327868852459017
A,2024,20,QQQ_Log_Return_5D,0.0019326548790559173,0.0005058459937572479,0.5737704918032787,0.4262295081967213
A,2024,20,QQQ_Volatility_14D,0.0007945542456582189,0.0007082571974024177,0.8278688524590164,0.1721311475409836
A,2024,21,Log_Return_1D_Z60,0.0025164722464978695,-0.0004155927454121411,0.4672131147540984,0.5327868852459017
A,2024,21,Log_Return_5D_Z60,0.001882215728983283,0.0007975405314937234,0.5901639344262295,0.4098360655737705
A,2024,21,Volatility_14D_Z60,0.0012593456776812673,2.1454998204717413e-05,0.5737704918032787,0.4262295081967213
A,2024,21,Relative_Volume_20D_Z60,0.0013630965258926153,8.697192242834717e-05,0.5163934426229508,0.48360655737704916
A,2024,21,RSI_14_Scaled,0.001927283825352788,0.0016194675117731094,0.8032786885245902,0.19672131147540983
A,2024,21,Price_to_SMA20_Z60,0.001996060833334923,0.0005429379525594413,0.5901639344262295,0.4098360655737705
A,2024,21,Intraday_Return_Z60,0.0013296237448230386,0.00017635994299780577,0.5655737704918032,0.4344262295081967
A,2024,21,Daily_Range_Z60,0.0027416774537414312,-0.00031518194009549916,0.32786885245901637,0.6721311475409836
A,2024,21,QQQ_Log_Return_1D,0.0022159309592097998,0.00015155567962210625,0.5409836065573771,0.45901639344262296
A,2024,21,QQQ_Log_Return_5D,0.001983155496418476,0.0005800914950668812,0.5819672131147541,0.4180327868852459
A,2024,21,QQQ_Volatility_14D,0.0007865955121815205,0.0007022365462034941,0.8278688524590164,0.1721311475409836
A,2024,22,Log_Return_1D_Z60,0.003224059008061886,0.0003389236517250538,0.5163934426229508,0.48360655737704916
A,2024,22,Log_Return_5D_Z60,0.001944040646776557,0.0006510513485409319,0.5655737704918032,0.4344262295081967
A,2024,22,Volatility_14D_Z60,0.0012781471014022827,3.663145253085531e-05,0.6065573770491803,0.39344262295081966
A,2024,22,Relative_Volume_20D_Z60,0.0015032265800982714,0.0005146526382304728,0.5573770491803278,0.4426229508196721
A,2024,22,RSI_14_Scaled,0.0019124161917716265,0.0014425523113459349,0.7704918032786885,0.22950819672131148
A,2024,22,Price_to_SMA20_Z60,0.0020498218946158886,0.0005281107150949538,0.5245901639344263,0.47540983606557374
A,2024,22,Intraday_Return_Z60,0.0017541858833283186,0.00048106344183906913,0.5245901639344263,0.47540983606557374
A,2024,22,Daily_Range_Z60,0.002692361129447818,-2.6990384867531247e-05,0.4344262295081967,0.5655737704918032
A,2024,22,QQQ_Log_Return_1D,0.00228519132360816,0.00034199177753180265,0.6229508196721312,0.3770491803278688
A,2024,22,QQQ_Log_Return_5D,0.0020180121064186096,0.0002951546339318156,0.47540983606557374,0.5245901639344263
A,2024,22,QQQ_Volatility_14D,0.0007747277268208563,0.0006943499320186675,0.8360655737704918,0.16393442622950818
A,2024,23,Log_Return_1D_Z60,0.002654718467965722,-6.078411024645902e-05,0.4918032786885246,0.5081967213114754
A,2024,23,Log_Return_5D_Z60,0.002092935610562563,0.000732118496671319,0.5327868852459017,0.4672131147540984
A,2024,23,Volatility_14D_Z60,0.001186142791993916,2.04427597054746e-05,0.6065573770491803,0.39344262295081966
A,2024,23,Relative_Volume_20D_Z60,0.0012177338358014822,0.00019074241572525352,0.5901639344262295,0.4098360655737705
A,2024,23,RSI_14_Scaled,0.0017819699132815003,0.0013627137523144484,0.7704918032786885,0.22950819672131148
A,2024,23,Price_to_SMA20_Z60,0.0020033083856105804,0.000555231177713722,0.5573770491803278,0.4426229508196721
A,2024,23,Intraday_Return_Z60,0.001382174203172326,0.0003041732998099178,0.5409836065573771,0.45901639344262296
A,2024,23,Daily_Range_Z60,0.002599481726065278,-7.817162986611947e-05,0.39344262295081966,0.6065573770491803
A,2024,23,QQQ_Log_Return_1D,0.002104636514559388,4.734293179353699e-05,0.5983606557377049,0.4016393442622951
A,2024,23,QQQ_Log_Return_5D,0.0021348311565816402,0.0001187267989735119,0.48360655737704916,0.5163934426229508
A,2024,23,QQQ_Volatility_14D,0.0007772530661895871,0.0006844610907137394,0.819672131147541,0.18032786885245902
A,2024,24,Log_Return_1D_Z60,0.0029210031498223543,-0.0002520675479900092,0.5327868852459017,0.4672131147540984
A,2024,24,Log_Return_5D_Z60,0.0020890345331281424,0.0006221082876436412,0.5245901639344263,0.47540983606557374
A,2024,24,Volatility_14D_Z60,0.0011501593980938196,3.559688775567338e-05,0.5901639344262295,0.4098360655737705
A,2024,24,Relative_Volume_20D_Z60,0.001191054587252438,0.00012350241013336927,0.6065573770491803,0.39344262295081966
A,2024,24,RSI_14_Scaled,0.0017809640849009156,0.0012599682668223977,0.7377049180327869,0.26229508196721313
A,2024,24,Price_to_SMA20_Z60,0.0019146049162372947,0.0006882803863845766,0.5901639344262295,0.4098360655737705
A,2024,24,Intraday_Return_Z60,0.0013635647483170033,0.00029984681168571115,0.5081967213114754,0.4918032786885246
A,2024,24,Daily_Range_Z60,0.0025665531866252422,-0.00013159302761778235,0.3524590163934426,0.6475409836065574
A,2024,24,QQQ_Log_Return_1D,0.002558221807703376,-0.0001843973877839744,0.5737704918032787,0.4262295081967213
A,2024,24,QQQ_Log_Return_5D,0.0020100020337849855,-9.781331027625129e-05,0.47540983606557374,0.5245901639344263
A,2024,24,QQQ_Volatility_14D,0.00076520029688254,0.0006677424535155296,0.8114754098360656,0.1885245901639344
A,2024,25,Log_Return_1D_Z60,0.002690363908186555,-6.38011988485232e-05,0.5081967213114754,0.4918032786885246
A,2024,25,Log_Return_5D_Z60,0.002010414144024253,0.00036193817504681647,0.5163934426229508,0.48360655737704916
A,2024,25,Volatility_14D_Z60,0.0010876093292608857,5.455384234664962e-05,0.5983606557377049,0.4016393442622951
A,2024,25,Relative_Volume_20D_Z60,0.0009759468375705183,0.0001495129254180938,0.5409836065573771,0.45901639344262296
A,2024,25,RSI_14_Scaled,0.0017757507739588618,0.0012256891932338476,0.7459016393442623,0.2540983606557377
A,2024,25,Price_to_SMA20_Z60,0.0019503296352922916,0.0006654852768406272,0.5573770491803278,0.4426229508196721
A,2024,25,Intraday_Return_Z60,0.0013298518024384975,0.00020205664623063058,0.4672131147540984,0.5327868852459017
A,2024,25,Daily_Range_Z60,0.002548471326008439,-3.149215262965299e-05,0.4426229508196721,0.5573770491803278
A,2024,25,QQQ_Log_Return_1D,0.002082937164232135,-0.00024796693469397724,0.5081967213114754,0.4918032786885246
A,2024,25,QQQ_Log_Return_5D,0.002154796151444316,-5.6849898101063445e-05,0.5,0.5
A,2024,25,QQQ_Volatility_14D,0.0007527603884227574,0.0006504504126496613,0.8114754098360656,0.1885245901639344
A,2024,26,Log_Return_1D_Z60,0.0029314281418919563,0.0003081214090343565,0.4672131147540984,0.5327868852459017
A,2024,26,Log_Return_5D_Z60,0.002092661801725626,0.00025629677111282945,0.5491803278688525,0.45081967213114754
A,2024,26,Volatility_14D_Z60,0.0011612483067438006,0.00010725918400567025,0.5655737704918032,0.4344262295081967
A,2024,26,Relative_Volume_20D_Z60,0.0011606838088482618,-8.216719288611785e-05,0.5327868852459017,0.4672131147540984
A,2024,26,RSI_14_Scaled,0.001791832153685391,0.0011387199629098177,0.7213114754098361,0.2786885245901639
A,2024,26,Price_to_SMA20_Z60,0.0021951780654489994,0.0006339963292703032,0.5409836065573771,0.45901639344262296
A,2024,26,Intraday_Return_Z60,0.0017525762086734176,0.0006450791261158884,0.5655737704918032,0.4344262295081967
A,2024,26,Daily_Range_Z60,0.0027262724470347166,0.0002534460218157619,0.4344262295081967,0.5655737704918032
A,2024,26,QQQ_Log_Return_1D,0.002591922413557768,-0.0007076303008943796,0.48360655737704916,0.5163934426229508
A,2024,26,QQQ_Log_Return_5D,0.002257396699860692,0.00021177409507799894,0.5409836065573771,0.45901639344262296
A,2024,26,QQQ_Volatility_14D,0.0007349373772740364,0.0006170800188556314,0.8114754098360656,0.1885245901639344
A,2024,27,Log_Return_1D_Z60,0.00285630626603961,-0.0003240880905650556,0.5245901639344263,0.47540983606557374
A,2024,27,Log_Return_5D_Z60,0.002041194122284651,0.0002703645150177181,0.5163934426229508,0.48360655737704916
A,2024,27,Volatility_14D_Z60,0.0012982534244656563,0.0001541828823974356,0.5901639344262295,0.4098360655737705
A,2024,27,Relative_Volume_20D_Z60,0.0010451978305354714,1.990162127185613e-05,0.5,0.5
A,2024,27,RSI_14_Scaled,0.001770154689438641,0.001199058722704649,0.7213114754098361,0.2786885245901639
A,2024,27,Price_to_SMA20_Z60,0.00224598147906363,0.0007117709028534591,0.5327868852459017,0.4672131147540984
A,2024,27,Intraday_Return_Z60,0.0016978356288746,0.00041442475048825145,0.5081967213114754,0.4918032786885246
A,2024,27,Daily_Range_Z60,0.0027919141575694084,-5.115715248393826e-05,0.38524590163934425,0.6147540983606558
A,2024,27,QQQ_Log_Return_1D,0.001959080109372735,0.00013667849998455495,0.6229508196721312,0.3770491803278688
A,2024,27,QQQ_Log_Return_5D,0.0020802572835236788,0.000358326273271814,0.5245901639344263,0.47540983606557374
A,2024,27,QQQ_Volatility_14D,0.0007504792301915586,0.0006349805626086891,0.8114754098360656,0.1885245901639344
A,2024,28,Log_Return_1D_Z60,0.00259355828166008,-0.0001690813951427117,0.4262295081967213,0.5737704918032787
A,2024,28,Log_Return_5D_Z60,0.001856807735748589,0.0001452930737286806,0.5245901639344263,0.47540983606557374
A,2024,28,Volatility_14D_Z60,0.001296335831284523,0.00012360227992758155,0.5245901639344263,0.47540983606557374
A,2024,28,Relative_Volume_20D_Z60,0.0011356264585629106,0.0002871399337891489,0.5901639344262295,0.4098360655737705
A,2024,28,RSI_14_Scaled,0.0017984244041144848,0.001292925444431603,0.7213114754098361,0.2786885245901639
A,2024,28,Price_to_SMA20_Z60,0.002121380530297756,0.0006816414534114301,0.5409836065573771,0.45901639344262296
A,2024,28,Intraday_Return_Z60,0.0015364144928753376,0.00046351118362508714,0.5737704918032787,0.4262295081967213
A,2024,28,Daily_Range_Z60,0.0026245503686368465,9.932056855177507e-05,0.38524590163934425,0.6147540983606558
A,2024,28,QQQ_Log_Return_1D,0.00230641127564013,-7.99438203102909e-05,0.45901639344262296,0.5409836065573771
A,2024,28,QQQ_Log_Return_5D,0.0020916813518851995,0.0005084818694740534,0.5163934426229508,0.48360655737704916
A,2024,28,QQQ_Volatility_14D,0.0007419929024763405,0.0006319706444628537,0.8114754098360656,0.1885245901639344
A,2024,29,Log_Return_1D_Z60,0.003079025773331523,0.00042122945887967944,0.5327868852459017,0.4672131147540984
A,2024,29,Log_Return_5D_Z60,0.0018100182060152292,1.3933959962741937e-05,0.4672131147540984,0.5327868852459017
A,2024,29,Volatility_14D_Z60,0.00140889931935817,0.00022180088853929192,0.5491803278688525,0.45081967213114754
A,2024,29,Relative_Volume_20D_Z60,0.0011069965548813343,0.0003648025158327073,0.680327868852459,0.319672131147541
A,2024,29,RSI_14_Scaled,0.001713494653813541,0.0011143790325149894,0.7377049180327869,0.26229508196721313
A,2024,29,Price_to_SMA20_Z60,0.002014571102336049,0.000579085317440331,0.5491803278688525,0.45081967213114754
A,2024,29,Intraday_Return_Z60,0.0014938194071874022,0.0005297140451148152,0.5491803278688525,0.45081967213114754
A,2024,29,Daily_Range_Z60,0.0022439095191657543,-6.497773574665189e-05,0.4262295081967213,0.5737704918032787
A,2024,29,QQQ_Log_Return_1D,0.0026477123610675335,0.0004046497051604092,0.6065573770491803,0.39344262295081966
A,2024,29,QQQ_Log_Return_5D,0.0018772413022816181,0.0002419827360427007,0.45081967213114754,0.5491803278688525
A,2024,29,QQQ_Volatility_14D,0.0007222614949569106,0.0006079328595660627,0.8032786885245902,0.19672131147540983
A,2024,30,Log_Return_1D_Z60,0.0031376639381051064,-0.000562156259547919,0.36065573770491804,0.639344262295082
A,2024,30,Log_Return_5D_Z60,0.001782259438186884,0.000142966047860682,0.5491803278688525,0.45081967213114754
A,2024,30,Volatility_14D_Z60,0.0014336142921820283,0.00024231318093370646,0.5737704918032787,0.4262295081967213
A,2024,30,Relative_Volume_20D_Z60,0.0026487091090530157,9.602737094382974e-08,0.5409836065573771,0.45901639344262296
A,2024,30,RSI_14_Scaled,0.0018368938472121954,0.001071035978384316,0.7131147540983607,0.28688524590163933
A,2024,30,Price_to_SMA20_Z60,0.002152706729248166,0.0007400447502732277,0.5655737704918032,0.4344262295081967
A,2024,30,Intraday_Return_Z60,0.0019588812720030546,0.00011038348020520061,0.5901639344262295,0.4098360655737705
A,2024,30,Daily_Range_Z60,0.003054393455386162,0.0009506496717222035,0.45901639344262296,0.5409836065573771
A,2024,30,QQQ_Log_Return_1D,0.0028108113911002874,-0.0003322782285977155,0.4918032786885246,0.5081967213114754
A,2024,30,QQQ_Log_Return_5D,0.0017279674066230655,0.00022217673540581018,0.5327868852459017,0.4672131147540984
A,2024,30,QQQ_Volatility_14D,0.0007250822964124382,0.0006017382838763297,0.7950819672131147,0.20491803278688525
B,2024,1,Log_Return_1D_Z60,0.001397434389218688,-6.0387195844668895e-05,0.4672131147540984,0.5327868852459017
B,2024,1,Log_Return_5D_Z60,0.001736717764288187,0.00025528291007503867,0.5655737704918032,0.4344262295081967
B,2024,1,Volatility_14D_Z60,0.0025127395056188107,0.0005254059215076268,0.6065573770491803,0.39344262295081966
B,2024,1,Relative_Volume_20D_Z60,0.003754999954253435,0.0011410777224227786,0.4098360655737705,0.5901639344262295
B,2024,1,RSI_14_Scaled,0.002031681127846241,0.0010014765430241823,0.6229508196721312,0.3770491803278688
B,2024,1,Price_to_SMA20_Z60,0.0005280905170366168,0.00016200548270717263,0.5819672131147541,0.4180327868852459
B,2024,1,Intraday_Return_Z60,0.001689388183876872,-5.973471706965938e-05,0.4918032786885246,0.5081967213114754
B,2024,1,Daily_Range_Z60,0.0014929252211004496,0.000805075338575989,0.4426229508196721,0.5573770491803278
B,2024,1,QQQ_Log_Return_1D,0.001637397101148963,0.00013497202598955482,0.5409836065573771,0.45901639344262296
B,2024,1,QQQ_Log_Return_5D,0.0007624406716786325,0.00012794259237125516,0.5819672131147541,0.4180327868852459
B,2024,1,QQQ_Volatility_14D,0.0025856969878077507,-0.002496798289939761,0.03278688524590164,0.9672131147540983
B,2024,2,Log_Return_1D_Z60,0.0013999001821503043,0.0003378487308509648,0.5245901639344263,0.47540983606557374
B,2024,2,Log_Return_5D_Z60,0.0017845118418335915,0.00015441163850482553,0.5327868852459017,0.4672131147540984
B,2024,2,Volatility_14D_Z60,0.0027389221359044313,0.0006954091368243098,0.6311475409836066,0.36885245901639346
B,2024,2,Relative_Volume_20D_Z60,0.0035264999605715275,0.0009679757640697062,0.39344262295081966,0.6065573770491803
B,2024,2,RSI_14_Scaled,0.001983807422220707,0.0008461765246465802,0.6065573770491803,0.39344262295081966
B,2024,2,Price_to_SMA20_Z60,0.0004914492601528764,0.00013773047248832881,0.5655737704918032,0.4344262295081967
B,2024,2,Intraday_Return_Z60,0.0013893594732508063,-0.0002528327167965472,0.4672131147540984,0.5327868852459017
B,2024,2,Daily_Range_Z60,0.0010413678828626871,0.0002578284766059369,0.5,0.5
B,2024,2,QQQ_Log_Return_1D,0.0015722984680905938,0.0002038155944319442,0.5409836065573771,0.45901639344262296
B,2024,2,QQQ_Log_Return_5D,0.000621079234406352,0.00012845707533415407,0.5737704918032787,0.4262295081967213
B,2024,2,QQQ_Volatility_14D,0.002571752527728677,-0.0024994490668177605,0.040983606557377046,0.9590163934426229
B,2024,3,Log_Return_1D_Z60,0.0011404755059629679,6.781515548937023e-05,0.5245901639344263,0.47540983606557374
B,2024,3,Log_Return_5D_Z60,0.0018042539013549685,8.402502862736583e-05,0.4918032786885246,0.5081967213114754
B,2024,3,Volatility_14D_Z60,0.002693712944164872,0.0008733136346563697,0.6475409836065574,0.3524590163934426
B,2024,3,Relative_Volume_20D_Z60,0.003067492973059416,0.00030821404652670026,0.3770491803278688,0.6229508196721312
B,2024,3,RSI_14_Scaled,0.0018727125134319067,0.0008168070344254375,0.6065573770491803,0.39344262295081966
B,2024,3,Price_to_SMA20_Z60,0.0005081759882159531,0.000182103700353764,0.5573770491803278,0.4426229508196721
B,2024,3,Intraday_Return_Z60,0.001332891988568008,-4.272130172466859e-05,0.4918032786885246,0.5081967213114754
B,2024,3,Daily_Range_Z60,0.0011615600669756532,0.00033794945920817554,0.5081967213114754,0.4918032786885246
B,2024,3,QQQ_Log_Return_1D,0.0016631956677883863,2.1059626305941492e-05,0.5573770491803278,0.4426229508196721
B,2024,3,QQQ_Log_Return_5D,0.0006511624087579548,7.737449777778238e-05,0.5409836065573771,0.45901639344262296
B,2024,3,QQQ_Volatility_14D,0.002556019462645054,-0.002474987180903554,0.040983606557377046,0.9590163934426229
B,2024,4,Log_Return_1D_Z60,0.001379273016937077,0.00014130861382000148,0.4918032786885246,0.5081967213114754
B,2024,4,Log_Return_5D_Z60,0.0018128582742065191,-6.089614544180222e-05,0.4426229508196721,0.5573770491803278
B,2024,4,Volatility_14D_Z60,0.002631992567330599,0.0007354718982242048,0.639344262295082,0.36065573770491804
B,2024,4,Relative_Volume_20D_Z60,0.003066212870180607,5.516174132935703e-05,0.3114754098360656,0.6885245901639344
B,2024,4,RSI_14_Scaled,0.0018538105068728328,0.000800109060946852,0.5491803278688525,0.45081967213114754
B,2024,4,Price_to_SMA20_Z60,0.0005462571862153709,0.00022121481015346944,0.6065573770491803,0.39344262295081966
B,2024,4,Intraday_Return_Z60,0.001548171159811318,-0.00046248920261859894,0.5163934426229508,0.48360655737704916
B,2024,4,Daily_Range_Z60,0.0016371748642995954,0.0005714598228223622,0.4918032786885246,0.5081967213114754
B,2024,4,QQQ_Log_Return_1D,0.0013819928281009197,-2.732391749304952e-06,0.5409836065573771,0.45901639344262296
B,2024,4,QQQ_Log_Return_5D,0.0007074460736475885,0.00014448558795265853,0.5983606557377049,0.4016393442622951
B,2024,4,QQQ_Volatility_14D,0.0025772657245397568,-0.0024868235923349857,0.03278688524590164,0.9672131147540983
B,2024,5,Log_Return_1D_Z60,0.001282798475585878,-0.0003225456748623401,0.4262295081967213,0.5737704918032787
B,2024,5,Log_Return_5D_Z60,0.001767089357599616,0.00010632952762534842,0.5491803278688525,0.45081967213114754
B,2024,5,Volatility_14D_Z60,0.0026505778077989817,0.0007698886911384761,0.6065573770491803,0.39344262295081966
B,2024,5,Relative_Volume_20D_Z60,0.0029432589653879404,-0.0004982801037840545,0.3114754098360656,0.6885245901639344
B,2024,5,RSI_14_Scaled,0.0018856716342270374,0.0009443332673981786,0.5819672131147541,0.4180327868852459
B,2024,5,Price_to_SMA20_Z60,0.0005261884653009474,0.00023873450118117034,0.6557377049180327,0.3442622950819672
B,2024,5,Intraday_Return_Z60,0.0016549521824344993,0.0006828176556155086,0.5737704918032787,0.4262295081967213
B,2024,5,Daily_Range_Z60,0.0016397060826420784,0.000669342465698719,0.5327868852459017,0.4672131147540984
B,2024,5,QQQ_Log_Return_1D,0.0013854141579940915,0.00010465794912306592,0.5573770491803278,0.4426229508196721
B,2024,5,QQQ_Log_Return_5D,0.0007731686346232891,0.00010304190072929487,0.5983606557377049,0.4016393442622951
B,2024,5,QQQ_Volatility_14D,0.0026113397907465696,-0.0025004870258271694,0.040983606557377046,0.9590163934426229
B,2024,6,Log_Return_1D_Z60,0.00130553322378546,0.00010385597852291539,0.5081967213114754,0.4918032786885246
B,2024,6,Log_Return_5D_Z60,0.0018747772555798292,-6.910968659212813e-05,0.48360655737704916,0.5163934426229508
B,2024,6,Volatility_14D_Z60,0.002724326914176345,0.0008290599216707051,0.6065573770491803,0.39344262295081966
B,2024,6,Relative_Volume_20D_Z60,0.0029960433021187782,-0.0002824095427058637,0.36065573770491804,0.639344262295082
B,2024,6,RSI_14_Scaled,0.0020470593590289354,0.0010317934211343527,0.5655737704918032,0.4344262295081967
B,2024,6,Price_to_SMA20_Z60,0.0005287615931592882,0.00030099882860668004,0.6557377049180327,0.3442622950819672
B,2024,6,Intraday_Return_Z60,0.0017061480320990086,-0.00012975027493666857,0.47540983606557374,0.5245901639344263
B,2024,6,Daily_Range_Z60,0.001531731802970171,0.0006899999571032822,0.4672131147540984,0.5327868852459017
B,2024,6,QQQ_Log_Return_1D,0.0013745296746492386,0.0004922231310047209,0.6885245901639344,0.3114754098360656
B,2024,6,QQQ_Log_Return_5D,0.0007844006759114563,1.5187732060439885e-05,0.5819672131147541,0.4180327868852459
B,2024,6,QQQ_Volatility_14D,0.002669175621122122,-0.002528540324419737,0.040983606557377046,0.9590163934426229
B,2024,7,Log_Return_1D_Z60,0.001041487674228847,3.916146670235321e-05,0.5327868852459017,0.4672131147540984
B,2024,7,Log_Return_5D_Z60,0.001761860097758472,9.280822268920019e-05,0.5491803278688525,0.45081967213114754
B,2024,7,Volatility_14D_Z60,0.0026765817310661077,0.0009253713069483638,0.6065573770491803,0.39344262295081966
B,2024,7,Relative_Volume_20D_Z60,0.00276634912006557,-0.000180936956894584,0.32786885245901637,0.6721311475409836
B,2024,7,RSI_14_Scaled,0.002105111489072442,0.0009935686830431223,0.5655737704918032,0.4344262295081967
B,2024,7,Price_to_SMA20_Z60,0.0005160148139111698,0.00030162016628310084,0.6311475409836066,0.36885245901639346
B,2024,7,Intraday_Return_Z60,0.001336124143563211,6.974938150960952e-05,0.47540983606557374,0.5245901639344263
B,2024,7,Daily_Range_Z60,0.00097406015265733,4.316659760661423e-05,0.45901639344262296,0.5409836065573771
B,2024,7,QQQ_Log_Return_1D,0.0013122097589075565,9.464276809012517e-05,0.5901639344262295,0.4098360655737705
B,2024,7,QQQ_Log_Return_5D,0.0007637545932084322,-3.159708285238594e-05,0.5491803278688525,0.45081967213114754
B,2024,7,QQQ_Volatility_14D,0.0026627318002283573,-0.002534599741920829,0.040983606557377046,0.9590163934426229
B,2024,8,Log_Return_1D_Z60,0.00142300792504102,-4.6866181946825236e-05,0.4672131147540984,0.5327868852459017
B,2024,8,Log_Return_5D_Z60,0.0019043426727876067,0.00011264966451562941,0.5327868852459017,0.4672131147540984
B,2024,8,Volatility_14D_Z60,0.0026410557329654694,0.0008417987846769392,0.6065573770491803,0.39344262295081966
B,2024,8,Relative_Volume_20D_Z60,0.002696633106097579,-0.00024337142531294376,0.32786885245901637,0.6721311475409836
B,2024,8,RSI_14_Scaled,0.002097459975630045,0.001072759972885251,0.5737704918032787,0.4262295081967213
B,2024,8,Price_to_SMA20_Z60,0.000536619103513658,0.00034295752993784845,0.680327868852459,0.319672131147541
B,2024,8,Intraday_Return_Z60,0.001525095198303461,4.5708635298069566e-05,0.5491803278688525,0.45081967213114754
B,2024,8,Daily_Range_Z60,0.0015650412533432245,0.0005644686752930284,0.4672131147540984,0.5327868852459017
B,2024,8,QQQ_Log_Return_1D,0.0012834727531298995,-2.145171856682282e-05,0.5409836065573771,0.45901639344262296
B,2024,8,QQQ_Log_Return_5D,0.0006884654285386205,2.884441528294701e-05,0.5655737704918032,0.4344262295081967
B,2024,8,QQQ_Volatility_14D,0.0026670554652810097,-0.002520377514883876,0.040983606557377046,0.9590163934426229
B,2024,9,Log_Return_1D_Z60,0.0012340807588770986,0.00036752098822034895,0.5409836065573771,0.45901639344262296
B,2024,9,Log_Return_5D_Z60,0.0018693436868488789,-1.6126518858072814e-06,0.5,0.5
B,2024,9,Volatility_14D_Z60,0.002628364833071828,0.0009240920771844685,0.639344262295082,0.36065573770491804
B,2024,9,Relative_Volume_20D_Z60,0.0028230983298271894,-3.1029201636556536e-05,0.36885245901639346,0.6311475409836066
B,2024,9,RSI_14_Scaled,0.001960159745067358,0.0008639331790618598,0.5245901639344263,0.47540983606557374
B,2024,9,Price_to_SMA20_Z60,0.0005507640307769179,0.0003776951925829053,0.6885245901639344,0.3114754098360656
B,2024,9,Intraday_Return_Z60,0.0017313185380771756,-0.0005127907497808337,0.47540983606557374,0.5245901639344263
B,2024,9,Daily_Range_Z60,0.0017604137538000941,0.0011827150592580438,0.5819672131147541,0.4180327868852459
B,2024,9,QQQ_Log_Return_1D,0.0015144229400902987,-3.07263653667178e-05,0.5163934426229508,0.48360655737704916
B,2024,9,QQQ_Log_Return_5D,0.0007020800840109587,4.930432260152884e-05,0.5737704918032787,0.4262295081967213
B,2024,9,QQQ_Volatility_14D,0.0026234635151922703,-0.00247265980578959,0.040983606557377046,0.9590163934426229
B,2024,10,Log_Return_1D_Z60,0.0013722020667046309,-0.00011431171151343733,0.4918032786885246,0.5081967213114754
B,2024,10,Log_Return_5D_Z60,0.0018865674501284957,-0.00013768549251835793,0.5,0.5
B,2024,10,Volatility_14D_Z60,0.0025446941144764423,0.0009746313444338739,0.6475409836065574,0.3524590163934426
B,2024,10,Relative_Volume_20D_Z60,0.0026153260841965675,-0.0005355445900931954,0.2786885245901639,0.7213114754098361
B,2024,10,RSI_14_Scaled,0.0019764481112360954,0.0009634323650971055,0.5409836065573771,0.45901639344262296
B,2024,10,Price_to_SMA20_Z60,0.0005460652755573392,0.0003855423128698021,0.7213114754098361,0.2786885245901639
B,2024,10,Intraday_Return_Z60,0.0015591667033731937,5.9218240494374186e-05,0.47540983606557374,0.5245901639344263
B,2024,10,Daily_Range_Z60,0.0013159755617380142,0.00040149965207092464,0.5,0.5
B,2024,10,QQQ_Log_Return_1D,0.0014979796251282096,0.00013754535757470876,0.5737704918032787,0.4262295081967213
B,2024,10,QQQ_Log_Return_5D,0.000757870264351368,9.431245416635647e-06,0.5,0.5
B,2024,10,QQQ_Volatility_14D,0.0026318132877349854,-0.002483868505805731,0.040983606557377046,0.9590163934426229
B,2024,11,Log_Return_1D_Z60,0.0013021776685491204,-0.00012712687021121383,0.4918032786885246,0.5081967213114754
B,2024,11,Log_Return_5D_Z60,0.0017810489516705275,3.453745011938736e-05,0.5491803278688525,0.45081967213114754
B,2024,11,Volatility_14D_Z60,0.0024865963496267796,0.0011359122581779957,0.639344262295082,0.36065573770491804
B,2024,11,Relative_Volume_20D_Z60,0.0025140498764812946,-0.0005050595500506461,0.30327868852459017,0.6967213114754098
B,2024,11,RSI_14_Scaled,0.0020544780418276787,0.0010092025622725487,0.5491803278688525,0.45081967213114754
B,2024,11,Price_to_SMA20_Z60,0.0005766210379078984,0.000405925209634006,0.6967213114754098,0.30327868852459017
B,2024,11,Intraday_Return_Z60,0.0015218696789816022,-6.871332152513787e-05,0.48360655737704916,0.5163934426229508
B,2024,11,Daily_Range_Z60,0.0012582584749907255,0.00028376912814565003,0.5,0.5
B,2024,11,QQQ_Log_Return_1D,0.0013318945420905948,-5.108716504764743e-05,0.5491803278688525,0.45081967213114754
B,2024,11,QQQ_Log_Return_5D,0.0007566928397864103,4.049983999721007e-06,0.4918032786885246,0.5081967213114754
B,2024,11,QQQ_Volatility_14D,0.0026903096586465836,-0.002517612650990486,0.040983606557377046,0.9590163934426229
B,2024,12,Log_Return_1D_Z60,0.0013483940856531262,-0.00019858370069414377,0.38524590163934425,0.6147540983606558
B,2024,12,Log_Return_5D_Z60,0.0021617792081087828,0.00012995208089705557,0.5737704918032787,0.4262295081967213
B,2024,12,Volatility_14D_Z60,0.002416405128315091,0.0011436116183176637,0.6147540983606558,0.38524590163934425
B,2024,12,Relative_Volume_20D_Z60,0.0031540680211037397,3.180528074153699e-05,0.38524590163934425,0.6147540983606558
B,2024,12,RSI_14_Scaled,0.002307658549398184,0.0011986915487796068,0.5983606557377049,0.4016393442622951
B,2024,12,Price_to_SMA20_Z60,0.0006297576474025846,0.00043675932101905346,0.7049180327868853,0.29508196721311475
B,2024,12,Intraday_Return_Z60,0.0016147379064932466,0.00021931434457655996,0.5983606557377049,0.4016393442622951
B,2024,12,Daily_Range_Z60,0.0016108363633975387,0.0005683552590198815,0.5081967213114754,0.4918032786885246
B,2024,12,QQQ_Log_Return_1D,0.0013653705827891827,4.684972736868076e-05,0.6065573770491803,0.39344262295081966
B,2024,12,QQQ_Log_Return_5D,0.0008319204207509756,3.269924854976125e-05,0.5245901639344263,0.47540983606557374
B,2024,12,QQQ_Volatility_14D,0.0026789496187120676,-0.00250987708568573,0.04918032786885246,0.9508196721311475
B,2024,13,Log_Return_1D_Z60,0.0014436471974477172,0.00018154672579839826,0.5245901639344263,0.47540983606557374
B,2024,13,Log_Return_5D_Z60,0.001981802750378847,-0.00011978224938502535,0.5,0.5
B,2024,13,Volatility_14D_Z60,0.0024759224615991116,0.0010687244357541203,0.6475409836065574,0.3524590163934426
B,2024,13,Relative_Volume_20D_Z60,0.003152162069454789,0.00014884656411595643,0.3524590163934426,0.6475409836065574
B,2024,13,RSI_14_Scaled,0.002235021675005555,0.0009861161233857274,0.5655737704918032,0.4344262295081967
B,2024,13,Price_to_SMA20_Z60,0.0006420391728170216,0.0004765905614476651,0.6967213114754098,0.30327868852459017
B,2024,13,Intraday_Return_Z60,0.0018633956788107753,-0.00039100070716813207,0.4918032786885246,0.5081967213114754
B,2024,13,Daily_Range_Z60,0.0017745820805430412,0.0009690167498774827,0.5655737704918032,0.4344262295081967
B,2024,13,QQQ_Log_Return_1D,0.0016206438886001706,-9.319951641373336e-05,0.5245901639344263,0.47540983606557374
B,2024,13,QQQ_Log_Return_5D,0.0009540408500470221,0.00012636538303922862,0.5163934426229508,0.48360655737704916
B,2024,13,QQQ_Volatility_14D,0.002646754030138254,-0.0024558682925999165,0.05737704918032787,0.9426229508196722
B,2024,14,Log_Return_1D_Z60,0.001124477363191545,-0.00010213030327577144,0.4918032786885246,0.5081967213114754
B,2024,14,Log_Return_5D_Z60,0.0018023125594481826,0.00020818230404984206,0.5081967213114754,0.4918032786885246
B,2024,14,Volatility_14D_Z60,0.002451198408380151,0.0010856371372938156,0.6311475409836066,0.36885245901639346
B,2024,14,Relative_Volume_20D_Z60,0.002300762804225087,-0.0006343977292999625,0.3524590163934426,0.6475409836065574
B,2024,14,RSI_14_Scaled,0.0021308104041963816,0.0010299048153683543,0.5901639344262295,0.4098360655737705
B,2024,14,Price_to_SMA20_Z60,0.000587110873311758,0.0004407734959386289,0.7131147540983607,0.28688524590163933
B,2024,14,Intraday_Return_Z60,0.0013758725253865123,9.883990423986688e-05,0.5,0.5
B,2024,14,Daily_Range_Z60,0.0010785566410049796,0.0002712820132728666,0.5327868852459017,0.4672131147540984
B,2024,14,QQQ_Log_Return_1D,0.00149921968113631,0.0001365628413623199,0.6229508196721312,0.3770491803278688
B,2024,14,QQQ_Log_Return_5D,0.0008833714528009295,0.00012637731560971588,0.5655737704918032,0.4344262295081967
B,2024,14,QQQ_Volatility_14D,0.0026389427948743105,-0.0024467017501592636,0.06557377049180328,0.9344262295081968
B,2024,15,Log_Return_1D_Z60,0.0015441753203049302,0.0002154303656425327,0.4672131147540984,0.5327868852459017
B,2024,15,Log_Return_5D_Z60,0.0017766313394531608,4.467564940568991e-05,0.5245901639344263,0.47540983606557374
B,2024,15,Volatility_14D_Z60,0.002425017300993204,0.0009253799798898399,0.5819672131147541,0.4180327868852459
B,2024,15,Relative_Volume_20D_Z60,0.0026796970050781965,-0.00017604345339350402,0.36065573770491804,0.639344262295082
B,2024,15,RSI_14_Scaled,0.0020862589590251446,0.0009365134174004197,0.6065573770491803,0.39344262295081966
B,2024,15,Price_to_SMA20_Z60,0.0005825372645631433,0.0004863836511503905,0.7704918032786885,0.22950819672131148
B,2024,15,Intraday_Return_Z60,0.0019015645375475287,-0.0001712390367174521,0.47540983606557374,0.5245901639344263
B,2024,15,Daily_Range_Z60,0.0017055224161595106,0.0007974060717970133,0.5327868852459017,0.4672131147540984
B,2024,15,QQQ_Log_Return_1D,0.0015093192923814058,5.219198556005722e-06,0.5163934426229508,0.48360655737704916
B,2024,15,QQQ_Log_Return_5D,0.0007957762572914362,0.0002510013000573963,0.6147540983606558,0.38524590163934425
B,2024,15,QQQ_Volatility_14D,0.002626487985253334,-0.0024354252964258194,0.07377049180327869,0.9262295081967213
B,2024,16,Log_Return_1D_Z60,0.0015827169409021735,0.00019424050697125494,0.5,0.5
B,2024,16,Log_Return_5D_Z60,0.0020395165774971247,-0.00019028165843337774,0.5245901639344263,0.47540983606557374
B,2024,16,Volatility_14D_Z60,0.0024329395964741707,0.0008739070035517216,0.5491803278688525,0.45081967213114754
B,2024,16,Relative_Volume_20D_Z60,0.002855763304978609,4.470756175578572e-05,0.4262295081967213,0.5737704918032787
B,2024,16,RSI_14_Scaled,0.0021053198724985123,0.0007751087541691959,0.5573770491803278,0.4426229508196721
B,2024,16,Price_to_SMA20_Z60,0.0006478704744949937,0.000516082567628473,0.7295081967213115,0.27049180327868855
B,2024,16,Intraday_Return_Z60,0.0017212933162227273,-0.00019717587565537542,0.45081967213114754,0.5491803278688525
B,2024,16,Daily_Range_Z60,0.0015908965142443776,0.0010740963043645024,0.5901639344262295,0.4098360655737705
B,2024,16,QQQ_Log_Return_1D,0.0016018652822822332,7.376633584499359e-05,0.5819672131147541,0.4180327868852459
B,2024,16,QQQ_Log_Return_5D,0.0007898369804024696,0.0002801261725835502,0.6147540983606558,0.38524590163934425
B,2024,16,QQQ_Volatility_14D,0.0026102799456566572,-0.002410734537988901,0.07377049180327869,0.9262295081967213
B,2024,17,Log_Return_1D_Z60,0.001262335223145783,0.00024848536122590303,0.5327868852459017,0.4672131147540984
B,2024,17,Log_Return_5D_Z60,0.002107990672811866,-0.00045930611668154597,0.4344262295081967,0.5655737704918032
B,2024,17,Volatility_14D_Z60,0.002432429464533925,0.0008497867383994162,0.5819672131147541,0.4180327868852459
B,2024,17,Relative_Volume_20D_Z60,0.0027618061285465956,-0.00030295646865852177,0.319672131147541,0.680327868852459
B,2024,17,RSI_14_Scaled,0.0021305412519723177,0.0007668015314266086,0.5409836065573771,0.45901639344262296
B,2024,17,Price_to_SMA20_Z60,0.0006491445819847286,0.0005299459444358945,0.8032786885245902,0.19672131147540983
B,2024,17,Intraday_Return_Z60,0.0014056419022381306,-0.0002840164816007018,0.4918032786885246,0.5081967213114754
B,2024,17,Daily_Range_Z60,0.0015239876229315996,0.000715183443389833,0.5819672131147541,0.4180327868852459
B,2024,17,QQQ_Log_Return_1D,0.0013737869448959827,7.874755101511255e-05,0.5655737704918032,0.4344262295081967
B,2024,17,QQQ_Log_Return_5D,0.0008892780751921237,0.0004174178175162524,0.639344262295082,0.36065573770491804
B,2024,17,QQQ_Volatility_14D,0.0026240714360028505,-0.002456325339153409,0.06557377049180328,0.9344262295081968
B,2024,18,Log_Return_1D_Z60,0.001112073310650885,8.973268268164247e-05,0.4918032786885246,0.5081967213114754
B,2024,18,Log_Return_5D_Z60,0.0020002613309770823,-0.0002220345486421138,0.4918032786885246,0.5081967213114754
B,2024,18,Volatility_14D_Z60,0.0025211521424353123,0.0010461400961503386,0.6311475409836066,0.36885245901639346
B,2024,18,Relative_Volume_20D_Z60,0.00228593940846622,-0.0006315113860182464,0.30327868852459017,0.6967213114754098
B,2024,18,RSI_14_Scaled,0.0021279589273035526,0.0007749364012852311,0.5245901639344263,0.47540983606557374
B,2024,18,Price_to_SMA20_Z60,0.0006205677054822445,0.000488519377540797,0.7786885245901639,0.22131147540983606
B,2024,18,Intraday_Return_Z60,0.0015484339091926813,-4.691282447311096e-05,0.4918032786885246,0.5081967213114754
B,2024,18,Daily_Range_Z60,0.0012408195761963725,0.0006480804295279086,0.5245901639344263,0.47540983606557374
B,2024,18,QQQ_Log_Return_1D,0.0013468358665704727,-0.0001632230414543301,0.5655737704918032,0.4344262295081967
B,2024,18,QQQ_Log_Return_5D,0.0008688537054695189,0.00034721873817034066,0.639344262295082,0.36065573770491804
B,2024,18,QQQ_Volatility_14D,0.0026254949625581503,-0.002455773064866662,0.07377049180327869,0.9262295081967213
B,2024,19,Log_Return_1D_Z60,0.0010595304192975163,0.00019926541426684707,0.5655737704918032,0.4344262295081967
B,2024,19,Log_Return_5D_Z60,0.0019717037212103605,-0.00041153415804728866,0.4098360655737705,0.5901639344262295
B,2024,19,Volatility_14D_Z60,0.0024184833746403456,0.001091344398446381,0.6475409836065574,0.3524590163934426
B,2024,19,Relative_Volume_20D_Z60,0.0024611784610897303,-0.0007378549198620021,0.26229508196721313,0.7377049180327869
B,2024,19,RSI_14_Scaled,0.0020703584887087345,0.0007009503897279501,0.5409836065573771,0.45901639344262296
B,2024,19,Price_to_SMA20_Z60,0.0005899669486097991,0.0004486259713303298,0.7786885245901639,0.22131147540983606
B,2024,19,Intraday_Return_Z60,0.0014580782735720277,-0.0005035505746491253,0.4426229508196721,0.5573770491803278
B,2024,19,Daily_Range_Z60,0.0013364773476496339,0.0005348376580514014,0.5081967213114754,0.4918032786885246
B,2024,19,QQQ_Log_Return_1D,0.0014747127424925566,-0.0004115551710128784,0.4344262295081967,0.5655737704918032
B,2024,19,QQQ_Log_Return_5D,0.0009541063918732107,0.0004070428549312055,0.639344262295082,0.36065573770491804
B,2024,19,QQQ_Volatility_14D,0.0025965834502130747,-0.0024404122959822416,0.06557377049180328,0.9344262295081968
B,2024,20,Log_Return_1D_Z60,0.0016097653424367309,0.00014933267084416002,0.5163934426229508,0.48360655737704916
B,2024,20,Log_Return_5D_Z60,0.0020227860659360886,-0.0003963513590861112,0.4098360655737705,0.5901639344262295
B,2024,20,Volatility_14D_Z60,0.0024255013559013605,0.0009113250998780131,0.6311475409836066,0.36885245901639346
B,2024,20,Relative_Volume_20D_Z60,0.0028753303922712803,3.633728192653507e-05,0.3524590163934426,0.6475409836065574
B,2024,20,RSI_14_Scaled,0.0020573243964463472,0.0005273757851682603,0.5409836065573771,0.45901639344262296
B,2024,20,Price_to_SMA20_Z60,0.0005700683104805648,0.0004253287333995104,0.7213114754098361,0.2786885245901639
B,2024,20,Intraday_Return_Z60,0.0016310783103108406,-0.00014345320232678205,0.4262295081967213,0.5737704918032787
B,2024,20,Daily_Range_Z60,0.0014348640106618404,0.000627997680567205,0.5409836065573771,0.45901639344262296
B,2024,20,QQQ_Log_Return_1D,0.0016150882001966238,-0.00015380786499008536,0.45081967213114754,0.5491803278688525
B,2024,20,QQQ_Log_Return_5D,0.0008726911619305611,0.00034798283013515174,0.6229508196721312,0.3770491803278688
B,2024,20,QQQ_Volatility_14D,0.002555181970819831,-0.002409150591120124,0.05737704918032787,0.9426229508196722
B,2024,21,Log_Return_1D_Z60,0.001174858189187944,0.00012145045184297487,0.5327868852459017,0.4672131147540984
B,2024,21,Log_Return_5D_Z60,0.0018490019720047712,-0.00037922480260021985,0.4098360655737705,0.5901639344262295
B,2024,21,Volatility_14D_Z60,0.002543684095144272,0.0008413846953772008,0.6147540983606558,0.38524590163934425
B,2024,21,Relative_Volume_20D_Z60,0.0029752799309790134,-7.298131822608411e-05,0.32786885245901637,0.6721311475409836
B,2024,21,RSI_14_Scaled,0.002120118122547865,0.000569770170841366,0.5,0.5
B,2024,21,Price_to_SMA20_Z60,0.0005414444021880627,0.0003849882341455668,0.7213114754098361,0.2786885245901639
B,2024,21,Intraday_Return_Z60,0.0014381430810317397,-0.00018126772192772478,0.4180327868852459,0.5819672131147541
B,2024,21,Daily_Range_Z60,0.0012324131093919277,0.0003558685421012342,0.48360655737704916,0.5163934426229508
B,2024,21,QQQ_Log_Return_1D,0.0015147920930758119,0.0001912051666295156,0.5245901639344263,0.47540983606557374
B,2024,21,QQQ_Log_Return_5D,0.0008713789866305888,0.0004083322419319302,0.6147540983606558,0.38524590163934425
B,2024,21,QQQ_Volatility_14D,0.0025485006626695395,-0.0023955253418534994,0.05737704918032787,0.9426229508196722
B,2024,22,Log_Return_1D_Z60,0.0014064135029911995,-6.7767636210192e-05,0.48360655737704916,0.5163934426229508
B,2024,22,Log_Return_5D_Z60,0.0018507408676669002,-7.81501003075391e-05,0.45081967213114754,0.5491803278688525
B,2024,22,Volatility_14D_Z60,0.0026435803156346083,0.000554250436834991,0.6147540983606558,0.38524590163934425
B,2024,22,Relative_Volume_20D_Z60,0.0034750676713883877,0.0009076748974621296,0.36885245901639346,0.6311475409836066
B,2024,22,RSI_14_Scaled,0.002089508343487978,0.0005363791715353727,0.5163934426229508,0.48360655737704916
B,2024,22,Price_to_SMA20_Z60,0.0005844940897077322,0.0004130798333790153,0.6885245901639344,0.3114754098360656
B,2024,22,Intraday_Return_Z60,0.0016449125250801444,-0.00022771152725908905,0.45901639344262296,0.5409836065573771
B,2024,22,Daily_Range_Z60,0.001576220616698265,0.0006070096860639751,0.5245901639344263,0.47540983606557374
B,2024,22,QQQ_Log_Return_1D,0.0015643397346138954,0.0003251522721257061,0.639344262295082,0.36065573770491804
B,2024,22,QQQ_Log_Return_5D,0.0008816263289190829,0.00021537479187827557,0.5409836065573771,0.45901639344262296
B,2024,22,QQQ_Volatility_14D,0.0024903444573283195,-0.002353191375732422,0.04918032786885246,0.9508196721311475
B,2024,23,Log_Return_1D_Z60,0.0012398279504850507,-8.043190064199734e-06,0.5081967213114754,0.4918032786885246
B,2024,23,Log_Return_5D_Z60,0.0018492393428459764,-6.510764069389552e-05,0.4672131147540984,0.5327868852459017
B,2024,23,Volatility_14D_Z60,0.0025060875341296196,0.0006291266763582826,0.6147540983606558,0.38524590163934425
B,2024,23,Relative_Volume_20D_Z60,0.0025413199327886105,-0.00014077944797463715,0.3360655737704918,0.6639344262295082
B,2024,23,RSI_14_Scaled,0.0020279374439269304,0.0004948978312313557,0.5,0.5
B,2024,23,Price_to_SMA20_Z60,0.0005401794915087521,0.00038495936314575374,0.6967213114754098,0.30327868852459017
B,2024,23,Intraday_Return_Z60,0.0016279228730127215,0.00018386953161098063,0.4672131147540984,0.5327868852459017
B,2024,23,Daily_Range_Z60,0.0012545408681035042,0.0003139309410471469,0.5327868852459017,0.4672131147540984
B,2024,23,QQQ_Log_Return_1D,0.0014155111275613308,1.3394891539064702e-05,0.5983606557377049,0.4016393442622951
B,2024,23,QQQ_Log_Return_5D,0.0009446428739465773,0.0001826418738346547,0.5655737704918032,0.4344262295081967
B,2024,23,QQQ_Volatility_14D,0.0024890233762562275,-0.0023406839463859797,0.06557377049180328,0.9344262295081968
B,2024,24,Log_Return_1D_Z60,0.0013044151710346341,0.00015408644685521722,0.4672131147540984,0.5327868852459017
B,2024,24,Log_Return_5D_Z60,0.0018333004554733634,-4.877359242527746e-05,0.47540983606557374,0.5245901639344263
B,2024,24,Volatility_14D_Z60,0.0023801052011549473,0.000636022537946701,0.5983606557377049,0.4016393442622951
B,2024,24,Relative_Volume_20D_Z60,0.0023029756266623735,-0.00030860479455441236,0.30327868852459017,0.6967213114754098
B,2024,24,RSI_14_Scaled,0.0020389421842992306,0.00046180401113815606,0.4672131147540984,0.5327868852459017
B,2024,24,Price_to_SMA20_Z60,0.000508776749484241,0.0003558079479262233,0.639344262295082,0.36065573770491804
B,2024,24,Intraday_Return_Z60,0.001447846181690693,-0.0001860282354755327,0.45901639344262296,0.5409836065573771
B,2024,24,Daily_Range_Z60,0.0014420311199501157,0.0005256723961792886,0.45901639344262296,0.5409836065573771
B,2024,24,QQQ_Log_Return_1D,0.001812336384318769,-1.5569577954011038e-05,0.5737704918032787,0.4262295081967213
B,2024,24,QQQ_Log_Return_5D,0.0008977476391009986,7.173600170062855e-05,0.5491803278688525,0.45081967213114754
B,2024,24,QQQ_Volatility_14D,0.0024528661742806435,-0.0022853875998407602,0.07377049180327869,0.9262295081967213
B,2024,25,Log_Return_1D_Z60,0.0012224834645166993,9.433830564375967e-05,0.4918032786885246,0.5081967213114754
B,2024,25,Log_Return_5D_Z60,0.0017754909349605441,3.200218634447083e-05,0.4672131147540984,0.5327868852459017
B,2024,25,Volatility_14D_Z60,0.002263213275000453,0.0006706835119985044,0.6229508196721312,0.3770491803278688
B,2024,25,Relative_Volume_20D_Z60,0.002064450178295374,-0.00037700781831517816,0.38524590163934425,0.6147540983606558
B,2024,25,RSI_14_Scaled,0.0021000185515731573,0.0004906592075712979,0.4262295081967213,0.5737704918032787
B,2024,25,Price_to_SMA20_Z60,0.0004990054294466972,0.00031847547506913543,0.6557377049180327,0.3442622950819672
B,2024,25,Intraday_Return_Z60,0.0013050297275185585,0.0001582505356054753,0.5245901639344263,0.47540983606557374
B,2024,25,Daily_Range_Z60,0.0012681171065196395,0.00020343309734016657,0.5491803278688525,0.45081967213114754
B,2024,25,QQQ_Log_Return_1D,0.0014623766764998436,-0.00017176923574879766,0.5081967213114754,0.4918032786885246
B,2024,25,QQQ_Log_Return_5D,0.000957260956056416,0.00011290634574834257,0.5409836065573771,0.45901639344262296
B,2024,25,QQQ_Volatility_14D,0.0024537891149520874,-0.002288934076204896,0.07377049180327869,0.9262295081967213
B,2024,26,Log_Return_1D_Z60,0.0014039399102330208,-3.733584162546322e-05,0.5327868852459017,0.4672131147540984
B,2024,26,Log_Return_5D_Z60,0.0018764932174235582,0.00010112046584254131,0.45081967213114754,0.5491803278688525
B,2024,26,Volatility_14D_Z60,0.0023942594416439533,0.0006780257099308074,0.6229508196721312,0.3770491803278688
B,2024,26,Relative_Volume_20D_Z60,0.0026516804937273264,0.00012063902977388352,0.36065573770491804,0.639344262295082
B,2024,26,RSI_14_Scaled,0.0021776775829494,0.0005066265002824366,0.48360655737704916,0.5163934426229508
B,2024,26,Price_to_SMA20_Z60,0.000529192911926657,0.00032346186344511807,0.6147540983606558,0.38524590163934425
B,2024,26,Intraday_Return_Z60,0.0017905940767377615,-9.697736459202133e-06,0.4672131147540984,0.5327868852459017
B,2024,26,Daily_Range_Z60,0.0017943521961569786,0.0009793582139536738,0.5245901639344263,0.47540983606557374
B,2024,26,QQQ_Log_Return_1D,0.0017579711275175214,-0.00040947276283986866,0.5,0.5
B,2024,26,QQQ_Log_Return_5D,0.0010650026379153132,0.00014051173639018089,0.5409836065573771,0.45901639344262296
B,2024,26,QQQ_Volatility_14D,0.0024431885685771704,-0.002279863227158785,0.07377049180327869,0.9262295081967213
B,2024,27,Log_Return_1D_Z60,0.0013405903009697795,9.743065311340615e-05,0.47540983606557374,0.5245901639344263
B,2024,27,Log_Return_5D_Z60,0.0017643984174355865,-3.0856364901410416e-05,0.48360655737704916,0.5163934426229508
B,2024,27,Volatility_14D_Z60,0.0025657876394689083,0.0007855553412809968,0.6475409836065574,0.3524590163934426
B,2024,27,Relative_Volume_20D_Z60,0.0022747660987079144,-0.00025181175442412496,0.39344262295081966,0.6065573770491803
B,2024,27,RSI_14_Scaled,0.0022341967560350895,0.00046294403728097677,0.4672131147540984,0.5327868852459017
B,2024,27,Price_to_SMA20_Z60,0.0005188382347114384,0.00027216668240725994,0.6147540983606558,0.38524590163934425
B,2024,27,Intraday_Return_Z60,0.0015240537468343973,-0.00021897889382671565,0.45901639344262296,0.5409836065573771
B,2024,27,Daily_Range_Z60,0.0012770534958690405,0.00013054144801571965,0.4426229508196721,0.5573770491803278
B,2024,27,QQQ_Log_Return_1D,0.001338998437859118,9.423473238712177e-05,0.6229508196721312,0.3770491803278688
B,2024,27,QQQ_Log_Return_5D,0.0009601007914170623,0.0001814834395190701,0.5655737704918032,0.4344262295081967
B,2024,27,QQQ_Volatility_14D,0.0025146917905658484,-0.0023723910562694073,0.07377049180327869,0.9262295081967213
B,2024,28,Log_Return_1D_Z60,0.0012231626315042377,0.00010903013026108965,0.5737704918032787,0.4262295081967213
B,2024,28,Log_Return_5D_Z60,0.0016649863682687283,-9.658528870204464e-05,0.47540983606557374,0.5245901639344263
B,2024,28,Volatility_14D_Z60,0.002657841192558408,0.0007146635907702148,0.6311475409836066,0.36885245901639346
B,2024,28,Relative_Volume_20D_Z60,0.0024532692041248083,3.0906576284905896e-06,0.36885245901639346,0.6311475409836066
B,2024,28,RSI_14_Scaled,0.002194895874708891,0.0005008968291804194,0.4672131147540984,0.5327868852459017
B,2024,28,Price_to_SMA20_Z60,0.000506404903717339,0.00024191928969230503,0.6311475409836066,0.36885245901639346
B,2024,28,Intraday_Return_Z60,0.0016060937196016312,-0.0004006949020549655,0.45901639344262296,0.5409836065573771
B,2024,28,Daily_Range_Z60,0.001316141220740974,0.0004538145731203258,0.47540983606557374,0.5245901639344263
B,2024,28,QQQ_Log_Return_1D,0.001634025713428855,0.0001121764289564453,0.45901639344262296,0.5409836065573771
B,2024,28,QQQ_Log_Return_5D,0.0010197327937930822,0.0002392971800873056,0.5573770491803278,0.4426229508196721
B,2024,28,QQQ_Volatility_14D,0.002469315193593502,-0.002350455615669489,0.07377049180327869,0.9262295081967213
B,2024,29,Log_Return_1D_Z60,0.001392340986058116,1.512830476713134e-05,0.4672131147540984,0.5327868852459017
B,2024,29,Log_Return_5D_Z60,0.0017066546715795994,4.564939808915369e-05,0.5163934426229508,0.48360655737704916
B,2024,29,Volatility_14D_Z60,0.002817117376253009,0.0008386021363548934,0.6557377049180327,0.3442622950819672
B,2024,29,Relative_Volume_20D_Z60,0.0022222271654754877,0.00019572660676203668,0.45901639344262296,0.5409836065573771
B,2024,29,RSI_14_Scaled,0.002147611230611801,0.000523895607329905,0.48360655737704916,0.5163934426229508
B,2024,29,Price_to_SMA20_Z60,0.0004712366790045053,0.0001529355940874666,0.5901639344262295,0.4098360655737705
B,2024,29,Intraday_Return_Z60,0.001401778543367982,-3.853477755910717e-05,0.5081967213114754,0.4918032786885246
B,2024,29,Daily_Range_Z60,0.0011788030387833714,0.00028786645270884037,0.48360655737704916,0.5163934426229508
B,2024,29,QQQ_Log_Return_1D,0.0018371741753071547,0.0002103702281601727,0.6065573770491803,0.39344262295081966
B,2024,29,QQQ_Log_Return_5D,0.0008699778700247407,0.00015676076873205602,0.5573770491803278,0.4426229508196721
B,2024,29,QQQ_Volatility_14D,0.0024189953692257404,-0.0022623760160058737,0.09836065573770492,0.9016393442622951
B,2024,30,Log_Return_1D_Z60,0.0014938563108444214,0.00024345652491319925,0.639344262295082,0.36065573770491804
B,2024,30,Log_Return_5D_Z60,0.0017640284495428205,-0.00010809068771777675,0.4344262295081967,0.5655737704918032
B,2024,30,Volatility_14D_Z60,0.00274649984203279,0.0008899753447622061,0.6475409836065574,0.3524590163934426
B,2024,30,Relative_Volume_20D_Z60,0.00622114771977067,0.004372939933091402,0.5819672131147541,0.4180327868852459
B,2024,30,RSI_14_Scaled,0.0022020204924046993,0.000354237447027117,0.4918032786885246,0.5081967213114754
B,2024,30,Price_to_SMA20_Z60,0.0005069739418104291,0.00016897098976187408,0.5573770491803278,0.4426229508196721
B,2024,30,Intraday_Return_Z60,0.0018254067981615663,-0.00041072117164731026,0.4180327868852459,0.5819672131147541
B,2024,30,Daily_Range_Z60,0.001654922729358077,0.0008502430864609778,0.5163934426229508,0.48360655737704916
B,2024,30,QQQ_Log_Return_1D,0.0019353032112121582,-0.00017172844673041254,0.4918032786885246,0.5081967213114754
B,2024,30,QQQ_Log_Return_5D,0.0007748980424366891,0.0001047949044732377,0.5409836065573771,0.45901639344262296
B,2024,30,QQQ_Volatility_14D,0.0024242147337645292,-0.002233158564195037,0.10655737704918032,0.8934426229508197
C,2024,1,Log_Return_1D_Z60,0.0010801923926919699,3.7561821955023333e-05,0.5655737704918032,0.4344262295081967
C,2024,1,Log_Return_5D_Z60,0.0022219796665012836,0.00010052297875517979,0.4344262295081967,0.5655737704918032
C,2024,1,Volatility_14D_Z60,0.0012395249214023352,0.0004913313896395266,0.5491803278688525,0.45081967213114754
C,2024,1,Relative_Volume_20D_Z60,0.0013640583492815495,-0.0002874556230381131,0.5901639344262295,0.4098360655737705
C,2024,1,RSI_14_Scaled,0.0011843763059005141,0.00044122632243670523,0.6229508196721312,0.3770491803278688
C,2024,1,Price_to_SMA20_Z60,0.0006080985185690224,-0.00015721455565653741,0.4016393442622951,0.5983606557377049
C,2024,1,Intraday_Return_Z60,0.0018177718156948686,0.00040198315400630236,0.5327868852459017,0.4672131147540984
C,2024,1,Daily_Range_Z60,0.003177093807607889,0.0003265932609792799,0.39344262295081966,0.6065573770491803
C,2024,1,QQQ_Log_Return_1D,0.0029634281527251005,0.00017115671653300524,0.45901639344262296,0.5409836065573771
C,2024,1,QQQ_Log_Return_5D,0.0007953087915666401,-4.754660403705202e-05,0.4672131147540984,0.5327868852459017
C,2024,1,QQQ_Volatility_14D,0.0008634597179479897,-0.0007220893749035895,0.21311475409836064,0.7868852459016393
C,2024,2,Log_Return_1D_Z60,0.0010781491873785853,0.00021146291692275554,0.5409836065573771,0.45901639344262296
C,2024,2,Log_Return_5D_Z60,0.0023244530893862247,0.00027485142345540226,0.5163934426229508,0.48360655737704916
C,2024,2,Volatility_14D_Z60,0.0012738547520712018,0.0005623879260383546,0.5983606557377049,0.4016393442622951
C,2024,2,Relative_Volume_20D_Z60,0.00129546073731035,-0.000250339915510267,0.6065573770491803,0.39344262295081966
C,2024,2,RSI_14_Scaled,0.0011462143156677485,0.00036489564809016883,0.6065573770491803,0.39344262295081966
C,2024,2,Price_to_SMA20_Z60,0.0005478080711327493,-0.000106987681647297,0.4180327868852459,0.5819672131147541
C,2024,2,Intraday_Return_Z60,0.0014745265943929553,0.00022630122839473188,0.5491803278688525,0.45081967213114754
C,2024,2,Daily_Range_Z60,0.00254572625271976,-0.000560644140932709,0.3770491803278688,0.6229508196721312
C,2024,2,QQQ_Log_Return_1D,0.0029309610836207867,5.001288445782848e-05,0.4426229508196721,0.5573770491803278
C,2024,2,QQQ_Log_Return_5D,0.0006842960137873888,5.3776886488776654e-05,0.4918032786885246,0.5081967213114754
C,2024,2,QQQ_Volatility_14D,0.0008646690985187888,-0.0007289689965546131,0.20491803278688525,0.7950819672131147
C,2024,3,Log_Return_1D_Z60,0.000853325764182955,0.0001153907724074088,0.6065573770491803,0.39344262295081966
C,2024,3,Log_Return_5D_Z60,0.0023202323354780674,0.00034732307540252805,0.5245901639344263,0.47540983606557374
C,2024,3,Volatility_14D_Z60,0.0012569597456604242,0.0006006424082443118,0.6475409836065574,0.3524590163934426
C,2024,3,Relative_Volume_20D_Z60,0.0012102877954021096,-6.333425699267536e-05,0.6065573770491803,0.39344262295081966
C,2024,3,RSI_14_Scaled,0.0010762587189674377,0.00032936016214080155,0.5901639344262295,0.4098360655737705
C,2024,3,Price_to_SMA20_Z60,0.000533919024746865,-0.00013844370550941676,0.4098360655737705,0.5901639344262295
C,2024,3,Intraday_Return_Z60,0.0015460196882486343,0.000431056076195091,0.5327868852459017,0.4672131147540984
C,2024,3,Daily_Range_Z60,0.003057279856875539,0.00022242710110731423,0.39344262295081966,0.6065573770491803
C,2024,3,QQQ_Log_Return_1D,0.0030566416680812836,-0.00022917147725820541,0.4426229508196721,0.5573770491803278
C,2024,3,QQQ_Log_Return_5D,0.0006244371761567891,1.913250525831245e-05,0.4672131147540984,0.5327868852459017
C,2024,3,QQQ_Volatility_14D,0.0008540000999346375,-0.0007138169603422284,0.22131147540983606,0.7786885245901639
C,2024,4,Log_Return_1D_Z60,0.0010034999577328563,0.00017573725199326873,0.47540983606557374,0.5245901639344263
C,2024,4,Log_Return_5D_Z60,0.0023537620436400175,0.000652502931188792,0.5901639344262295,0.4098360655737705
C,2024,4,Volatility_14D_Z60,0.0012159304460510612,0.0006066295318305492,0.6557377049180327,0.3442622950819672
C,2024,4,Relative_Volume_20D_Z60,0.001163408625870943,0.00013100903015583754,0.7049180327868853,0.29508196721311475
C,2024,4,RSI_14_Scaled,0.0010550477309152484,0.000270732183707878,0.5491803278688525,0.45081967213114754
C,2024,4,Price_to_SMA20_Z60,0.0005771453725174069,-0.00014410060248337686,0.39344262295081966,0.6065573770491803
C,2024,4,Intraday_Return_Z60,0.001569680985994637,0.0006013904931023717,0.5491803278688525,0.45081967213114754
C,2024,4,Daily_Range_Z60,0.00304763438180089,-0.000492484774440527,0.3770491803278688,0.6229508196721312
C,2024,4,QQQ_Log_Return_1D,0.0025256392545998096,0.00010770517837954685,0.45901639344262296,0.5409836065573771
C,2024,4,QQQ_Log_Return_5D,0.0007019132608547807,0.0001642636489123106,0.5245901639344263,0.47540983606557374
C,2024,4,QQQ_Volatility_14D,0.0008624689071439207,-0.0007281710277311504,0.21311475409836064,0.7868852459016393
C,2024,5,Log_Return_1D_Z60,0.0009854028467088938,-0.00018869436462409794,0.5409836065573771,0.45901639344262296
C,2024,5,Log_Return_5D_Z60,0.0023231261875480413,0.0004224875592626631,0.48360655737704916,0.5163934426229508
C,2024,5,Volatility_14D_Z60,0.0012565364595502615,0.0006219414644874632,0.6229508196721312,0.3770491803278688
C,2024,5,Relative_Volume_20D_Z60,0.0012021639849990606,0.00016384580521844327,0.6557377049180327,0.3442622950819672
C,2024,5,RSI_14_Scaled,0.001086206641048193,0.0003187803376931697,0.5819672131147541,0.4180327868852459
C,2024,5,Price_to_SMA20_Z60,0.0005748843541368842,-0.00016279792180284858,0.4098360655737705,0.5901639344262295
C,2024,5,Intraday_Return_Z60,0.001736386097036302,-0.00033976032864302397,0.4918032786885246,0.5081967213114754
C,2024,5,Daily_Range_Z60,0.003288997570052743,-0.00034322094870731235,0.3360655737704918,0.6639344262295082
C,2024,5,QQQ_Log_Return_1D,0.0028667408041656017,7.998330693226308e-05,0.4262295081967213,0.5737704918032787
C,2024,5,QQQ_Log_Return_5D,0.0007919680210761726,0.0002282218192704022,0.5491803278688525,0.45081967213114754
C,2024,5,QQQ_Volatility_14D,0.0008672980475239456,-0.0007324668113142252,0.22131147540983606,0.7786885245901639
C,2024,6,Log_Return_1D_Z60,0.0011282020714133978,0.00046598457265645266,0.5737704918032787,0.4262295081967213
C,2024,6,Log_Return_5D_Z60,0.002392230089753866,0.0007000395562499762,0.5573770491803278,0.4426229508196721
C,2024,6,Volatility_14D_Z60,0.0013893175637349486,0.0007574151968583465,0.6557377049180327,0.3442622950819672
C,2024,6,Relative_Volume_20D_Z60,0.0012641821522265673,6.441615551011637e-05,0.6229508196721312,0.3770491803278688
C,2024,6,RSI_14_Scaled,0.001173732802271843,0.0003292537294328213,0.5655737704918032,0.4344262295081967
C,2024,6,Price_to_SMA20_Z60,0.000617067446000874,-0.0002162749005947262,0.3770491803278688,0.6229508196721312
C,2024,6,Intraday_Return_Z60,0.001594672678038478,0.0003673436585813761,0.6229508196721312,0.3770491803278688
C,2024,6,Daily_Range_Z60,0.0030113558750599623,-0.00045595146366395056,0.39344262295081966,0.6065573770491803
C,2024,6,QQQ_Log_Return_1D,0.0024766363203525543,-0.0006961338222026825,0.29508196721311475,0.7049180327868853
C,2024,6,QQQ_Log_Return_5D,0.0007524799439124763,0.00020654709078371525,0.5901639344262295,0.4098360655737705
C,2024,6,QQQ_Volatility_14D,0.0008918867097236216,-0.0007503062370233238,0.22131147540983606,0.7786885245901639
C,2024,7,Log_Return_1D_Z60,0.0007422837079502642,1.750296178215649e-05,0.5,0.5
C,2024,7,Log_Return_5D_Z60,0.002202811650931835,0.0005560097051784396,0.5163934426229508,0.48360655737704916
C,2024,7,Volatility_14D_Z60,0.0013841231120750308,0.0007300882134586573,0.6475409836065574,0.3524590163934426
C,2024,7,Relative_Volume_20D_Z60,0.0009870012290775776,0.00024309295986313373,0.6721311475409836,0.32786885245901637
C,2024,7,RSI_14_Scaled,0.0012216405011713505,0.0003378629917278886,0.5655737704918032,0.4344262295081967
C,2024,7,Price_to_SMA20_Z60,0.0005904165445826948,-0.0002151780208805576,0.36885245901639346,0.6311475409836066
C,2024,7,Intraday_Return_Z60,0.0015280043007805943,0.0001712018856778741,0.5245901639344263,0.47540983606557374
C,2024,7,Daily_Range_Z60,0.002792317420244217,-0.0008308985270559788,0.3114754098360656,0.6885245901639344
C,2024,7,QQQ_Log_Return_1D,0.0025112468283623457,-0.00014930627366993576,0.39344262295081966,0.6065573770491803
C,2024,7,QQQ_Log_Return_5D,0.0007366700447164476,0.00015635931049473584,0.5327868852459017,0.4672131147540984
C,2024,7,QQQ_Volatility_14D,0.0008997162221930921,-0.0007593809859827161,0.22131147540983606,0.7786885245901639
C,2024,8,Log_Return_1D_Z60,0.0011432458413764834,0.00020289768872316927,0.5163934426229508,0.48360655737704916
C,2024,8,Log_Return_5D_Z60,0.0023026359267532825,0.0005110941710881889,0.5409836065573771,0.45901639344262296
C,2024,8,Volatility_14D_Z60,0.001397566171362996,0.0007050392450764775,0.6557377049180327,0.3442622950819672
C,2024,8,Relative_Volume_20D_Z60,0.0010805908823385835,0.00018260111392010003,0.6557377049180327,0.3442622950819672
C,2024,8,RSI_14_Scaled,0.0012034884421154857,0.00033139786683022976,0.5573770491803278,0.4426229508196721
C,2024,8,Price_to_SMA20_Z60,0.0005721786292269826,-0.00021950676455162466,0.36065573770491804,0.639344262295082
C,2024,8,Intraday_Return_Z60,0.0017222837777808309,-3.670541559586127e-07,0.48360655737704916,0.5163934426229508
C,2024,8,Daily_Range_Z60,0.0028107482939958572,-0.0003597676695790142,0.36065573770491804,0.639344262295082
C,2024,8,QQQ_Log_Return_1D,0.002518025692552328,0.0002900865802075714,0.45901639344262296,0.5409836065573771
C,2024,8,QQQ_Log_Return_5D,0.0007673840154893696,0.0001886056415969506,0.5491803278688525,0.45081967213114754
C,2024,8,QQQ_Volatility_14D,0.0008959287661127746,-0.0007589515880681574,0.22131147540983606,0.7786885245901639
C,2024,9,Log_Return_1D_Z60,0.0009245981345884502,0.0002571923832874745,0.5245901639344263,0.47540983606557374
C,2024,9,Log_Return_5D_Z60,0.0023341963533312082,0.0006697418866679072,0.5737704918032787,0.4262295081967213
C,2024,9,Volatility_14D_Z60,0.0013769351644441485,0.0007551506860181689,0.680327868852459,0.319672131147541
C,2024,9,Relative_Volume_20D_Z60,0.0010498439660295844,6.947864312678576e-05,0.6147540983606558,0.38524590163934425
C,2024,9,RSI_14_Scaled,0.001158573548309505,0.0002078575053019449,0.5081967213114754,0.4918032786885246
C,2024,9,Price_to_SMA20_Z60,0.0006263457471504807,-0.00023062320542521775,0.39344262295081966,0.6065573770491803
C,2024,9,Intraday_Return_Z60,0.0017831330187618732,0.0004976802156306803,0.5245901639344263,0.47540983606557374
C,2024,9,Daily_Range_Z60,0.003191536059603095,0.0003464961191639304,0.45901639344262296,0.5409836065573771
C,2024,9,QQQ_Log_Return_1D,0.003054471919313073,0.00037635400076396763,0.5,0.5
C,2024,9,QQQ_Log_Return_5D,0.0006847010226920247,0.00017993304936680943,0.5491803278688525,0.45081967213114754
C,2024,9,QQQ_Volatility_14D,0.0008698660531081259,-0.0007378780283033848,0.22131147540983606,0.7786885245901639
C,2024,10,Log_Return_1D_Z60,0.0009892360540106893,9.128445526584983e-05,0.5081967213114754,0.4918032786885246
C,2024,10,Log_Return_5D_Z60,0.0023442888632416725,0.000830348115414381,0.5491803278688525,0.45081967213114754
C,2024,10,Volatility_14D_Z60,0.0013611548347398639,0.0008523890865035355,0.680327868852459,0.319672131147541
C,2024,10,Relative_Volume_20D_Z60,0.0010146369459107518,0.0003368886245880276,0.7049180327868853,0.29508196721311475
C,2024,10,RSI_14_Scaled,0.0012112987460568547,0.00024072879750747234,0.5245901639344263,0.47540983606557374
C,2024,10,Price_to_SMA20_Z60,0.000635869859252125,-0.00023080690880306065,0.4262295081967213,0.5737704918032787
C,2024,10,Intraday_Return_Z60,0.0016085818642750382,0.00017482525436207652,0.5081967213114754,0.4918032786885246
C,2024,10,Daily_Range_Z60,0.003017672337591648,-0.0002590688527561724,0.39344262295081966,0.6065573770491803
C,2024,10,QQQ_Log_Return_1D,0.002928426954895258,-0.00016780715668573976,0.4098360655737705,0.5901639344262295
C,2024,10,QQQ_Log_Return_5D,0.0008265433134511113,6.351622141664848e-05,0.5245901639344263,0.47540983606557374
C,2024,10,QQQ_Volatility_14D,0.0008629588410258293,-0.0007302900776267052,0.23770491803278687,0.7622950819672131
C,2024,11,Log_Return_1D_Z60,0.0009261221857741475,-4.725513463199604e-06,0.5245901639344263,0.47540983606557374
C,2024,11,Log_Return_5D_Z60,0.0022202215623110533,0.0004721263248939067,0.4918032786885246,0.5081967213114754
C,2024,11,Volatility_14D_Z60,0.0013285171007737517,0.0008419692749157548,0.6885245901639344,0.3114754098360656
C,2024,11,Relative_Volume_20D_Z60,0.0009720808593556285,0.0002565894101280719,0.680327868852459,0.319672131147541
C,2024,11,RSI_14_Scaled,0.0012386058224365115,0.00026702889590524137,0.5163934426229508,0.48360655737704916
C,2024,11,Price_to_SMA20_Z60,0.0006651476724073291,-0.00022689845354761928,0.4262295081967213,0.5737704918032787
C,2024,11,Intraday_Return_Z60,0.0016956159379333258,0.000288126029772684,0.5163934426229508,0.48360655737704916
C,2024,11,Daily_Range_Z60,0.0027348955627530813,-0.0003241662634536624,0.3770491803278688,0.6229508196721312
C,2024,11,QQQ_Log_Return_1D,0.0027838803362101316,-0.0001076153785106726,0.4344262295081967,0.5655737704918032
C,2024,11,QQQ_Log_Return_5D,0.0008104533771984279,-7.498240393033484e-06,0.5819672131147541,0.4180327868852459
C,2024,11,QQQ_Volatility_14D,0.0008775799651630223,-0.0007315151742659509,0.23770491803278687,0.7622950819672131
C,2024,12,Log_Return_1D_Z60,0.0008845492848195136,-1.0079026651510503e-05,0.5655737704918032,0.4344262295081967
C,2024,12,Log_Return_5D_Z60,0.0028254007920622826,0.0003633458400145173,0.4672131147540984,0.5327868852459017
C,2024,12,Volatility_14D_Z60,0.0013165250420570374,0.0007374979904852808,0.6475409836065574,0.3524590163934426
C,2024,12,Relative_Volume_20D_Z60,0.001296051312237978,-1.7891918105306104e-05,0.5983606557377049,0.4016393442622951
C,2024,12,RSI_14_Scaled,0.0013773544924333692,0.0003749777388293296,0.5655737704918032,0.4344262295081967
C,2024,12,Price_to_SMA20_Z60,0.0007670844788663089,-0.00023306702496483922,0.4016393442622951,0.5983606557377049
C,2024,12,Intraday_Return_Z60,0.0018855476519092917,8.413231989834458e-05,0.4672131147540984,0.5327868852459017
C,2024,12,Daily_Range_Z60,0.0035193997900933027,-0.0001540029188618064,0.3360655737704918,0.6639344262295082
C,2024,12,QQQ_Log_Return_1D,0.0026131414342671633,-1.5111907487153076e-05,0.4098360655737705,0.5901639344262295
C,2024,12,QQQ_Log_Return_5D,0.000901594350580126,-1.7330034097540192e-05,0.5983606557377049,0.4016393442622951
C,2024,12,QQQ_Volatility_14D,0.0008800546638667583,-0.0007285330211743712,0.2459016393442623,0.7540983606557377
C,2024,13,Log_Return_1D_Z60,0.001109412289224565,0.00024900512653402984,0.4918032786885246,0.5081967213114754
C,2024,13,Log_Return_5D_Z60,0.0027929511852562428,0.0004865925875492394,0.5081967213114754,0.4918032786885246
C,2024,13,Volatility_14D_Z60,0.0014015445485711098,0.0008441981626674533,0.680327868852459,0.319672131147541
C,2024,13,Relative_Volume_20D_Z60,0.0013322294689714909,-0.00010932786972261965,0.6147540983606558,0.38524590163934425
C,2024,13,RSI_14_Scaled,0.0012853869702666998,0.0002704728685785085,0.5327868852459017,0.4672131147540984
C,2024,13,Price_to_SMA20_Z60,0.0007546342094428837,-0.00020207816851325333,0.4426229508196721,0.5573770491803278
C,2024,13,Intraday_Return_Z60,0.0019743263255804777,8.083497232291847e-05,0.4180327868852459,0.5819672131147541
C,2024,13,Daily_Range_Z60,0.0033236751332879066,0.0003476539277471602,0.4262295081967213,0.5737704918032787
C,2024,13,QQQ_Log_Return_1D,0.0032822047360241413,0.00043663018732331693,0.4918032786885246,0.5081967213114754
C,2024,13,QQQ_Log_Return_5D,0.000930659647565335,2.2862946934765205e-05,0.5737704918032787,0.4262295081967213
C,2024,13,QQQ_Volatility_14D,0.0008618932915851474,-0.000700989447068423,0.2540983606557377,0.7459016393442623
C,2024,14,Log_Return_1D_Z60,0.0009671605657786131,-0.00018379054381512105,0.45901639344262296,0.5409836065573771
C,2024,14,Log_Return_5D_Z60,0.0025229305028915405,2.2838252334622666e-05,0.5327868852459017,0.4672131147540984
C,2024,14,Volatility_14D_Z60,0.0013576637720689178,0.0008419482037425041,0.680327868852459,0.319672131147541
C,2024,14,Relative_Volume_20D_Z60,0.0009610974811948836,0.00012107606016797945,0.6147540983606558,0.38524590163934425
C,2024,14,RSI_14_Scaled,0.0012529928935691714,0.00031414200202561915,0.5573770491803278,0.4426229508196721
C,2024,14,Price_to_SMA20_Z60,0.0006674648611806333,-0.00017329638649243861,0.4344262295081967,0.5655737704918032
C,2024,14,Intraday_Return_Z60,0.0015960006276145577,-9.507233335170895e-05,0.48360655737704916,0.5163934426229508
C,2024,14,Daily_Range_Z60,0.002706571016460657,-0.0004232992941979319,0.3770491803278688,0.6229508196721312
C,2024,14,QQQ_Log_Return_1D,0.002861655317246914,-0.00011373429151717573,0.39344262295081966,0.6065573770491803
C,2024,14,QQQ_Log_Return_5D,0.0008351869764737785,-7.90562407928519e-05,0.5901639344262295,0.4098360655737705
C,2024,14,QQQ_Volatility_14D,0.0008614325197413564,-0.0007016513263806701,0.26229508196721313,0.7377049180327869
C,2024,15,Log_Return_1D_Z60,0.0012313039042055607,8.344643720192835e-05,0.5,0.5
C,2024,15,Log_Return_5D_Z60,0.00252476311288774,0.0002147793275071308,0.5,0.5
C,2024,15,Volatility_14D_Z60,0.001435982994735241,0.0009460169239901006,0.6475409836065574,0.3524590163934426
C,2024,15,Relative_Volume_20D_Z60,0.001168568036518991,-9.635604510549456e-05,0.6229508196721312,0.3770491803278688
C,2024,15,RSI_14_Scaled,0.0012688771821558475,0.00024107670469675213,0.5573770491803278,0.4426229508196721
C,2024,15,Price_to_SMA20_Z60,0.0006190622807480395,-0.00021601056505460292,0.3770491803278688,0.6229508196721312
C,2024,15,Intraday_Return_Z60,0.0021152596455067396,0.00022964391973800957,0.48360655737704916,0.5163934426229508
C,2024,15,Daily_Range_Z60,0.0034784136805683374,0.00035953198675997555,0.3770491803278688,0.6229508196721312
C,2024,15,QQQ_Log_Return_1D,0.003112171543762088,0.00017773524450603873,0.48360655737704916,0.5163934426229508
C,2024,15,QQQ_Log_Return_5D,0.00077799241989851,-1.2047282780258683e-06,0.5737704918032787,0.4262295081967213
C,2024,15,QQQ_Volatility_14D,0.0008546912577003241,-0.0006927565555088222,0.27049180327868855,0.7295081967213115
C,2024,16,Log_Return_1D_Z60,0.0011685342760756612,0.00011040432582376525,0.5327868852459017,0.4672131147540984
C,2024,16,Log_Return_5D_Z60,0.002668164437636733,0.0003791832714341581,0.5,0.5
C,2024,16,Volatility_14D_Z60,0.001469632494263351,0.0009777926607057452,0.6475409836065574,0.3524590163934426
C,2024,16,Relative_Volume_20D_Z60,0.0011859139194712043,-0.000174842425622046,0.5573770491803278,0.4426229508196721
C,2024,16,RSI_14_Scaled,0.0012935627019032836,0.00013075376045890152,0.5081967213114754,0.4918032786885246
C,2024,16,Price_to_SMA20_Z60,0.0006350941839627922,-0.00018423570145387203,0.36065573770491804,0.639344262295082
C,2024,16,Intraday_Return_Z60,0.001981595763936639,0.00020270911045372486,0.5819672131147541,0.4180327868852459
C,2024,16,Daily_Range_Z60,0.0031348338816314936,0.0010121272644028068,0.5327868852459017,0.4672131147540984
C,2024,16,QQQ_Log_Return_1D,0.003291138680651784,-2.7982152460026555e-05,0.4180327868852459,0.5819672131147541
C,2024,16,QQQ_Log_Return_5D,0.0007807399961166084,0.00010510477295611054,0.5245901639344263,0.47540983606557374
C,2024,16,QQQ_Volatility_14D,0.0008403015090152621,-0.000669641129206866,0.27049180327868855,0.7295081967213115
C,2024,17,Log_Return_1D_Z60,0.0009904088219627738,0.000580273917876184,0.5819672131147541,0.4180327868852459
C,2024,17,Log_Return_5D_Z60,0.0028787273913621902,0.0009181437199003994,0.5655737704918032,0.4344262295081967
C,2024,17,Volatility_14D_Z60,0.0015217806212604046,0.0010734020033851266,0.6639344262295082,0.3360655737704918
C,2024,17,Relative_Volume_20D_Z60,0.0011143703013658524,0.00011886960419360548,0.6639344262295082,0.3360655737704918
C,2024,17,RSI_14_Scaled,0.0013290192000567913,9.171456622425467e-05,0.4918032786885246,0.5081967213114754
C,2024,17,Price_to_SMA20_Z60,0.0006728561711497605,-0.00019402190810069442,0.3770491803278688,0.6229508196721312
C,2024,17,Intraday_Return_Z60,0.0014587609330192208,0.0005797040066681802,0.5737704918032787,0.4262295081967213
C,2024,17,Daily_Range_Z60,0.0030709481798112392,-0.0002454669738654047,0.39344262295081966,0.6065573770491803
C,2024,17,QQQ_Log_Return_1D,0.0027160602621734142,0.00039601436583325267,0.45081967213114754,0.5491803278688525
C,2024,17,QQQ_Log_Return_5D,0.000905248976778239,0.00022650770551990718,0.5819672131147541,0.4180327868852459
C,2024,17,QQQ_Volatility_14D,0.0008332866127602756,-0.0006610587006434798,0.26229508196721313,0.7377049180327869
C,2024,18,Log_Return_1D_Z60,0.0008504266734234989,0.00022370579245034605,0.5409836065573771,0.45901639344262296
C,2024,18,Log_Return_5D_Z60,0.0025652991607785225,0.0008550746715627611,0.5409836065573771,0.45901639344262296
C,2024,18,Volatility_14D_Z60,0.0015694955363869667,0.001093075843527913,0.6721311475409836,0.32786885245901637
C,2024,18,Relative_Volume_20D_Z60,0.0009281443199142814,0.00023884422262199223,0.680327868852459,0.319672131147541
C,2024,18,RSI_14_Scaled,0.0013313171220943332,8.084048749879003e-05,0.4918032786885246,0.5081967213114754
C,2024,18,Price_to_SMA20_Z60,0.0006307451403699815,-0.00021062235464341938,0.36065573770491804,0.639344262295082
C,2024,18,Intraday_Return_Z60,0.0016145583940669894,0.0004310479562263936,0.5573770491803278,0.4426229508196721
C,2024,18,Daily_Range_Z60,0.002817226806655526,0.000298362341709435,0.45081967213114754,0.5491803278688525
C,2024,18,QQQ_Log_Return_1D,0.0028506696689873934,0.0005060510011389852,0.4344262295081967,0.5655737704918032
C,2024,18,QQQ_Log_Return_5D,0.0008623480680398643,0.00016779631550889462,0.6147540983606558,0.38524590163934425
C,2024,18,QQQ_Volatility_14D,0.0008164672181010246,-0.0006264776457101107,0.27049180327868855,0.7295081967213115
C,2024,19,Log_Return_1D_Z60,0.0008158781565725803,0.0003321794210933149,0.5819672131147541,0.4180327868852459
C,2024,19,Log_Return_5D_Z60,0.002560629043728113,0.001261490979231894,0.5983606557377049,0.4016393442622951
C,2024,19,Volatility_14D_Z60,0.0014738719910383224,0.0010341006563976407,0.7131147540983607,0.28688524590163933
C,2024,19,Relative_Volume_20D_Z60,0.0009763839771039784,0.00032840436324477196,0.7377049180327869,0.26229508196721313
C,2024,19,RSI_14_Scaled,0.0013273354852572083,5.6492466683266684e-05,0.5081967213114754,0.4918032786885246
C,2024,19,Price_to_SMA20_Z60,0.0006197026232257485,-0.0001915432803798467,0.36885245901639346,0.6311475409836066
C,2024,19,Intraday_Return_Z60,0.0016265551093965769,0.0007233942160382867,0.5819672131147541,0.4180327868852459
C,2024,19,Daily_Range_Z60,0.0028610145673155785,-0.0005088509642519057,0.319672131147541,0.680327868852459
C,2024,19,QQQ_Log_Return_1D,0.0029443155508488417,0.0009685410768724978,0.5819672131147541,0.4180327868852459
C,2024,19,QQQ_Log_Return_5D,0.0008571764919906855,0.00030835100915282965,0.6311475409836066,0.36885245901639346
C,2024,19,QQQ_Volatility_14D,0.0008087712922133505,-0.0006067401263862848,0.2786885245901639,0.7213114754098361
C,2024,20,Log_Return_1D_Z60,0.00105412642005831,8.204997357097454e-06,0.4672131147540984,0.5327868852459017
C,2024,20,Log_Return_5D_Z60,0.002664948347955942,0.001279691350646317,0.639344262295082,0.36065573770491804
C,2024,20,Volatility_14D_Z60,0.0014661820605397224,0.0009588161483407021,0.6721311475409836,0.32786885245901637
C,2024,20,Relative_Volume_20D_Z60,0.0010610511526465416,4.894374433206394e-05,0.6475409836065574,0.3524590163934426
C,2024,20,RSI_14_Scaled,0.0013108676066622138,-1.852603872976033e-06,0.5081967213114754,0.4918032786885246
C,2024,20,Price_to_SMA20_Z60,0.0006127803935669363,-0.00019952398724853992,0.3770491803278688,0.6229508196721312
C,2024,20,Intraday_Return_Z60,0.0017609564820304513,0.0006434507668018341,0.6229508196721312,0.3770491803278688
C,2024,20,Daily_Range_Z60,0.003079037880524993,3.511985414661467e-05,0.4180327868852459,0.5819672131147541
C,2024,20,QQQ_Log_Return_1D,0.003118869848549366,0.00021180098701734096,0.5327868852459017,0.4672131147540984
C,2024,20,QQQ_Log_Return_5D,0.0008227889193221927,0.00025629287119954824,0.5327868852459017,0.4672131147540984
C,2024,20,QQQ_Volatility_14D,0.00077603361569345,-0.0005672302795574069,0.27049180327868855,0.7295081967213115
C,2024,21,Log_Return_1D_Z60,0.0008278876775875688,0.00020004149700980633,0.5491803278688525,0.45081967213114754
C,2024,21,Log_Return_5D_Z60,0.0026380764320492744,0.0014438830548897386,0.639344262295082,0.36065573770491804
C,2024,21,Volatility_14D_Z60,0.0015334750059992075,0.0010335425613448024,0.6475409836065574,0.3524590163934426
C,2024,21,Relative_Volume_20D_Z60,0.0011957017704844475,4.3456177081679925e-05,0.6557377049180327,0.3442622950819672
C,2024,21,RSI_14_Scaled,0.0013677097158506513,3.687236312543973e-05,0.48360655737704916,0.5163934426229508
C,2024,21,Price_to_SMA20_Z60,0.0005789300776086748,-0.00018450342759024352,0.38524590163934425,0.6147540983606558
C,2024,21,Intraday_Return_Z60,0.0014620550209656358,0.0003073652333114296,0.5819672131147541,0.4180327868852459
C,2024,21,Daily_Range_Z60,0.0029799751937389374,-0.0003951601102016866,0.32786885245901637,0.6721311475409836
C,2024,21,QQQ_Log_Return_1D,0.003153397236019373,9.247636626241729e-06,0.45901639344262296,0.5409836065573771
C,2024,21,QQQ_Log_Return_5D,0.0008302986389026046,0.00022596654889639467,0.5901639344262295,0.4098360655737705
C,2024,21,QQQ_Volatility_14D,0.0007660896517336369,-0.0005430243909358978,0.27049180327868855,0.7295081967213115
C,2024,22,Log_Return_1D_Z60,0.0009714397019706666,-7.653769898752216e-06,0.4180327868852459,0.5819672131147541
C,2024,22,Log_Return_5D_Z60,0.0026007338892668486,0.001034630462527275,0.5655737704918032,0.4344262295081967
C,2024,22,Volatility_14D_Z60,0.0015260236104950309,0.0008921909611672163,0.680327868852459,0.319672131147541
C,2024,22,Relative_Volume_20D_Z60,0.0010731908259913325,7.293908765859669e-06,0.6311475409836066,0.36885245901639346
C,2024,22,RSI_14_Scaled,0.0013542575761675835,5.745016096625477e-06,0.5,0.5
C,2024,22,Price_to_SMA20_Z60,0.0006234491593204439,-0.0001922054070746526,0.3770491803278688,0.6229508196721312
C,2024,22,Intraday_Return_Z60,0.0017179640708491206,0.0002474442298989743,0.5,0.5
C,2024,22,Daily_Range_Z60,0.0030060650315135717,-3.1830506486585364e-05,0.4344262295081967,0.5655737704918032
C,2024,22,QQQ_Log_Return_1D,0.0030927613843232393,-0.0005078107351437211,0.3770491803278688,0.6229508196721312
C,2024,22,QQQ_Log_Return_5D,0.0008699868340045214,7.832806295482442e-05,0.5,0.5
C,2024,22,QQQ_Volatility_14D,0.0007356589776463807,-0.0005216080462560058,0.26229508196721313,0.7377049180327869
C,2024,23,Log_Return_1D_Z60,0.0009590048575773835,-9.229061106452718e-05,0.5573770491803278,0.4426229508196721
C,2024,23,Log_Return_5D_Z60,0.0026522071566432714,0.0008561558206565678,0.5327868852459017,0.4672131147540984
C,2024,23,Volatility_14D_Z60,0.0014101976994425058,0.0009200816275551915,0.6885245901639344,0.3114754098360656
C,2024,23,Relative_Volume_20D_Z60,0.00109511346090585,9.539879101794213e-05,0.6475409836065574,0.3524590163934426
C,2024,23,RSI_14_Scaled,0.0013152356259524822,-2.3631697331438772e-05,0.5163934426229508,0.48360655737704916
C,2024,23,Price_to_SMA20_Z60,0.0006224914686754346,-0.0002220546011812985,0.4262295081967213,0.5737704918032787
C,2024,23,Intraday_Return_Z60,0.001537018222734332,5.871009125257842e-05,0.5327868852459017,0.4672131147540984
C,2024,23,Daily_Range_Z60,0.0030110038351267576,-2.0238097931724042e-05,0.39344262295081966,0.6065573770491803
C,2024,23,QQQ_Log_Return_1D,0.0029621038120239973,-2.301968925166875e-05,0.4016393442622951,0.5983606557377049
C,2024,23,QQQ_Log_Return_5D,0.000938562152441591,5.256889926386066e-05,0.4918032786885246,0.5081967213114754
C,2024,23,QQQ_Volatility_14D,0.0007315123220905662,-0.0005034448695369065,0.2786885245901639,0.7213114754098361
C,2024,24,Log_Return_1D_Z60,0.0009686301928013563,6.07422916800715e-05,0.5327868852459017,0.4672131147540984
C,2024,24,Log_Return_5D_Z60,0.0026725567877292633,0.000598564394749701,0.5245901639344263,0.47540983606557374
C,2024,24,Volatility_14D_Z60,0.0013397266156971455,0.0008855802589096129,0.6967213114754098,0.30327868852459017
C,2024,24,Relative_Volume_20D_Z60,0.0010119328508153558,9.806086745811626e-05,0.680327868852459,0.319672131147541
C,2024,24,RSI_14_Scaled,0.0013123195385560393,-3.377267421456054e-05,0.4672131147540984,0.5327868852459017
C,2024,24,Price_to_SMA20_Z60,0.0005863058613613248,-0.00015664150123484433,0.4426229508196721,0.5573770491803278
C,2024,24,Intraday_Return_Z60,0.0015825062291696668,0.0003159312473144382,0.48360655737704916,0.5163934426229508
C,2024,24,Daily_Range_Z60,0.0028490303084254265,-0.0001923550444189459,0.3524590163934426,0.6475409836065574
C,2024,24,QQQ_Log_Return_1D,0.003430598881095648,0.00021028677292633802,0.4262295081967213,0.5737704918032787
C,2024,24,QQQ_Log_Return_5D,0.0008883581031113863,-9.465511539019644e-06,0.5327868852459017,0.4672131147540984
C,2024,24,QQQ_Volatility_14D,0.0007220447878353298,-0.0004823905765078962,0.28688524590163933,0.7131147540983607
C,2024,25,Log_Return_1D_Z60,0.0008255853317677975,7.654358341824263e-05,0.5409836065573771,0.45901639344262296
C,2024,25,Log_Return_5D_Z60,0.0025004183407872915,0.0005134246894158423,0.5491803278688525,0.45081967213114754
C,2024,25,Volatility_14D_Z60,0.0012669414281845093,0.0008111415663734078,0.6885245901639344,0.3114754098360656
C,2024,25,Relative_Volume_20D_Z60,0.0008110419730655849,0.0001840546610765159,0.5983606557377049,0.4016393442622951
C,2024,25,RSI_14_Scaled,0.001317255781032145,-2.7700623832060955e-05,0.45901639344262296,0.5409836065573771
C,2024,25,Price_to_SMA20_Z60,0.0006256952183321118,-0.0001700627472018823,0.4016393442622951,0.5983606557377049
C,2024,25,Intraday_Return_Z60,0.0012271340237930417,0.0002442752302158624,0.5,0.5
C,2024,25,Daily_Range_Z60,0.002855664351955056,6.78323249303503e-06,0.4426229508196721,0.5573770491803278
C,2024,25,QQQ_Log_Return_1D,0.0029184045270085335,0.00050198077224195,0.4918032786885246,0.5081967213114754
C,2024,25,QQQ_Log_Return_5D,0.0009523942717351019,6.602811481570825e-05,0.5573770491803278,0.4426229508196721
C,2024,25,QQQ_Volatility_14D,0.0007130191661417484,-0.0004773012478835881,0.28688524590163933,0.7131147540983607
C,2024,26,Log_Return_1D_Z60,0.0010286804754287004,6.26651808488532e-06,0.5,0.5
C,2024,26,Log_Return_5D_Z60,0.002475699642673135,0.00045552675146609545,0.5491803278688525,0.45081967213114754
C,2024,26,Volatility_14D_Z60,0.001267438055947423,0.00080173957394436,0.6721311475409836,0.32786885245901637
C,2024,26,Relative_Volume_20D_Z60,0.0010564748663455248,-3.891298547387123e-05,0.6229508196721312,0.3770491803278688
C,2024,26,RSI_14_Scaled,0.0013476366875693202,-2.0720464817713946e-05,0.5163934426229508,0.48360655737704916
C,2024,26,Price_to_SMA20_Z60,0.0007018419564701617,-0.00022801988234277815,0.4098360655737705,0.5901639344262295
C,2024,26,Intraday_Return_Z60,0.0018379288958385587,0.0004583051195368171,0.5245901639344263,0.47540983606557374
C,2024,26,Daily_Range_Z60,0.003100255038589239,0.0004810664104297757,0.4344262295081967,0.5655737704918032
C,2024,26,QQQ_Log_Return_1D,0.0036574050318449736,0.0012241866206750274,0.5163934426229508,0.48360655737704916
C,2024,26,QQQ_Log_Return_5D,0.0010013286955654621,0.00018486891349311918,0.5491803278688525,0.45081967213114754
C,2024,26,QQQ_Volatility_14D,0.0006992941489443183,-0.00045735781895928085,0.28688524590163933,0.7131147540983607
C,2024,27,Log_Return_1D_Z60,0.0009757180814631283,0.0001213301729876548,0.6065573770491803,0.39344262295081966
C,2024,27,Log_Return_5D_Z60,0.0024891102220863104,0.0005481308908201754,0.5409836065573771,0.45901639344262296
C,2024,27,Volatility_14D_Z60,0.0013266181340441108,0.000742657866794616,0.6557377049180327,0.3442622950819672
C,2024,27,Relative_Volume_20D_Z60,0.0008863520342856646,0.00014814251335337758,0.5737704918032787,0.4262295081967213
C,2024,27,RSI_14_Scaled,0.0013702650321647525,-2.9282691684784368e-05,0.48360655737704916,0.5163934426229508
C,2024,27,Price_to_SMA20_Z60,0.0006936389836482704,-0.00020972547645214945,0.45081967213114754,0.5491803278688525
C,2024,27,Intraday_Return_Z60,0.0017078302334994078,0.0005107127944938838,0.5163934426229508,0.48360655737704916
C,2024,27,Daily_Range_Z60,0.0031977854669094086,7.89069599704817e-05,0.38524590163934425,0.6147540983606558
C,2024,27,QQQ_Log_Return_1D,0.0027449498884379864,-0.0001372664119116962,0.3770491803278688,0.6229508196721312
C,2024,27,QQQ_Log_Return_5D,0.0009186943061649799,0.00020870508160442114,0.5327868852459017,0.4672131147540984
C,2024,27,QQQ_Volatility_14D,0.0007032100693322718,-0.0004644413711503148,0.28688524590163933,0.7131147540983607
C,2024,28,Log_Return_1D_Z60,0.0009051967062987387,0.0002833913895301521,0.5245901639344263,0.47540983606557374
C,2024,28,Log_Return_5D_Z60,0.002349924063310027,0.0007110607693903148,0.5491803278688525,0.45081967213114754
C,2024,28,Volatility_14D_Z60,0.0013065492967143655,0.0006523068295791745,0.6721311475409836,0.32786885245901637
C,2024,28,Relative_Volume_20D_Z60,0.0009331291075795889,0.00016346116899512708,0.6311475409836066,0.36885245901639346
C,2024,28,RSI_14_Scaled,0.0013141132658347487,1.2780248653143644e-05,0.5,0.5
C,2024,28,Price_to_SMA20_Z60,0.000674283248372376,-0.00012142644118284807,0.4262295081967213,0.5737704918032787
C,2024,28,Intraday_Return_Z60,0.001626599463634193,0.0007622377597726882,0.5901639344262295,0.4098360655737705
C,2024,28,Daily_Range_Z60,0.0029192909132689238,2.8797197956009768e-05,0.38524590163934425,0.6147540983606558
C,2024,28,QQQ_Log_Return_1D,0.0031876536086201668,0.00036352945608086884,0.5409836065573771,0.45901639344262296
C,2024,28,QQQ_Log_Return_5D,0.0009043904719874263,0.00035545750870369375,0.5245901639344263,0.47540983606557374
C,2024,28,QQQ_Volatility_14D,0.0006899136351421475,-0.0004667596658691764,0.28688524590163933,0.7131147540983607
C,2024,29,Log_Return_1D_Z60,0.0009758815285749733,-0.0001822565245674923,0.4672131147540984,0.5327868852459017
C,2024,29,Log_Return_5D_Z60,0.0023599397391080856,0.00046619802014902234,0.5409836065573771,0.45901639344262296
C,2024,29,Volatility_14D_Z60,0.001341513590887189,0.000524042290635407,0.639344262295082,0.36065573770491804
C,2024,29,Relative_Volume_20D_Z60,0.0008969155023805797,4.5578955905511975e-05,0.5245901639344263,0.47540983606557374
C,2024,29,RSI_14_Scaled,0.001288593397475779,1.9074215742875822e-05,0.5,0.5
C,2024,29,Price_to_SMA20_Z60,0.0006580110057257116,-0.00010085359826916829,0.4180327868852459,0.5819672131147541
C,2024,29,Intraday_Return_Z60,0.0014703050255775452,0.0002140854630852118,0.5409836065573771,0.45901639344262296
C,2024,29,Daily_Range_Z60,0.0025944155640900135,-4.513042586040683e-05,0.4262295081967213,0.5737704918032787
C,2024,29,QQQ_Log_Return_1D,0.003524581901729107,-0.00043147674296051264,0.39344262295081966,0.6065573770491803
C,2024,29,QQQ_Log_Return_5D,0.0008292043348774314,0.00029630126664415,0.5409836065573771,0.45901639344262296
C,2024,29,QQQ_Volatility_14D,0.0006859025452286005,-0.00044236049870960414,0.29508196721311475,0.7049180327868853
C,2024,30,Log_Return_1D_Z60,0.001206386019475758,1.2821278687624726e-05,0.5573770491803278,0.4426229508196721
C,2024,30,Log_Return_5D_Z60,0.002489522797986865,0.0004614395438693464,0.6065573770491803,0.39344262295081966
C,2024,30,Volatility_14D_Z60,0.0013857102021574974,0.0005605036276392639,0.6311475409836066,0.36885245901639346
C,2024,30,Relative_Volume_20D_Z60,0.0022016544826328754,-0.0014083116548135877,0.38524590163934425,0.6147540983606558
C,2024,30,RSI_14_Scaled,0.0013533157762140036,-3.801012644544244e-05,0.5245901639344263,0.47540983606557374
C,2024,30,Price_to_SMA20_Z60,0.000728958286345005,-1.0885775736824144e-05,0.45901639344262296,0.5409836065573771
C,2024,30,Intraday_Return_Z60,0.0020223588217049837,0.00038680509896948934,0.6147540983606558,0.38524590163934425
C,2024,30,Daily_Range_Z60,0.0034253352787345648,0.001335233566351235,0.45901639344262296,0.5409836065573771
C,2024,30,QQQ_Log_Return_1D,0.0038465422112494707,0.0005498396931216121,0.5081967213114754,0.4918032786885246
C,2024,30,QQQ_Log_Return_5D,0.0007494700257666409,0.000313480879412964,0.6229508196721312,0.3770491803278688
C,2024,30,QQQ_Volatility_14D,0.0006898154388181865,-0.00043582115904428065,0.30327868852459017,0.6967213114754098
A,2025,1,Log_Return_1D_Z60,0.001170285977423191,-0.00011232569522690028,0.43333333333333335,0.5666666666666667
A,2025,1,Log_Return_5D_Z60,0.0009452700614929199,-8.245303433795925e-06,0.4533333333333333,0.5466666666666666
A,2025,1,Volatility_14D_Z60,0.002156099770218134,0.0012618271866813302,0.58,0.42
A,2025,1,Relative_Volume_20D_Z60,0.002635640325024724,0.000639332109130919,0.4066666666666667,0.5933333333333334
A,2025,1,RSI_14_Scaled,0.0042863949202001095,0.0003662956296466291,0.46,0.54
A,2025,1,Price_to_SMA20_Z60,0.0036026728339493275,0.00045930009218864143,0.4866666666666667,0.5133333333333333
A,2025,1,Intraday_Return_Z60,0.004054945427924395,-0.000738654169254005,0.4866666666666667,0.5133333333333333
A,2025,1,Daily_Range_Z60,0.00250374898314476,0.00039578982978127897,0.4533333333333333,0.5466666666666666
A,2025,1,QQQ_Log_Return_1D,0.0013383611803874373,0.0005098994006402791,0.49333333333333335,0.5066666666666667
A,2025,1,QQQ_Log_Return_5D,0.0018482474843040109,0.00030248379334807396,0.41333333333333333,0.5866666666666667
A,2025,1,QQQ_Volatility_14D,0.0014382570516318083,0.0013073609443381429,0.8066666666666666,0.19333333333333333
A,2025,2,Log_Return_1D_Z60,0.0011788239935413003,0.00032608094625175,0.5533333333333333,0.44666666666666666
A,2025,2,Log_Return_5D_Z60,0.0008753417059779167,-9.35235948418267e-06,0.44,0.56
A,2025,2,Volatility_14D_Z60,0.002110975794494152,0.0012044509639963508,0.56,0.44
A,2025,2,Relative_Volume_20D_Z60,0.002739125397056341,0.0005659165326505899,0.41333333333333333,0.5866666666666667
A,2025,2,RSI_14_Scaled,0.0044309296645224094,0.0005176046979613602,0.4533333333333333,0.5466666666666666
A,2025,2,Price_to_SMA20_Z60,0.003707690630108118,0.0005161876324564219,0.5,0.5
A,2025,2,Intraday_Return_Z60,0.004391103517264128,0.0006180632044561207,0.5333333333333333,0.4666666666666667
A,2025,2,Daily_Range_Z60,0.002421537647023797,0.0003644698008429259,0.42,0.58
A,2025,2,QQQ_Log_Return_1D,0.0012437027180567384,0.0001288011990254745,0.43333333333333335,0.5666666666666667
A,2025,2,QQQ_Log_Return_5D,0.0016896724700927734,0.00035398395266383886,0.46,0.54
A,2025,2,QQQ_Volatility_14D,0.0014719006139785051,0.0013200046960264444,0.7933333333333333,0.20666666666666667
A,2025,3,Log_Return_1D_Z60,0.0011464395793154836,0.00017774023581296206,0.5066666666666667,0.49333333333333335
A,2025,3,Log_Return_5D_Z60,0.000924866006243974,8.789482672000304e-05,0.4866666666666667,0.5133333333333333
A,2025,3,Volatility_14D_Z60,0.002154509536921978,0.0012797974050045013,0.56,0.44
A,2025,3,Relative_Volume_20D_Z60,0.0023875462356954813,-5.032392800785601e-05,0.3466666666666667,0.6533333333333333
A,2025,3,RSI_14_Scaled,0.0042410315945744514,0.0002806617703754455,0.44666666666666666,0.5533333333333333
A,2025,3,Price_to_SMA20_Z60,0.003696565516293049,0.0007273413939401507,0.54,0.46
A,2025,3,Intraday_Return_Z60,0.004568613599985838,-0.00035431544529274106,0.44666666666666666,0.5533333333333333
A,2025,3,Daily_Range_Z60,0.0029030025471001863,0.0005261322949081659,0.44,0.56
A,2025,3,QQQ_Log_Return_1D,0.0009570166585035622,7.655828085262328e-05,0.47333333333333333,0.5266666666666666
A,2025,3,QQQ_Log_Return_5D,0.0016563759418204427,0.0004059023049194366,0.4666666666666667,0.5333333333333333
A,2025,3,QQQ_Volatility_14D,0.001445850357413292,0.0012905375333502889,0.7933333333333333,0.20666666666666667
A,2025,4,Log_Return_1D_Z60,0.0012955133570358157,9.879761637421325e-05,0.48,0.52
A,2025,4,Log_Return_5D_Z60,0.0009087284561246634,0.0002445576246827841,0.56,0.44
A,2025,4,Volatility_14D_Z60,0.002335440833121538,0.0015556850703433156,0.56,0.44
A,2025,4,Relative_Volume_20D_Z60,0.0023022026289254427,-0.0001304215402342379,0.38666666666666666,0.6133333333333333
A,2025,4,RSI_14_Scaled,0.003898842027410865,0.00011431624443503097,0.4066666666666667,0.5933333333333334
A,2025,4,Price_to_SMA20_Z60,0.0034906044602394104,0.0011373686138540506,0.56,0.44
A,2025,4,Intraday_Return_Z60,0.004677844233810902,-0.00023374316515401006,0.4866666666666667,0.5133333333333333
A,2025,4,Daily_Range_Z60,0.0028045361395925283,0.0009209495037794113,0.43333333333333335,0.5666666666666667
A,2025,4,QQQ_Log_Return_1D,0.0016262598801404238,-2.2716600142302923e-05,0.5066666666666667,0.49333333333333335
A,2025,4,QQQ_Log_Return_5D,0.0016607890138402581,0.0004819358291570097,0.4533333333333333,0.5466666666666666
A,2025,4,QQQ_Volatility_14D,0.0014438836369663477,0.0012549011735245585,0.7666666666666667,0.23333333333333334
A,2025,5,Log_Return_1D_Z60,0.0012085761409252882,8.094838267425075e-05,0.4866666666666667,0.5133333333333333
A,2025,5,Log_Return_5D_Z60,0.0009359492687508464,0.00023955742653924972,0.5666666666666667,0.43333333333333335
A,2025,5,Volatility_14D_Z60,0.002233571372926235,0.0015305744018405676,0.6133333333333333,0.38666666666666666
A,2025,5,Relative_Volume_20D_Z60,0.0029006171971559525,0.0005315474700182676,0.36,0.64
A,2025,5,RSI_14_Scaled,0.004058448597788811,0.00014923527487553656,0.3933333333333333,0.6066666666666667
A,2025,5,Price_to_SMA20_Z60,0.0033891613129526377,0.0012044071918353438,0.5466666666666666,0.4533333333333333
A,2025,5,Intraday_Return_Z60,0.004154521506279707,-0.00013067560212220997,0.5066666666666667,0.49333333333333335
A,2025,5,Daily_Range_Z60,0.002642026636749506,0.0004939725040458143,0.4533333333333333,0.5466666666666666
A,2025,5,QQQ_Log_Return_1D,0.0015350409084931016,0.0004513149324338883,0.54,0.46
A,2025,5,QQQ_Log_Return_5D,0.0017616704571992159,0.0005312110879458487,0.4666666666666667,0.5333333333333333
A,2025,5,QQQ_Volatility_14D,0.0014416249468922615,0.0012521450407803059,0.7666666666666667,0.23333333333333334
A,2025,6,Log_Return_1D_Z60,0.0010495774913579226,-7.83590876380913e-05,0.49333333333333335,0.5066666666666667
A,2025,6,Log_Return_5D_Z60,0.0008458669763058424,0.00017336565360892564,0.52,0.48
A,2025,6,Volatility_14D_Z60,0.0021127318032085896,0.0014015744673088193,0.6133333333333333,0.38666666666666666
A,2025,6,Relative_Volume_20D_Z60,0.0026809724513441324,-5.2446313929976895e-05,0.3,0.7
A,2025,6,RSI_14_Scaled,0.003901020623743534,-2.0744006178574637e-05,0.42,0.58
A,2025,6,Price_to_SMA20_Z60,0.0033497626427561045,0.0012699308572337031,0.52,0.48
A,2025,6,Intraday_Return_Z60,0.0035504531115293503,-0.0005991074722260237,0.43333333333333335,0.5666666666666667
A,2025,6,Daily_Range_Z60,0.0026411768049001694,7.87427052273415e-05,0.3333333333333333,0.6666666666666666
A,2025,6,QQQ_Log_Return_1D,0.0012995383003726602,0.00012401783897075802,0.47333333333333333,0.5266666666666666
A,2025,6,QQQ_Log_Return_5D,0.0017514220671728253,0.0005415937048383057,0.4666666666666667,0.5333333333333333
A,2025,6,QQQ_Volatility_14D,0.0014403621898964047,0.001225043786689639,0.7466666666666667,0.25333333333333335
A,2025,7,Log_Return_1D_Z60,0.0010653071803972125,0.00010605803254293278,0.5133333333333333,0.4866666666666667
A,2025,7,Log_Return_5D_Z60,0.0008593794773332775,0.0001873018773039803,0.56,0.44
A,2025,7,Volatility_14D_Z60,0.0021999001037329435,0.0015041966689750552,0.6133333333333333,0.38666666666666666
A,2025,7,Relative_Volume_20D_Z60,0.002822387730702758,-0.00020531975314952433,0.30666666666666664,0.6933333333333334
A,2025,7,RSI_14_Scaled,0.0037156001199036837,-2.3100177713786252e-05,0.4,0.6
A,2025,7,Price_to_SMA20_Z60,0.0030001087579876184,0.0012999882455915213,0.56,0.44
A,2025,7,Intraday_Return_Z60,0.004107130225747824,0.0006069612572900951,0.5133333333333333,0.4866666666666667
A,2025,7,Daily_Range_Z60,0.0024962311144918203,0.0001893349690362811,0.37333333333333335,0.6266666666666667
A,2025,7,QQQ_Log_Return_1D,0.0012283908436074853,7.73911815485917e-05,0.49333333333333335,0.5066666666666667
A,2025,7,QQQ_Log_Return_5D,0.0018034444656223059,0.0005132366786710918,0.48,0.52
A,2025,7,QQQ_Volatility_14D,0.001416078070178628,0.001208256115205586,0.76,0.24
A,2025,8,Log_Return_1D_Z60,0.0012009860947728157,3.123806163785048e-05,0.5,0.5
A,2025,8,Log_Return_5D_Z60,0.000866258458700031,0.00011235292913625017,0.54,0.46
A,2025,8,Volatility_14D_Z60,0.002268074778839946,0.0015669328859075904,0.6466666666666666,0.35333333333333333
A,2025,8,Relative_Volume_20D_Z60,0.0026932826731354,-0.0001522275124443695,0.36,0.64
A,2025,8,RSI_14_Scaled,0.0036775656044483185,-9.398311703989748e-06,0.4266666666666667,0.5733333333333334
A,2025,8,Price_to_SMA20_Z60,0.0031222794204950333,0.0012967735528945923,0.5533333333333333,0.44666666666666666
A,2025,8,Intraday_Return_Z60,0.004360669758170843,7.259471021825448e-05,0.5133333333333333,0.4866666666666667
A,2025,8,Daily_Range_Z60,0.0030229666735976934,0.000566515198443085,0.4,0.6
A,2025,8,QQQ_Log_Return_1D,0.0014509422471746802,3.45408589055296e-05,0.52,0.48
A,2025,8,QQQ_Log_Return_5D,0.0017992295324802399,0.00040529167745262384,0.46,0.54
A,2025,8,QQQ_Volatility_14D,0.0014083117712289095,0.0011573841329663992,0.74,0.26
A,2025,9,Log_Return_1D_Z60,0.0012512420071288943,0.0004716566181741655,0.5666666666666667,0.43333333333333335
A,2025,9,Log_Return_5D_Z60,0.0008117086836136878,4.2645689973142e-05,0.5066666666666667,0.49333333333333335
A,2025,9,Volatility_14D_Z60,0.002267396543174982,0.001612090622074902,0.6533333333333333,0.3466666666666667
A,2025,9,Relative_Volume_20D_Z60,0.0027452970389276743,0.0001530441950308159,0.36666666666666664,0.6333333333333333
A,2025,9,RSI_14_Scaled,0.0037437991704791784,0.00013594045594800264,0.41333333333333333,0.5866666666666667
A,2025,9,Price_to_SMA20_Z60,0.0032324043568223715,0.0014805215178057551,0.56,0.44
A,2025,9,Intraday_Return_Z60,0.004536742810159922,-1.9143322788295336e-05,0.5,0.5
A,2025,9,Daily_Range_Z60,0.002591463038697839,0.0004011460696347058,0.43333333333333335,0.5666666666666667
A,2025,9,QQQ_Log_Return_1D,0.0014852277236059308,0.0001447824906790629,0.54,0.46
A,2025,9,QQQ_Log_Return_5D,0.0018591835396364331,0.000340024009346962,0.46,0.54
A,2025,9,QQQ_Volatility_14D,0.0013584087137132883,0.0011109956540167332,0.7266666666666667,0.2733333333333333
A,2025,10,Log_Return_1D_Z60,0.0011333368020132184,0.00029868201818317175,0.5466666666666666,0.4533333333333333
A,2025,10,Log_Return_5D_Z60,0.000848759023938328,0.000119151191029232,0.5266666666666666,0.47333333333333333
A,2025,10,Volatility_14D_Z60,0.0021817930974066257,0.0015492148231714964,0.6733333333333333,0.32666666666666666
A,2025,10,Relative_Volume_20D_Z60,0.002540271496400237,-0.00031828234205022454,0.31333333333333335,0.6866666666666666
A,2025,10,RSI_14_Scaled,0.0036364563275128603,0.00015532229735981673,0.3933333333333333,0.6066666666666667
A,2025,10,Price_to_SMA20_Z60,0.0032360409386456013,0.0013932088622823358,0.5466666666666666,0.4533333333333333
A,2025,10,Intraday_Return_Z60,0.004627925343811512,0.0008539154077880085,0.5133333333333333,0.4866666666666667
A,2025,10,Daily_Range_Z60,0.0026805871166288853,0.0008563485462218523,0.4533333333333333,0.5466666666666666
A,2025,10,QQQ_Log_Return_1D,0.001216953038237989,0.00012584042269736528,0.5266666666666666,0.47333333333333333
A,2025,10,QQQ_Log_Return_5D,0.0017208921490237117,0.00029984748107381165,0.44,0.56
A,2025,10,QQQ_Volatility_14D,0.001325922436080873,0.001071030623279512,0.74,0.26
A,2025,11,Log_Return_1D_Z60,0.0011413010070100427,0.00013038641191087663,0.5866666666666667,0.41333333333333333
A,2025,11,Log_Return_5D_Z60,0.0009576398297213018,9.217259503202513e-05,0.56,0.44
A,2025,11,Volatility_14D_Z60,0.0022103632800281048,0.0016290450002998114,0.6933333333333334,0.30666666666666664
A,2025,11,Relative_Volume_20D_Z60,0.0027444232255220413,6.25759203103371e-05,0.3333333333333333,0.6666666666666666
A,2025,11,RSI_14_Scaled,0.00397359998896718,0.00024030446365941316,0.44,0.56
A,2025,11,Price_to_SMA20_Z60,0.003535504685714841,0.0013294393429532647,0.5666666666666667,0.43333333333333335
A,2025,11,Intraday_Return_Z60,0.004281268920749426,0.00012513720139395446,0.47333333333333333,0.5266666666666666
A,2025,11,Daily_Range_Z60,0.0026448783464729786,0.0006119373720139265,0.43333333333333335,0.5666666666666667
A,2025,11,QQQ_Log_Return_1D,0.0012020721333101392,0.00033124073524959385,0.52,0.48
A,2025,11,QQQ_Log_Return_5D,0.0018888531485572457,0.00043669252772815526,0.47333333333333333,0.5266666666666666
A,2025,11,QQQ_Volatility_14D,0.0012509002117440104,0.0009843689622357488,0.74,0.26
A,2025,12,Log_Return_1D_Z60,0.0014111081836745143,7.133635904210678e-07,0.5333333333333333,0.4666666666666667
A,2025,12,Log_Return_5D_Z60,0.0009120482136495411,9.631951979827136e-05,0.56,0.44
A,2025,12,Volatility_14D_Z60,0.002613923978060484,0.0019857697188854218,0.6866666666666666,0.31333333333333335
A,2025,12,Relative_Volume_20D_Z60,0.00286717782728374,0.00020906483405269682,0.3466666666666667,0.6533333333333333
A,2025,12,RSI_14_Scaled,0.00394692737609148,0.00024569471133872867,0.44666666666666666,0.5533333333333333
A,2025,12,Price_to_SMA20_Z60,0.003676097374409437,0.0011728474637493491,0.5533333333333333,0.44666666666666666
A,2025,12,Intraday_Return_Z60,0.00488936435431242,0.00014584836026187986,0.44,0.56
A,2025,12,Daily_Range_Z60,0.0029439039062708616,0.0008131016511470079,0.4066666666666667,0.5933333333333334
A,2025,12,QQQ_Log_Return_1D,0.0018262902740389109,0.0003292793990112841,0.5533333333333333,0.44666666666666666
A,2025,12,QQQ_Log_Return_5D,0.001982711022719741,0.0006637619808316231,0.48,0.52
A,2025,12,QQQ_Volatility_14D,0.001261131721548736,0.0009514325647614896,0.7133333333333334,0.2866666666666667
A,2025,13,Log_Return_1D_Z60,0.0013362771132960916,5.705048533855006e-05,0.5066666666666667,0.49333333333333335
A,2025,13,Log_Return_5D_Z60,0.0010558819631114602,9.09680820768699e-05,0.5,0.5
A,2025,13,Volatility_14D_Z60,0.0026367970276623964,0.0020533946808427572,0.6933333333333334,0.30666666666666664
A,2025,13,Relative_Volume_20D_Z60,0.0033178708981722593,0.0007353483815677464,0.35333333333333333,0.6466666666666666
A,2025,13,RSI_14_Scaled,0.004262465052306652,0.0003607553371693939,0.46,0.54
A,2025,13,Price_to_SMA20_Z60,0.0039017272647470236,0.0011837660567834973,0.5466666666666666,0.4533333333333333
A,2025,13,Intraday_Return_Z60,0.004973012488335371,0.0011015681084245443,0.5466666666666666,0.4533333333333333
A,2025,13,Daily_Range_Z60,0.0035314762499183416,0.0017172921216115355,0.44666666666666666,0.5533333333333333
A,2025,13,QQQ_Log_Return_1D,0.001393262529745698,0.0003736363723874092,0.49333333333333335,0.5066666666666667
A,2025,13,QQQ_Log_Return_5D,0.0021175965666770935,0.000874362769536674,0.4866666666666667,0.5133333333333333
A,2025,13,QQQ_Volatility_14D,0.0012527282815426588,0.0009427243494428694,0.72,0.28
A,2025,14,Log_Return_1D_Z60,0.0010794800473377109,7.997475768206641e-05,0.5133333333333333,0.4866666666666667
A,2025,14,Log_Return_5D_Z60,0.0009835121454671025,3.091835242230445e-05,0.4666666666666667,0.5333333333333333
A,2025,14,Volatility_14D_Z60,0.00238455506041646,0.0018184582004323602,0.7,0.3
A,2025,14,Relative_Volume_20D_Z60,0.002512561157345772,-0.00023280656023416668,0.34,0.66
A,2025,14,RSI_14_Scaled,0.004292134661227465,0.0005051391199231148,0.4533333333333333,0.5466666666666666
A,2025,14,Price_to_SMA20_Z60,0.0039782440289855,0.0009391133207827806,0.5,0.5
A,2025,14,Intraday_Return_Z60,0.004978661425411701,-5.36779552930966e-05,0.5333333333333333,0.4666666666666667
A,2025,14,Daily_Range_Z60,0.0030657751485705376,0.0013283933512866497,0.48,0.52
A,2025,14,QQQ_Log_Return_1D,0.0012861661380156875,0.00019431706459727138,0.48,0.52
A,2025,14,QQQ_Log_Return_5D,0.002255490515381098,0.0009110988467000425,0.48,0.52
A,2025,14,QQQ_Volatility_14D,0.0011807543924078345,0.0008784623933024704,0.7066666666666667,0.29333333333333333
A,2025,15,Log_Return_1D_Z60,0.0010963225504383445,0.0003735620412044227,0.6133333333333333,0.38666666666666666
A,2025,15,Log_Return_5D_Z60,0.0008860316011123359,-4.3075466237496585e-05,0.44666666666666666,0.5533333333333333
A,2025,15,Volatility_14D_Z60,0.002480024006217718,0.0016964026726782322,0.6533333333333333,0.3466666666666667
A,2025,15,Relative_Volume_20D_Z60,0.0024336345959454775,-0.00038080636295489967,0.3,0.7
A,2025,15,RSI_14_Scaled,0.0040915790013968945,0.0006229301798157394,0.48,0.52
A,2025,15,Price_to_SMA20_Z60,0.003810921451076865,0.000731909298337996,0.5133333333333333,0.4866666666666667
A,2025,15,Intraday_Return_Z60,0.0050299386493861675,0.0008362912922166288,0.5333333333333333,0.4666666666666667
A,2025,15,Daily_Range_Z60,0.0028885186184197664,0.0008338681655004621,0.43333333333333335,0.5666666666666667
A,2025,15,QQQ_Log_Return_1D,0.001405353774316609,-0.000280147505691275,0.54,0.46
A,2025,15,QQQ_Log_Return_5D,0.002041687024757266,0.0006178157636895776,0.47333333333333333,0.5266666666666666
A,2025,15,QQQ_Volatility_14D,0.001187897752970457,0.0008302823989652097,0.7266666666666667,0.2733333333333333
A,2025,16,Log_Return_1D_Z60,0.0015100854216143489,0.00033635643194429576,0.4866666666666667,0.5133333333333333
A,2025,16,Log_Return_5D_Z60,0.0009225101093761623,6.130896508693695e-06,0.48,0.52
A,2025,16,Volatility_14D_Z60,0.0026150813791900873,0.0018445384921506047,0.66,0.34
A,2025,16,Relative_Volume_20D_Z60,0.0029353697318583727,0.0004254453524481505,0.36666666666666664,0.6333333333333333
A,2025,16,RSI_14_Scaled,0.004024048801511526,0.0006794642540626228,0.46,0.54
A,2025,16,Price_to_SMA20_Z60,0.0036944476887583733,0.0007711342768743634,0.5333333333333333,0.4666666666666667
A,2025,16,Intraday_Return_Z60,0.005628893617540598,-0.0002926898014266044,0.44666666666666666,0.5533333333333333
A,2025,16,Daily_Range_Z60,0.003143802983686328,0.0012426895555108786,0.4666666666666667,0.5333333333333333
A,2025,16,QQQ_Log_Return_1D,0.0019036380108445883,0.0001589758467162028,0.56,0.44
A,2025,16,QQQ_Log_Return_5D,0.0020145250018686056,0.0006274129264056683,0.48,0.52
A,2025,16,QQQ_Volatility_14D,0.0011980393901467323,0.0007490760181099176,0.6933333333333334,0.30666666666666664
A,2025,17,Log_Return_1D_Z60,0.001146433176472783,-5.439165761345066e-06,0.4666666666666667,0.5333333333333333
A,2025,17,Log_Return_5D_Z60,0.0008852322935126722,7.09371452103369e-05,0.5133333333333333,0.4866666666666667
A,2025,17,Volatility_14D_Z60,0.002471910323947668,0.001746958470903337,0.6466666666666666,0.35333333333333333
A,2025,17,Relative_Volume_20D_Z60,0.0025190843734890223,-0.00031486921943724155,0.32666666666666666,0.6733333333333333
A,2025,17,RSI_14_Scaled,0.003964592702686787,0.000521637499332428,0.44,0.56
A,2025,17,Price_to_SMA20_Z60,0.003915466368198395,0.0008627587812952697,0.54,0.46
A,2025,17,Intraday_Return_Z60,0.004277743399143219,-0.00012802353012375534,0.4533333333333333,0.5466666666666666
A,2025,17,Daily_Range_Z60,0.002712820190936327,0.0006010108045302331,0.44,0.56
A,2025,17,QQQ_Log_Return_1D,0.001663597533479333,9.915234841173515e-05,0.5066666666666667,0.49333333333333335
A,2025,17,QQQ_Log_Return_5D,0.002076916629448533,0.0005893069319427013,0.4866666666666667,0.5133333333333333
A,2025,17,QQQ_Volatility_14D,0.0011856132186949253,0.0007068243576213717,0.7,0.3
A,2025,18,Log_Return_1D_Z60,0.0010035170707851648,0.00015208068361971527,0.5133333333333333,0.4866666666666667
A,2025,18,Log_Return_5D_Z60,0.0009075721027329564,2.3741185941617005e-05,0.54,0.46
A,2025,18,Volatility_14D_Z60,0.002270560711622238,0.0016653742641210556,0.6666666666666666,0.3333333333333333
A,2025,18,Relative_Volume_20D_Z60,0.0023621786385774612,-0.0005676593282260001,0.26666666666666666,0.7333333333333333
A,2025,18,RSI_14_Scaled,0.003973725717514753,0.0006744624115526676,0.46,0.54
A,2025,18,Price_to_SMA20_Z60,0.003623135155066848,0.0007137091015465558,0.5,0.5
A,2025,18,Intraday_Return_Z60,0.004050594288855791,0.0008611156372353435,0.5333333333333333,0.4666666666666667
A,2025,18,Daily_Range_Z60,0.002774803899228573,0.0008268337696790695,0.42,0.58
A,2025,18,QQQ_Log_Return_1D,0.001178315724246204,0.00015797118248883635,0.49333333333333335,0.5066666666666667
A,2025,18,QQQ_Log_Return_5D,0.0022977087646722794,0.0006181802600622177,0.48,0.52
A,2025,18,QQQ_Volatility_14D,0.001174365053884685,0.0006788347382098436,0.6866666666666666,0.31333333333333335
A,2025,19,Log_Return_1D_Z60,0.000912268238607794,4.612571865436621e-05,0.48,0.52
A,2025,19,Log_Return_5D_Z60,0.0008777822949923575,5.615402551484294e-05,0.54,0.46
A,2025,19,Volatility_14D_Z60,0.0021822121925652027,0.001517416094429791,0.66,0.34
A,2025,19,Relative_Volume_20D_Z60,0.002343612490221858,-0.00079554837429896,0.24,0.76
A,2025,19,RSI_14_Scaled,0.003963843919336796,0.0007036465685814619,0.41333333333333333,0.5866666666666667
A,2025,19,Price_to_SMA20_Z60,0.0036062835715711117,0.0007179920794442296,0.5266666666666666,0.47333333333333333
A,2025,19,Intraday_Return_Z60,0.004167421720921993,-0.00022699082910548896,0.49333333333333335,0.5066666666666667
A,2025,19,Daily_Range_Z60,0.0024330869782716036,0.00039333722088485956,0.41333333333333333,0.5866666666666667
A,2025,19,QQQ_Log_Return_1D,0.0011682744370773435,6.960402970435098e-05,0.48,0.52
A,2025,19,QQQ_Log_Return_5D,0.002690821187570691,0.0005742922076024115,0.46,0.54
A,2025,19,QQQ_Volatility_14D,0.001143842120654881,0.0006484211189672351,0.6933333333333334,0.30666666666666664
A,2025,20,Log_Return_1D_Z60,0.0010637984378263354,0.0001109715158236213,0.47333333333333333,0.5266666666666666
A,2025,20,Log_Return_5D_Z60,0.0008346158429048955,4.448062463779934e-05,0.5333333333333333,0.4666666666666667
A,2025,20,Volatility_14D_Z60,0.0022368167992681265,0.0015376989031210542,0.6533333333333333,0.3466666666666667
A,2025,20,Relative_Volume_20D_Z60,0.002508513629436493,-0.0004586505820043385,0.2733333333333333,0.7266666666666667
A,2025,20,RSI_14_Scaled,0.0037587701808661222,0.000652467308100313,0.43333333333333335,0.5666666666666667
A,2025,20,Price_to_SMA20_Z60,0.0034332459326833487,0.0007222492131404579,0.54,0.46
A,2025,20,Intraday_Return_Z60,0.004293209873139858,0.0003134489816147834,0.44,0.56
A,2025,20,Daily_Range_Z60,0.0031006319914013147,0.0008227513753809035,0.37333333333333335,0.6266666666666667
A,2025,20,QQQ_Log_Return_1D,0.0016893314896151423,-0.00014517731324303895,0.5133333333333333,0.4866666666666667
A,2025,20,QQQ_Log_Return_5D,0.0024316536728292704,0.0006073166150599718,0.47333333333333333,0.5266666666666666
A,2025,20,QQQ_Volatility_14D,0.0012160994810983539,0.0005938822287134826,0.6666666666666666,0.3333333333333333
A,2025,21,Log_Return_1D_Z60,0.0010399438906461,-6.3770727138035e-05,0.5266666666666666,0.47333333333333333
A,2025,21,Log_Return_5D_Z60,0.0007726385956630111,2.543145456002094e-05,0.5333333333333333,0.4666666666666667
A,2025,21,Volatility_14D_Z60,0.002304680645465851,0.0015882549341768026,0.6466666666666666,0.35333333333333333
A,2025,21,Relative_Volume_20D_Z60,0.002383675891906023,-0.00017844815738499165,0.32,0.68
A,2025,21,RSI_14_Scaled,0.003777156351134181,0.0006707001593895257,0.47333333333333333,0.5266666666666666
A,2025,21,Price_to_SMA20_Z60,0.003249331610277295,0.0007870450499467552,0.52,0.48
A,2025,21,Intraday_Return_Z60,0.00435682712122798,-0.0006710395100526512,0.5,0.5
A,2025,21,Daily_Range_Z60,0.0027455873787403107,0.0008122019935399294,0.46,0.54
A,2025,21,QQQ_Log_Return_1D,0.0013849441893398762,0.00045716390013694763,0.54,0.46
A,2025,21,QQQ_Log_Return_5D,0.002283300505951047,0.0006510092644020915,0.4866666666666667,0.5133333333333333
A,2025,21,QQQ_Volatility_14D,0.0012247078120708466,0.0005523080471903086,0.68,0.32
A,2025,22,Log_Return_1D_Z60,0.0012056059204041958,0.00025940293562598526,0.5066666666666667,0.49333333333333335
A,2025,22,Log_Return_5D_Z60,0.0007441357593052089,-9.707918798085302e-05,0.5466666666666666,0.4533333333333333
A,2025,22,Volatility_14D_Z60,0.0023102951236069202,0.0017237192951142788,0.6466666666666666,0.35333333333333333
A,2025,22,Relative_Volume_20D_Z60,0.0025707141030579805,-0.00023981500999070704,0.32666666666666666,0.6733333333333333
A,2025,22,RSI_14_Scaled,0.0037340624257922173,0.0008943104767240584,0.4666666666666667,0.5333333333333333
A,2025,22,Price_to_SMA20_Z60,0.003186865709722042,0.0003864944737870246,0.4866666666666667,0.5133333333333333
A,2025,22,Intraday_Return_Z60,0.004439074080437422,0.0012392528587952256,0.54,0.46
A,2025,22,Daily_Range_Z60,0.0027309756260365248,0.00033092935336753726,0.38666666666666666,0.6133333333333333
A,2025,22,QQQ_Log_Return_1D,0.0014919107779860497,-0.0001882363430922851,0.4666666666666667,0.5333333333333333
A,2025,22,QQQ_Log_Return_5D,0.0023194244131445885,0.0003365353331901133,0.4533333333333333,0.5466666666666666
A,2025,22,QQQ_Volatility_14D,0.0012425441527739167,0.0005255714640952647,0.66,0.34
A,2025,23,Log_Return_1D_Z60,0.0010699736885726452,0.0002542505972087383,0.52,0.48
A,2025,23,Log_Return_5D_Z60,0.0007519700448028743,-0.00013881349877920002,0.5,0.5
A,2025,23,Volatility_14D_Z60,0.002329631242901087,0.0016672754427418113,0.66,0.34
A,2025,23,Relative_Volume_20D_Z60,0.003028183476999402,0.00036932702641934156,0.36,0.64
A,2025,23,RSI_14_Scaled,0.0037566109094768763,0.0011182643938809633,0.52,0.48
A,2025,23,Price_to_SMA20_Z60,0.003166074398905039,0.0001277762494282797,0.42,0.58
A,2025,23,Intraday_Return_Z60,0.0040916264988482,-2.0172596123302355e-05,0.4866666666666667,0.5133333333333333
A,2025,23,Daily_Range_Z60,0.002836034633219242,0.0004056365287397057,0.38,0.62
A,2025,23,QQQ_Log_Return_1D,0.001246616942808032,4.443444777280092e-05,0.47333333333333333,0.5266666666666666
A,2025,23,QQQ_Log_Return_5D,0.0023839594796299934,0.00027040098211728036,0.41333333333333333,0.5866666666666667
A,2025,23,QQQ_Volatility_14D,0.0012555530993267894,0.0005195691483095288,0.66,0.34
A,2025,24,Log_Return_1D_Z60,0.0011041653342545033,8.62276428961195e-05,0.5266666666666666,0.47333333333333333
A,2025,24,Log_Return_5D_Z60,0.000803373521193862,-5.321459684637375e-05,0.4866666666666667,0.5133333333333333
A,2025,24,Volatility_14D_Z60,0.0025215037167072296,0.0018017395632341504,0.6466666666666666,0.35333333333333333
A,2025,24,Relative_Volume_20D_Z60,0.0027799431700259447,-0.0003205818065907806,0.28,0.72
A,2025,24,RSI_14_Scaled,0.0035005705431103706,0.0009469756623730063,0.5,0.5
A,2025,24,Price_to_SMA20_Z60,0.003236692864447832,0.0002499393012840301,0.46,0.54
A,2025,24,Intraday_Return_Z60,0.004515054170042276,0.000850660027936101,0.5066666666666667,0.49333333333333335
A,2025,24,Daily_Range_Z60,0.002942197024822235,0.0005697163287550211,0.36,0.64
A,2025,24,QQQ_Log_Return_1D,0.0014567269245162606,-0.0005778821650892496,0.42,0.58
A,2025,24,QQQ_Log_Return_5D,0.0023543834686279297,-0.0001534735638415441,0.4,0.6
A,2025,24,QQQ_Volatility_14D,0.001365314470604062,0.0004686280444730073,0.64,0.36
A,2025,25,Log_Return_1D_Z60,0.0008084863657131791,5.850010711583309e-05,0.5066666666666667,0.49333333333333335
A,2025,25,Log_Return_5D_Z60,0.00083122868090868,-7.891187124187127e-05,0.47333333333333333,0.5266666666666666
A,2025,25,Volatility_14D_Z60,0.002285662107169628,0.0016130903968587518,0.6333333333333333,0.36666666666666664
A,2025,25,Relative_Volume_20D_Z60,0.002258675405755639,-0.000857573642861098,0.3,0.7
A,2025,25,RSI_14_Scaled,0.0036415259819477797,0.001127647701650858,0.5266666666666666,0.47333333333333333
A,2025,25,Price_to_SMA20_Z60,0.003350042039528489,7.65243821660988e-05,0.4266666666666667,0.5733333333333334
A,2025,25,Intraday_Return_Z60,0.0033705756068229675,-0.0001607089798199013,0.4866666666666667,0.5133333333333333
A,2025,25,Daily_Range_Z60,0.0029194625094532967,0.0006547892116941512,0.32666666666666666,0.6733333333333333
A,2025,25,QQQ_Log_Return_1D,0.001251774257980287,0.00019240513211116195,0.4866666666666667,0.5133333333333333
A,2025,25,QQQ_Log_Return_5D,0.0022756762336939573,0.00019349022477399558,0.44,0.56
A,2025,25,QQQ_Volatility_14D,0.0014205180341377854,0.00045889074681326747,0.64,0.36
A,2025,26,Log_Return_1D_Z60,0.0008870500605553389,0.0002921466948464513,0.5333333333333333,0.4666666666666667
A,2025,26,Log_Return_5D_Z60,0.0007072868756949902,-0.00014549191109836102,0.46,0.54
A,2025,26,Volatility_14D_Z60,0.00233408878557384,0.0016530909342691302,0.6466666666666666,0.35333333333333333
A,2025,26,Relative_Volume_20D_Z60,0.0021534371189773083,-0.0008479016250930727,0.3,0.7
A,2025,26,RSI_14_Scaled,0.0035897823981940746,0.0013835274148732424,0.52,0.48
A,2025,26,Price_to_SMA20_Z60,0.003298436291515827,-0.00022876853472553194,0.3933333333333333,0.6066666666666667
A,2025,26,Intraday_Return_Z60,0.003672312945127487,0.0010121037485077977,0.5266666666666666,0.47333333333333333
A,2025,26,Daily_Range_Z60,0.0024793012998998165,-0.0004048848641104996,0.32666666666666666,0.6733333333333333
A,2025,26,QQQ_Log_Return_1D,0.001244089799001813,-0.0004792740801349282,0.5133333333333333,0.4866666666666667
A,2025,26,QQQ_Log_Return_5D,0.0021411064080893993,-0.00033914318191818893,0.38,0.62
A,2025,26,QQQ_Volatility_14D,0.0014714475255459547,0.0004502219962887466,0.6333333333333333,0.36666666666666664
A,2025,27,Log_Return_1D_Z60,0.0009192416910082102,0.0001525512052467093,0.5266666666666666,0.47333333333333333
A,2025,27,Log_Return_5D_Z60,0.0007565655396319926,-0.00013755925465375185,0.49333333333333335,0.5066666666666667
A,2025,27,Volatility_14D_Z60,0.0021998141892254353,0.0013869451358914375,0.64,0.36
A,2025,27,Relative_Volume_20D_Z60,0.0023276605643332005,-0.0007579256198368967,0.31333333333333335,0.6866666666666666
A,2025,27,RSI_14_Scaled,0.003785128705203533,0.0016410243697464466,0.5333333333333333,0.4666666666666667
A,2025,27,Price_to_SMA20_Z60,0.0034858917351812124,-0.00044593424536287785,0.4066666666666667,0.5933333333333334
A,2025,27,Intraday_Return_Z60,0.003753850469365716,0.0003755598154384643,0.5066666666666667,0.49333333333333335
A,2025,27,Daily_Range_Z60,0.002933698007836938,7.888383697718382e-05,0.36666666666666664,0.6333333333333333
A,2025,27,QQQ_Log_Return_1D,0.0011271178955212235,0.00015153603453654796,0.5533333333333333,0.44666666666666666
A,2025,27,QQQ_Log_Return_5D,0.002330153016373515,8.474932110402733e-05,0.42,0.58
A,2025,27,QQQ_Volatility_14D,0.001488366280682385,0.00045312842121347785,0.64,0.36
A,2025,28,Log_Return_1D_Z60,0.0011580896098166704,0.00029805293888784945,0.5266666666666666,0.47333333333333333
A,2025,28,Log_Return_5D_Z60,0.0007756793638691306,-0.00012047847121721134,0.4866666666666667,0.5133333333333333
A,2025,28,Volatility_14D_Z60,0.002245713025331497,0.0013761321315541863,0.6466666666666666,0.35333333333333333
A,2025,28,Relative_Volume_20D_Z60,0.0027436092495918274,-2.090089037665166e-05,0.36,0.64
A,2025,28,RSI_14_Scaled,0.003690114477649331,0.0017570186173543334,0.5533333333333333,0.44666666666666666
A,2025,28,Price_to_SMA20_Z60,0.003308506216853857,-0.000827863288577646,0.38666666666666666,0.6133333333333333
A,2025,28,Intraday_Return_Z60,0.00410735048353672,0.000857671198900789,0.5333333333333333,0.4666666666666667
A,2025,28,Daily_Range_Z60,0.0026181547436863184,0.00040900896419771016,0.3466666666666667,0.6533333333333333
A,2025,28,QQQ_Log_Return_1D,0.0010569867445155978,-0.00017552835925016552,0.5333333333333333,0.4666666666666667
A,2025,28,QQQ_Log_Return_5D,0.002261936664581299,-0.00019630641327239573,0.44666666666666666,0.5533333333333333
A,2025,28,QQQ_Volatility_14D,0.0015194372972473502,0.0003814230440184474,0.6266666666666667,0.37333333333333335
A,2025,29,Log_Return_1D_Z60,0.0009145283838734031,-9.150465484708548e-05,0.5,0.5
A,2025,29,Log_Return_5D_Z60,0.0007924833917059004,-0.0001970770099433139,0.48,0.52
A,2025,29,Volatility_14D_Z60,0.0020832146983593702,0.0011507872259244323,0.62,0.38
A,2025,29,Relative_Volume_20D_Z60,0.002052942058071494,-0.0005701901973225176,0.3466666666666667,0.6533333333333333
A,2025,29,RSI_14_Scaled,0.0036182396579533815,0.0015832561766728759,0.5533333333333333,0.44666666666666666
A,2025,29,Price_to_SMA20_Z60,0.003391285426914692,-0.0006232358864508569,0.38666666666666666,0.6133333333333333
A,2025,29,Intraday_Return_Z60,0.0033508746419101954,-0.0005854208138771355,0.44666666666666666,0.5533333333333333
A,2025,29,Daily_Range_Z60,0.0024051498621702194,0.00011395751062082127,0.36666666666666664,0.6333333333333333
A,2025,29,QQQ_Log_Return_1D,0.0011692657135426998,0.0002181906020268798,0.5466666666666666,0.4533333333333333
A,2025,29,QQQ_Log_Return_5D,0.0020841339137405157,0.00031747311004437506,0.4866666666666667,0.5133333333333333
A,2025,29,QQQ_Volatility_14D,0.001510301954112947,0.00041335998685099185,0.62,0.38
A,2025,30,Log_Return_1D_Z60,0.0011794120073318481,0.0004039449559058994,0.48,0.52
A,2025,30,Log_Return_5D_Z60,0.0008491702610626817,-0.00019131667795591056,0.47333333333333333,0.5266666666666666
A,2025,30,Volatility_14D_Z60,0.0020347710233181715,0.0010572770843282342,0.6266666666666667,0.37333333333333335
A,2025,30,Relative_Volume_20D_Z60,0.003862223122268915,0.0017646390479058027,0.49333333333333335,0.5066666666666667
A,2025,30,RSI_14_Scaled,0.003750127973034978,0.0017353222938254476,0.5733333333333334,0.4266666666666667
A,2025,30,Price_to_SMA20_Z60,0.0036569603253155947,-0.000966815568972379,0.3466666666666667,0.6533333333333333
A,2025,30,Intraday_Return_Z60,0.0037670135498046875,0.0004340982995927334,0.48,0.52
A,2025,30,Daily_Range_Z60,0.002740656491369009,0.0003866726183332503,0.38,0.62
A,2025,30,QQQ_Log_Return_1D,0.0009773960337042809,-0.00028124020900577307,0.46,0.54
A,2025,30,QQQ_Log_Return_5D,0.0020825620740652084,-0.00015883284504525363,0.4533333333333333,0.5466666666666666
A,2025,30,QQQ_Volatility_14D,0.001515663112513721,0.00046348269097507,0.62,0.38
B,2025,1,Log_Return_1D_Z60,0.0007627163431607187,2.1077519704704173e-05,0.5133333333333333,0.4866666666666667
B,2025,1,Log_Return_5D_Z60,0.0010526978876441717,-0.00011856970377266407,0.4866666666666667,0.5133333333333333
B,2025,1,Volatility_14D_Z60,0.0012780860997736454,-0.00022522322251461446,0.5466666666666666,0.4533333333333333
B,2025,1,Relative_Volume_20D_Z60,0.0014824394602328539,-0.0002691615663934499,0.5933333333333334,0.4066666666666667
B,2025,1,RSI_14_Scaled,0.002784529933705926,0.0007443618960678577,0.49333333333333335,0.5066666666666667
B,2025,1,Price_to_SMA20_Z60,0.0034605609253048897,0.000761363422498107,0.49333333333333335,0.5066666666666667
B,2025,1,Intraday_Return_Z60,0.0004000722256023437,-5.664767013513483e-05,0.44666666666666666,0.5533333333333333
B,2025,1,Daily_Range_Z60,0.0025969771668314934,0.0006028448697179556,0.44666666666666666,0.5533333333333333
B,2025,1,QQQ_Log_Return_1D,0.001024654251523316,6.189756049934658e-07,0.56,0.44
B,2025,1,QQQ_Log_Return_5D,0.0004675881937146187,0.00011624857870629057,0.47333333333333333,0.5266666666666666
B,2025,1,QQQ_Volatility_14D,0.0012837727554142475,-0.0003754885110538453,0.19333333333333333,0.8066666666666666
B,2025,2,Log_Return_1D_Z60,0.0007434698054566979,-2.8900016332045197e-05,0.5,0.5
B,2025,2,Log_Return_5D_Z60,0.0010339122964069247,-5.958382098469883e-05,0.52,0.48
B,2025,2,Volatility_14D_Z60,0.0012031962396577,-0.00016142430831678212,0.54,0.46
B,2025,2,Relative_Volume_20D_Z60,0.0017001598607748747,-0.00037245810381136835,0.5866666666666667,0.41333333333333333
B,2025,2,RSI_14_Scaled,0.0028870292007923126,0.0007870523841120303,0.48,0.52
B,2025,2,Price_to_SMA20_Z60,0.0035106539726257324,0.0007233150536194444,0.49333333333333335,0.5066666666666667
B,2025,2,Intraday_Return_Z60,0.0004483148513827473,7.543495712525328e-07,0.4533333333333333,0.5466666666666666
B,2025,2,Daily_Range_Z60,0.002685924293473363,0.0008328540716320276,0.41333333333333333,0.5866666666666667
B,2025,2,QQQ_Log_Return_1D,0.000991295324638486,4.6708482841495425e-05,0.5466666666666666,0.4533333333333333
B,2025,2,QQQ_Log_Return_5D,0.0004794960259459913,7.256228127516806e-05,0.46,0.54
B,2025,2,QQQ_Volatility_14D,0.0013060830533504486,-0.00035992570337839425,0.20666666666666667,0.7933333333333333
B,2025,3,Log_Return_1D_Z60,0.0007871355628594756,0.0001951276499312371,0.5733333333333334,0.4266666666666667
B,2025,3,Log_Return_5D_Z60,0.001045701908878982,-8.199393778340891e-05,0.5,0.5
B,2025,3,Volatility_14D_Z60,0.0011970464838668704,-0.00015098521544132382,0.54,0.46
B,2025,3,Relative_Volume_20D_Z60,0.0015368993626907468,-4.058558988617733e-05,0.6533333333333333,0.3466666666666667
B,2025,3,RSI_14_Scaled,0.002743565011769533,0.0006999799516052008,0.4666666666666667,0.5333333333333333
B,2025,3,Price_to_SMA20_Z60,0.0035478484351187944,0.0009495790582150221,0.5466666666666666,0.4533333333333333
B,2025,3,Intraday_Return_Z60,0.00048278822214342654,-6.522129842778668e-05,0.46,0.54
B,2025,3,Daily_Range_Z60,0.0029923298861831427,0.0007619535899721086,0.44666666666666666,0.5533333333333333
B,2025,3,QQQ_Log_Return_1D,0.0008985047461465001,-6.398719960998278e-06,0.5533333333333333,0.44666666666666666
B,2025,3,QQQ_Log_Return_5D,0.00043219179497100413,6.55559852020815e-05,0.5066666666666667,0.49333333333333335
B,2025,3,QQQ_Volatility_14D,0.001300607924349606,-0.0003760895342566073,0.20666666666666667,0.7933333333333333
B,2025,4,Log_Return_1D_Z60,0.0007893036818131804,0.00024674099404364824,0.54,0.46
B,2025,4,Log_Return_5D_Z60,0.001047480502165854,-0.00011510623153299093,0.41333333333333333,0.5866666666666667
B,2025,4,Volatility_14D_Z60,0.0012630607234314084,-0.00022529611305799335,0.5666666666666667,0.43333333333333335
B,2025,4,Relative_Volume_20D_Z60,0.0013662269338965416,3.380503039807081e-05,0.6133333333333333,0.38666666666666666
B,2025,4,RSI_14_Scaled,0.0024982865434139967,0.0006279913359321654,0.44,0.56
B,2025,4,Price_to_SMA20_Z60,0.0033962861634790897,0.0012946071801707149,0.5666666666666667,0.43333333333333335
B,2025,4,Intraday_Return_Z60,0.0004681660793721676,5.8990102843381464e-05,0.5533333333333333,0.44666666666666666
B,2025,4,Daily_Range_Z60,0.002868035575374961,0.001026450889185071,0.4266666666666667,0.5733333333333334
B,2025,4,QQQ_Log_Return_1D,0.001216452568769455,6.995715375524014e-05,0.52,0.48
B,2025,4,QQQ_Log_Return_5D,0.0004361697065178305,0.00012033968232572079,0.5066666666666667,0.49333333333333335
B,2025,4,QQQ_Volatility_14D,0.00133096007630229,-0.000280555832432583,0.22,0.78
B,2025,5,Log_Return_1D_Z60,0.0006215515895746648,6.425903848139569e-05,0.5533333333333333,0.44666666666666666
B,2025,5,Log_Return_5D_Z60,0.0010153647745028138,-9.098281589103863e-05,0.4266666666666667,0.5733333333333334
B,2025,5,Volatility_14D_Z60,0.0012134785065427423,-0.00023860097280703485,0.5666666666666667,0.43333333333333335
B,2025,5,Relative_Volume_20D_Z60,0.0016442976193502545,-0.00019087604596279562,0.64,0.36
B,2025,5,RSI_14_Scaled,0.0025514336302876472,0.0006697785574942827,0.43333333333333335,0.5666666666666667
B,2025,5,Price_to_SMA20_Z60,0.0032254003453999758,0.0013827095972374082,0.5533333333333333,0.44666666666666666
B,2025,5,Intraday_Return_Z60,0.000407479441491887,5.276591764413752e-05,0.5266666666666666,0.47333333333333333
B,2025,5,Daily_Range_Z60,0.002721956232562661,0.0007186145521700382,0.44666666666666666,0.5533333333333333
B,2025,5,QQQ_Log_Return_1D,0.0010764404432848096,-2.4751319870119914e-05,0.5333333333333333,0.4666666666666667
B,2025,5,QQQ_Log_Return_5D,0.00041698504355736077,0.0001266998442588374,0.54,0.46
B,2025,5,QQQ_Volatility_14D,0.0013488568365573883,-0.00027083855820819736,0.21333333333333335,0.7866666666666666
B,2025,6,Log_Return_1D_Z60,0.0007098334608599544,0.00011454414925538003,0.5266666666666666,0.47333333333333333
B,2025,6,Log_Return_5D_Z60,0.0009534396813251078,5.8332279877504334e-05,0.46,0.54
B,2025,6,Volatility_14D_Z60,0.0011564671294763684,-0.00021165753423701972,0.5666666666666667,0.43333333333333335
B,2025,6,Relative_Volume_20D_Z60,0.001583569566719234,4.084513784619048e-05,0.7,0.3
B,2025,6,RSI_14_Scaled,0.002368226880207658,0.0005568835185840726,0.46,0.54
B,2025,6,Price_to_SMA20_Z60,0.003220002166926861,0.0013779157306998968,0.5266666666666666,0.47333333333333333
B,2025,6,Intraday_Return_Z60,0.0003687338612508029,9.947467333404347e-05,0.48,0.52
B,2025,6,Daily_Range_Z60,0.0024344639386981726,-5.15234978593071e-06,0.32666666666666666,0.6733333333333333
B,2025,6,QQQ_Log_Return_1D,0.0010543428361415863,6.994100112933666e-05,0.54,0.46
B,2025,6,QQQ_Log_Return_5D,0.00042680391925387084,0.0001860753691289574,0.6,0.4
B,2025,6,QQQ_Volatility_14D,0.0013460308546200395,-0.00025018895394168794,0.22666666666666666,0.7733333333333333
B,2025,7,Log_Return_1D_Z60,0.000720411422662437,9.680947550805286e-05,0.5266666666666666,0.47333333333333333
B,2025,7,Log_Return_5D_Z60,0.000992812099866569,-2.929442962340545e-05,0.44,0.56
B,2025,7,Volatility_14D_Z60,0.0011606067419052124,-0.00025945319794118404,0.5533333333333333,0.44666666666666666
B,2025,7,Relative_Volume_20D_Z60,0.0016358947614207864,0.00023238698486238718,0.6933333333333334,0.30666666666666664
B,2025,7,RSI_14_Scaled,0.0022763749584555626,0.0005898551899008453,0.4533333333333333,0.5466666666666666
B,2025,7,Price_to_SMA20_Z60,0.0029600721318274736,0.0015447997720912099,0.5666666666666667,0.43333333333333335
B,2025,7,Intraday_Return_Z60,0.000358078716089949,-6.926912465132773e-05,0.41333333333333333,0.5866666666666667
B,2025,7,Daily_Range_Z60,0.0024316173512488604,0.00011475980136310682,0.36666666666666664,0.6333333333333333
B,2025,7,QQQ_Log_Return_1D,0.0009705551201477647,7.347840437432751e-05,0.56,0.44
B,2025,7,QQQ_Log_Return_5D,0.0004430760454852134,0.0001635591615922749,0.6,0.4
B,2025,7,QQQ_Volatility_14D,0.001348040415905416,-0.0002397391217527911,0.21333333333333335,0.7866666666666666
B,2025,8,Log_Return_1D_Z60,0.0007134992629289627,5.6762248277664185e-05,0.4866666666666667,0.5133333333333333
B,2025,8,Log_Return_5D_Z60,0.0010337961139157414,1.017894010146847e-05,0.46,0.54
B,2025,8,Volatility_14D_Z60,0.0011693532578647137,-0.00024654733715578914,0.5466666666666666,0.4533333333333333
B,2025,8,Relative_Volume_20D_Z60,0.0016247789608314633,0.0001898450864246115,0.64,0.36
B,2025,8,RSI_14_Scaled,0.0021932448726147413,0.0006467117927968502,0.49333333333333335,0.5066666666666667
B,2025,8,Price_to_SMA20_Z60,0.003093840554356575,0.001515981974080205,0.5533333333333333,0.44666666666666666
B,2025,8,Intraday_Return_Z60,0.0004331555974204093,1.2823272300011013e-05,0.52,0.48
B,2025,8,Daily_Range_Z60,0.0027294866740703583,0.0003841902653221041,0.3933333333333333,0.6066666666666667
B,2025,8,QQQ_Log_Return_1D,0.0011283550411462784,0.0002567814663052559,0.5933333333333334,0.4066666666666667
B,2025,8,QQQ_Log_Return_5D,0.00045459132525138557,0.00021146266954019666,0.56,0.44
B,2025,8,QQQ_Volatility_14D,0.0013595628552138805,-0.00016949330165516585,0.22666666666666666,0.7733333333333333
B,2025,9,Log_Return_1D_Z60,0.0007954685133881867,6.308400043053553e-05,0.54,0.46
B,2025,9,Log_Return_5D_Z60,0.0010346435010433197,9.757337102200836e-05,0.5133333333333333,0.4866666666666667
B,2025,9,Volatility_14D_Z60,0.00117429718375206,-0.0001871841523097828,0.5266666666666666,0.47333333333333333
B,2025,9,Relative_Volume_20D_Z60,0.0017333772266283631,-9.795239748200402e-05,0.6333333333333333,0.36666666666666664
B,2025,9,RSI_14_Scaled,0.0022396547719836235,0.000757386558689177,0.46,0.54
B,2025,9,Price_to_SMA20_Z60,0.003073660423979163,0.001637224922887981,0.5533333333333333,0.44666666666666666
B,2025,9,Intraday_Return_Z60,0.00042288273107260466,5.985724419588223e-05,0.5133333333333333,0.4866666666666667
B,2025,9,Daily_Range_Z60,0.002650457201525569,0.0004410873807501048,0.4266666666666667,0.5733333333333334
B,2025,9,QQQ_Log_Return_1D,0.0010951737640425563,0.00016666219744365662,0.5333333333333333,0.4666666666666667
B,2025,9,QQQ_Log_Return_5D,0.0004706901381723583,0.00017276771541219205,0.5866666666666667,0.41333333333333333
B,2025,9,QQQ_Volatility_14D,0.001367784570902586,-0.00013822207984048873,0.22,0.78
B,2025,10,Log_Return_1D_Z60,0.0007349415682256222,4.392742084746715e-06,0.48,0.52
B,2025,10,Log_Return_5D_Z60,0.0010244306176900864,0.0002001816319534555,0.5333333333333333,0.4666666666666667
B,2025,10,Volatility_14D_Z60,0.00116595602594316,-0.0001970702433027327,0.5333333333333333,0.4666666666666667
B,2025,10,Relative_Volume_20D_Z60,0.0015232290606945753,0.00018325827841181308,0.6866666666666666,0.31333333333333335
B,2025,10,RSI_14_Scaled,0.002174045890569687,0.0007982599199749529,0.44666666666666666,0.5533333333333333
B,2025,10,Price_to_SMA20_Z60,0.003078752662986517,0.0015129739185795188,0.54,0.46
B,2025,10,Intraday_Return_Z60,0.0004975951742380857,-1.8628143152454868e-05,0.43333333333333335,0.5666666666666667
B,2025,10,Daily_Range_Z60,0.0026661204174160957,0.0007907648687250912,0.46,0.54
B,2025,10,QQQ_Log_Return_1D,0.0010397146688774228,-1.085853364202194e-05,0.5133333333333333,0.4866666666666667
B,2025,10,QQQ_Log_Return_5D,0.00045660187606699765,0.00021537642169278115,0.5866666666666667,0.41333333333333333
B,2025,10,QQQ_Volatility_14D,0.0013301875442266464,-0.0001424032961949706,0.19333333333333333,0.8066666666666666
B,2025,11,Log_Return_1D_Z60,0.0007082534721121192,7.221589476102963e-05,0.5333333333333333,0.4666666666666667
B,2025,11,Log_Return_5D_Z60,0.0012044681934639812,0.00018722728418651968,0.46,0.54
B,2025,11,Volatility_14D_Z60,0.0011304633226245642,-0.00019920470367651433,0.5,0.5
B,2025,11,Relative_Volume_20D_Z60,0.0016439404571428895,-7.178443411248736e-06,0.6666666666666666,0.3333333333333333
B,2025,11,RSI_14_Scaled,0.0023550502955913544,0.0008254142594523728,0.49333333333333335,0.5066666666666667
B,2025,11,Price_to_SMA20_Z60,0.003368798177689314,0.0014343474758788943,0.5733333333333334,0.4266666666666667
B,2025,11,Intraday_Return_Z60,0.0004043579683639109,1.4593315427191556e-05,0.54,0.46
B,2025,11,Daily_Range_Z60,0.002633618889376521,0.0005841257516294718,0.44,0.56
B,2025,11,QQQ_Log_Return_1D,0.0010496535105630755,-8.091877134575043e-06,0.5266666666666666,0.47333333333333333
B,2025,11,QQQ_Log_Return_5D,0.0005168821662664413,0.00022332747175823897,0.6,0.4
B,2025,11,QQQ_Volatility_14D,0.0012936540879309177,-0.00016505664098076522,0.19333333333333333,0.8066666666666666
B,2025,12,Log_Return_1D_Z60,0.0007873220019973814,0.00016499092453159392,0.52,0.48
B,2025,12,Log_Return_5D_Z60,0.001174735021777451,0.00023582507856190205,0.48,0.52
B,2025,12,Volatility_14D_Z60,0.0012154638534411788,-0.00018486926273908466,0.52,0.48
B,2025,12,Relative_Volume_20D_Z60,0.0017350713023915887,-0.00013505575770977885,0.6533333333333333,0.3466666666666667
B,2025,12,RSI_14_Scaled,0.0023837678600102663,0.0008118759724311531,0.4866666666666667,0.5133333333333333
B,2025,12,Price_to_SMA20_Z60,0.0034223906695842743,0.001381134963594377,0.56,0.44
B,2025,12,Intraday_Return_Z60,0.0004982526879757643,6.393546937033534e-05,0.46,0.54
B,2025,12,Daily_Range_Z60,0.002973439870402217,0.0008528206963092089,0.4,0.6
B,2025,12,QQQ_Log_Return_1D,0.0011990175116807222,-9.994295396609232e-05,0.43333333333333335,0.5666666666666667
B,2025,12,QQQ_Log_Return_5D,0.0005035686772316694,0.00022094632731750607,0.58,0.42
B,2025,12,QQQ_Volatility_14D,0.001384666538797319,-4.7106692363740876e-05,0.20666666666666667,0.7933333333333333
B,2025,13,Log_Return_1D_Z60,0.000831582467071712,9.905169281410053e-05,0.5266666666666666,0.47333333333333333
B,2025,13,Log_Return_5D_Z60,0.0013057448668405414,0.00023658486315980554,0.52,0.48
B,2025,13,Volatility_14D_Z60,0.0012488682987168431,-0.00026806461391970515,0.5133333333333333,0.4866666666666667
B,2025,13,Relative_Volume_20D_Z60,0.0018711852608248591,-0.00042479316471144557,0.6466666666666666,0.35333333333333333
B,2025,13,RSI_14_Scaled,0.0025422414764761925,0.000927734945435077,0.5133333333333333,0.4866666666666667
B,2025,13,Price_to_SMA20_Z60,0.0035963868722319603,0.0015015621902421117,0.5533333333333333,0.44666666666666666
B,2025,13,Intraday_Return_Z60,0.0004930120776407421,-6.4691116676840466e-06,0.47333333333333333,0.5266666666666666
B,2025,13,Daily_Range_Z60,0.0033377266954630613,0.0014557737158611417,0.44,0.56
B,2025,13,QQQ_Log_Return_1D,0.0010100600775331259,-1.2938516192662064e-05,0.5333333333333333,0.4666666666666667
B,2025,13,QQQ_Log_Return_5D,0.000495095388032496,0.00016725056048016995,0.5733333333333334,0.4266666666666667
B,2025,13,QQQ_Volatility_14D,0.0013950264547020197,1.5612145944032818e-05,0.21333333333333335,0.7866666666666666
B,2025,14,Log_Return_1D_Z60,0.0007372533436864614,2.4803655833238736e-05,0.5,0.5
B,2025,14,Log_Return_5D_Z60,0.0012146224034950137,0.000209673642530106,0.5133333333333333,0.4866666666666667
B,2025,14,Volatility_14D_Z60,0.0011542645515874028,-0.00019173497275914997,0.52,0.48
B,2025,14,Relative_Volume_20D_Z60,0.0015537252184003592,3.193229349562898e-05,0.66,0.34
B,2025,14,RSI_14_Scaled,0.0025383131578564644,0.0010123081738129258,0.5,0.5
B,2025,14,Price_to_SMA20_Z60,0.003694817190989852,0.0013699865667149425,0.5066666666666667,0.49333333333333335
B,2025,14,Intraday_Return_Z60,0.00046371121425181627,9.038877760758623e-05,0.5,0.5
B,2025,14,Daily_Range_Z60,0.0030625436920672655,0.0013667136663571,0.47333333333333333,0.5266666666666666
B,2025,14,QQQ_Log_Return_1D,0.0009819504339247942,-1.672054349910468e-05,0.5333333333333333,0.4666666666666667
B,2025,14,QQQ_Log_Return_5D,0.0005393262254074216,0.00015544405323453248,0.5733333333333334,0.4266666666666667
B,2025,14,QQQ_Volatility_14D,0.0013289495836943388,-3.546292646205984e-05,0.21333333333333335,0.7866666666666666
B,2025,15,Log_Return_1D_Z60,0.0007077849586494267,-0.00012407940812408924,0.46,0.54
B,2025,15,Log_Return_5D_Z60,0.0011200432199984789,0.00017754966393113136,0.5,0.5
B,2025,15,Volatility_14D_Z60,0.0011447628494352102,-9.594599396223202e-05,0.5666666666666667,0.43333333333333335
B,2025,15,Relative_Volume_20D_Z60,0.001444064429961145,0.0002131776709575206,0.7,0.3
B,2025,15,RSI_14_Scaled,0.002423379337415099,0.0011166584445163608,0.5333333333333333,0.4666666666666667
B,2025,15,Price_to_SMA20_Z60,0.0035790211986750364,0.0011070150649175048,0.52,0.48
B,2025,15,Intraday_Return_Z60,0.0005065301083959639,-1.8218267996417126e-06,0.4866666666666667,0.5133333333333333
B,2025,15,Daily_Range_Z60,0.0028063186910003424,0.0007754929247312248,0.4266666666666667,0.5733333333333334
B,2025,15,QQQ_Log_Return_1D,0.0010719315614551306,0.00017060972459148616,0.54,0.46
B,2025,15,QQQ_Log_Return_5D,0.00048420648090541363,6.461447628680617e-05,0.5466666666666666,0.4533333333333333
B,2025,15,QQQ_Volatility_14D,0.001366208540275693,2.3128290195018053e-05,0.19333333333333333,0.8066666666666666
B,2025,16,Log_Return_1D_Z60,0.0008773267036303878,-4.350238782535598e-07,0.49333333333333335,0.5066666666666667
B,2025,16,Log_Return_5D_Z60,0.0010925366077572107,0.00022213265765458345,0.49333333333333335,0.5066666666666667
B,2025,16,Volatility_14D_Z60,0.0012271023588255048,-0.0001947869168361649,0.5533333333333333,0.44666666666666666
B,2025,16,Relative_Volume_20D_Z60,0.001582561177201569,-8.535169035894796e-05,0.6333333333333333,0.36666666666666664
B,2025,16,RSI_14_Scaled,0.002363357460126281,0.00113327254075557,0.52,0.48
B,2025,16,Price_to_SMA20_Z60,0.003515273332595825,0.0011404019314795732,0.54,0.46
B,2025,16,Intraday_Return_Z60,0.00046273856423795223,-2.0736664737341926e-05,0.4666666666666667,0.5333333333333333
B,2025,16,Daily_Range_Z60,0.003278107149526477,0.0015818960964679718,0.46,0.54
B,2025,16,QQQ_Log_Return_1D,0.0012283612741157413,-0.0001376715226797387,0.46,0.54
B,2025,16,QQQ_Log_Return_5D,0.00046550645492970943,5.823858009534888e-05,0.5,0.5
B,2025,16,QQQ_Volatility_14D,0.001451731426641345,0.00012157474702689797,0.21333333333333335,0.7866666666666666
B,2025,17,Log_Return_1D_Z60,0.0007398452144116163,0.00023399177007377148,0.6133333333333333,0.38666666666666666
B,2025,17,Log_Return_5D_Z60,0.0011031816247850657,0.00019468461687210947,0.49333333333333335,0.5066666666666667
B,2025,17,Volatility_14D_Z60,0.0011767700780183077,-0.00019734517263714224,0.5466666666666666,0.4533333333333333
B,2025,17,Relative_Volume_20D_Z60,0.0014705345965921879,0.00022104884556028992,0.6733333333333333,0.32666666666666666
B,2025,17,RSI_14_Scaled,0.002392655937001109,0.0010492290602996945,0.5066666666666667,0.49333333333333335
B,2025,17,Price_to_SMA20_Z60,0.0036737839691340923,0.001184505526907742,0.5466666666666666,0.4533333333333333
B,2025,17,Intraday_Return_Z60,0.00041816086741164327,7.451097189914435e-05,0.46,0.54
B,2025,17,Daily_Range_Z60,0.002713682595640421,0.0006161773926578462,0.43333333333333335,0.5666666666666667
B,2025,17,QQQ_Log_Return_1D,0.0013192923506721854,-3.90087952837348e-05,0.49333333333333335,0.5066666666666667
B,2025,17,QQQ_Log_Return_5D,0.00045968889025971293,0.00011171609367011115,0.5066666666666667,0.49333333333333335
B,2025,17,QQQ_Volatility_14D,0.0015079150907695293,0.0002147402410628274,0.20666666666666667,0.7933333333333333
B,2025,18,Log_Return_1D_Z60,0.0006972403498366475,-7.79353067628108e-05,0.5066666666666667,0.49333333333333335
B,2025,18,Log_Return_5D_Z60,0.0010729030473157763,0.00026531651383265853,0.4666666666666667,0.5333333333333333
B,2025,18,Volatility_14D_Z60,0.001146418508142233,-0.00018354599887970835,0.5266666666666666,0.47333333333333333
B,2025,18,Relative_Volume_20D_Z60,0.001333479885943234,0.0004577718209475279,0.7333333333333333,0.26666666666666666
B,2025,18,RSI_14_Scaled,0.0023843813687562943,0.001113393111154437,0.5333333333333333,0.4666666666666667
B,2025,18,Price_to_SMA20_Z60,0.003438204061239958,0.0010473636211827397,0.5066666666666667,0.49333333333333335
B,2025,18,Intraday_Return_Z60,0.0004314849793445319,0.00010513473534956574,0.54,0.46
B,2025,18,Daily_Range_Z60,0.002665702486410737,0.0006714658229611814,0.41333333333333333,0.5866666666666667
B,2025,18,QQQ_Log_Return_1D,0.001058058114722371,-4.379431265988387e-05,0.5066666666666667,0.49333333333333335
B,2025,18,QQQ_Log_Return_5D,0.00046832114458084106,0.00014966736489441246,0.5866666666666667,0.41333333333333333
B,2025,18,QQQ_Volatility_14D,0.001445622299797833,0.00013853877317160368,0.22,0.78
B,2025,19,Log_Return_1D_Z60,0.0005566032486967742,3.858201307593845e-05,0.5533333333333333,0.44666666666666666
B,2025,19,Log_Return_5D_Z60,0.0011323658982291818,0.00022409891244024038,0.4666666666666667,0.5333333333333333
B,2025,19,Volatility_14D_Z60,0.001124465255998075,-8.54293757583946e-05,0.5333333333333333,0.4666666666666667
B,2025,19,Relative_Volume_20D_Z60,0.0014059465611353517,0.0005025712889619172,0.76,0.24
B,2025,19,RSI_14_Scaled,0.002380197402089834,0.0010800383752211928,0.4666666666666667,0.5333333333333333
B,2025,19,Price_to_SMA20_Z60,0.003489484777674079,0.0009948130464181304,0.5333333333333333,0.4666666666666667
B,2025,19,Intraday_Return_Z60,0.00043371107312850654,-1.6002695701899938e-05,0.46,0.54
B,2025,19,Daily_Range_Z60,0.002382636768743396,0.00039324138197116554,0.4066666666666667,0.5933333333333334
B,2025,19,QQQ_Log_Return_1D,0.0009658716153353453,0.00012489587243180722,0.56,0.44
B,2025,19,QQQ_Log_Return_5D,0.000576782738789916,0.00016158340440597385,0.58,0.42
B,2025,19,QQQ_Volatility_14D,0.0013671567430719733,8.50344731588848e-05,0.18666666666666668,0.8133333333333334
B,2025,20,Log_Return_1D_Z60,0.0006995794246904552,9.813436918193474e-05,0.5466666666666666,0.4533333333333333
B,2025,20,Log_Return_5D_Z60,0.0010527991689741611,0.0002566110051702708,0.46,0.54
B,2025,20,Volatility_14D_Z60,0.0011371473083272576,-6.048506111255847e-05,0.5666666666666667,0.43333333333333335
B,2025,20,Relative_Volume_20D_Z60,0.0014876594068482518,0.000259132037172094,0.7266666666666667,0.2733333333333333
B,2025,20,RSI_14_Scaled,0.0021907708141952753,0.0010022646747529507,0.48,0.52
B,2025,20,Price_to_SMA20_Z60,0.003330229315906763,0.0008973008370958269,0.5466666666666666,0.4533333333333333
B,2025,20,Intraday_Return_Z60,0.0004178153467364609,7.213962817331776e-05,0.5533333333333333,0.44666666666666666
B,2025,20,Daily_Range_Z60,0.0030006812885403633,0.0007733240490779281,0.36,0.64
B,2025,20,QQQ_Log_Return_1D,0.0012714485637843609,0.00022697870736010373,0.58,0.42
B,2025,20,QQQ_Log_Return_5D,0.0005852435133419931,0.0001912636507768184,0.58,0.42
B,2025,20,QQQ_Volatility_14D,0.0014686540234833956,0.00021175266010686755,0.21333333333333335,0.7866666666666666
B,2025,21,Log_Return_1D_Z60,0.000781517883297056,2.4637265596538782e-05,0.49333333333333335,0.5066666666666667
B,2025,21,Log_Return_5D_Z60,0.000958587508648634,0.00015795505896676332,0.46,0.54
B,2025,21,Volatility_14D_Z60,0.0011651106178760529,-0.00012711361341644078,0.5733333333333334,0.4266666666666667
B,2025,21,Relative_Volume_20D_Z60,0.0013935810420662165,0.00012821353448089212,0.68,0.32
B,2025,21,RSI_14_Scaled,0.0022926260717213154,0.0010043543297797441,0.54,0.46
B,2025,21,Price_to_SMA20_Z60,0.003231976879760623,0.0009056805283762515,0.5266666666666666,0.47333333333333333
B,2025,21,Intraday_Return_Z60,0.0004358785809017718,3.2966923754429445e-05,0.4666666666666667,0.5333333333333333
B,2025,21,Daily_Range_Z60,0.0027013979852199554,0.0007465991657227278,0.4533333333333333,0.5466666666666666
B,2025,21,QQQ_Log_Return_1D,0.0011774813756346703,-2.6371590138296597e-05,0.4866666666666667,0.5133333333333333
B,2025,21,QQQ_Log_Return_5D,0.0005117105320096016,0.00020698376465588808,0.58,0.42
B,2025,21,QQQ_Volatility_14D,0.00147224438842386,0.00021683996601495892,0.2,0.8
B,2025,22,Log_Return_1D_Z60,0.0007055873866192997,-0.00010088236740557477,0.44666666666666666,0.5533333333333333
B,2025,22,Log_Return_5D_Z60,0.0010006281081587076,0.00030368188163265586,0.4866666666666667,0.5133333333333333
B,2025,22,Volatility_14D_Z60,0.0011486245784908533,-0.00016510220302734524,0.5733333333333334,0.4266666666666667
B,2025,22,Relative_Volume_20D_Z60,0.0015351809561252594,3.9162008761195466e-05,0.6733333333333333,0.32666666666666666
B,2025,22,RSI_14_Scaled,0.002298778621479869,0.0010758403223007917,0.5066666666666667,0.49333333333333335
B,2025,22,Price_to_SMA20_Z60,0.0032260827720165253,0.00046970313997007906,0.49333333333333335,0.5066666666666667
B,2025,22,Intraday_Return_Z60,0.00043590395944193006,0.00010947406553896144,0.5333333333333333,0.4666666666666667
B,2025,22,Daily_Range_Z60,0.002846251707524061,0.0005976362735964358,0.38,0.62
B,2025,22,QQQ_Log_Return_1D,0.0011774454033002257,4.8284240619977936e-05,0.5066666666666667,0.49333333333333335
B,2025,22,QQQ_Log_Return_5D,0.00047402779455296695,0.0001327214704360813,0.5466666666666666,0.4533333333333333
B,2025,22,QQQ_Volatility_14D,0.0014961868291720748,0.0002866531431209296,0.22,0.78
B,2025,23,Log_Return_1D_Z60,0.0007310135406441987,-0.00016606230929028243,0.4666666666666667,0.5333333333333333
B,2025,23,Log_Return_5D_Z60,0.0009716288186609745,0.00020806698012165725,0.49333333333333335,0.5066666666666667
B,2025,23,Volatility_14D_Z60,0.0012381155975162983,-0.00018745670968201011,0.5733333333333334,0.4266666666666667
B,2025,23,Relative_Volume_20D_Z60,0.0018190968548879027,-0.0002514566876925528,0.64,0.36
B,2025,23,RSI_14_Scaled,0.002356192795559764,0.0011404136894270778,0.5666666666666667,0.43333333333333335
B,2025,23,Price_to_SMA20_Z60,0.0031616680789738894,0.0003565787337720394,0.4266666666666667,0.5733333333333334
B,2025,23,Intraday_Return_Z60,0.00039839636883698404,-1.4688372175442055e-05,0.4533333333333333,0.5466666666666666
B,2025,23,Daily_Range_Z60,0.0028363040182739496,0.0002800717484205961,0.37333333333333335,0.6266666666666667
B,2025,23,QQQ_Log_Return_1D,0.0010640493128448725,4.70042105007451e-05,0.6133333333333333,0.38666666666666666
B,2025,23,QQQ_Log_Return_5D,0.0004666941240429878,0.00012301471724640578,0.5,0.5
B,2025,23,QQQ_Volatility_14D,0.001449665054678917,0.00022683953284285963,0.19333333333333333,0.8066666666666666
B,2025,24,Log_Return_1D_Z60,0.0007881906349211931,9.428725752513856e-05,0.4533333333333333,0.5466666666666666
B,2025,24,Log_Return_5D_Z60,0.0009804987348616123,0.00022499216720461845,0.54,0.46
B,2025,24,Volatility_14D_Z60,0.0013614024501293898,-0.0002454628120176494,0.56,0.44
B,2025,24,Relative_Volume_20D_Z60,0.001630496117286384,0.00014575448585674167,0.72,0.28
B,2025,24,RSI_14_Scaled,0.0020448446739465,0.0009897215059027076,0.5666666666666667,0.43333333333333335
B,2025,24,Price_to_SMA20_Z60,0.0032479227520525455,0.00030928521300666034,0.46,0.54
B,2025,24,Intraday_Return_Z60,0.0004382894840091467,9.382175630889833e-05,0.47333333333333333,0.5266666666666666
B,2025,24,Daily_Range_Z60,0.0028052106499671936,0.0005981340655125678,0.35333333333333333,0.6466666666666666
B,2025,24,QQQ_Log_Return_1D,0.0010867356322705746,0.00024156965082511306,0.6,0.4
B,2025,24,QQQ_Log_Return_5D,0.0004762443422805518,5.654649794450961e-05,0.5266666666666666,0.47333333333333333
B,2025,24,QQQ_Volatility_14D,0.0015925240004435182,0.0003246840788051486,0.2,0.8
B,2025,25,Log_Return_1D_Z60,0.0005808863788843155,-8.09436896815896e-05,0.44666666666666666,0.5533333333333333
B,2025,25,Log_Return_5D_Z60,0.0009963845368474722,0.00017453686450608075,0.5466666666666666,0.4533333333333333
B,2025,25,Volatility_14D_Z60,0.00126183545216918,-0.0001385543728247285,0.5733333333333334,0.4266666666666667
B,2025,25,Relative_Volume_20D_Z60,0.001448067487217486,0.00035370158730074763,0.7,0.3
B,2025,25,RSI_14_Scaled,0.002115905750542879,0.0010657468810677528,0.5933333333333334,0.4066666666666667
B,2025,25,Price_to_SMA20_Z60,0.00337582197971642,9.243011299986392e-05,0.43333333333333335,0.5666666666666667
B,2025,25,Intraday_Return_Z60,0.000360892474418506,9.018004493555054e-05,0.5733333333333334,0.4266666666666667
B,2025,25,Daily_Range_Z60,0.0025497395545244217,0.0002096299867844209,0.32,0.68
B,2025,25,QQQ_Log_Return_1D,0.0009266759734600782,8.886353316484019e-05,0.5733333333333334,0.4266666666666667
B,2025,25,QQQ_Log_Return_5D,0.000490804435685277,8.932017954066396e-05,0.58,0.42
B,2025,25,QQQ_Volatility_14D,0.001632608356885612,0.00028574903262779117,0.2,0.8
B,2025,26,Log_Return_1D_Z60,0.0006222323281690478,-0.00013547978596761823,0.4266666666666667,0.5733333333333334
B,2025,26,Log_Return_5D_Z60,0.0009122049086727202,0.00031465510255657136,0.5866666666666667,0.41333333333333333
B,2025,26,Volatility_14D_Z60,0.0012804578291252255,-0.00016211823094636202,0.5466666666666666,0.4533333333333333
B,2025,26,Relative_Volume_20D_Z60,0.0013496322790160775,0.00040418014395982027,0.7,0.3
B,2025,26,RSI_14_Scaled,0.0021911179646849632,0.0012141496408730745,0.5733333333333334,0.4266666666666667
B,2025,26,Price_to_SMA20_Z60,0.0033607101067900658,-0.00043639139039441943,0.3933333333333333,0.6066666666666667
B,2025,26,Intraday_Return_Z60,0.0003663252864498645,-2.7594373023021035e-05,0.4666666666666667,0.5333333333333333
B,2025,26,Daily_Range_Z60,0.0023045141715556383,-0.000246792274992913,0.32,0.68
B,2025,26,QQQ_Log_Return_1D,0.001027376507408917,0.0002640373131725937,0.58,0.42
B,2025,26,QQQ_Log_Return_5D,0.00046612616279162467,4.9753525672713295e-05,0.5666666666666667,0.43333333333333335
B,2025,26,QQQ_Volatility_14D,0.0016269878251478076,0.00024364818818867207,0.20666666666666667,0.7933333333333333
B,2025,27,Log_Return_1D_Z60,0.0006577085587196052,-0.0001059645801433362,0.47333333333333333,0.5266666666666666
B,2025,27,Log_Return_5D_Z60,0.0009664345998317003,0.0002910097246058285,0.54,0.46
B,2025,27,Volatility_14D_Z60,0.0013060971396043897,-9.651233995100483e-05,0.5533333333333333,0.44666666666666666
B,2025,27,Relative_Volume_20D_Z60,0.0016203579725697637,9.02260871953331e-05,0.6866666666666666,0.31333333333333335
B,2025,27,RSI_14_Scaled,0.0023219359572976828,0.0013787499628961086,0.56,0.44
B,2025,27,Price_to_SMA20_Z60,0.0035878904163837433,-0.0006582465721294284,0.41333333333333333,0.5866666666666667
B,2025,27,Intraday_Return_Z60,0.0004018654872197658,7.515229663113132e-05,0.5466666666666666,0.4533333333333333
B,2025,27,Daily_Range_Z60,0.0026492655742913485,0.00012607804092112929,0.36,0.64
B,2025,27,QQQ_Log_Return_1D,0.0009209646959789097,-9.693335596239194e-05,0.5533333333333333,0.44666666666666666
B,2025,27,QQQ_Log_Return_5D,0.0004648917820304632,9.788116585696116e-05,0.5933333333333334,0.4066666666666667
B,2025,27,QQQ_Volatility_14D,0.0016090009594336152,0.00018206273671239614,0.2,0.8
B,2025,28,Log_Return_1D_Z60,0.0008095689699985087,-6.744170241290703e-05,0.4666666666666667,0.5333333333333333
B,2025,28,Log_Return_5D_Z60,0.0009780973196029663,0.00038397908792831004,0.6066666666666667,0.3933333333333333
B,2025,28,Volatility_14D_Z60,0.0014191132504492998,-0.0001971947931451723,0.5533333333333333,0.44666666666666666
B,2025,28,Relative_Volume_20D_Z60,0.0019301996799185872,-0.00033724927925504744,0.64,0.36
B,2025,28,RSI_14_Scaled,0.0022595722693949938,0.0014591518556699157,0.56,0.44
B,2025,28,Price_to_SMA20_Z60,0.0032683645840734243,-0.0009126532240770757,0.3933333333333333,0.6066666666666667
B,2025,28,Intraday_Return_Z60,0.00040955544682219625,-2.375964140810538e-05,0.5266666666666666,0.47333333333333333
B,2025,28,Daily_Range_Z60,0.0025875000283122063,0.00026965487631969154,0.34,0.66
B,2025,28,QQQ_Log_Return_1D,0.001021185889840126,2.3802289433660917e-05,0.5533333333333333,0.44666666666666666
B,2025,28,QQQ_Log_Return_5D,0.0004948354908265173,6.62832026137039e-05,0.5866666666666667,0.41333333333333333
B,2025,28,QQQ_Volatility_14D,0.001631013466976583,0.00023357142345048487,0.2,0.8
B,2025,29,Log_Return_1D_Z60,0.0006787324673496187,6.651341391261667e-05,0.5066666666666667,0.49333333333333335
B,2025,29,Log_Return_5D_Z60,0.0008974754600785673,0.00029862462542951107,0.58,0.42
B,2025,29,Volatility_14D_Z60,0.0013600981328636408,-0.00011979587725363672,0.5666666666666667,0.43333333333333335
B,2025,29,Relative_Volume_20D_Z60,0.0012489436194300652,0.00024351438332814723,0.6533333333333333,0.3466666666666667
B,2025,29,RSI_14_Scaled,0.002172536449506879,0.0013137048808857799,0.5733333333333334,0.4266666666666667
B,2025,29,Price_to_SMA20_Z60,0.0033066258765757084,-0.0006855352548882365,0.3933333333333333,0.6066666666666667
B,2025,29,Intraday_Return_Z60,0.0003757608064915985,-2.7043384761782363e-05,0.4533333333333333,0.5466666666666666
B,2025,29,Daily_Range_Z60,0.002209930680692196,-0.00024017832765821368,0.36,0.64
B,2025,29,QQQ_Log_Return_1D,0.0009399773553013802,6.969688547542319e-05,0.56,0.44
B,2025,29,QQQ_Log_Return_5D,0.00046411826042458415,0.00012669608986470848,0.58,0.42
B,2025,29,QQQ_Volatility_14D,0.0015553963603451848,0.00014322475180961192,0.20666666666666667,0.7933333333333333
B,2025,30,Log_Return_1D_Z60,0.000766496523283422,-0.00010020515765063465,0.54,0.46
B,2025,30,Log_Return_5D_Z60,0.0010006888769567013,0.0004253581282682717,0.56,0.44
B,2025,30,Volatility_14D_Z60,0.0014098306419327855,-0.0002126998151652515,0.5733333333333334,0.4266666666666667
B,2025,30,Relative_Volume_20D_Z60,0.0022911271080374718,-0.0010761211160570383,0.5066666666666667,0.49333333333333335
B,2025,30,RSI_14_Scaled,0.0022054221481084824,0.0013868751702830195,0.6066666666666667,0.3933333333333333
B,2025,30,Price_to_SMA20_Z60,0.003587295301258564,-0.0011164617026224732,0.35333333333333333,0.6466666666666666
B,2025,30,Intraday_Return_Z60,0.0004312204837333411,8.874517334334087e-06,0.52,0.48
B,2025,30,Daily_Range_Z60,0.0024161157198250294,2.8587703127413988e-05,0.37333333333333335,0.6266666666666667
B,2025,30,QQQ_Log_Return_1D,0.000859533145558089,0.00013031114940531552,0.6,0.4
B,2025,30,QQQ_Log_Return_5D,0.0004425141669344157,6.32921583019197e-05,0.5333333333333333,0.4666666666666667
B,2025,30,QQQ_Volatility_14D,0.0014754930743947625,4.313503814046271e-05,0.20666666666666667,0.7933333333333333
C,2025,1,Log_Return_1D_Z60,0.0004629867326002568,-6.294442573562264e-05,0.5333333333333333,0.4666666666666667
C,2025,1,Log_Return_5D_Z60,0.0007812128169462085,0.0001831453264458105,0.56,0.44
C,2025,1,Volatility_14D_Z60,0.0017817599000409245,0.0005177098792046309,0.5466666666666666,0.4533333333333333
C,2025,1,Relative_Volume_20D_Z60,0.006135703530162573,0.0012566843070089817,0.4066666666666667,0.5933333333333334
C,2025,1,RSI_14_Scaled,0.007842530496418476,0.0017975385999307036,0.46,0.54
C,2025,1,Price_to_SMA20_Z60,0.008643629029393196,0.0002307321410626173,0.4866666666666667,0.5133333333333333
C,2025,1,Intraday_Return_Z60,0.007271192967891693,-0.0014392761513590813,0.4866666666666667,0.5133333333333333
C,2025,1,Daily_Range_Z60,0.001802926417440176,0.0006956792785786092,0.5866666666666667,0.41333333333333333
C,2025,1,QQQ_Log_Return_1D,0.0009407017496414483,0.0002468260645400733,0.5,0.5
C,2025,1,QQQ_Log_Return_5D,0.0009972448460757732,0.00042946988833136857,0.6,0.4
C,2025,1,QQQ_Volatility_14D,0.004975560586899519,-0.002382107777521014,0.19333333333333333,0.8066666666666666
C,2025,2,Log_Return_1D_Z60,0.00048432801850140095,-4.1349947423441336e-05,0.54,0.46
C,2025,2,Log_Return_5D_Z60,0.0007835546275600791,0.00016035448061302304,0.5,0.5
C,2025,2,Volatility_14D_Z60,0.001821892219595611,0.000549513497389853,0.5333333333333333,0.4666666666666667
C,2025,2,Relative_Volume_20D_Z60,0.006837822496891022,0.0015037788543850183,0.41333333333333333,0.5866666666666667
C,2025,2,RSI_14_Scaled,0.008057245053350925,0.002099652774631977,0.4533333333333333,0.5466666666666666
C,2025,2,Price_to_SMA20_Z60,0.008782568387687206,0.00017802319780457765,0.5,0.5
C,2025,2,Intraday_Return_Z60,0.008030133321881294,0.0005530598573386669,0.5333333333333333,0.4666666666666667
C,2025,2,Daily_Range_Z60,0.0019488466205075383,0.0005711039993911982,0.6533333333333333,0.3466666666666667
C,2025,2,QQQ_Log_Return_1D,0.0010543644893914461,0.00013565871631726623,0.4666666666666667,0.5333333333333333
C,2025,2,QQQ_Log_Return_5D,0.0010183053091168404,0.0003233026945963502,0.62,0.38
C,2025,2,QQQ_Volatility_14D,0.005027070175856352,-0.002364884130656719,0.20666666666666667,0.7933333333333333
C,2025,3,Log_Return_1D_Z60,0.00044118682853877544,5.981874346616678e-05,0.5266666666666666,0.47333333333333333
C,2025,3,Log_Return_5D_Z60,0.0008382780360989273,0.00028908680542372167,0.58,0.42
C,2025,3,Volatility_14D_Z60,0.0017730537801980972,0.0006152697606012225,0.54,0.46
C,2025,3,Relative_Volume_20D_Z60,0.005793118383735418,-0.00012886503827758133,0.3466666666666667,0.6533333333333333
C,2025,3,RSI_14_Scaled,0.007633649278432131,0.001805929932743311,0.44666666666666666,0.5533333333333333
C,2025,3,Price_to_SMA20_Z60,0.008674794808030128,0.0006677958881482482,0.54,0.46
C,2025,3,Intraday_Return_Z60,0.00816257018595934,-0.0016214539064094424,0.44666666666666666,0.5533333333333333
C,2025,3,Daily_Range_Z60,0.0021579794120043516,0.0005717286258004606,0.58,0.42
C,2025,3,QQQ_Log_Return_1D,0.0008102603023871779,6.509286322398111e-05,0.49333333333333335,0.5066666666666667
C,2025,3,QQQ_Log_Return_5D,0.0009814562508836389,0.00040893637924455106,0.62,0.38
C,2025,3,QQQ_Volatility_14D,0.004968608729541302,-0.0024316690396517515,0.20666666666666667,0.7933333333333333
C,2025,4,Log_Return_1D_Z60,0.0005016056820750237,8.804078970570117e-05,0.56,0.44
C,2025,4,Log_Return_5D_Z60,0.0008204136393032968,0.00040797353722155094,0.6133333333333333,0.38666666666666666
C,2025,4,Volatility_14D_Z60,0.0018123318441212177,0.0007515419856645167,0.5333333333333333,0.4666666666666667
C,2025,4,Relative_Volume_20D_Z60,0.00534074055030942,-0.00027905014576390386,0.38666666666666666,0.6133333333333333
C,2025,4,RSI_14_Scaled,0.007122569717466831,0.0015606036176905036,0.4066666666666667,0.5933333333333334
C,2025,4,Price_to_SMA20_Z60,0.008183742873370647,0.0015252111479640007,0.56,0.44
C,2025,4,Intraday_Return_Z60,0.008087990805506706,-0.0006817948305979371,0.4866666666666667,0.5133333333333333
C,2025,4,Daily_Range_Z60,0.0016882306663319468,0.00042755724280141294,0.6266666666666667,0.37333333333333335
C,2025,4,QQQ_Log_Return_1D,0.0012325153220444918,0.0002241029287688434,0.5466666666666666,0.4533333333333333
C,2025,4,QQQ_Log_Return_5D,0.0009379973053000867,0.000356561504304409,0.6266666666666667,0.37333333333333335
C,2025,4,QQQ_Volatility_14D,0.00498498510569334,-0.002177804009988904,0.22,0.78
C,2025,5,Log_Return_1D_Z60,0.00046480525634251535,-2.0494901036727242e-05,0.46,0.54
C,2025,5,Log_Return_5D_Z60,0.0008266095537692308,0.00034255351056344807,0.5866666666666667,0.41333333333333333
C,2025,5,Volatility_14D_Z60,0.001785831991583109,0.0007719558198004961,0.5266666666666666,0.47333333333333333
C,2025,5,Relative_Volume_20D_Z60,0.0067694177851080894,0.0010324306786060333,0.36,0.64
C,2025,5,RSI_14_Scaled,0.00744321895763278,0.0016617797082290053,0.3933333333333333,0.6066666666666667
C,2025,5,Price_to_SMA20_Z60,0.008030171506106853,0.0016171574825420976,0.5466666666666666,0.4533333333333333
C,2025,5,Intraday_Return_Z60,0.007291809655725956,-0.0004908242262899876,0.5066666666666667,0.49333333333333335
C,2025,5,Daily_Range_Z60,0.002052688505500555,0.0007710164645686746,0.66,0.34
C,2025,5,QQQ_Log_Return_1D,0.0010304534807801247,0.0002063040155917406,0.5066666666666667,0.49333333333333335
C,2025,5,QQQ_Log_Return_5D,0.0008926314185373485,0.0003771005431190133,0.6133333333333333,0.38666666666666666
C,2025,5,QQQ_Volatility_14D,0.005000246688723564,-0.0021350292954593897,0.21333333333333335,0.7866666666666666
C,2025,6,Log_Return_1D_Z60,0.0004462722863536328,1.9576145859900862e-05,0.5266666666666666,0.47333333333333333
C,2025,6,Log_Return_5D_Z60,0.0007431888370774686,0.0003727851726580411,0.6266666666666667,0.37333333333333335
C,2025,6,Volatility_14D_Z60,0.0017178665148094296,0.0006715488852933049,0.5333333333333333,0.4666666666666667
C,2025,6,Relative_Volume_20D_Z60,0.006067150272428989,-0.00017398364434484392,0.3,0.7
C,2025,6,RSI_14_Scaled,0.0069870552979409695,0.001330166240222752,0.42,0.58
C,2025,6,Price_to_SMA20_Z60,0.007762756198644638,0.0018064961768686771,0.52,0.48
C,2025,6,Intraday_Return_Z60,0.006580826360732317,-0.0013915325980633497,0.43333333333333335,0.5666666666666667
C,2025,6,Daily_Range_Z60,0.0019406231585890055,0.000644851359538734,0.66,0.34
C,2025,6,QQQ_Log_Return_1D,0.00098918576259166,0.00017383058730047196,0.5,0.5
C,2025,6,QQQ_Log_Return_5D,0.0007840563775971532,0.0003405456955078989,0.5866666666666667,0.41333333333333333
C,2025,6,QQQ_Volatility_14D,0.004959584213793278,-0.0020634341053664684,0.22666666666666666,0.7733333333333333
C,2025,7,Log_Return_1D_Z60,0.0004295028338674456,2.394700095464941e-05,0.5066666666666667,0.49333333333333335
C,2025,7,Log_Return_5D_Z60,0.0008089494658634067,0.00043003811151720583,0.6266666666666667,0.37333333333333335
C,2025,7,Volatility_14D_Z60,0.001736482372507453,0.0007383872289210558,0.56,0.44
C,2025,7,Relative_Volume_20D_Z60,0.006548167206346989,-0.0004844867216888815,0.30666666666666664,0.6933333333333334
C,2025,7,RSI_14_Scaled,0.006758722476661205,0.0013030072441324592,0.4,0.6
C,2025,7,Price_to_SMA20_Z60,0.007004417013376951,0.0018993137637153268,0.56,0.44
C,2025,7,Intraday_Return_Z60,0.0070093972608447075,0.00039002529229037464,0.5133333333333333,0.4866666666666667
C,2025,7,Daily_Range_Z60,0.001868255902081728,0.0007267321925610304,0.6466666666666666,0.35333333333333333
C,2025,7,QQQ_Log_Return_1D,0.0008312574937008321,6.190524436533451e-05,0.5066666666666667,0.49333333333333335
C,2025,7,QQQ_Log_Return_5D,0.0008383103995583951,0.000372671231161803,0.6133333333333333,0.38666666666666666
C,2025,7,QQQ_Volatility_14D,0.004946074448525906,-0.002051111776381731,0.21333333333333335,0.7866666666666666
C,2025,8,Log_Return_1D_Z60,0.00045767988194711506,8.7309381342493e-06,0.47333333333333333,0.5266666666666666
C,2025,8,Log_Return_5D_Z60,0.0007754932157695293,0.00034415145637467504,0.6,0.4
C,2025,8,Volatility_14D_Z60,0.0017518758540973067,0.0007636637310497463,0.58,0.42
C,2025,8,Relative_Volume_20D_Z60,0.006495030131191015,-0.00019969001004938036,0.36,0.64
C,2025,8,RSI_14_Scaled,0.0066240145824849606,0.0012864433228969574,0.4266666666666667,0.5733333333333334
C,2025,8,Price_to_SMA20_Z60,0.007288025226444006,0.00183100497815758,0.5533333333333333,0.44666666666666666
C,2025,8,Intraday_Return_Z60,0.007732580415904522,-0.000464723416371271,0.5133333333333333,0.4866666666666667
C,2025,8,Daily_Range_Z60,0.002167304279282689,0.0003876322298310697,0.6266666666666667,0.37333333333333335
C,2025,8,QQQ_Log_Return_1D,0.001047721249051392,0.00011392951273592189,0.54,0.46
C,2025,8,QQQ_Log_Return_5D,0.000928564346395433,0.0004313626850489527,0.62,0.38
C,2025,8,QQQ_Volatility_14D,0.0049698310904204845,-0.0018760587554425001,0.22666666666666666,0.7733333333333333
C,2025,9,Log_Return_1D_Z60,0.00044964373228140175,7.301362529688049e-06,0.52,0.48
C,2025,9,Log_Return_5D_Z60,0.0007630172185599804,0.00036976111005060375,0.56,0.44
C,2025,9,Volatility_14D_Z60,0.0019005084177479148,0.0009449339122511446,0.6133333333333333,0.38666666666666666
C,2025,9,Relative_Volume_20D_Z60,0.006713609676808119,0.000677216041367501,0.36666666666666664,0.6333333333333333
C,2025,9,RSI_14_Scaled,0.006764883175492287,0.0014914090279489756,0.41333333333333333,0.5866666666666667
C,2025,9,Price_to_SMA20_Z60,0.007601988967508078,0.002012464217841625,0.56,0.44
C,2025,9,Intraday_Return_Z60,0.00795249454677105,-0.000625099812168628,0.5,0.5
C,2025,9,Daily_Range_Z60,0.0018817686941474676,0.0005675453576259315,0.66,0.34
C,2025,9,QQQ_Log_Return_1D,0.001023273216560483,0.00030069248168729246,0.5866666666666667,0.41333333333333333
C,2025,9,QQQ_Log_Return_5D,0.0009324650163762271,0.0005145824979990721,0.6333333333333333,0.36666666666666664
C,2025,9,QQQ_Volatility_14D,0.004892924800515175,-0.001757030258886516,0.22,0.78
C,2025,10,Log_Return_1D_Z60,0.0004445929953362793,-3.493382973829284e-05,0.49333333333333335,0.5066666666666667
C,2025,10,Log_Return_5D_Z60,0.0007917039329186082,0.00039874474168755114,0.5933333333333334,0.4066666666666667
C,2025,10,Volatility_14D_Z60,0.0018069266807287931,0.0009564855718053877,0.6133333333333333,0.38666666666666666
C,2025,10,Relative_Volume_20D_Z60,0.006122181192040443,-0.00016251186025328934,0.31333333333333335,0.6866666666666666
C,2025,10,RSI_14_Scaled,0.0065672206692397594,0.0015858410624787211,0.3933333333333333,0.6066666666666667
C,2025,10,Price_to_SMA20_Z60,0.007752751465886831,0.0016711539356037974,0.5466666666666666,0.4533333333333333
C,2025,10,Intraday_Return_Z60,0.008330044336616993,0.0007438678876496851,0.5133333333333333,0.4866666666666667
C,2025,10,Daily_Range_Z60,0.001954661915078759,0.0002865572168957442,0.56,0.44
C,2025,10,QQQ_Log_Return_1D,0.0010537715861573815,0.00032519304659217596,0.5733333333333334,0.4266666666666667
C,2025,10,QQQ_Log_Return_5D,0.0008992412476800382,0.0005006503197364509,0.6533333333333333,0.3466666666666667
C,2025,10,QQQ_Volatility_14D,0.0047405618242919445,-0.0017097446834668517,0.19333333333333333,0.8066666666666666
C,2025,11,Log_Return_1D_Z60,0.0004366969515103847,-7.604750862810761e-05,0.5066666666666667,0.49333333333333335
C,2025,11,Log_Return_5D_Z60,0.0008890182944014668,0.00038333245902322233,0.5866666666666667,0.41333333333333333
C,2025,11,Volatility_14D_Z60,0.0017754000145941973,0.0009587841341271996,0.62,0.38
C,2025,11,Relative_Volume_20D_Z60,0.006542791612446308,0.0007116092019714415,0.3333333333333333,0.6666666666666666
C,2025,11,RSI_14_Scaled,0.007132409606128931,0.0016735084354877472,0.44,0.56
C,2025,11,Price_to_SMA20_Z60,0.008604365400969982,0.0015281011583283544,0.5666666666666667,0.43333333333333335
C,2025,11,Intraday_Return_Z60,0.007627896498888731,3.6373014154378325e-05,0.47333333333333333,0.5266666666666666
C,2025,11,Daily_Range_Z60,0.0018877621041610837,0.0003067251527681947,0.58,0.42
C,2025,11,QQQ_Log_Return_1D,0.0009995080763474107,0.00028928121901117265,0.5466666666666666,0.4533333333333333
C,2025,11,QQQ_Log_Return_5D,0.00099744217004627,0.0005760129424743354,0.68,0.32
C,2025,11,QQQ_Volatility_14D,0.00458309892565012,-0.0017414148896932602,0.19333333333333333,0.8066666666666666
C,2025,12,Log_Return_1D_Z60,0.0005032685585319996,2.2272765818343032e-06,0.5,0.5
C,2025,12,Log_Return_5D_Z60,0.0008669572998769581,0.0004233847139403224,0.6133333333333333,0.38666666666666666
C,2025,12,Volatility_14D_Z60,0.0020804672967642546,0.0011555772507563233,0.6133333333333333,0.38666666666666666
C,2025,12,Relative_Volume_20D_Z60,0.006783166900277138,0.0008610918303020298,0.3466666666666667,0.6533333333333333
C,2025,12,RSI_14_Scaled,0.007192535325884819,0.0017334914300590754,0.44666666666666666,0.5533333333333333
C,2025,12,Price_to_SMA20_Z60,0.008920997381210327,0.001188861089758575,0.5533333333333333,0.44666666666666666
C,2025,12,Intraday_Return_Z60,0.007801802363246679,-0.00027137092547491193,0.44,0.56
C,2025,12,Daily_Range_Z60,0.002149570733308792,0.0007024186197668314,0.62,0.38
C,2025,12,QQQ_Log_Return_1D,0.0014048701850697398,0.00039753332384862006,0.56,0.44
C,2025,12,QQQ_Log_Return_5D,0.0009686988778412342,0.000634039577562362,0.68,0.32
C,2025,12,QQQ_Volatility_14D,0.004772868473082781,-0.0014578023692592978,0.20666666666666667,0.7933333333333333
C,2025,13,Log_Return_1D_Z60,0.0005371483275666833,-0.00012516834249254316,0.4666666666666667,0.5333333333333333
C,2025,13,Log_Return_5D_Z60,0.0010394612327218056,0.000538815394975245,0.5666666666666667,0.43333333333333335
C,2025,13,Volatility_14D_Z60,0.0021452498622238636,0.0013109942665323615,0.62,0.38
C,2025,13,Relative_Volume_20D_Z60,0.007724884431809187,0.0019698755349963903,0.35333333333333333,0.6466666666666666
C,2025,13,RSI_14_Scaled,0.007709095254540443,0.0020065302960574627,0.46,0.54
C,2025,13,Price_to_SMA20_Z60,0.009478497318923473,0.0010567608987912536,0.5466666666666666,0.4533333333333333
C,2025,13,Intraday_Return_Z60,0.009577681310474873,0.00191792706027627,0.5466666666666666,0.4533333333333333
C,2025,13,Daily_Range_Z60,0.0025601054076105356,0.00021942704916000366,0.5466666666666666,0.4533333333333333
C,2025,13,QQQ_Log_Return_1D,0.0009892632951959968,0.0002018676168518141,0.5266666666666666,0.47333333333333333
C,2025,13,QQQ_Log_Return_5D,0.0009342101984657347,0.0005845545674674213,0.6333333333333333,0.36666666666666664
C,2025,13,QQQ_Volatility_14D,0.004794582724571228,-0.0012907793279737234,0.21333333333333335,0.7866666666666666
C,2025,14,Log_Return_1D_Z60,0.00045312801375985146,-2.527094147808384e-05,0.5,0.5
C,2025,14,Log_Return_5D_Z60,0.0009449928184039891,0.0003833433147519827,0.6,0.4
C,2025,14,Volatility_14D_Z60,0.00200446043163538,0.0012286239070817828,0.6466666666666666,0.35333333333333333
C,2025,14,Relative_Volume_20D_Z60,0.006182515528053045,5.056162626715377e-05,0.34,0.66
C,2025,14,RSI_14_Scaled,0.007814377546310425,0.0021883025765419006,0.4533333333333333,0.5466666666666666
C,2025,14,Price_to_SMA20_Z60,0.009587211534380913,0.0006537660956382751,0.5,0.5
C,2025,14,Intraday_Return_Z60,0.008451525121927261,0.0001574134803377092,0.5333333333333333,0.4666666666666667
C,2025,14,Daily_Range_Z60,0.002199776703491807,0.0007825366919860244,0.6133333333333333,0.38666666666666666
C,2025,14,QQQ_Log_Return_1D,0.0009593498543836176,3.4900975151686e-05,0.5066666666666667,0.49333333333333335
C,2025,14,QQQ_Log_Return_5D,0.0009382633143104613,0.0005004732520319521,0.6466666666666666,0.35333333333333333
C,2025,14,QQQ_Volatility_14D,0.00457403901964426,-0.0014459701487794518,0.21333333333333335,0.7866666666666666
C,2025,15,Log_Return_1D_Z60,0.00044427954708226025,4.185223224340007e-05,0.52,0.48
C,2025,15,Log_Return_5D_Z60,0.0008035762002691627,0.0003080942842643708,0.5933333333333334,0.4066666666666667
C,2025,15,Volatility_14D_Z60,0.0019749279599636793,0.0011069050524383783,0.5866666666666667,0.41333333333333333
C,2025,15,Relative_Volume_20D_Z60,0.0056168618611991405,-0.0008195046684704721,0.3,0.7
C,2025,15,RSI_14_Scaled,0.007513545453548431,0.0024624743964523077,0.48,0.52
C,2025,15,Price_to_SMA20_Z60,0.009139900095760822,0.00032516286591999233,0.5133333333333333,0.4866666666666667
C,2025,15,Intraday_Return_Z60,0.008213598281145096,0.00031499285250902176,0.5333333333333333,0.4666666666666667
C,2025,15,Daily_Range_Z60,0.0021252965088933706,0.0005803063977509737,0.6133333333333333,0.38666666666666666
C,2025,15,QQQ_Log_Return_1D,0.0011340741766616702,-7.508129783673212e-05,0.5066666666666667,0.49333333333333335
C,2025,15,QQQ_Log_Return_5D,0.0009536221623420715,0.00040009611984714866,0.64,0.36
C,2025,15,QQQ_Volatility_14D,0.0045790113508701324,-0.001312322448939085,0.19333333333333333,0.8066666666666666
C,2025,16,Log_Return_1D_Z60,0.0005518526886589825,7.871241541579366e-05,0.49333333333333335,0.5066666666666667
C,2025,16,Log_Return_5D_Z60,0.0008010215242393315,0.0002950334455817938,0.5733333333333334,0.4266666666666667
C,2025,16,Volatility_14D_Z60,0.002111743902787566,0.0012892833910882473,0.5933333333333334,0.4066666666666667
C,2025,16,Relative_Volume_20D_Z60,0.006993943825364113,0.0012392582139000297,0.36666666666666664,0.6333333333333333
C,2025,16,RSI_14_Scaled,0.0073498813435435295,0.0024460384156554937,0.46,0.54
C,2025,16,Price_to_SMA20_Z60,0.009188682772219181,0.0004000060143880546,0.5333333333333333,0.4666666666666667
C,2025,16,Intraday_Return_Z60,0.009602000005543232,-0.0019545515533536673,0.44666666666666666,0.5533333333333333
C,2025,16,Daily_Range_Z60,0.0027655994053930044,-0.00010448525426909328,0.56,0.44
C,2025,16,QQQ_Log_Return_1D,0.0014530729968100786,0.0002218013978563249,0.56,0.44
C,2025,16,QQQ_Log_Return_5D,0.0008675763965584338,0.0002553760423325002,0.6,0.4
C,2025,16,QQQ_Volatility_14D,0.004735312890261412,-0.0010347869247198105,0.21333333333333335,0.7866666666666666
C,2025,17,Log_Return_1D_Z60,0.00047041947254911065,8.689342939760536e-05,0.5733333333333334,0.4266666666666667
C,2025,17,Log_Return_5D_Z60,0.0007857525488361716,0.0002718083851505071,0.58,0.42
C,2025,17,Volatility_14D_Z60,0.0019913529977202415,0.0011775771854445338,0.5933333333333334,0.4066666666666667
C,2025,17,Relative_Volume_20D_Z60,0.006044942419975996,-0.0005505095468834043,0.32666666666666666,0.6733333333333333
C,2025,17,RSI_14_Scaled,0.007211289368569851,0.002046389738097787,0.44,0.56
C,2025,17,Price_to_SMA20_Z60,0.009466796182096004,0.0006632365402765572,0.54,0.46
C,2025,17,Intraday_Return_Z60,0.007524822372943163,-0.0012685516849160194,0.4533333333333333,0.5466666666666666
C,2025,17,Daily_Range_Z60,0.0022807521745562553,0.00040235192864201963,0.6333333333333333,0.36666666666666664
C,2025,17,QQQ_Log_Return_1D,0.001189309754408896,0.0003040978917852044,0.5333333333333333,0.4666666666666667
C,2025,17,QQQ_Log_Return_5D,0.0009155274601653218,0.00022130442084744573,0.6066666666666667,0.3933333333333333
C,2025,17,QQQ_Volatility_14D,0.00479480205103755,-0.0007824640488252044,0.20666666666666667,0.7933333333333333
C,2025,18,Log_Return_1D_Z60,0.00043531684787012637,-5.782035441370681e-05,0.44666666666666666,0.5533333333333333
C,2025,18,Log_Return_5D_Z60,0.0007762485765852034,0.00016757046978455037,0.5666666666666667,0.43333333333333335
C,2025,18,Volatility_14D_Z60,0.0018805982545018196,0.0011300945188850164,0.62,0.38
C,2025,18,Relative_Volume_20D_Z60,0.005529024172574282,-0.0010537508642300963,0.26666666666666666,0.7333333333333333
C,2025,18,RSI_14_Scaled,0.007173012010753155,0.002324893604964018,0.46,0.54
C,2025,18,Price_to_SMA20_Z60,0.008847146295011044,0.00032202282454818487,0.5,0.5
C,2025,18,Intraday_Return_Z60,0.007635838817805052,0.0016103005036711693,0.5333333333333333,0.4666666666666667
C,2025,18,Daily_Range_Z60,0.0021781818941235542,0.0002476982190273702,0.6,0.4
C,2025,18,QQQ_Log_Return_1D,0.0009781651897355914,0.0001558148069307208,0.4533333333333333,0.5466666666666666
C,2025,18,QQQ_Log_Return_5D,0.0008502290584146976,0.00023783251526765525,0.6333333333333333,0.36666666666666664
C,2025,18,QQQ_Volatility_14D,0.004664002452045679,-0.0009718735818751156,0.22,0.78
C,2025,19,Log_Return_1D_Z60,0.00037024583434686065,-3.1787036277819425e-05,0.48,0.52
C,2025,19,Log_Return_5D_Z60,0.0008042691042646766,0.0001719361898722127,0.5733333333333334,0.4266666666666667
C,2025,19,Volatility_14D_Z60,0.0018395595252513885,0.0010720477439463139,0.6266666666666667,0.37333333333333335
C,2025,19,Relative_Volume_20D_Z60,0.005547149106860161,-0.0015456977998837829,0.24,0.76
C,2025,19,RSI_14_Scaled,0.007174116093665361,0.002346317283809185,0.41333333333333333,0.5866666666666667
C,2025,19,Price_to_SMA20_Z60,0.008806460537016392,0.00037399251596070826,0.5266666666666666,0.47333333333333333
C,2025,19,Intraday_Return_Z60,0.007863824255764484,1.620301372895483e-05,0.49333333333333335,0.5066666666666667
C,2025,19,Daily_Range_Z60,0.0018400597618892789,0.0004125147534068674,0.58,0.42
C,2025,19,QQQ_Log_Return_1D,0.0009322373080067337,0.00014107734023127705,0.5333333333333333,0.4666666666666667
C,2025,19,QQQ_Log_Return_5D,0.0009736718493513763,0.00026437256019562483,0.58,0.42
C,2025,19,QQQ_Volatility_14D,0.004477393813431263,-0.0010857415618374944,0.18666666666666668,0.8133333333333334
C,2025,20,Log_Return_1D_Z60,0.00043008048669435084,0.000164525379659608,0.5266666666666666,0.47333333333333333
C,2025,20,Log_Return_5D_Z60,0.0007987214485183358,0.00023742047778796405,0.5733333333333334,0.4266666666666667
C,2025,20,Volatility_14D_Z60,0.0018572771223261952,0.0010296901455149055,0.6,0.4
C,2025,20,Relative_Volume_20D_Z60,0.005859597586095333,-0.000977171235717833,0.2733333333333333,0.7266666666666667
C,2025,20,RSI_14_Scaled,0.006739467848092318,0.0021178999450057745,0.43333333333333335,0.5666666666666667
C,2025,20,Price_to_SMA20_Z60,0.008486307226121426,0.00040924083441495895,0.54,0.46
C,2025,20,Intraday_Return_Z60,0.0074548060074448586,-0.0005596405826508999,0.44,0.56
C,2025,20,Daily_Range_Z60,0.0022227016743272543,0.0006432844675146043,0.6133333333333333,0.38666666666666666
C,2025,20,QQQ_Log_Return_1D,0.0012723893160000443,-3.9808364817872643e-05,0.46,0.54
C,2025,20,QQQ_Log_Return_5D,0.0010289637139067054,0.00019906698435079306,0.6,0.4
C,2025,20,QQQ_Volatility_14D,0.004679145757108927,-0.0008304518414661288,0.21333333333333335,0.7866666666666666
C,2025,21,Log_Return_1D_Z60,0.00044295043335296214,-9.129245154326782e-05,0.5133333333333333,0.4866666666666667
C,2025,21,Log_Return_5D_Z60,0.0007886495441198349,0.0002404949045740068,0.58,0.42
C,2025,21,Volatility_14D_Z60,0.001936948741786182,0.0011454640189185739,0.5933333333333334,0.4066666666666667
C,2025,21,Relative_Volume_20D_Z60,0.00572424428537488,-0.00024125230265781283,0.32,0.68
C,2025,21,RSI_14_Scaled,0.006926673464477062,0.002165375044569373,0.47333333333333333,0.5266666666666666
C,2025,21,Price_to_SMA20_Z60,0.007974306121468544,0.0005218413425609469,0.52,0.48
C,2025,21,Intraday_Return_Z60,0.007849187590181828,-0.0004921036888845265,0.5,0.5
C,2025,21,Daily_Range_Z60,0.0020330986008048058,0.0006170579581521451,0.5666666666666667,0.43333333333333335
C,2025,21,QQQ_Log_Return_1D,0.0012333389604464173,0.00035512744216248393,0.5666666666666667,0.43333333333333335
C,2025,21,QQQ_Log_Return_5D,0.0009472389938309789,0.00028025603387504816,0.64,0.36
C,2025,21,QQQ_Volatility_14D,0.004722265992313623,-0.0007317117997445166,0.2,0.8
C,2025,22,Log_Return_1D_Z60,0.0004959015641361475,-2.249874705739785e-05,0.49333333333333335,0.5066666666666667
C,2025,22,Log_Return_5D_Z60,0.0007373786647804081,0.00012560228060465306,0.52,0.48
C,2025,22,Volatility_14D_Z60,0.0019287228351458907,0.0012223951052874327,0.5933333333333334,0.4066666666666667
C,2025,22,Relative_Volume_20D_Z60,0.006091116461902857,-0.00020386189862620085,0.32666666666666666,0.6733333333333333
C,2025,22,RSI_14_Scaled,0.006907973904162645,0.002558251144364476,0.4666666666666667,0.5333333333333333
C,2025,22,Price_to_SMA20_Z60,0.007898622192442417,-0.00045473992940969765,0.4866666666666667,0.5133333333333333
C,2025,22,Intraday_Return_Z60,0.008017589338123798,0.002121287165209651,0.54,0.46
C,2025,22,Daily_Range_Z60,0.0020412690937519073,0.00027563926414586604,0.6266666666666667,0.37333333333333335
C,2025,22,QQQ_Log_Return_1D,0.0012084447080269456,5.167465496924706e-05,0.47333333333333333,0.5266666666666666
C,2025,22,QQQ_Log_Return_5D,0.0008952816133387387,0.00018715966143645346,0.5933333333333334,0.4066666666666667
C,2025,22,QQQ_Volatility_14D,0.004727279767394066,-0.0005879531381651759,0.22,0.78
C,2025,23,Log_Return_1D_Z60,0.0004223112773615867,-2.820102236000821e-05,0.52,0.48
C,2025,23,Log_Return_5D_Z60,0.0007363708573393524,8.619159780209884e-05,0.5,0.5
C,2025,23,Volatility_14D_Z60,0.0020378478802740574,0.0012870540376752615,0.5933333333333334,0.4066666666666667
C,2025,23,Relative_Volume_20D_Z60,0.0080204326659441,0.0018448424525558949,0.36,0.64
C,2025,23,RSI_14_Scaled,0.007006792817264795,0.002835208084434271,0.52,0.48
C,2025,23,Price_to_SMA20_Z60,0.007884754799306393,-0.0009385301382280886,0.42,0.58
C,2025,23,Intraday_Return_Z60,0.0077785467728972435,-5.5302283726632595e-05,0.4866666666666667,0.5133333333333333
C,2025,23,Daily_Range_Z60,0.0018749318551272154,0.0005973684601485729,0.64,0.36
C,2025,23,QQQ_Log_Return_1D,0.0010916154133155942,5.926762969465926e-05,0.4866666666666667,0.5133333333333333
C,2025,23,QQQ_Log_Return_5D,0.000823967857286334,0.00024034306989051402,0.6066666666666667,0.3933333333333333
C,2025,23,QQQ_Volatility_14D,0.004680216312408447,-0.000707971048541367,0.19333333333333333,0.8066666666666666
C,2025,24,Log_Return_1D_Z60,0.0004911508876830339,0.00017771736020222306,0.6066666666666667,0.3933333333333333
C,2025,24,Log_Return_5D_Z60,0.0007981060189194977,0.0001755644043441862,0.52,0.48
C,2025,24,Volatility_14D_Z60,0.0021168470848351717,0.0012430419446900487,0.6,0.4
C,2025,24,Relative_Volume_20D_Z60,0.00642056530341506,-0.0005185942864045501,0.28,0.72
C,2025,24,RSI_14_Scaled,0.006382887251675129,0.002487803343683481,0.5,0.5
C,2025,24,Price_to_SMA20_Z60,0.00796632468700409,-0.00041294872062280774,0.46,0.54
C,2025,24,Intraday_Return_Z60,0.008388660848140717,0.0003542127669788897,0.5066666666666667,0.49333333333333335
C,2025,24,Daily_Range_Z60,0.0019578018691390753,0.0005321401404216886,0.6,0.4
C,2025,24,QQQ_Log_Return_1D,0.0011583014857023954,-0.0001780740567483008,0.5066666666666667,0.49333333333333335
C,2025,24,QQQ_Log_Return_5D,0.0008187909843400121,0.0001319466100540012,0.6133333333333333,0.38666666666666666
C,2025,24,QQQ_Volatility_14D,0.005037841387093067,-0.0005545292515307665,0.2,0.8
C,2025,25,Log_Return_1D_Z60,0.00036362811806611717,-3.3497857657494023e-05,0.44666666666666666,0.5533333333333333
C,2025,25,Log_Return_5D_Z60,0.0007941890507936478,5.0974365876754746e-05,0.5466666666666666,0.4533333333333333
C,2025,25,Volatility_14D_Z60,0.0019258817192167044,0.0010764756007120013,0.58,0.42
C,2025,25,Relative_Volume_20D_Z60,0.005694326013326645,-0.001365609117783606,0.3,0.7
C,2025,25,RSI_14_Scaled,0.006686041131615639,0.002765377052128315,0.5266666666666666,0.47333333333333333
C,2025,25,Price_to_SMA20_Z60,0.00804141815751791,-0.0007404114003293216,0.4266666666666667,0.5733333333333334
C,2025,25,Intraday_Return_Z60,0.00655339052900672,-0.00023782861535437405,0.4866666666666667,0.5133333333333333
C,2025,25,Daily_Range_Z60,0.001912762294523418,0.00048022886039689183,0.6066666666666667,0.3933333333333333
C,2025,25,QQQ_Log_Return_1D,0.0010582860559225082,0.00020001627854071558,0.4666666666666667,0.5333333333333333
C,2025,25,QQQ_Log_Return_5D,0.000820050947368145,0.000250477169174701,0.64,0.36
C,2025,25,QQQ_Volatility_14D,0.005234005395323038,-0.0005995501996949315,0.2,0.8
C,2025,26,Log_Return_1D_Z60,0.00041658402187749743,0.0001208776593557559,0.54,0.46
C,2025,26,Log_Return_5D_Z60,0.0007082861848175526,2.260746441606898e-05,0.4866666666666667,0.5133333333333333
C,2025,26,Volatility_14D_Z60,0.0019104958046227694,0.0010401082690805197,0.58,0.42
C,2025,26,Relative_Volume_20D_Z60,0.005241520702838898,-0.0016067061806097627,0.3,0.7
C,2025,26,RSI_14_Scaled,0.0066442713141441345,0.003166720038279891,0.52,0.48
C,2025,26,Price_to_SMA20_Z60,0.00797340739518404,-0.001396081643179059,0.3933333333333333,0.6066666666666667
C,2025,26,Intraday_Return_Z60,0.00652408879250288,0.0006269553559832275,0.5266666666666666,0.47333333333333333
C,2025,26,Daily_Range_Z60,0.0017923681298270822,0.000807759293820709,0.66,0.34
C,2025,26,QQQ_Log_Return_1D,0.001033462700434029,-0.0002677883021533489,0.48,0.52
C,2025,26,QQQ_Log_Return_5D,0.0008289428660646081,0.00015595543663948774,0.58,0.42
C,2025,26,QQQ_Volatility_14D,0.005240818485617638,-0.000738395843654871,0.20666666666666667,0.7933333333333333
C,2025,27,Log_Return_1D_Z60,0.00042214980931021273,-4.5313903683563694e-05,0.49333333333333335,0.5066666666666667
C,2025,27,Log_Return_5D_Z60,0.0006743500707671046,2.4321090677403845e-05,0.5266666666666666,0.47333333333333333
C,2025,27,Volatility_14D_Z60,0.0019186099525541067,0.0009115325519815087,0.56,0.44
C,2025,27,Relative_Volume_20D_Z60,0.006529577542096376,-0.0003514100972097367,0.31333333333333335,0.6866666666666666
C,2025,27,RSI_14_Scaled,0.006955685559660196,0.003551691770553589,0.5333333333333333,0.4666666666666667
C,2025,27,Price_to_SMA20_Z60,0.008401891216635704,-0.001894115237519145,0.4066666666666667,0.5933333333333334
C,2025,27,Intraday_Return_Z60,0.007352502550929785,0.00012205106759211048,0.5066666666666667,0.49333333333333335
C,2025,27,Daily_Range_Z60,0.0021990458481013775,0.0005465188878588378,0.5666666666666667,0.43333333333333335
C,2025,27,QQQ_Log_Return_1D,0.0009856451069936156,0.0002906314912252128,0.5333333333333333,0.4666666666666667
C,2025,27,QQQ_Log_Return_5D,0.0008612755918875337,0.0002389238215982914,0.5666666666666667,0.43333333333333335
C,2025,27,QQQ_Volatility_14D,0.0052788471803069115,-0.0008637381833977997,0.2,0.8
C,2025,28,Log_Return_1D_Z60,0.0005617219139821827,2.8657652364927344e-05,0.5333333333333333,0.4666666666666667
C,2025,28,Log_Return_5D_Z60,0.0007130975718609989,6.426290383387823e-06,0.4666666666666667,0.5333333333333333
C,2025,28,Volatility_14D_Z60,0.002032040385529399,0.000947304186411202,0.5733333333333334,0.4266666666666667
C,2025,28,Relative_Volume_20D_Z60,0.007699249777942896,0.001479045720770955,0.36,0.64
C,2025,28,RSI_14_Scaled,0.00662765558809042,0.003677675034850836,0.5533333333333333,0.44666666666666666
C,2025,28,Price_to_SMA20_Z60,0.008055347017943859,-0.0025818163994699717,0.38666666666666666,0.6133333333333333
C,2025,28,Intraday_Return_Z60,0.007777511142194271,0.0004142726247664541,0.5333333333333333,0.4666666666666667
C,2025,28,Daily_Range_Z60,0.0019481317140161991,0.0004132367030251771,0.56,0.44
C,2025,28,QQQ_Log_Return_1D,0.001118967542424798,-3.8127625884953886e-05,0.54,0.46
C,2025,28,QQQ_Log_Return_5D,0.000929765694309026,0.00010699997073970735,0.58,0.42
C,2025,28,QQQ_Volatility_14D,0.005333061330020428,-0.0007245365995913744,0.2,0.8
C,2025,29,Log_Return_1D_Z60,0.0004442538192961365,0.00011052464105887339,0.5333333333333333,0.4666666666666667
C,2025,29,Log_Return_5D_Z60,0.000706732680555433,-8.828013233141974e-05,0.4533333333333333,0.5466666666666666
C,2025,29,Volatility_14D_Z60,0.001900166622363031,0.000820373126771301,0.5533333333333333,0.44666666666666666
C,2025,29,Relative_Volume_20D_Z60,0.005061980802565813,-0.0009245650144293904,0.3466666666666667,0.6533333333333333
C,2025,29,RSI_14_Scaled,0.006449246779084206,0.0031806116458028555,0.5533333333333333,0.44666666666666666
C,2025,29,Price_to_SMA20_Z60,0.008102554827928543,-0.001933024381287396,0.38666666666666666,0.6133333333333333
C,2025,29,Intraday_Return_Z60,0.007110571954399347,-0.001706323237158358,0.44666666666666666,0.5533333333333333
C,2025,29,Daily_Range_Z60,0.0019115639152005315,0.00020549706823658198,0.5266666666666666,0.47333333333333333
C,2025,29,QQQ_Log_Return_1D,0.0009934117551892996,0.00027011369820684195,0.5066666666666667,0.49333333333333335
C,2025,29,QQQ_Log_Return_5D,0.0007951748557388783,0.00018762392573989928,0.56,0.44
C,2025,29,QQQ_Volatility_14D,0.005224549677222967,-0.0008976825047284365,0.20666666666666667,0.7933333333333333
C,2025,30,Log_Return_1D_Z60,0.0005160056753084064,5.715993029298261e-05,0.5866666666666667,0.41333333333333333
C,2025,30,Log_Return_5D_Z60,0.0007199847605079412,-6.74438924761489e-05,0.5133333333333333,0.4866666666666667
C,2025,30,Volatility_14D_Z60,0.0018993497360497713,0.0007805883651599288,0.5533333333333333,0.44666666666666666
C,2025,30,Relative_Volume_20D_Z60,0.009992372244596481,0.00519341928884387,0.49333333333333335,0.5066666666666667
C,2025,30,RSI_14_Scaled,0.006566287484019995,0.003400725545361638,0.5733333333333334,0.4266666666666667
C,2025,30,Price_to_SMA20_Z60,0.008914045989513397,-0.0027433407958596945,0.3466666666666667,0.6533333333333333
C,2025,30,Intraday_Return_Z60,0.007660977076739073,-0.00014045406715013087,0.48,0.52
C,2025,30,Daily_Range_Z60,0.001905430806800723,-0.0001489918358856812,0.46,0.54
C,2025,30,QQQ_Log_Return_1D,0.0009168851538561285,-0.0001695435494184494,0.44,0.56
C,2025,30,QQQ_Log_Return_5D,0.0008093803771771491,9.644091915106401e-05,0.49333333333333335,0.5066666666666667
C,2025,30,QQQ_Volatility_14D,0.0050855823792517185,-0.001201132545247674,0.20666666666666667,0.7933333333333333
A,2026,1,Log_Return_1D_Z60,0.0034125973470509052,-8.939161489252001e-05,0.49038461538461536,0.5096153846153846
A,2026,1,Log_Return_5D_Z60,0.0015527738723903894,0.00012009123747702688,0.5480769230769231,0.4519230769230769
A,2026,1,Volatility_14D_Z60,0.0009742284892126918,0.00029690010705962777,0.6153846153846154,0.38461538461538464
A,2026,1,Relative_Volume_20D_Z60,0.0005756195168942213,-9.316038631368428e-05,0.36538461538461536,0.6346153846153846
A,2026,1,RSI_14_Scaled,0.0005329474806785583,-0.00018488454225007445,0.4326923076923077,0.5673076923076923
A,2026,1,Price_to_SMA20_Z60,0.00257717352360487,-0.00017261834000237286,0.5576923076923077,0.4423076923076923
A,2026,1,Intraday_Return_Z60,0.0022175477351993322,0.00011564194574020803,0.5288461538461539,0.47115384615384615
A,2026,1,Daily_Range_Z60,0.0020672460086643696,4.680921119870618e-05,0.4326923076923077,0.5673076923076923
A,2026,1,QQQ_Log_Return_1D,0.0014076244551688433,0.00025927487877197564,0.5576923076923077,0.4423076923076923
A,2026,1,QQQ_Log_Return_5D,0.0010043778456747532,0.0001342381292488426,0.5,0.5
A,2026,1,QQQ_Volatility_14D,0.0011605890467762947,-0.00081704615149647,0.19230769230769232,0.8076923076923077
A,2026,2,Log_Return_1D_Z60,0.0034364669118076563,-0.0003696594503708184,0.49038461538461536,0.5096153846153846
A,2026,2,Log_Return_5D_Z60,0.0013584468979388475,0.0002418447402305901,0.5769230769230769,0.4230769230769231
A,2026,2,Volatility_14D_Z60,0.001021609758026898,0.0003656041226349771,0.6153846153846154,0.38461538461538464
A,2026,2,Relative_Volume_20D_Z60,0.0007122282404452562,7.86673481343314e-05,0.3942307692307692,0.6057692307692307
A,2026,2,RSI_14_Scaled,0.0005684370989911258,-0.00016954577586147934,0.41346153846153844,0.5865384615384616
A,2026,2,Price_to_SMA20_Z60,0.0026484269183129072,-2.795625368889887e-05,0.5769230769230769,0.4230769230769231
A,2026,2,Intraday_Return_Z60,0.002562047680839896,-8.858607907313854e-05,0.5,0.5
A,2026,2,Daily_Range_Z60,0.002074923599138856,0.00014515388465952128,0.4807692307692308,0.5192307692307693
A,2026,2,QQQ_Log_Return_1D,0.001629019738174975,0.00025314331287518144,0.5288461538461539,0.47115384615384615
A,2026,2,QQQ_Log_Return_5D,0.0009716267813928425,0.0002272782294312492,0.47115384615384615,0.5288461538461539
A,2026,2,QQQ_Volatility_14D,0.00114518275950104,-0.0007738644490018487,0.21153846153846154,0.7884615384615384
A,2026,3,Log_Return_1D_Z60,0.0030227915849536657,-0.0001547701540403068,0.49038461538461536,0.5096153846153846
A,2026,3,Log_Return_5D_Z60,0.0014512509806081653,0.0002315996534889564,0.5288461538461539,0.47115384615384615
A,2026,3,Volatility_14D_Z60,0.0009180429042316973,0.00033876768429763615,0.6057692307692307,0.3942307692307692
A,2026,3,Relative_Volume_20D_Z60,0.0010165381245315075,0.00036301990621723235,0.4326923076923077,0.5673076923076923
A,2026,3,RSI_14_Scaled,0.0005873735644854605,-0.00018411075870972127,0.41346153846153844,0.5865384615384616
A,2026,3,Price_to_SMA20_Z60,0.002509714337065816,1.152000368165318e-05,0.5865384615384616,0.41346153846153844
A,2026,3,Intraday_Return_Z60,0.0021726663690060377,-0.0002834022743627429,0.4326923076923077,0.5673076923076923
A,2026,3,Daily_Range_Z60,0.0021892846561968327,-0.0001630108745303005,0.375,0.625
A,2026,3,QQQ_Log_Return_1D,0.0017159122508019209,-3.404553353902884e-05,0.4326923076923077,0.5673076923076923
A,2026,3,QQQ_Log_Return_5D,0.001028304803185165,0.00023914565099403262,0.5096153846153846,0.49038461538461536
A,2026,3,QQQ_Volatility_14D,0.0011490336619317532,-0.0007037529139779508,0.23076923076923078,0.7692307692307693
A,2026,4,Log_Return_1D_Z60,0.0036219130270183086,-0.0011828381102532148,0.47115384615384615,0.5288461538461539
A,2026,4,Log_Return_5D_Z60,0.0016885747900232673,0.0004648159956559539,0.5769230769230769,0.4230769230769231
A,2026,4,Volatility_14D_Z60,0.0009383841534145176,0.0003729723975993693,0.5961538461538461,0.40384615384615385
A,2026,4,Relative_Volume_20D_Z60,0.0007118899957276881,2.9280960006872192e-05,0.3942307692307692,0.6057692307692307
A,2026,4,RSI_14_Scaled,0.0006288699805736542,-0.00016424947534687817,0.41346153846153844,0.5865384615384616
A,2026,4,Price_to_SMA20_Z60,0.0024546124041080475,0.00030161195900291204,0.5961538461538461,0.40384615384615385
A,2026,4,Intraday_Return_Z60,0.0021514534018933773,-0.0005821005906909704,0.49038461538461536,0.5096153846153846
A,2026,4,Daily_Range_Z60,0.0021443956065922976,-0.00031425137422047555,0.34615384615384615,0.6538461538461539
A,2026,4,QQQ_Log_Return_1D,0.001581327524036169,0.00018078210996463895,0.4230769230769231,0.5769230769230769
A,2026,4,QQQ_Log_Return_5D,0.001065107760950923,0.00031583665986545384,0.4807692307692308,0.5192307692307693
A,2026,4,QQQ_Volatility_14D,0.0011584913590922952,-0.0007017109310254455,0.23076923076923078,0.7692307692307693
A,2026,5,Log_Return_1D_Z60,0.0036041673738509417,-0.0007995409541763365,0.4807692307692308,0.5192307692307693
A,2026,5,Log_Return_5D_Z60,0.0019349304493516684,0.0005478350794874132,0.5576923076923077,0.4423076923076923
A,2026,5,Volatility_14D_Z60,0.0009625488310121,0.0004455282469280064,0.5673076923076923,0.4326923076923077
A,2026,5,Relative_Volume_20D_Z60,0.0006972833652980626,-1.1859640835609753e-05,0.4230769230769231,0.5769230769230769
A,2026,5,RSI_14_Scaled,0.0006591757410205901,-0.00013990886509418488,0.4519230769230769,0.5480769230769231
A,2026,5,Price_to_SMA20_Z60,0.0025900728069245815,0.0004669657500926405,0.6153846153846154,0.38461538461538464
A,2026,5,Intraday_Return_Z60,0.0021805090364068747,-0.0002956250973511487,0.5,0.5
A,2026,5,Daily_Range_Z60,0.002217391971498728,-0.00013461739581543952,0.38461538461538464,0.6153846153846154
A,2026,5,QQQ_Log_Return_1D,0.0016249873442575336,8.999318379210308e-05,0.5,0.5
A,2026,5,QQQ_Log_Return_5D,0.0010886953677982092,0.0003011902153957635,0.4807692307692308,0.5192307692307693
A,2026,5,QQQ_Volatility_14D,0.0011900909012183547,-0.0007179706008173525,0.21153846153846154,0.7884615384615384
A,2026,6,Log_Return_1D_Z60,0.003457906423136592,-0.00040161344804801047,0.5480769230769231,0.4519230769230769
A,2026,6,Log_Return_5D_Z60,0.002019380684942007,0.0005982506554573774,0.5961538461538461,0.40384615384615385
A,2026,6,Volatility_14D_Z60,0.0009678560891188681,0.00045326832332648337,0.5673076923076923,0.4326923076923077
A,2026,6,Relative_Volume_20D_Z60,0.0007350360392592847,-0.0001389402459608391,0.33653846153846156,0.6634615384615384
A,2026,6,RSI_14_Scaled,0.0006952456315048039,-0.00014611070218961686,0.46153846153846156,0.5384615384615384
A,2026,6,Price_to_SMA20_Z60,0.0026605497114360332,0.00046199854114092886,0.5961538461538461,0.40384615384615385
A,2026,6,Intraday_Return_Z60,0.002282798523083329,-0.0003348419559188187,0.47115384615384615,0.5288461538461539
A,2026,6,Daily_Range_Z60,0.0022363325115293264,0.00012378607061691582,0.34615384615384615,0.6538461538461539
A,2026,6,QQQ_Log_Return_1D,0.0015769469318911433,0.0001576578797539696,0.4807692307692308,0.5192307692307693
A,2026,6,QQQ_Log_Return_5D,0.0010106825502589345,0.0002333454613108188,0.5288461538461539,0.47115384615384615
A,2026,6,QQQ_Volatility_14D,0.0011748994002118707,-0.000702268851455301,0.21153846153846154,0.7884615384615384
A,2026,7,Log_Return_1D_Z60,0.003764635883271694,-0.0002392517781117931,0.5,0.5
A,2026,7,Log_Return_5D_Z60,0.0018598792375996709,0.0005615722038783133,0.5576923076923077,0.4423076923076923
A,2026,7,Volatility_14D_Z60,0.0010132099268957973,0.0005299655022099614,0.6346153846153846,0.36538461538461536
A,2026,7,Relative_Volume_20D_Z60,0.0009978072484955192,0.00025529423146508634,0.3557692307692308,0.6442307692307693
A,2026,7,RSI_14_Scaled,0.0006868242053315043,-0.00010111133451573551,0.4423076923076923,0.5576923076923077
A,2026,7,Price_to_SMA20_Z60,0.00256390986032784,0.0005391857703216374,0.5865384615384616,0.41346153846153844
A,2026,7,Intraday_Return_Z60,0.0025963042862713337,-0.00013477994070854038,0.5,0.5
A,2026,7,Daily_Range_Z60,0.0026057655923068523,0.00024117139400914311,0.4230769230769231,0.5769230769230769
A,2026,7,QQQ_Log_Return_1D,0.001458431943319738,-5.903979035792872e-05,0.4807692307692308,0.5192307692307693
A,2026,7,QQQ_Log_Return_5D,0.0010319644352421165,6.755647336831316e-05,0.5576923076923077,0.4423076923076923
A,2026,7,QQQ_Volatility_14D,0.0011372121516615152,-0.0006993826245889068,0.22115384615384615,0.7788461538461539
A,2026,8,Log_Return_1D_Z60,0.0032013137824833393,-0.00036068088957108557,0.5192307692307693,0.4807692307692308
A,2026,8,Log_Return_5D_Z60,0.0017764184158295393,0.0005840271478518844,0.6346153846153846,0.36538461538461536
A,2026,8,Volatility_14D_Z60,0.0010125107364729047,0.0005263310158625245,0.5865384615384616,0.41346153846153844
A,2026,8,Relative_Volume_20D_Z60,0.0007383998017758131,-5.418748332886025e-05,0.3557692307692308,0.6442307692307693
A,2026,8,RSI_14_Scaled,0.0006839245907031,-0.00014558294788002968,0.4326923076923077,0.5673076923076923
A,2026,8,Price_to_SMA20_Z60,0.002463812939822674,0.0005209541996009648,0.5865384615384616,0.41346153846153844
A,2026,8,Intraday_Return_Z60,0.0024353363551199436,-0.0002638660080265254,0.46153846153846156,0.5384615384615384
A,2026,8,Daily_Range_Z60,0.0020048809237778187,-1.5137206901272293e-05,0.38461538461538464,0.6153846153846154
A,2026,8,QQQ_Log_Return_1D,0.0016690779011696577,8.916063234210014e-05,0.5,0.5
A,2026,8,QQQ_Log_Return_5D,0.0010822059120982885,0.00014061351248528808,0.5673076923076923,0.4326923076923077
A,2026,8,QQQ_Volatility_14D,0.001139455707743764,-0.0006884733447805047,0.23076923076923078,0.7692307692307693
A,2026,9,Log_Return_1D_Z60,0.003512782510370016,9.811767813516781e-05,0.5192307692307693,0.4807692307692308
A,2026,9,Log_Return_5D_Z60,0.0016561007359996438,0.0003122200141660869,0.5769230769230769,0.4230769230769231
A,2026,9,Volatility_14D_Z60,0.0009778296807780862,0.0005257175071164966,0.5865384615384616,0.41346153846153844
A,2026,9,Relative_Volume_20D_Z60,0.0007313750684261322,-3.2031024602474645e-05,0.33653846153846156,0.6634615384615384
A,2026,9,RSI_14_Scaled,0.0006675292970612645,-0.00014490318426396698,0.41346153846153844,0.5865384615384616
A,2026,9,Price_to_SMA20_Z60,0.0023996385280042887,0.00043679834925569594,0.5576923076923077,0.4423076923076923
A,2026,9,Intraday_Return_Z60,0.0023025295231491327,0.00020896705973427743,0.5480769230769231,0.4519230769230769
A,2026,9,Daily_Range_Z60,0.0021191597916185856,-0.00010362519969930872,0.40384615384615385,0.5961538461538461
A,2026,9,QQQ_Log_Return_1D,0.0015463423915207386,-0.0002180390147259459,0.3942307692307692,0.6057692307692307
A,2026,9,QQQ_Log_Return_5D,0.0010047901887446642,-1.3920236597186886e-05,0.5,0.5
A,2026,9,QQQ_Volatility_14D,0.0011118128895759583,-0.0006659081554971635,0.23076923076923078,0.7692307692307693
A,2026,10,Log_Return_1D_Z60,0.004066086374223232,0.0002433282497804612,0.4807692307692308,0.5192307692307693
A,2026,10,Log_Return_5D_Z60,0.0017476638313382864,0.00016605800192337483,0.5192307692307693,0.4807692307692308
A,2026,10,Volatility_14D_Z60,0.0009910500375553966,0.0005305941449478269,0.625,0.375
A,2026,10,Relative_Volume_20D_Z60,0.0007573026814498007,4.4723816245095804e-05,0.4326923076923077,0.5673076923076923
A,2026,10,RSI_14_Scaled,0.0006442545563913882,-0.00016574718756601214,0.36538461538461536,0.6346153846153846
A,2026,10,Price_to_SMA20_Z60,0.002352123847231269,0.00025501742493361235,0.5673076923076923,0.4326923076923077
A,2026,10,Intraday_Return_Z60,0.002454515313729644,0.0002791254664771259,0.4807692307692308,0.5192307692307693
A,2026,10,Daily_Range_Z60,0.0022300067357718945,8.545814489480108e-05,0.3942307692307692,0.6057692307692307
A,2026,10,QQQ_Log_Return_1D,0.0017333895666524768,0.0005130895879119635,0.5096153846153846,0.49038461538461536
A,2026,10,QQQ_Log_Return_5D,0.0010237364331260324,0.00019046972738578916,0.5192307692307693,0.4807692307692308
A,2026,10,QQQ_Volatility_14D,0.0010822133626788855,-0.0006081309984438121,0.2692307692307692,0.7307692307692307
A,2026,11,Log_Return_1D_Z60,0.0036486403550952673,0.00021519789879675955,0.46153846153846156,0.5384615384615384
A,2026,11,Log_Return_5D_Z60,0.001821780693717301,9.365582809550688e-05,0.5096153846153846,0.49038461538461536
A,2026,11,Volatility_14D_Z60,0.0009678917704150081,0.0005621836171485484,0.6730769230769231,0.3269230769230769
A,2026,11,Relative_Volume_20D_Z60,0.00064097746508196,-0.00012466369662433863,0.3557692307692308,0.6442307692307693
A,2026,11,RSI_14_Scaled,0.0006140858167782426,-0.0001855692098615691,0.36538461538461536,0.6346153846153846
A,2026,11,Price_to_SMA20_Z60,0.0022968787234276533,0.00015748066653031856,0.5576923076923077,0.4423076923076923
A,2026,11,Intraday_Return_Z60,0.002474189270287752,0.0002069179026875645,0.4807692307692308,0.5192307692307693
A,2026,11,Daily_Range_Z60,0.002074016723781824,0.00016062354552559555,0.4230769230769231,0.5769230769230769
A,2026,11,QQQ_Log_Return_1D,0.001547804567962885,4.307286144467071e-05,0.47115384615384615,0.5288461538461539
A,2026,11,QQQ_Log_Return_5D,0.0009484034380875528,0.00022011504916008562,0.5288461538461539,0.47115384615384615
A,2026,11,QQQ_Volatility_14D,0.0010578477522358298,-0.0006004878669045866,0.2692307692307692,0.7307692307692307
A,2026,12,Log_Return_1D_Z60,0.003372789593413472,-7.13730842107907e-05,0.5,0.5
A,2026,12,Log_Return_5D_Z60,0.0017615490360185504,1.645645170356147e-05,0.5480769230769231,0.4519230769230769
A,2026,12,Volatility_14D_Z60,0.0009670478175394237,0.0005772619042545557,0.6634615384615384,0.33653846153846156
A,2026,12,Relative_Volume_20D_Z60,0.0006314035854302347,-0.00013781840971205384,0.36538461538461536,0.6346153846153846
A,2026,12,RSI_14_Scaled,0.0005730910925194621,-0.00014464955893345177,0.36538461538461536,0.6346153846153846
A,2026,12,Price_to_SMA20_Z60,0.0022942388895899057,0.00011309374531265348,0.5673076923076923,0.4326923076923077
A,2026,12,Intraday_Return_Z60,0.002569191623479128,0.0004225264710839838,0.5673076923076923,0.4326923076923077
A,2026,12,Daily_Range_Z60,0.002282985020428896,0.00022905996593181044,0.46153846153846156,0.5384615384615384
A,2026,12,QQQ_Log_Return_1D,0.0016012785490602255,0.0001360428286716342,0.49038461538461536,0.5096153846153846
A,2026,12,QQQ_Log_Return_5D,0.0009433046216145158,0.0003433199890423566,0.5096153846153846,0.49038461538461536
A,2026,12,QQQ_Volatility_14D,0.0010408132802695036,-0.0005645772907882929,0.28846153846153844,0.7115384615384616
A,2026,13,Log_Return_1D_Z60,0.0035608725156635046,-0.00030699759372510016,0.5096153846153846,0.49038461538461536
A,2026,13,Log_Return_5D_Z60,0.001776191871613264,-1.730886651785113e-05,0.49038461538461536,0.5096153846153846
A,2026,13,Volatility_14D_Z60,0.0009452436352148652,0.0005650011589750648,0.6442307692307693,0.3557692307692308
A,2026,13,Relative_Volume_20D_Z60,0.0006834788946434855,-7.417608867399395e-05,0.4230769230769231,0.5769230769230769
A,2026,13,RSI_14_Scaled,0.0005578744458034635,-0.00010532834858167917,0.375,0.625
A,2026,13,Price_to_SMA20_Z60,0.002321742009371519,0.00020451481395866722,0.5288461538461539,0.47115384615384615
A,2026,13,Intraday_Return_Z60,0.002551995450630784,-0.000511125021148473,0.4807692307692308,0.5192307692307693
A,2026,13,Daily_Range_Z60,0.0025954358279705048,0.00040477915899828076,0.4230769230769231,0.5769230769230769
A,2026,13,QQQ_Log_Return_1D,0.0015155113069340587,0.00045415526255965233,0.5192307692307693,0.4807692307692308
A,2026,13,QQQ_Log_Return_5D,0.0010827984660863876,0.0004626031732186675,0.5192307692307693,0.4807692307692308
A,2026,13,QQQ_Volatility_14D,0.0009844129672273993,-0.0005712527199648321,0.2980769230769231,0.7019230769230769
A,2026,14,Log_Return_1D_Z60,0.003264640923589468,0.0005126346950419247,0.5961538461538461,0.40384615384615385
A,2026,14,Log_Return_5D_Z60,0.00177304248791188,-6.924822082510218e-05,0.5,0.5
A,2026,14,Volatility_14D_Z60,0.000939197198022157,0.0005644133780151606,0.6538461538461539,0.34615384615384615
A,2026,14,Relative_Volume_20D_Z60,0.0006230188300833106,-0.00015524578338954598,0.38461538461538464,0.6153846153846154
A,2026,14,RSI_14_Scaled,0.0005656910361722112,-9.57939337240532e-05,0.3942307692307692,0.6057692307692307
A,2026,14,Price_to_SMA20_Z60,0.002344978740438819,7.804746564943343e-05,0.5288461538461539,0.47115384615384615
A,2026,14,Intraday_Return_Z60,0.0022686533629894257,0.00038459181087091565,0.5480769230769231,0.4519230769230769
A,2026,14,Daily_Range_Z60,0.0024069207720458508,5.8624176745070145e-05,0.3942307692307692,0.6057692307692307
A,2026,14,QQQ_Log_Return_1D,0.0015416898531839252,-3.240714067942463e-05,0.4519230769230769,0.5480769230769231
A,2026,14,QQQ_Log_Return_5D,0.0011257590958848596,0.0005431925528682768,0.5480769230769231,0.4519230769230769
A,2026,14,QQQ_Volatility_14D,0.0009958884911611676,-0.0005664119380526245,0.3076923076923077,0.6923076923076923
A,2026,15,Log_Return_1D_Z60,0.004228680860251188,0.0002716185408644378,0.49038461538461536,0.5096153846153846
A,2026,15,Log_Return_5D_Z60,0.001763753010891378,-2.358234087296296e-05,0.4519230769230769,0.5480769230769231
A,2026,15,Volatility_14D_Z60,0.000921530241612345,0.00047369214007630944,0.6346153846153846,0.36538461538461536
A,2026,15,Relative_Volume_20D_Z60,0.0006297410000115633,-0.00010190971079282463,0.41346153846153844,0.5865384615384616
A,2026,15,RSI_14_Scaled,0.000567814102396369,-7.955072942422703e-05,0.3557692307692308,0.6442307692307693
A,2026,15,Price_to_SMA20_Z60,0.0023955809883773327,-1.2263441021787003e-05,0.5288461538461539,0.47115384615384615
A,2026,15,Intraday_Return_Z60,0.0026319038588553667,-7.0798068918520585e-06,0.5096153846153846,0.49038461538461536
A,2026,15,Daily_Range_Z60,0.002189606660977006,6.447121995734051e-05,0.4423076923076923,0.5576923076923077
A,2026,15,QQQ_Log_Return_1D,0.001618527458049357,-8.095258090179414e-05,0.3942307692307692,0.6057692307692307
A,2026,15,QQQ_Log_Return_5D,0.0010036594467237592,0.00032791480771265924,0.4807692307692308,0.5192307692307693
A,2026,15,QQQ_Volatility_14D,0.001000210759229958,-0.0005190157680772245,0.3173076923076923,0.6826923076923077
A,2026,16,Log_Return_1D_Z60,0.003494769800454378,-0.00036389718297868967,0.49038461538461536,0.5096153846153846
A,2026,16,Log_Return_5D_Z60,0.0016306183533743024,0.00012999246246181428,0.49038461538461536,0.5096153846153846
A,2026,16,Volatility_14D_Z60,0.0009302492835558951,0.00040907610673457384,0.5769230769230769,0.4230769230769231
A,2026,16,Relative_Volume_20D_Z60,0.0006757950759492815,-0.00010540348012000322,0.27884615384615385,0.7211538461538461
A,2026,16,RSI_14_Scaled,0.0005707627860829234,-9.78931930148974e-05,0.40384615384615385,0.5961538461538461
A,2026,16,Price_to_SMA20_Z60,0.0023653474636375904,-3.617882975959219e-05,0.5,0.5
A,2026,16,Intraday_Return_Z60,0.0025858681183308363,0.00014683550398331136,0.4807692307692308,0.5192307692307693
A,2026,16,Daily_Range_Z60,0.0020566326566040516,-0.00016620522364974022,0.41346153846153844,0.5865384615384616
A,2026,16,QQQ_Log_Return_1D,0.0015065146144479513,0.0003121765039395541,0.4807692307692308,0.5192307692307693
A,2026,16,QQQ_Log_Return_5D,0.0009714873740449548,0.0003927777288481593,0.5096153846153846,0.49038461538461536
A,2026,16,QQQ_Volatility_14D,0.000973445363342762,-0.0005328935221768916,0.33653846153846156,0.6634615384615384
A,2026,17,Log_Return_1D_Z60,0.0033823330886662006,0.0004609001043718308,0.5288461538461539,0.47115384615384615
A,2026,17,Log_Return_5D_Z60,0.0017273633275181055,5.917968519497663e-05,0.49038461538461536,0.5096153846153846
A,2026,17,Volatility_14D_Z60,0.0009987651137635112,0.0004438315809238702,0.6057692307692307,0.3942307692307692
A,2026,17,Relative_Volume_20D_Z60,0.0007531613809987903,-5.7451605243841186e-05,0.3269230769230769,0.6730769230769231
A,2026,17,RSI_14_Scaled,0.0005740526248700917,-0.00011208085925318301,0.3557692307692308,0.6442307692307693
A,2026,17,Price_to_SMA20_Z60,0.0022822690661996603,-0.00019466901721898466,0.46153846153846156,0.5384615384615384
A,2026,17,Intraday_Return_Z60,0.0023586307652294636,0.00029093242483213544,0.49038461538461536,0.5096153846153846
A,2026,17,Daily_Range_Z60,0.0022055271547287703,-0.0001747933420119807,0.41346153846153844,0.5865384615384616
A,2026,17,QQQ_Log_Return_1D,0.0015302271349355578,-1.4009438018547371e-05,0.46153846153846156,0.5384615384615384
A,2026,17,QQQ_Log_Return_5D,0.0009089760715141892,0.0003316738293506205,0.5288461538461539,0.47115384615384615
A,2026,17,QQQ_Volatility_14D,0.0009762111003510654,-0.0005727516836486757,0.33653846153846156,0.6634615384615384
A,2026,18,Log_Return_1D_Z60,0.0036093902308493853,-0.00014303819625638425,0.5288461538461539,0.47115384615384615
A,2026,18,Log_Return_5D_Z60,0.0018916190601885319,0.00015487104246858507,0.46153846153846156,0.5384615384615384
A,2026,18,Volatility_14D_Z60,0.0010536531917750835,0.0004365356871858239,0.5576923076923077,0.4423076923076923
A,2026,18,Relative_Volume_20D_Z60,0.0007433667778968811,-1.2162401617388241e-05,0.34615384615384615,0.6538461538461539
A,2026,18,RSI_14_Scaled,0.0005814154865220189,-0.00014450252638198435,0.3557692307692308,0.6442307692307693
A,2026,18,Price_to_SMA20_Z60,0.00246927491389215,-0.00021177886810619384,0.5288461538461539,0.47115384615384615
A,2026,18,Intraday_Return_Z60,0.002422910649329424,0.00018456151883583516,0.5288461538461539,0.47115384615384615
A,2026,18,Daily_Range_Z60,0.00246444228105247,0.00010913585720118135,0.4230769230769231,0.5769230769230769
A,2026,18,QQQ_Log_Return_1D,0.0015801944537088275,-8.945170702645555e-05,0.4230769230769231,0.5769230769230769
A,2026,18,QQQ_Log_Return_5D,0.0010028083343058825,0.0001813527342164889,0.49038461538461536,0.5096153846153846
A,2026,18,QQQ_Volatility_14D,0.0009791862685233355,-0.0005880679236724973,0.3269230769230769,0.6730769230769231
A,2026,19,Log_Return_1D_Z60,0.0034094916190952063,0.00023951876210048795,0.5576923076923077,0.4423076923076923
A,2026,19,Log_Return_5D_Z60,0.0019696487579494715,0.00018663326045498252,0.5,0.5
A,2026,19,Volatility_14D_Z60,0.000994526082649827,0.0004622681881301105,0.5769230769230769,0.4230769230769231
A,2026,19,Relative_Volume_20D_Z60,0.00071537314215675,-6.564454815816134e-05,0.33653846153846156,0.6634615384615384
A,2026,19,RSI_14_Scaled,0.0006166899111121893,-0.00013369973748922348,0.375,0.625
A,2026,19,Price_to_SMA20_Z60,0.002703312551602721,-0.00034156368928961456,0.5096153846153846,0.49038461538461536
A,2026,19,Intraday_Return_Z60,0.002429643180221319,0.0002417820505797863,0.5961538461538461,0.40384615384615385
A,2026,19,Daily_Range_Z60,0.0018446884350851178,-0.00033113325480371714,0.38461538461538464,0.6153846153846154
A,2026,19,QQQ_Log_Return_1D,0.0016537077026441693,0.00020511737966444343,0.47115384615384615,0.5288461538461539
A,2026,19,QQQ_Log_Return_5D,0.0010697136167436838,0.00031220464734360576,0.5192307692307693,0.4807692307692308
A,2026,19,QQQ_Volatility_14D,0.0009562882478348911,-0.0005731717683374882,0.33653846153846156,0.6634615384615384
A,2026,20,Log_Return_1D_Z60,0.003572985762730241,0.0003362154820933938,0.5,0.5
A,2026,20,Log_Return_5D_Z60,0.0016852914122864604,0.0001490525610279292,0.46153846153846156,0.5384615384615384
A,2026,20,Volatility_14D_Z60,0.0009979434544220567,0.0004038277256768197,0.6057692307692307,0.3942307692307692
A,2026,20,Relative_Volume_20D_Z60,0.0007699519046582282,0.0001216696182382293,0.38461538461538464,0.6153846153846154
A,2026,20,RSI_14_Scaled,0.0006008902564644814,-0.00012557790614664555,0.34615384615384615,0.6538461538461539
A,2026,20,Price_to_SMA20_Z60,0.0027434127405285835,-0.0005163480527698994,0.5288461538461539,0.47115384615384615
A,2026,20,Intraday_Return_Z60,0.0026706100907176733,0.00012449550558812916,0.5384615384615384,0.46153846153846156
A,2026,20,Daily_Range_Z60,0.0019205777207389474,0.00012890958169009537,0.47115384615384615,0.5288461538461539
A,2026,20,QQQ_Log_Return_1D,0.0013887876411899924,0.0003549628600012511,0.5096153846153846,0.49038461538461536
A,2026,20,QQQ_Log_Return_5D,0.0010823032353073359,0.0004801242321263999,0.5480769230769231,0.4519230769230769
A,2026,20,QQQ_Volatility_14D,0.000983888516202569,-0.0006019034772180021,0.3173076923076923,0.6826923076923077
A,2026,21,Log_Return_1D_Z60,0.004504508338868618,-0.0002952187496703118,0.5096153846153846,0.49038461538461536
A,2026,21,Log_Return_5D_Z60,0.0017131592612713575,5.868098742212169e-05,0.49038461538461536,0.5096153846153846
A,2026,21,Volatility_14D_Z60,0.0009241477237083018,0.0002927333698607981,0.5769230769230769,0.4230769230769231
A,2026,21,Relative_Volume_20D_Z60,0.0008360646897926927,0.00021405675215646625,0.36538461538461536,0.6346153846153846
A,2026,21,RSI_14_Scaled,0.0006501319585368037,-0.0001815676223486662,0.3173076923076923,0.6826923076923077
A,2026,21,Price_to_SMA20_Z60,0.0029992456547915936,-0.0006132260314188898,0.4807692307692308,0.5192307692307693
A,2026,21,Intraday_Return_Z60,0.0028426446951925755,0.00046839594142511487,0.5480769230769231,0.4519230769230769
A,2026,21,Daily_Range_Z60,0.0021453278604894876,0.00020208059868309647,0.4519230769230769,0.5480769230769231
A,2026,21,QQQ_Log_Return_1D,0.001687531592324376,0.00022519602498505265,0.46153846153846156,0.5384615384615384
A,2026,21,QQQ_Log_Return_5D,0.0010023002978414297,0.0004601053078658879,0.6153846153846154,0.38461538461538464
A,2026,21,QQQ_Volatility_14D,0.000996564282104373,-0.0006238929927349091,0.28846153846153844,0.7115384615384616
A,2026,22,Log_Return_1D_Z60,0.00342532224021852,-0.0004453416622709483,0.49038461538461536,0.5096153846153846
A,2026,22,Log_Return_5D_Z60,0.0017450959421694279,0.00021329217997845262,0.5192307692307693,0.4807692307692308
A,2026,22,Volatility_14D_Z60,0.0010073425946757197,0.00026637010159902275,0.5673076923076923,0.4326923076923077
A,2026,22,Relative_Volume_20D_Z60,0.0008518085232935846,0.00022003194317221642,0.3942307692307692,0.6057692307692307
A,2026,22,RSI_14_Scaled,0.000650525966193527,-0.0001673138322075829,0.33653846153846156,0.6634615384615384
A,2026,22,Price_to_SMA20_Z60,0.0030343348626047373,-0.00048459332901984453,0.5,0.5
A,2026,22,Intraday_Return_Z60,0.002139688702300191,-0.00041164905996993184,0.46153846153846156,0.5384615384615384
A,2026,22,Daily_Range_Z60,0.0019627457950264215,-0.000203620656975545,0.38461538461538464,0.6153846153846154
A,2026,22,QQQ_Log_Return_1D,0.0015818963292986155,-0.00012894169776700437,0.3173076923076923,0.6826923076923077
A,2026,22,QQQ_Log_Return_5D,0.0010942607186734676,0.00046866326010785997,0.5192307692307693,0.4807692307692308
A,2026,22,QQQ_Volatility_14D,0.0009865891188383102,-0.0006568419048562646,0.27884615384615385,0.7211538461538461
A,2026,23,Log_Return_1D_Z60,0.0038945660926401615,-3.126800947939046e-05,0.5,0.5
A,2026,23,Log_Return_5D_Z60,0.0017510858597233891,9.886488260235637e-05,0.5192307692307693,0.4807692307692308
A,2026,23,Volatility_14D_Z60,0.0009955557761713862,0.00019432729459367692,0.5480769230769231,0.4519230769230769
A,2026,23,Relative_Volume_20D_Z60,0.0007775105768814683,2.0697769286925904e-05,0.3942307692307692,0.6057692307692307
A,2026,23,RSI_14_Scaled,0.0006496953428722918,-0.0001199298130813986,0.34615384615384615,0.6538461538461539
A,2026,23,Price_to_SMA20_Z60,0.0029319266323000193,-0.0004205674340482801,0.5288461538461539,0.47115384615384615
A,2026,23,Intraday_Return_Z60,0.0023263469338417053,-0.00024566767388023436,0.4807692307692308,0.5192307692307693
A,2026,23,Daily_Range_Z60,0.002215698128566146,-2.0551100533339195e-05,0.3942307692307692,0.6057692307692307
A,2026,23,QQQ_Log_Return_1D,0.0014854748733341694,-4.0361748688155785e-05,0.47115384615384615,0.5288461538461539
A,2026,23,QQQ_Log_Return_5D,0.001064901240170002,0.0004999000811949372,0.5096153846153846,0.49038461538461536
A,2026,23,QQQ_Volatility_14D,0.001005549798719585,-0.0006742389523424208,0.25961538461538464,0.7403846153846154
A,2026,24,Log_Return_1D_Z60,0.003505843225866556,-0.00030411939951591194,0.46153846153846156,0.5384615384615384
A,2026,24,Log_Return_5D_Z60,0.0019068029941990972,0.000157357266289182,0.5576923076923077,0.4423076923076923
A,2026,24,Volatility_14D_Z60,0.0010682641295716166,0.00023405243700835854,0.5480769230769231,0.4519230769230769
A,2026,24,Relative_Volume_20D_Z60,0.0007052217260934412,-1.1184485629200935e-05,0.34615384615384615,0.6538461538461539
A,2026,24,RSI_14_Scaled,0.0006320768152363598,-0.0001010552077786997,0.34615384615384615,0.6538461538461539
A,2026,24,Price_to_SMA20_Z60,0.002888426184654236,-0.00030411325860768557,0.5,0.5
A,2026,24,Intraday_Return_Z60,0.0027109836228191853,-8.687206718605012e-05,0.4423076923076923,0.5576923076923077
A,2026,24,Daily_Range_Z60,0.0021659673657268286,0.00025347244809381664,0.41346153846153844,0.5865384615384616
A,2026,24,QQQ_Log_Return_1D,0.0016050656558945775,-5.082791540189646e-05,0.4807692307692308,0.5192307692307693
A,2026,24,QQQ_Log_Return_5D,0.0011222767643630505,0.0003880710864905268,0.5096153846153846,0.49038461538461536
A,2026,24,QQQ_Volatility_14D,0.0010265775490552187,-0.0006959952879697084,0.25,0.75
A,2026,25,Log_Return_1D_Z60,0.003843412036076188,-7.717583685007412e-06,0.5673076923076923,0.4326923076923077
A,2026,25,Log_Return_5D_Z60,0.0019386211642995477,0.0001685670722508803,0.4807692307692308,0.5192307692307693
A,2026,25,Volatility_14D_Z60,0.0010865945369005203,0.00020959926769137383,0.5192307692307693,0.4807692307692308
A,2026,25,Relative_Volume_20D_Z60,0.0006886199116706848,1.9475202861940488e-05,0.36538461538461536,0.6346153846153846
A,2026,25,RSI_14_Scaled,0.0006436987314373255,-0.00011882273975061253,0.3557692307692308,0.6442307692307693
A,2026,25,Price_to_SMA20_Z60,0.0029640928842127323,-0.0003020008734893054,0.4807692307692308,0.5192307692307693
A,2026,25,Intraday_Return_Z60,0.0023808483965694904,0.0002805736439768225,0.5480769230769231,0.4519230769230769
A,2026,25,Daily_Range_Z60,0.0021379573736339808,-0.00013882812345400453,0.3942307692307692,0.6057692307692307
A,2026,25,QQQ_Log_Return_1D,0.0017290078103542328,0.00012031949154334143,0.4519230769230769,0.5480769230769231
A,2026,25,QQQ_Log_Return_5D,0.0011233951663598418,0.00031436546123586595,0.5288461538461539,0.47115384615384615
A,2026,25,QQQ_Volatility_14D,0.0010249675251543522,-0.0006747737061232328,0.2692307692307692,0.7307692307692307
A,2026,26,Log_Return_1D_Z60,0.003844468155875802,-0.00027716526528820395,0.40384615384615385,0.5961538461538461
A,2026,26,Log_Return_5D_Z60,0.0017253730911761522,0.0002807205019053072,0.5576923076923077,0.4423076923076923
A,2026,26,Volatility_14D_Z60,0.0010899914195761085,0.00011564035230549052,0.4807692307692308,0.5192307692307693
A,2026,26,Relative_Volume_20D_Z60,0.0007627606391906738,8.764107042225078e-05,0.41346153846153844,0.5865384615384616
A,2026,26,RSI_14_Scaled,0.0006492904503829777,-6.440122524509206e-05,0.4230769230769231,0.5769230769230769
A,2026,26,Price_to_SMA20_Z60,0.002916658064350486,-0.00014887176803313196,0.5096153846153846,0.49038461538461536
A,2026,26,Intraday_Return_Z60,0.0022591056767851114,-0.00015597407764289528,0.46153846153846156,0.5384615384615384
A,2026,26,Daily_Range_Z60,0.0021519882138818502,8.761545905144885e-05,0.4423076923076923,0.5576923076923077
A,2026,26,QQQ_Log_Return_1D,0.0016664378345012665,0.00045603219768963754,0.5192307692307693,0.4807692307692308
A,2026,26,QQQ_Log_Return_5D,0.0011469500605016947,0.0003746935981325805,0.5288461538461539,0.47115384615384615
A,2026,26,QQQ_Volatility_14D,0.0010229258332401514,-0.0006601758650504053,0.2692307692307692,0.7307692307692307
A,2026,27,Log_Return_1D_Z60,0.004380528815090656,-0.000140494666993618,0.4519230769230769,0.5480769230769231
A,2026,27,Log_Return_5D_Z60,0.001968445023521781,0.0003241289232391864,0.5192307692307693,0.4807692307692308
A,2026,27,Volatility_14D_Z60,0.001137642888352275,-6.80517332511954e-05,0.4326923076923077,0.5673076923076923
A,2026,27,Relative_Volume_20D_Z60,0.000801627931650728,0.00022333857486955822,0.47115384615384615,0.5288461538461539
A,2026,27,RSI_14_Scaled,0.0006645842222496867,-6.588593532796949e-05,0.4230769230769231,0.5769230769230769
A,2026,27,Price_to_SMA20_Z60,0.0030019672121852636,-2.1535042833420448e-05,0.5192307692307693,0.4807692307692308
A,2026,27,Intraday_Return_Z60,0.0026274817064404488,0.0001122440880862996,0.49038461538461536,0.5096153846153846
A,2026,27,Daily_Range_Z60,0.002346235327422619,0.0003090303798671812,0.4326923076923077,0.5673076923076923
A,2026,27,QQQ_Log_Return_1D,0.001559041440486908,5.4071209888206795e-05,0.5192307692307693,0.4807692307692308
A,2026,27,QQQ_Log_Return_5D,0.0012090217787772417,0.0004334378754720092,0.5480769230769231,0.4519230769230769
A,2026,27,QQQ_Volatility_14D,0.0010065184906125069,-0.0006673788302578032,0.2692307692307692,0.7307692307692307
A,2026,28,Log_Return_1D_Z60,0.004029593430459499,0.0007532328017987311,0.5384615384615384,0.46153846153846156
A,2026,28,Log_Return_5D_Z60,0.0018531468231230974,4.984520637663081e-05,0.5192307692307693,0.4807692307692308
A,2026,28,Volatility_14D_Z60,0.0010928630363196135,-0.0001696842664387077,0.47115384615384615,0.5288461538461539
A,2026,28,Relative_Volume_20D_Z60,0.0007524822722189128,0.0002250623219879344,0.47115384615384615,0.5288461538461539
A,2026,28,RSI_14_Scaled,0.0006486248457804322,-4.685967360273935e-05,0.3942307692307692,0.6057692307692307
A,2026,28,Price_to_SMA20_Z60,0.0028357889968901873,-0.00018430415366310626,0.5096153846153846,0.49038461538461536
A,2026,28,Intraday_Return_Z60,0.0029299964662641287,-0.0003975564904976636,0.4519230769230769,0.5480769230769231
A,2026,28,Daily_Range_Z60,0.0022318148985505104,0.0004470883577596396,0.5,0.5
A,2026,28,QQQ_Log_Return_1D,0.0015961764147505164,-0.0003751140902750194,0.5096153846153846,0.49038461538461536
A,2026,28,QQQ_Log_Return_5D,0.0011231839889660478,0.00026769022224470973,0.5192307692307693,0.4807692307692308
A,2026,28,QQQ_Volatility_14D,0.0009818869875743985,-0.0006531385006383061,0.2692307692307692,0.7307692307692307
A,2026,29,Log_Return_1D_Z60,0.003137517487630248,0.0007006097002886236,0.5,0.5
A,2026,29,Log_Return_5D_Z60,0.0018642025534063578,-0.00013495233724825084,0.4807692307692308,0.5192307692307693
A,2026,29,Volatility_14D_Z60,0.001096247462555766,-0.00011261167674092576,0.4807692307692308,0.5192307692307693
A,2026,29,Relative_Volume_20D_Z60,0.0007034711888991296,3.3527812774991617e-05,0.375,0.625
A,2026,29,RSI_14_Scaled,0.000661155441775918,-4.270580393495038e-05,0.38461538461538464,0.6153846153846154
A,2026,29,Price_to_SMA20_Z60,0.0028301291167736053,-0.0003864154568873346,0.5,0.5
A,2026,29,Intraday_Return_Z60,0.002401756588369608,0.0006013910751789808,0.5769230769230769,0.4230769230769231
A,2026,29,Daily_Range_Z60,0.0020620625000447035,-0.00038049230352044106,0.38461538461538464,0.6153846153846154
A,2026,29,QQQ_Log_Return_1D,0.0015671555884182453,-1.0515142093936447e-05,0.49038461538461536,0.5096153846153846
A,2026,29,QQQ_Log_Return_5D,0.0011760556371882558,0.0002416615461697802,0.5192307692307693,0.4807692307692308
A,2026,29,QQQ_Volatility_14D,0.0010109576396644115,-0.0006673811585642397,0.28846153846153844,0.7115384615384616
A,2026,30,Log_Return_1D_Z60,0.0035059654619544744,0.0001755603589117527,0.5096153846153846,0.49038461538461536
A,2026,30,Log_Return_5D_Z60,0.0020298371091485023,-0.0001230452471645549,0.46153846153846156,0.5384615384615384
A,2026,30,Volatility_14D_Z60,0.0011303069768473506,-0.00013615767238661647,0.46153846153846156,0.5384615384615384
A,2026,30,Relative_Volume_20D_Z60,0.0011758290929719806,0.000782701070420444,0.5961538461538461,0.40384615384615385
A,2026,30,RSI_14_Scaled,0.0006251794984564185,-9.697315363155212e-06,0.40384615384615385,0.5961538461538461
A,2026,30,Price_to_SMA20_Z60,0.002981659024953842,-0.00036727249971590936,0.46153846153846156,0.5384615384615384
A,2026,30,Intraday_Return_Z60,0.001998526742681861,5.95691835769685e-06,0.5480769230769231,0.4519230769230769
A,2026,30,Daily_Range_Z60,0.0020459380466490984,-0.0001499735371908173,0.4326923076923077,0.5673076923076923
A,2026,30,QQQ_Log_Return_1D,0.0018547154031693935,5.7266173826064914e-05,0.4807692307692308,0.5192307692307693
A,2026,30,QQQ_Log_Return_5D,0.0011902549304068089,0.00013610247697215527,0.5480769230769231,0.4519230769230769
A,2026,30,QQQ_Volatility_14D,0.0009769054595381021,-0.0005726703675463796,0.3269230769230769,0.6730769230769231
B,2026,1,Log_Return_1D_Z60,0.0006448228377848864,-0.0002596315462142229,0.41346153846153844,0.5865384615384616
B,2026,1,Log_Return_5D_Z60,0.001905888901092112,0.00033897461253218353,0.49038461538461536,0.5096153846153846
B,2026,1,Volatility_14D_Z60,0.0005879469099454582,9.203752415487543e-05,0.625,0.375
B,2026,1,Relative_Volume_20D_Z60,0.0031264328863471746,-0.00032580134575255215,0.36538461538461536,0.6346153846153846
B,2026,1,RSI_14_Scaled,0.0017831315053626895,0.0006172771682031453,0.6538461538461539,0.34615384615384615
B,2026,1,Price_to_SMA20_Z60,0.005390319507569075,-0.0002659176825545728,0.5576923076923077,0.4423076923076923
B,2026,1,Intraday_Return_Z60,0.0030170069076120853,0.00028387762722559273,0.5288461538461539,0.47115384615384615
B,2026,1,Daily_Range_Z60,0.0010052236029878259,2.4572556867497042e-05,0.5192307692307693,0.4807692307692308
B,2026,1,QQQ_Log_Return_1D,0.0008236182620748878,-0.00012868620979133993,0.46153846153846156,0.5384615384615384
B,2026,1,QQQ_Log_Return_5D,0.0005136508261784911,-1.5346613508882e-05,0.4326923076923077,0.5673076923076923
B,2026,1,QQQ_Volatility_14D,0.0008588119526393712,-0.0006254691979847848,0.19230769230769232,0.8076923076923077
B,2026,2,Log_Return_1D_Z60,0.0006764011923223734,-0.0001838389871409163,0.4519230769230769,0.5480769230769231
B,2026,2,Log_Return_5D_Z60,0.001879960997030139,0.00043272346374578774,0.46153846153846156,0.5384615384615384
B,2026,2,Volatility_14D_Z60,0.0006429049535654485,9.298681834479794e-05,0.6730769230769231,0.3269230769230769
B,2026,2,Relative_Volume_20D_Z60,0.0035362851340323687,0.000282260705716908,0.375,0.625
B,2026,2,RSI_14_Scaled,0.0018893779488280416,0.0008239857270382345,0.6057692307692307,0.3942307692307692
B,2026,2,Price_to_SMA20_Z60,0.005455817095935345,7.803936750860885e-05,0.5769230769230769,0.4230769230769231
B,2026,2,Intraday_Return_Z60,0.003393092192709446,8.426709973718971e-05,0.5,0.5
B,2026,2,Daily_Range_Z60,0.001031611580401659,0.00012461082951631397,0.5096153846153846,0.49038461538461536
B,2026,2,QQQ_Log_Return_1D,0.0008468570886179805,-0.00016765489999670535,0.47115384615384615,0.5288461538461539
B,2026,2,QQQ_Log_Return_5D,0.0004808737721759826,3.044022923859302e-05,0.46153846153846156,0.5384615384615384
B,2026,2,QQQ_Volatility_14D,0.0008439853554591537,-0.0005960952839814126,0.21153846153846154,0.7884615384615384
B,2026,3,Log_Return_1D_Z60,0.0005594344111159444,-9.631989087210968e-05,0.5480769230769231,0.4519230769230769
B,2026,3,Log_Return_5D_Z60,0.0017777220346033573,0.000400199816795066,0.5,0.5
B,2026,3,Volatility_14D_Z60,0.0006091214017942548,6.765240686945617e-05,0.6730769230769231,0.3269230769230769
B,2026,3,Relative_Volume_20D_Z60,0.004680801182985306,0.001553473761305213,0.4230769230769231,0.5769230769230769
B,2026,3,RSI_14_Scaled,0.0019011750118806958,0.0009193475125357509,0.5865384615384616,0.41346153846153844
B,2026,3,Price_to_SMA20_Z60,0.00523919565603137,0.0001601364347152412,0.5865384615384616,0.41346153846153844
B,2026,3,Intraday_Return_Z60,0.0030887287575751543,-0.0001991545141208917,0.4326923076923077,0.5673076923076923
B,2026,3,Daily_Range_Z60,0.0010561882518231869,0.00020328638493083417,0.5961538461538461,0.40384615384615385
B,2026,3,QQQ_Log_Return_1D,0.0010988314170390368,-7.866404484957457e-05,0.5673076923076923,0.4326923076923077
B,2026,3,QQQ_Log_Return_5D,0.0004925185348838568,0.00010135343472938985,0.5288461538461539,0.47115384615384615
B,2026,3,QQQ_Volatility_14D,0.0008331942954100668,-0.000543649890460074,0.23076923076923078,0.7692307692307693
B,2026,4,Log_Return_1D_Z60,0.0005712222773581743,0.00012696148769464344,0.5673076923076923,0.4326923076923077
B,2026,4,Log_Return_5D_Z60,0.001854807254858315,0.00023057288490235806,0.4807692307692308,0.5192307692307693
B,2026,4,Volatility_14D_Z60,0.0006309063755907118,0.00011336397437844425,0.625,0.375
B,2026,4,Relative_Volume_20D_Z60,0.003563960548490286,0.00013531610602512956,0.40384615384615385,0.5961538461538461
B,2026,4,RSI_14_Scaled,0.0019842865876853466,0.0009596039890311658,0.6057692307692307,0.3942307692307692
B,2026,4,Price_to_SMA20_Z60,0.005256361793726683,0.0007060506613925099,0.5961538461538461,0.40384615384615385
B,2026,4,Intraday_Return_Z60,0.0028216014616191387,-0.000551629695110023,0.49038461538461536,0.5096153846153846
B,2026,4,Daily_Range_Z60,0.001021723379381001,0.000139168172609061,0.625,0.375
B,2026,4,QQQ_Log_Return_1D,0.0009372007916681468,0.00011150844511575997,0.5576923076923077,0.4423076923076923
B,2026,4,QQQ_Log_Return_5D,0.0005109526682645082,0.00010382640903117135,0.5,0.5
B,2026,4,QQQ_Volatility_14D,0.000852345721796155,-0.0005497186211869121,0.23076923076923078,0.7692307692307693
B,2026,5,Log_Return_1D_Z60,0.000675052113365382,-4.741983866551891e-05,0.5,0.5
B,2026,5,Log_Return_5D_Z60,0.0021135101560503244,0.00014542267308570445,0.5,0.5
B,2026,5,Volatility_14D_Z60,0.0006488466169685125,0.0001562311954330653,0.6153846153846154,0.38461538461538464
B,2026,5,Relative_Volume_20D_Z60,0.003801266197115183,0.0005010666791349649,0.4230769230769231,0.5769230769230769
B,2026,5,RSI_14_Scaled,0.0019973651506006718,0.000959959696047008,0.6057692307692307,0.3942307692307692
B,2026,5,Price_to_SMA20_Z60,0.00557443592697382,0.0011007287539541721,0.6153846153846154,0.38461538461538464
B,2026,5,Intraday_Return_Z60,0.0030595746356993914,-0.00019279454136267304,0.5,0.5
B,2026,5,Daily_Range_Z60,0.0009470733348280191,0.00012441592116374522,0.5673076923076923,0.4326923076923077
B,2026,5,QQQ_Log_Return_1D,0.0009040904697030783,-4.5743563532596454e-05,0.5,0.5
B,2026,5,QQQ_Log_Return_5D,0.0005029246676713228,0.00016393007535953075,0.5288461538461539,0.47115384615384615
B,2026,5,QQQ_Volatility_14D,0.0008761532953940332,-0.0005720228655263782,0.21153846153846154,0.7884615384615384
B,2026,6,Log_Return_1D_Z60,0.0006775764049962163,-8.126103057293221e-05,0.4326923076923077,0.5673076923076923
B,2026,6,Log_Return_5D_Z60,0.0021930437069386244,0.00018544416525401175,0.4519230769230769,0.5480769230769231
B,2026,6,Volatility_14D_Z60,0.000629986694548279,0.00014271316467784345,0.6634615384615384,0.33653846153846156
B,2026,6,Relative_Volume_20D_Z60,0.0038943435065448284,-1.0094569915963802e-05,0.34615384615384615,0.6538461538461539
B,2026,6,RSI_14_Scaled,0.002063241321593523,0.000992323039099574,0.5961538461538461,0.40384615384615385
B,2026,6,Price_to_SMA20_Z60,0.005657230969518423,0.0009996354347094893,0.5961538461538461,0.40384615384615385
B,2026,6,Intraday_Return_Z60,0.0029552881605923176,-0.00038381366175599396,0.47115384615384615,0.5288461538461539
B,2026,6,Daily_Range_Z60,0.0010754415998235345,0.0001517859345767647,0.5865384615384616,0.41346153846153844
B,2026,6,QQQ_Log_Return_1D,0.0009399847476743162,-1.22363026093808e-05,0.5192307692307693,0.4807692307692308
B,2026,6,QQQ_Log_Return_5D,0.0005186284543015063,0.00019749905914068222,0.5576923076923077,0.4423076923076923
B,2026,6,QQQ_Volatility_14D,0.0008635638514533639,-0.0005755934398621321,0.21153846153846154,0.7884615384615384
B,2026,7,Log_Return_1D_Z60,0.000662023841869086,2.649611587912659e-06,0.46153846153846156,0.5384615384615384
B,2026,7,Log_Return_5D_Z60,0.0020622392185032368,2.850801683962345e-05,0.47115384615384615,0.5288461538461539
B,2026,7,Volatility_14D_Z60,0.0006532284314744174,0.0001653178915148601,0.6634615384615384,0.33653846153846156
B,2026,7,Relative_Volume_20D_Z60,0.004591156728565693,0.000726628175470978,0.34615384615384615,0.6538461538461539
B,2026,7,RSI_14_Scaled,0.0020834787283092737,0.0010087547125294805,0.5673076923076923,0.4326923076923077
B,2026,7,Price_to_SMA20_Z60,0.0054719094187021255,0.0011104108998551965,0.5865384615384616,0.41346153846153844
B,2026,7,Intraday_Return_Z60,0.0033708687406033278,8.771292777964845e-05,0.5,0.5
B,2026,7,Daily_Range_Z60,0.0014545744052156806,-0.0003199439088348299,0.5096153846153846,0.49038461538461536
B,2026,7,QQQ_Log_Return_1D,0.0010407387744635344,-0.00017566427413839847,0.5288461538461539,0.47115384615384615
B,2026,7,QQQ_Log_Return_5D,0.0005675303400494158,0.00019599401275627315,0.6057692307692307,0.3942307692307692
B,2026,7,QQQ_Volatility_14D,0.0008431868045590818,-0.0005777563201263547,0.22115384615384615,0.7788461538461539
B,2026,8,Log_Return_1D_Z60,0.0005331713473424315,-3.079337602684973e-06,0.5,0.5
B,2026,8,Log_Return_5D_Z60,0.0018531568348407745,-7.873801951063797e-05,0.41346153846153844,0.5865384615384616
B,2026,8,Volatility_14D_Z60,0.0006435394752770662,0.0001458254992030561,0.6634615384615384,0.33653846153846156
B,2026,8,Relative_Volume_20D_Z60,0.003640337148681283,-0.0002702429483179003,0.34615384615384615,0.6538461538461539
B,2026,8,RSI_14_Scaled,0.0020953502971678972,0.0010310504585504532,0.6057692307692307,0.3942307692307692
B,2026,8,Price_to_SMA20_Z60,0.005285731982439756,0.0011630711378529668,0.5865384615384616,0.41346153846153844
B,2026,8,Intraday_Return_Z60,0.0032979208044707775,-0.00044145184801891446,0.46153846153846156,0.5384615384615384
B,2026,8,Daily_Range_Z60,0.0008553488878533244,0.00024474397650919855,0.6346153846153846,0.36538461538461536
B,2026,8,QQQ_Log_Return_1D,0.0010297163389623165,-0.00016015389701351523,0.46153846153846156,0.5384615384615384
B,2026,8,QQQ_Log_Return_5D,0.0005601635202765465,0.00016732965013943613,0.625,0.375
B,2026,8,QQQ_Volatility_14D,0.0008536697132512927,-0.000583107874263078,0.23076923076923078,0.7692307692307693
B,2026,9,Log_Return_1D_Z60,0.0005847523570992053,-0.00022904292563907802,0.5,0.5
B,2026,9,Log_Return_5D_Z60,0.0017992067150771618,0.00013341358862817287,0.4519230769230769,0.5480769230769231
B,2026,9,Volatility_14D_Z60,0.0006097276927903295,0.0001757522113621235,0.7019230769230769,0.2980769230769231
B,2026,9,Relative_Volume_20D_Z60,0.003744374727830291,-0.0002541968133300543,0.33653846153846156,0.6634615384615384
B,2026,9,RSI_14_Scaled,0.0020831460133194923,0.0012249125866219401,0.6346153846153846,0.36538461538461536
B,2026,9,Price_to_SMA20_Z60,0.005126431584358215,0.0009506277274340391,0.5576923076923077,0.4423076923076923
B,2026,9,Intraday_Return_Z60,0.0030741305090487003,0.0003745650756172836,0.5480769230769231,0.4519230769230769
B,2026,9,Daily_Range_Z60,0.0010308959754183888,0.00026624504243955016,0.5865384615384616,0.41346153846153844
B,2026,9,QQQ_Log_Return_1D,0.0008943771244958043,-2.9531531254178844e-05,0.5673076923076923,0.4326923076923077
B,2026,9,QQQ_Log_Return_5D,0.000501706323120743,0.00016125658294185996,0.5961538461538461,0.40384615384615385
B,2026,9,QQQ_Volatility_14D,0.0008307702373713255,-0.0005660457536578178,0.23076923076923078,0.7692307692307693
B,2026,10,Log_Return_1D_Z60,0.0007483502267859876,-0.0002213925326941535,0.46153846153846156,0.5384615384615384
B,2026,10,Log_Return_5D_Z60,0.0018879633862525225,0.0003840056015178561,0.49038461538461536,0.5096153846153846
B,2026,10,Volatility_14D_Z60,0.0006492323009297252,0.00018397459643892944,0.6826923076923077,0.3173076923076923
B,2026,10,Relative_Volume_20D_Z60,0.003971897065639496,0.0003056731366086751,0.4326923076923077,0.5673076923076923
B,2026,10,RSI_14_Scaled,0.0020758756436407566,0.0013974352041259408,0.625,0.375
B,2026,10,Price_to_SMA20_Z60,0.00502959918230772,0.0006048438372090459,0.5673076923076923,0.4326923076923077
B,2026,10,Intraday_Return_Z60,0.0033948977943509817,0.00035798875615000725,0.4807692307692308,0.5192307692307693
B,2026,10,Daily_Range_Z60,0.0009966264478862286,0.00013484562805388123,0.5961538461538461,0.40384615384615385
B,2026,10,QQQ_Log_Return_1D,0.0011884019477292895,-5.221297760726884e-05,0.5288461538461539,0.47115384615384615
B,2026,10,QQQ_Log_Return_5D,0.0004949730937369168,0.00016685918672010303,0.5865384615384616,0.41346153846153844
B,2026,10,QQQ_Volatility_14D,0.000800770940259099,-0.0005264075589366257,0.2692307692307692,0.7307692307692307
B,2026,11,Log_Return_1D_Z60,0.000690842920448631,-0.00012579752365127206,0.4230769230769231,0.5769230769230769
B,2026,11,Log_Return_5D_Z60,0.001939711393788457,0.00027417781529948115,0.47115384615384615,0.5288461538461539
B,2026,11,Volatility_14D_Z60,0.0007474150042980909,0.00014477624790742993,0.6730769230769231,0.3269230769230769
B,2026,11,Relative_Volume_20D_Z60,0.0032443867530673742,-0.000504129973705858,0.3557692307692308,0.6442307692307693
B,2026,11,RSI_14_Scaled,0.0020382145885378122,0.0013248316245153546,0.5769230769230769,0.4230769230769231
B,2026,11,Price_to_SMA20_Z60,0.004954983945935965,0.0002660143072716892,0.5576923076923077,0.4423076923076923
B,2026,11,Intraday_Return_Z60,0.0034262349363416433,0.00028584591927938163,0.4807692307692308,0.5192307692307693
B,2026,11,Daily_Range_Z60,0.001088042976334691,-0.00015504633483942598,0.49038461538461536,0.5096153846153846
B,2026,11,QQQ_Log_Return_1D,0.0009677822818048298,0.00020728041999973357,0.5384615384615384,0.46153846153846156
B,2026,11,QQQ_Log_Return_5D,0.00047090492444112897,0.0001260501885553822,0.5865384615384616,0.41346153846153844
B,2026,11,QQQ_Volatility_14D,0.0007812867988832295,-0.0005217872676439583,0.2692307692307692,0.7307692307692307
B,2026,12,Log_Return_1D_Z60,0.0006337429513223469,-1.13284640974598e-05,0.4423076923076923,0.5576923076923077
B,2026,12,Log_Return_5D_Z60,0.0019843473564833403,0.000465043936856091,0.4423076923076923,0.5576923076923077
B,2026,12,Volatility_14D_Z60,0.0007053121225908399,0.0001017645699903369,0.6538461538461539,0.34615384615384615
B,2026,12,Relative_Volume_20D_Z60,0.003159246174618602,-0.0005643506883643568,0.36538461538461536,0.6346153846153846
B,2026,12,RSI_14_Scaled,0.002023570006713271,0.0013743372401222587,0.625,0.375
B,2026,12,Price_to_SMA20_Z60,0.004922784399241209,2.1219799236860126e-05,0.5673076923076923,0.4326923076923077
B,2026,12,Intraday_Return_Z60,0.003506809938699007,0.001050701830536127,0.5673076923076923,0.4326923076923077
B,2026,12,Daily_Range_Z60,0.0012248039711266756,-0.00017821337678469718,0.5673076923076923,0.4326923076923077
B,2026,12,QQQ_Log_Return_1D,0.0009565948275849223,1.1139388334413525e-05,0.49038461538461536,0.5096153846153846
B,2026,12,QQQ_Log_Return_5D,0.000488351215608418,0.00015015201643109322,0.5865384615384616,0.41346153846153844
B,2026,12,QQQ_Volatility_14D,0.0007615353679284453,-0.0004986112471669912,0.28846153846153844,0.7115384615384616
B,2026,13,Log_Return_1D_Z60,0.0006945175700820982,2.1523243049159646e-05,0.5288461538461539,0.47115384615384615
B,2026,13,Log_Return_5D_Z60,0.0021248033735901117,0.0005144403548911214,0.5192307692307693,0.4807692307692308
B,2026,13,Volatility_14D_Z60,0.0006855298415757716,0.00013523182133212686,0.6442307692307693,0.3557692307692308
B,2026,13,Relative_Volume_20D_Z60,0.0033543435856699944,-0.00073194969445467,0.36538461538461536,0.6346153846153846
B,2026,13,RSI_14_Scaled,0.0020005241967737675,0.0013671687338501215,0.5865384615384616,0.41346153846153844
B,2026,13,Price_to_SMA20_Z60,0.005000745877623558,0.00013751909136772156,0.5288461538461539,0.47115384615384615
B,2026,13,Intraday_Return_Z60,0.0033766855485737324,-0.00033313114545308053,0.4807692307692308,0.5192307692307693
B,2026,13,Daily_Range_Z60,0.0011708763195201755,9.329191379947588e-05,0.5865384615384616,0.41346153846153844
B,2026,13,QQQ_Log_Return_1D,0.0008737129392102361,-7.106437988113612e-05,0.5288461538461539,0.47115384615384615
B,2026,13,QQQ_Log_Return_5D,0.0005312486318871379,0.00018797536904457957,0.5865384615384616,0.41346153846153844
B,2026,13,QQQ_Volatility_14D,0.0007342094322666526,-0.0005069255130365491,0.2980769230769231,0.7019230769230769
B,2026,14,Log_Return_1D_Z60,0.0005642402684316039,-0.00011804781388491392,0.4230769230769231,0.5769230769230769
B,2026,14,Log_Return_5D_Z60,0.0020028860308229923,0.00047721678856760263,0.49038461538461536,0.5096153846153846
B,2026,14,Volatility_14D_Z60,0.0006707586580887437,0.0001906920224428177,0.6730769230769231,0.3269230769230769
B,2026,14,Relative_Volume_20D_Z60,0.003267585067078471,-0.0008444684208370745,0.34615384615384615,0.6538461538461539
B,2026,14,RSI_14_Scaled,0.0019670450128614902,0.0013906038366258144,0.6153846153846154,0.38461538461538464
B,2026,14,Price_to_SMA20_Z60,0.0050249164924025536,-0.00011038617230951786,0.5288461538461539,0.47115384615384615
B,2026,14,Intraday_Return_Z60,0.003009984502568841,0.0004344281041994691,0.5480769230769231,0.4519230769230769
B,2026,14,Daily_Range_Z60,0.0009908011415973306,0.0001747944188537076,0.5961538461538461,0.40384615384615385
B,2026,14,QQQ_Log_Return_1D,0.0008998860139399767,-6.905851023475407e-06,0.5,0.5
B,2026,14,QQQ_Log_Return_5D,0.0005468885065056384,0.00022388964134734124,0.6634615384615384,0.33653846153846156
B,2026,14,QQQ_Volatility_14D,0.0007440510089509189,-0.0005146631738170981,0.3076923076923077,0.6923076923076923
B,2026,15,Log_Return_1D_Z60,0.0009670573053881526,-0.0003127973759546876,0.49038461538461536,0.5096153846153846
B,2026,15,Log_Return_5D_Z60,0.0021819265093654394,0.000555917271412909,0.5576923076923077,0.4423076923076923
B,2026,15,Volatility_14D_Z60,0.0006776002701371908,0.00015903956955298781,0.6538461538461539,0.34615384615384615
B,2026,15,Relative_Volume_20D_Z60,0.0036318963393568993,-0.00017517035303171724,0.3942307692307692,0.6057692307692307
B,2026,15,RSI_14_Scaled,0.002001390093937516,0.0015223956434056163,0.5961538461538461,0.40384615384615385
B,2026,15,Price_to_SMA20_Z60,0.005103214643895626,-0.0003758533566724509,0.5288461538461539,0.47115384615384615
B,2026,15,Intraday_Return_Z60,0.003497597761452198,0.00022386451018974185,0.5096153846153846,0.49038461538461536
B,2026,15,Daily_Range_Z60,0.0012461437145248055,-9.013004273583647e-06,0.5384615384615384,0.46153846153846156
B,2026,15,QQQ_Log_Return_1D,0.0010739886201918125,0.0002647572837304324,0.5865384615384616,0.41346153846153844
B,2026,15,QQQ_Log_Return_5D,0.0005336131434887648,0.00019408123625908047,0.6442307692307693,0.3557692307692308
B,2026,15,QQQ_Volatility_14D,0.0007538715726695955,-0.0004865062946919352,0.3173076923076923,0.6826923076923077
B,2026,16,Log_Return_1D_Z60,0.0006453095702454448,5.071903797215782e-05,0.47115384615384615,0.5288461538461539
B,2026,16,Log_Return_5D_Z60,0.0021107164211571217,0.0005752991419285536,0.5096153846153846,0.49038461538461536
B,2026,16,Volatility_14D_Z60,0.000663182174321264,0.00013656634837388992,0.6346153846153846,0.36538461538461536
B,2026,16,Relative_Volume_20D_Z60,0.003266280749812722,-0.0006709109293296933,0.25961538461538464,0.7403846153846154
B,2026,16,RSI_14_Scaled,0.001870847656391561,0.0014787204563617706,0.625,0.375
B,2026,16,Price_to_SMA20_Z60,0.005052077118307352,-0.0003122530470136553,0.5,0.5
B,2026,16,Intraday_Return_Z60,0.0033606200013309717,9.558309830026701e-05,0.4807692307692308,0.5192307692307693
B,2026,16,Daily_Range_Z60,0.00111374631524086,-2.6613544832798652e-05,0.5384615384615384,0.46153846153846156
B,2026,16,QQQ_Log_Return_1D,0.0008440507808700204,0.00011979783448623493,0.5384615384615384,0.46153846153846156
B,2026,16,QQQ_Log_Return_5D,0.00048651668475940824,0.00018492194067221135,0.6057692307692307,0.3942307692307692
B,2026,16,QQQ_Volatility_14D,0.0007404849748127162,-0.00048747070832177997,0.33653846153846156,0.6634615384615384
B,2026,17,Log_Return_1D_Z60,0.0006122693885117769,-0.00020523258717730641,0.47115384615384615,0.5288461538461539
B,2026,17,Log_Return_5D_Z60,0.0021368751768022776,0.0006097660516388714,0.5096153846153846,0.49038461538461536
B,2026,17,Volatility_14D_Z60,0.0007354941917583346,0.00015481583250220865,0.6057692307692307,0.3942307692307692
B,2026,17,Relative_Volume_20D_Z60,0.0037379213608801365,-0.00026707971119321883,0.3269230769230769,0.6730769230769231
B,2026,17,RSI_14_Scaled,0.001902880147099495,0.0015996939036995173,0.6730769230769231,0.3269230769230769
B,2026,17,Price_to_SMA20_Z60,0.004891657270491123,-0.0005835813353769481,0.46153846153846156,0.5384615384615384
B,2026,17,Intraday_Return_Z60,0.0032328665256500244,0.0005685454234480858,0.49038461538461536,0.5096153846153846
B,2026,17,Daily_Range_Z60,0.001014466630294919,0.00039979227585718036,0.5961538461538461,0.40384615384615385
B,2026,17,QQQ_Log_Return_1D,0.0008670116076245904,6.42293380224146e-05,0.5865384615384616,0.41346153846153844
B,2026,17,QQQ_Log_Return_5D,0.00045375010813586414,0.00012674793833866715,0.5865384615384616,0.41346153846153844
B,2026,17,QQQ_Volatility_14D,0.0007497955812141299,-0.0005121278227306902,0.33653846153846156,0.6634615384615384
B,2026,18,Log_Return_1D_Z60,0.0006555007421411574,2.5292392820119858e-05,0.49038461538461536,0.5096153846153846
B,2026,18,Log_Return_5D_Z60,0.002337332582101226,0.000741459196433425,0.5576923076923077,0.4423076923076923
B,2026,18,Volatility_14D_Z60,0.0007302731974050403,0.00010819588351296261,0.5961538461538461,0.40384615384615385
B,2026,18,Relative_Volume_20D_Z60,0.0037779994308948517,-0.00025782414013519883,0.34615384615384615,0.6538461538461539
B,2026,18,RSI_14_Scaled,0.0019351502414792776,0.0016425114590674639,0.6153846153846154,0.38461538461538464
B,2026,18,Price_to_SMA20_Z60,0.005328289698809385,-0.0005994029343128204,0.5288461538461539,0.47115384615384615
B,2026,18,Intraday_Return_Z60,0.0031489706598222256,8.165059261955321e-05,0.5288461538461539,0.47115384615384615
B,2026,18,Daily_Range_Z60,0.0011150448117405176,0.0001208651447086595,0.5673076923076923,0.4326923076923077
B,2026,18,QQQ_Log_Return_1D,0.0009094541892409325,0.00017762828792911023,0.5673076923076923,0.4326923076923077
B,2026,18,QQQ_Log_Return_5D,0.0005022987024858594,0.00011429771257098764,0.5096153846153846,0.49038461538461536
B,2026,18,QQQ_Volatility_14D,0.0007492030854336917,-0.000523022492416203,0.3269230769230769,0.6730769230769231
B,2026,19,Log_Return_1D_Z60,0.0006972414557822049,-0.00011578524572541937,0.38461538461538464,0.6153846153846154
B,2026,19,Log_Return_5D_Z60,0.0024555339477956295,0.0007591704488731921,0.5192307692307693,0.4807692307692308
B,2026,19,Volatility_14D_Z60,0.0006809636252000928,0.00013255135854706168,0.6153846153846154,0.38461538461538464
B,2026,19,Relative_Volume_20D_Z60,0.0032734328415244818,-0.0006403543520718813,0.3173076923076923,0.6826923076923077
B,2026,19,RSI_14_Scaled,0.0020209525246173143,0.0016874370630830526,0.6442307692307693,0.3557692307692308
B,2026,19,Price_to_SMA20_Z60,0.005802484229207039,-0.0008671079995110631,0.5096153846153846,0.49038461538461536
B,2026,19,Intraday_Return_Z60,0.0032393462024629116,0.0004783633048646152,0.5961538461538461,0.40384615384615385
B,2026,19,Daily_Range_Z60,0.0009835005039349198,7.132829341571778e-05,0.5,0.5
B,2026,19,QQQ_Log_Return_1D,0.001029561273753643,5.499473263625987e-05,0.5288461538461539,0.47115384615384615
B,2026,19,QQQ_Log_Return_5D,0.0005685840151272714,0.00012484195758588612,0.5096153846153846,0.49038461538461536
B,2026,19,QQQ_Volatility_14D,0.000714487920049578,-0.0004852336132898927,0.33653846153846156,0.6634615384615384
B,2026,20,Log_Return_1D_Z60,0.0006062508909963071,-8.128221816150472e-05,0.4423076923076923,0.5576923076923077
B,2026,20,Log_Return_5D_Z60,0.0020922364201396704,0.0007249652990140021,0.5096153846153846,0.49038461538461536
B,2026,20,Volatility_14D_Z60,0.0006565185030922294,0.00013081467477604747,0.625,0.375
B,2026,20,Relative_Volume_20D_Z60,0.0035583493299782276,0.00014830708096269518,0.36538461538461536,0.6346153846153846
B,2026,20,RSI_14_Scaled,0.0020862529054284096,0.0018190802074968815,0.6634615384615384,0.33653846153846156
B,2026,20,Price_to_SMA20_Z60,0.005782053805887699,-0.0011207149364054203,0.5288461538461539,0.47115384615384615
B,2026,20,Intraday_Return_Z60,0.0034962273202836514,0.0004605254507623613,0.5384615384615384,0.46153846153846156
B,2026,20,Daily_Range_Z60,0.0010485786478966475,-0.0001647094322834164,0.5480769230769231,0.4519230769230769
B,2026,20,QQQ_Log_Return_1D,0.0008444119011983275,0.00012511284148786217,0.5,0.5
B,2026,20,QQQ_Log_Return_5D,0.0005551839713007212,0.00013817549915984273,0.5769230769230769,0.4230769230769231
B,2026,20,QQQ_Volatility_14D,0.0007338713039644063,-0.0004983818507753313,0.3173076923076923,0.6826923076923077
B,2026,21,Log_Return_1D_Z60,0.0007850906113162637,-9.75580041995272e-05,0.41346153846153844,0.5865384615384616
B,2026,21,Log_Return_5D_Z60,0.002277629915624857,0.0008823125972412527,0.5096153846153846,0.49038461538461536
B,2026,21,Volatility_14D_Z60,0.0007201989064924419,5.380411494115833e-06,0.5961538461538461,0.40384615384615385
B,2026,21,Relative_Volume_20D_Z60,0.00412168400362134,0.0008862468530423939,0.38461538461538464,0.6153846153846154
B,2026,21,RSI_14_Scaled,0.0021841954439878464,0.0019138192292302847,0.6826923076923077,0.3173076923076923
B,2026,21,Price_to_SMA20_Z60,0.006279172841459513,-0.0012697352794930339,0.4807692307692308,0.5192307692307693
B,2026,21,Intraday_Return_Z60,0.0039000173565000296,0.0007135796477086842,0.5480769230769231,0.4519230769230769
B,2026,21,Daily_Range_Z60,0.0010807029902935028,-7.65173535910435e-05,0.5288461538461539,0.47115384615384615
B,2026,21,QQQ_Log_Return_1D,0.0009453151724301279,7.620455289725214e-05,0.5673076923076923,0.4326923076923077
B,2026,21,QQQ_Log_Return_5D,0.0005895324284210801,0.0002086095919366926,0.5961538461538461,0.40384615384615385
B,2026,21,QQQ_Volatility_14D,0.0007502439548261464,-0.0005264176288619637,0.28846153846153844,0.7115384615384616
B,2026,22,Log_Return_1D_Z60,0.0006743405829183757,-5.938610684097512e-06,0.4519230769230769,0.5480769230769231
B,2026,22,Log_Return_5D_Z60,0.0023295534774661064,0.0006767008453607559,0.49038461538461536,0.5096153846153846
B,2026,22,Volatility_14D_Z60,0.0007403709460049868,1.630850601941347e-05,0.5673076923076923,0.4326923076923077
B,2026,22,Relative_Volume_20D_Z60,0.004035756923258305,0.0008995275129564106,0.375,0.625
B,2026,22,RSI_14_Scaled,0.00213972688652575,0.0018262272933498025,0.6730769230769231,0.3269230769230769
B,2026,22,Price_to_SMA20_Z60,0.0063774483278393745,-0.001106921466998756,0.5,0.5
B,2026,22,Intraday_Return_Z60,0.002906068228185177,-0.0003983579808846116,0.46153846153846156,0.5384615384615384
B,2026,22,Daily_Range_Z60,0.0009620719938538969,9.577225864632055e-05,0.5192307692307693,0.4807692307692308
B,2026,22,QQQ_Log_Return_1D,0.0010207983432337642,0.0002483709540683776,0.6346153846153846,0.36538461538461536
B,2026,22,QQQ_Log_Return_5D,0.0006367833120748401,0.00023194354434963316,0.5384615384615384,0.46153846153846156
B,2026,22,QQQ_Volatility_14D,0.0007607453735545278,-0.0005461604450829327,0.27884615384615385,0.7211538461538461
B,2026,23,Log_Return_1D_Z60,0.0007898868643678725,-0.0001701726287137717,0.5384615384615384,0.46153846153846156
B,2026,23,Log_Return_5D_Z60,0.002320438390597701,0.0006675136974081397,0.49038461538461536,0.5096153846153846
B,2026,23,Volatility_14D_Z60,0.0007544820546172559,-3.2374573493143544e-05,0.5576923076923077,0.4423076923076923
B,2026,23,Relative_Volume_20D_Z60,0.003989913035184145,0.0002542970469221473,0.375,0.625
B,2026,23,RSI_14_Scaled,0.002318774815648794,0.0019163028337061405,0.6826923076923077,0.3173076923076923
B,2026,23,Price_to_SMA20_Z60,0.006075982935726643,-0.0010015842271968722,0.5288461538461539,0.47115384615384615
B,2026,23,Intraday_Return_Z60,0.003149801166728139,-6.979992031119764e-05,0.4807692307692308,0.5192307692307693
B,2026,23,Daily_Range_Z60,0.0011907084845006466,-1.75022996700136e-05,0.5,0.5
B,2026,23,QQQ_Log_Return_1D,0.0008022332331165671,6.669389404123649e-05,0.5576923076923077,0.4423076923076923
B,2026,23,QQQ_Log_Return_5D,0.0005526563618332148,0.00018075076513923705,0.5769230769230769,0.4230769230769231
B,2026,23,QQQ_Volatility_14D,0.0007792452815920115,-0.0005663166521117091,0.25961538461538464,0.7403846153846154
B,2026,24,Log_Return_1D_Z60,0.0006569732213392854,5.457686347654089e-05,0.5576923076923077,0.4423076923076923
B,2026,24,Log_Return_5D_Z60,0.0021823332644999027,0.0003889351792167872,0.46153846153846156,0.5384615384615384
B,2026,24,Volatility_14D_Z60,0.0007998687797226012,2.4133514671120793e-05,0.5865384615384616,0.41346153846153844
B,2026,24,Relative_Volume_20D_Z60,0.003444146132096648,-3.180559724569321e-05,0.3269230769230769,0.6730769230769231
B,2026,24,RSI_14_Scaled,0.00217998493462801,0.0017769609112292528,0.6538461538461539,0.34615384615384615
B,2026,24,Price_to_SMA20_Z60,0.005938698537647724,-0.0007934663444757462,0.5,0.5
B,2026,24,Intraday_Return_Z60,0.003897762857377529,-5.202220199862495e-05,0.4423076923076923,0.5576923076923077
B,2026,24,Daily_Range_Z60,0.0011635696282610297,-0.00029629489290528,0.5288461538461539,0.47115384615384615
B,2026,24,QQQ_Log_Return_1D,0.0009472704259678721,0.00010382611799286678,0.5480769230769231,0.4519230769230769
B,2026,24,QQQ_Log_Return_5D,0.0005348902777768672,0.00014046633441466838,0.5384615384615384,0.46153846153846156
B,2026,24,QQQ_Volatility_14D,0.0008034947095438838,-0.000585672736633569,0.25,0.75
B,2026,25,Log_Return_1D_Z60,0.0007030052365735173,-0.0001308213104493916,0.4519230769230769,0.5480769230769231
B,2026,25,Log_Return_5D_Z60,0.00218008179217577,0.00025908893439918756,0.5288461538461539,0.47115384615384615
B,2026,25,Volatility_14D_Z60,0.0007663482101634145,6.0155267419759184e-05,0.5865384615384616,0.41346153846153844
B,2026,25,Relative_Volume_20D_Z60,0.003309051040560007,-0.00020976738596800715,0.3269230769230769,0.6730769230769231
B,2026,25,RSI_14_Scaled,0.0021734596230089664,0.0018044764874503016,0.6538461538461539,0.34615384615384615
B,2026,25,Price_to_SMA20_Z60,0.0061944699846208096,-0.0008340453496202826,0.4807692307692308,0.5192307692307693
B,2026,25,Intraday_Return_Z60,0.0031872803810983896,0.0006890232907608151,0.5480769230769231,0.4519230769230769
B,2026,25,Daily_Range_Z60,0.0009759747190400958,0.00032893166644498706,0.5288461538461539,0.47115384615384615
B,2026,25,QQQ_Log_Return_1D,0.0011229368392378092,0.00024638522882014513,0.5769230769230769,0.4230769230769231
B,2026,25,QQQ_Log_Return_5D,0.0005604777834378183,8.17492909845896e-05,0.5384615384615384,0.46153846153846156
B,2026,25,QQQ_Volatility_14D,0.0008010212332010269,-0.0005620879819616675,0.2692307692307692,0.7307692307692307
B,2026,26,Log_Return_1D_Z60,0.0007194376667030156,6.403693987522274e-05,0.5192307692307693,0.4807692307692308
B,2026,26,Log_Return_5D_Z60,0.0020008545834571123,6.894142279634252e-05,0.4423076923076923,0.5576923076923077
B,2026,26,Volatility_14D_Z60,0.0008320739143528044,-5.454502388602123e-05,0.5769230769230769,0.4230769230769231
B,2026,26,Relative_Volume_20D_Z60,0.0035973037593066692,-4.2586012568790466e-05,0.375,0.625
B,2026,26,RSI_14_Scaled,0.0022143262904137373,0.0017366353422403336,0.6153846153846154,0.38461538461538464
B,2026,26,Price_to_SMA20_Z60,0.006078818812966347,-0.0005177697166800499,0.5096153846153846,0.49038461538461536
B,2026,26,Intraday_Return_Z60,0.0027754439506679773,-7.615132926730439e-05,0.46153846153846156,0.5384615384615384
B,2026,26,Daily_Range_Z60,0.001110389013774693,0.00014373681915458292,0.5480769230769231,0.4519230769230769
B,2026,26,QQQ_Log_Return_1D,0.000987567356787622,-0.00010238323011435568,0.49038461538461536,0.5096153846153846
B,2026,26,QQQ_Log_Return_5D,0.0005579326534643769,6.334605859592557e-05,0.5865384615384616,0.41346153846153844
B,2026,26,QQQ_Volatility_14D,0.000804553332272917,-0.0005572260124608874,0.2692307692307692,0.7307692307692307
B,2026,27,Log_Return_1D_Z60,0.0008710023830644786,0.0003126605588477105,0.5096153846153846,0.49038461538461536
B,2026,27,Log_Return_5D_Z60,0.002251753117889166,7.627248851349577e-05,0.4807692307692308,0.5192307692307693
B,2026,27,Volatility_14D_Z60,0.0007850467809475958,-0.00014239741722121835,0.5384615384615384,0.46153846153846156
B,2026,27,Relative_Volume_20D_Z60,0.0036307545378804207,0.0006368222529999912,0.4326923076923077,0.5673076923076923
B,2026,27,RSI_14_Scaled,0.002164458390325308,0.0013963774545118213,0.625,0.375
B,2026,27,Price_to_SMA20_Z60,0.006298305932432413,-0.00032316328724846244,0.5192307692307693,0.4807692307692308
B,2026,27,Intraday_Return_Z60,0.003329313825815916,-5.9246274759061635e-05,0.49038461538461536,0.5096153846153846
B,2026,27,Daily_Range_Z60,0.0011733344290405512,1.328345388174057e-05,0.5288461538461539,0.47115384615384615
B,2026,27,QQQ_Log_Return_1D,0.0010613801423460245,0.0002979349228553474,0.5,0.5
B,2026,27,QQQ_Log_Return_5D,0.0005578805576078594,1.9138580682920292e-05,0.5384615384615384,0.46153846153846156
B,2026,27,QQQ_Volatility_14D,0.0007945618708617985,-0.0005597440176643431,0.2692307692307692,0.7307692307692307
B,2026,28,Log_Return_1D_Z60,0.0007755737751722336,8.08400145615451e-05,0.46153846153846156,0.5384615384615384
B,2026,28,Log_Return_5D_Z60,0.0020938082598149776,4.904203160549514e-05,0.4230769230769231,0.5769230769230769
B,2026,28,Volatility_14D_Z60,0.0007619039388373494,-0.00014675784041173756,0.5,0.5
B,2026,28,Relative_Volume_20D_Z60,0.003655706997960806,0.0007943681557662785,0.4326923076923077,0.5673076923076923
B,2026,28,RSI_14_Scaled,0.002237544860690832,0.0013375715352594852,0.6442307692307693,0.3557692307692308
B,2026,28,Price_to_SMA20_Z60,0.005849998909980059,-0.0006890114746056497,0.5096153846153846,0.49038461538461536
B,2026,28,Intraday_Return_Z60,0.004032123368233442,-0.0005628035287372768,0.4519230769230769,0.5480769230769231
B,2026,28,Daily_Range_Z60,0.0012745040003210306,-0.0005304749356582761,0.47115384615384615,0.5288461538461539
B,2026,28,QQQ_Log_Return_1D,0.0009425394237041473,7.26976286387071e-05,0.5192307692307693,0.4807692307692308
B,2026,28,QQQ_Log_Return_5D,0.0005373625317588449,-1.6217714801314287e-05,0.5576923076923077,0.4423076923076923
B,2026,28,QQQ_Volatility_14D,0.0007849882822483778,-0.0005398612702265382,0.2692307692307692,0.7307692307692307
B,2026,29,Log_Return_1D_Z60,0.0006274984334595501,4.430005901667755e-06,0.5384615384615384,0.46153846153846156
B,2026,29,Log_Return_5D_Z60,0.0022480557672679424,0.00033771584276109934,0.47115384615384615,0.5288461538461539
B,2026,29,Volatility_14D_Z60,0.0007032107096165419,-0.00011448499571997672,0.5192307692307693,0.4807692307692308
B,2026,29,Relative_Volume_20D_Z60,0.0034374468959867954,1.2881373550044373e-05,0.375,0.625
B,2026,29,RSI_14_Scaled,0.002277466468513012,0.001334727625362575,0.625,0.375
B,2026,29,Price_to_SMA20_Z60,0.005893419962376356,-0.0011075417278334498,0.5,0.5
B,2026,29,Intraday_Return_Z60,0.0032154442742466927,0.0008329588454216719,0.5769230769230769,0.4230769230769231
B,2026,29,Daily_Range_Z60,0.0010092244483530521,0.0002197498397435993,0.5865384615384616,0.41346153846153844
B,2026,29,QQQ_Log_Return_1D,0.0009272693423554301,9.39468591241166e-05,0.5192307692307693,0.4807692307692308
B,2026,29,QQQ_Log_Return_5D,0.0005622392054647207,9.902368219627533e-06,0.5480769230769231,0.4519230769230769
B,2026,29,QQQ_Volatility_14D,0.0008146420586854219,-0.0005533269722945988,0.28846153846153844,0.7115384615384616
B,2026,30,Log_Return_1D_Z60,0.0007947189151309431,0.0002933895739261061,0.5480769230769231,0.4519230769230769
B,2026,30,Log_Return_5D_Z60,0.0025591591838747263,0.00027622986817732453,0.5192307692307693,0.4807692307692308
B,2026,30,Volatility_14D_Z60,0.0007061354117468,-0.00012080065062036738,0.49038461538461536,0.5096153846153846
B,2026,30,Relative_Volume_20D_Z60,0.005604008678346872,0.0032037226483225822,0.5769230769230769,0.4230769230769231
B,2026,30,RSI_14_Scaled,0.002125016413629055,0.001158175291493535,0.6057692307692307,0.3942307692307692
B,2026,30,Price_to_SMA20_Z60,0.006248468533158302,-0.0010587788419798017,0.46153846153846156,0.5384615384615384
B,2026,30,Intraday_Return_Z60,0.002743019489571452,0.000128994244732894,0.5480769230769231,0.4519230769230769
B,2026,30,Daily_Range_Z60,0.0011069686152040958,0.00012248368875589222,0.5,0.5
B,2026,30,QQQ_Log_Return_1D,0.0010259536793455482,0.0002343720116186887,0.5384615384615384,0.46153846153846156
B,2026,30,QQQ_Log_Return_5D,0.000589702685829252,7.059425115585327e-05,0.5288461538461539,0.47115384615384615
B,2026,30,QQQ_Volatility_14D,0.0007982055540196598,-0.0004970477893948555,0.3269230769230769,0.6730769230769231
C,2026,1,Log_Return_1D_Z60,0.0012778238160535693,-0.0001249306369572878,0.5096153846153846,0.49038461538461536
C,2026,1,Log_Return_5D_Z60,0.0012044224422425032,0.0002570713113527745,0.5096153846153846,0.49038461538461536
C,2026,1,Volatility_14D_Z60,0.0010144512634724379,9.709371079225093e-05,0.5673076923076923,0.4326923076923077
C,2026,1,Relative_Volume_20D_Z60,0.0008197755087167025,-0.0001340148301096633,0.3557692307692308,0.6442307692307693
C,2026,1,RSI_14_Scaled,0.0016763226594775915,0.0008610028307884932,0.7019230769230769,0.2980769230769231
C,2026,1,Price_to_SMA20_Z60,0.004467424470931292,-0.00011141598952235654,0.5576923076923077,0.4423076923076923
C,2026,1,Intraday_Return_Z60,0.004616848658770323,0.000392077345168218,0.5288461538461539,0.47115384615384615
C,2026,1,Daily_Range_Z60,0.0022058833856135607,0.00014169457426760346,0.5673076923076923,0.4326923076923077
C,2026,1,QQQ_Log_Return_1D,0.0014695265563204885,-0.00020490304450504482,0.4519230769230769,0.5480769230769231
C,2026,1,QQQ_Log_Return_5D,0.0012414082884788513,5.2962011977797374e-05,0.5288461538461539,0.47115384615384615
C,2026,1,QQQ_Volatility_14D,0.0013975418405607343,-0.0009133465937338769,0.19230769230769232,0.8076923076923077
C,2026,2,Log_Return_1D_Z60,0.0012465394102036953,0.00018039382121060044,0.5192307692307693,0.4807692307692308
C,2026,2,Log_Return_5D_Z60,0.001111288322135806,0.00020649678481277078,0.4807692307692308,0.5192307692307693
C,2026,2,Volatility_14D_Z60,0.001049033715389669,0.00013891441631130874,0.5769230769230769,0.4230769230769231
C,2026,2,Relative_Volume_20D_Z60,0.0008940457482822239,-1.1633925169007853e-05,0.36538461538461536,0.6346153846153846
C,2026,2,RSI_14_Scaled,0.0018064756877720356,0.0010567704448476434,0.6730769230769231,0.3269230769230769
C,2026,2,Price_to_SMA20_Z60,0.004559176042675972,6.756643415428698e-05,0.5769230769230769,0.4230769230769231
C,2026,2,Intraday_Return_Z60,0.005021956749260426,-0.0001068863712134771,0.5,0.5
C,2026,2,Daily_Range_Z60,0.0022567741107195616,0.0002171697560697794,0.5192307692307693,0.4807692307692308
C,2026,2,QQQ_Log_Return_1D,0.0015985367354005575,3.154017758788541e-05,0.4807692307692308,0.5192307692307693
C,2026,2,QQQ_Log_Return_5D,0.0011959887342527509,6.72221794957295e-05,0.5096153846153846,0.49038461538461536
C,2026,2,QQQ_Volatility_14D,0.0013854902936145663,-0.0008662271429784596,0.21153846153846154,0.7884615384615384
C,2026,3,Log_Return_1D_Z60,0.0010855973232537508,7.815574645064771e-05,0.5288461538461539,0.47115384615384615
C,2026,3,Log_Return_5D_Z60,0.0010936376638710499,0.00011100836854893714,0.46153846153846156,0.5384615384615384
C,2026,3,Volatility_14D_Z60,0.000968104344792664,0.00015530742530245334,0.5673076923076923,0.4326923076923077
C,2026,3,Relative_Volume_20D_Z60,0.0012241180520504713,0.0003434911195654422,0.41346153846153844,0.5865384615384616
C,2026,3,RSI_14_Scaled,0.0018183953361585736,0.0011083433637395501,0.6730769230769231,0.3269230769230769
C,2026,3,Price_to_SMA20_Z60,0.00437165517359972,0.00011949038889724761,0.5865384615384616,0.41346153846153844
C,2026,3,Intraday_Return_Z60,0.004442698322236538,-0.0006514886044897139,0.4326923076923077,0.5673076923076923
C,2026,3,Daily_Range_Z60,0.0024639235343784094,0.00038843436050228775,0.625,0.375
C,2026,3,QQQ_Log_Return_1D,0.0019753563683480024,0.00041633829823695123,0.5576923076923077,0.4423076923076923
C,2026,3,QQQ_Log_Return_5D,0.001258930889889598,4.399959652801044e-05,0.4807692307692308,0.5192307692307693
C,2026,3,QQQ_Volatility_14D,0.0014005564153194427,-0.0007810423849150538,0.23076923076923078,0.7692307692307693
C,2026,4,Log_Return_1D_Z60,0.001287773484364152,0.00044321909081190825,0.5288461538461539,0.47115384615384615
C,2026,4,Log_Return_5D_Z60,0.0011334526352584362,6.785403002140811e-06,0.46153846153846156,0.5384615384615384
C,2026,4,Volatility_14D_Z60,0.0009875856339931488,0.00013186004071030766,0.5576923076923077,0.4423076923076923
C,2026,4,Relative_Volume_20D_Z60,0.0009018753189593554,-9.064416371984407e-05,0.3942307692307692,0.6057692307692307
C,2026,4,RSI_14_Scaled,0.0019027633825317025,0.0011890274472534657,0.6826923076923077,0.3173076923076923
C,2026,4,Price_to_SMA20_Z60,0.004432102665305138,0.0005164268077351153,0.5961538461538461,0.40384615384615385
C,2026,4,Intraday_Return_Z60,0.004264832008630037,-0.0009525440400466323,0.49038461538461536,0.5096153846153846
C,2026,4,Daily_Range_Z60,0.00246135494671762,0.0005155449034646153,0.6538461538461539,0.34615384615384615
C,2026,4,QQQ_Log_Return_1D,0.0015853630611672997,0.0002136568073183298,0.5865384615384616,0.41346153846153844
C,2026,4,QQQ_Log_Return_5D,0.0013226259034126997,-2.7919317290070467e-05,0.5288461538461539,0.47115384615384615
C,2026,4,QQQ_Volatility_14D,0.0014136756071820855,-0.000787154829595238,0.23076923076923078,0.7692307692307693
C,2026,5,Log_Return_1D_Z60,0.0012525173369795084,0.0003182079235557467,0.5192307692307693,0.4807692307692308
C,2026,5,Log_Return_5D_Z60,0.0013320849975571036,2.9551862098742276e-05,0.4807692307692308,0.5192307692307693
C,2026,5,Volatility_14D_Z60,0.001052111154422164,0.00015056396659929305,0.5288461538461539,0.47115384615384615
C,2026,5,Relative_Volume_20D_Z60,0.0010070917196571827,0.00010467084211995825,0.41346153846153844,0.5865384615384616
C,2026,5,RSI_14_Scaled,0.0019428575178608298,0.0012922331225126982,0.7115384615384616,0.28846153846153844
C,2026,5,Price_to_SMA20_Z60,0.0047798920422792435,0.0007736798725090921,0.6153846153846154,0.38461538461538464
C,2026,5,Intraday_Return_Z60,0.004552449565380812,-0.00032529880991205573,0.5,0.5
C,2026,5,Daily_Range_Z60,0.002366875996813178,0.0004099488432984799,0.6153846153846154,0.38461538461538464
C,2026,5,QQQ_Log_Return_1D,0.0015119079034775496,6.754252535756677e-05,0.5288461538461539,0.47115384615384615
C,2026,5,QQQ_Log_Return_5D,0.001321693416684866,1.3734746744376025e-06,0.5288461538461539,0.47115384615384615
C,2026,5,QQQ_Volatility_14D,0.0014682902256026864,-0.000805659918114543,0.21153846153846154,0.7884615384615384
C,2026,6,Log_Return_1D_Z60,0.0012762830592691898,0.00020755229343194515,0.4423076923076923,0.5576923076923077
C,2026,6,Log_Return_5D_Z60,0.001407938078045845,-1.4370961253007408e-05,0.4519230769230769,0.5480769230769231
C,2026,6,Volatility_14D_Z60,0.001084937364794314,0.00011955581430811435,0.5288461538461539,0.47115384615384615
C,2026,6,Relative_Volume_20D_Z60,0.0009729337180033326,-0.00011563385487534106,0.3557692307692308,0.6442307692307693
C,2026,6,RSI_14_Scaled,0.0019980815704911947,0.0013329676585271955,0.7211538461538461,0.27884615384615385
C,2026,6,Price_to_SMA20_Z60,0.004894025158137083,0.0006834318628534675,0.5961538461538461,0.40384615384615385
C,2026,6,Intraday_Return_Z60,0.004622838459908962,-0.0004910784191451967,0.47115384615384615,0.5288461538461539
C,2026,6,Daily_Range_Z60,0.002329053822904825,0.00043375216773711145,0.6538461538461539,0.34615384615384615
C,2026,6,QQQ_Log_Return_1D,0.0016727335751056671,0.00011679689487209544,0.5288461538461539,0.47115384615384615
C,2026,6,QQQ_Log_Return_5D,0.0013649940956383944,8.472167974105105e-05,0.4807692307692308,0.5192307692307693
C,2026,6,QQQ_Volatility_14D,0.001457751845009625,-0.0008031483739614487,0.21153846153846154,0.7884615384615384
C,2026,7,Log_Return_1D_Z60,0.0014860245864838362,0.0001414075813954696,0.5096153846153846,0.49038461538461536
C,2026,7,Log_Return_5D_Z60,0.0012636072933673859,-2.1194053260842338e-05,0.4519230769230769,0.5480769230769231
C,2026,7,Volatility_14D_Z60,0.001140555483289063,0.00013498705811798573,0.5673076923076923,0.4326923076923077
C,2026,7,Relative_Volume_20D_Z60,0.0012186748208478093,0.00013182031398173422,0.33653846153846156,0.6634615384615384
C,2026,7,RSI_14_Scaled,0.0020295968279242516,0.001332961837761104,0.7019230769230769,0.2980769230769231
C,2026,7,Price_to_SMA20_Z60,0.00468386709690094,0.0007281039725057781,0.5865384615384616,0.41346153846153844
C,2026,7,Intraday_Return_Z60,0.005308367311954498,-3.863197548525932e-07,0.5,0.5
C,2026,7,Daily_Range_Z60,0.003033811692148447,-0.0001573166809976101,0.5769230769230769,0.4230769230769231
C,2026,7,QQQ_Log_Return_1D,0.0017592909280210733,4.2434865463292226e-05,0.49038461538461536,0.5096153846153846
C,2026,7,QQQ_Log_Return_5D,0.0015499950386583805,1.6145193058036966e-06,0.4519230769230769,0.5480769230769231
C,2026,7,QQQ_Volatility_14D,0.0014218909200280905,-0.0008143723243847489,0.22115384615384615,0.7788461538461539
C,2026,8,Log_Return_1D_Z60,0.0012395820813253522,0.00010707603360060602,0.4807692307692308,0.5192307692307693
C,2026,8,Log_Return_5D_Z60,0.0011644454207271338,-6.834544183220714e-05,0.4326923076923077,0.5673076923076923
C,2026,8,Volatility_14D_Z60,0.0011140818241983652,0.00012160875485278666,0.5480769230769231,0.4519230769230769
C,2026,8,Relative_Volume_20D_Z60,0.0010448540560901165,-1.1801070286310278e-05,0.3557692307692308,0.6442307692307693
C,2026,8,RSI_14_Scaled,0.002071925438940525,0.001324529992416501,0.7307692307692307,0.2692307692307692
C,2026,8,Price_to_SMA20_Z60,0.0046003228053450584,0.0007607350707985461,0.5865384615384616,0.41346153846153844
C,2026,8,Intraday_Return_Z60,0.005022334400564432,-0.0007596469949930906,0.46153846153846156,0.5384615384615384
C,2026,8,Daily_Range_Z60,0.0022890670225024223,0.00013126293197274208,0.6153846153846154,0.38461538461538464
C,2026,8,QQQ_Log_Return_1D,0.0017381439683958888,7.871694106142968e-05,0.5096153846153846,0.49038461538461536
C,2026,8,QQQ_Log_Return_5D,0.0014912108890712261,-2.141168988600839e-05,0.4423076923076923,0.5576923076923077
C,2026,8,QQQ_Volatility_14D,0.001420936663635075,-0.0008135550306178629,0.23076923076923078,0.7692307692307693
C,2026,9,Log_Return_1D_Z60,0.0012716427445411682,-8.577208791393787e-05,0.47115384615384615,0.5288461538461539
C,2026,9,Log_Return_5D_Z60,0.001118723303079605,3.804089283221401e-05,0.3942307692307692,0.6057692307692307
C,2026,9,Volatility_14D_Z60,0.0010500251082703471,0.00011909749446203932,0.5480769230769231,0.4519230769230769
C,2026,9,Relative_Volume_20D_Z60,0.0009797615930438042,-6.143438804429024e-05,0.34615384615384615,0.6538461538461539
C,2026,9,RSI_14_Scaled,0.0020502188708633184,0.0014501417754217982,0.75,0.25
C,2026,9,Price_to_SMA20_Z60,0.004474445711821318,0.0005494466749951243,0.5576923076923077,0.4423076923076923
C,2026,9,Intraday_Return_Z60,0.004626982379704714,0.00036527382326312363,0.5480769230769231,0.4519230769230769
C,2026,9,Daily_Range_Z60,0.0023224300239235163,0.0003271722234785557,0.5961538461538461,0.40384615384615385
C,2026,9,QQQ_Log_Return_1D,0.001656721462495625,0.0003046278434339911,0.5769230769230769,0.4230769230769231
C,2026,9,QQQ_Log_Return_5D,0.0014566516038030386,7.945164543343708e-05,0.5,0.5
C,2026,9,QQQ_Volatility_14D,0.0013977098278701305,-0.0007861169870011508,0.23076923076923078,0.7692307692307693
C,2026,10,Log_Return_1D_Z60,0.001502330182120204,-0.00014937172818463296,0.5288461538461539,0.47115384615384615
C,2026,10,Log_Return_5D_Z60,0.0012237658957019448,3.874156755045988e-05,0.49038461538461536,0.5096153846153846
C,2026,10,Volatility_14D_Z60,0.0011132856598123908,0.00013172061881050467,0.5865384615384616,0.41346153846153844
C,2026,10,Relative_Volume_20D_Z60,0.0010065033566206694,7.36395304556936e-05,0.4423076923076923,0.5576923076923077
C,2026,10,RSI_14_Scaled,0.0020687722135335207,0.0016154132317751646,0.7596153846153846,0.2403846153846154
C,2026,10,Price_to_SMA20_Z60,0.004367123357951641,0.00030405959114432335,0.5673076923076923,0.4326923076923077
C,2026,10,Intraday_Return_Z60,0.005194685887545347,0.00027394958306103945,0.4807692307692308,0.5192307692307693
C,2026,10,Daily_Range_Z60,0.0022416142746806145,0.00018732364696916193,0.6057692307692307,0.3942307692307692
C,2026,10,QQQ_Log_Return_1D,0.001885944977402687,0.0001553785114083439,0.5,0.5
C,2026,10,QQQ_Log_Return_5D,0.0014111631317064166,0.00014693749835714698,0.5,0.5
C,2026,10,QQQ_Volatility_14D,0.0013639447279274464,-0.0007257135002873838,0.2692307692307692,0.7307692307692307
C,2026,11,Log_Return_1D_Z60,0.0014281662879511714,-0.00032078291405923665,0.5192307692307693,0.4807692307692308
C,2026,11,Log_Return_5D_Z60,0.0012320575769990683,-9.352624329039827e-05,0.4519230769230769,0.5480769230769231
C,2026,11,Volatility_14D_Z60,0.0011770166456699371,8.078642713371664e-05,0.6346153846153846,0.36538461538461536
C,2026,11,Relative_Volume_20D_Z60,0.0008796267211437225,-9.720755770104006e-05,0.34615384615384615,0.6538461538461539
C,2026,11,RSI_14_Scaled,0.0019908847752958536,0.0014636957785114646,0.6923076923076923,0.3076923076923077
C,2026,11,Price_to_SMA20_Z60,0.0042799790389835835,3.804031803156249e-05,0.5576923076923077,0.4423076923076923
C,2026,11,Intraday_Return_Z60,0.005057362373918295,0.00024034027592279017,0.4807692307692308,0.5192307692307693
C,2026,11,Daily_Range_Z60,0.002293866127729416,-4.763582910527475e-05,0.5769230769230769,0.4230769230769231
C,2026,11,QQQ_Log_Return_1D,0.0016070681158453226,0.0002573140664026141,0.5192307692307693,0.4807692307692308
C,2026,11,QQQ_Log_Return_5D,0.001416697516106069,0.00023006615811027586,0.4807692307692308,0.5192307692307693
C,2026,11,QQQ_Volatility_14D,0.001335031702183187,-0.0007239495753310621,0.2692307692307692,0.7307692307692307
C,2026,12,Log_Return_1D_Z60,0.0012810858897864819,1.020090167003218e-05,0.5096153846153846,0.49038461538461536
C,2026,12,Log_Return_5D_Z60,0.0011871418682858348,-5.7083729188889265e-05,0.4230769230769231,0.5769230769230769
C,2026,12,Volatility_14D_Z60,0.0011344923404976726,0.00010627171286614612,0.6346153846153846,0.36538461538461536
C,2026,12,Relative_Volume_20D_Z60,0.0008664841880090535,-0.0001711866061668843,0.375,0.625
C,2026,12,RSI_14_Scaled,0.0019641288090497255,0.0014221642632037401,0.7019230769230769,0.2980769230769231
C,2026,12,Price_to_SMA20_Z60,0.004364440217614174,-0.00016014314314816147,0.5673076923076923,0.4326923076923077
C,2026,12,Intraday_Return_Z60,0.005160870961844921,0.0012612820137292147,0.5673076923076923,0.4326923076923077
C,2026,12,Daily_Range_Z60,0.002541320165619254,-1.3735933634961839e-06,0.5384615384615384,0.46153846153846156
C,2026,12,QQQ_Log_Return_1D,0.0016900647897273302,-3.1020859751151875e-05,0.5192307692307693,0.4807692307692308
C,2026,12,QQQ_Log_Return_5D,0.0014258758164942265,0.00032575061777606606,0.5,0.5
C,2026,12,QQQ_Volatility_14D,0.0013001045444980264,-0.0006828159093856812,0.28846153846153844,0.7115384615384616
C,2026,13,Log_Return_1D_Z60,0.0012295750202611089,0.00019468044047243893,0.49038461538461536,0.5096153846153846
C,2026,13,Log_Return_5D_Z60,0.0012635826133191586,-1.0353252946515568e-05,0.4807692307692308,0.5192307692307693
C,2026,13,Volatility_14D_Z60,0.0010764654725790024,7.926135731395334e-05,0.5769230769230769,0.4230769230769231
C,2026,13,Relative_Volume_20D_Z60,0.0009318797965534031,-8.960414561443031e-05,0.375,0.625
C,2026,13,RSI_14_Scaled,0.001936940010637045,0.0014812250155955553,0.6826923076923077,0.3173076923076923
C,2026,13,Price_to_SMA20_Z60,0.004425355698913336,1.3791096534987446e-05,0.5288461538461539,0.47115384615384615
C,2026,13,Intraday_Return_Z60,0.005254337564110756,-0.0009953939588740468,0.4807692307692308,0.5192307692307693
C,2026,13,Daily_Range_Z60,0.0027819625101983547,-0.0002395093033555895,0.5769230769230769,0.4230769230769231
C,2026,13,QQQ_Log_Return_1D,0.0017493002815172076,-2.2026906663086265e-05,0.47115384615384615,0.5288461538461539
C,2026,13,QQQ_Log_Return_5D,0.0015462368028238416,0.0002215152489952743,0.5,0.5
C,2026,13,QQQ_Volatility_14D,0.0012158602476119995,-0.000683569407556206,0.2980769230769231,0.7019230769230769
C,2026,14,Log_Return_1D_Z60,0.0011675748974084854,-0.0002277805469930172,0.38461538461538464,0.6153846153846154
C,2026,14,Log_Return_5D_Z60,0.0012481433805078268,1.2541574506030884e-05,0.4519230769230769,0.5480769230769231
C,2026,14,Volatility_14D_Z60,0.001077735680155456,5.073024658486247e-05,0.5961538461538461,0.40384615384615385
C,2026,14,Relative_Volume_20D_Z60,0.0008800538489595056,-0.0001875050220405683,0.3557692307692308,0.6442307692307693
C,2026,14,RSI_14_Scaled,0.00192660978063941,0.0015334029449149966,0.75,0.25
C,2026,14,Price_to_SMA20_Z60,0.004408906679600477,-0.0002369207504671067,0.5288461538461539,0.47115384615384615
C,2026,14,Intraday_Return_Z60,0.004755310248583555,0.00046953014680184424,0.5480769230769231,0.4519230769230769
C,2026,14,Daily_Range_Z60,0.0025625000707805157,9.726900316309184e-05,0.6057692307692307,0.3942307692307692
C,2026,14,QQQ_Log_Return_1D,0.0017007575370371342,0.00032908658613450825,0.5576923076923077,0.4423076923076923
C,2026,14,QQQ_Log_Return_5D,0.0015430058119818568,0.00018697035557124764,0.4423076923076923,0.5576923076923077
C,2026,14,QQQ_Volatility_14D,0.0012160135665908456,-0.0006650956347584724,0.3076923076923077,0.6923076923076923
C,2026,15,Log_Return_1D_Z60,0.0015248307026922703,-5.0584067139425315e-06,0.5,0.5
C,2026,15,Log_Return_5D_Z60,0.001302602468058467,7.806184294167906e-05,0.5,0.5
C,2026,15,Volatility_14D_Z60,0.0010573078179731965,4.713651287602261e-05,0.5769230769230769,0.4230769230769231
C,2026,15,Relative_Volume_20D_Z60,0.0009974645217880607,2.2795315089751966e-05,0.40384615384615385,0.5961538461538461
C,2026,15,RSI_14_Scaled,0.0019662752747535706,0.0017103570280596614,0.7884615384615384,0.21153846153846154
C,2026,15,Price_to_SMA20_Z60,0.004503763280808926,-0.0004825246287509799,0.5288461538461539,0.47115384615384615
C,2026,15,Intraday_Return_Z60,0.005327639169991016,4.0102535422192886e-05,0.5096153846153846,0.49038461538461536
C,2026,15,Daily_Range_Z60,0.0025793835520744324,-0.00017005714471451938,0.5576923076923077,0.4423076923076923
C,2026,15,QQQ_Log_Return_1D,0.0016647762386128306,0.0005731875426135957,0.5961538461538461,0.40384615384615385
C,2026,15,QQQ_Log_Return_5D,0.00143964565359056,0.0003263726248405874,0.5096153846153846,0.49038461538461536
C,2026,15,QQQ_Volatility_14D,0.0012187896063551307,-0.0006220147479325533,0.3173076923076923,0.6826923076923077
C,2026,16,Log_Return_1D_Z60,0.0012898112181574106,9.456546104047447e-05,0.49038461538461536,0.5096153846153846
C,2026,16,Log_Return_5D_Z60,0.0012466434855014086,0.00016572841559536755,0.5096153846153846,0.49038461538461536
C,2026,16,Volatility_14D_Z60,0.0010485799284651875,-5.844633506058017e-06,0.5192307692307693,0.4807692307692308
C,2026,16,Relative_Volume_20D_Z60,0.0009180274209938943,-0.00011107238969998434,0.2692307692307692,0.7307692307692307
C,2026,16,RSI_14_Scaled,0.0019368089269846678,0.0017227164935320616,0.7980769230769231,0.20192307692307693
C,2026,16,Price_to_SMA20_Z60,0.004478182177990675,-0.00042341064545325935,0.5,0.5
C,2026,16,Intraday_Return_Z60,0.00510192196816206,0.00016103428788483143,0.4807692307692308,0.5192307692307693
C,2026,16,Daily_Range_Z60,0.002297127153724432,0.0001771405222825706,0.5865384615384616,0.41346153846153844
C,2026,16,QQQ_Log_Return_1D,0.001488528330810368,3.865009784931317e-05,0.5096153846153846,0.49038461538461536
C,2026,16,QQQ_Log_Return_5D,0.00142929726280272,0.0002863387926481664,0.5096153846153846,0.49038461538461536
C,2026,16,QQQ_Volatility_14D,0.001196090830489993,-0.0006351397023536265,0.33653846153846156,0.6634615384615384
C,2026,17,Log_Return_1D_Z60,0.0012386650778353214,-0.00024233089061453938,0.4519230769230769,0.5480769230769231
C,2026,17,Log_Return_5D_Z60,0.0012831229250878096,0.00023957823577802628,0.5480769230769231,0.4519230769230769
C,2026,17,Volatility_14D_Z60,0.0011350270360708237,-3.413121885387227e-05,0.5480769230769231,0.4519230769230769
C,2026,17,Relative_Volume_20D_Z60,0.0010433977004140615,1.542838845125516e-06,0.33653846153846156,0.6634615384615384
C,2026,17,RSI_14_Scaled,0.0019727738108485937,0.0017828068230301142,0.8653846153846154,0.1346153846153846
C,2026,17,Price_to_SMA20_Z60,0.004267474636435509,-0.0006011998048052192,0.46153846153846156,0.5384615384615384
C,2026,17,Intraday_Return_Z60,0.004980422090739012,0.0006702863029204309,0.49038461538461536,0.5096153846153846
C,2026,17,Daily_Range_Z60,0.002286565490067005,0.0004212859203107655,0.5865384615384616,0.41346153846153844
C,2026,17,QQQ_Log_Return_1D,0.0015517714200541377,0.00032189482590183616,0.5480769230769231,0.4519230769230769
C,2026,17,QQQ_Log_Return_5D,0.0013599077938124537,0.0003409309429116547,0.5096153846153846,0.49038461538461536
C,2026,17,QQQ_Volatility_14D,0.0012022833107039332,-0.0006762578850612044,0.33653846153846156,0.6634615384615384
C,2026,18,Log_Return_1D_Z60,0.0014550555497407913,0.0001360458554700017,0.4519230769230769,0.5480769230769231
C,2026,18,Log_Return_5D_Z60,0.0013596444623544812,0.00021067461057100445,0.5384615384615384,0.46153846153846156
C,2026,18,Volatility_14D_Z60,0.0012162148486822844,-7.978608482517302e-05,0.5,0.5
C,2026,18,Relative_Volume_20D_Z60,0.0010346962371841073,3.0246948881540447e-05,0.3557692307692308,0.6442307692307693
C,2026,18,RSI_14_Scaled,0.0019960030913352966,0.0018210738198831677,0.8461538461538461,0.15384615384615385
C,2026,18,Price_to_SMA20_Z60,0.004676204174757004,-0.0005234493874013424,0.5288461538461539,0.47115384615384615
C,2026,18,Intraday_Return_Z60,0.004933237563818693,-0.0002456964284647256,0.5288461538461539,0.47115384615384615
C,2026,18,Daily_Range_Z60,0.0026209193747490644,-3.93393165722955e-05,0.5769230769230769,0.4230769230769231
C,2026,18,QQQ_Log_Return_1D,0.0015880820574238896,0.0004363960470072925,0.6057692307692307,0.3942307692307692
C,2026,18,QQQ_Log_Return_5D,0.00145668163895607,0.0005585838807746768,0.5673076923076923,0.4326923076923077
C,2026,18,QQQ_Volatility_14D,0.00120806903578341,-0.0006935666897334158,0.3269230769230769,0.6730769230769231
C,2026,19,Log_Return_1D_Z60,0.0013617343502119184,-0.00016054153093136847,0.4230769230769231,0.5769230769230769
C,2026,19,Log_Return_5D_Z60,0.0013838026206940413,0.00018712702149059623,0.5192307692307693,0.4807692307692308
C,2026,19,Volatility_14D_Z60,0.001152709941379726,9.921771379595157e-06,0.5384615384615384,0.46153846153846156
C,2026,19,Relative_Volume_20D_Z60,0.0009007766493596137,-3.958421075367369e-05,0.3269230769230769,0.6730769230769231
C,2026,19,RSI_14_Scaled,0.0020597560796886683,0.0018555932911112905,0.8365384615384616,0.16346153846153846
C,2026,19,Price_to_SMA20_Z60,0.00509562436491251,-0.0007806357461959124,0.5096153846153846,0.49038461538461536
C,2026,19,Intraday_Return_Z60,0.004843762144446373,0.000509532808791846,0.5961538461538461,0.40384615384615385
C,2026,19,Daily_Range_Z60,0.00210557971149683,0.00027730566216632724,0.6153846153846154,0.38461538461538464
C,2026,19,QQQ_Log_Return_1D,0.001738850842230022,0.00045491603668779135,0.5192307692307693,0.4807692307692308
C,2026,19,QQQ_Log_Return_5D,0.0015959632582962513,0.0006286058342084289,0.5576923076923077,0.4423076923076923
C,2026,19,QQQ_Volatility_14D,0.0011715636355802417,-0.0006777587695978582,0.33653846153846156,0.6634615384615384
C,2026,20,Log_Return_1D_Z60,0.001261359080672264,-0.00011477626685518771,0.5,0.5
C,2026,20,Log_Return_5D_Z60,0.0012275406625121832,0.0001704127062112093,0.5288461538461539,0.47115384615384615
C,2026,20,Volatility_14D_Z60,0.001109310076572001,4.103185347048566e-05,0.5673076923076923,0.4326923076923077
C,2026,20,Relative_Volume_20D_Z60,0.0010046603856608272,8.557831461075693e-05,0.3557692307692308,0.6442307692307693
C,2026,20,RSI_14_Scaled,0.0021362456027418375,0.0019519311608746648,0.8173076923076923,0.18269230769230768
C,2026,20,Price_to_SMA20_Z60,0.0050658113323152065,-0.0010040870402008295,0.5288461538461539,0.47115384615384615
C,2026,20,Intraday_Return_Z60,0.005297273397445679,0.0003174209559801966,0.5384615384615384,0.46153846153846156
C,2026,20,Daily_Range_Z60,0.0023093416821211576,-0.0002755400200840086,0.5288461538461539,0.47115384615384615
C,2026,20,QQQ_Log_Return_1D,0.0015630102716386318,0.0003397629188839346,0.5,0.5
C,2026,20,QQQ_Log_Return_5D,0.0015614969888702035,0.0005282001802697778,0.5192307692307693,0.4807692307692308
C,2026,20,QQQ_Volatility_14D,0.001203345600515604,-0.000700355798471719,0.3173076923076923,0.6826923076923077
C,2026,21,Log_Return_1D_Z60,0.001746083959005773,4.7802619519643486e-05,0.49038461538461536,0.5096153846153846
C,2026,21,Log_Return_5D_Z60,0.0012479203287512064,0.00015733866894152015,0.47115384615384615,0.5288461538461539
C,2026,21,Volatility_14D_Z60,0.0011198532301932573,-8.00144553068094e-05,0.5576923076923077,0.4423076923076923
C,2026,21,Relative_Volume_20D_Z60,0.0010949578136205673,0.00018743801047094166,0.375,0.625
C,2026,21,RSI_14_Scaled,0.002117424737662077,0.001914439955726266,0.7884615384615384,0.21153846153846154
C,2026,21,Price_to_SMA20_Z60,0.005424919072538614,-0.0011154754320159554,0.4807692307692308,0.5192307692307693
C,2026,21,Intraday_Return_Z60,0.0059442417696118355,0.000893253949470818,0.5480769230769231,0.4519230769230769
C,2026,21,Daily_Range_Z60,0.0022451106924563646,-5.375047112465836e-05,0.5480769230769231,0.4519230769230769
C,2026,21,QQQ_Log_Return_1D,0.0016430143732577562,0.00025543238734826446,0.5673076923076923,0.4326923076923077
C,2026,21,QQQ_Log_Return_5D,0.0015588419046252966,0.0005314945010468364,0.47115384615384615,0.5288461538461539
C,2026,21,QQQ_Volatility_14D,0.0012135482393205166,-0.0007124078110791743,0.28846153846153844,0.7115384615384616
C,2026,22,Log_Return_1D_Z60,0.0014469706220552325,0.00023330436670221388,0.5096153846153846,0.49038461538461536
C,2026,22,Log_Return_5D_Z60,0.00130178383551538,-5.524927928490797e-06,0.4326923076923077,0.5673076923076923
C,2026,22,Volatility_14D_Z60,0.0011810907162725925,-0.00010081884101964533,0.5288461538461539,0.47115384615384615
C,2026,22,Relative_Volume_20D_Z60,0.0011934537906199694,0.0003206680412404239,0.36538461538461536,0.6346153846153846
C,2026,22,RSI_14_Scaled,0.0020773340947926044,0.0018332176841795444,0.8076923076923077,0.19230769230769232
C,2026,22,Price_to_SMA20_Z60,0.005491405725479126,-0.0008588824421167374,0.5,0.5
C,2026,22,Intraday_Return_Z60,0.0045050946064293385,-0.0006783778080716729,0.46153846153846156,0.5384615384615384
C,2026,22,Daily_Range_Z60,0.0021580082830041647,0.00044476785114966333,0.6153846153846154,0.38461538461538464
C,2026,22,QQQ_Log_Return_1D,0.0016859772149473429,0.00039663107600063086,0.6923076923076923,0.3076923076923077
C,2026,22,QQQ_Log_Return_5D,0.0016616147477179766,0.0006124047795310616,0.5673076923076923,0.4326923076923077
C,2026,22,QQQ_Volatility_14D,0.00120168284047395,-0.0007428083918057382,0.27884615384615385,0.7211538461538461
C,2026,23,Log_Return_1D_Z60,0.0013921404024586082,0.00013683101860806346,0.5096153846153846,0.49038461538461536
C,2026,23,Log_Return_5D_Z60,0.001352408085949719,0.00013145314005669206,0.47115384615384615,0.5288461538461539
C,2026,23,Volatility_14D_Z60,0.0012151319533586502,-0.00016933269216679037,0.5,0.5
C,2026,23,Relative_Volume_20D_Z60,0.0010728993220254779,2.9315069696167484e-05,0.38461538461538464,0.6153846153846154
C,2026,23,RSI_14_Scaled,0.0022165679838508368,0.0019523189403116703,0.7980769230769231,0.20192307692307693
C,2026,23,Price_to_SMA20_Z60,0.0052770101465284824,-0.0008286191150546074,0.5288461538461539,0.47115384615384615
C,2026,23,Intraday_Return_Z60,0.004753222689032555,-0.00034511357080191374,0.4807692307692308,0.5192307692307693
C,2026,23,Daily_Range_Z60,0.002333828015252948,0.0002255345752928406,0.6057692307692307,0.3942307692307692
C,2026,23,QQQ_Log_Return_1D,0.0014598426641896367,0.00039054176886565983,0.5384615384615384,0.46153846153846156
C,2026,23,QQQ_Log_Return_5D,0.0015700877411291003,0.0006304383277893066,0.5673076923076923,0.4326923076923077
C,2026,23,QQQ_Volatility_14D,0.0012322026304900646,-0.0007748222560621798,0.25961538461538464,0.7403846153846154
C,2026,24,Log_Return_1D_Z60,0.0013907814864069223,0.00015208024706225842,0.5384615384615384,0.46153846153846156
C,2026,24,Log_Return_5D_Z60,0.0013638900127261877,6.482703611254692e-05,0.46153846153846156,0.5384615384615384
C,2026,24,Volatility_14D_Z60,0.0013217595405876637,-0.00011010571324732155,0.5,0.5
C,2026,24,Relative_Volume_20D_Z60,0.0009062493918463588,-1.892857653729152e-05,0.33653846153846156,0.6634615384615384
C,2026,24,RSI_14_Scaled,0.0021319410298019648,0.0018909114878624678,0.7884615384615384,0.21153846153846154
C,2026,24,Price_to_SMA20_Z60,0.00518209021538496,-0.000573483994230628,0.5,0.5
C,2026,24,Intraday_Return_Z60,0.00576866464689374,-5.713941573048942e-05,0.4423076923076923,0.5576923076923077
C,2026,24,Daily_Range_Z60,0.0024298159405589104,-0.0002549962082412094,0.5865384615384616,0.41346153846153844
C,2026,24,QQQ_Log_Return_1D,0.0017256414284929633,0.0003296599898021668,0.5288461538461539,0.47115384615384615
C,2026,24,QQQ_Log_Return_5D,0.0015807425370439887,0.0005817104247398674,0.5961538461538461,0.40384615384615385
C,2026,24,QQQ_Volatility_14D,0.0012564884964376688,-0.0008030473836697638,0.25,0.75
C,2026,25,Log_Return_1D_Z60,0.001450714305974543,-6.764200225006789e-05,0.4326923076923077,0.5673076923076923
C,2026,25,Log_Return_5D_Z60,0.0013850807445123792,-3.465187182882801e-05,0.5096153846153846,0.49038461538461536
C,2026,25,Volatility_14D_Z60,0.0012941627064719796,-0.00011498043750179932,0.5,0.5
C,2026,25,Relative_Volume_20D_Z60,0.0009331933688372374,-1.2129225069656968e-05,0.33653846153846156,0.6634615384615384
C,2026,25,RSI_14_Scaled,0.002088472479954362,0.0018961632158607244,0.7788461538461539,0.22115384615384615
C,2026,25,Price_to_SMA20_Z60,0.005395769607275724,-0.0006009566131979227,0.4807692307692308,0.5192307692307693
C,2026,25,Intraday_Return_Z60,0.00486245471984148,0.000797693501226604,0.5480769230769231,0.4519230769230769
C,2026,25,Daily_Range_Z60,0.0022889222018420696,0.0003080455935560167,0.6057692307692307,0.3942307692307692
C,2026,25,QQQ_Log_Return_1D,0.001784397754818201,0.00029753142734989524,0.5576923076923077,0.4423076923076923
C,2026,25,QQQ_Log_Return_5D,0.001552180270664394,0.0006002033478580415,0.5480769230769231,0.4519230769230769
C,2026,25,QQQ_Volatility_14D,0.0012470701476559043,-0.0007531922310590744,0.2692307692307692,0.7307692307692307
C,2026,26,Log_Return_1D_Z60,0.0013672274071723223,0.00019587346469052136,0.5961538461538461,0.40384615384615385
C,2026,26,Log_Return_5D_Z60,0.0013053315924480557,-1.8022703898168402e-06,0.5192307692307693,0.4807692307692308
C,2026,26,Volatility_14D_Z60,0.0012997291050851345,-0.00018082157475873828,0.46153846153846156,0.5384615384615384
C,2026,26,Relative_Volume_20D_Z60,0.0010291242506355047,3.979698885814287e-05,0.38461538461538464,0.6153846153846154
C,2026,26,RSI_14_Scaled,0.002084258710965514,0.0018450989155098796,0.7596153846153846,0.2403846153846154
C,2026,26,Price_to_SMA20_Z60,0.005266859196126461,-0.00042662632768042386,0.5096153846153846,0.49038461538461536
C,2026,26,Intraday_Return_Z60,0.004427666310220957,-8.161221194313839e-05,0.46153846153846156,0.5384615384615384
C,2026,26,Daily_Range_Z60,0.0024049391504377127,-3.988865501014516e-05,0.5576923076923077,0.4423076923076923
C,2026,26,QQQ_Log_Return_1D,0.0016162325628101826,-7.293747330550104e-05,0.49038461538461536,0.5096153846153846
C,2026,26,QQQ_Log_Return_5D,0.0014858479844406247,0.0005084267468191683,0.5384615384615384,0.46153846153846156
C,2026,26,QQQ_Volatility_14D,0.0012594020226970315,-0.0007497717160731554,0.2692307692307692,0.7307692307692307
C,2026,27,Log_Return_1D_Z60,0.0014786827377974987,1.415865062881494e-05,0.5288461538461539,0.47115384615384615
C,2026,27,Log_Return_5D_Z60,0.0014563306467607617,-0.00011927432205993682,0.4807692307692308,0.5192307692307693
C,2026,27,Volatility_14D_Z60,0.0012688911519944668,-0.0002694410795811564,0.41346153846153844,0.5865384615384616
C,2026,27,Relative_Volume_20D_Z60,0.0010150334564968944,0.00020521030819509178,0.4423076923076923,0.5576923076923077
C,2026,27,RSI_14_Scaled,0.002102058380842209,0.0015820307889953256,0.6923076923076923,0.3076923076923077
C,2026,27,Price_to_SMA20_Z60,0.005417419131845236,-0.00027421629056334496,0.5192307692307693,0.4807692307692308
C,2026,27,Intraday_Return_Z60,0.005341244861483574,0.00015972947585396469,0.49038461538461536,0.5096153846153846
C,2026,27,Daily_Range_Z60,0.0026930177118629217,-0.00033813336631283164,0.5673076923076923,0.4326923076923077
C,2026,27,QQQ_Log_Return_1D,0.0017468874575570226,9.220765059581026e-05,0.49038461538461536,0.5096153846153846
C,2026,27,QQQ_Log_Return_5D,0.0015616510063409805,0.00045686287921853364,0.5096153846153846,0.49038461538461536
C,2026,27,QQQ_Volatility_14D,0.0012370855547487736,-0.0007609842577949166,0.2692307692307692,0.7307692307692307
C,2026,28,Log_Return_1D_Z60,0.0015127615770325065,-0.000333364907419309,0.4423076923076923,0.5576923076923077
C,2026,28,Log_Return_5D_Z60,0.0013213952770456672,-0.00018303675460629165,0.46153846153846156,0.5384615384615384
C,2026,28,Volatility_14D_Z60,0.001252020476385951,-0.0003836468677036464,0.4423076923076923,0.5576923076923077
C,2026,28,Relative_Volume_20D_Z60,0.0009853127412497997,0.00016986951231956482,0.4423076923076923,0.5576923076923077
C,2026,28,RSI_14_Scaled,0.0020975186489522457,0.0014454947086051106,0.7307692307692307,0.2692307692307692
C,2026,28,Price_to_SMA20_Z60,0.0050645205192267895,-0.0005331016727723181,0.5096153846153846,0.49038461538461536
C,2026,28,Intraday_Return_Z60,0.005958010442554951,-0.00046728787128813565,0.4519230769230769,0.5480769230769231
C,2026,28,Daily_Range_Z60,0.0026798087637871504,-0.0007441636989824474,0.5,0.5
C,2026,28,QQQ_Log_Return_1D,0.001746238674968481,0.000331202958477661,0.5192307692307693,0.4807692307692308
C,2026,28,QQQ_Log_Return_5D,0.0015650256536900997,0.0003699217631947249,0.5192307692307693,0.4807692307692308
C,2026,28,QQQ_Volatility_14D,0.0012066916096955538,-0.0007489009876735508,0.2692307692307692,0.7307692307692307
C,2026,29,Log_Return_1D_Z60,0.0011001863749697804,-0.00017677992582321167,0.4807692307692308,0.5192307692307693
C,2026,29,Log_Return_5D_Z60,0.0013643489219248295,-2.2624220946454443e-05,0.47115384615384615,0.5288461538461539
C,2026,29,Volatility_14D_Z60,0.0012463049497455359,-0.00030884906300343573,0.46153846153846156,0.5384615384615384
C,2026,29,Relative_Volume_20D_Z60,0.0009628570405766368,3.619755443651229e-05,0.38461538461538464,0.6153846153846154
C,2026,29,RSI_14_Scaled,0.0020901919342577457,0.0014010979793965816,0.7019230769230769,0.2980769230769231
C,2026,29,Price_to_SMA20_Z60,0.005109014920890331,-0.0009251948213204741,0.5,0.5
C,2026,29,Intraday_Return_Z60,0.00503475870937109,0.0012092010583728552,0.5769230769230769,0.4230769230769231
C,2026,29,Daily_Range_Z60,0.002331141149625182,0.00023479433730244637,0.6153846153846154,0.38461538461538464
C,2026,29,QQQ_Log_Return_1D,0.001670886529609561,0.0002287824172526598,0.5192307692307693,0.4807692307692308
C,2026,29,QQQ_Log_Return_5D,0.0014406379777938128,0.00033156678546220064,0.5192307692307693,0.4807692307692308
C,2026,29,QQQ_Volatility_14D,0.001247113454155624,-0.0007541484665125608,0.28846153846153844,0.7115384615384616
C,2026,30,Log_Return_1D_Z60,0.001460575731471181,0.0002302085340488702,0.5096153846153846,0.49038461538461536
C,2026,30,Log_Return_5D_Z60,0.001531605259515345,6.748540909029543e-05,0.5,0.5
C,2026,30,Volatility_14D_Z60,0.0012504346668720245,-0.00030366049031727016,0.4423076923076923,0.5576923076923077
C,2026,30,Relative_Volume_20D_Z60,0.0017014829209074378,0.0011296295560896397,0.5673076923076923,0.4326923076923077
C,2026,30,RSI_14_Scaled,0.0020248740911483765,0.0013313648523762822,0.6634615384615384,0.33653846153846156
C,2026,30,Price_to_SMA20_Z60,0.0053692711517214775,-0.0008794855093583465,0.46153846153846156,0.5384615384615384
C,2026,30,Intraday_Return_Z60,0.004221371840685606,0.00032942567486315966,0.5480769230769231,0.4519230769230769
C,2026,30,Daily_Range_Z60,0.0024071272928267717,0.0001133581463363953,0.5673076923076923,0.4326923076923077
C,2026,30,QQQ_Log_Return_1D,0.0019767244812101126,-2.4817651137709618e-05,0.5288461538461539,0.47115384615384615
C,2026,30,QQQ_Log_Return_5D,0.0014021929819136858,0.00025417975848540664,0.5192307692307693,0.4807692307692308
C,2026,30,QQQ_Volatility_14D,0.0012203517835587263,-0.0006457119015976787,0.3269230769230769,0.6730769230769231
